subject,trial,true,ch,imu,peak_deg,descent_ms,bottom_ms,ascent_ms,mav,rms,wl,zc,ssc,score,mask,pred
Subject_1,Trial_1,CORRECT,2,4,38.32,1220,40,1780,0.017448,0.033805,32.953925,107,284,7,0,GOOD
Subject_1,Trial_2,CORRECT,1,4,58.96,1040,20,2300,0.011481,0.047807,9.187735,2,4,7,0,GOOD
Subject_1,Trial_3,CORRECT,2,4,33.44,1120,20,2040,0.016733,0.033474,32.719113,121,283,7,0,GOOD
Subject_1,Trial_4,CORRECT,1,4,50.32,1200,20,2000,0.012319,0.043172,10.326899,4,8,7,0,GOOD
Subject_1,Trial_5,CORRECT,2,4,36.65,1180,20,2080,0.013995,0.028132,29.225838,130,293,7,0,GOOD
Subject_1,Trial_6,CORRECT,2,4,40.23,960,20,2280,0.015325,0.029727,30.222285,126,275,7,0,GOOD
Subject_1,Trial_7,CORRECT,2,4,40.94,1120,40,2340,0.013862,0.028010,29.338988,131,282,7,0,GOOD
Subject_1,Trial_1,Squat_WT,1,2,31.49,2940,20,340,0.012218,0.050994,12.457997,3,8,5,6,OK
Subject_1,Trial_2,Squat_WT,5,4,48.75,1320,40,1780,0.022096,0.077402,18.978032,4,15,7,0,GOOD
Subject_1,Trial_3,Squat_WT,1,4,36.70,1140,40,2000,0.013069,0.052263,12.553632,3,9,7,0,GOOD
Subject_1,Trial_4,Squat_WT,1,4,41.63,1200,40,2240,0.011628,0.051478,11.486255,3,3,7,0,GOOD
Subject_1,Trial_5,Squat_WT,5,4,38.78,1580,40,2020,0.025088,0.109927,24.710635,3,10,7,0,GOOD
Subject_1,Trial_6,Squat_WT,5,4,49.24,1120,20,2140,0.038146,0.126059,36.155863,9,18,7,0,GOOD
Subject_1,Trial_7,Squat_WT,5,4,47.26,820,20,2020,0.043589,0.141686,35.515413,5,13,7,0,GOOD
Subject_1,Trial_8,Squat_WT,5,4,38.61,2400,20,1140,0.031906,0.152284,32.088183,3,5,7,0,GOOD
Subject_1,Trial_9,Squat_WT,5,5,44.05,1640,40,1500,0.033415,0.135174,31.788523,6,11,7,0,GOOD
Subject_1,Trial_10,Squat_WT,5,4,41.56,1420,20,1740,0.039787,0.195477,33.908013,4,8,7,0,GOOD
Subject_2,Trial_1,CORRECT,2,1,30.80,2940,20,1160,0.008138,0.014764,16.486744,97,308,6,4,OK
Subject_2,Trial_2,CORRECT,2,1,25.15,2720,180,1480,0.011756,0.021385,26.271594,104,317,7,0,GOOD
Subject_2,Trial_3,CORRECT,2,4,26.38,3460,20,980,0.009640,0.016760,22.284695,135,352,6,4,OK
Subject_2,Trial_4,CORRECT,2,4,24.74,2900,40,1420,0.008346,0.015000,18.489599,112,295,7,0,GOOD
Subject_2,Trial_5,CORRECT,2,7,23.66,2960,40,1440,0.008772,0.016775,19.505667,90,292,7,0,GOOD
Subject_2,Trial_6,CORRECT,2,4,25.18,3020,80,1360,0.008082,0.014944,17.695526,99,313,7,0,GOOD
Subject_2,Trial_7,CORRECT,2,4,25.85,2960,60,1380,0.010223,0.018131,22.650474,110,319,7,0,GOOD
Subject_2,Trial_8,CORRECT,2,1,34.37,3380,20,1120,0.007924,0.014699,17.795932,112,282,6,4,OK
Subject_2,Trial_9,CORRECT,2,4,33.99,3120,40,1240,0.007986,0.014953,18.205189,97,293,6,4,OK
Subject_2,Trial_10,CORRECT,2,4,22.68,3320,40,1120,0.010306,0.018756,22.629523,107,317,6,4,OK
Subject_2,Trial_1,Squat_WT,2,1,25.64,3740,40,1320,0.011780,0.021542,30.320929,119,356,6,4,OK
Subject_2,Trial_2,Squat_WT,2,1,27.56,3620,20,1220,0.009949,0.017303,24.507446,120,394,6,4,OK
Subject_2,Trial_3,Squat_WT,2,1,28.58,2820,460,1900,0.009743,0.018826,24.815399,100,351,7,0,GOOD
Subject_2,Trial_4,Squat_WT,2,0,24.26,3920,20,1120,0.013180,0.023966,32.226833,115,336,6,4,OK
Subject_2,Trial_5,Squat_WT,2,2,31.06,2460,20,2920,0.011174,0.021208,28.828343,111,347,7,0,GOOD
Subject_2,Trial_6,Squat_WT,2,1,27.23,3720,60,1180,0.013950,0.023519,34.695440,140,407,6,4,OK
Subject_2,Trial_7,Squat_WT,2,1,38.67,3520,20,1600,0.011496,0.020838,29.534192,120,371,7,0,GOOD
Subject_2,Trial_8,Squat_WT,2,4,26.08,3600,40,1220,0.008604,0.014289,21.018055,124,410,6,4,OK
Subject_2,Trial_9,Squat_WT,2,4,29.96,3900,40,1660,0.008144,0.014793,22.276573,123,382,7,0,GOOD
Subject_2,Trial_10,Squat_WT,2,1,30.70,2900,680,1440,0.009464,0.016718,24.825822,128,396,7,0,GOOD
Subject_3,Trial_1,CORRECT,2,2,15.39,2420,40,1060,0.014394,0.022947,27.644508,125,345,6,1,OK
Subject_3,Trial_2,CORRECT,2,2,27.28,2880,20,1440,0.010665,0.018306,23.981958,124,344,7,0,GOOD
Subject_3,Trial_3,CORRECT,2,4,18.91,2660,80,1280,0.011340,0.019863,24.784955,103,343,6,1,OK
Subject_3,Trial_4,CORRECT,2,2,20.66,3160,20,1420,0.013228,0.023376,32.721623,138,372,7,0,GOOD
Subject_3,Trial_5,CORRECT,2,2,23.33,2680,20,880,0.016392,0.025177,29.770151,104,320,6,4,OK
Subject_3,Trial_6,CORRECT,2,4,34.40,2440,20,1860,0.011879,0.020507,27.220610,126,328,7,0,GOOD
Subject_3,Trial_7,CORRECT,2,1,27.31,2800,20,1520,0.009756,0.017333,23.000791,138,328,7,0,GOOD
Subject_3,Trial_8,CORRECT,2,1,28.01,2680,60,280,0.016127,0.025460,28.601133,123,366,5,6,OK
Subject_3,Trial_9,CORRECT,2,1,29.15,2540,40,860,0.013491,0.022383,25.123209,114,323,6,4,OK
Subject_3,Trial_10,CORRECT,2,2,31.07,2520,20,860,0.011953,0.020558,22.307642,107,326,6,4,OK
Subject_3,Trial_11,CORRECT,2,2,22.39,2400,20,1480,0.011283,0.019363,25.030613,132,372,7,0,GOOD
Subject_3,Trial_12,CORRECT,2,2,22.40,2660,20,1680,0.010362,0.016819,23.770343,150,369,7,0,GOOD
Subject_3,Trial_13,CORRECT,2,2,26.47,2420,20,1080,0.010154,0.018130,18.987267,99,277,7,0,GOOD
Subject_3,Trial_14,CORRECT,2,5,42.46,2540,60,1280,0.015856,0.028471,33.982892,121,351,7,0,GOOD
Subject_3,Trial_15,CORRECT,2,5,30.82,2760,60,1540,0.011884,0.022066,29.308743,132,360,7,0,GOOD
Subject_3,Trial_16,CORRECT,2,5,32.04,2680,80,1140,0.015879,0.027852,36.752622,141,382,7,0,GOOD
Subject_3,Trial_17,CORRECT,2,5,32.98,2640,60,1160,0.014020,0.024611,30.821335,129,349,7,0,GOOD
Subject_3,Trial_18,CORRECT,2,5,29.84,1320,20,2600,0.014788,0.025594,33.067047,138,391,7,0,GOOD
Subject_3,Trial_19,CORRECT,2,5,29.65,1580,20,2180,0.014932,0.024924,32.628099,142,402,7,0,GOOD
Subject_3,Trial_1,Squat_WT,2,5,37.60,2700,20,1200,0.014563,0.024451,32.451210,156,388,7,0,GOOD
Subject_3,Trial_2,Squat_WT,2,5,30.27,1460,20,2380,0.012066,0.021518,27.018288,144,375,7,0,GOOD
Subject_3,Trial_3,Squat_WT,2,5,29.81,2760,60,920,0.012958,0.022254,28.162871,131,386,6,4,OK
Subject_3,Trial_4,Squat_WT,2,5,33.90,1540,20,2260,0.014265,0.025583,31.790441,144,357,7,0,GOOD
Subject_3,Trial_1,Squat_FL,2,4,37.28,2600,20,1200,0.020816,0.034813,45.680050,138,415,7,0,GOOD
Subject_3,Trial_2,Squat_FL,2,4,22.67,2040,80,2680,0.009500,0.019997,25.042330,113,281,7,0,GOOD
Subject_3,Trial_3,Squat_FL,1,1,31.95,3260,40,1380,0.007076,0.033236,9.581071,1,4,6,8,OK
Subject_3,Trial_4,Squat_FL,2,2,21.39,2440,20,1240,0.013482,0.022778,27.290258,121,330,7,0,GOOD
Subject_3,Trial_5,Squat_FL,2,4,33.87,2520,20,1220,0.018121,0.033333,38.965173,126,361,7,0,GOOD
Subject_3,Trial_6,Squat_FL,5,1,31.14,2820,40,1540,0.019042,0.113767,23.097982,2,3,7,0,GOOD
Subject_3,Trial_7,Squat_FL,2,1,34.84,2340,40,1240,0.018469,0.031604,38.387312,134,356,7,0,GOOD
Subject_3,Trial_8,Squat_FL,2,1,37.03,2880,20,1040,0.014789,0.026616,32.415531,124,344,6,4,OK
Subject_3,Trial_9,Squat_FL,2,1,34.60,3060,40,1680,0.013409,0.025363,37.952972,159,405,7,0,GOOD
Subject_3,Trial_10,Squat_FL,2,1,32.60,2760,40,1340,0.012382,0.023284,27.232918,117,310,7,0,GOOD
Subject_4,Trial_1,CORRECT,6,4,17.41,2280,40,1460,0.008570,0.014933,15.612878,80,228,6,1,OK
Subject_4,Trial_2,CORRECT,6,5,26.74,1440,20,1780,0.008666,0.014595,13.628645,80,260,7,0,GOOD
Subject_4,Trial_3,CORRECT,6,0,29.31,2300,60,1360,0.008786,0.015665,15.352609,73,238,7,0,GOOD
Subject_4,Trial_4,CORRECT,6,5,27.44,2080,20,1340,0.013472,0.026546,21.497914,59,183,7,0,GOOD
Subject_4,Trial_5,CORRECT,6,4,19.95,1560,40,1840,0.010258,0.019673,13.898910,33,146,6,1,OK
Subject_4,Trial_6,CORRECT,6,5,25.20,1240,60,1940,0.010523,0.018868,15.250758,61,165,7,0,GOOD
Subject_4,Trial_7,CORRECT,6,4,17.27,820,40,2820,0.009074,0.015660,14.896690,69,181,5,5,OK
Subject_4,Trial_8,CORRECT,6,4,20.05,1580,80,1740,0.012928,0.024894,19.769331,59,187,7,0,GOOD
Subject_4,Trial_9,CORRECT,6,4,18.66,860,40,2520,0.011710,0.020360,18.451494,74,212,5,5,OK
Subject_4,Trial_10,CORRECT,6,4,21.79,1820,40,1400,0.009840,0.016950,14.079050,61,187,7,0,GOOD
Subject_4,Trial_11,CORRECT,2,0,36.46,4580,140,800,0.009287,0.014916,22.386585,102,344,5,20,OK
Subject_4,Trial_12,CORRECT,6,4,22.70,900,20,2440,0.011157,0.018465,17.380748,79,241,6,4,OK
Subject_4,Trial_13,CORRECT,6,0,36.08,1680,120,2060,0.008419,0.012934,13.603029,64,205,7,0,GOOD
Subject_4,Trial_14,CORRECT,6,0,35.41,2500,100,1660,0.007756,0.011678,14.500839,70,245,7,0,GOOD
Subject_4,Trial_15,CORRECT,1,5,26.85,3100,20,1660,0.004103,0.011598,5.677655,6,22,6,8,OK
Subject_4,Trial_16,CORRECT,2,0,37.76,2800,80,1440,0.007514,0.012038,13.882627,91,242,7,0,GOOD
Subject_4,Trial_17,CORRECT,2,0,34.82,3060,180,1660,0.006362,0.009813,13.807724,111,293,7,0,GOOD
Subject_4,Trial_18,CORRECT,6,4,19.89,820,40,3620,0.009038,0.014763,18.758105,95,306,4,21,WEAK
Subject_4,Trial_1,Squat_WT,6,4,27.61,2420,20,1940,0.018727,0.032076,36.104150,95,254,7,0,GOOD
Subject_4,Trial_2,Squat_WT,4,0,36.44,1500,160,2200,0.020196,0.052070,18.595527,4,7,7,0,GOOD
Subject_4,Trial_3,Squat_WT,6,4,20.26,1780,40,1560,0.019698,0.032402,32.193188,90,294,7,0,GOOD
Subject_4,Trial_4,Squat_WT,6,4,20.94,2040,60,1100,0.011342,0.018950,18.084630,77,260,7,0,GOOD
Subject_4,Trial_5,Squat_WT,6,6,21.17,1020,20,2820,0.018686,0.033301,37.234579,86,282,6,4,OK
Subject_4,Trial_6,Squat_WT,6,4,27.23,840,20,2580,0.015455,0.027231,28.004513,100,290,6,4,OK
Subject_4,Trial_7,Squat_WT,6,4,18.64,880,20,3000,0.014101,0.024810,28.388816,116,307,5,5,OK
Subject_4,Trial_8,Squat_WT,6,4,20.15,780,20,3240,0.012244,0.021409,25.263774,95,298,5,20,OK
Subject_4,Trial_9,Squat_WT,6,4,17.77,1040,20,2700,0.015727,0.028587,30.701032,98,282,5,5,OK
Subject_4,Trial_10,Squat_WT,6,5,25.02,2680,40,1080,0.012148,0.020669,22.715913,107,269,7,0,GOOD
Subject_4,Trial_11,Squat_WT,6,4,22.59,1060,20,2880,0.008218,0.015085,16.320847,93,245,6,4,OK
Subject_4,Trial_1,Squat_FL,2,0,36.08,2460,40,940,0.008785,0.014341,14.002812,75,228,6,4,OK
Subject_4,Trial_2,Squat_FL,2,0,35.60,3360,200,800,0.004514,0.007509,8.630368,68,210,5,12,OK
Subject_4,Trial_3,Squat_FL,2,0,40.70,2560,60,920,0.006655,0.011357,11.802356,78,273,6,4,OK
Subject_4,Trial_4,Squat_FL,2,0,35.82,2440,80,1840,0.008155,0.014243,15.979641,70,261,7,0,GOOD
Subject_4,Trial_5,Squat_FL,2,0,36.35,2600,100,1700,0.007133,0.013029,14.895770,89,235,7,0,GOOD
Subject_4,Trial_6,Squat_FL,2,0,38.20,2780,80,1320,0.008466,0.015117,16.346189,80,245,7,0,GOOD
Subject_4,Trial_7,Squat_FL,2,0,38.53,2660,100,2280,0.006372,0.010922,13.883591,87,264,7,0,GOOD
Subject_4,Trial_8,Squat_FL,2,0,39.26,2460,100,1360,0.007337,0.012745,13.507186,82,249,7,0,GOOD
Subject_4,Trial_9,Squat_FL,2,0,37.93,2600,120,1060,0.006985,0.011499,12.706114,101,277,7,0,GOOD
Subject_4,Trial_10,Squat_FL,2,4,26.28,1180,40,3040,0.006789,0.012311,13.084922,71,224,5,20,OK
Subject_4,Trial_11,Squat_FL,2,0,42.99,2280,100,1440,0.007078,0.013966,12.721122,74,202,7,0,GOOD
Subject_5,Trial_1,CORRECT,6,1,47.14,900,20,2180,0.074482,0.210567,101.310997,23,142,7,0,GOOD
Subject_5,Trial_2,CORRECT,6,0,43.22,980,20,1720,0.093110,0.248599,111.449942,24,114,7,0,GOOD
Subject_5,Trial_3,CORRECT,6,0,44.90,920,20,1080,0.083406,0.122858,99.554486,95,297,7,0,GOOD
Subject_5,Trial_4,CORRECT,6,0,62.00,920,20,2460,0.058959,0.093733,119.069135,139,419,6,4,OK
Subject_5,Trial_5,CORRECT,6,4,34.43,1260,20,2120,0.047373,0.082174,96.876169,143,334,7,0,GOOD
Subject_5,Trial_6,CORRECT,6,3,40.50,1800,20,940,0.095676,0.256437,114.910293,26,120,7,0,GOOD
Subject_5,Trial_7,CORRECT,6,3,35.67,780,20,1220,0.105951,0.258012,103.604892,14,111,7,0,GOOD
Subject_5,Trial_8,CORRECT,6,3,43.87,900,20,1760,0.082197,0.209581,97.323837,31,158,7,0,GOOD
Subject_5,Trial_9,CORRECT,2,2,37.15,2140,40,960,0.031776,0.048582,58.080657,124,408,7,0,GOOD
Subject_5,Trial_10,CORRECT,2,1,38.52,2120,40,1520,0.035036,0.059873,75.988439,148,386,7,0,GOOD
Subject_5,Trial_11,CORRECT,6,0,39.81,1440,20,2220,0.028248,0.048739,56.724251,133,337,7,0,GOOD
Subject_5,Trial_12,CORRECT,6,4,29.51,1040,20,2200,0.032663,0.054146,60.794956,115,337,7,0,GOOD
Subject_5,Trial_13,CORRECT,6,0,39.44,1100,20,2280,0.028656,0.053219,52.731714,95,269,7,0,GOOD
Subject_5,Trial_14,CORRECT,2,4,29.10,1800,20,700,0.034751,0.059560,51.062516,94,266,6,4,OK
Subject_5,Trial_15,CORRECT,6,0,37.22,1840,20,1400,0.027467,0.050455,47.965137,113,263,6,8,OK
Subject_5,Trial_16,CORRECT,6,3,30.83,1760,20,2100,0.023297,0.047231,50.682615,107,267,6,8,OK
Subject_5,Trial_17,CORRECT,5,0,35.78,1500,20,1160,0.038797,0.206245,27.820947,0,4,7,0,GOOD
Subject_5,Trial_18,CORRECT,6,1,35.52,2360,60,1360,0.030878,0.056824,66.357044,135,327,7,0,GOOD
Subject_5,Trial_19,CORRECT,6,4,35.80,1800,40,1560,0.048883,0.085871,100.078857,132,334,7,0,GOOD
Subject_5,Trial_20,CORRECT,6,1,31.88,1600,40,1760,0.053193,0.081466,106.636722,166,422,7,0,GOOD
Subject_5,Trial_21,CORRECT,6,1,34.50,2320,40,980,0.040952,0.071814,79.250342,132,339,7,0,GOOD
Subject_5,Trial_22,CORRECT,6,1,37.92,2200,20,1400,0.035054,0.060147,76.879268,144,393,7,0,GOOD
Subject_5,Trial_1,Squat_WT,6,1,38.30,1180,20,1960,0.038443,0.062072,66.233161,92,314,7,0,GOOD
Subject_5,Trial_2,Squat_WT,6,4,27.89,2140,40,1000,0.032862,0.054573,56.609467,107,322,7,0,GOOD
Subject_5,Trial_3,Squat_WT,6,0,44.29,880,20,2300,0.051058,0.083450,98.058661,153,349,6,4,OK
Subject_5,Trial_4,Squat_WT,6,4,32.01,1400,40,1960,0.047634,0.077632,95.033448,139,378,7,0,GOOD
Subject_5,Trial_5,Squat_WT,6,5,36.31,1420,20,2020,0.054222,0.087441,118.071038,161,425,7,0,GOOD
Subject_5,Trial_6,Squat_WT,6,3,23.53,1400,40,1980,0.048163,0.083974,98.373809,132,347,7,0,GOOD
Subject_5,Trial_7,Squat_WT,6,1,34.68,1080,20,2700,0.036622,0.062922,80.665389,139,380,7,0,GOOD
Subject_5,Trial_1,Squat_FL,2,5,43.63,2200,20,760,0.032537,0.052326,57.136294,138,337,6,4,OK
Subject_5,Trial_2,Squat_FL,6,0,37.68,1860,40,1220,0.031385,0.049816,52.745533,104,334,7,0,GOOD
Subject_5,Trial_3,Squat_FL,2,0,36.91,2180,40,1000,0.033350,0.056796,63.141647,140,341,7,0,GOOD
Subject_5,Trial_4,Squat_FL,2,5,41.14,2160,20,960,0.030026,0.052704,52.659440,113,297,7,0,GOOD
Subject_5,Trial_5,Squat_FL,2,5,37.76,2660,40,1560,0.023960,0.048411,58.651088,133,328,6,8,OK
Subject_5,Trial_6,Squat_FL,2,3,34.43,2260,20,1440,0.022202,0.042029,48.447810,126,319,6,8,OK
Subject_5,Trial_7,Squat_FL,2,5,37.24,2160,40,1040,0.031632,0.056989,59.974064,106,324,7,0,GOOD
Subject_5,Trial_8,Squat_FL,2,5,49.79,2180,20,1860,0.023966,0.045731,55.393679,139,330,6,8,OK
Subject_5,Trial_9,Squat_FL,6,5,45.84,2340,20,1360,0.025670,0.045116,49.992071,112,297,6,8,OK
Subject_5,Trial_10,Squat_FL,2,5,37.03,2200,20,1400,0.024331,0.045112,49.597806,129,311,6,8,OK
Subject_6,Trial_1,CORRECT,6,3,53.78,1700,20,1100,0.011166,0.019351,17.940757,100,227,7,0,GOOD
Subject_6,Trial_2,CORRECT,1,3,30.74,2760,20,1260,0.021229,0.069389,21.632327,7,9,7,0,GOOD
Subject_6,Trial_3,CORRECT,1,6,30.25,880,20,2360,0.020857,0.066682,17.308845,2,10,6,4,OK
Subject_6,Trial_4,CORRECT,1,3,67.11,1740,20,1640,0.019954,0.064057,16.902725,5,8,7,0,GOOD
Subject_6,Trial_5,CORRECT,1,3,34.42,840,20,1860,0.021697,0.061429,15.280392,6,10,7,0,GOOD
Subject_6,Trial_6,CORRECT,1,3,62.16,1880,20,960,0.012409,0.033221,10.036094,8,19,7,0,GOOD
Subject_6,Trial_7,CORRECT,1,3,35.22,2220,20,1020,0.012573,0.037341,11.871867,3,10,7,0,GOOD
Subject_6,Trial_8,CORRECT,4,3,25.50,2320,20,1300,0.008188,0.024499,9.702843,7,26,6,8,OK
Subject_6,Trial_9,CORRECT,2,3,56.19,2940,20,1280,0.009824,0.018922,20.403344,74,220,7,0,GOOD
Subject_6,Trial_10,CORRECT,1,7,52.11,2520,20,420,0.014548,0.044591,12.860071,3,16,5,6,OK
Subject_6,Trial_11,CORRECT,1,1,31.26,1300,40,1180,0.018967,0.043018,13.971385,6,23,7,0,GOOD
Subject_6,Trial_12,CORRECT,2,1,42.00,1100,20,1400,0.034515,0.157787,29.740129,2,8,7,0,GOOD
Subject_6,Trial_13,CORRECT,3,3,66.96,2060,20,1160,0.012451,0.026034,13.246198,18,72,7,0,GOOD
Subject_6,Trial_14,CORRECT,1,1,34.27,1020,20,1380,0.010018,0.022862,7.618455,5,32,7,0,GOOD
Subject_6,Trial_15,CORRECT,2,1,44.82,980,20,1320,0.012547,0.022368,15.429476,67,171,7,0,GOOD
Subject_6,Trial_16,CORRECT,2,5,26.97,4320,20,900,0.006074,0.013117,17.310489,79,248,4,28,WEAK
Subject_6,Trial_17,CORRECT,2,4,24.98,780,20,2600,0.006304,0.010824,10.983029,68,229,5,12,OK
Subject_6,Trial_18,CORRECT,2,5,25.67,2180,20,1060,0.011864,0.022148,21.497932,91,220,7,0,GOOD
Subject_6,Trial_19,CORRECT,2,3,47.83,2120,20,1280,0.010243,0.022762,18.565139,61,163,7,0,GOOD
Subject_6,Trial_20,CORRECT,2,5,34.25,940,20,2280,0.009692,0.019056,16.412454,61,180,7,0,GOOD
Subject_6,Trial_21,CORRECT,1,4,26.16,1100,40,2320,0.011440,0.040507,12.355447,3,9,7,0,GOOD
Subject_6,Trial_22,CORRECT,2,3,48.56,2160,20,1040,0.008662,0.016286,14.320459,72,201,7,0,GOOD
Subject_6,Trial_23,CORRECT,2,5,22.48,1060,40,2300,0.009652,0.018197,17.012893,93,206,7,0,GOOD
Subject_6,Trial_1,Squat_WT,2,3,43.02,2280,20,980,0.010478,0.021308,18.561628,64,201,7,0,GOOD
Subject_6,Trial_2,Squat_WT,2,3,25.39,2080,20,1200,0.011136,0.022387,20.081288,82,187,7,0,GOOD
Subject_6,Trial_3,Squat_WT,2,1,21.21,820,20,2580,0.009074,0.016115,17.158144,94,266,6,4,OK
Subject_6,Trial_1,Squat_FL,2,4,38.88,2160,40,320,0.014398,0.023684,19.848384,91,238,5,6,OK
Subject_6,Trial_2,Squat_FL,2,4,43.39,2360,20,640,0.011520,0.020894,19.097686,93,246,6,4,OK
Subject_6,Trial_3,Squat_FL,4,1,37.60,1240,40,2440,0.008216,0.026825,9.499906,3,12,6,8,OK
Subject_6,Trial_4,Squat_FL,4,1,44.23,1460,20,2300,0.007969,0.026559,9.885615,4,16,6,8,OK
Subject_6,Trial_5,Squat_FL,4,1,53.97,1200,20,2700,0.007729,0.025423,10.185107,4,15,6,8,OK
Subject_6,Trial_6,Squat_FL,4,4,46.20,2320,20,1140,0.008072,0.026388,9.303559,4,16,6,8,OK
Subject_6,Trial_7,Squat_FL,4,4,48.80,1860,20,1180,0.010195,0.029473,9.879423,3,15,7,0,GOOD
Subject_6,Trial_8,Squat_FL,4,4,46.38,1620,80,2320,0.007702,0.023909,10.332008,7,35,6,8,OK
Subject_6,Trial_9,Squat_FL,2,4,59.18,2360,20,2020,0.008559,0.015553,20.575528,105,292,7,0,GOOD
Subject_7,Trial_1,CORRECT,2,4,37.93,3120,40,1260,0.007338,0.015963,16.078881,87,188,6,8,OK
Subject_7,Trial_2,CORRECT,2,0,31.01,2700,20,1320,0.005844,0.013665,11.644006,48,149,6,8,OK
Subject_7,Trial_3,CORRECT,2,5,42.07,3820,20,1200,0.013912,0.025133,33.549439,126,359,6,4,OK
Subject_7,Trial_4,CORRECT,2,4,34.81,3160,20,1260,0.014151,0.025269,30.201010,114,305,6,4,OK
Subject_7,Trial_5,CORRECT,2,4,35.17,2620,20,1420,0.011753,0.020464,23.370265,108,320,7,0,GOOD
Subject_7,Trial_6,CORRECT,2,5,37.46,3280,20,220,0.010765,0.018529,19.156430,94,281,5,6,OK
Subject_7,Trial_7,CORRECT,2,4,31.76,2880,40,1460,0.008882,0.016368,17.822904,88,250,7,0,GOOD
Subject_7,Trial_8,CORRECT,4,5,43.75,3860,20,140,0.011537,0.055322,12.663093,3,7,5,6,OK
Subject_7,Trial_9,CORRECT,2,5,38.59,3680,40,1000,0.017906,0.026847,45.659406,176,598,6,4,OK
Subject_7,Trial_10,CORRECT,2,5,41.55,3360,40,1380,0.007750,0.012705,18.297489,130,386,6,8,OK
Subject_7,Trial_11,CORRECT,2,4,39.59,3440,40,1580,0.015321,0.024540,41.039110,156,538,7,0,GOOD
Subject_7,Trial_12,CORRECT,2,4,34.43,3100,40,1260,0.013596,0.021462,33.469257,170,486,7,0,GOOD
Subject_7,Trial_13,CORRECT,2,5,44.25,3540,40,1180,0.011669,0.020068,28.952512,123,404,6,4,OK
Subject_7,Trial_14,CORRECT,2,5,47.02,3540,40,1360,0.006452,0.012880,15.648243,96,243,5,12,OK
Subject_7,Trial_15,CORRECT,2,5,41.66,3580,40,1480,0.012343,0.018480,33.841722,155,567,7,0,GOOD
Subject_7,Trial_16,CORRECT,2,5,45.90,3560,20,1600,0.007447,0.013476,19.524318,129,339,6,8,OK
Subject_7,Trial_17,CORRECT,2,5,43.42,3500,20,1500,0.008821,0.016222,22.883973,116,343,7,0,GOOD
Subject_7,Trial_1,Squat_WT,2,4,35.26,3100,20,1360,0.012223,0.020779,28.531577,152,340,7,0,GOOD
Subject_7,Trial_2,Squat_WT,2,5,31.20,3400,20,1300,0.006467,0.012728,14.044831,77,206,5,12,OK
Subject_7,Trial_3,Squat_WT,4,4,26.14,3480,80,2180,0.011472,0.051661,17.946941,4,11,7,0,GOOD
Subject_7,Trial_4,Squat_WT,4,1,22.78,4440,20,620,0.010561,0.058935,15.109035,4,7,5,20,OK
Subject_7,Trial_5,Squat_WT,4,1,30.06,3440,20,1060,0.012431,0.062617,14.896519,4,9,6,4,OK
Subject_7,Trial_6,Squat_WT,4,5,37.51,3360,20,1800,0.011182,0.056334,16.090965,3,9,7,0,GOOD
Subject_7,Trial_7,Squat_WT,4,5,42.83,4020,20,1100,0.011140,0.056918,15.701009,3,7,5,20,OK
Subject_7,Trial_8,Squat_WT,4,4,25.69,4640,40,1380,0.008541,0.041143,14.173863,4,9,5,20,OK
Subject_7,Trial_9,Squat_WT,4,5,33.71,3360,40,1280,0.013551,0.062425,16.972353,3,9,6,4,OK
Subject_7,Trial_10,Squat_WT,4,1,34.81,3400,20,1620,0.011399,0.047932,15.949311,6,17,7,0,GOOD
Subject_7,Trial_11,Squat_WT,2,5,40.14,3580,20,1340,0.008288,0.014310,20.830626,143,379,6,4,OK
Subject_8,Trial_1,CORRECT,2,5,33.90,1640,40,1620,0.012504,0.027548,19.009292,52,125,7,0,GOOD
Subject_8,Trial_2,CORRECT,2,2,23.09,2800,20,360,0.015722,0.032980,23.619576,55,135,5,6,OK
Subject_8,Trial_3,CORRECT,2,5,33.20,1840,40,1340,0.017015,0.034646,27.324637,66,158,7,0,GOOD
Subject_8,Trial_4,CORRECT,2,5,40.16,1740,20,1420,0.014905,0.030680,24.052795,73,151,7,0,GOOD
Subject_8,Trial_5,CORRECT,6,5,32.58,1940,40,1240,0.020344,0.044874,33.936395,64,168,7,0,GOOD
Subject_8,Trial_6,CORRECT,6,5,31.70,1820,40,1360,0.013927,0.032113,22.594872,49,139,7,0,GOOD
Subject_8,Trial_7,CORRECT,6,5,35.92,1480,60,1720,0.014393,0.030878,20.400817,51,135,7,0,GOOD
Subject_8,Trial_8,CORRECT,2,5,28.60,1340,20,1860,0.012886,0.027454,18.888081,38,116,7,0,GOOD
Subject_8,Trial_9,CORRECT,2,5,35.60,1640,20,1580,0.014132,0.030884,22.763271,62,142,7,0,GOOD
Subject_8,Trial_10,CORRECT,2,2,21.45,1640,20,1540,0.016025,0.034652,24.824857,54,142,7,0,GOOD
Subject_8,Trial_11,CORRECT,1,5,50.66,2280,40,1600,0.020232,0.075186,22.693612,5,18,7,0,GOOD
Subject_8,Trial_12,CORRECT,1,5,48.78,2640,80,1260,0.019517,0.078008,21.942199,6,14,7,0,GOOD
Subject_8,Trial_13,CORRECT,2,5,58.25,3220,40,1860,0.010937,0.027484,28.035102,85,188,7,0,GOOD
Subject_8,Trial_14,CORRECT,5,5,52.78,2600,40,1740,0.016397,0.106319,16.121570,3,5,7,0,GOOD
Subject_8,Trial_15,CORRECT,2,5,43.62,2460,40,2020,0.010783,0.026397,25.482873,88,185,7,0,GOOD
Subject_8,Trial_16,CORRECT,1,5,48.05,2540,40,1760,0.008276,0.029657,10.103731,7,18,6,8,OK
Subject_8,Trial_17,CORRECT,1,5,44.81,3380,60,1700,0.009219,0.035060,12.998564,2,13,6,8,OK
Subject_8,Trial_18,CORRECT,6,3,25.61,2460,40,1420,0.014057,0.031367,29.538718,87,231,7,0,GOOD
Subject_8,Trial_19,CORRECT,4,5,33.49,1760,60,2000,0.015992,0.030419,26.194519,58,164,7,0,GOOD
Subject_8,Trial_20,CORRECT,6,5,35.26,1580,20,1660,0.010851,0.025122,18.710774,55,158,7,0,GOOD
Subject_8,Trial_21,CORRECT,6,3,26.19,1780,40,1540,0.013053,0.026898,21.438876,65,193,7,0,GOOD
Subject_8,Trial_22,CORRECT,2,2,20.26,1540,20,1660,0.013992,0.031058,23.506553,64,163,7,0,GOOD
Subject_8,Trial_23,CORRECT,4,5,36.06,1700,40,1420,0.016327,0.031146,21.277769,42,114,7,0,GOOD
Subject_8,Trial_24,CORRECT,4,5,43.49,1740,40,1460,0.016033,0.030958,21.877199,49,145,7,0,GOOD
Subject_8,Trial_1,Squat_WT,4,3,25.93,1940,40,1360,0.016386,0.032495,23.500916,47,129,7,0,GOOD
Subject_8,Trial_2,Squat_WT,4,5,31.56,2120,40,1720,0.014308,0.029068,23.707874,51,146,7,0,GOOD
Subject_8,Trial_3,Squat_WT,4,0,31.53,1920,40,1280,0.017955,0.036961,24.875636,36,116,7,0,GOOD
Subject_8,Trial_1,Squat_FL,1,2,38.40,440,20,2560,0.063745,0.194536,55.007318,4,17,5,6,OK
Subject_8,Trial_2,Squat_FL,1,5,52.15,3080,40,1480,0.084934,0.341020,106.996039,6,14,7,0,GOOD
Subject_8,Trial_3,Squat_FL,1,5,43.52,2700,40,1780,0.042750,0.178258,57.554552,7,23,7,0,GOOD
Subject_8,Trial_4,Squat_FL,1,5,47.54,2200,40,1720,0.083043,0.296905,98.254529,8,28,7,0,GOOD
Subject_8,Trial_5,Squat_FL,1,5,50.14,2580,60,1420,0.083408,0.304654,100.596173,7,23,7,0,GOOD
Subject_8,Trial_6,Squat_FL,1,5,49.50,2560,40,2060,0.073624,0.268537,100.707037,9,25,7,0,GOOD
Subject_8,Trial_7,Squat_FL,1,0,43.08,2840,40,1540,0.077034,0.230352,97.257527,11,24,7,0,GOOD
Subject_8,Trial_8,Squat_FL,1,5,58.15,2420,20,1580,0.113244,0.392344,119.760288,8,19,7,0,GOOD
Subject_8,Trial_9,Squat_FL,1,5,55.40,2620,40,1160,0.092418,0.369291,95.965902,7,17,7,0,GOOD
Subject_8,Trial_10,Squat_FL,1,5,56.75,2540,40,840,0.094639,0.377263,90.814941,6,20,6,4,OK
Subject_9,Trial_1,CORRECT,6,4,23.43,1280,20,1380,0.010607,0.018333,14.454421,77,213,7,0,GOOD
Subject_9,Trial_2,CORRECT,6,4,27.44,1120,20,2720,0.008776,0.014442,17.180622,110,278,7,0,GOOD
Subject_9,Trial_3,CORRECT,4,5,47.11,1100,20,2100,0.010193,0.016145,12.900228,45,172,7,0,GOOD
Subject_9,Trial_4,CORRECT,6,5,35.45,2840,20,1000,0.015111,0.027023,32.034491,126,327,6,4,OK
Subject_9,Trial_5,CORRECT,2,4,28.86,3480,40,880,0.010057,0.022374,21.398325,76,224,6,4,OK
Subject_9,Trial_6,CORRECT,6,2,24.89,1400,20,2580,0.009444,0.017678,19.284698,84,253,7,0,GOOD
Subject_9,Trial_7,CORRECT,6,4,33.50,2300,20,1060,0.011094,0.019661,19.091689,87,250,7,0,GOOD
Subject_9,Trial_8,CORRECT,6,5,34.47,2080,20,1100,0.011661,0.021375,18.866303,71,210,7,0,GOOD
Subject_9,Trial_9,CORRECT,6,5,32.32,1120,20,2200,0.009380,0.015820,15.767008,90,236,7,0,GOOD
Subject_9,Trial_10,CORRECT,6,5,38.11,1000,20,2040,0.010365,0.018301,16.234213,84,215,7,0,GOOD
Subject_9,Trial_11,CORRECT,6,5,30.43,2120,20,1180,0.009403,0.016374,15.144103,78,200,7,0,GOOD
Subject_9,Trial_12,CORRECT,2,4,24.59,3000,40,1460,0.019976,0.044238,37.725543,59,159,7,0,GOOD
Subject_9,Trial_13,CORRECT,2,1,27.79,2440,40,2580,0.016711,0.039342,35.165233,61,161,7,0,GOOD
Subject_9,Trial_14,CORRECT,2,5,58.87,3020,20,2020,0.025068,0.050358,58.317845,85,274,7,0,GOOD
Subject_9,Trial_15,CORRECT,2,4,37.77,2920,40,1560,0.029177,0.055102,60.618394,97,285,7,0,GOOD
Subject_9,Trial_16,CORRECT,2,4,35.95,1920,40,2520,0.024834,0.055447,49.539255,62,179,7,0,GOOD
Subject_9,Trial_17,CORRECT,2,4,28.01,2080,80,2340,0.021720,0.049860,44.334145,83,159,7,0,GOOD
Subject_9,Trial_18,CORRECT,2,0,24.65,1980,40,3080,0.018945,0.047868,41.757277,58,169,6,16,OK
Subject_9,Trial_19,CORRECT,2,0,21.98,1960,40,1960,0.024397,0.055306,42.095753,56,155,7,0,GOOD
Subject_9,Trial_20,CORRECT,2,0,23.34,1500,40,2940,0.024965,0.060613,46.750884,57,155,7,0,GOOD
Subject_9,Trial_21,CORRECT,2,2,18.89,1860,20,2600,0.025050,0.056333,47.803468,65,187,6,1,OK
Subject_9,Trial_22,CORRECT,6,5,54.29,2760,20,1840,0.009467,0.015456,21.586931,129,354,7,0,GOOD
Subject_9,Trial_23,CORRECT,6,5,30.58,3100,20,1440,0.010247,0.017803,24.834240,111,373,7,0,GOOD
Subject_9,Trial_1,Squat_WT,6,5,44.10,3360,20,1180,0.011390,0.020645,27.117962,115,342,6,4,OK
Subject_9,Trial_2,Squat_WT,6,4,43.80,5360,60,1200,0.008500,0.015157,28.533314,152,436,5,20,OK
Subject_9,Trial_3,Squat_WT,3,5,34.08,1960,20,2660,0.007620,0.019895,12.057448,7,74,6,8,OK
Subject_9,Trial_4,Squat_WT,6,5,45.78,1720,20,2740,0.014258,0.024491,34.269282,131,373,7,0,GOOD
Subject_9,Trial_5,Squat_WT,6,5,29.80,3080,40,1440,0.014784,0.025029,36.193869,131,426,7,0,GOOD
Subject_9,Trial_6,Squat_WT,6,5,30.98,2980,20,1440,0.009657,0.017542,22.281136,100,321,7,0,GOOD
Subject_9,Trial_7,Squat_WT,6,5,30.68,1740,20,2680,0.011755,0.020842,25.911603,102,332,7,0,GOOD
Subject_9,Trial_8,Squat_WT,6,2,34.29,3240,20,1420,0.009945,0.016432,23.759934,120,395,7,0,GOOD
Subject_9,Trial_9,Squat_WT,6,5,34.66,3200,20,1300,0.009388,0.016941,20.957955,105,292,7,0,GOOD
Subject_9,Trial_10,Squat_WT,6,5,28.57,3100,40,1460,0.010362,0.019349,24.533635,118,299,7,0,GOOD
Subject_9,Trial_1,Squat_FL,2,6,21.88,3260,40,720,0.024916,0.048130,44.502449,73,203,6,4,OK
Subject_9,Trial_2,Squat_FL,2,0,25.83,1540,40,2300,0.016354,0.031853,29.211245,73,209,7,0,GOOD
Subject_9,Trial_3,Squat_FL,2,1,24.21,2180,60,2120,0.018325,0.038078,35.649984,72,203,7,0,GOOD
Subject_9,Trial_4,Squat_FL,2,6,26.50,1500,40,2960,0.017153,0.038235,32.417281,61,154,7,0,GOOD
Subject_9,Trial_5,Squat_FL,2,0,17.67,1600,20,2940,0.014763,0.028675,28.715091,77,207,6,1,OK
Subject_9,Trial_6,Squat_FL,2,0,26.86,1740,20,2840,0.015515,0.033620,32.632979,58,197,7,0,GOOD
Subject_9,Trial_7,Squat_FL,2,6,28.44,3980,40,580,0.013595,0.027215,27.579057,76,186,6,4,OK
Subject_9,Trial_8,Squat_FL,2,4,26.80,2860,40,1500,0.014787,0.029111,28.148910,66,202,7,0,GOOD
Subject_9,Trial_9,Squat_FL,2,4,23.89,2060,60,2300,0.016390,0.033439,31.952753,68,196,7,0,GOOD
Subject_9,Trial_10,Squat_FL,2,4,24.70,1860,80,2040,0.015463,0.029776,29.129640,96,225,7,0,GOOD
Subject_10,Trial_1,CORRECT,6,6,32.30,740,20,760,0.023222,0.039520,16.586711,34,114,7,0,GOOD
Subject_10,Trial_2,CORRECT,6,0,41.08,920,20,1640,0.034592,0.144164,31.910209,4,29,7,0,GOOD
Subject_10,Trial_3,CORRECT,6,6,49.24,1460,20,2400,0.012305,0.025514,22.969162,78,227,6,8,OK
Subject_10,Trial_4,CORRECT,6,4,69.59,2700,20,1260,0.033424,0.077311,39.397634,22,98,7,0,GOOD
Subject_10,Trial_5,CORRECT,2,1,25.78,2560,20,1620,0.012547,0.023843,27.968083,127,305,6,8,OK
Subject_10,Trial_6,CORRECT,2,4,20.81,3040,20,760,0.014057,0.026559,30.767143,124,306,6,4,OK
Subject_10,Trial_7,CORRECT,7,4,31.99,2100,20,2280,0.008256,0.034324,12.011563,6,14,6,8,OK
Subject_10,Trial_8,CORRECT,1,6,39.62,2940,20,940,0.013192,0.039671,12.296248,4,7,5,12,OK
Subject_10,Trial_9,CORRECT,1,6,35.12,1440,20,1780,0.014957,0.035598,12.994355,8,16,7,0,GOOD
Subject_10,Trial_10,CORRECT,6,6,27.50,2120,40,440,0.019339,0.032240,22.484753,48,174,5,6,OK
Subject_10,Trial_11,CORRECT,2,6,35.69,700,20,2060,0.018798,0.031366,27.216067,88,254,6,4,OK
Subject_10,Trial_12,CORRECT,6,4,35.96,1240,40,1320,0.022868,0.036353,25.036299,42,160,7,0,GOOD
Subject_10,Trial_13,CORRECT,6,6,25.14,700,20,1880,0.020073,0.032379,22.917723,60,186,6,4,OK
Subject_10,Trial_14,CORRECT,6,4,28.95,1240,100,1340,0.019644,0.037406,23.457591,49,144,7,0,GOOD
Subject_10,Trial_15,CORRECT,6,6,28.01,720,20,1980,0.025325,0.051617,27.320633,41,140,6,4,OK
Subject_10,Trial_16,CORRECT,6,6,27.51,2140,20,520,0.020613,0.038737,22.219851,38,117,6,4,OK
Subject_10,Trial_1,Squat_WT,6,6,30.69,1900,20,720,0.017482,0.031486,20.837730,55,164,6,4,OK
Subject_10,Trial_2,Squat_WT,6,0,41.25,980,20,1900,0.021339,0.038855,24.371120,32,146,7,0,GOOD
Subject_10,Trial_3,Squat_WT,6,6,43.88,640,20,2060,0.025506,0.063131,24.934532,13,68,6,4,OK
Subject_10,Trial_4,Squat_WT,6,6,20.88,740,40,1840,0.023352,0.051497,25.144188,26,112,7,0,GOOD
Subject_10,Trial_1,Squat_FL,6,5,53.11,2140,20,1300,0.011533,0.023016,20.414289,81,207,6,8,OK
Subject_10,Trial_2,Squat_FL,1,4,25.73,2100,20,2300,0.014887,0.040361,19.252273,5,24,7,0,GOOD
Subject_10,Trial_3,Squat_FL,6,6,35.96,1440,20,2320,0.010934,0.022747,21.548673,81,211,6,8,OK
Subject_10,Trial_4,Squat_FL,6,5,40.18,2680,40,1220,0.011575,0.024544,23.050946,72,215,6,8,OK
Subject_10,Trial_5,Squat_FL,6,4,24.64,1620,40,2160,0.012367,0.026187,24.723270,72,214,6,8,OK
Subject_10,Trial_6,Squat_FL,6,5,47.42,2120,20,2240,0.010733,0.022965,22.918254,75,228,6,8,OK
Subject_10,Trial_7,Squat_FL,6,6,30.08,1480,20,2380,0.011286,0.023352,22.954344,74,233,6,8,OK
Subject_10,Trial_8,Squat_FL,1,5,40.23,1700,20,1440,0.015547,0.035920,12.768894,9,23,7,0,GOOD
Subject_10,Trial_9,Squat_FL,1,5,41.46,2320,20,1860,0.012807,0.031756,14.587107,12,25,6,8,OK
Subject_10,Trial_10,Squat_FL,1,5,44.25,2640,60,1200,0.013909,0.033442,15.591381,15,30,7,0,GOOD
Subject_11,Trial_1,CORRECT,2,0,32.58,2540,40,1200,0.018055,0.030184,39.142930,153,377,7,0,GOOD
Subject_11,Trial_2,CORRECT,2,0,54.84,2340,20,1460,0.019293,0.031836,42.368593,164,385,7,0,GOOD
Subject_11,Trial_3,CORRECT,2,7,37.87,2900,20,1220,0.023654,0.036903,56.641636,181,465,7,0,GOOD
Subject_11,Trial_4,CORRECT,2,4,45.97,2420,20,1540,0.020448,0.033869,45.040307,152,386,7,0,GOOD
Subject_11,Trial_5,CORRECT,2,0,43.72,2500,20,1460,0.017886,0.029610,39.726318,178,401,7,0,GOOD
Subject_11,Trial_6,CORRECT,2,7,44.46,2360,20,1060,0.018582,0.030010,37.410620,153,347,7,0,GOOD
Subject_11,Trial_7,CORRECT,2,7,42.31,2440,40,1200,0.017191,0.029719,37.118804,142,355,7,0,GOOD
Subject_11,Trial_8,CORRECT,2,0,39.91,2320,40,1420,0.019455,0.032988,41.790571,145,375,7,0,GOOD
Subject_11,Trial_9,CORRECT,2,0,34.45,2160,20,1220,0.020729,0.033660,39.835326,130,357,7,0,GOOD
Subject_11,Trial_10,CORRECT,2,0,39.61,2440,20,1100,0.019351,0.030982,38.405415,146,354,7,0,GOOD
Subject_11,Trial_11,CORRECT,6,7,60.95,2880,20,1580,0.012487,0.021832,31.629545,151,390,7,0,GOOD
Subject_11,Trial_12,CORRECT,2,7,58.63,2720,40,2260,0.009431,0.019685,28.036423,136,332,6,8,OK
Subject_11,Trial_13,CORRECT,6,5,38.93,2840,20,1040,0.014862,0.024975,33.676898,158,367,6,4,OK
Subject_11,Trial_14,CORRECT,6,7,49.44,2740,20,1080,0.013501,0.022376,29.822704,144,388,6,4,OK
Subject_11,Trial_15,CORRECT,6,1,66.76,2280,20,1460,0.015676,0.025663,33.401839,149,396,7,0,GOOD
Subject_11,Trial_16,CORRECT,6,1,52.53,2300,20,1560,0.015639,0.025750,34.968704,168,388,7,0,GOOD
Subject_11,Trial_17,CORRECT,6,7,49.66,3520,20,280,0.013632,0.022108,28.233178,145,356,5,6,OK
Subject_11,Trial_18,CORRECT,6,1,51.78,2400,40,2000,0.014114,0.024583,34.884654,174,380,7,0,GOOD
Subject_11,Trial_19,CORRECT,6,1,55.55,2880,40,1100,0.014270,0.023996,33.149959,170,407,6,4,OK
Subject_11,Trial_20,CORRECT,2,5,31.27,2020,20,2200,0.022624,0.036992,55.666795,193,445,7,0,GOOD
Subject_11,Trial_21,CORRECT,2,6,71.00,2180,20,2260,0.017641,0.029787,44.562757,172,452,7,0,GOOD
Subject_11,Trial_1,Squat_WT,6,1,57.41,2540,20,1400,0.016245,0.026827,36.714727,149,410,7,0,GOOD
Subject_11,Trial_2,Squat_WT,2,5,35.11,2720,20,2320,0.013329,0.025260,38.040905,164,387,7,0,GOOD
Subject_11,Trial_3,Squat_WT,2,6,33.32,4140,20,520,0.020335,0.034042,51.882517,171,446,5,20,OK
Subject_11,Trial_4,Squat_WT,2,6,48.66,2360,20,2080,0.019444,0.031801,49.648506,173,493,7,0,GOOD
Subject_11,Trial_5,Squat_WT,2,4,60.11,2860,20,1780,0.015771,0.028308,41.691807,158,403,7,0,GOOD
Subject_11,Trial_6,Squat_WT,2,5,24.52,2220,20,2220,0.017709,0.029993,46.467900,170,479,7,0,GOOD
Subject_11,Trial_7,Squat_WT,2,5,30.25,1860,20,2140,0.019409,0.032482,44.942542,158,427,7,0,GOOD
Subject_11,Trial_8,Squat_WT,2,0,22.44,920,20,3120,0.017352,0.030294,40.534594,147,400,5,20,OK
Subject_11,Trial_1,Squat_FL,2,0,24.60,1940,20,1060,0.026871,0.040025,48.104452,140,425,7,0,GOOD
Subject_11,Trial_2,Squat_FL,6,1,48.85,2820,40,1080,0.019801,0.050801,33.810940,47,225,6,4,OK
Subject_11,Trial_3,Squat_FL,6,5,42.57,2520,20,2280,0.013168,0.031765,28.998352,66,258,7,0,GOOD
Subject_11,Trial_4,Squat_FL,6,7,40.52,2620,40,1320,0.020632,0.070463,32.291974,9,96,7,0,GOOD
Subject_11,Trial_5,Squat_FL,6,7,46.71,2740,20,1220,0.018933,0.057443,32.368931,25,155,7,0,GOOD
Subject_11,Trial_6,Squat_FL,2,5,51.38,2780,20,1580,0.011242,0.021974,29.061688,149,346,6,8,OK
Subject_11,Trial_7,Squat_FL,2,5,51.17,2600,20,1480,0.010579,0.019501,25.338218,148,322,6,8,OK
Subject_11,Trial_8,Squat_FL,2,7,54.46,2980,20,1440,0.009595,0.019319,23.865838,136,283,6,8,OK
Subject_11,Trial_9,Squat_FL,6,7,41.66,2780,40,2160,0.010330,0.018545,27.658116,135,400,6,8,OK
Subject_11,Trial_10,Squat_FL,2,7,45.30,3060,20,980,0.011994,0.022026,27.963306,141,338,5,12,OK
Subject_11,Trial_11,Squat_FL,6,7,42.51,3360,40,1420,0.012446,0.025752,27.780313,84,316,7,0,GOOD
Subject_12,Trial_1,CORRECT,2,7,66.62,1660,20,1640,0.019561,0.045118,39.256599,81,213,7,0,GOOD
Subject_12,Trial_2,CORRECT,2,4,37.38,1540,20,1840,0.022881,0.050995,44.968379,82,231,7,0,GOOD
Subject_12,Trial_3,CORRECT,2,7,46.31,1800,20,2000,0.020446,0.058729,47.108450,71,197,7,0,GOOD
Subject_12,Trial_4,CORRECT,2,3,39.78,2100,20,1700,0.019007,0.045375,44.475977,89,247,7,0,GOOD
Subject_12,Trial_5,CORRECT,2,5,46.28,2560,20,1140,0.031228,0.065586,70.947066,115,299,7,0,GOOD
Subject_12,Trial_6,CORRECT,2,3,56.47,1900,20,2340,0.021018,0.047169,51.021592,104,263,7,0,GOOD
Subject_12,Trial_7,CORRECT,2,3,49.65,1760,40,2020,0.016760,0.043492,35.286135,70,184,7,0,GOOD
Subject_12,Trial_8,CORRECT,2,7,48.53,1760,20,2080,0.018275,0.046012,40.644788,81,212,7,0,GOOD
Subject_12,Trial_1,Squat_WT,2,3,41.38,1860,20,2040,0.017570,0.039179,40.320862,107,268,7,0,GOOD
Subject_12,Trial_2,Squat_WT,2,3,72.69,2420,20,1760,0.021333,0.049951,51.476779,106,255,7,0,GOOD
Subject_12,Trial_1,Squat_FL,2,5,41.78,2540,20,1480,0.024515,0.053484,58.127119,117,273,7,0,GOOD
Subject_12,Trial_2,Squat_FL,2,1,49.06,2060,20,1820,0.025743,0.053209,60.463735,125,325,7,0,GOOD
Subject_12,Trial_3,Squat_FL,2,5,44.60,2600,20,1400,0.025536,0.056065,60.384343,108,298,7,0,GOOD
Subject_12,Trial_4,Squat_FL,2,1,58.03,1840,20,1580,0.030852,0.060401,64.551227,114,339,7,0,GOOD
Subject_12,Trial_5,Squat_FL,2,1,47.17,1940,20,2180,0.022442,0.049678,54.799394,116,296,7,0,GOOD
Subject_12,Trial_6,Squat_FL,2,1,55.93,2100,20,1900,0.028719,0.056611,65.725818,122,342,7,0,GOOD
Subject_12,Trial_7,Squat_FL,2,1,41.32,1980,20,1860,0.034672,0.064743,81.251943,148,379,7,0,GOOD
Subject_12,Trial_8,Squat_FL,2,1,46.89,1880,20,1880,0.027233,0.056501,62.047380,116,285,7,0,GOOD
Subject_12,Trial_9,Squat_FL,2,1,49.22,1800,40,2220,0.021460,0.048740,51.167775,122,266,7,0,GOOD
Subject_12,Trial_10,Squat_FL,2,5,49.21,2960,20,1360,0.020328,0.043765,52.378378,138,319,7,0,GOOD
Subject_13,Trial_1,CORRECT,2,4,52.86,1060,20,2700,0.013516,0.025756,28.023288,114,297,6,4,OK
Subject_13,Trial_2,CORRECT,2,0,54.07,900,40,2440,0.014548,0.026682,27.580995,114,284,6,4,OK
Subject_13,Trial_3,CORRECT,2,6,42.71,3200,20,640,0.011785,0.023529,24.624880,111,264,6,4,OK
Subject_13,Trial_4,CORRECT,2,6,45.11,3540,20,320,0.019952,0.038860,40.301784,117,272,5,6,OK
Subject_13,Trial_5,CORRECT,2,3,43.38,2780,40,500,0.017631,0.032028,31.054451,103,261,6,4,OK
Subject_13,Trial_6,CORRECT,2,5,55.95,2020,40,1220,0.017095,0.032631,28.423196,79,246,7,0,GOOD
Subject_13,Trial_7,CORRECT,2,4,37.42,1020,20,2280,0.017973,0.034079,32.750724,116,251,7,0,GOOD
Subject_13,Trial_8,CORRECT,2,6,48.64,2480,40,680,0.015792,0.030095,27.046823,90,242,6,4,OK
Subject_13,Trial_9,CORRECT,2,5,48.55,2180,20,1020,0.015759,0.030734,26.557809,89,251,7,0,GOOD
Subject_13,Trial_10,CORRECT,2,4,56.75,940,20,2300,0.019560,0.034757,34.277857,103,264,7,0,GOOD
Subject_13,Trial_11,CORRECT,2,2,46.04,3020,20,320,0.014836,0.029388,27.061128,102,249,5,6,OK
Subject_13,Trial_12,CORRECT,2,4,68.21,1940,60,1860,0.016306,0.033410,33.743058,104,215,7,0,GOOD
Subject_13,Trial_13,CORRECT,2,4,52.13,1580,20,1760,0.018849,0.035587,33.776175,106,197,7,0,GOOD
Subject_13,Trial_14,CORRECT,2,1,48.32,2100,20,1820,0.017192,0.035867,35.806020,86,207,7,0,GOOD
Subject_13,Trial_15,CORRECT,2,4,54.80,1620,40,2140,0.016554,0.034484,32.223071,87,187,7,0,GOOD
Subject_13,Trial_16,CORRECT,2,4,54.25,940,20,2260,0.013837,0.024648,25.120050,107,274,7,0,GOOD
Subject_13,Trial_17,CORRECT,2,4,54.34,1220,20,2200,0.008823,0.017933,17.063997,109,244,6,8,OK
Subject_13,Trial_18,CORRECT,2,6,49.87,2980,20,280,0.015066,0.027047,27.627408,112,316,5,6,OK
Subject_13,Trial_19,CORRECT,2,4,41.65,3160,20,840,0.011251,0.020995,25.871497,130,340,6,4,OK
Subject_13,Trial_20,CORRECT,2,1,46.52,1320,20,2020,0.009586,0.019160,18.583819,96,268,6,8,OK
Subject_13,Trial_21,CORRECT,2,4,55.16,1000,20,2380,0.008653,0.016814,16.582929,101,255,6,8,OK
Subject_13,Trial_22,CORRECT,5,3,82.92,2360,20,880,0.007562,0.017285,8.230106,22,87,5,12,OK
Subject_13,Trial_23,CORRECT,2,4,59.16,1000,20,2220,0.008819,0.017567,15.283994,83,230,6,8,OK
Subject_13,Trial_1,Squat_WT,2,4,86.52,2400,80,860,0.036369,0.126440,50.696747,24,100,6,4,OK
Subject_13,Trial_2,Squat_WT,2,4,89.42,2100,40,1740,0.020019,0.041428,41.350945,99,227,7,0,GOOD
Subject_13,Trial_3,Squat_WT,2,4,97.60,2160,80,1040,0.019699,0.039763,33.843822,88,187,7,0,GOOD
Subject_13,Trial_4,Squat_WT,2,6,60.79,2020,20,2320,0.018281,0.040178,41.789012,77,199,7,0,GOOD
Subject_13,Trial_5,Squat_WT,2,4,47.47,1640,20,2780,0.018326,0.034102,42.424122,119,234,7,0,GOOD
Subject_13,Trial_6,Squat_WT,2,6,44.34,3560,40,420,0.009725,0.019306,21.085415,107,292,4,14,WEAK
Subject_13,Trial_7,Squat_WT,5,4,63.68,1040,20,2340,0.066868,0.295643,59.414957,4,5,7,0,GOOD
Subject_13,Trial_1,Squat_FL,2,6,56.44,3160,40,520,0.016569,0.034344,34.569837,94,233,6,4,OK
Subject_13,Trial_2,Squat_FL,2,4,57.75,2020,20,1740,0.015333,0.028816,32.326450,107,281,7,0,GOOD
Subject_13,Trial_3,Squat_FL,2,6,47.41,1960,20,2660,0.013054,0.030880,32.237597,97,217,7,0,GOOD
Subject_13,Trial_4,Squat_FL,2,4,62.25,1620,20,2220,0.015815,0.034509,33.703322,103,229,7,0,GOOD
Subject_13,Trial_5,Squat_FL,2,4,44.63,2360,40,1380,0.020238,0.037779,43.118879,113,302,7,0,GOOD
Subject_13,Trial_6,Squat_FL,2,4,76.53,1760,20,2180,0.016442,0.033011,36.830517,100,273,7,0,GOOD
Subject_13,Trial_7,Squat_FL,2,4,50.35,1620,20,2300,0.012877,0.027286,27.675622,96,223,7,0,GOOD
Subject_13,Trial_8,Squat_FL,2,4,43.39,2160,20,2460,0.012343,0.026581,31.349223,101,244,7,0,GOOD
Subject_13,Trial_9,Squat_FL,2,4,70.07,1840,20,1960,0.016509,0.031908,36.950138,114,272,7,0,GOOD
Subject_13,Trial_10,Squat_FL,2,4,52.52,1840,40,2080,0.014699,0.031003,32.397875,99,238,7,0,GOOD
Subject_14,Trial_1,CORRECT,6,4,38.26,2160,100,860,0.015603,0.020957,24.758004,110,428,5,12,OK
Subject_14,Trial_2,CORRECT,6,4,42.36,2100,80,1180,0.014583,0.019564,24.002446,110,435,6,8,OK
Subject_14,Trial_3,CORRECT,5,5,33.49,2920,20,860,0.008682,0.016562,9.838718,10,53,5,12,OK
Subject_14,Trial_4,CORRECT,6,4,34.70,2260,100,1620,0.014136,0.019745,27.253960,114,428,6,8,OK
Subject_14,Trial_5,CORRECT,6,4,39.22,2300,80,1560,0.013763,0.018989,25.997201,123,427,6,8,OK
Subject_14,Trial_6,CORRECT,1,1,35.67,2840,40,1100,0.048390,0.266968,55.833112,6,11,6,4,OK
Subject_14,Trial_7,CORRECT,5,5,22.84,2880,40,940,0.008893,0.019937,9.538621,5,29,5,12,OK
Subject_14,Trial_8,CORRECT,6,4,41.76,2220,60,1540,0.013788,0.019920,26.101351,121,403,6,8,OK
Subject_14,Trial_9,CORRECT,6,4,37.47,2520,60,1280,0.014331,0.019938,27.135521,98,462,6,8,OK
Subject_14,Trial_10,CORRECT,1,4,33.02,2640,60,1280,0.098536,0.336931,82.432925,6,11,7,0,GOOD
Subject_14,Trial_11,CORRECT,1,0,23.60,1540,20,2340,0.047102,0.157864,42.545111,4,15,7,0,GOOD
Subject_14,Trial_12,CORRECT,1,4,25.55,2700,100,1660,0.080604,0.288475,82.415329,5,19,7,0,GOOD
Subject_14,Trial_13,CORRECT,1,6,25.92,1740,20,2760,0.028657,0.081415,31.956525,8,21,7,0,GOOD
Subject_14,Trial_14,CORRECT,1,1,46.63,2200,20,2260,0.026283,0.070971,27.149707,6,23,7,0,GOOD
Subject_14,Trial_15,CORRECT,1,4,32.39,3040,60,880,0.051718,0.167082,54.391874,8,17,6,4,OK
Subject_14,Trial_16,CORRECT,1,4,31.31,2740,40,1140,0.067317,0.255381,56.005773,2,8,7,0,GOOD
Subject_14,Trial_17,CORRECT,1,1,21.56,2400,20,2140,0.022420,0.085454,27.191157,4,12,7,0,GOOD
Subject_14,Trial_18,CORRECT,1,6,24.80,1380,40,1920,0.042489,0.128310,34.472875,3,17,7,0,GOOD
Subject_14,Trial_1,Squat_WT,2,4,30.83,2020,760,1920,0.010115,0.039097,18.992255,6,63,6,8,OK
Subject_14,Trial_2,Squat_WT,6,6,24.92,1620,160,2260,0.013257,0.018229,27.225760,131,482,6,8,OK
Subject_14,Trial_3,Squat_WT,6,4,22.99,1360,240,2420,0.017023,0.023890,34.359493,128,450,6,8,OK
Subject_14,Trial_4,Squat_WT,6,6,20.70,1560,200,2160,0.014582,0.020393,29.383783,134,469,6,8,OK
Subject_14,Trial_5,Squat_WT,6,6,24.13,1940,620,1480,0.013405,0.018783,27.208317,143,473,6,8,OK
Subject_14,Trial_6,Squat_WT,6,6,24.98,1780,200,2040,0.015253,0.021247,31.046903,127,492,6,8,OK
Subject_14,Trial_7,Squat_WT,6,6,25.01,1760,300,1940,0.011985,0.017021,22.490500,107,389,6,8,OK
Subject_14,Trial_8,Squat_WT,2,6,25.83,1900,200,1160,0.010434,0.022670,14.787802,18,146,6,8,OK
Subject_14,Trial_9,Squat_WT,6,6,22.68,1800,200,2140,0.011349,0.015844,23.423455,144,457,6,8,OK
Subject_14,Trial_10,Squat_WT,6,6,25.55,1700,240,1420,0.012457,0.017119,20.393562,100,380,6,8,OK
Subject_14,Trial_1,Squat_FL,1,4,27.63,2620,40,1180,0.030689,0.091315,30.930339,6,17,7,0,GOOD
Subject_14,Trial_2,Squat_FL,1,4,35.74,3140,60,1400,0.040742,0.148021,44.682651,6,17,7,0,GOOD
Subject_14,Trial_3,Squat_FL,1,4,33.79,2760,40,1760,0.032297,0.101291,35.769637,5,20,7,0,GOOD
Subject_14,Trial_4,Squat_FL,1,5,38.97,3080,20,900,0.036563,0.113091,37.373062,8,11,6,4,OK
Subject_14,Trial_5,Squat_FL,1,6,33.71,1520,20,2400,0.046447,0.152595,47.315382,5,13,7,0,GOOD
Subject_14,Trial_6,Squat_FL,1,4,31.11,3040,100,1420,0.088064,0.303966,95.474077,7,13,7,0,GOOD
Subject_14,Trial_7,Squat_FL,1,4,30.12,2700,60,1220,0.047681,0.143655,47.903246,7,15,7,0,GOOD
Subject_14,Trial_8,Squat_FL,1,4,30.71,3460,60,1140,0.040751,0.116941,46.437864,11,22,6,4,OK
Subject_14,Trial_9,Squat_FL,1,6,33.10,1620,20,2260,0.041726,0.150627,37.810778,6,10,7,0,GOOD
Subject_14,Trial_10,Squat_FL,1,5,42.47,3020,20,1480,0.042601,0.120606,44.438326,6,24,7,0,GOOD
Subject_15,Trial_1,CORRECT,6,5,53.17,2360,20,920,0.028866,0.063747,54.770581,83,211,6,4,OK
Subject_15,Trial_2,CORRECT,6,1,25.27,2160,20,1520,0.031917,0.071933,68.818111,100,237,7,0,GOOD
Subject_15,Trial_3,CORRECT,6,5,45.40,2840,20,1040,0.034094,0.064642,74.681145,115,330,6,4,OK
Subject_15,Trial_4,CORRECT,6,1,26.73,1280,20,2160,0.032249,0.068293,67.070553,88,256,7,0,GOOD
Subject_15,Trial_5,CORRECT,6,5,63.84,1280,20,1960,0.029044,0.059521,55.845538,84,262,7,0,GOOD
Subject_15,Trial_6,CORRECT,6,1,23.26,1900,20,800,0.034934,0.069818,54.435745,78,212,7,0,GOOD
Subject_15,Trial_7,CORRECT,6,5,57.17,2000,20,1200,0.031786,0.065626,60.481947,93,231,7,0,GOOD
Subject_15,Trial_8,CORRECT,6,5,42.16,1160,20,1980,0.034509,0.067083,65.719517,118,280,7,0,GOOD
Subject_15,Trial_9,CORRECT,6,5,41.98,1060,20,2100,0.031930,0.066978,59.778573,93,229,7,0,GOOD
Subject_15,Trial_10,CORRECT,6,5,55.84,2000,20,1340,0.027144,0.054851,52.232187,100,235,7,0,GOOD
Subject_15,Trial_11,CORRECT,5,7,41.06,1440,20,1880,0.026428,0.148975,24.691278,2,2,7,0,GOOD
Subject_15,Trial_12,CORRECT,6,0,51.39,2460,40,1400,0.012990,0.032348,29.416035,86,184,6,8,OK
Subject_15,Trial_13,CORRECT,6,5,40.12,2000,20,1340,0.018885,0.045609,37.855424,90,195,6,8,OK
Subject_15,Trial_14,CORRECT,6,5,36.60,2980,40,680,0.017096,0.045665,38.820831,76,191,5,12,OK
Subject_15,Trial_15,CORRECT,6,5,34.83,1880,20,1220,0.021313,0.046265,37.041019,84,221,7,0,GOOD
Subject_15,Trial_16,CORRECT,6,0,47.95,2480,80,1300,0.017624,0.045448,40.101395,88,193,6,8,OK
Subject_15,Trial_17,CORRECT,6,1,46.01,2020,20,1760,0.017296,0.040790,39.979700,104,253,6,8,OK
Subject_15,Trial_1,Squat_WT,6,0,45.13,3020,20,1440,0.020975,0.043836,56.121677,121,338,7,0,GOOD
Subject_15,Trial_2,Squat_WT,5,1,45.88,2280,20,1520,0.024549,0.148519,27.690511,2,2,7,0,GOOD
Subject_15,Trial_3,Squat_WT,6,1,39.83,2020,20,1740,0.016355,0.039440,36.817322,81,233,6,8,OK
Subject_15,Trial_4,Squat_WT,6,5,57.17,1160,20,1980,0.036362,0.069987,67.867430,91,254,7,0,GOOD
Subject_15,Trial_5,Squat_WT,6,5,29.07,2220,40,1100,0.033316,0.062703,65.882890,109,291,7,0,GOOD
Subject_15,Trial_6,Squat_WT,6,5,31.60,1160,20,2600,0.028641,0.058920,60.145752,75,243,7,0,GOOD
Subject_15,Trial_7,Squat_WT,6,5,41.84,2020,20,1180,0.037580,0.075504,71.801825,94,254,7,0,GOOD
Subject_15,Trial_8,Squat_WT,6,5,37.92,2120,40,980,0.033268,0.064204,62.797484,84,260,7,0,GOOD
Subject_15,Trial_9,Squat_WT,6,5,29.54,1120,20,2520,0.028798,0.056388,60.934980,124,274,7,0,GOOD
Subject_15,Trial_10,Squat_WT,6,0,23.24,800,40,2360,0.031530,0.063509,57.069555,89,231,6,4,OK
Subject_15,Trial_11,Squat_WT,6,0,32.64,960,20,2240,0.028608,0.051279,53.254124,123,286,7,0,GOOD
Subject_15,Trial_12,Squat_WT,6,1,29.37,2060,20,1140,0.029774,0.058572,54.459408,90,248,7,0,GOOD
Subject_15,Trial_13,Squat_WT,6,0,30.17,880,20,2780,0.033056,0.064860,68.616278,124,281,6,4,OK
Subject_15,Trial_1,Squat_FL,6,5,41.69,3760,20,800,0.023486,0.045375,65.086466,177,423,6,4,OK
Subject_15,Trial_2,Squat_FL,6,0,44.96,2880,20,1460,0.017763,0.038712,46.816938,132,329,6,8,OK
Subject_15,Trial_3,Squat_FL,6,5,52.08,2700,40,1300,0.024294,0.045593,58.344142,150,374,7,0,GOOD
Subject_15,Trial_4,Squat_FL,6,5,36.59,2860,20,1180,0.019270,0.039661,46.284374,126,315,6,8,OK
Subject_15,Trial_5,Squat_FL,6,5,37.44,3240,40,1360,0.015689,0.035796,44.013264,131,297,6,8,OK
Subject_15,Trial_6,Squat_FL,6,0,47.05,2400,40,920,0.019672,0.039705,39.976207,101,251,5,12,OK
Subject_15,Trial_7,Squat_FL,6,5,40.26,2720,40,1140,0.019615,0.038701,44.183473,119,304,6,8,OK
Subject_15,Trial_8,Squat_FL,6,5,57.01,3160,20,980,0.022277,0.045115,57.535025,143,350,6,4,OK
Subject_15,Trial_9,Squat_FL,6,5,31.82,2660,40,1120,0.016648,0.032952,36.692895,128,276,6,8,OK
Subject_15,Trial_10,Squat_FL,3,5,38.64,2760,20,1200,0.013581,0.050361,20.051959,19,52,6,8,OK
Subject_16,Trial_1,CORRECT,0,6,30.43,1100,20,1620,0.008894,0.016396,10.068981,27,106,7,0,GOOD
Subject_16,Trial_2,CORRECT,0,1,48.70,1500,40,1060,0.011625,0.021797,12.103514,27,99,7,0,GOOD
Subject_16,Trial_3,CORRECT,6,6,22.35,1220,40,1400,0.009235,0.016107,8.716640,24,95,7,0,GOOD
Subject_16,Trial_4,CORRECT,2,1,36.41,1740,60,1580,0.006647,0.012970,10.441639,49,154,6,8,OK
Subject_16,Trial_5,CORRECT,2,1,38.30,1360,20,1340,0.009988,0.017563,13.260494,55,184,7,0,GOOD
Subject_16,Trial_6,CORRECT,7,2,22.00,1360,20,1540,0.008829,0.018473,10.406259,28,73,7,0,GOOD
Subject_16,Trial_7,CORRECT,0,1,39.58,1300,60,1420,0.011307,0.021079,12.373408,31,104,7,0,GOOD
Subject_16,Trial_8,CORRECT,2,6,25.91,960,40,1700,0.012145,0.019936,16.706104,68,237,7,0,GOOD
Subject_16,Trial_9,CORRECT,0,1,36.84,1300,40,1480,0.010541,0.020110,11.102410,20,89,7,0,GOOD
Subject_16,Trial_10,CORRECT,0,6,24.50,1340,20,2060,0.008860,0.016935,12.462763,36,121,7,0,GOOD
Subject_16,Trial_1,Squat_WT,0,1,42.21,1860,20,1480,0.009167,0.018493,12.315105,39,118,7,0,GOOD
Subject_16,Trial_2,Squat_WT,2,1,38.72,1440,40,2060,0.014788,0.025757,26.553234,88,272,7,0,GOOD
Subject_16,Trial_3,Squat_WT,2,1,34.03,1520,40,1140,0.009916,0.017386,12.340510,42,170,7,0,GOOD
Subject_16,Trial_4,Squat_WT,0,6,22.18,2340,20,500,0.009082,0.015015,11.100725,52,162,6,4,OK
Subject_16,Trial_5,Squat_WT,2,7,22.58,1280,20,2100,0.012133,0.019326,18.611639,56,235,7,0,GOOD
Subject_16,Trial_6,Squat_WT,2,1,35.83,1620,80,1760,0.012232,0.020506,19.847088,67,257,7,0,GOOD
Subject_16,Trial_7,Squat_WT,0,1,33.81,1580,100,1060,0.011187,0.016389,12.009991,32,146,7,0,GOOD
Subject_16,Trial_8,Squat_WT,2,1,35.40,1760,60,860,0.010969,0.018349,13.847860,61,176,7,0,GOOD
Subject_16,Trial_9,Squat_WT,2,1,29.52,1480,100,1200,0.010157,0.016743,12.493511,47,163,7,0,GOOD
Subject_16,Trial_10,Squat_WT,2,1,30.31,1640,80,1020,0.011066,0.017920,14.724827,60,200,7,0,GOOD
Subject_16,Trial_11,Squat_WT,1,1,33.32,1600,20,1800,0.009033,0.016937,12.383543,43,129,7,0,GOOD
Subject_16,Trial_12,Squat_WT,0,1,32.32,1520,180,1080,0.010788,0.018266,11.917052,32,132,7,0,GOOD
Subject_16,Trial_1,Squat_FL,0,0,27.67,1920,80,2360,0.007681,0.013779,14.525438,66,218,7,0,GOOD
Subject_16,Trial_2,Squat_FL,2,0,27.27,2120,40,1620,0.006748,0.014175,12.512477,66,183,7,0,GOOD
Subject_16,Trial_3,Squat_FL,2,1,25.64,3080,20,780,0.015833,0.027225,34.837300,130,345,6,4,OK
Subject_16,Trial_4,Squat_FL,2,0,31.55,1860,60,1980,0.007934,0.014680,15.679188,89,239,7,0,GOOD
Subject_16,Trial_5,Squat_FL,2,0,36.69,3000,20,2040,0.006702,0.014118,17.290920,107,249,6,8,OK
Subject_16,Trial_6,Squat_FL,2,0,28.26,2940,80,1380,0.007283,0.013544,15.930225,101,261,7,0,GOOD
Subject_16,Trial_7,Squat_FL,0,5,36.50,2240,40,1640,0.008480,0.016555,14.477031,50,177,7,0,GOOD
Subject_16,Trial_8,Squat_FL,2,5,36.08,2200,20,1660,0.011240,0.020421,23.251206,89,298,7,0,GOOD
Subject_16,Trial_9,Squat_FL,2,2,23.22,2320,40,1580,0.007512,0.014519,14.852497,75,227,7,0,GOOD
Subject_16,Trial_10,Squat_FL,0,2,24.78,2340,40,1480,0.008489,0.016291,14.030852,46,167,7,0,GOOD
Subject_17,Trial_1,CORRECT,2,1,24.97,2720,40,1800,0.015240,0.027677,27.838430,51,252,7,0,GOOD
Subject_17,Trial_2,CORRECT,2,5,35.26,2580,20,1260,0.016799,0.031260,26.210734,62,193,7,0,GOOD
Subject_17,Trial_3,CORRECT,2,1,43.07,1340,20,2620,0.011577,0.020621,21.529247,81,244,7,0,GOOD
Subject_17,Trial_4,CORRECT,2,5,38.27,2320,20,1600,0.014616,0.025361,27.106090,83,287,7,0,GOOD
Subject_17,Trial_5,CORRECT,2,1,35.25,2620,20,1080,0.012502,0.020260,21.687120,96,292,7,0,GOOD
Subject_17,Trial_6,CORRECT,2,1,31.75,2820,20,1560,0.012905,0.021876,25.641546,89,275,7,0,GOOD
Subject_17,Trial_7,CORRECT,2,1,29.78,2600,20,1280,0.014816,0.024282,26.649857,93,313,7,0,GOOD
Subject_17,Trial_8,CORRECT,2,1,40.19,1520,20,2520,0.012474,0.021463,22.074076,87,254,7,0,GOOD
Subject_17,Trial_9,CORRECT,2,5,67.84,2660,20,1720,0.012888,0.021889,24.821067,87,297,7,0,GOOD
Subject_17,Trial_10,CORRECT,2,1,61.44,2800,20,1540,0.012896,0.022160,24.434399,83,269,7,0,GOOD
Subject_17,Trial_11,CORRECT,2,5,25.61,2420,40,2120,0.014807,0.028648,32.598250,99,283,7,0,GOOD
Subject_17,Trial_12,CORRECT,2,1,66.35,3060,20,1360,0.014374,0.027982,30.192089,90,265,7,0,GOOD
Subject_17,Trial_13,CORRECT,2,1,42.78,3020,20,1340,0.015474,0.027402,31.958728,106,278,7,0,GOOD
Subject_17,Trial_14,CORRECT,2,1,44.20,3200,20,1280,0.015220,0.028094,32.272408,103,273,7,0,GOOD
Subject_17,Trial_15,CORRECT,2,1,44.88,3820,20,1400,0.012946,0.024593,31.817679,114,301,6,4,OK
Subject_17,Trial_16,CORRECT,2,1,43.03,2020,20,2400,0.014164,0.026232,29.326854,94,253,7,0,GOOD
Subject_17,Trial_17,CORRECT,2,5,39.60,3060,20,1440,0.014401,0.026544,31.663037,112,326,7,0,GOOD
Subject_17,Trial_18,CORRECT,2,1,72.49,2220,20,2280,0.015155,0.026824,32.428366,111,299,7,0,GOOD
Subject_17,Trial_19,CORRECT,2,5,33.56,3120,20,1380,0.015666,0.028897,32.524478,88,264,7,0,GOOD
Subject_17,Trial_20,CORRECT,2,5,40.04,3100,20,1380,0.016850,0.031448,35.595228,91,252,7,0,GOOD
Subject_17,Trial_21,CORRECT,3,1,23.68,2880,20,1620,0.022283,0.027850,29.846934,23,134,7,0,GOOD
Subject_17,Trial_22,CORRECT,2,1,30.74,2880,20,1120,0.015769,0.023021,29.617512,104,349,6,4,OK
Subject_17,Trial_23,CORRECT,2,4,23.74,2880,20,1480,0.014386,0.021216,29.219286,120,370,7,0,GOOD
Subject_17,Trial_24,CORRECT,2,4,24.72,2720,20,1240,0.014524,0.022686,27.128331,93,303,7,0,GOOD
Subject_17,Trial_25,CORRECT,2,1,36.67,2900,20,1800,0.019747,0.027839,39.350079,97,328,7,0,GOOD
Subject_17,Trial_26,CORRECT,2,4,33.64,2740,20,1640,0.017735,0.024348,32.065079,92,328,7,0,GOOD
Subject_17,Trial_27,CORRECT,2,4,24.43,3100,20,2280,0.015552,0.021950,33.394871,93,330,7,0,GOOD
Subject_17,Trial_28,CORRECT,2,5,36.76,2960,20,1520,0.018535,0.027018,36.513377,106,355,7,0,GOOD
Subject_17,Trial_29,CORRECT,2,5,29.95,2980,20,1580,0.016946,0.024318,32.180461,96,314,7,0,GOOD
Subject_17,Trial_30,CORRECT,2,5,26.24,1820,20,2600,0.019505,0.030147,36.665870,95,325,7,0,GOOD
Subject_17,Trial_31,CORRECT,2,1,28.88,3080,20,1580,0.018728,0.029820,35.974731,88,286,7,0,GOOD
Subject_17,Trial_32,CORRECT,2,0,30.31,2740,40,1700,0.017117,0.032487,30.844158,53,224,7,0,GOOD
Subject_17,Trial_1,Squat_FL,2,4,36.35,1840,20,2040,0.018845,0.033102,34.772839,107,285,7,0,GOOD
Subject_17,Trial_2,Squat_FL,2,4,36.09,2180,20,2780,0.012363,0.023058,29.193762,111,294,7,0,GOOD
Subject_17,Trial_3,Squat_FL,2,4,34.53,1840,40,2460,0.018923,0.034190,40.388394,113,299,7,0,GOOD
Subject_17,Trial_4,Squat_FL,2,4,33.06,2120,20,3020,0.014248,0.027259,34.817073,108,301,6,16,OK
Subject_17,Trial_5,Squat_FL,2,4,32.56,1840,20,2680,0.017415,0.031682,37.634094,99,287,7,0,GOOD
Subject_17,Trial_6,Squat_FL,2,4,35.30,1800,20,2620,0.017141,0.030070,37.386539,110,322,7,0,GOOD
Subject_17,Trial_7,Squat_FL,2,4,32.40,2380,60,2680,0.014164,0.026827,35.163304,119,298,7,0,GOOD
Subject_17,Trial_8,Squat_FL,2,1,37.57,3360,40,1160,0.014135,0.025476,30.151554,82,293,6,4,OK
Subject_17,Trial_9,Squat_FL,2,4,31.07,2480,40,2600,0.012948,0.025046,32.036035,105,295,7,0,GOOD
Subject_17,Trial_10,Squat_FL,2,4,36.85,2160,20,2220,0.015705,0.027197,33.654793,133,308,7,0,GOOD
Subject_18,Trial_1,CORRECT,3,6,31.12,2320,40,1420,0.023175,0.120955,25.485698,3,8,6,8,OK
Subject_18,Trial_2,CORRECT,2,4,71.77,2400,20,1440,0.042425,0.079545,92.231524,117,330,7,0,GOOD
Subject_18,Trial_3,CORRECT,2,1,34.01,1560,20,2100,0.055596,0.077837,113.183280,159,508,7,0,GOOD
Subject_18,Trial_4,CORRECT,2,6,22.49,2440,20,300,0.060181,0.098859,92.818139,100,293,5,6,OK
Subject_18,Trial_5,CORRECT,2,1,35.73,1680,20,2120,0.059427,0.146857,111.722069,64,244,7,0,GOOD
Subject_18,Trial_6,CORRECT,2,4,32.23,1420,20,80,0.081210,0.108530,70.934113,73,247,5,6,OK
Subject_18,Trial_7,CORRECT,2,5,38.91,3320,20,480,0.050831,0.081207,107.246017,135,393,5,6,OK
Subject_18,Trial_8,CORRECT,2,6,35.26,2340,20,1460,0.055313,0.087787,119.839923,144,442,7,0,GOOD
Subject_18,Trial_9,CORRECT,2,5,29.74,3220,60,1160,0.034911,0.061239,91.371807,162,456,5,12,OK
Subject_18,Trial_10,CORRECT,2,5,30.26,3300,40,1900,0.030217,0.053879,88.557905,172,488,6,8,OK
Subject_18,Trial_11,CORRECT,2,5,27.18,2820,20,1680,0.034200,0.053831,86.556818,163,516,6,8,OK
Subject_18,Trial_12,CORRECT,2,1,26.73,3400,20,1800,0.033613,0.064275,99.100279,175,425,6,8,OK
Subject_18,Trial_13,CORRECT,2,5,29.44,2840,40,1720,0.039473,0.073711,99.824878,136,398,7,0,GOOD
Subject_18,Trial_14,CORRECT,2,1,29.02,2300,20,2200,0.037998,0.065426,95.028096,140,386,7,0,GOOD
Subject_18,Trial_15,CORRECT,2,5,27.22,2980,20,1360,0.036731,0.065874,88.713922,137,402,7,0,GOOD
Subject_18,Trial_16,CORRECT,2,4,25.01,1820,20,2700,0.036685,0.067277,94.695443,154,411,7,0,GOOD
Subject_18,Trial_17,CORRECT,2,6,30.98,3100,20,1400,0.032183,0.060640,84.147327,148,400,6,8,OK
Subject_18,Trial_18,CORRECT,2,7,47.09,1200,20,4640,0.056411,0.095764,202.342430,241,673,5,20,OK
Subject_18,Trial_19,CORRECT,2,5,41.69,3140,40,1500,0.049592,0.081625,139.565721,212,539,7,0,GOOD
Subject_18,Trial_20,CORRECT,2,4,32.93,3040,40,1320,0.057784,0.092604,150.886780,158,503,7,0,GOOD
Subject_18,Trial_21,CORRECT,2,7,64.11,2720,20,1400,0.054188,0.093948,129.083777,144,430,7,0,GOOD
Subject_18,Trial_22,CORRECT,2,5,48.54,2760,20,1320,0.054509,0.088680,128.554571,161,443,7,0,GOOD
Subject_18,Trial_23,CORRECT,2,4,30.87,2660,40,1160,0.053482,0.082293,119.870699,144,457,7,0,GOOD
Subject_18,Trial_24,CORRECT,2,3,35.65,2740,20,1500,0.059909,0.097815,150.683382,162,478,7,0,GOOD
Subject_18,Trial_25,CORRECT,2,3,41.04,2600,20,1460,0.058482,0.093248,142.218830,175,476,7,0,GOOD
Subject_18,Trial_26,CORRECT,2,4,39.91,2520,20,1200,0.063500,0.101091,142.005908,165,487,7,0,GOOD
Subject_18,Trial_1,Squat_WT,2,0,28.69,2360,20,1420,0.049156,0.085290,111.578217,122,377,7,0,GOOD
Subject_18,Trial_1,Squat_FL,2,7,28.03,3600,40,1420,0.041087,0.075542,117.508919,173,455,6,4,OK
Subject_18,Trial_2,Squat_FL,2,4,32.43,3260,20,1380,0.017622,0.032108,47.076530,166,422,6,8,OK
Subject_18,Trial_3,Squat_FL,2,4,78.37,4100,20,440,0.047145,0.083475,122.893989,173,454,4,22,WEAK
Subject_18,Trial_4,Squat_FL,2,0,27.41,3040,20,1460,0.049207,0.084227,126.490491,166,467,7,0,GOOD
Subject_18,Trial_5,Squat_FL,2,5,28.46,3120,20,840,0.045966,0.081511,109.362498,165,416,6,4,OK
Subject_18,Trial_6,Squat_FL,2,0,26.06,1720,40,2660,0.039651,0.077134,102.730905,143,374,7,0,GOOD
Subject_18,Trial_7,Squat_FL,2,3,30.30,2180,20,1840,0.037999,0.069467,89.973007,152,367,7,0,GOOD
Subject_18,Trial_8,Squat_FL,2,5,31.38,3100,40,1460,0.027208,0.047389,73.816487,180,440,6,8,OK
Subject_18,Trial_9,Squat_FL,2,7,34.16,3060,20,1340,0.019700,0.034831,50.626788,166,415,6,8,OK
Subject_18,Trial_10,Squat_FL,2,3,42.53,3720,40,740,0.021394,0.033774,57.134347,181,546,5,12,OK
Subject_19,Trial_1,CORRECT,4,5,43.75,2860,20,2260,0.014865,0.034057,36.938508,79,215,7,0,GOOD
Subject_19,Trial_2,CORRECT,4,4,43.08,1060,20,2940,0.014169,0.028295,25.907162,66,197,6,4,OK
Subject_19,Trial_3,CORRECT,4,4,32.07,1000,20,2760,0.015155,0.031904,26.157272,64,179,6,4,OK
Subject_19,Trial_4,CORRECT,4,4,42.34,1020,20,2700,0.016032,0.030122,27.868843,79,196,6,4,OK
Subject_19,Trial_5,CORRECT,4,4,70.60,1020,20,2940,0.013877,0.030768,26.345695,70,168,6,4,OK
Subject_19,Trial_6,CORRECT,4,0,44.85,1040,20,2760,0.012525,0.025469,23.879092,78,200,6,4,OK
Subject_19,Trial_7,CORRECT,6,4,28.84,3080,20,1360,0.012053,0.023682,29.284835,109,321,7,0,GOOD
Subject_19,Trial_8,CORRECT,2,5,26.89,1780,20,2680,0.011195,0.023890,23.070964,64,172,7,0,GOOD
Subject_19,Trial_9,CORRECT,6,1,41.59,3280,80,1700,0.014745,0.028163,40.651763,142,346,7,0,GOOD
Subject_19,Trial_10,CORRECT,5,1,40.96,3360,160,1460,0.010788,0.025295,16.368543,13,60,7,0,GOOD
Subject_19,Trial_11,CORRECT,6,1,44.26,3140,80,1740,0.014559,0.028121,40.481460,145,374,7,0,GOOD
Subject_19,Trial_12,CORRECT,6,5,22.37,1880,40,2600,0.012041,0.022582,28.560167,105,298,7,0,GOOD
Subject_19,Trial_13,CORRECT,2,1,45.86,3380,40,1560,0.012975,0.023468,29.937342,95,251,7,0,GOOD
Subject_19,Trial_14,CORRECT,2,1,43.42,2320,40,2080,0.011224,0.020424,23.235241,86,225,7,0,GOOD
Subject_19,Trial_15,CORRECT,6,5,22.24,3140,40,1280,0.011368,0.021217,27.540568,111,323,7,0,GOOD
Subject_19,Trial_16,CORRECT,6,1,47.00,3300,60,1120,0.011856,0.021843,28.224277,136,351,6,4,OK
Subject_19,Trial_1,Squat_WT,4,1,41.41,1280,20,2680,0.013401,0.028726,25.615313,57,173,7,0,GOOD
Subject_19,Trial_2,Squat_WT,6,4,42.43,660,20,2720,0.013436,0.025387,22.766487,68,195,6,4,OK
Subject_19,Trial_3,Squat_WT,4,4,36.09,1020,40,2340,0.018291,0.039647,30.125056,57,139,7,0,GOOD
Subject_19,Trial_4,Squat_WT,4,4,42.21,880,20,3160,0.021938,0.045108,43.173200,81,196,5,20,OK
Subject_19,Trial_5,Squat_WT,4,5,43.39,1360,20,2580,0.014940,0.033776,27.951780,46,174,7,0,GOOD
Subject_19,Trial_6,Squat_WT,4,5,47.88,1520,20,2520,0.019300,0.041816,35.903936,52,136,7,0,GOOD
Subject_19,Trial_7,Squat_WT,4,5,43.78,1460,20,1920,0.027506,0.049064,42.937740,66,205,7,0,GOOD
Subject_19,Trial_8,Squat_WT,4,5,47.28,1580,20,2440,0.021768,0.042701,40.545356,76,194,7,0,GOOD
Subject_19,Trial_9,Squat_WT,4,5,53.24,1520,20,1820,0.019689,0.037761,30.349908,55,168,7,0,GOOD
Subject_19,Trial_10,Squat_WT,4,4,34.57,2080,20,2040,0.014751,0.027606,27.518465,82,218,7,0,GOOD
Subject_19,Trial_11,Squat_WT,4,1,55.73,1140,20,2240,0.020424,0.041313,31.788727,51,169,7,0,GOOD
Subject_19,Trial_12,Squat_WT,4,5,53.03,1240,20,2160,0.018735,0.032972,28.986041,59,214,7,0,GOOD
Subject_19,Trial_13,Squat_WT,4,5,45.22,2300,20,1040,0.017977,0.034514,27.913586,64,200,7,0,GOOD
Subject_19,Trial_1,Squat_FL,6,1,41.88,3220,60,1180,0.011332,0.021744,27.704580,136,312,6,4,OK
Subject_19,Trial_2,Squat_FL,6,1,51.11,3420,20,1660,0.009364,0.016617,26.491496,164,394,7,0,GOOD
Subject_19,Trial_3,Squat_FL,6,1,45.79,3080,80,1420,0.015658,0.031182,41.524202,140,347,7,0,GOOD
Subject_19,Trial_4,Squat_FL,6,0,29.64,2280,20,2800,0.010821,0.023757,29.749642,103,287,7,0,GOOD
Subject_19,Trial_5,Squat_FL,6,5,47.13,2800,20,2200,0.009928,0.019291,27.128936,133,343,7,0,GOOD
Subject_19,Trial_6,Squat_FL,6,5,28.31,2440,40,2200,0.012329,0.023733,32.582978,119,360,7,0,GOOD
Subject_19,Trial_7,Squat_FL,6,1,51.63,3200,40,1300,0.009454,0.017216,23.388559,124,364,7,0,GOOD
Subject_19,Trial_8,Squat_FL,6,1,44.20,3700,40,1360,0.020135,0.031520,57.807321,190,558,6,4,OK
Subject_19,Trial_9,Squat_FL,6,5,33.75,3320,20,1060,0.014106,0.026634,35.052583,143,329,6,4,OK
Subject_19,Trial_10,Squat_FL,6,7,31.49,1620,20,2840,0.010919,0.021427,25.873700,112,304,7,0,GOOD
Subject_20,Trial_1,CORRECT,2,5,17.80,1220,20,2660,0.010403,0.017065,23.180597,147,386,6,1,OK
Subject_20,Trial_2,CORRECT,2,5,43.94,2280,20,2300,0.007731,0.014832,19.101480,122,300,7,0,GOOD
Subject_20,Trial_3,CORRECT,2,0,26.80,2260,100,2140,0.007338,0.013467,18.117210,125,334,7,0,GOOD
Subject_20,Trial_4,CORRECT,2,1,17.67,2780,20,1280,0.008432,0.014199,19.963541,145,403,6,1,OK
Subject_20,Trial_5,CORRECT,2,1,46.92,2440,20,800,0.010955,0.020556,19.345145,89,245,6,4,OK
Subject_20,Trial_6,CORRECT,2,1,32.18,2580,20,820,0.010013,0.016441,19.426408,111,328,6,4,OK
Subject_20,Trial_7,CORRECT,2,1,52.58,1760,20,2160,0.010381,0.017890,23.955969,147,404,7,0,GOOD
Subject_20,Trial_1,Squat_WT,5,7,21.62,4120,20,120,0.009140,0.017700,10.154083,16,31,4,22,WEAK
Subject_20,Trial_2,Squat_WT,1,5,46.67,1920,20,1940,0.009119,0.029614,9.699597,7,13,7,0,GOOD
Subject_20,Trial_3,Squat_WT,1,5,22.10,1800,20,2660,0.007502,0.019752,10.426057,14,28,7,0,GOOD
Subject_20,Trial_4,Squat_WT,1,5,15.74,3560,40,840,0.006285,0.016213,7.915735,9,26,4,13,WEAK
Subject_20,Trial_5,Squat_WT,1,5,16.02,2180,60,2120,0.008500,0.021362,10.048144,12,28,6,1,OK
Subject_20,Trial_6,Squat_WT,1,5,21.55,3300,20,660,0.006196,0.017854,7.931159,7,33,5,12,OK
Subject_20,Trial_7,Squat_WT,1,5,18.66,3280,20,2420,0.005634,0.016967,10.216011,16,33,5,9,OK
Subject_20,Trial_8,Squat_WT,1,0,29.66,2540,40,2000,0.008174,0.023285,10.940457,15,26,7,0,GOOD
Subject_20,Trial_9,Squat_WT,1,0,34.12,3140,20,1320,0.007748,0.021078,10.828210,9,24,7,0,GOOD
Subject_20,Trial_10,Squat_WT,1,5,22.00,1740,20,2720,0.006888,0.020912,9.575670,10,28,6,8,OK
Subject_20,Trial_11,Squat_WT,2,1,18.88,2340,20,1060,0.012761,0.020491,26.935565,153,439,6,1,OK
Subject_20,Trial_12,Squat_WT,2,1,19.08,3000,20,960,0.009526,0.017672,21.274939,119,336,5,5,OK
Subject_20,Trial_13,Squat_WT,2,1,27.93,3020,20,940,0.008522,0.016596,19.124353,101,274,6,4,OK
Subject_20,Trial_14,Squat_WT,2,5,19.33,3080,40,780,0.009764,0.016946,21.839241,141,376,5,5,OK
Subject_20,Trial_15,Squat_WT,2,1,39.93,2840,20,1120,0.009857,0.016811,22.178773,116,389,6,4,OK
Subject_20,Trial_16,Squat_WT,2,1,41.30,1420,20,2620,0.008711,0.014509,19.985146,144,420,7,0,GOOD
Subject_20,Trial_1,Squat_FL,1,1,19.96,3480,20,380,0.005151,0.012072,6.585157,12,52,3,15,WEAK
Subject_20,Trial_2,Squat_FL,2,1,17.71,3440,20,1140,0.004130,0.006984,10.284549,124,332,4,13,WEAK
Subject_20,Trial_3,Squat_FL,1,2,19.23,2340,40,2020,0.004908,0.012855,7.006732,10,42,5,9,OK
Subject_20,Trial_4,Squat_FL,1,5,14.57,3560,20,360,0.006058,0.013930,6.935612,15,34,3,15,WEAK
Subject_20,Trial_5,Squat_FL,1,5,10.01,2600,20,2220,0.004789,0.012005,7.274225,16,46,5,9,OK
Subject_20,Trial_6,Squat_FL,1,1,18.18,3280,20,640,0.004883,0.012066,6.407369,11,44,4,13,WEAK
Subject_20,Trial_7,Squat_FL,1,5,35.74,3740,20,680,0.004402,0.009550,6.354540,18,68,5,12,OK
Subject_20,Trial_8,Squat_FL,2,2,22.53,1660,40,2200,0.005568,0.009370,12.208641,126,333,6,8,OK
Subject_20,Trial_9,Squat_FL,2,1,15.41,1860,20,2020,0.004297,0.007746,9.247144,110,275,5,9,OK
Subject_20,Trial_10,Squat_FL,2,1,17.39,2300,20,2100,0.005363,0.010006,13.027471,105,308,5,9,OK
Subject_21,Trial_1,CORRECT,6,6,27.32,2800,20,460,0.011775,0.021362,21.042651,100,263,5,6,OK
Subject_21,Trial_2,CORRECT,6,6,21.16,2760,40,460,0.022091,0.037135,35.702790,71,273,5,6,OK
Subject_21,Trial_3,CORRECT,2,0,22.26,2160,20,1200,0.019286,0.034179,30.380305,75,246,7,0,GOOD
Subject_21,Trial_4,CORRECT,6,4,25.92,1940,60,1400,0.020250,0.034737,33.682169,88,265,7,0,GOOD
Subject_21,Trial_5,CORRECT,2,6,35.75,2420,20,920,0.014179,0.029714,23.906842,61,213,6,4,OK
Subject_21,Trial_6,CORRECT,2,6,31.28,2560,40,800,0.013625,0.029705,23.703023,73,192,6,4,OK
Subject_21,Trial_7,CORRECT,2,6,32.89,3600,20,320,0.011119,0.021852,24.343885,112,290,4,14,WEAK
Subject_21,Trial_8,CORRECT,2,2,24.38,3480,40,220,0.009043,0.017666,18.293330,102,263,4,14,WEAK
Subject_21,Trial_9,CORRECT,6,6,27.90,4620,20,380,0.019385,0.032687,41.786156,103,288,4,22,WEAK
Subject_21,Trial_10,CORRECT,6,6,24.92,3440,20,340,0.017545,0.035555,29.689190,51,179,5,6,OK
Subject_21,Trial_11,CORRECT,6,5,19.06,2860,20,880,0.017650,0.034514,27.933911,52,177,5,5,OK
Subject_21,Trial_12,CORRECT,6,6,24.40,3520,40,380,0.013600,0.028910,24.145080,58,163,5,6,OK
Subject_21,Trial_13,CORRECT,6,0,26.00,1780,40,2780,0.014022,0.029130,27.675647,62,206,7,0,GOOD
Subject_21,Trial_14,CORRECT,2,5,14.82,3000,20,1320,0.010212,0.019925,24.274864,109,318,5,9,OK
Subject_21,Trial_15,CORRECT,6,6,41.30,3460,20,400,0.016655,0.034411,26.455096,49,180,5,6,OK
Subject_21,Trial_16,CORRECT,6,6,34.33,3400,20,500,0.013832,0.025424,23.543587,84,203,6,4,OK
Subject_21,Trial_17,CORRECT,6,6,28.20,3140,40,460,0.021282,0.037184,40.061343,98,333,5,6,OK
Subject_21,Trial_18,CORRECT,6,0,33.44,1120,20,2820,0.017121,0.029240,33.440814,78,322,6,4,OK
Subject_21,Trial_19,CORRECT,6,4,20.06,2300,60,1040,0.021006,0.036563,36.411782,102,289,7,0,GOOD
Subject_21,Trial_20,CORRECT,6,6,28.71,3000,20,360,0.018556,0.029886,32.447533,100,336,5,6,OK
Subject_21,Trial_21,CORRECT,6,6,24.51,2060,40,1140,0.014375,0.024675,24.188974,82,277,7,0,GOOD
Subject_21,Trial_1,Squat_WT,2,0,23.02,1780,40,1540,0.015645,0.033039,25.325660,59,183,7,0,GOOD
Subject_21,Trial_2,Squat_WT,6,6,30.13,2580,20,800,0.017453,0.031722,29.175411,76,242,6,4,OK
Subject_21,Trial_3,Squat_WT,6,4,27.91,2120,60,1080,0.017847,0.033670,30.103652,75,252,7,0,GOOD
Subject_21,Trial_4,Squat_WT,6,0,23.13,900,20,2440,0.017400,0.031812,27.746247,75,239,6,4,OK
Subject_21,Trial_5,Squat_WT,6,5,24.82,1260,40,2080,0.027735,0.039843,47.758562,114,392,7,0,GOOD
Subject_21,Trial_6,Squat_WT,6,6,33.42,2620,20,780,0.021346,0.034282,35.581181,92,296,6,4,OK
Subject_21,Trial_7,Squat_WT,6,6,26.79,2480,40,160,0.023992,0.039315,32.643315,76,263,5,6,OK
Subject_21,Trial_8,Squat_WT,6,6,25.22,2840,20,520,0.020362,0.031806,32.208761,90,299,6,4,OK
Subject_21,Trial_9,Squat_WT,6,1,30.84,1240,20,2240,0.016537,0.030498,29.980705,98,262,7,0,GOOD
Subject_21,Trial_1,Squat_FL,6,6,27.01,1500,20,2380,0.013755,0.028048,23.392750,58,180,7,0,GOOD
Subject_21,Trial_2,Squat_FL,6,6,39.81,3720,20,180,0.012552,0.020684,22.993706,84,283,5,6,OK
Subject_21,Trial_3,Squat_FL,6,6,28.85,2800,40,1120,0.014814,0.027148,27.447347,80,251,7,0,GOOD
Subject_21,Trial_4,Squat_FL,6,6,32.43,2720,40,1220,0.013200,0.024282,24.694653,89,239,7,0,GOOD
Subject_21,Trial_5,Squat_FL,6,6,29.00,3120,40,740,0.011524,0.020258,20.672740,64,238,5,12,OK
Subject_21,Trial_6,Squat_FL,6,6,27.45,3340,40,1160,0.011664,0.020633,24.828525,96,268,6,4,OK
Subject_21,Trial_7,Squat_FL,6,6,25.42,3080,40,900,0.012933,0.022168,25.143321,90,276,6,4,OK
Subject_21,Trial_8,Squat_FL,6,0,29.72,1840,20,2160,0.011665,0.019153,20.894479,95,254,7,0,GOOD
Subject_21,Trial_9,Squat_FL,6,2,24.90,3640,40,140,0.013069,0.022379,23.195371,83,250,5,6,OK
Subject_21,Trial_10,Squat_FL,6,6,27.89,3020,60,860,0.012071,0.020272,22.008988,94,262,6,4,OK
Subject_22,Trial_1,CORRECT,2,1,32.84,900,40,2380,0.037973,0.056847,65.425349,118,361,6,4,OK
Subject_22,Trial_2,CORRECT,2,1,43.22,1800,20,1940,0.039323,0.064903,76.443824,118,357,7,0,GOOD
Subject_22,Trial_3,CORRECT,2,4,41.54,1820,20,1980,0.039366,0.072089,76.793809,108,284,7,0,GOOD
Subject_22,Trial_4,CORRECT,2,1,38.62,1940,60,1440,0.049012,0.078991,89.881642,125,368,7,0,GOOD
Subject_22,Trial_5,CORRECT,2,6,24.55,1540,80,1740,0.039983,0.067877,72.464633,93,329,7,0,GOOD
Subject_22,Trial_6,CORRECT,3,1,37.60,2020,40,1880,0.026478,0.172449,31.764497,2,4,6,8,OK
Subject_22,Trial_7,CORRECT,2,6,39.15,1860,20,2020,0.037489,0.064178,74.737789,117,326,7,0,GOOD
Subject_22,Trial_8,CORRECT,2,6,25.95,1280,20,1960,0.047391,0.077987,81.023829,95,293,7,0,GOOD
Subject_22,Trial_9,CORRECT,2,0,38.55,1640,40,1640,0.038775,0.066480,66.613610,105,303,7,0,GOOD
Subject_22,Trial_10,CORRECT,2,4,26.93,1600,60,1580,0.042639,0.071631,73.729677,101,310,7,0,GOOD
Subject_22,Trial_11,CORRECT,2,5,43.47,1780,60,1000,0.040044,0.058449,56.273825,95,307,7,0,GOOD
Subject_22,Trial_12,CORRECT,2,4,30.67,660,20,2480,0.028549,0.045577,46.876555,102,293,6,4,OK
Subject_22,Trial_13,CORRECT,3,5,43.59,1380,40,1980,0.013268,0.061566,13.594621,1,4,6,8,OK
Subject_22,Trial_14,CORRECT,3,5,38.67,1900,120,1380,0.013331,0.062806,13.623241,1,6,6,8,OK
Subject_22,Trial_15,CORRECT,3,5,40.57,1320,40,1700,0.015863,0.068649,15.205963,2,6,6,8,OK
Subject_22,Trial_16,CORRECT,3,5,41.33,2060,80,1240,0.015047,0.058240,15.334179,4,10,6,8,OK
Subject_22,Trial_1,Squat_WT,2,4,33.08,1020,40,2340,0.033351,0.054872,56.287432,88,316,7,0,GOOD
Subject_22,Trial_2,Squat_WT,2,1,30.69,2160,20,1240,0.030894,0.051602,53.562971,102,312,7,0,GOOD
Subject_22,Trial_3,Squat_WT,5,4,32.04,760,40,2480,0.018391,0.078416,15.116609,3,3,5,12,OK
Subject_22,Trial_4,Squat_WT,2,5,42.70,2160,40,980,0.039363,0.058093,65.954632,114,349,7,0,GOOD
Subject_22,Trial_5,Squat_WT,6,4,27.28,1040,40,2140,0.030220,0.096917,34.521970,5,45,7,0,GOOD
Subject_22,Trial_6,Squat_WT,2,4,25.32,1740,40,2080,0.042356,0.067511,84.869502,123,397,7,0,GOOD
Subject_22,Trial_7,Squat_WT,3,4,24.28,900,20,2540,0.016274,0.068688,16.652898,3,7,5,12,OK
Subject_22,Trial_8,Squat_WT,3,0,29.53,840,20,2500,0.012217,0.053822,11.734845,1,4,5,12,OK
Subject_22,Trial_9,Squat_WT,3,4,24.98,640,60,2660,0.012027,0.051607,11.908572,2,5,5,12,OK
Subject_22,Trial_10,Squat_WT,2,4,21.91,540,20,2540,0.031700,0.049502,49.189520,92,294,6,4,OK
Subject_22,Trial_1,Squat_FL,2,1,43.27,2320,60,1520,0.036807,0.062247,77.584588,115,392,7,0,GOOD
Subject_22,Trial_2,Squat_FL,2,4,48.77,2040,20,2340,0.023681,0.043163,51.994121,109,330,6,8,OK
Subject_22,Trial_3,Squat_FL,2,0,32.28,1840,60,2320,0.030897,0.055138,67.394118,111,340,7,0,GOOD
Subject_22,Trial_4,Squat_FL,2,5,32.15,1540,20,2280,0.037820,0.065259,73.063290,96,336,7,0,GOOD
Subject_22,Trial_5,Squat_FL,2,1,43.93,2680,40,1260,0.030904,0.054031,64.162848,107,332,7,0,GOOD
Subject_22,Trial_6,Squat_FL,2,0,39.85,1880,20,2080,0.030473,0.052602,60.128335,111,326,7,0,GOOD
Subject_22,Trial_7,Squat_FL,2,6,36.33,1540,20,2280,0.032357,0.058554,65.234308,94,330,7,0,GOOD
Subject_22,Trial_8,Squat_FL,2,4,35.68,1940,40,2580,0.031288,0.054274,73.374165,126,349,7,0,GOOD
Subject_22,Trial_9,Squat_FL,2,1,49.12,2940,20,1100,0.029979,0.052164,63.797397,115,348,6,4,OK
Subject_22,Trial_10,Squat_FL,2,4,35.75,1700,20,2000,0.031768,0.053193,60.161817,115,322,7,0,GOOD
Subject_23,Trial_1,CORRECT,5,0,31.68,880,20,2700,0.010499,0.051547,10.546188,3,5,6,4,OK
Subject_23,Trial_2,CORRECT,2,1,22.88,2840,20,1420,0.015390,0.029971,34.949792,105,277,7,0,GOOD
Subject_23,Trial_3,CORRECT,2,1,21.92,2060,20,2400,0.013836,0.025433,32.757633,104,320,7,0,GOOD
Subject_23,Trial_4,CORRECT,2,0,21.88,1920,20,2560,0.011940,0.025114,26.698233,96,231,7,0,GOOD
Subject_23,Trial_5,CORRECT,2,1,29.54,2540,20,3080,0.012888,0.027570,37.425935,126,321,6,16,OK
Subject_23,Trial_1,Squat_WT,5,0,30.69,1020,20,2680,0.004970,0.019482,5.529857,2,6,5,12,OK
Subject_23,Trial_2,Squat_WT,2,4,20.78,1040,20,2780,0.019964,0.036655,41.005301,94,304,6,4,OK
Subject_23,Trial_3,Squat_WT,0,4,42.79,2860,20,480,0.015356,0.026144,21.413729,52,182,5,6,OK
Subject_23,Trial_4,Squat_WT,0,0,39.50,2680,20,1080,0.014470,0.024394,20.668777,46,161,7,0,GOOD
Subject_23,Trial_5,Squat_WT,5,0,19.99,1140,20,2640,0.010362,0.049012,10.826515,5,4,6,1,OK
Subject_23,Trial_6,Squat_WT,2,5,34.80,2100,20,2980,0.012276,0.025536,34.553506,118,302,7,0,GOOD
Subject_23,Trial_7,Squat_WT,2,5,17.34,3360,20,1180,0.019895,0.034995,48.396252,121,345,5,5,OK
Subject_23,Trial_8,Squat_WT,2,1,25.00,3440,20,1760,0.015124,0.032438,44.809090,135,333,7,0,GOOD
Subject_23,Trial_9,Squat_WT,2,2,21.45,1440,20,3000,0.016472,0.030726,38.624005,111,307,7,0,GOOD
Subject_23,Trial_10,Squat_WT,2,1,20.33,2240,40,2280,0.015049,0.029694,35.321928,117,276,7,0,GOOD
Subject_23,Trial_11,Squat_WT,2,1,17.49,2200,40,2920,0.013479,0.026606,37.985177,146,361,6,1,OK
Subject_23,Trial_12,Squat_WT,2,0,24.15,4340,20,560,0.015006,0.027571,38.920214,109,363,5,20,OK
Subject_23,Trial_13,Squat_WT,4,1,23.25,2220,20,1780,0.014188,0.058613,18.492004,6,6,7,0,GOOD
Subject_23,Trial_14,Squat_WT,2,0,62.84,3000,20,1020,0.019533,0.036762,41.048864,105,273,6,4,OK
Subject_23,Trial_15,Squat_WT,2,0,32.93,3380,20,620,0.022662,0.042677,49.031732,117,301,6,4,OK
Subject_23,Trial_16,Squat_WT,2,1,28.75,2120,40,1240,0.026345,0.044050,48.350109,101,316,7,0,GOOD
Subject_23,Trial_17,Squat_WT,2,1,20.31,2140,20,1300,0.024299,0.040107,43.283397,95,293,7,0,GOOD
Subject_23,Trial_18,Squat_WT,2,1,32.33,2220,20,1180,0.022281,0.039563,39.734789,91,245,7,0,GOOD
Subject_23,Trial_19,Squat_WT,2,1,18.12,2240,40,1160,0.023238,0.038936,42.642366,106,313,6,1,OK
Subject_23,Trial_20,Squat_WT,4,1,48.85,2280,20,1680,0.016028,0.105145,19.132920,1,3,7,0,GOOD
Subject_23,Trial_21,Squat_WT,4,0,52.65,2780,20,1060,0.010992,0.046967,14.061761,3,17,6,4,OK
Subject_23,Trial_1,Squat_FL,2,2,29.06,1460,20,2340,0.019382,0.038168,40.800841,114,278,7,0,GOOD
Subject_23,Trial_2,Squat_FL,4,5,25.69,1540,40,2780,0.008518,0.028409,14.622581,20,81,6,8,OK
Subject_23,Trial_3,Squat_FL,2,0,26.61,1860,20,2060,0.012340,0.024359,24.159956,81,213,7,0,GOOD
Subject_23,Trial_4,Squat_FL,2,0,12.28,1620,40,2840,0.014244,0.024841,32.039851,104,332,6,1,OK
Subject_23,Trial_5,Squat_FL,4,2,31.98,1580,20,3000,0.007797,0.020915,13.755871,28,110,6,8,OK
Subject_23,Trial_6,Squat_FL,4,2,38.68,1580,20,2900,0.009700,0.025616,14.864793,14,82,7,0,GOOD
Subject_23,Trial_7,Squat_FL,2,2,49.04,1680,20,2440,0.010390,0.021335,21.714517,85,197,7,0,GOOD
Subject_23,Trial_8,Squat_FL,2,2,47.43,1420,20,2320,0.008601,0.019380,16.101975,55,146,6,8,OK
Subject_23,Trial_9,Squat_FL,2,4,33.64,1680,40,2180,0.008498,0.016981,16.465268,80,197,6,8,OK
Subject_24,Trial_1,CORRECT,2,5,32.55,1440,20,1360,0.026548,0.050471,41.734811,93,218,7,0,GOOD
Subject_24,Trial_2,CORRECT,2,5,35.61,800,20,3980,0.020339,0.043502,55.051638,118,277,5,20,OK
Subject_24,Trial_3,CORRECT,2,5,54.29,1840,20,1000,0.026942,0.051279,44.820088,93,218,7,0,GOOD
Subject_24,Trial_4,CORRECT,2,5,38.72,1440,40,1380,0.032146,0.061099,54.329326,103,276,7,0,GOOD
Subject_24,Trial_5,CORRECT,2,6,31.52,820,20,1940,0.035610,0.065083,55.275725,96,235,7,0,GOOD
Subject_24,Trial_6,CORRECT,2,5,35.59,680,20,2240,0.030469,0.060547,50.804467,87,215,6,4,OK
Subject_24,Trial_7,CORRECT,2,5,35.22,1160,20,1500,0.029191,0.056537,45.982487,65,197,7,0,GOOD
Subject_24,Trial_8,CORRECT,2,5,37.52,680,40,2300,0.029547,0.055720,51.830573,97,252,6,4,OK
Subject_24,Trial_9,CORRECT,5,5,27.87,2380,20,1560,0.010424,0.051480,10.662595,3,6,6,8,OK
Subject_24,Trial_10,CORRECT,5,5,20.04,2640,40,1100,0.009900,0.041596,10.052251,6,11,6,8,OK
Subject_24,Trial_11,CORRECT,2,5,34.85,2420,20,1540,0.016792,0.031857,37.224341,126,298,7,0,GOOD
Subject_24,Trial_12,CORRECT,2,5,30.42,2860,40,1020,0.020102,0.038292,45.967250,131,325,6,4,OK
Subject_24,Trial_13,CORRECT,5,1,34.98,2120,20,1800,0.010604,0.051798,11.014643,4,5,6,8,OK
Subject_24,Trial_14,CORRECT,5,1,34.27,1920,20,1760,0.009424,0.044690,9.317097,4,6,6,8,OK
Subject_24,Trial_15,CORRECT,5,5,34.13,1560,20,2340,0.007838,0.034122,8.622669,2,6,6,8,OK
Subject_24,Trial_16,CORRECT,5,5,31.99,2320,20,980,0.015432,0.072776,13.454164,2,6,7,0,GOOD
Subject_24,Trial_17,CORRECT,5,5,27.68,2520,40,820,0.011976,0.047534,10.941961,4,4,5,12,OK
Subject_24,Trial_18,CORRECT,5,3,29.16,2380,40,960,0.011437,0.048406,10.289125,4,5,6,8,OK
Subject_24,Trial_19,CORRECT,2,1,23.60,1040,20,2040,0.025688,0.042443,46.988682,133,321,7,0,GOOD
Subject_24,Trial_20,CORRECT,2,2,37.05,2380,20,960,0.033314,0.049578,63.023705,159,385,7,0,GOOD
Subject_24,Trial_21,CORRECT,2,4,31.77,840,20,2280,0.027172,0.046238,50.550454,130,321,6,4,OK
Subject_24,Trial_1,Squat_WT,2,5,31.02,840,40,2140,0.025461,0.048198,45.147242,106,246,6,4,OK
Subject_24,Trial_2,Squat_WT,2,5,32.11,1520,20,1260,0.040532,0.077864,60.689095,79,233,7,0,GOOD
Subject_24,Trial_3,Squat_WT,2,5,44.23,660,20,2200,0.030208,0.064424,50.007618,77,211,6,4,OK
Subject_24,Trial_4,Squat_WT,2,4,26.38,760,20,2020,0.038453,0.072502,62.442188,104,227,6,4,OK
Subject_24,Trial_5,Squat_WT,2,2,23.46,1780,20,880,0.033696,0.052641,53.236236,115,320,7,0,GOOD
Subject_24,Trial_6,Squat_WT,2,2,23.61,1940,40,580,0.037914,0.058542,58.138488,114,320,6,4,OK
Subject_24,Trial_7,Squat_WT,2,0,24.25,1540,40,1140,0.028668,0.045553,45.096181,118,312,7,0,GOOD
Subject_24,Trial_8,Squat_WT,2,5,31.74,1780,20,1480,0.025779,0.044091,49.591820,113,321,7,0,GOOD
Subject_24,Trial_9,Squat_WT,2,5,37.52,1640,40,1480,0.027979,0.045573,51.760872,112,320,7,0,GOOD
Subject_24,Trial_10,Squat_WT,2,2,25.87,1780,40,1580,0.025129,0.041224,49.227430,122,333,7,0,GOOD
Subject_24,Trial_11,Squat_WT,2,2,24.02,1860,80,1200,0.023312,0.041340,42.603701,123,269,7,0,GOOD
Subject_24,Trial_1,Squat_FL,2,5,32.28,2040,40,1280,0.017956,0.033750,33.630255,110,280,7,0,GOOD
Subject_24,Trial_2,Squat_FL,2,1,38.05,2580,40,1280,0.012272,0.024726,27.619989,95,286,6,8,OK
Subject_24,Trial_3,Squat_FL,2,5,35.35,1840,20,1520,0.018885,0.035239,35.993180,111,282,7,0,GOOD
Subject_24,Trial_4,Squat_FL,2,1,49.84,2120,20,1800,0.017224,0.032042,38.534486,136,321,7,0,GOOD
Subject_24,Trial_5,Squat_FL,2,5,30.10,2540,20,800,0.016240,0.028216,31.027978,114,325,6,4,OK
Subject_24,Trial_6,Squat_FL,2,1,45.69,1940,20,1880,0.012664,0.024805,26.719761,106,269,6,8,OK
Subject_24,Trial_7,Squat_FL,2,4,35.47,2000,60,1900,0.015532,0.029678,34.109909,113,305,7,0,GOOD
Subject_24,Trial_8,Squat_FL,2,5,31.42,1920,40,1780,0.012825,0.024148,28.394392,126,287,6,8,OK
Subject_24,Trial_9,Squat_FL,2,1,48.38,1720,20,1600,0.014004,0.026441,27.194944,111,275,6,8,OK
Subject_24,Trial_10,Squat_FL,2,5,41.83,1760,20,1600,0.013654,0.024886,27.297358,125,310,6,8,OK
Subject_25,Trial_1,CORRECT,2,5,33.74,2820,20,960,0.016686,0.031735,34.869780,107,301,6,4,OK
Subject_25,Trial_2,CORRECT,2,5,35.63,2720,40,1740,0.015909,0.036828,38.868033,81,241,7,0,GOOD
Subject_25,Trial_3,CORRECT,2,1,36.81,2640,40,1780,0.008639,0.020405,20.608154,79,187,6,8,OK
Subject_25,Trial_4,CORRECT,2,5,36.32,2640,20,1740,0.011080,0.025773,26.395701,86,227,7,0,GOOD
Subject_25,Trial_5,CORRECT,2,5,41.39,2440,20,1980,0.013461,0.032092,32.713433,96,228,7,0,GOOD
Subject_25,Trial_6,CORRECT,2,5,38.31,2100,20,1780,0.016954,0.039155,37.234437,95,228,7,0,GOOD
Subject_25,Trial_1,Squat_WT,2,5,38.72,2160,20,2800,0.007243,0.019045,18.080305,73,159,6,8,OK
Subject_25,Trial_2,Squat_WT,2,6,26.51,3180,20,1140,0.009980,0.024517,24.037849,95,198,5,12,OK
Subject_25,Trial_3,Squat_WT,2,1,38.48,2800,40,1040,0.013402,0.028883,27.708492,84,231,6,4,OK
Subject_25,Trial_4,Squat_WT,2,5,41.24,2320,20,2060,0.011403,0.027561,25.078215,69,183,7,0,GOOD
Subject_25,Trial_1,Squat_FL,6,1,37.48,2340,40,1420,0.016600,0.033768,36.506137,106,238,7,0,GOOD
Subject_25,Trial_2,Squat_FL,2,5,37.66,2740,60,1000,0.016240,0.036209,33.381580,93,226,6,4,OK
Subject_25,Trial_3,Squat_FL,6,5,38.66,2020,20,1780,0.011890,0.025359,24.923202,90,206,7,0,GOOD
Subject_25,Trial_4,Squat_FL,6,5,41.22,2420,20,1400,0.011478,0.028250,24.690074,78,197,7,0,GOOD
Subject_25,Trial_5,Squat_FL,6,5,40.03,2860,40,1020,0.012501,0.025459,26.957921,100,247,6,4,OK
Subject_25,Trial_6,Squat_FL,6,5,38.56,2740,40,1700,0.010704,0.024327,26.765880,93,223,7,0,GOOD
Subject_25,Trial_7,Squat_FL,6,1,30.91,2440,60,1480,0.011261,0.026295,24.192394,75,199,7,0,GOOD
Subject_25,Trial_8,Squat_FL,6,5,35.48,3060,40,1480,0.009944,0.019940,24.439293,115,261,6,8,OK
Subject_25,Trial_9,Squat_FL,4,6,24.81,2840,60,920,0.009967,0.019738,18.873138,77,227,5,12,OK
Subject_25,Trial_10,Squat_FL,2,5,44.29,2680,20,1140,0.009544,0.022424,18.201981,60,169,6,8,OK
Subject_26,Trial_1,CORRECT,2,4,13.89,820,40,2320,0.022419,0.044185,41.195912,104,261,5,5,OK
Subject_26,Trial_2,CORRECT,2,4,15.86,1080,20,2180,0.025802,0.050800,50.107326,130,277,6,1,OK
Subject_26,Trial_3,CORRECT,2,1,20.55,1640,120,1500,0.031433,0.063088,59.446771,96,256,7,0,GOOD
Subject_26,Trial_4,CORRECT,2,6,13.80,1960,60,1880,0.024141,0.050925,52.302024,107,284,6,1,OK
Subject_26,Trial_5,CORRECT,2,6,16.39,1460,60,1860,0.024050,0.052881,45.936885,88,215,6,1,OK
Subject_26,Trial_6,CORRECT,2,4,12.94,1060,20,2380,0.037636,0.071093,76.244709,123,309,6,1,OK
Subject_26,Trial_7,CORRECT,2,4,9.80,1620,20,2160,0.021962,0.049644,48.125253,103,245,6,1,OK
Subject_26,Trial_8,CORRECT,2,1,17.69,1440,140,1740,0.020643,0.043543,38.284614,90,228,6,1,OK
Subject_26,Trial_9,CORRECT,2,4,18.63,1380,20,2120,0.024425,0.051203,48.820757,98,261,6,1,OK
Subject_26,Trial_10,CORRECT,2,6,17.08,2600,100,1840,0.015825,0.031832,39.673300,142,312,6,1,OK
Subject_26,Trial_11,CORRECT,2,2,16.59,2300,120,1440,0.014856,0.029612,31.628929,103,271,5,9,OK
Subject_26,Trial_12,CORRECT,2,6,13.01,3080,140,1520,0.016839,0.031125,45.669352,158,411,6,1,OK
Subject_26,Trial_13,CORRECT,2,2,18.51,2340,320,2800,0.009378,0.021715,28.010017,133,276,5,9,OK
Subject_26,Trial_14,CORRECT,2,6,16.06,2580,60,1740,0.014168,0.029518,35.738878,126,319,5,9,OK
Subject_26,Trial_15,CORRECT,2,2,17.02,2740,100,920,0.013944,0.029527,29.713356,109,256,4,13,WEAK
Subject_26,Trial_16,CORRECT,2,1,14.20,1840,40,1840,0.012668,0.027579,27.103762,95,242,5,9,OK
Subject_26,Trial_1,Squat_WT,2,6,14.46,1480,40,1740,0.031564,0.060054,59.290358,110,271,6,1,OK
Subject_26,Trial_2,Squat_WT,2,5,17.60,2140,40,1720,0.012095,0.026392,24.542590,79,219,5,9,OK
Subject_26,Trial_3,Squat_WT,2,2,21.20,3320,40,1280,0.014905,0.029522,38.212485,138,347,5,12,OK
Subject_26,Trial_4,Squat_WT,6,1,21.80,1540,60,1460,0.015009,0.025574,24.017776,76,261,7,0,GOOD
Subject_26,Trial_5,Squat_WT,6,4,21.88,1340,20,2000,0.010728,0.017352,20.298964,128,373,6,8,OK
Subject_26,Trial_6,Squat_WT,4,2,20.43,1900,60,1340,0.014484,0.023614,22.117208,66,245,6,8,OK
Subject_26,Trial_7,Squat_WT,2,4,12.67,1380,20,2520,0.015432,0.031185,34.544357,123,278,6,1,OK
Subject_26,Trial_8,Squat_WT,6,1,19.48,1380,80,1700,0.015947,0.024102,27.594209,117,381,6,1,OK
Subject_26,Trial_9,Squat_WT,2,4,12.63,940,20,2400,0.012266,0.028828,23.138581,79,176,4,13,WEAK
Subject_26,Trial_10,Squat_WT,2,5,16.02,1160,40,2160,0.018263,0.033436,32.462586,90,270,6,1,OK
Subject_26,Trial_11,Squat_WT,6,5,15.70,1300,20,1820,0.016016,0.022365,25.828345,107,398,6,1,OK
Subject_26,Trial_12,Squat_WT,6,1,23.03,1480,40,1640,0.014976,0.021750,25.679739,125,404,7,0,GOOD
Subject_26,Trial_13,Squat_WT,6,1,24.04,1660,60,2100,0.008938,0.015258,17.176699,96,300,6,8,OK
Subject_26,Trial_1,Squat_FL,6,0,19.43,2840,20,1240,0.014683,0.056526,21.629712,8,59,5,9,OK
Subject_26,Trial_2,Squat_FL,2,6,20.33,2680,100,740,0.011957,0.023845,21.348327,73,210,5,12,OK
Subject_26,Trial_3,Squat_FL,2,6,18.09,2460,60,1160,0.012917,0.021994,23.016530,82,234,5,9,OK
Subject_26,Trial_4,Squat_FL,2,2,16.60,2220,100,820,0.012764,0.020886,19.731927,87,234,4,13,WEAK
Subject_26,Trial_5,Squat_FL,2,6,15.80,1940,60,1360,0.016922,0.028135,30.563974,122,293,6,1,OK
Subject_26,Trial_6,Squat_FL,2,6,19.78,2300,140,1480,0.014755,0.028763,25.660949,66,232,5,9,OK
Subject_26,Trial_7,Squat_FL,2,0,11.63,1760,20,1880,0.011510,0.023566,22.275228,89,209,5,9,OK
Subject_26,Trial_8,Squat_FL,2,5,14.74,2140,40,1520,0.012888,0.022642,25.206075,114,296,5,9,OK
Subject_26,Trial_9,Squat_FL,2,1,8.90,1760,20,1100,0.014899,0.025623,23.779533,95,260,5,9,OK
Subject_26,Trial_10,Squat_FL,2,6,16.28,3120,100,1740,0.010742,0.021921,28.136765,113,260,5,9,OK
Subject_27,Trial_1,CORRECT,2,0,29.22,2500,80,800,0.021201,0.042393,42.051793,106,261,6,4,OK
Subject_27,Trial_2,CORRECT,2,5,33.56,3000,20,840,0.019612,0.043693,41.968895,95,243,6,4,OK
Subject_27,Trial_3,CORRECT,2,6,26.63,5360,20,440,0.030674,0.057596,101.487245,179,478,4,22,WEAK
Subject_27,Trial_4,CORRECT,2,5,36.09,1240,40,3220,0.027768,0.057678,74.622337,121,338,5,20,OK
Subject_27,Trial_5,CORRECT,2,5,33.77,3440,20,920,0.023014,0.049252,58.627452,122,313,6,4,OK
Subject_27,Trial_6,CORRECT,2,0,28.79,1540,20,2860,0.019756,0.044809,49.995704,106,256,7,0,GOOD
Subject_27,Trial_7,CORRECT,2,5,31.23,3740,40,1140,0.020012,0.041991,55.624845,145,315,6,4,OK
Subject_27,Trial_8,CORRECT,2,0,31.00,1400,20,2400,0.019653,0.039632,41.984106,105,245,7,0,GOOD
Subject_27,Trial_9,CORRECT,2,0,29.11,1440,40,2280,0.021523,0.044149,45.084123,107,227,7,0,GOOD
Subject_27,Trial_10,CORRECT,2,0,28.66,1500,40,2280,0.019656,0.042001,42.587131,105,253,7,0,GOOD
Subject_27,Trial_11,CORRECT,1,7,19.90,1160,20,2000,0.131506,0.460202,96.070219,4,11,6,1,OK
Subject_27,Trial_12,CORRECT,1,7,30.99,2220,20,880,0.080107,0.217894,66.218635,9,17,6,4,OK
Subject_27,Trial_13,CORRECT,6,1,44.43,2560,20,1360,0.032279,0.062431,73.655751,118,324,7,0,GOOD
Subject_27,Trial_14,CORRECT,6,5,40.19,2240,20,1120,0.027002,0.052400,53.681699,100,252,7,0,GOOD
Subject_27,Trial_15,CORRECT,6,5,44.13,2280,40,1400,0.019096,0.039131,40.964467,88,256,7,0,GOOD
Subject_27,Trial_16,CORRECT,6,2,46.13,940,20,2380,0.023344,0.044863,46.516296,100,255,6,4,OK
Subject_27,Trial_17,CORRECT,6,2,30.21,1060,20,2700,0.021290,0.046105,45.501051,88,228,6,4,OK
Subject_27,Trial_18,CORRECT,6,3,51.29,1100,20,2520,0.018757,0.036861,39.853400,103,253,7,0,GOOD
Subject_27,Trial_19,CORRECT,6,7,55.16,2300,20,1360,0.019187,0.038017,40.091216,88,257,7,0,GOOD
Subject_27,Trial_20,CORRECT,1,5,37.40,2460,20,1840,0.016485,0.039254,26.626641,17,109,7,0,GOOD
Subject_27,Trial_1,Squat_WT,2,0,35.41,3180,40,820,0.033037,0.054554,77.384855,156,443,6,4,OK
Subject_27,Trial_2,Squat_WT,2,1,33.25,1160,20,3180,0.023066,0.049209,59.801196,111,330,5,20,OK
Subject_27,Trial_3,Squat_WT,2,0,38.82,3060,60,860,0.027756,0.050086,64.745603,146,368,6,4,OK
Subject_27,Trial_4,Squat_WT,2,1,30.08,900,20,2940,0.026067,0.049147,58.027770,107,304,6,4,OK
Subject_27,Trial_5,Squat_WT,2,0,40.73,2580,40,1040,0.025824,0.044455,53.641944,115,336,7,0,GOOD
Subject_27,Trial_6,Squat_WT,2,0,38.56,2800,60,1100,0.025270,0.051931,58.097777,107,305,6,4,OK
Subject_27,Trial_7,Squat_WT,2,0,38.86,3140,60,1020,0.026393,0.049255,63.208587,136,360,6,4,OK
Subject_27,Trial_8,Squat_WT,2,0,48.00,2700,20,1580,0.028593,0.054255,72.088405,145,368,7,0,GOOD
Subject_27,Trial_9,Squat_WT,2,1,43.11,2760,20,940,0.033579,0.061230,73.571093,137,322,6,4,OK
Subject_27,Trial_10,Squat_WT,2,1,35.92,2720,20,1040,0.026948,0.050979,60.160894,133,335,6,4,OK
Subject_27,Trial_1,Squat_FL,1,1,50.60,2580,20,120,0.082017,0.325472,61.352988,5,13,5,6,OK
Subject_27,Trial_2,Squat_FL,1,1,49.93,1600,280,1700,0.202991,0.636383,186.668475,9,14,7,0,GOOD
Subject_27,Trial_3,Squat_FL,1,1,45.25,980,60,2600,0.103772,0.509662,120.947498,6,9,6,4,OK
Subject_27,Trial_4,Squat_FL,1,1,45.11,1280,40,2280,0.027236,0.060825,20.844960,6,21,7,0,GOOD
Subject_27,Trial_5,Squat_FL,1,1,47.66,2060,220,1440,0.024854,0.075899,21.401793,2,8,7,0,GOOD
Subject_27,Trial_6,Squat_FL,1,1,48.41,1320,580,1280,0.024435,0.055896,18.063259,2,13,7,0,GOOD
Subject_27,Trial_7,Squat_FL,1,1,47.90,1800,360,1400,0.103059,0.406039,96.103388,6,12,7,0,GOOD
Subject_27,Trial_8,Squat_FL,1,1,48.07,1920,340,1440,0.079379,0.322651,68.958431,4,4,7,0,GOOD
Subject_27,Trial_9,Squat_FL,1,1,48.32,1320,20,2440,0.127330,0.392667,119.623680,8,21,7,0,GOOD
Subject_27,Trial_10,Squat_FL,1,1,51.64,1620,420,1680,0.168318,0.582984,165.241254,8,14,7,0,GOOD
Subject_28,Trial_1,CORRECT,2,0,30.89,2580,100,1140,0.022455,0.039782,44.669145,96,326,7,0,GOOD
Subject_28,Trial_2,CORRECT,2,0,31.04,2660,80,1120,0.019207,0.032768,40.586855,130,362,7,0,GOOD
Subject_28,Trial_3,CORRECT,2,0,31.59,2700,80,1040,0.024251,0.041138,49.473921,125,363,6,4,OK
Subject_28,Trial_4,CORRECT,2,0,31.49,2580,60,1160,0.025091,0.043210,51.949668,112,356,7,0,GOOD
Subject_28,Trial_5,CORRECT,2,0,32.33,2380,80,900,0.025224,0.041363,44.218003,99,313,6,4,OK
Subject_28,Trial_6,CORRECT,2,0,33.85,2380,40,1560,0.018830,0.034686,39.900799,122,317,7,0,GOOD
Subject_28,Trial_7,CORRECT,2,0,33.45,2660,60,700,0.018144,0.032030,33.474983,106,287,6,4,OK
Subject_28,Trial_8,CORRECT,2,6,22.00,1880,40,2560,0.015336,0.032115,36.549849,106,262,7,0,GOOD
Subject_28,Trial_9,CORRECT,2,5,23.50,2500,40,840,0.029101,0.049150,58.896753,138,384,6,4,OK
Subject_28,Trial_10,CORRECT,2,5,32.62,2120,40,1680,0.013232,0.026559,25.515280,91,246,6,8,OK
Subject_28,Trial_11,CORRECT,6,0,32.79,3260,20,1500,0.016151,0.028328,43.849449,156,414,7,0,GOOD
Subject_28,Trial_12,CORRECT,6,0,34.39,1980,40,2560,0.016120,0.027934,42.611428,155,414,7,0,GOOD
Subject_28,Trial_13,CORRECT,6,4,31.58,2120,20,2400,0.016388,0.028584,42.917752,155,378,7,0,GOOD
Subject_28,Trial_14,CORRECT,6,0,39.55,2080,80,2440,0.018225,0.031868,49.761353,149,440,7,0,GOOD
Subject_28,Trial_15,CORRECT,6,0,33.75,2860,60,1300,0.020547,0.033247,50.697547,142,405,7,0,GOOD
Subject_28,Trial_16,CORRECT,6,0,33.61,2740,80,1200,0.019445,0.032363,45.545100,148,421,7,0,GOOD
Subject_28,Trial_17,CORRECT,6,0,33.99,2660,60,1320,0.019191,0.030866,43.115582,142,413,7,0,GOOD
Subject_28,Trial_1,Squat_WT,2,0,32.62,2460,60,1260,0.017166,0.031943,34.757055,111,263,7,0,GOOD
Subject_28,Trial_2,Squat_WT,2,0,32.14,2660,60,1220,0.023392,0.039463,47.859633,111,304,7,0,GOOD
Subject_28,Trial_3,Squat_WT,2,0,30.67,2620,60,680,0.024785,0.040219,43.261163,97,281,6,4,OK
Subject_28,Trial_4,Squat_WT,2,0,30.42,1700,40,2080,0.019834,0.037419,40.342332,102,319,7,0,GOOD
Subject_28,Trial_5,Squat_WT,2,0,27.18,2140,20,1840,0.014258,0.028750,30.008872,108,243,7,0,GOOD
Subject_28,Trial_6,Squat_WT,2,5,31.16,2360,40,1000,0.015799,0.028119,29.937861,114,308,7,0,GOOD
Subject_28,Trial_7,Squat_WT,2,0,24.19,2800,60,1740,0.015186,0.032019,37.495711,119,287,7,0,GOOD
Subject_28,Trial_8,Squat_WT,2,6,20.71,2500,140,1520,0.012865,0.026831,27.595156,92,233,6,8,OK
Subject_28,Trial_9,Squat_WT,2,0,26.90,2720,60,1220,0.011339,0.026016,22.904534,67,199,6,8,OK
Subject_28,Trial_10,Squat_WT,2,0,25.58,2780,40,1780,0.012428,0.026031,29.569131,126,268,6,8,OK
Subject_28,Trial_11,Squat_WT,2,0,26.00,2360,40,1000,0.017552,0.033366,32.065957,113,267,7,0,GOOD
Subject_28,Trial_12,Squat_WT,6,0,37.57,3260,60,1160,0.018355,0.032443,46.382578,135,394,6,4,OK
Subject_28,Trial_13,Squat_WT,6,5,25.18,2800,20,1240,0.017474,0.031473,40.534454,122,338,7,0,GOOD
Subject_28,Trial_14,Squat_WT,6,5,30.34,2920,40,1000,0.014898,0.024993,33.477729,119,386,6,4,OK
Subject_28,Trial_1,Squat_FL,2,0,25.92,2300,100,1700,0.015746,0.029615,35.392078,125,320,7,0,GOOD
Subject_28,Trial_2,Squat_FL,2,6,25.87,2520,40,1300,0.023450,0.041400,48.027713,131,302,7,0,GOOD
Subject_28,Trial_3,Squat_FL,2,6,25.45,2000,40,1320,0.022138,0.039161,42.232787,115,306,7,0,GOOD
Subject_28,Trial_4,Squat_FL,2,6,21.76,2480,40,1260,0.021837,0.035993,45.948717,140,338,7,0,GOOD
Subject_28,Trial_5,Squat_FL,2,0,29.80,1940,160,1300,0.021055,0.036292,38.313763,104,301,7,0,GOOD
Subject_28,Trial_6,Squat_FL,2,6,20.84,2300,80,1000,0.025378,0.040531,47.845048,115,334,7,0,GOOD
Subject_28,Trial_7,Squat_FL,2,6,20.27,1600,140,1620,0.021045,0.035650,39.144459,123,303,7,0,GOOD
Subject_28,Trial_8,Squat_FL,2,0,29.80,1880,80,1220,0.023579,0.037664,41.112423,111,309,7,0,GOOD
Subject_28,Trial_9,Squat_FL,2,6,21.39,1980,100,1180,0.022765,0.036541,39.032788,115,300,7,0,GOOD
Subject_29,Trial_1,CORRECT,2,5,39.01,2320,80,2080,0.026527,0.049732,71.633014,182,426,7,0,GOOD
Subject_29,Trial_2,CORRECT,2,5,45.79,2160,40,1020,0.032448,0.053433,63.602434,134,395,7,0,GOOD
Subject_29,Trial_3,CORRECT,2,5,37.52,1700,100,1660,0.037836,0.062059,75.551479,144,391,7,0,GOOD
Subject_29,Trial_4,CORRECT,2,5,48.05,1900,20,1420,0.040554,0.066270,79.691818,141,394,7,0,GOOD
Subject_29,Trial_5,CORRECT,2,5,37.63,1620,180,2180,0.037541,0.062924,88.173385,162,470,7,0,GOOD
Subject_29,Trial_6,CORRECT,2,5,38.01,1420,80,1820,0.039768,0.065760,77.462564,164,399,7,0,GOOD
Subject_29,Trial_7,CORRECT,2,5,37.62,1700,220,340,0.041506,0.066712,55.768352,100,274,5,6,OK
Subject_29,Trial_8,CORRECT,2,5,41.97,2320,20,1440,0.029172,0.052267,67.532030,147,374,7,0,GOOD
Subject_29,Trial_9,CORRECT,2,5,38.30,1900,20,1260,0.033254,0.057079,62.259422,128,346,7,0,GOOD
Subject_29,Trial_10,CORRECT,2,5,52.23,2860,20,1520,0.017338,0.037848,43.882243,115,278,6,8,OK
Subject_29,Trial_11,CORRECT,2,5,41.16,2420,40,1880,0.019914,0.038843,50.962038,141,368,7,0,GOOD
Subject_29,Trial_12,CORRECT,2,5,51.41,2780,20,1560,0.017507,0.034972,43.160790,136,318,6,8,OK
Subject_29,Trial_13,CORRECT,2,5,42.59,2420,40,1520,0.027693,0.049082,65.061207,144,397,7,0,GOOD
Subject_29,Trial_14,CORRECT,2,5,43.12,2900,100,1400,0.026608,0.048388,68.904992,159,424,7,0,GOOD
Subject_29,Trial_15,CORRECT,2,1,42.04,2520,40,1180,0.021050,0.042794,48.167152,120,300,7,0,GOOD
Subject_29,Trial_16,CORRECT,2,5,44.84,2920,40,1380,0.020695,0.042169,52.266917,129,342,7,0,GOOD
Subject_29,Trial_17,CORRECT,2,5,45.55,3100,40,1880,0.019241,0.039140,54.301835,159,361,7,0,GOOD
Subject_29,Trial_18,CORRECT,2,5,39.63,1580,40,2060,0.026747,0.044062,57.828163,144,431,7,0,GOOD
Subject_29,Trial_19,CORRECT,2,5,39.93,1840,40,2380,0.027853,0.048606,70.157593,162,454,7,0,GOOD
Subject_29,Trial_20,CORRECT,2,5,39.25,2220,20,1860,0.025828,0.043917,63.831024,164,451,7,0,GOOD
Subject_29,Trial_1,Squat_WT,2,5,44.50,2880,60,1400,0.019661,0.040397,45.786396,119,315,7,0,GOOD
Subject_29,Trial_2,Squat_WT,2,1,50.86,3260,40,1060,0.022246,0.042405,56.512381,149,397,6,4,OK
Subject_29,Trial_3,Squat_WT,2,5,39.08,2020,100,2480,0.027879,0.047415,74.595871,190,512,7,0,GOOD
Subject_29,Trial_4,Squat_WT,2,5,40.13,1620,80,1960,0.032421,0.052781,70.261180,159,455,7,0,GOOD
Subject_29,Trial_5,Squat_WT,2,5,39.51,2120,20,2180,0.027070,0.048338,70.310637,172,479,7,0,GOOD
Subject_29,Trial_6,Squat_WT,2,5,44.21,2200,20,1600,0.029986,0.049466,65.800474,142,433,7,0,GOOD
Subject_29,Trial_7,Squat_WT,2,5,36.90,2980,40,1040,0.028861,0.047294,68.476843,173,469,6,4,OK
Subject_29,Trial_8,Squat_WT,2,5,38.21,1960,60,2540,0.022415,0.040796,60.595315,167,443,7,0,GOOD
Subject_29,Trial_1,Squat_FL,2,5,50.01,2520,40,1300,0.023333,0.043153,52.414656,139,369,7,0,GOOD
Subject_29,Trial_2,Squat_FL,2,5,47.08,2880,40,1580,0.016482,0.033361,41.704203,127,322,6,8,OK
Subject_29,Trial_3,Squat_FL,2,5,44.10,2660,60,1140,0.018875,0.036389,42.164057,127,315,6,8,OK
Subject_29,Trial_4,Squat_FL,2,5,43.81,2520,60,1440,0.019153,0.037499,44.829190,168,330,7,0,GOOD
Subject_29,Trial_5,Squat_FL,2,5,51.06,2500,40,1520,0.019123,0.037808,44.510122,121,312,7,0,GOOD
Subject_29,Trial_6,Squat_FL,2,5,43.91,2620,80,1280,0.020991,0.038513,48.028062,141,336,7,0,GOOD
Subject_29,Trial_7,Squat_FL,2,5,46.78,2580,40,2000,0.016972,0.033976,43.845563,144,336,6,8,OK
Subject_29,Trial_8,Squat_FL,2,5,45.83,2500,60,1360,0.018228,0.034982,41.715723,127,335,6,8,OK
Subject_29,Trial_9,Squat_FL,2,5,46.69,2820,40,1500,0.019113,0.035592,47.165697,144,375,7,0,GOOD
Subject_29,Trial_10,Squat_FL,2,1,51.80,2960,40,1640,0.017054,0.033375,46.663935,157,382,6,8,OK
Subject_30,Trial_1,CORRECT,2,5,45.85,1840,40,1420,0.018911,0.037657,35.442965,98,258,7,0,GOOD
Subject_30,Trial_2,CORRECT,2,0,40.19,580,20,2580,0.018368,0.039359,32.867333,86,201,6,4,OK
Subject_30,Trial_3,CORRECT,3,5,45.34,2540,80,1220,0.010547,0.046299,11.928282,3,15,6,8,OK
Subject_30,Trial_4,CORRECT,2,5,47.85,2160,100,980,0.023681,0.042196,41.877813,107,277,7,0,GOOD
Subject_30,Trial_5,CORRECT,3,5,52.93,2000,40,1320,0.027379,0.136592,24.402739,3,4,7,0,GOOD
Subject_30,Trial_6,CORRECT,4,0,27.81,2000,20,1340,0.023269,0.051148,28.447802,27,110,7,0,GOOD
Subject_30,Trial_7,CORRECT,4,0,40.47,640,20,2520,0.030493,0.058615,31.740691,30,88,6,4,OK
Subject_30,Trial_8,CORRECT,2,1,42.20,1560,20,1380,0.021020,0.040181,35.800262,107,238,7,0,GOOD
Subject_30,Trial_9,CORRECT,6,2,39.26,2460,40,220,0.020999,0.044024,30.904961,71,165,5,6,OK
Subject_30,Trial_10,CORRECT,2,1,45.47,2440,40,1160,0.028569,0.050590,59.220906,130,370,7,0,GOOD
Subject_30,Trial_11,CORRECT,2,1,44.37,2840,80,1600,0.021549,0.044130,55.768025,135,318,7,0,GOOD
Subject_30,Trial_12,CORRECT,2,1,37.02,3920,60,960,0.022875,0.046925,64.023482,150,335,6,4,OK
Subject_30,Trial_13,CORRECT,2,6,28.34,3500,20,1460,0.015481,0.033616,42.763828,133,283,7,0,GOOD
Subject_30,Trial_14,CORRECT,2,1,42.62,2720,40,1620,0.018478,0.037516,44.589654,114,299,7,0,GOOD
Subject_30,Trial_15,CORRECT,2,1,46.25,3020,20,1320,0.022518,0.044282,52.671772,121,308,7,0,GOOD
Subject_30,Trial_16,CORRECT,2,1,44.43,2700,40,1040,0.025463,0.047549,55.980147,133,310,6,4,OK
Subject_30,Trial_17,CORRECT,2,1,39.91,2340,40,1480,0.022686,0.046202,48.926370,94,270,7,0,GOOD
Subject_30,Trial_18,CORRECT,2,1,46.68,2720,20,1640,0.023812,0.045852,60.434439,158,346,7,0,GOOD
Subject_30,Trial_19,CORRECT,2,5,51.01,2080,120,1820,0.019438,0.035887,44.103874,108,309,7,0,GOOD
Subject_30,Trial_20,CORRECT,2,0,44.20,600,20,2560,0.022616,0.043733,41.836096,92,268,6,4,OK
Subject_30,Trial_21,CORRECT,2,5,56.22,3420,40,1160,0.013837,0.026834,35.409007,112,343,5,12,OK
Subject_30,Trial_22,CORRECT,2,2,43.71,3940,20,1220,0.015128,0.031452,44.087669,142,313,6,4,OK
Subject_30,Trial_23,CORRECT,2,5,45.71,3500,40,1480,0.018282,0.034639,50.500126,136,394,7,0,GOOD
Subject_30,Trial_24,CORRECT,2,1,55.30,3160,40,1280,0.015287,0.029910,38.483242,121,314,7,0,GOOD
Subject_30,Trial_25,CORRECT,2,1,67.49,3020,20,1040,0.018557,0.032114,43.119904,143,391,6,4,OK
Subject_30,Trial_26,CORRECT,2,1,50.71,840,40,3120,0.022099,0.038981,51.712511,122,374,5,20,OK
Subject_30,Trial_27,CORRECT,2,4,17.81,1620,40,1460,0.021797,0.040771,38.598816,89,263,6,1,OK
Subject_30,Trial_1,Squat_WT,2,1,50.38,3500,20,1080,0.013931,0.028078,36.032777,123,317,5,12,OK
Subject_30,Trial_1,Squat_FL,2,1,45.13,2220,20,1100,0.029916,0.062090,61.085946,114,257,7,0,GOOD
Subject_30,Trial_2,Squat_FL,2,1,47.03,2280,60,1400,0.026844,0.059385,52.938620,80,207,7,0,GOOD
Subject_31,Trial_1,CORRECT,2,1,25.05,2840,60,1040,0.011721,0.021019,26.646862,142,391,6,4,OK
Subject_31,Trial_2,CORRECT,4,5,33.99,2500,120,1260,0.014204,0.027746,22.372935,32,182,7,0,GOOD
Subject_31,Trial_3,CORRECT,2,5,35.97,4040,60,1320,0.016495,0.039172,39.961641,78,263,5,20,OK
Subject_31,Trial_4,CORRECT,2,5,37.75,4180,80,1160,0.009392,0.020958,28.204392,136,290,5,20,OK
Subject_31,Trial_1,Squat_WT,2,1,27.88,2600,20,1560,0.010438,0.019532,24.648821,114,360,7,0,GOOD
Subject_31,Trial_2,Squat_WT,2,1,26.51,2700,60,1220,0.012508,0.022430,27.926681,98,391,7,0,GOOD
Subject_31,Trial_3,Squat_WT,2,1,29.71,2980,20,1200,0.011735,0.021780,27.580905,126,336,7,0,GOOD
Subject_31,Trial_4,Squat_WT,2,1,33.60,2840,20,1340,0.011409,0.019796,26.797228,120,406,7,0,GOOD
Subject_31,Trial_5,Squat_WT,2,1,55.80,3060,20,940,0.010446,0.018741,22.230344,91,348,6,4,OK
Subject_31,Trial_6,Squat_WT,2,1,24.63,2500,80,1380,0.009616,0.017422,20.968751,117,358,7,0,GOOD
Subject_31,Trial_7,Squat_WT,2,1,26.44,3000,80,980,0.010800,0.019551,24.504616,120,395,6,4,OK
Subject_31,Trial_8,Squat_WT,2,5,26.12,1100,20,3000,0.009321,0.015795,21.144799,127,403,6,4,OK
Subject_31,Trial_9,Squat_WT,2,1,26.27,1380,40,2360,0.011541,0.020362,24.791166,116,375,7,0,GOOD
Subject_31,Trial_10,Squat_WT,5,1,33.24,1300,20,3040,0.009854,0.024581,17.416256,39,132,6,16,OK
Subject_31,Trial_11,Squat_WT,2,5,63.07,1460,20,2900,0.011038,0.025248,24.569173,87,256,7,0,GOOD
Subject_31,Trial_12,Squat_WT,6,6,21.43,800,20,2980,0.010464,0.027357,17.498793,20,156,6,4,OK
Subject_31,Trial_13,Squat_WT,4,5,37.80,2780,100,1440,0.012896,0.030483,21.883359,26,157,7,0,GOOD
Subject_31,Trial_14,Squat_WT,6,1,27.88,2300,60,2000,0.008373,0.013129,19.921298,149,442,6,8,OK
Subject_31,Trial_15,Squat_WT,4,1,25.57,2840,40,1100,0.012129,0.018718,22.020552,87,322,6,4,OK
Subject_31,Trial_16,Squat_WT,6,0,23.00,3020,40,1480,0.010507,0.015942,27.181208,169,535,7,0,GOOD
Subject_31,Trial_17,Squat_WT,4,1,26.11,1020,20,3600,0.008644,0.013236,19.099490,125,410,4,28,WEAK
Subject_31,Trial_18,Squat_WT,4,3,20.39,2980,80,1560,0.008850,0.013429,19.000433,103,381,6,8,OK
Subject_31,Trial_19,Squat_WT,4,1,25.10,1440,40,3140,0.007714,0.011826,16.351132,112,372,5,24,OK
Subject_31,Trial_20,Squat_WT,4,6,24.70,4160,40,540,0.009317,0.014212,20.607455,98,382,5,20,OK
Subject_31,Trial_21,Squat_WT,4,1,24.19,3180,20,1480,0.010604,0.015534,23.869300,135,440,7,0,GOOD
Subject_31,Trial_22,Squat_WT,4,0,18.55,2780,40,1360,0.008648,0.012862,16.835676,106,371,5,9,OK
Subject_31,Trial_23,Squat_WT,4,1,27.59,3380,40,1180,0.008777,0.013577,18.053624,98,344,5,12,OK
Subject_31,Trial_1,Squat_FL,4,5,32.09,3140,40,880,0.014976,0.023631,25.574599,82,260,6,4,OK
Subject_31,Trial_2,Squat_FL,6,5,34.28,3260,40,1180,0.012871,0.032815,27.262266,46,212,6,4,OK
Subject_31,Trial_3,Squat_FL,6,5,38.70,1060,20,2960,0.013757,0.026990,26.018382,72,288,6,4,OK
Subject_31,Trial_4,Squat_FL,2,5,41.65,1220,20,3360,0.010701,0.021072,23.943590,95,331,5,20,OK
Subject_31,Trial_5,Squat_FL,6,5,35.44,2640,20,1320,0.015044,0.039465,25.931607,32,143,7,0,GOOD
