emg_ch,imu_idx,mav,rms,wl,iemg,var,zc,ssc,mnf,mdf,swing,tilt_std,tilt_p95,tilt_zc,gyro_mean,gyro_max,gyro_std,acc_std,duration_s,subject,trial,raw_label,action
2,4,0.017448458556055445,0.033804620671539644,32.953924747095876,26.399517795311887,0.0011427523730086727,107,305,108.41608500685037,109.375,76.21534731392339,9.592134592238196,22.31131952225632,29,59.56216557988504,225.2803245270267,55.35980519189458,0.10309778124105226,3.027027027027027,Subject_1,Trial_1,0,Squat
1,4,0.011481461972046497,0.047806510159076346,9.187735058710594,19.231448803177884,0.0022854624132536377,2,8,29.78501865145478,26.123046875,84.65693068998428,7.730263200602168,16.490027676767433,26,53.305530443710026,217.92064584529595,49.15199997124097,0.11061609455960182,3.3513513513513513,Subject_1,Trial_2,0,Squat
2,4,0.016733304935950648,0.033473741835692516,32.719113055920104,26.438621798802025,0.0011204913866277655,121,312,106.39515652415794,103.759765625,63.734897333580136,8.15975818986595,17.506911320880228,47,54.05909819484219,191.68660400977106,51.946510804376835,0.0915267873909779,3.1621621621621623,Subject_1,Trial_3,0,Squat
1,4,0.012318502930614277,0.04317194138576027,10.32689870298876,19.795834209497144,0.0018638165185709385,4,17,36.94321067870903,31.25,84.83848652753335,9.916497705229261,24.161000571887953,37,57.370145909154786,234.11757519935728,52.31578473337567,0.1095006528556228,3.2162162162162162,Subject_1,Trial_4,0,Squat
2,4,0.013994891073082124,0.028132392286363075,29.22583791732137,22.86765201341619,0.0007914314923927682,130,322,108.95791307892588,112.060546875,66.65315109510449,8.42190523307608,18.92118155251143,42,55.778799924529224,189.74977740009734,48.67509966428555,0.10969852113340078,3.27027027027027,Subject_1,Trial_5,0,Squat
2,4,0.01532482117716432,0.029727313876622318,30.22228489982931,24.948808876423513,0.0008837131898302194,126,303,106.27071899283087,104.736328125,79.01255485795323,8.94222591351403,20.5561728308357,36,55.40389005792736,203.61626724410385,53.20755829512803,0.08300948361919741,3.2567567567567566,Subject_1,Trial_6,0,Squat
2,4,0.01386155711574228,0.028010416231805897,29.338988472630923,24.146832495623052,0.0007845834174117937,131,315,107.79450228577143,107.666015625,75.19899210878162,9.279481813964761,23.130307196820034,46,52.773405362168106,195.87096157317438,53.041388622950436,0.098024900929729,3.4864864864864864,Subject_1,Trial_7,0,Squat
1,2,0.012217757213809457,0.050994286372196634,12.457996933248182,20.04933958786132,0.002600417241441512,3,16,38.09951897311757,31.73828125,58.865433353509424,8.622924947657031,18.080138729777854,25,30.800028560036885,91.08121122314195,16.497657141045458,0.05797652152664565,3.2837837837837838,Subject_1,Trial_1,1,Squat
5,4,0.022095950444957293,0.07740223228833422,18.978032157760985,34.469682694133375,0.005991105413190205,4,16,47.20515725119605,38.0859375,90.40742346936672,12.726319728052568,33.39362517901244,32,64.37486203434887,211.71863873596251,54.440940029566086,0.12094824622699837,3.1216216216216215,Subject_1,Trial_2,1,Squat
1,4,0.013069260007922483,0.05226265355253974,12.553631679652527,20.74091563257298,0.0027313849320442936,3,18,36.27166679446394,30.2734375,62.870915128886836,8.602372378611323,19.92159771636722,21,58.95467472247141,188.55929072391586,53.65972274695189,0.13984646698361122,3.175675675675676,Subject_1,Trial_3,1,Squat
1,4,0.011628312164363469,0.05147842490171006,11.486255474163075,20.105351732184438,0.002650028230049583,3,9,37.17627811849293,31.25,75.91171835189755,8.881782797015763,22.110550137692528,36,55.29579940448984,226.59240082238583,51.77723956091103,0.0964292970854871,3.4594594594594597,Subject_1,Trial_4,1,Squat
5,4,0.025088094684006964,0.10992727589604499,24.710635212646572,45.58506804084065,0.012084005985607445,3,10,49.02378147707977,39.0625,78.04068483141975,9.136532473682,20.137250832112347,29,54.33275025267594,214.14099544988343,56.734513169862694,0.09383095668667232,3.635135135135135,Subject_1,Trial_5,1,Squat
5,4,0.03814579527488865,0.12605913052249323,36.15586342221218,62.330229479168054,0.015890904387921276,9,19,52.68455004884604,41.748046875,90.29793041831986,10.492326102784759,27.53896332410225,27,61.6854735433719,228.86748966293948,61.121480423908,0.1264022870945434,3.27027027027027,Subject_1,Trial_6,1,Squat
5,4,0.043588848270911494,0.1416858739418431,35.51541324849711,62.11410878604888,0.020074886832727405,5,15,51.82306355237736,38.0859375,95.29110537072,11.20318150515226,25.91583922770165,19,71.26823009778056,194.0718217647935,57.06401109026994,0.19886468643753524,2.8513513513513513,Subject_1,Trial_7,1,Squat
5,4,0.031906296461000405,0.15228440599274073,32.088182771771585,56.44223843950972,0.023190540283539573,3,6,53.80231709073435,42.48046875,72.2363662944424,9.960569358984117,24.43838731662853,36,63.06317358962592,190.41378834408363,48.2495606042076,0.1739525265868199,3.5405405405405403,Subject_1,Trial_8,1,Squat
5,5,0.03341491647227632,0.13517441064386257,31.788523481398713,53.02947244150252,0.018272121137678368,6,13,53.16921369541283,44.677734375,83.53098249226355,12.198918375135882,30.130040050759956,28,80.49537155231195,286.33064681829063,69.61225704870239,0.15655579548080967,3.175675675675676,Subject_1,Trial_9,1,Squat
5,4,0.03978732799227102,0.19547683835885865,33.908012719536636,62.86397822778821,0.03821119433434201,4,9,49.07097312456809,40.0390625,77.29212372967439,11.236102565074988,28.88132778977087,28,62.61112123457833,204.85690263114293,55.35211016980782,0.14601346370286633,3.1621621621621623,Subject_1,Trial_10,1,Squat
6,6,0.010491581323190302,0.017537794009825483,17.249739363112617,17.783230342807563,0.00030757421691448406,83,316,76.18061203713783,73.974609375,57.22529363301514,17.175079113105856,44.948047345511675,24,64.07972732998073,264.94688698959254,83.8221220505947,0.1460494127082425,3.391891891891892,Subject_1,Trial_1,3,LegExt
6,6,0.018775500033471716,0.03200223076051484,31.178555232738496,30.810595554927087,0.0010241427523818034,83,379,74.4045093621634,67.138671875,54.51667917111641,16.692628016007866,40.82087259994545,32,66.55689506044443,214.20903152792908,73.42405793045502,0.11909281610175,3.2837837837837838,Subject_1,Trial_2,3,LegExt
6,6,0.010948375565465181,0.017234964696200315,17.979716725515022,18.480857954505225,0.0002970439913761941,94,381,76.18306957220341,73.73046875,57.37248661644123,17.144451152013442,42.74315846237459,20,64.76303395706516,229.55515006713009,76.90344023890518,0.13399743315505733,3.3783783783783785,Subject_1,Trial_3,3,LegExt
5,5,0.005683024048516849,0.017505839550172687,4.658787398881479,8.751857034715947,0.0003064543898926737,3,20,31.661627217700893,26.85546875,71.66462714601924,4.090480991110556,8.580348970713175,85,36.7573955931589,229.54010220317824,38.66502579757217,0.09024721757319801,3.081081081081081,Subject_1,Trial_4,3,LegExt
6,5,0.01600362417139126,0.026099334424031954,27.922033579731988,27.126142970508184,0.0006811752419106316,99,415,78.14740008840553,78.125,60.54636416960972,4.052549388958366,10.29970618759209,64,34.173543603271696,140.65482084757411,31.731708440843505,0.08782268925303122,3.391891891891892,Subject_1,Trial_5,3,LegExt
6,5,0.021966583015277215,0.035245981361736595,36.89594623159235,35.89339664696297,0.0012422786831383348,87,419,76.37788097517674,74.70703125,89.28624793402314,5.379900983930963,11.145535962292803,75,47.42842238408816,343.18538125322215,54.17956386837227,0.13649210209831317,3.27027027027027,Subject_1,Trial_6,3,LegExt
6,5,0.014734459382520682,0.026534472356562405,21.77172252276214,23.088897852409907,0.0007040780983697167,73,304,68.3536340684839,61.767578125,80.13218340600693,5.361837357889636,14.227522269509233,55,33.52218312513347,372.563554796693,35.68041204156489,0.09402281067334198,3.135135135135135,Subject_1,Trial_7,3,LegExt
6,5,0.016527781377178325,0.028791124280574648,26.93550620519951,27.684033806773694,0.0008289288371619627,89,343,72.8456408772754,65.673828125,68.17138607266449,5.1998439448686264,13.92684712139222,49,37.100926762447756,227.44622800481525,34.310119648178464,0.08278393968423131,3.3513513513513513,Subject_1,Trial_8,3,LegExt
6,6,0.019291456260856737,0.04403541723998495,32.08200073177814,33.60571680641244,0.0019391179618820878,59,245,67.87583313852345,52.490234375,52.58429048563798,15.868651953961347,41.51259972988845,17,63.28909735458689,255.82151254598585,77.03794254870448,0.13956275045348043,3.4864864864864864,Subject_1,Trial_9,3,LegExt
6,6,0.015099127280744213,0.02839170892525522,25.04385084299529,25.291038195246557,0.0008060891165854085,84,320,74.9672212915951,62.744140625,50.99140218851798,15.361705143956508,38.00955532953983,30,64.52904949569808,230.8804751416787,77.45911367286527,0.12309723041571584,3.3513513513513513,Subject_1,Trial_10,3,LegExt
6,5,0.009452807521160319,0.017534462571139078,13.840498071877647,15.190661686504633,0.00030745737728083236,60,271,69.37064024397604,67.3828125,53.830154456255364,4.252262665526955,10.714835687236706,38,28.2505635174227,99.78192936603277,20.00185103871585,0.058094903707752166,3.2162162162162162,Subject_1,Trial_1,4,LegExt
6,6,0.01473499489416625,0.025164801143785515,20.24412981887652,18.9049984492153,0.0006332661971775207,65,282,88.62929973305953,82.03125,52.27020775297959,14.831413952698114,40.11965139684857,13,75.66067276107505,201.84910780356316,64.37541781764222,0.10059307181979937,2.5675675675675675,Subject_1,Trial_2,4,LegExt
6,6,0.01112076132719605,0.019218778464037203,17.574980506307384,18.10459944067517,0.00036936144564603306,79,304,79.50325100707711,77.880859375,54.711479247212296,15.475178966738577,39.39247315713971,28,58.533529653737894,166.10720405060638,58.55890478337491,0.09550937503734037,3.2567567567567566,Subject_1,Trial_3,4,LegExt
6,6,0.010646079001058344,0.01827776328420025,16.088990359484768,16.107517528601274,0.00033407610673253675,73,310,78.17419558920739,74.462890625,47.728639209053924,15.180215660475376,41.7196108524223,61,62.03524071989492,215.3567121624876,66.64503895676752,0.09886837450638765,3.027027027027027,Subject_1,Trial_4,4,LegExt
6,6,0.010776174810117006,0.018594013796472377,13.69851184615633,13.976698728721756,0.00034573717513308895,57,259,78.07992552791791,75.927734375,40.76465509947406,13.983211952884409,38.08045912167529,39,64.96951493665499,176.81401289521864,62.04650656111909,0.08929470849595018,2.5945945945945947,Subject_1,Trial_5,4,LegExt
6,6,0.011041610320911556,0.018455935575782862,14.223711486374619,14.46450952039414,0.00034062154547062515,63,254,78.72033329793842,74.21875,44.91869951574439,13.785032140210063,41.49665948286746,2,67.82417622763259,207.87095764538213,65.21550710092767,0.08983081099523581,2.6216216216216215,Subject_1,Trial_6,4,LegExt
6,6,0.00925487774483074,0.015357172061468798,11.909198210399529,11.87400814661784,0.00023584272416275496,73,255,84.67482645760698,79.58984375,50.4711639057995,13.003537382263508,34.63026320475115,24,68.68383821781148,179.45131100771906,57.05817068957064,0.10049037178175896,2.5675675675675675,Subject_1,Trial_7,4,LegExt
6,6,0.011749788621739218,0.01790879183649282,15.199888699748989,15.6389686555349,0.0003207248249828859,76,302,79.45828005232428,77.1484375,45.543142003608,14.347909521330433,37.409777662308265,28,65.91199155879748,172.26896041670594,60.44246598949229,0.0914652501158539,2.6621621621621623,Subject_1,Trial_8,4,LegExt
6,6,0.01087407224446056,0.017556972127199172,17.839958156109937,17.550752602559342,0.00030824723486321627,95,362,82.36965546236245,80.56640625,52.38275556819943,13.232663526861629,37.267424965354635,27,55.51531193796751,176.85272543175995,58.21990279986181,0.0925771427989082,3.22972972972973,Subject_1,Trial_9,4,LegExt
6,6,0.01064058163553439,0.01713429445392293,18.116985198099286,17.248382831201248,0.0002935840452345948,99,377,86.54707632670639,86.181640625,50.61398619076844,13.189098599489208,35.97607794228514,21,57.852645609516685,208.51047837109695,67.74195135518023,0.10789088552227998,3.2432432432432434,Subject_1,Trial_10,4,LegExt
5,5,0.012416509359789692,0.06130338552199208,13.459119971343636,25.66492484668529,0.0037581050745836473,4,12,46.89555909048719,35.2783203125,93.84196145834073,6.481095808170218,10.468716005004648,23,39.04441203168173,375.12728743119567,51.17222566688137,0.14215876218945,4.135135135135135,Subject_1,Trial_1,5,LegExt
5,7,0.1732666123209828,0.600442675377156,139.66883325228088,292.474041597819,0.3605314060903607,7,10,35.45796377475207,30.517578125,126.08994499976714,11.01514053514574,25.125800883058375,27,65.4883305105593,165.1572374824159,55.359578220050466,0.16175187229449287,3.3783783783783785,Subject_1,Trial_2,5,LegExt
5,7,0.1083338760439296,0.47816776944293415,115.63099898428335,250.90125691774097,0.2286444157323875,4,11,35.97626114575664,31.8603515625,65.56011741508489,8.838837614662898,20.919148838753834,33,50.11983588848423,245.5431403208456,58.366127313155154,0.12518452694437812,4.635135135135135,Subject_1,Trial_3,5,LegExt
5,6,0.16325452762917012,0.5757030432636929,135.85441679525866,279.98151488402675,0.3314339934969071,5,10,35.94665760615352,31.005859375,47.98685079099548,14.32352552759894,36.447165076976326,62,58.84930287590899,201.6450327869702,62.393064023248655,0.12815832554669843,3.4324324324324325,Subject_1,Trial_4,5,LegExt
5,6,0.04967717964207557,0.20438251085654027,50.01228598974539,94.58535003851188,0.04177221073146826,6,9,46.65647934065233,36.62109375,50.79242305591702,16.222338242029288,40.60334409251019,16,54.2723080162348,183.75481520051017,53.315162054602226,0.12156300214849676,3.810810810810811,Subject_1,Trial_5,5,LegExt
5,6,0.04608487786314796,0.20059728191696377,45.07698349463549,82.49193137503485,0.04023926943487006,4,9,49.16621779500569,38.57421875,48.53675608334184,16.396287287018996,40.55420708933159,19,59.98885701756901,194.69777357421444,62.7679573229071,0.12342846138059285,3.581081081081081,Subject_1,Trial_6,5,LegExt
5,6,0.08010573651138105,0.32090429380560026,78.73812988738274,149.31709285721428,0.10297956578245657,4,9,47.74617332273359,37.353515625,51.55260064529392,14.92502869726509,39.57097328646686,26,56.828370420697745,181.62148585951346,58.86783787221168,0.0986604147534126,3.72972972972973,Subject_1,Trial_7,5,LegExt
5,6,0.08772065299606586,0.3325262896454876,83.42648480548235,161.75688412474545,0.1105737332473201,4,11,45.18464630983238,36.62109375,47.00597258984333,14.626057072240508,37.50817417599876,15,55.07486149328789,170.4775634358353,54.41087163999969,0.11987398112507602,3.689189189189189,Subject_1,Trial_8,5,LegExt
5,6,0.06824784638148367,0.35948166337884674,132.26432668864075,268.2140362792308,0.12922706630543634,6,13,38.61333688230541,32.958984375,106.64855277827255,11.72298459759332,33.54193614655059,35,30.254683959512384,160.39547125395194,46.45253806289994,0.12171397533042246,7.864864864864865,Subject_1,Trial_9,5,LegExt
5,6,0.1605907014729513,0.6075061920814202,124.00315624011455,262.4052062068024,0.3690637346788127,5,10,36.830784215277085,32.958984375,38.57667069030018,14.538350917627382,35.839102022494785,12,58.8312603707181,161.68126346526125,57.08405549390375,0.09810744462482306,3.27027027027027,Subject_1,Trial_10,5,LegExt
5,7,0.008843354235476008,0.024658826957537964,8.538703173018668,15.166352513841355,0.000608055850741858,9,32,46.45139420127641,34.1796875,90.24692259298898,10.42474622908419,24.336811797913413,31,66.52291497389008,179.0290701300011,56.49582227209778,0.1822454264675857,3.4324324324324325,Subject_1,Trial_11,5,LegExt
5,6,0.19892829066191886,0.6553869600511935,145.18887314901176,298.5913642835402,0.42953206670656857,3,10,36.39960904935004,31.73828125,54.470056843044304,14.659120770308839,35.707868845354334,14,66.84762226931822,164.33098970319028,58.77265544634767,0.1913970179144435,3.0,Subject_1,Trial_12,5,LegExt
5,3,0.04755686689527878,0.10846948261845607,98.44525993920364,178.8138195262482,0.011765624573524572,16,115,43.05569810853473,34.66796875,164.78194897819483,21.178524849738185,54.8464868537961,65,140.9768578124023,402.24721496906136,100.03717558731422,0.4909877705630971,7.527027027027027,Subject_1,Trial_1,6,Walking
1,3,0.02798998164040311,0.26438511132757164,81.51831073736389,117.89380266937789,0.06989887223530056,2,20,43.69388772335182,31.73828125,156.33795764970532,19.164734862334736,45.31715703067172,89,125.70765107168714,423.05870890947034,91.8815584666891,0.34775647454263325,8.432432432432432,Subject_1,Trial_1,7,Walking
1,3,0.01524533122731466,0.08621873396765563,48.514137412430046,74.09230976474925,0.007433670051579263,6,44,34.70572801268392,30.94482421875,157.95143503114423,15.573761314283127,34.71836555403403,140,109.32478514130109,378.5858635403032,89.10715738381943,0.2938607403489565,9.72972972972973,Subject_1,Trial_1,8,Walking
5,3,0.03275396519458933,0.059210012030075476,88.65544559999337,166.94696059682178,0.0035058254892915077,49,237,40.20138275718279,33.0810546875,128.56320880651438,15.97980489326851,37.35505710909136,151,110.3273407789237,405.1197612292039,94.58480857395479,0.4055343411856656,10.202702702702704,Subject_1,Trial_2,8,Walking
2,1,0.008138039450409196,0.014764380558447893,16.486744007538384,16.70739499169008,0.0002179869181677264,97,354,82.856133705989,79.345703125,33.29133225837443,9.66488686154388,26.549247561785513,20,45.255892637212405,125.02378638088732,32.56352381624276,0.07180149733005774,4.108108108108108,Subject_2,Trial_1,0,Squat
2,1,0.01175582998769065,0.021385323184186063,26.271594067069472,25.639465203153307,0.00045733204626009473,104,370,84.59011282359725,80.4443359375,30.396194969562384,9.202727008310179,24.193018684301673,26,43.56426355721417,122.13229457033069,30.676660949194115,0.06270453900575221,4.364864864864865,Subject_2,Trial_2,0,Squat
2,4,0.009639659357488619,0.016760452048659325,22.284695017058,21.41932309233971,0.00028091275019603504,135,404,87.26964514213711,83.740234375,35.060746524722944,6.766861095661922,17.339940900599604,37,39.546429707794324,117.07708086274143,30.774526878804437,0.033475481897613436,4.445945945945946,Subject_2,Trial_3,0,Squat
2,4,0.008346090437632714,0.014999896151721733,18.489599195170992,18.15274670185115,0.0002249968845383502,112,342,86.23672623176046,86.42578125,31.054296746156787,7.0075872871188425,17.736929719797608,36,40.80597029065054,117.24362065636684,30.959955982505004,0.028447218479433385,4.351351351351352,Subject_2,Trial_4,0,Squat
2,7,0.008771561421166385,0.016775270614043963,19.505667188472287,19.367607617935377,0.0002814097031906508,90,358,85.04733677045964,84.1064453125,31.8935276877161,5.433119679090395,12.296626326161368,51,21.637097160383764,45.06680141902899,8.202158462994937,0.02363206384984723,4.418918918918919,Subject_2,Trial_5,0,Squat
2,4,0.008082031774312649,0.014943981500748887,17.695526244288814,17.958274602522707,0.00022332257471446376,99,367,80.92851379586327,74.5849609375,63.13267483596828,8.444730736969989,19.852364027955847,15,41.45287310702979,137.27361458363413,30.866882500484074,0.05470587142095591,4.445945945945946,Subject_2,Trial_6,0,Squat
2,4,0.010222634677021445,0.018131055576807557,22.650473692616337,22.438683116062073,0.0003287351696464418,110,381,84.90173907779277,84.228515625,30.732484064827478,8.080787967361456,20.487031777515487,24,40.83619341456471,152.12132311397386,27.429653398199928,0.031917700507561785,4.391891891891892,Subject_2,Trial_7,0,Squat
2,1,0.007924345639542365,0.014699457909496998,17.795932485506388,17.82185334333078,0.00021607406276971173,112,337,84.44999432940061,78.9794921875,41.10009655687706,10.221968592946334,27.350199352524648,28,43.4301273601789,116.43442443393421,31.64065107718964,0.07157310476137786,4.5,Subject_2,Trial_8,0,Squat
2,4,0.00798571797391841,0.014953008493553905,18.205188887376167,17.52865095275091,0.0002235924576173628,97,349,89.29544592653541,91.064453125,40.21507292209774,8.962094052809928,19.91547910038985,35,40.64631229586708,127.77659487455567,31.556077699809496,0.039551481793747095,4.391891891891892,Subject_2,Trial_9,0,Squat
2,4,0.01030588090977375,0.01875593001477096,22.629522695267582,22.971808547885686,0.0003517848619357013,107,365,80.76673496607182,76.904296875,32.809684694349144,7.402232462037026,17.628294457461518,12,39.27325638246303,97.14869685620802,25.40474435354058,0.024831467116761315,4.45945945945946,Subject_2,Trial_10,0,Squat
2,1,0.011779801555982523,0.0215418123151812,30.320929425000145,29.908916150639627,0.0004640496768011569,119,439,82.48871579160448,76.0498046875,37.634038726656456,9.042455189075156,22.111213428684273,28,38.28181246649519,116.10728628355784,25.695017727820463,0.052755006873771,5.081081081081081,Subject_2,Trial_1,1,Squat
2,1,0.00994910992765428,0.017303019854298572,24.50744569870158,24.05694780506805,0.0002993944940979363,120,495,82.91516947235647,77.0263671875,33.43559420489204,9.573693393224708,24.913673018944788,35,39.137840479980476,112.45656819551121,25.95932153991101,0.05097893693648565,4.837837837837838,Subject_2,Trial_2,1,Squat
2,1,0.009742763076854939,0.018826179250798415,24.815398905670964,25.194785316746874,0.0003544250240908809,100,432,80.96696124067533,81.9091796875,36.545981584339046,10.573998243211436,27.262254041565306,36,38.08027170931388,94.15687327572108,24.801870557199315,0.0511925731370108,5.175675675675675,Subject_2,Trial_3,1,Squat
2,0,0.013179630788757557,0.023966231681518305,32.22683300917046,33.199489956880285,0.0005743802604485943,115,429,80.75341049615362,74.8291015625,48.03676842185025,3.7947801669635184,9.291937249484697,46,37.93996747831259,106.75567303873574,26.34649686416811,0.050016406222713805,5.04054054054054,Subject_2,Trial_4,1,Squat
2,2,0.01117417666334099,0.02120753863590553,28.828342539577378,30.036186871060583,0.0004497596905036795,111,435,77.41352848901205,72.509765625,38.847199896125176,3.596828431053529,7.811783264525592,61,21.124800580581983,46.0705224428368,9.259938570609108,0.04744598022218186,5.378378378378378,Subject_2,Trial_5,1,Squat
2,1,0.01395039508531621,0.02351879824971657,34.69543976144051,34.48537665090167,0.0005531338344087911,140,490,83.23650170607758,82.6416015625,33.51793025932177,9.919368263433588,25.586451131825577,14,38.08591536403114,116.10031005789746,24.760299233358364,0.04805823198236654,4.945945945945946,Subject_2,Trial_6,1,Squat
2,1,0.011496201213882333,0.020838114738726682,29.53419241358892,29.418778906324892,0.00043422680391804646,120,455,82.87586445804324,80.078125,42.28520469732872,10.53420168883837,27.834487456057282,17,39.07537429518878,131.65053190098558,27.157315032085037,0.05787027461513647,5.121621621621622,Subject_2,Trial_7,1,Squat
2,4,0.008604145111848479,0.014289484235888456,21.01805454086427,20.85644775112071,0.0002041893584978432,124,477,84.84290704333769,82.51953125,33.75428518548489,6.884056976207328,18.505575869324957,47,36.35180689293786,84.31886023793264,21.860306229782836,0.025208599383995327,4.851351351351352,Subject_2,Trial_8,1,Squat
2,4,0.008144251999155723,0.014793368104018665,22.27657265895419,22.714318825645314,0.00021884373977579813,123,458,80.69423090246933,75.5615234375,46.617843602978816,7.796339497790601,16.69635570885673,36,36.06201293193381,103.6158623938893,25.01971467365529,0.030346810072764574,5.581081081081081,Subject_2,Trial_9,1,Squat
2,1,0.009463878887352756,0.016717724032573558,24.82582185663317,23.707016612818652,0.0002794822966228007,128,484,87.43408945219595,85.3271484375,36.8484619989708,10.786533268021419,29.081404223397232,10,39.92337411432303,105.27845610922517,25.01382199561887,0.05601979645596768,5.013513513513513,Subject_2,Trial_10,1,Squat
4,3,0.00459143489921351,0.00753283318715696,7.968559768684571,9.086449665543537,5.674357565725853e-05,67,324,68.69771160104023,64.453125,70.98436227124007,6.042495463369736,14.624772733835563,17,14.8618165561878,102.80331153303442,17.88051741697597,0.0976374977751861,3.9594594594594597,Subject_2,Trial_1,3,LegExt
4,7,0.005878042087916516,0.009794714843505971,10.206777550174568,10.839109610118056,9.593643831392849e-05,97,320,75.99153446769314,68.359375,29.14515416023405,5.85364535949122,14.983665048330037,28,55.21190451008723,161.93219956758654,52.77870272928188,0.09573230292999006,3.689189189189189,Subject_2,Trial_2,3,LegExt
6,7,0.004141402085299922,0.007484682985198579,7.804859702080818,8.113006685102548,5.6020479176313485e-05,66,297,82.79486526819582,80.56640625,26.028329822433392,4.179259217251481,8.05974933286316,25,50.09844861208213,171.33363196689575,49.21520812172329,0.10481458082530049,3.918918918918919,Subject_2,Trial_3,3,LegExt
6,6,0.005580197725805982,0.009372318540461515,9.8782021273134,9.72070443835402,8.784034736638248e-05,88,313,85.36504022844687,83.251953125,25.228947851189822,5.962339058666665,15.361844421625186,18,50.526851610279984,167.42003153871423,48.614618724919616,0.06994744063766224,3.4864864864864864,Subject_2,Trial_4,3,LegExt
4,7,0.0050514193296473464,0.00798640775504939,8.646139290649,9.380485695155123,6.378270769059609e-05,87,331,73.62715350307514,72.265625,27.737248482942803,4.576155434518373,9.997453414375036,34,53.521161755387226,183.08409289201117,53.659108730058584,0.10654152809957473,3.7162162162162162,Subject_2,Trial_5,3,LegExt
6,7,0.005137744588548922,0.00954397830649162,10.326598214363162,10.167596540738316,9.108751101977638e-05,92,284,86.47179689182168,83.984375,38.04218315829456,5.710135331569363,13.2122531663139,30,55.01898934692567,182.23052750632706,57.33553379069537,0.10149021835932004,3.9594594594594597,Subject_2,Trial_6,3,LegExt
6,7,0.005207753155033667,0.009489730901486707,10.470509865428589,10.129079886540483,9.005499021833035e-05,94,316,89.07135956678646,91.30859375,26.590022665504524,5.250489660494483,11.993785590518128,24,54.56651861916777,171.51542217860802,54.81340475018687,0.0997702943523591,3.891891891891892,Subject_2,Trial_7,3,LegExt
6,7,0.005149155534194576,0.009521879054829272,10.049221642079138,9.912124403324558,9.066617924874358e-05,86,287,84.2456722959325,80.810546875,36.031219574381566,5.774038733159037,13.242254408971164,34,53.82610539203885,182.5647618985459,53.08173307357504,0.10513230297495293,3.8513513513513513,Subject_2,Trial_8,3,LegExt
6,7,0.00483024548107974,0.009386694273293542,9.947721352430657,9.525244088689247,8.811002922030309e-05,82,270,92.23027715470892,92.529296875,26.79654194580024,4.993711115755791,11.948531140885363,22,52.36475973543512,164.5136231218516,50.983219759213874,0.09220059519661998,3.945945945945946,Subject_2,Trial_9,3,LegExt
6,7,0.004637674813664854,0.008385995599471584,9.12535452534281,9.02027751257814,7.03249221266264e-05,96,285,85.63871816556879,85.693359375,26.93024310466751,5.600745203069417,12.412721574651458,27,52.39305839389201,173.4535862270844,53.202932820176265,0.07690815527746074,3.891891891891892,Subject_2,Trial_10,3,LegExt
6,7,0.010190940334029055,0.01692748755010612,18.888039459550292,16.448177699122894,0.0002865398343104201,129,374,98.38523778701894,99.853515625,26.162125655109477,4.913656258836687,10.928054222821252,23,50.89547723083351,162.43450943933928,41.53022015412404,0.0888346121532104,3.22972972972973,Subject_2,Trial_1,4,LegExt
6,6,0.011504453220405272,0.02184331051254703,27.556438139095732,24.009793870985803,0.0004771302139517734,137,364,100.51824565853119,98.14453125,22.94755432374084,5.627897271566027,14.007907113719417,29,34.748663118971535,104.87912338787389,33.95234411126337,0.055323567197239264,4.175675675675675,Subject_2,Trial_2,4,LegExt
6,7,0.013357014898937267,0.02508414009876257,33.43035126113275,28.69086800291725,0.0006292140830652657,144,434,98.948859720061,101.6845703125,50.96804747066129,5.742678435937128,12.04888412018369,23,43.991345549873735,131.54032310132828,36.14332885184395,0.13134562089785168,4.297297297297297,Subject_2,Trial_3,4,LegExt
6,7,0.007910909951481235,0.013497356715795049,17.759620685907212,16.72366363743133,0.00018217863819404423,134,414,91.20254794618933,89.2333984375,25.260597449560283,4.320218756498661,9.108046666176119,42,40.59835387831372,169.4312256520355,40.242304369990414,0.0754611644801054,4.22972972972973,Subject_2,Trial_4,4,LegExt
6,7,0.013665134121405948,0.024746302607923435,31.65858735263612,26.947644487412532,0.000612379492186875,134,395,100.03528753545224,99.12109375,27.130706338851418,4.654206744135073,10.606604602743193,43,43.60593090916034,116.95671441314019,31.096503089972035,0.11990952238001566,3.945945945945946,Subject_2,Trial_5,4,LegExt
6,7,0.009584888019903827,0.02102931344785475,24.798566943321497,21.882299349440437,0.00044223202120255586,120,336,98.23561355787253,97.900390625,39.45974329291724,4.543671986782014,9.4066974388661,55,40.726881084781844,166.19587462086247,38.48827849142095,0.1215098210136455,4.5675675675675675,Subject_2,Trial_6,4,LegExt
6,6,0.012890544074847722,0.027038905501265004,30.733472351772914,25.600620532647575,0.0007311024072866643,125,301,104.20120414709325,102.783203125,23.375192435132096,5.144162685515174,12.596154646929604,16,32.37127500911483,132.8371156384846,35.72502555580002,0.04837794264753241,3.972972972972973,Subject_2,Trial_7,4,LegExt
6,7,0.014041104438370238,0.02531553172692862,31.657878698392956,26.734262850656933,0.0006408761466148779,148,388,98.74709277463204,102.5390625,22.602152667224345,5.181538309292924,11.911942200282397,34,42.874768101486175,139.55437400550656,39.06459905369789,0.06434347214334918,3.810810810810811,Subject_2,Trial_8,4,LegExt
6,6,0.014962126788533554,0.02857194281596454,29.83561670539917,25.660047442335046,0.0008163559161695852,110,330,95.93312493555705,92.28515625,36.02906396193579,4.852784932408569,11.718415282075792,39,38.9153963619298,139.05460713461719,35.348403723869424,0.09278874387183517,3.4324324324324325,Subject_2,Trial_9,4,LegExt
6,7,0.011824933809552905,0.023588197241419636,25.90624313895686,21.722403408148686,0.0005564030457835992,124,337,102.51409004608384,109.130859375,19.46554604979351,3.99445889504257,8.625988409011022,38,46.13207368709194,125.35302514620207,31.391476232658103,0.06942355469033763,3.675675675675676,Subject_2,Trial_10,4,LegExt
6,7,0.011275358535129669,0.022039406046098,27.385100402517722,22.922803901918616,0.00048573541816369074,125,374,101.18993200861105,101.07421875,28.194213045930184,5.313253430868001,12.428899704824804,27,40.89806691008099,116.18843859688971,32.37667084989372,0.06789348134349422,4.0675675675675675,Subject_2,Trial_11,4,LegExt
6,7,0.01609757835711824,0.025039094696146468,31.149878814001497,28.04198149809997,0.0006269562370292961,127,445,92.80118830174126,92.041015625,56.70589527657671,4.421411300790691,8.66577509477171,50,49.5200574890902,130.3348082396917,37.34395851302695,0.12567019644124355,3.4864864864864864,Subject_2,Trial_1,5,LegExt
6,7,0.010712646957205247,0.018901130381733192,22.643365096363446,20.911086860464643,0.00035725272683530886,126,365,89.11498368719617,87.158203125,53.71655366061077,5.424590680593002,11.55250200441238,40,51.179428158607195,145.76711009324467,40.8754272709364,0.1132618207441439,3.9054054054054053,Subject_2,Trial_2,5,LegExt
6,7,0.00797223819235728,0.015575638213586481,22.226893499938672,20.783624967475433,0.00024260050256990463,143,392,89.2913976101364,87.890625,84.40502177545822,5.887737510738003,8.823421745417166,45,41.813491380547056,161.1167580333793,42.14876241952614,0.1300927202790192,5.216216216216216,Subject_2,Trial_3,5,LegExt
6,7,0.009141129394559813,0.016671292154436704,18.95921263757948,16.728266792044458,0.00027793198156666717,114,342,96.06503522337599,96.6796875,44.28747060412332,5.178842417393375,12.004027421482931,31,52.34328921058965,160.86286296676718,45.22709611886775,0.09402723303592649,3.6621621621621623,Subject_2,Trial_4,5,LegExt
6,7,0.009128494090030212,0.016405588912653334,21.590650829894045,19.909245610355892,0.0002691433447317179,140,393,92.42981839209818,93.017578125,54.1520529787312,5.4474543329472285,10.863741733963444,50,45.64591320747182,135.51186343760082,36.977107370350325,0.1403729206109625,4.364864864864865,Subject_2,Trial_5,5,LegExt
4,7,0.006946353146721654,0.011841768082560118,14.268529295032788,13.837135468269533,0.00014022746898470013,99,357,87.91108132950473,85.9375,58.964581720862626,4.930413553879323,9.411801657739883,26,45.55062254677011,137.75071107827517,34.39388111655438,0.14938778569618727,3.9864864864864864,Subject_2,Trial_6,5,LegExt
6,7,0.011033547847771916,0.01978168157219128,25.279104511436202,22.651873731475746,0.00039131492417390773,150,388,93.55626885938315,88.134765625,79.18142395379486,5.4427468729114725,8.734430821876872,65,43.78938270006895,157.82959896335498,38.83775978221815,0.12389535635045182,4.108108108108108,Subject_2,Trial_7,5,LegExt
6,7,0.00792694754232002,0.014325932456701808,15.25622734204719,14.561802635241879,0.00020523234014149666,106,304,88.15999694047497,83.984375,66.39710829085936,6.116604065256678,11.397332687111078,40,54.03794252434322,155.03754332827975,44.00868935238887,0.1125423984253967,3.675675675675676,Subject_2,Trial_8,5,LegExt
6,7,0.009387884256747742,0.015821064145689557,18.817124378250792,17.686773939712747,0.00025030607007895674,115,393,88.50467761647653,87.158203125,67.45602584839898,5.850768128375487,12.533548967544172,59,52.4632559805877,156.12935746138788,41.738885244642255,0.11458742933355678,3.77027027027027,Subject_2,Trial_9,5,LegExt
6,7,0.00865183796655767,0.014850363163731976,17.637210342343216,17.061424470051726,0.00022053328259219853,121,383,86.19479213469238,85.44921875,78.0890198846966,6.335469615142783,12.619482821130912,56,52.85546649685317,176.42872115978392,44.38683502128275,0.1316731714515469,3.945945945945946,Subject_2,Trial_10,5,LegExt
6,6,0.012219010149188162,0.020963096824047827,26.772975589314406,24.095888014199055,0.0004394514254538831,144,431,92.77297330110275,91.30859375,25.334946287535153,6.501922597835666,17.101434667464293,38,42.65026377063706,136.70832283012012,42.63924030747855,0.09896492988787989,3.945945945945946,Subject_2,Trial_11,5,LegExt
6,5,0.013456250186911706,0.022103050648587617,25.5200872559311,22.902537818123722,0.0004885448303334337,116,412,91.14531383458565,91.552734375,28.29817354664798,3.6304687961733477,8.046052226077965,63,21.82093089154917,78.47086015415137,13.738842689383075,0.08501627013439132,3.4054054054054053,Subject_2,Trial_12,5,LegExt
5,7,0.007031619450429463,0.020437883942369197,28.06495214382388,40.256021353708675,0.00041770708880291176,42,323,30.159100961932438,19.775390625,175.61883462953756,19.79529238892113,46.560009672279214,118,111.4302833558548,349.45468286905975,82.48773606094963,0.3867304727969484,11.45945945945946,Subject_2,Trial_1,6,Walking
2,2,0.014393898801586289,0.022946657908659653,27.644508411637307,25.203716801577592,0.0005265489706527531,125,392,96.65516033129111,99.12109375,40.478362775947204,3.951875539197834,10.205281427380232,15,23.692590945332984,49.52600596829696,9.506848535381753,0.025639561914573047,3.5,Subject_3,Trial_1,0,Squat
2,2,0.01066549483510459,0.01830552728673126,23.981957828555473,23.048134338661022,0.00033509228027044135,124,393,93.00327520035864,93.75,64.64296380528732,4.705982676181434,10.455455111568329,37,23.436599303343392,76.15241267586896,10.302533837105802,0.029337189249188985,4.324324324324325,Subject_3,Trial_2,0,Squat
2,4,0.01134042868826422,0.01986278118152796,24.78495497208307,22.692197805216704,0.0003945300755943667,103,391,94.0458562247968,92.041015625,35.41833254731529,5.080856420381689,15.065245232654226,33,52.488060718398536,168.3447941646751,36.29493608247821,0.06524673003880939,4.0,Subject_3,Trial_3,0,Squat
2,2,0.013228461296610783,0.023376201695280978,32.721623261137196,30.37254713701836,0.0005464467279737639,138,438,93.6358972723655,91.796875,44.53502459348179,3.9623647905476234,10.447397895201636,27,22.266071876419055,60.8591547974711,8.534861953742148,0.023952842621910934,4.594594594594595,Subject_3,Trial_4,0,Squat
2,2,0.016392159713357026,0.025176966179647188,29.77015072135397,29.22722076891558,0.0006338796016893346,104,378,89.76954257644454,87.158203125,48.94160463210255,4.204226632126421,8.851722514778029,29,23.66952932457077,59.54123598214698,9.365553685973673,0.025433737413262793,3.5675675675675675,Subject_3,Trial_5,0,Squat
2,4,0.011878656967819253,0.020506771402575674,27.220610010295417,25.515355166875757,0.00042052764521117514,126,374,96.60353038896257,95.5810546875,41.91989453047576,8.49065115817888,22.78485635323633,22,50.851583062220385,147.37969641838302,39.21357499196075,0.045134939681725265,4.297297297297297,Subject_3,Trial_6,0,Squat
2,1,0.009756312223455363,0.017332633197084665,23.000790766097886,21.08339071488704,0.0003004201593159315,138,358,99.28014977801735,101.806640625,42.77784181606362,8.660631830835504,21.449180667368086,33,46.82506405506831,147.12733795950757,34.82835193641862,0.06779696323212078,4.324324324324325,Subject_3,Trial_7,0,Squat
2,1,0.01612699426365909,0.025459961960976423,28.601133318297123,24.206618389752293,0.0006482096535029317,123,415,101.22305397602037,104.248046875,33.991286687825124,8.52486308865082,21.060388060810855,41,46.81368961207956,139.99196360964285,33.114046540150866,0.06514842399318597,3.0,Subject_3,Trial_8,0,Squat
2,1,0.013491099177930637,0.022382662207936933,25.123208648529282,23.056288495083457,0.0005009835538502873,114,357,95.57668894403582,97.900390625,35.71401812530557,9.197735670060394,23.747119167940106,36,54.443691244502844,146.55285389838176,36.72309462208147,0.0684038439029139,3.418918918918919,Subject_3,Trial_9,0,Squat
2,2,0.011953360777732019,0.020558422553485767,22.307641510354134,20.26094651825577,0.00042264873704093883,107,367,94.170478147911,96.19140625,53.203384131732925,5.219177581633301,12.444528293787739,20,23.28653211886925,81.204095178806,10.526065322674024,0.029458510000841324,3.391891891891892,Subject_3,Trial_10,0,Squat
2,2,0.011283287035484672,0.01936314644547916,25.030612663742392,21.945993284017685,0.0003749314394699648,132,423,97.74355786407432,100.5859375,42.62469423395239,5.053557744311976,12.188264967717407,17,23.20993876748146,71.4546944314673,9.725213075992597,0.025043449105797984,3.891891891891892,Subject_3,Trial_11,0,Squat
2,2,0.010361800220304479,0.016819470696002467,23.770342733808143,22.536915479162243,0.00028289458917786996,150,405,95.48291862276452,96.0693359375,42.32366371599933,5.185746142402103,11.8429100366043,29,24.25961463832982,84.62738843960258,10.503900177793287,0.02628614998098274,4.351351351351352,Subject_3,Trial_12,0,Squat
2,2,0.010153533399557633,0.018129982799342557,18.987267259408263,17.778836982625414,0.00032869626141224565,99,315,92.62481811940238,89.111328125,38.54066929685882,5.382640066853925,14.172197964635282,15,24.502910025691026,72.2005940585049,10.815044137651283,0.02848163600569949,3.5,Subject_3,Trial_13,0,Squat
2,5,0.01585580331589373,0.02847097821675282,33.98289235464174,30.633412006306685,0.0008105965873730342,121,403,96.29485669893938,95.703125,43.064631075091384,9.992569314435189,29.329822324695694,7,48.066023019067536,215.27737842004208,35.846642814744165,0.07264629874555298,3.864864864864865,Subject_3,Trial_14,0,Squat
2,5,0.01188365921844132,0.022066011669259384,29.30874337431397,25.76377318558078,0.00048690886291151214,132,399,97.52199942296093,97.412109375,36.52684356710887,9.277364138189995,24.896725567968396,14,41.47364432083306,102.94813551997115,26.5983695907118,0.04708826410555203,4.337837837837838,Subject_3,Trial_15,0,Squat
2,5,0.0158794616747687,0.027852366606282427,36.75262244740627,30.885552957425123,0.0007757543255306924,141,428,100.48205506277841,100.5859375,37.61869344180249,10.46769827246824,30.267038734255742,10,45.06195018482347,122.73995320431823,33.00394372369678,0.05619474841391444,3.891891891891892,Subject_3,Trial_16,0,Squat
2,5,0.014020044419867893,0.02461065255089312,30.821335196115875,26.988585508245695,0.0006056842189473652,129,390,100.52130033209524,98.876953125,34.46583383922721,9.098508068873869,27.31241252131342,8,42.80591725713918,132.3682453906303,27.569747190277326,0.04870278229005018,3.8513513513513513,Subject_3,Trial_17,0,Squat
2,5,0.014788437460397498,0.025593831784387774,33.06704679773155,28.970548984918697,0.0006550442244828943,138,439,98.18628193558423,94.970703125,31.201155759449012,8.76723654330589,25.67140624138505,8,42.69473861040035,144.1164778390552,29.33346614561034,0.049971735831621227,3.918918918918919,Subject_3,Trial_18,0,Squat
2,5,0.014931719184095915,0.02492373867272502,32.62809911430606,28.131358942836705,0.0006211927177191133,142,457,99.92358984969708,98.14453125,33.58131206046977,8.97227909719741,25.048656482399995,17,42.44450324194079,102.85047796899727,27.444233954227574,0.04729616102792481,3.77027027027027,Subject_3,Trial_19,0,Squat
2,5,0.014562693374514588,0.024450785626930524,32.45121019882142,28.426377467052475,0.0005978409027831184,156,439,100.62601600948211,100.341796875,38.70455427798592,9.517859788322268,29.87601817923335,15,44.0711394660228,120.92118829185218,28.610973306890536,0.05673489940336373,3.9054054054054053,Subject_3,Trial_1,1,Squat
2,5,0.012066381531574296,0.021518132229060315,27.018287942677624,23.22778444828052,0.0004630300145443807,144,406,98.3434366671444,98.6328125,32.89571833389556,8.433044207135438,24.57623875847941,7,43.26026752887077,115.9756299881517,25.702595298915206,0.04914778134707219,3.8513513513513513,Subject_3,Trial_2,1,Squat
2,5,0.01295780434620194,0.022254041959334947,28.162871210145042,24.153347301320416,0.0004952423728737953,131,429,101.66722606337855,99.609375,32.80483590404106,8.9838015874178,24.681077762382113,18,43.86721278029728,121.17051867971952,29.715457632152248,0.049154809370572226,3.72972972972973,Subject_3,Trial_3,1,Squat
2,5,0.014265451129437888,0.025582748226686203,31.790440720863693,27.07582624367311,0.0006544770041321831,144,396,102.17139129331693,100.5859375,34.32542086253496,9.541663932406426,28.88694732377751,2,42.287807546504595,116.13232760589293,27.969908929962603,0.05057794443685445,3.7972972972972974,Subject_3,Trial_4,1,Squat
2,4,0.020816220334922753,0.034812705942477214,45.680050128145744,39.509186195683384,0.0012119244844474239,138,491,98.25005013509274,98.876953125,51.00062015594054,9.492895499410057,22.815969636985372,21,52.42321266742626,134.94803984728648,33.40272858218144,0.041190820646071165,3.7972972972972974,Subject_3,Trial_1,2,Squat
2,4,0.009500417494862749,0.01999661952714695,25.042329969932275,22.71549823021683,0.00039986479011809876,113,331,96.49322559936091,93.8720703125,32.27854746011198,6.521727479342255,16.369555369540382,43,44.240970643637276,129.3834797713293,37.74247184608346,0.033535723415819126,4.783783783783784,Subject_3,Trial_2,2,Squat
1,1,0.00707608343447667,0.03323572287141535,9.581070864651359,16.48727440233064,0.0011046132125502586,1,6,42.262251807862114,34.5458984375,61.23223951267364,7.698939759841213,19.102364257025584,32,42.32771890144333,238.24262096967684,36.864388135001796,0.06186631848174575,4.662162162162162,Subject_3,Trial_3,2,Squat
2,2,0.013481988257036519,0.022778458330457396,27.29025757523838,24.86078634597534,0.0005188581539122393,121,365,97.35080114370102,94.7265625,55.767474709888106,5.212505501788139,12.772031982001526,37,23.898893030046395,77.41661906853774,10.797176409697162,0.02675854128951023,3.689189189189189,Subject_3,Trial_4,2,Squat
2,4,0.01812078505422494,0.03333271107011814,38.96517266322212,33.903988836454864,0.001111069621403301,126,407,97.66847571833084,96.19140625,39.657499014220846,8.555739773060832,24.574343582492272,8,53.199932714926156,136.3041152658395,34.800325929359786,0.038287314381941204,3.7432432432432434,Subject_3,Trial_5,2,Squat
5,1,0.019042130550242908,0.11376705567993285,23.097982365638366,41.797476557783185,0.01294294295586238,2,4,45.870214214385335,36.4990234375,43.12907924900888,10.038744433028976,25.95193255331868,35,48.30693239070353,144.87618086371864,35.20612612779829,0.06509089350648455,4.391891891891892,Subject_3,Trial_6,2,Squat
2,1,0.018469155664781203,0.031604150747354544,38.38731179392563,33.29988766360051,0.0009988223369713763,134,413,101.03857508311415,100.09765625,41.991126945267084,10.736668545620299,28.68306996926685,14,57.400696788393724,161.37196250232856,38.54072214457933,0.07695140569591812,3.608108108108108,Subject_3,Trial_7,2,Squat
2,1,0.014788785486105528,0.026616321336202082,32.41553067774491,29.05996348019736,0.0007084285609643466,124,369,96.53207880924487,96.6796875,54.986546733492816,11.142405253646173,28.01202496603645,47,53.16159228444683,177.9795112579885,40.40914857642523,0.07894155948799782,3.9324324324324325,Subject_3,Trial_8,2,Squat
2,1,0.013409375854826211,0.025363277390981927,37.95297172239371,31.967952037905686,0.0006432958224008246,159,446,104.61061853353782,109.2529296875,41.43600600750478,10.982671772556825,28.99182753642367,11,44.8759456430756,150.87773494709276,34.58521914161972,0.062331313912872575,4.77027027027027,Subject_3,Trial_9,2,Squat
2,1,0.012382315699545855,0.02328436967518011,27.232917551246597,25.50757034106446,0.0005421618450643738,117,377,93.0326879473134,90.6982421875,35.12311940897174,9.179064927939486,26.102525667848173,5,45.73534622317107,139.19074770466952,32.74004223660715,0.060839524891825265,4.121621621621622,Subject_3,Trial_10,2,Squat
6,6,0.006398580530723315,0.009876521114291112,16.098803448842446,15.337397532143786,9.754566667925248e-05,141,571,85.23297535663299,78.857421875,47.0958266058058,12.984117733676491,31.555909108655246,24,36.861387434721365,132.36805638258005,36.70447546330978,0.05292600428558723,4.797297297297297,Subject_3,Trial_1,3,LegExt
6,6,0.00577409569857246,0.008305743477867226,14.817503854915774,14.660428978675476,6.898537465378787e-05,163,691,82.87356957545836,80.56640625,41.57227187075759,13.601865212982133,35.38958816901978,14,34.155483540735524,103.71521953322122,27.732434765712288,0.04510800059475154,5.081081081081081,Subject_3,Trial_2,3,LegExt
6,6,0.006935952108867156,0.011193228675143113,16.480388547603177,16.160768413660474,0.0001252883565702864,119,523,82.91232386373456,74.462890625,39.541918310957314,12.211058718856542,30.23461844343698,17,35.807442282913016,123.5772112883265,30.150064825465666,0.04104453025999553,4.662162162162162,Subject_3,Trial_3,3,LegExt
6,6,0.004593156984301438,0.006711087787236186,9.366776967262954,9.397599189880742,4.5038677167443414e-05,129,515,80.96452152360702,77.1484375,37.373572518109036,12.382482341702987,30.090508487693405,22,38.77099714126188,130.37893227842477,34.89989512011226,0.04615279442470024,4.094594594594595,Subject_3,Trial_4,3,LegExt
6,6,0.005120922057931184,0.007355202302333175,11.084543631606692,11.481107253881715,5.409898627953294e-05,124,521,82.21865545671812,78.857421875,50.60386339276794,14.642032786003204,38.70128395985467,31,42.92004257779633,131.83810266846075,35.218515008010996,0.06575008447237299,4.486486486486487,Subject_3,Trial_5,3,LegExt
6,6,0.010986567561261554,0.01795861514010841,24.274091801872547,21.98412169008437,0.00032251184606219783,146,465,96.8171121409437,94.23828125,48.57951050695892,13.220079758529828,35.30358405447772,18,43.29003719049191,139.15787453227486,31.920869289296824,0.0744573283734662,4.0,Subject_3,Trial_6,3,LegExt
6,6,0.006274958538262792,0.009494886418447058,11.233169330055494,11.48317412502091,9.015284901180078e-05,105,390,83.5637918020317,76.416015625,43.217513336413695,14.26782206374363,36.76999184313598,35,47.74198341720776,159.3517314360899,38.834649653641684,0.05400373891592397,3.6621621621621623,Subject_3,Trial_7,3,LegExt
6,6,0.0055862372852128125,0.008154638453611439,8.846767390572136,9.697707927129443,6.649811044433623e-05,89,394,72.1723131018636,66.89453125,53.83506601411626,14.50344778606309,39.15546259356524,22,51.41336436929326,137.11666671645577,36.146137813831636,0.05641285550147011,3.472972972972973,Subject_3,Trial_8,3,LegExt
6,6,0.005864911983857709,0.008636837796433336,14.382029538315361,13.54794668271131,7.459496652384873e-05,170,557,90.06927851494095,87.40234375,44.13690589826644,14.841444110577733,39.74939423260663,24,39.38790118342681,118.0249187329517,30.817055410315383,0.046282555434275736,4.621621621621622,Subject_3,Trial_9,3,LegExt
6,6,0.00835808326193404,0.013446675498833124,19.324579737051053,17.61048143289502,0.00018081308053961574,140,515,93.08323395587585,91.1865234375,42.90754729178947,13.711655289310071,37.17093506571736,18,42.52939372839537,117.94555953444439,29.491928080252375,0.06056937670683404,4.216216216216216,Subject_3,Trial_10,3,LegExt
6,6,0.003941962375820576,0.005542217268039384,6.292230302763672,6.63038071613021,3.071617213954765e-05,85,445,77.71790530142283,74.462890625,29.389925060854914,9.310344919714318,25.413640251157428,9,29.062603654632227,63.840595160362234,19.180902074052252,0.044936002803352096,3.364864864864865,Subject_3,Trial_1,4,LegExt
6,6,0.004972486765360112,0.006927674137977425,9.702463577472912,9.572037023318215,4.79926504403862e-05,132,524,85.04642842747255,85.205078125,30.767347020935112,8.324854588298416,23.722537338971712,14,25.87305406471996,76.06537107366746,18.792073946069866,0.03657319800661455,3.8513513513513513,Subject_3,Trial_2,4,LegExt
6,6,0.004727634502599212,0.007264114015527481,9.674261191456559,9.644374385302392,5.276735243056023e-05,120,473,84.22494944214039,79.833984375,30.40936719512008,8.753938462189337,18.512100944362786,11,26.838938890997547,59.41695051223028,17.191904178800105,0.04700527057989006,4.081081081081081,Subject_3,Trial_3,4,LegExt
6,6,0.004400018111902414,0.0060792920752036125,6.884765807636698,7.07082910582718,3.695776151657627e-05,101,452,79.41675958132451,75.68359375,29.05938311668033,9.09724843093014,25.203619779926363,37,28.64523167983857,52.97127957073381,13.723235447184447,0.04115484256670357,3.2162162162162162,Subject_3,Trial_4,4,LegExt
6,6,0.0035166106296473294,0.004737619693679275,5.650383387267988,6.03098722984517,2.2445040038525927e-05,89,476,75.25865826868366,69.091796875,31.17883808579196,9.256376275053082,24.540322735428717,25,27.75960635386809,50.15610708527502,14.775318389116554,0.040645574409050166,3.4324324324324325,Subject_3,Trial_5,4,LegExt
6,6,0.003382818784879609,0.004566394027880781,5.504134508168398,6.258214752027277,2.0851947893739406e-05,66,513,68.37485627267539,58.349609375,28.93847306251124,9.533846934481671,26.70111969278082,24,24.02453692821393,48.22393914557898,13.083864532094298,0.034512652381666585,3.7027027027027026,Subject_3,Trial_6,4,LegExt
6,6,0.003012895356076455,0.0040772471142129256,5.041433417722432,5.555779036604983,1.662394397869701e-05,85,493,72.11059384945986,67.87109375,31.009718479623928,9.12653376181615,22.894801986671382,23,25.456852867498142,50.84943832265534,14.543209052792317,0.03579409251624992,3.689189189189189,Subject_3,Trial_7,4,LegExt
6,6,0.0031842096700342775,0.004242251461775965,5.719766723946826,6.3015509369978355,1.7996683722120856e-05,105,504,74.8080354317409,70.80078125,31.186430062754344,10.159754376066273,26.662380771720848,24,24.25095230292933,70.41315676455947,19.783270183618885,0.04274617817369808,3.9594594594594597,Subject_3,Trial_8,4,LegExt
6,6,0.00395369733240559,0.005472143959639281,6.2329860941280275,6.701516978427476,2.9944359513817706e-05,97,461,74.07274203377175,65.673828125,30.741118209184528,9.674753060081512,25.23731739586338,24,31.357577684425245,82.29315738940788,21.95091167577169,0.04355989467355319,3.391891891891892,Subject_3,Trial_9,4,LegExt
6,6,0.004070286956735932,0.005640297091902913,7.588762074148761,8.08358989607756,3.1812941091273506e-05,107,497,79.37425267233493,74.70703125,31.060577637641863,9.913545053246004,24.910171145295752,30,26.4744800740516,60.650103780045775,15.282902078567664,0.040448516805725164,3.972972972972973,Subject_3,Trial_10,4,LegExt
6,6,0.0041285539758964245,0.0058019199801733,8.011443231201586,8.33555047733488,3.3662260698402906e-05,105,518,79.20400039402234,74.21875,30.995874181654177,10.022793509855838,25.51036857060798,11,26.257946197482294,66.29213319077112,18.41696535172105,0.03546608184195442,4.04054054054054,Subject_3,Trial_11,4,LegExt
6,6,0.004742623007569533,0.007034082599649352,9.89704885981936,10.120757498153385,4.947831525544569e-05,110,498,82.91812524000503,79.58984375,31.63873812946255,9.369041975688065,23.716341138186703,30,25.476367439068735,69.2412299893083,16.113164830079754,0.03514816951994459,4.27027027027027,Subject_3,Trial_12,4,LegExt
4,6,0.004445672671004865,0.00658947992849338,8.68493288389198,9.789371221552713,4.3421239447154985e-05,92,418,71.73571778033069,63.720703125,32.82893260168251,9.221117199226448,22.73447314936757,27,33.62319791196258,111.84309156593561,25.288367678687234,0.05581492214509128,4.405405405405405,Subject_3,Trial_1,5,LegExt
4,6,0.005815330312368346,0.009226489958062164,11.670272894214335,12.648343429401153,8.512811432266894e-05,109,385,76.42575458684892,70.4345703125,32.45125575797188,9.382301528175606,23.384120936494227,16,34.106771636880325,104.19638253127242,24.345517670217546,0.05570070708219707,4.351351351351352,Subject_3,Trial_2,5,LegExt
2,4,0.005702254626199042,0.012317398756786497,12.042373790784115,12.43661733974011,0.00015171830505612995,53,221,83.86423068990709,81.298828125,37.29516498195393,8.58519660866482,25.10378228085018,19,23.384638558885833,84.05710389158452,15.068900642645149,0.03740145562897378,4.364864864864865,Subject_3,Trial_3,5,LegExt
2,6,0.0063902339287623166,0.013413593740164004,14.421446840450928,13.937100198630613,0.00017992449466003427,56,255,94.61997180507021,98.7548828125,28.587593532073925,9.555411131175227,26.496997209782606,26,32.930517627635695,124.14729119981065,27.726501761063357,0.0454259932631338,4.364864864864865,Subject_3,Trial_4,5,LegExt
2,3,0.005660169531866024,0.009098588016064758,9.987926781200681,10.437352616760949,8.278429695149527e-05,81,309,82.3618008902382,81.787109375,82.9037288665425,8.834502676140126,21.91566097742557,9,22.90189669934821,187.09300756724528,30.87994345845953,0.060032239882555224,3.689189189189189,Subject_3,Trial_5,5,LegExt
4,6,0.006250001696472411,0.009308847623402481,12.820456596170299,14.056253815366452,8.665464160845351e-05,112,409,75.39451864606603,67.5048828125,32.79186800065659,10.5831468895961,27.63759009745572,13,34.282404057047266,104.53524120916208,25.300120273216894,0.05598550111494435,4.5,Subject_3,Trial_6,5,LegExt
4,6,0.006079414137213071,0.009124890624549516,11.253738736518944,12.164907688563355,8.326357938023008e-05,83,414,74.10166059928473,69.3359375,29.91152058943249,9.14763412851056,25.509489970500688,21,29.041500653800412,112.67090499497237,22.628721740732285,0.04094118486854175,4.0,Subject_3,Trial_7,5,LegExt
4,4,0.0058136217073761105,0.008421849497414681,10.629154045048649,11.70282049694811,7.092754877314161e-05,94,399,74.59030728643148,68.359375,28.09366797556047,5.587665698912608,14.660259619621241,23,17.56605583635555,73.10169860915597,10.131502446111261,0.029392786572532,4.027027027027027,Subject_3,Trial_8,5,LegExt
4,6,0.006122216307523399,0.009344737060751495,11.444070287064278,13.272964954710728,8.73241100522234e-05,84,359,70.24206349368067,64.3310546875,30.056440855124464,8.229617003400465,24.13085734878869,9,34.07393992820185,104.20435755050894,22.817597894882642,0.05516550758436729,4.337837837837838,Subject_3,Trial_9,5,LegExt
4,4,0.006063882762108192,0.008943577492377125,12.393642363920375,13.14649782825056,7.998757807819187e-05,109,441,78.59033937885445,70.9228515625,33.16101248839257,6.088622298207287,17.48265630771193,17,20.158544281396313,65.78121554947457,9.905470168413952,0.03759933461748344,4.337837837837838,Subject_3,Trial_10,5,LegExt
2,6,0.004514303620074337,0.007828297023214456,9.691783161979846,9.787010248321163,6.12822300977089e-05,79,470,84.59364075741846,84.1064453125,40.74898873313304,11.092663202426936,30.245894416329484,9,33.46298912206694,90.7729542615695,20.000288852305747,0.04707024443492277,4.337837837837838,Subject_3,Trial_11,5,LegExt
3,3,0.02456172352750187,0.06446291939142515,71.24538902079131,146.41243394743864,0.004155467974804815,7,172,45.66953163248631,34.97314453125,153.88876419270832,18.400354719957356,62.09738862855244,27,118.54876157829987,361.1921352442227,86.50564887852774,0.36273343475087017,11.932432432432432,Subject_3,Trial_1,6,Walking
3,3,0.024258352952310096,0.045069562722296744,55.38362471534867,134.60960053236872,0.0020312654363049435,25,290,22.92170123559573,19.83642578125,143.7402096315345,18.877308309163368,46.88156434074722,74,125.38300632650054,362.66576271329126,89.70858062517297,0.36927402404362847,11.108108108108109,Subject_3,Trial_2,6,Walking
3,3,0.009189859326655298,0.0153549083504504,76.75525434029974,127.37145026744243,0.0002357732104487971,193,1400,35.4249660043066,18.096923828125,115.58390489286316,9.58010251563067,19.838968618379837,200,70.70595975008004,345.678845952284,67.7501189910213,0.21066820988414234,27.743243243243242,Subject_3,Trial_1,7,Walking
3,3,0.009313379988933822,0.015774791326075656,111.22885577023153,145.3073545873455,0.00024884404127822077,409,2113,54.36918240809844,35.46142578125,142.63970130349594,10.27105387539084,22.95791067881558,179,61.060391454639664,356.2362619985775,57.503089199450564,0.1915431450986885,31.22972972972973,Subject_3,Trial_2,7,Walking
3,3,0.009619543821170185,0.015618800759037413,92.87937179196881,123.84200715374496,0.00024394687503688555,366,1849,58.11575485922977,41.9921875,110.15470713150442,9.169781358040051,21.173923698621504,228,68.42822719381526,326.12689579971124,62.83076656709202,0.1942419471687382,25.77027027027027,Subject_3,Trial_1,8,Walking
6,4,0.008570144121741643,0.014932963392444161,15.612878020252463,16.086160516509064,0.00022299339556031304,80,282,84.37403128263564,84.47265625,32.297410591797586,5.949345117419747,16.030651261586016,36,46.47081334322244,119.8991676528925,28.649222349257293,0.0355746238447426,3.7567567567567566,Subject_4,Trial_1,0,Squat
6,5,0.008665779555732497,0.014595451442508579,13.628644565338169,13.98656820295225,0.00021302715215207744,80,315,79.33720343507963,72.509765625,28.228367599829518,7.458165753062546,21.383806191047068,12,44.253870507978185,93.01989274776179,27.740618614695244,0.06285308768538242,3.22972972972973,Subject_4,Trial_2,0,Squat
6,0,0.008786439837265365,0.015665059909242766,15.35260913171096,16.254913698940925,0.00024539410099483973,73,279,77.94408668193108,73.486328125,33.09672255285956,7.92205230045962,21.402935314448435,12,40.04170913733596,132.1343495820429,28.896231193444397,0.03368735407634546,3.7027027027027026,Subject_4,Trial_3,0,Squat
6,5,0.013472156575555333,0.026545909462978492,21.497913592543313,23.023915587624064,0.000704685268582816,59,218,77.38625995097269,67.626953125,40.85720789987129,9.000173016013017,19.899218778213726,20,46.06209963964819,115.76207173364955,32.552677635997505,0.078623881054745,3.418918918918919,Subject_4,Trial_4,0,Squat
6,4,0.01025840708039906,0.01967286127569397,13.898910069370647,17.593168142884387,0.0003870214609649669,33,185,57.74308509638984,42.236328125,38.72733784770362,6.07427208663396,15.321977628533588,31,47.74792577882963,114.00338235694245,30.905231901330467,0.04130100031073811,3.4324324324324325,Subject_4,Trial_5,0,Squat
6,5,0.01052252612686859,0.018868224425032335,15.250758444156089,16.983357168765902,0.0003560097340706445,61,199,76.40785152313532,71.2890625,34.52050989830883,8.033131535495881,21.434925284607957,8,49.75756401421557,123.11602499482704,32.63154647285429,0.0795048186968497,3.22972972972973,Subject_4,Trial_6,0,Squat
6,4,0.009074412089800185,0.015659892282736863,14.896690377935819,16.66969500896294,0.00024523221891263765,69,222,76.68899503675195,72.509765625,34.149239804182606,5.965813576686224,14.652443948514097,27,46.77198353685907,134.99439636109184,31.08591857250377,0.04084893877382639,3.675675675675676,Subject_4,Trial_7,0,Squat
6,4,0.012927641319766564,0.024894499877369653,19.769330884361157,21.912352037004325,0.000619736123964437,59,215,75.51538067025402,73.73046875,38.34459638551823,6.516131879797018,16.48504613388343,30,51.01146428587437,114.99224320491881,37.29559180866331,0.03977230192732998,3.391891891891892,Subject_4,Trial_8,0,Squat
6,4,0.011710437690146567,0.020360426584897378,18.451493532630305,19.93116494862946,0.00041454694011119653,74,256,77.35204221925115,68.84765625,38.00294998747428,6.560554321944415,15.821625358759405,33,49.88733119548529,131.88154267694355,30.729048476140875,0.03636344995485868,3.4054054054054053,Subject_4,Trial_9,0,Squat
6,4,0.009839741256998817,0.016949780650723466,14.079049532275084,16.019098766394073,0.00028729506388651876,61,216,72.45403365148249,68.84765625,38.08590160206329,6.559044791182203,16.99354404855428,29,51.3212023903098,108.3080089237168,31.066881535146308,0.03901482946696261,3.2567567567567566,Subject_4,Trial_10,0,Squat
2,0,0.00928679950835201,0.014915811240089106,22.386584983013815,25.52012504895132,0.00022248137742347492,102,445,75.93431407146325,72.509765625,54.37773047929161,13.178657164842782,33.686643775580784,24,31.081788625063403,130.85479695752136,32.66099232164746,0.05134406217602009,5.5,Subject_4,Trial_11,0,Squat
6,4,0.011156864905586523,0.01846455082739882,17.38074799627461,18.687748716857428,0.0003409396017885862,79,285,81.61425964975098,81.54296875,46.1239704363976,4.982163541657654,10.854295691964138,45,53.77524656306987,128.54639963722957,41.09326564707407,0.048699428504895934,3.3513513513513513,Subject_4,Trial_12,0,Squat
6,0,0.008418886313844427,0.012933821110448088,13.603029152276928,16.14742394995361,0.0001672836915207082,64,287,74.751562681915,71.2890625,40.5258298269439,13.939410243303183,33.70848861197632,12,40.57490586910636,124.6108836708228,34.738233156612786,0.031785055619227606,3.8378378378378377,Subject_4,Trial_13,0,Squat
6,0,0.007756172640188186,0.011677987661615688,14.500838841996632,16.45084216983914,0.00013637538998310998,70,349,78.29793965737898,74.5849609375,38.66318583818579,13.709764276568858,33.24664334478248,41,37.0929224411207,132.117179785324,35.73300174517219,0.034310718524174146,4.243243243243243,Subject_4,Trial_14,0,Squat
1,5,0.0041034016187825465,0.01159829423834879,5.677655480993472,9.753785647846113,0.0001345204287618689,6,70,36.49950196122588,29.541015625,53.107509023606966,5.533753745470209,14.22092430983815,52,40.289479379858136,229.71427608050348,34.61489492096,0.09351134157763959,4.756756756756757,Subject_4,Trial_15,0,Squat
2,0,0.007513990358332234,0.012038249701530147,13.882627068315799,16.140051289697638,0.00014491945330452085,91,286,74.78506240563074,69.82421875,40.957109972746196,14.256657596918036,33.80094685601342,43,37.58287726006419,120.66042864488772,35.893889037308,0.03438102820949867,4.297297297297297,Subject_4,Trial_16,0,Squat
2,0,0.006361531252165632,0.009813059453656696,13.807723722945825,15.553943911544971,9.629611856490609e-05,111,375,80.95616290244594,83.0078125,39.54760228270345,14.055648521891174,32.63822764150386,45,33.55142537999896,114.72451232484669,36.523302091800424,0.03487638161467303,4.891891891891892,Subject_4,Trial_17,0,Squat
6,4,0.009038251161984503,0.014763274466292933,18.758105027413798,20.200491347035364,0.0002179542728933907,95,382,77.38725948991392,74.462890625,40.181251959921454,5.510883171469894,13.14770640526303,65,42.48930812849167,111.61345278034963,24.29856948629019,0.039472068669810595,4.472972972972973,Subject_4,Trial_18,0,Squat
6,4,0.018727115484149712,0.032075642607251535,36.10415002783736,40.843838870930526,0.0010288468416262812,95,315,74.16200858396745,66.89453125,43.903156089955196,6.842105400870902,17.546005134655132,27,41.38198145809185,95.8634257190859,27.59599609335507,0.03819498357512443,4.364864864864865,Subject_4,Trial_1,1,Squat
4,0,0.020195756850062543,0.0520701870364587,18.595527229007665,38.735461638419956,0.002711304372505776,4,25,24.84166918815191,20.751953125,40.53795322596142,14.476432768619043,34.52048282268299,37,43.28041632347832,137.57462165323278,38.65132962420594,0.04625889307118614,3.8378378378378377,Subject_4,Trial_2,1,Squat
6,4,0.01969801181230983,0.03240193448427554,32.1931882467789,33.13205586830513,0.0010498853583215564,90,358,75.5991740497981,68.603515625,29.561079088875047,5.88377259369819,13.941124774775666,12,47.033694921929005,87.8646966194943,25.105868617912535,0.029044122966584873,3.364864864864865,Subject_4,Trial_3,1,Squat
6,4,0.011342406354151657,0.018950068684946534,18.084630300168648,18.07979572851774,0.0003591050970132435,77,306,81.52640346517605,77.880859375,41.24165541731084,5.985427178429027,15.828224444696822,25,49.539160730869646,101.53061984303775,24.690498097190016,0.04323253337806748,3.189189189189189,Subject_4,Trial_4,1,Squat
6,6,0.018685641593235065,0.033300868377707106,37.23457947802951,35.969860066977496,0.0011089478336094975,86,360,85.08382951669773,82.51953125,34.167436396046746,4.501348110709775,8.825184868848877,52,17.435527476183893,62.140809049633965,12.643726432885938,0.03201099606307533,3.8513513513513513,Subject_4,Trial_5,1,Squat
6,4,0.015455072708881851,0.02723142084197046,28.004513032856188,26.412719259479083,0.0007415502801093283,100,353,88.67479617913426,88.37890625,43.345406636319304,6.0949943362243975,14.774683187418605,49,48.978508411764146,130.59478800322324,25.607562610762656,0.04182457930917362,3.418918918918919,Subject_4,Trial_6,1,Squat
6,4,0.014100797521302706,0.024810242312983472,28.38881560464646,27.327345596284644,0.0006155481225070411,116,370,86.63379960622606,84.228515625,35.315872902625415,5.631603475862438,14.278739504985895,36,47.57865798790548,110.44272956225016,23.806624810239935,0.03851593778908964,3.8783783783783785,Subject_4,Trial_7,1,Squat
6,4,0.012243812848581961,0.021408563293327677,25.263773977680415,24.64679526419549,0.0004583265717694576,95,374,85.5994561359143,84.228515625,35.69471694633625,5.442393476608502,13.218019437278812,40,46.9728016782849,126.24345327715977,25.928257648633885,0.03603423553078248,4.027027027027027,Subject_4,Trial_8,1,Squat
6,4,0.015726635798420922,0.02858722776244561,30.70103223899341,29.424535578845543,0.0008172295896063998,98,341,88.37736639855558,85.44921875,34.083148252440445,5.547438012429845,13.980945985418836,41,48.416828357142926,108.63971334838702,28.016955511047705,0.035898372712382484,3.7432432432432434,Subject_4,Trial_9,1,Squat
6,5,0.012148107767295972,0.020668873259258418,22.71591266858622,22.972071787956683,0.00042720232011256754,107,344,83.76676627823171,83.49609375,32.58282938326044,7.376656433441833,19.63831881663475,18,43.167834211432364,122.01562277524924,26.37611046157881,0.06766251165784924,3.7837837837837838,Subject_4,Trial_10,1,Squat
6,4,0.008218211699806046,0.015085430494116816,16.3208470791646,16.206313472017523,0.0002275702107910526,93,299,83.68936994937319,82.51953125,42.05546608385961,5.785724326126748,14.734881151350416,47,46.88707893195525,104.41466036704466,25.91899730700738,0.03617747169442483,3.945945945945946,Subject_4,Trial_11,1,Squat
2,0,0.008784608041137962,0.014341297696443711,14.002812037218485,15.012895142304778,0.00020567280463942378,75,261,82.0054696515348,79.58984375,38.40894975028644,12.223019552947084,31.495690259722068,15,46.15313360225869,112.38741530117322,35.08980765186009,0.03594561609066184,3.418918918918919,Subject_4,Trial_1,2,Squat
2,0,0.0045143679102016285,0.007508514762012025,8.630368196319266,9.818750204688541,5.637779273123072e-05,68,284,77.63576057296011,73.8525390625,37.81782927023966,14.345309569207155,33.54362888124915,24,37.4235863889607,129.34124067316318,36.51647968815361,0.03601963048250074,4.351351351351352,Subject_4,Trial_2,2,Squat
2,0,0.006654809856739881,0.011357138040153654,11.802356321436912,11.73242977743241,0.000128984581900416,78,335,83.92936561588874,80.810546875,42.41719391635831,13.36797912249169,33.28130404940538,19,45.56783323896863,125.62257839475681,38.18370209658369,0.038199893006892326,3.527027027027027,Subject_4,Trial_3,2,Squat
2,0,0.008155230777839485,0.014242742444129756,15.97964068560717,17.73762694180088,0.00020285479212908924,70,317,75.12270455081313,70.9228515625,41.04124989931639,13.374719459178747,32.3266116153897,32,39.68061558608809,137.5077569824584,35.299448694884404,0.037189100992792684,4.351351351351352,Subject_4,Trial_4,2,Squat
2,0,0.007133418975916193,0.013029169902493485,14.89576957421848,15.657854652136043,0.00016975926701627006,89,277,82.39861637152764,81.4208984375,44.22735228024083,14.202427266226517,33.65874053936907,25,38.57831064510368,152.52460154650538,38.07594431657179,0.04011670757023478,4.391891891891892,Subject_4,Trial_5,2,Squat
2,0,0.00846623933986162,0.015117083791403944,16.346188609217045,17.6690415022912,0.00022852621369739648,80,276,79.71194926369512,71.4111328125,45.79550454505489,14.098732852104284,34.455501365948926,37,39.935375966351316,137.65647378081283,38.101501607278024,0.037797464813867525,4.175675675675675,Subject_4,Trial_6,2,Squat
2,0,0.006372184051150593,0.010922476621418707,13.883591186353662,16.006926336490288,0.0001193004954642326,87,319,74.84725007968068,67.5048828125,45.94573023350358,14.139120730996106,34.21364429555183,38,34.30347360842691,146.6226808966688,37.105865755243535,0.035522606986970406,5.027027027027027,Subject_4,Trial_7,2,Squat
2,0,0.0073367683636967095,0.012744605959604588,13.507185878411189,14.321371845935976,0.0001624249802410262,82,288,78.61714156009806,75.439453125,44.05870494780698,14.473327579839413,34.38431970187974,20,42.943333613660585,129.1053560099914,39.12418516958362,0.03925474631166163,3.9054054054054053,Subject_4,Trial_8,2,Squat
2,0,0.006985070826818168,0.011498640634419586,12.70611407316976,13.159873437725429,0.00013221873603549446,101,313,82.84570119387347,78.125,49.52879639412991,14.322202267075944,35.68767099395629,15,43.66200567078426,130.43678796214644,37.004680871998076,0.03343484528738559,3.77027027027027,Subject_4,Trial_9,2,Squat
2,4,0.0067893101256547225,0.012311101700325863,13.08492187917538,14.400126776513666,0.00015156321410441514,71,273,80.99257718407017,83.740234375,53.307376515915564,5.744625324652063,11.870409599000558,42,44.78411987874439,135.30918088181005,37.08100080788022,0.04420042257726318,4.243243243243243,Subject_4,Trial_10,2,Squat
2,0,0.007078135980054559,0.013965527621828183,12.721121663084666,13.434302090143554,0.00019503589483726546,74,226,81.31540264158374,78.125,51.16687077178846,14.248994466926005,33.18166098732949,31,45.04438093865174,137.21249386114297,40.50767732134904,0.04256244608631238,3.7972972972972974,Subject_4,Trial_11,2,Squat
2,2,0.011625761550699946,0.020868529379359853,18.297237821673093,21.6704195305047,0.0004354955183762726,76,247,67.97997916585949,59.5703125,46.22860962491866,13.44131788464482,35.1977917173651,10,47.43492374743757,213.897625776798,50.87758732356563,0.05685929451376861,3.72972972972973,Subject_4,Trial_1,3,LegExt
2,2,0.015047981567786825,0.029962514719541523,20.88971051907439,20.736118600410244,0.0008977522787287042,59,193,85.5745295732257,82.51953125,42.01850937365092,12.93073895216823,29.251865510820224,11,55.716932621238996,173.0085723005249,55.383518153142724,0.08430662435978052,2.7567567567567566,Subject_4,Trial_2,3,LegExt
2,2,0.010070205091817108,0.018466695197503834,14.863475455409407,17.4818760393945,0.00034101880499483496,56,236,70.55113469919742,62.744140625,49.61274329322062,11.735446199022896,29.09474817817218,15,52.031894490896356,212.65348845585405,55.38684707237598,0.08590671293954152,3.472972972972973,Subject_4,Trial_3,3,LegExt
2,2,0.013325998438049306,0.024487770574420167,21.955085026474197,26.465432897965922,0.0005996509072553368,76,216,67.20114981242786,59.08203125,44.05377745974585,12.864181456005259,26.478085478754267,29,45.59030569057131,251.52975431591375,57.82302538072476,0.07463894962736416,3.972972972972973,Subject_4,Trial_4,3,LegExt
2,2,0.009560545626920918,0.020479946110595455,14.310243702138504,16.396335750169374,0.00041942819259345356,50,151,72.03224622339513,67.87109375,53.1163386398466,13.715716589192974,33.089329761055026,20,55.797582601808394,211.60852350414436,61.87736265282819,0.08544258687514428,3.4324324324324325,Subject_4,Trial_5,3,LegExt
2,2,0.008123170518479158,0.014756916554148495,11.3347683569489,13.053935023196008,0.00021776658617179046,53,204,71.14671054075664,67.138671875,38.116854318679735,12.035287363936595,29.27450314210004,22,49.79040532316306,184.41685206987896,50.83612113929109,0.0622225996370377,3.2162162162162162,Subject_4,Trial_6,3,LegExt
2,2,0.008276213651156612,0.017357173220232665,9.783156613407186,11.462555906851907,0.00030127146123202326,46,139,69.0336327477312,62.01171875,42.98831037371236,11.551319061416939,28.880109464275048,25,59.666502380059804,209.36472348586656,61.94920129300524,0.09424160616424211,2.77027027027027,Subject_4,Trial_7,3,LegExt
2,2,0.011561575436451936,0.023654749477932127,13.27398841387219,15.931850951430768,0.0005595471694838074,39,142,67.86171793471637,64.453125,50.49337499580328,12.926893017076093,30.96381738027054,14,60.41259337343469,212.7738412197632,60.40632306572828,0.08893309894270114,2.7567567567567566,Subject_4,Trial_8,3,LegExt
2,2,0.01457321556252935,0.030945616836481282,19.19502166915205,19.877866027290032,0.0009576311946416563,50,173,80.21289222780662,71.77734375,39.42284500595791,12.065824815520672,28.4523382910013,13,56.673922900929085,166.71768730691863,53.56636071368778,0.0820876593689205,2.72972972972973,Subject_4,Trial_9,3,LegExt
2,2,0.015656328685319007,0.03477141432636825,24.738967524209247,25.911223974202958,0.0012090512430791478,46,176,76.11959780268538,68.115234375,38.698244771865106,12.664648647919796,31.0532218967389,21,52.701993569736715,183.68767415358602,56.3113127242826,0.07072129369274098,3.310810810810811,Subject_4,Trial_10,3,LegExt
2,2,0.008119106851285165,0.014194708593924129,12.117074265093363,13.705052364969358,0.0002014897494516947,62,250,71.76804881068823,65.4296875,29.094650496427487,8.551335618771565,20.333904602064585,19,30.73412337993024,92.36764726665683,23.112315120158602,0.05676915371422458,3.3783783783783785,Subject_4,Trial_1,4,LegExt
2,2,0.009915810846667211,0.019903995875839,13.50990061328882,14.93321113508082,0.00039616905095064283,52,196,73.54784615851513,65.4296875,49.392354517364964,10.66518488165214,25.980990346823745,10,44.2802413731144,157.88752165273482,42.01463034059516,0.10115501420579119,3.0135135135135136,Subject_4,Trial_2,4,LegExt
2,2,0.008033472699528211,0.014424825944527294,9.410467629815738,10.740752999269219,0.00020807558709302532,53,187,72.1485889670823,61.5234375,29.57726407442267,7.970419041342448,19.59012768284345,28,34.47922419290444,107.04629072711535,30.181697168038642,0.059937727957726616,2.675675675675676,Subject_4,Trial_3,4,LegExt
2,2,0.009342177433557114,0.01890136289539308,10.236295561921153,11.986013647253777,0.00035726151645768727,34,138,72.42010203889397,71.77734375,33.81473121565593,10.671637427559746,26.48158097318744,15,48.64766713659256,157.40197964066607,47.71354381182851,0.061465403918078663,2.5675675675675675,Subject_4,Trial_4,4,LegExt
2,2,0.006502790501718009,0.010942208068561823,9.056336022528024,10.274408992714454,0.00011973191544470528,56,239,73.63523317339512,67.626953125,30.34869446061251,8.63738367592644,21.9287882021984,23,35.50207594368433,115.36319279754368,30.911427738380464,0.05466174954157376,3.1621621621621623,Subject_4,Trial_5,4,LegExt
2,2,0.00729058537515814,0.013491202743822197,9.922221689768207,11.715970697879131,0.0001820125464893998,43,180,69.42845681712834,64.94140625,34.00463803118459,9.59442494122962,22.825203766565664,27,40.060993635540704,130.91313355953037,36.68914453442047,0.06924507649890096,3.2162162162162162,Subject_4,Trial_6,4,LegExt
2,2,0.0046359839259139035,0.007943184867048416,6.312614009994199,7.297038699388484,6.30941625425565e-05,48,216,70.67731823887195,64.453125,31.88789156649128,10.43247245592769,26.360191835457336,18,41.496764522863536,133.6353641926174,35.3741752468948,0.056279572923810785,3.1486486486486487,Subject_4,Trial_7,4,LegExt
2,2,0.007972181722536291,0.015098872124313044,11.373789527571105,12.436603487156614,0.00022797593918104738,65,209,78.51797300671846,76.416015625,28.313745699464995,9.519311974673986,23.846808302433878,9,37.300461796528374,114.21570503208288,30.758326321654376,0.06093670587043575,3.1216216216216215,Subject_4,Trial_8,4,LegExt
2,2,0.00819446262682705,0.015181956524426807,10.735588731469958,12.340860716001536,0.00023049180301190893,58,192,73.5299644586276,64.697265625,35.58730222002755,10.002469415075604,24.653884906883214,28,40.35521649322365,129.89846913557406,36.389919637775606,0.05546170235189962,3.0135135135135136,Subject_4,Trial_9,4,LegExt
2,2,0.005817478884291578,0.010610602722073115,8.558894552362323,9.389410919246608,0.0001125848893220881,65,224,74.03026676720914,68.115234375,31.63606764309964,9.538735066940141,23.133418192994995,22,37.46834361800327,133.2870200254721,34.05960035768069,0.06445553484871774,3.22972972972973,Subject_4,Trial_10,4,LegExt
2,2,0.00499880069811391,0.00880430338470805,8.08888821347702,9.182796882435252,7.751575783316695e-05,70,268,71.00154171870665,68.603515625,35.097289577446105,8.637619561357695,21.02647675099067,37,48.13182021223875,214.05841686389175,51.919970388637964,0.10847714470880193,3.675675675675676,Subject_4,Trial_1,5,LegExt
2,2,0.006720389843984093,0.011443591568864752,10.109541693857611,10.577893614430963,0.0001309557852886377,84,271,77.7527478004754,74.21875,39.338144490571,8.30939955042362,21.698689620600852,21,63.10161625617086,182.27091215616647,55.45037758844077,0.099116771628686,3.1486486486486487,Subject_4,Trial_2,5,LegExt
2,2,0.009174322704670125,0.016374312556096532,16.135179712252512,15.48625672548317,0.0002681181116145653,95,317,85.98703627008456,85.205078125,28.469492805756147,6.995536269129813,18.483108182859926,36,61.07552370756707,180.31913465573868,52.004140184557514,0.09278878539270836,3.3783783783783785,Subject_4,Trial_3,5,LegExt
2,2,0.01176148569999189,0.02311553998912244,17.288573227252474,16.6777867225885,0.0005343281646143946,57,252,84.51172025859076,78.857421875,34.64312720960841,7.914726197031522,20.814256377066577,18,68.52205731801529,261.10753524728415,69.54486397273253,0.10450484126677755,2.8378378378378377,Subject_4,Trial_4,5,LegExt
2,2,0.015328031409616303,0.02533454926751831,20.88912358490649,20.294313586331985,0.0006418393865633134,63,303,81.67089942343361,76.904296875,38.27225077690299,8.188055166905528,21.62178114324104,8,75.64976210738051,226.35569952214354,64.78672518341166,0.1395902301712548,2.6486486486486487,Subject_4,Trial_5,5,LegExt
2,2,0.015705708492044085,0.03080168320908782,26.782996788100302,26.73111585345903,0.0009487436830850996,78,277,83.1136564411957,79.58984375,48.600518453517,9.59305315701192,20.571163183771834,17,61.25874268170101,272.35763992515786,63.665705697474976,0.10933153449336717,3.4054054054054053,Subject_4,Trial_6,5,LegExt
2,2,0.0042671643400922395,0.00740061322478136,5.6360647153348316,6.571433083742049,5.476906525893606e-05,41,212,66.52168346424081,58.59375,25.37613262946123,5.299875322626209,13.988407599114145,26,57.49719004738965,151.1919644144678,45.445373471317694,0.09323212606193026,3.081081081081081,Subject_4,Trial_7,5,LegExt
2,2,0.003767423568442282,0.006532165175903661,5.644579893488954,6.589223821205551,4.266918132989837e-05,57,245,67.99062158652998,63.4765625,23.864543476875678,5.237393092669952,13.715557845971334,14,50.43305814387996,161.60977210126367,46.166058919314814,0.09525542996519842,3.5,Subject_4,Trial_8,5,LegExt
2,2,0.009430712531505748,0.01656813040479146,12.926504707763733,15.155155038129736,0.00027450293642699355,49,224,66.72790194402609,60.302734375,24.714925371072816,8.061603732407596,21.126963151701936,12,50.82762171542085,156.20042839422493,38.56887048442259,0.08017979544825209,3.2162162162162162,Subject_4,Trial_9,5,LegExt
2,2,0.007151659291090122,0.012797081080351394,9.760119774054742,11.349683294960023,0.0001637652802857925,51,236,68.40654851495844,62.744140625,27.912999275458116,6.797435069802229,17.110997906451402,8,54.53842082237939,205.22957910122722,51.643632591149284,0.08863897335988649,3.175675675675676,Subject_4,Trial_10,5,LegExt
2,2,0.010597543545760606,0.01931746796303374,15.072483541246667,17.602519829508367,0.00037316456740434583,57,241,67.92577784909861,58.10546875,31.175068179492257,8.929731808905961,22.130091399679486,19,53.636326788375804,223.59358058609772,54.91996611088209,0.09345370513574319,3.324324324324324,Subject_4,Trial_11,5,LegExt
2,2,0.016353438292028667,0.02795749978401341,20.944204850501205,22.649512034459704,0.0007816217931206127,67,225,75.7200152305234,71.2890625,38.86061262082342,11.2704473425312,27.426536916763045,7,64.17231552541911,201.95623871699382,60.61710663046009,0.09536626196862731,2.77027027027027,Subject_4,Trial_12,5,LegExt
2,0,0.00920182378537211,0.01513257848565528,12.303726893783555,13.112598894155258,0.00022899492368921206,64,273,76.85086067788738,73.486328125,28.281037758682025,6.575368612589044,18.82268247336222,19,16.555307331027986,41.19211082221138,9.991608776963236,0.039044871171122764,2.8513513513513513,Subject_4,Trial_13,5,LegExt
2,0,0.009204597638939145,0.01543512158167436,12.632688355511572,12.555071179512993,0.00023824297542973864,70,273,82.41976313570083,83.0078125,26.729031153241397,6.574464856758783,17.52430108461535,8,13.779469114621236,42.035914139585046,10.726347918442535,0.04353422141741843,2.72972972972973,Subject_4,Trial_14,5,LegExt
2,6,0.015698367484692857,0.02622035688299137,68.8761692453763,76.29406597560728,0.0006875070845944054,177,802,72.25088053677722,68.05419921875,150.24825550537136,17.22507958491908,41.17224792120749,48,115.85808958648752,335.3202367578283,88.10685021206483,0.27994890616592616,9.72972972972973,Subject_4,Trial_1,6,Walking
6,3,0.016504297110218894,0.024364006809752807,104.43618108807132,126.34039437872563,0.000593604815544954,283,1456,66.27993417139886,58.9599609375,111.13143345767782,11.612116642446209,25.24347046257244,166,90.57901895598191,386.1879754780232,79.05254455952972,0.2783662802824705,15.324324324324325,Subject_4,Trial_1,7,Walking
6,1,0.07448207779587042,0.21056682403669316,101.31099704889351,115.22377435021153,0.04433838697336886,23,203,52.810870025208835,39.794921875,61.17297426308089,11.645287035333418,29.09057890309428,30,68.74659899041961,216.945777870755,64.07198495738724,0.12740789547309633,3.0945945945945947,Subject_5,Trial_1,0,Squat
6,0,0.09311033644886038,0.24859895499724677,111.44994243049786,125.79206454241037,0.06180144016062572,24,182,52.905779365062266,39.794921875,57.58483732144904,8.198575865052417,14.620205064407386,40,72.64628799964707,202.40842143123908,63.58809418306266,0.12672364691027455,2.7027027027027026,Subject_5,Trial_2,0,Squat
6,0,0.08340567001444729,0.12285753871113153,99.55448639510158,83.48907568446174,0.015093968023668209,95,329,99.61874865123997,95.703125,64.30802762856797,8.6657134457386,19.00119034123135,23,74.11976190559,213.54187631355245,68.60792028243014,0.15162045778421546,2.0,Subject_5,Trial_3,0,Squat
6,0,0.05895866798535271,0.09373331494204558,119.06913491139663,99.52223155927537,0.00878593393311063,139,471,101.26708163980322,102.5390625,78.86281971161739,7.9686220426797245,14.222486885195147,49,59.852882697050575,204.74438432113283,65.54577580622566,0.1360868039169138,3.3783783783783785,Subject_5,Trial_4,0,Squat
6,4,0.04737344420434329,0.08217366313268185,96.87616883043025,80.29798792636188,0.006752510429219365,143,373,100.58573326920116,101.5625,61.58480763239063,9.612100191900028,26.698290523476633,28,62.924522642876596,177.7862359608857,60.27036993346299,0.11148249761534619,3.391891891891892,Subject_5,Trial_5,0,Squat
6,3,0.09567557610511201,0.25643650703924986,114.91029298278704,131.17121484010858,0.06575968189305613,26,185,51.676611363406394,38.818359375,62.41687476085481,9.820811418647665,22.767602014369192,42,28.576810575606757,79.29836575928833,20.966733546604573,0.0807155025709173,2.7432432432432434,Subject_5,Trial_6,0,Squat
6,3,0.10595078431215277,0.2580118030545515,103.6048921785929,106.05673509646492,0.06657003589498936,14,202,52.49992338749377,39.0625,58.51250967181973,10.21035910617736,24.239403815118177,18,35.69123944232472,95.24215805819979,24.136747786428472,0.11251524732462528,2.0,Subject_5,Trial_7,0,Squat
6,3,0.08219681102943141,0.20958107698413322,97.32383679797665,109.8971363463498,0.043924227784712194,31,202,53.55796098130983,41.259765625,72.2338430179152,10.690780788634315,26.284935349387315,28,30.816794655256803,110.98823064086346,24.349238239537573,0.08300821790378717,2.675675675675676,Subject_5,Trial_8,0,Squat
2,2,0.03177600562407943,0.04858236984481083,58.080656668649574,49.79300081293246,0.0023602466552897087,124,463,97.3722361366974,95.947265625,48.490011175399125,12.950496681832304,33.37101043858353,16,65.06834608802899,156.8807719165831,46.66297388609644,0.08564837939839166,3.135135135135135,Subject_5,Trial_9,0,Squat
2,1,0.03503556142913793,0.059873463922614334,75.9884392612145,64.36032634532638,0.0035848316054166167,148,442,100.58094140671523,103.759765625,65.54193174044771,10.134519409469545,29.007806917593662,31,69.25498230422396,366.5601460027961,71.6252861253628,0.1949254907922756,3.675675675675676,Subject_5,Trial_10,0,Squat
6,0,0.028247600006728806,0.048739430579726226,56.72425072612055,51.693108012313715,0.00237553209306936,133,378,93.05737519224667,88.8671875,58.97174879753146,9.061472441578914,22.690484956512584,42,58.14639636171632,198.03127051631873,63.8335039658673,0.13889700262810636,3.6621621621621623,Subject_5,Trial_11,0,Squat
6,4,0.032663354049816955,0.05414615970234626,60.79495595960938,53.175940393102,0.002931806577783574,115,384,96.61528223589855,96.435546875,65.35668913154774,7.59797995724363,17.28046368415007,50,71.32312204339277,250.09608810693683,73.22087801520519,0.1446027669759436,3.2567567567567566,Subject_5,Trial_12,0,Squat
6,0,0.028656397282183502,0.053219057718726454,52.73171400547926,48.371998612325754,0.002832268047320979,95,310,89.71480626708477,85.693359375,81.25616032367715,10.686524825318257,26.813772122965116,29,60.0044402804276,211.66326759264373,69.23471491260256,0.14820611439466938,3.3783783783783785,Subject_5,Trial_13,0,Squat
2,4,0.03475109423557017,0.05955952306441246,51.06251615716006,43.47361888869828,0.0035473367404429113,94,290,99.52042470795361,98.876953125,57.09152834854499,7.525861276964795,19.46043603481931,38,85.03028607374301,191.44372856608888,58.09352142731538,0.11896959237671467,2.5,Subject_5,Trial_14,0,Squat
6,0,0.02746703616329194,0.050454821632374136,47.965136936081365,44.524065620696234,0.002545689024866289,113,307,88.64901913177101,88.37890625,65.65236559958558,10.680659442589075,27.90774126049967,42,61.17808659990411,201.70449951674917,64.1235970314825,0.10161605470997954,3.2432432432432434,Subject_5,Trial_15,0,Squat
6,3,0.02329699631030233,0.04723128400886388,50.68261525528377,45.0097968715041,0.002230794177297463,107,306,94.42492914378307,93.26171875,65.57320849315124,6.6371190116539305,16.168707975944756,48,21.536115367419097,77.888685265932,19.183993660826864,0.07154118223163639,3.864864864864865,Subject_5,Trial_16,0,Squat
5,0,0.03879656097509631,0.2062453987145144,27.82094732458983,51.63822265785319,0.0425371628729057,0,4,37.84339131853005,30.76171875,54.389528962045745,10.998451305269654,28.416050698539248,14,71.73874815008313,175.17109110638094,56.468361010884124,0.1144097232068376,2.6621621621621623,Subject_5,Trial_17,0,Squat
6,1,0.030877730326616826,0.056824196416402906,66.35704394033351,58.1736439353461,0.003228989212884921,135,351,96.05910960259018,93.505859375,53.22812428564024,11.8163935085822,30.721286826736723,17,58.94016518024823,186.1294365091135,52.947667593615265,0.0838185258897168,3.77027027027027,Subject_5,Trial_18,0,Squat
6,4,0.04888260061918375,0.08587075278524606,100.07885693569048,82.85600804951646,0.0073737861740666545,132,386,102.51943937787895,98.14453125,44.38838006764208,10.453254393119364,26.968986181155437,31,63.21059018765178,134.81755951636626,42.1506452034748,0.07906949555601932,3.391891891891892,Subject_5,Trial_19,0,Squat
6,1,0.05319268719340152,0.08146603458024328,106.63672180658409,89.78925598246177,0.00663671479012871,166,474,101.34300279082466,101.318359375,49.65470784153704,10.014158038241671,27.263514167772726,10,60.681079847203776,147.8277598225831,42.493632014868744,0.09102006824538134,3.3783783783783785,Subject_5,Trial_20,0,Squat
6,1,0.040951972622964905,0.07181371761316807,79.25034157126073,68.02122652674471,0.0051572100368238085,132,378,99.46513875164925,97.65625,43.07520845923723,11.0900578467465,30.81917005120178,11,65.06237986514209,149.83008263300323,45.4167203431862,0.10209005536660219,3.324324324324324,Subject_5,Trial_21,0,Squat
6,1,0.035053519609393326,0.06014718783507341,76.87926812281077,63.20149585573617,0.0036176842041998974,144,438,102.26166000930485,99.853515625,51.812273496108766,10.884271606918341,30.68178948514228,15,61.221169384995214,171.248726631724,46.38491367036873,0.09499198830801546,3.608108108108108,Subject_5,Trial_22,0,Squat
6,1,0.038442538685698906,0.062072433306857654,66.2331611467028,60.50855589129008,0.0038529869765439786,92,375,91.70499786587914,87.40234375,65.15376007196883,10.49656393568678,28.765280310420252,30,78.1472496629057,433.2462902302707,74.39534021223851,0.17822525415329804,3.1486486486486487,Subject_5,Trial_1,1,Squat
6,4,0.03286164885654414,0.054573104418695846,56.60946698844619,51.921405193339744,0.002978223725766267,107,364,91.06071409193666,92.529296875,51.65284187826816,6.778700302469626,16.10343173055415,46,71.6183587264502,177.59356197328563,55.32741577537662,0.12148951283897713,3.1621621621621623,Subject_5,Trial_2,1,Squat
6,0,0.05105783781172211,0.08345007113526268,98.05866106508134,81.38619347188504,0.006963914342001319,153,393,103.89896528856501,102.783203125,63.22801987315955,7.909413079553845,17.076860587139283,37,61.461732605368674,185.44567304920471,48.84207945506072,0.09566166274133484,3.189189189189189,Subject_5,Trial_3,1,Squat
6,4,0.04763368341079501,0.07763200927100554,95.03344839721306,80.40565759742198,0.006026728780162739,139,421,101.66285531798687,101.318359375,42.21214395293438,10.36616287191042,27.0197298054347,39,61.72763785237473,130.1844749214635,41.64067652115767,0.08240279475286096,3.3783783783783785,Subject_5,Trial_4,1,Squat
6,5,0.05422187531237045,0.08744052711906544,118.07103752660909,93.37006928790191,0.007645845782650598,161,478,106.49288854894739,105.95703125,54.5936013398254,7.44354982976706,19.05770593642308,40,59.01123772303021,118.92830760035592,37.91428226008809,0.10657461850298128,3.445945945945946,Subject_5,Trial_5,1,Squat
6,3,0.04816288288170561,0.08397370685847663,98.37380918087575,81.97322666466295,0.007051583442960686,132,380,101.70355479276927,101.5625,41.55874506421328,8.145802460399864,18.78976602058023,21,21.465713068864616,53.09309468565367,12.0028979130007,0.07640393778710888,3.4054054054054053,Subject_5,Trial_6,1,Squat
6,1,0.03662207062417731,0.06292182027063763,80.66538862249632,69.25233555031929,0.003959155348035285,139,433,99.10629429838835,96.923828125,46.36289560750993,10.66922047098332,29.88341893321945,16,57.29011776803006,160.4743633018422,45.18740021528866,0.09243039780664229,3.7837837837837838,Subject_5,Trial_7,1,Squat
2,5,0.03253666534829816,0.052325772344424155,57.136293682729885,48.349484707571065,0.002737986255569764,138,374,101.54418557529993,104.00390625,49.08556173809756,10.350770465677856,28.441766370181664,17,67.97753809458361,174.11562076065454,51.62300189873997,0.14683652501890787,2.972972972972973,Subject_5,Trial_1,2,Squat
6,0,0.03138529359320027,0.04981599290017887,52.74553258131722,48.74136095024002,0.002481633118831478,104,374,91.26355442757885,89.111328125,65.84008263664401,10.223721627470546,26.185814001752263,40,63.22350291217576,240.53747329602402,58.44023416768767,0.11254218969225431,3.108108108108108,Subject_5,Trial_2,2,Squat
2,0,0.0333502296631046,0.05679616537716623,63.14164654760882,53.59381906860909,0.0032258044010294623,140,376,101.57575335283515,103.759765625,51.94894679947984,9.28453493935461,25.214527485735147,34,60.341698828330415,175.19956861986867,55.71315041326524,0.09334431919159084,3.2162162162162162,Subject_5,Trial_3,2,Squat
2,5,0.0300259194753148,0.052703641981005384,52.659440191608894,46.840434381491086,0.002777673876716187,113,334,96.49661888652565,93.75,54.65425970891356,11.38693944712285,27.738166198738348,35,66.50578386706412,190.0180518721291,58.34150335585905,0.129815489441201,3.1216216216216215,Subject_5,Trial_4,2,Squat
2,5,0.023959637277482317,0.04841129911643981,58.65108759874498,50.818390665539994,0.0023436538396613407,133,350,99.0892843316494,100.830078125,56.701060100282746,10.240316345613337,25.740396076803265,52,52.57315264555936,181.46050112788947,51.01211679904547,0.1180350423903581,4.243243243243243,Subject_5,Trial_5,2,Squat
2,3,0.02220214627292269,0.042028625170137814,48.44780976880324,41.073970604906975,0.001766405317531237,126,347,102.37684320285365,104.4921875,64.59031623693335,6.498490381026498,17.04549274548948,72,18.74980160935302,81.74680183534441,14.271395349573439,0.04250365484243636,3.7027027027027026,Subject_5,Trial_6,2,Squat
2,5,0.03163217802678649,0.056988904007287906,59.97406407344854,51.05433533523339,0.003247735081007271,106,359,97.18291478483745,95.21484375,49.72636781155797,10.555608059635937,26.65954273735606,32,64.41422318774323,183.6153926898301,51.73008199831073,0.11992832362990385,3.22972972972973,Subject_5,Trial_7,2,Squat
2,5,0.023966443998105772,0.04573066792355124,55.393679337446045,48.38825043217555,0.002091293969791543,139,356,98.83924152828716,100.5859375,58.21029355993438,9.819828342248776,24.23542052206419,37,54.016251342166974,176.1201013319403,50.68555590370483,0.11811069462866088,4.04054054054054,Subject_5,Trial_8,2,Squat
6,5,0.02566980159375828,0.04511637369132576,49.992070862160425,47.48913294845282,0.002035487145341303,112,338,91.37677745653968,90.8203125,56.9150885820362,10.345905622431157,26.117631290870296,25,59.16769541386996,187.08311551843835,51.80355715185356,0.11931333979868683,3.7027027027027026,Subject_5,Trial_9,2,Squat
2,5,0.024331213205663574,0.04511177023709125,49.59780572000426,43.86917740981142,0.002035071605807341,129,349,98.73570669470779,97.65625,50.46167534278592,10.749417080395151,27.77729069647777,40,59.87184369449968,192.45124169925973,52.438028457709464,0.12233680148854237,3.608108108108108,Subject_5,Trial_10,2,Squat
2,3,0.03217432689011078,0.049779664755730764,75.4161239464762,63.44777262729846,0.00247801500209523,120,590,98.75152574095982,96.19140625,72.44905435068114,10.195476873125868,25.057595697078874,19,51.649067526752674,204.11646591871312,55.131889677808694,0.18223782887425188,3.945945945945946,Subject_5,Trial_1,3,LegExt
2,3,0.03620703561733282,0.05327542327197938,78.41174265933141,66.00542593039773,0.002838270157050021,151,585,100.52982812362114,99.609375,37.744797125108164,6.975711668744809,17.037972616065954,27,51.951917362229864,180.97364262546057,52.16001884629854,0.1439541079242781,3.6486486486486487,Subject_5,Trial_2,3,LegExt
2,3,0.038622312382031856,0.05967198740264637,77.56398831393362,64.42201705322914,0.003560745942894548,128,506,99.21796672349183,96.923828125,47.22296402209189,7.549114107841052,19.541844520236488,35,56.31754643407297,171.71871670324242,51.61234539030949,0.11133289405175692,3.3378378378378377,Subject_5,Trial_3,3,LegExt
2,3,0.03697640803376481,0.058654402942175964,74.72375423525375,62.416176760995,0.003440338981084721,139,480,98.71420898702995,99.853515625,52.79802622011924,8.489691649927575,22.914743780205544,21,58.128989603759415,165.28906566778127,48.27519209601248,0.14016599712224698,3.3783783783783785,Subject_5,Trial_4,3,LegExt
2,3,0.0328032426684673,0.05369645262645238,63.256256838800745,54.48618607232419,0.002883308940722141,129,435,97.27199231162555,101.806640625,43.490385309031836,8.301098307498563,23.242933676802796,35,57.429703621789365,175.90489820309298,53.06203951559787,0.1204213988529769,3.324324324324324,Subject_5,Trial_5,3,LegExt
2,2,0.031225314713962667,0.04758068209829998,60.938650948974896,52.520979348885206,0.0022639212771648383,134,528,97.18253631450601,97.65625,41.99506015604973,12.929022723960678,32.34692739694841,35,60.524739623738185,154.95837950909683,43.93228509647711,0.07313104303416386,3.364864864864865,Subject_5,Trial_6,3,LegExt
2,2,0.027593039637081658,0.04496032394388914,57.05181629547609,49.9434017431178,0.0020214307287271696,131,466,97.18677645929783,94.482421875,44.14586789958547,12.50235683932422,30.754346717836338,27,59.190922437454496,169.13626276984564,51.36619234693209,0.06933797782558264,3.6216216216216215,Subject_5,Trial_7,3,LegExt
2,3,0.03406815925578935,0.05682269759908825,69.23524908343555,58.222484168144,0.0032288189421714273,125,451,101.28134760730406,102.783203125,46.07918131727995,7.072557305121789,17.912677668594405,32,57.06358181990917,171.98145348093394,50.77651170042074,0.08411742638778665,3.418918918918919,Subject_5,Trial_8,3,LegExt
2,3,0.02946108395343912,0.04780329851827096,55.718654424958615,47.550189500850735,0.0022851553490874444,120,423,99.86787009249886,101.5625,40.375750690741754,8.119574015586617,21.531799158145706,24,58.65229929589151,169.2711156092006,49.844185062058074,0.12316151589444603,3.22972972972973,Subject_5,Trial_9,3,LegExt
2,3,0.03921680006343055,0.05801346783957283,62.365182962868914,52.98189688569467,0.003365562219775937,111,430,96.11741425673858,93.505859375,35.69387067555281,6.5793242607725535,16.77453352660912,24,46.272176445098104,121.92290075005512,34.293073189132706,0.085362534558483,2.7027027027027026,Subject_5,Trial_1,4,LegExt
2,3,0.03779289485912525,0.05969683282811227,69.69427348894453,58.95691598023539,0.003563711831116697,118,437,98.29761196630274,97.65625,43.56505598885208,7.378885310168609,18.539097333739935,16,40.99505503434448,110.94392977911576,35.50734330320627,0.14840702553765764,3.1216216216216215,Subject_5,Trial_2,4,LegExt
2,2,0.03229519209912908,0.050440122297298724,63.65817105856338,54.74035060802379,0.002544205935725433,153,480,98.07215572154921,99.609375,30.81391465298756,8.57113169348999,22.505435972744728,43,39.95576614118801,107.18574154390674,29.646603881831698,0.06937653819783635,3.391891891891892,Subject_5,Trial_3,4,LegExt
2,3,0.034203463848619685,0.052916314343871985,71.98018335674423,60.06128251817617,0.002800136316930252,152,526,99.04740548701652,97.65625,30.747086977846966,6.66322458274023,17.37958994673423,32,34.5664048358896,103.45020480889858,31.066158598818213,0.12344428467370262,3.5135135135135136,Subject_5,Trial_4,4,LegExt
2,1,0.03519924226084234,0.057186325885726044,65.31734911811006,55.15721262273995,0.003270275865218319,120,438,99.35599047636128,99.365234375,34.77824345805165,3.432263904730017,6.759190295949118,29,26.526880466014322,165.03587147545073,21.611053833377376,0.11207165146850714,3.135135135135135,Subject_5,Trial_5,4,LegExt
2,2,0.03402671913668605,0.05482415043774426,65.49390183934693,57.43710190272605,0.0030056874694198124,133,484,94.49768472970467,91.064453125,34.01223595234233,9.03105425562374,21.551618909548854,23,39.00649869458286,113.4535793875225,32.24519324735219,0.04082571427252328,3.3783783783783785,Subject_5,Trial_6,4,LegExt
2,2,0.029842986855088963,0.05066132678662599,58.62496523622576,49.987002982274014,0.002566570031452537,133,416,98.10405479881325,97.16796875,35.600714845464836,8.739295349719853,21.69652979498874,26,46.85693991814509,103.35030749071075,31.358334622539502,0.07387371825748361,3.3513513513513513,Subject_5,Trial_7,4,LegExt
2,2,0.035791747785577956,0.05532306170385276,68.45977230751024,57.76788092592282,0.003060641147015059,144,500,97.91237001178025,92.041015625,30.901043295481934,7.890887865037545,19.642048381184594,30,40.94830694027128,100.5913346472117,28.46484183612651,0.07149654547160397,3.22972972972973,Subject_5,Trial_8,4,LegExt
2,2,0.03336810274765824,0.052899845924696244,61.35196916053444,52.28781700558046,0.002798393698830017,128,416,100.62480820066601,100.830078125,31.08826128282263,8.05283623263102,19.4038194214994,16,42.40560312523752,101.25850445184638,29.688206813270657,0.07727266709219412,3.135135135135135,Subject_5,Trial_9,4,LegExt
2,3,0.04161245195086163,0.0636777434175737,80.43519888871839,67.74507177600273,0.004054855006294094,142,476,100.27695963344581,100.341796875,33.381797290602364,6.978552101505782,18.19834580601961,29,39.420780397468214,126.2687009833473,35.89919246354444,0.12286112836842703,3.2567567567567566,Subject_5,Trial_10,4,LegExt
2,2,0.036002135621114005,0.05292323368184245,69.22079552911732,58.359461841825805,0.002800868658902288,144,534,99.05884264516905,102.294921875,39.37195901531647,11.979804150599596,30.61184244408389,8,63.1942830910811,144.83761674448547,47.83158994170928,0.1286991518924233,3.2432432432432434,Subject_5,Trial_1,5,LegExt
2,2,0.02812549270806135,0.0461254370801218,72.34980922822115,63.25423310042998,0.0021275559421846044,167,561,97.7666539651965,94.8486328125,43.111136686807654,12.799956497948141,33.61733066163226,29,50.3771803458276,162.98650158752093,42.04613324399396,0.07742513491170745,4.5,Subject_5,Trial_2,5,LegExt
2,2,0.029778784832496807,0.045362755667302024,63.90576284929098,55.29920343394657,0.0020577796004046245,147,538,97.09814457196224,96.6796875,42.0105021113382,11.117541473105359,27.4644833329049,19,55.91238704460764,180.8381222559157,50.4541849782236,0.09781192715571456,3.7162162162162162,Subject_5,Trial_3,5,LegExt
2,2,0.03087356995357679,0.04553928605473488,68.82984978068845,59.83297857003182,0.0020738249851086073,146,615,95.72009908027894,95.458984375,39.3361464240187,13.017278253523013,33.624965286067294,24,52.16736841932019,142.9697650028149,42.20466200572111,0.09177996983384239,3.8783783783783785,Subject_5,Trial_4,5,LegExt
2,2,0.032182715384011906,0.04983939533468471,75.78266006504121,64.78380606801596,0.0024839653270327788,162,562,97.33731306240146,96.435546875,39.685290921287475,12.513755920922316,32.884195920380996,22,46.55498031415398,128.1106004169519,36.223113077471154,0.08284529413082992,4.027027027027027,Subject_5,Trial_5,5,LegExt
2,1,0.04045563194562704,0.05848806031022173,74.3976539699741,63.39397525879757,0.003420852821386874,133,513,98.39933969624587,98.6328125,39.213057416337165,4.107773370066406,8.583331952507994,44,27.17690902449753,90.83625394511338,17.002979439133927,0.15262240438987454,3.135135135135135,Subject_5,Trial_6,5,LegExt
2,2,0.03439526907098607,0.05049060154205737,75.49067086031644,64.55992004624085,0.0025493008364770716,142,605,95.71110647421877,96.923828125,45.37555176048552,11.977830648665424,31.99228977541523,23,55.66617733195842,131.80478950497138,38.18802741950282,0.10040789453497698,3.7567567567567566,Subject_5,Trial_7,5,LegExt
2,3,0.028324829388114387,0.04671760180923539,72.49293768103212,61.01168250199839,0.002182534318634861,149,588,98.83754848387808,99.609375,37.02434269861556,9.74233100360296,26.80872665316873,27,48.46133148401515,128.43362123475097,41.266179851631954,0.11325467484063545,4.3108108108108105,Subject_5,Trial_8,5,LegExt
2,3,0.03313867221621062,0.05212592868355654,72.17526637993844,60.643770155665436,0.0027171123305891345,138,550,97.56319443996846,97.412109375,43.08177319845943,10.187952428933421,28.21332242781764,22,56.19627126376707,152.734748577468,44.00867475712736,0.11863238407987023,3.6621621621621623,Subject_5,Trial_9,5,LegExt
2,3,0.029464264844826914,0.04562145708331945,91.61812155999692,76.60708859654997,0.002081317338390563,191,734,98.96828013927765,100.830078125,37.55168800810422,8.59700079642805,21.969494434127192,41,42.25988587285163,174.40006254311865,45.33721111215124,0.09810546787845743,5.202702702702703,Subject_5,Trial_10,5,LegExt
2,2,0.028021590264052224,0.04640529075213142,66.18404817295645,56.57559074312144,0.002153451009736006,149,513,97.19407434575893,94.970703125,47.64477029395922,12.641689839975992,32.835305091980125,38,55.25616539275539,161.2771583107567,43.55425690185205,0.10593870407733486,4.04054054054054,Subject_5,Trial_11,5,LegExt
2,7,0.023019710507804745,0.03701727724983212,138.65199946126108,126.95370345054317,0.0013702788144005491,364,1284,92.2902735208577,91.6748046875,166.67522713998778,18.826521934846404,47.6444721939733,68,107.84102880302939,337.0114650921453,75.33018566580516,0.35469052219642944,11.04054054054054,Subject_5,Trial_1,6,Walking
2,3,0.026475153664293524,0.04356833267446383,250.45067269095642,232.53127463349003,0.0018981996098262283,535,2063,85.73194233609132,86.0595703125,141.70671699956455,12.765262381381712,38.94109256015566,60,78.69567352241717,392.26019878061635,72.20632139025366,0.26428321933060855,17.58108108108108,Subject_5,Trial_1,7,Walking
2,7,0.026255947307031836,0.041225186287244316,238.49500781999706,204.56008546908504,0.0016995159825147718,587,2141,99.04429459152264,98.44970703125,156.3700020435474,14.85267521099285,53.136198797142306,30,86.86583185670939,291.974079172876,64.3979462079428,0.2445963092000852,15.594594594594595,Subject_5,Trial_1,8,Walking
6,3,0.01116585093550664,0.019350698449859552,17.940756600828234,15.68802056438683,0.00037444946271072396,100,266,98.86040894488755,101.318359375,121.11828510699736,9.678388991483022,18.757417876561867,55,28.337423848107644,127.6445418200031,24.416320096818815,0.19999591572099754,2.810810810810811,Subject_6,Trial_1,0,Squat
1,3,0.021228908911017915,0.06938883535021977,21.63232702548753,42.73379363787906,0.004814810469897134,7,15,37.63025356179482,31.494140625,42.8251654675866,4.385793461516944,8.153300292571892,33,18.67388271054741,73.732421684928,12.792616206585947,0.0947504735624245,4.027027027027027,Subject_6,Trial_2,0,Squat
1,6,0.020857354761378153,0.06668157434607176,17.308845147640042,33.809772068193986,0.004446432356419462,2,12,37.72071076400792,30.517578125,45.90071089911317,5.600730954301519,10.060429370047252,31,25.65032866942312,109.22973713393566,19.41125985272211,0.06842408966280046,3.2432432432432434,Subject_6,Trial_3,0,Squat
1,3,0.0199535458272672,0.06405731491414042,16.902725447224455,33.8212601772179,0.004103339592812634,5,11,35.864656512333696,29.541015625,118.43807351660844,10.002121640896661,19.551162025635996,38,28.473283175802777,197.88422526894416,26.42741595948572,0.20339162771253466,3.391891891891892,Subject_6,Trial_4,0,Squat
1,3,0.021697283457936905,0.06142896771204518,15.280392141223317,29.313029951672757,0.003773518054924316,6,16,38.75029661478946,31.982421875,67.68685603281105,5.798637466284853,9.509995816642737,46,25.246993593108236,97.21408323236919,19.101191677242916,0.15237382197676425,2.7027027027027026,Subject_6,Trial_5,0,Squat
1,3,0.012408660360714332,0.0332206714711405,10.036094305037988,17.595480391492924,0.0011036129535546735,8,30,34.06116394035653,27.83203125,109.92071387301968,8.951815001240849,11.525317663145929,39,27.555706667117402,173.78782339533575,24.48356467347676,0.1787856678783657,2.8378378378378377,Subject_6,Trial_6,0,Squat
1,3,0.012572783053591304,0.03734067494189474,11.871867202622967,20.380481329871504,0.0013943259985168901,3,17,40.47785631889089,34.66796875,60.66684370896874,6.244452509697749,12.088481976628886,37,25.96221262421476,106.00369425981962,18.659316110475775,0.14279621339300852,3.2432432432432434,Subject_6,Trial_7,0,Squat
4,3,0.008188211758910654,0.024498727913856193,9.702842988695336,14.87798076594066,0.0006001876659120133,7,57,44.18851266985569,35.888671875,68.41114607426886,6.249694437145146,14.301226336710677,63,23.700260844047634,110.24849743855219,18.851257534902906,0.13838114093588405,3.635135135135135,Subject_6,Trial_8,0,Squat
2,3,0.00982351651803108,0.018921983897738085,20.403343675342583,20.766913919117705,0.0003580414571982902,74,263,87.68935524931057,84.5947265625,97.71276784886624,8.452801502532587,14.581798493831368,44,32.479443230233194,190.26827662734775,30.216319925165415,0.13634212382331717,4.22972972972973,Subject_6,Trial_9,0,Squat
1,7,0.014548204557747505,0.04459121157004914,12.860071437098595,21.414957109004327,0.0019883761367224364,3,34,44.139659053951775,35.64453125,89.6589893271301,6.9179461088113925,13.791030182680277,44,31.655985854650734,168.49556733859635,19.7392281337839,0.1853325505627152,2.945945945945946,Subject_6,Trial_10,0,Squat
1,1,0.018966667543464537,0.04301785113498251,13.971385253622085,23.727301096874136,0.001850535145805548,6,32,46.26340875627901,37.353515625,62.808789635352944,8.588146713058867,20.264407869025653,55,65.9966838039677,365.967694270991,64.44315217835263,0.23136127518095895,2.5,Subject_6,Trial_11,0,Squat
2,1,0.03451540063656104,0.1577869627694639,29.7401293977047,43.17876619633786,0.02489672522570175,2,19,50.97939388377703,41.015625,66.22679774303505,8.478529296110557,18.98876566029128,75,59.16109645358888,367.4261515315018,72.86697558632056,0.20096743081463114,2.5,Subject_6,Trial_12,0,Squat
3,3,0.012451480321375675,0.026033548676485312,13.246198227682264,20.09668923870034,0.0006777456564171385,18,104,46.54974422721709,32.71484375,126.0220122432905,11.273026487324286,27.39507923534979,38,29.314621826801115,105.82436280874659,23.815040327843736,0.19523198037647654,3.22972972972973,Subject_6,Trial_13,0,Squat
1,1,0.010017588943517244,0.022861630379963006,7.61845483477193,12.03112432116421,0.0005226534408958977,5,57,47.694788084952464,38.330078125,56.6243493789067,7.9517214381721235,19.84231931440523,49,61.606034983006964,393.55883977404267,69.88281886433847,0.22379048656539532,2.3986486486486487,Subject_6,Trial_14,0,Squat
2,1,0.012547468871910885,0.022367585677971195,15.429476388261639,14.442136671569427,0.0005003088873844655,67,200,92.09571683651617,91.796875,73.33017955302756,10.02337458534069,23.209545450567422,45,73.75274926184947,345.2697462775801,77.11194000915445,0.2196941140345463,2.2972972972972974,Subject_6,Trial_15,0,Squat
2,5,0.00607358167871829,0.013116994189267822,17.31048887459062,15.87026892649089,0.00017205553623913738,79,334,95.09685898826237,95.8251953125,42.13886997384335,5.284970272578566,10.950028839941885,37,41.072848231480776,335.95473737932844,50.10939964841614,0.11316683766481801,5.22972972972973,Subject_6,Trial_16,0,Squat
2,4,0.006304468243757263,0.010823925787051342,10.983028720075001,10.686073673168561,0.00011715736908729095,68,318,87.61150505477329,82.03125,48.43228673469841,5.658129802361904,12.021509883515183,25,57.58335980340182,182.57098696980435,44.34192449663872,0.06529287770105754,3.391891891891892,Subject_6,Trial_17,0,Squat
2,5,0.011863558452312142,0.02214842897837233,21.497932307287265,19.313873160364167,0.0004905528892733978,91,276,97.35317973559032,94.970703125,48.567129677053885,8.647417034237696,16.647601930114714,22,59.0892474899551,300.77935032844175,59.331704024707804,0.15787329404581243,3.2567567567567566,Subject_6,Trial_18,0,Squat
2,3,0.010243091821430576,0.022761573778349403,18.565138646888727,17.43374228007484,0.000518089233096186,61,197,91.68356182051886,94.482421875,77.54601271742054,6.352447156388529,10.199974531030563,33,25.020030569572196,158.82874918598222,19.61711830756072,0.1574275993781822,3.4054054054054053,Subject_6,Trial_19,0,Squat
2,5,0.009691657172348392,0.019055971351806995,16.412454260888083,15.642334676170305,0.0003631223161890541,61,216,93.43466292402837,95.21484375,64.16376444490831,7.996868299651068,17.105698108693595,22,63.564721675505325,259.6112847259187,54.69374820735721,0.15320251403247032,3.22972972972973,Subject_6,Trial_20,0,Squat
1,4,0.01143951707207508,0.04050722088377879,12.355447368080254,19.698848398113288,0.0016408349403324361,3,13,47.5059267078216,37.841796875,48.27610728226166,5.4636608021354665,11.322923809733656,22,55.84872252444786,188.93453809025894,46.569500920175855,0.0724938476093719,3.445945945945946,Subject_6,Trial_21,0,Squat
2,3,0.008662417145738436,0.01628610943027507,14.320459392967784,13.868529850327237,0.00026523735971310667,72,257,91.19289136183023,92.041015625,62.205863440964976,5.543919864618848,9.16415000550184,42,23.474551367023683,124.25747413763433,15.55869219691673,0.15547020638849737,3.2027027027027026,Subject_6,Trial_22,0,Squat
2,5,0.009652147166750598,0.01819715367174537,17.01289251392933,16.360389447642262,0.00033113638758003696,93,244,93.15609874745064,93.26171875,45.37461945902979,7.09850387917374,13.503182165813683,31,61.232090534343214,251.30013871724532,48.7704932100248,0.14081333715579644,3.391891891891892,Subject_6,Trial_23,0,Squat
2,3,0.010477798627190539,0.02130764336498665,18.561627656640333,17.12072295682934,0.0004540156639649576,64,245,94.18335922743576,97.412109375,76.78989772799906,7.212335379066297,12.279492977614895,31,30.045150290290035,166.52885907105755,24.90145591469565,0.22027747529104535,3.27027027027027,Subject_6,Trial_1,1,Squat
2,3,0.011136213837011156,0.022386722288902438,20.081288200073693,18.274526906535307,0.0005011652987833809,82,239,100.25129182824915,103.515625,42.22573991551228,4.41872516216863,9.74141794700029,37,23.145062968189027,132.8486388261768,17.663454682495694,0.14208079452304906,3.2837837837837838,Subject_6,Trial_2,1,Squat
2,1,0.009073661074869155,0.01611545952153065,17.158143978562844,15.4433711494273,0.0002597074074543726,94,340,97.13065279983552,96.923828125,40.5961148721136,4.931983545985999,12.852250285269571,29,58.343837847894775,206.25016474162211,45.202764358961645,0.11684548939634108,3.4054054054054053,Subject_6,Trial_3,1,Squat
2,4,0.014398281036817154,0.02368440731993408,19.84838395546188,18.01224957705826,0.0005609507612016314,91,277,97.73159433351195,95.947265625,60.223606622707386,13.49959758993034,34.60307846770593,12,55.733038153737546,193.7440075740277,45.404149419274674,0.07012510938195125,2.5,Subject_6,Trial_1,2,Squat
2,4,0.01152044054558837,0.020894339533221798,19.097685530724874,17.349783461656084,0.00043657342452703266,93,297,97.07351293347708,93.505859375,65.44540271647757,14.063289766007308,36.011725829542065,18,57.733407364267435,207.58926780586378,48.16939670310454,0.07614730625120096,3.0135135135135136,Subject_6,Trial_2,2,Squat
4,1,0.008216325972795847,0.02682452460037614,9.499906483433596,15.200203049672318,0.0007195551106912076,3,25,44.93464587716413,35.888671875,60.80549008960254,7.128821172601311,17.837951402181893,66,52.31474202055983,349.0082960370195,59.656294771363115,0.14040440556614436,3.7027027027027026,Subject_6,Trial_3,2,Squat
4,1,0.007969110649347607,0.02655895001421091,9.885614881641864,14.958020688825457,0.0007053777655574941,4,30,47.346349624742935,37.59765625,76.47954481650379,8.169400972569214,18.67522316448128,50,68.72596537565933,404.79534410001617,75.30525219678323,0.2081940141890661,3.7567567567567566,Subject_6,Trial_4,2,Squat
4,1,0.0077287954223205545,0.025423164386452864,10.18510705088363,15.086608664369722,0.0006463372781372192,4,46,48.840351717385026,39.306640625,89.1249226054864,8.409649777037645,18.316946615513217,65,70.1473260984299,433.2506950184729,79.31508219448305,0.2490579242031028,3.9054054054054053,Subject_6,Trial_5,2,Squat
4,4,0.008072281303611704,0.026388065148329712,9.303559000210722,13.956974373944638,0.0006963299491322441,4,36,45.25601530734133,36.865234375,60.60169798209754,14.3749942929885,39.53723173793468,22,53.57605807753181,165.72856555035116,43.18914920676636,0.0694045188392419,3.4594594594594597,Subject_6,Trial_6,2,Squat
4,4,0.010195215874086496,0.029472855264249417,9.879423001884211,15.496728128611474,0.0008686491884966494,3,33,49.052838332992174,38.818359375,66.70481702138626,15.82000887424622,41.47813997919369,14,60.29265182063847,181.38685701571865,47.70856944652891,0.06918658246726304,3.0405405405405403,Subject_6,Trial_7,2,Squat
4,4,0.00770224152144451,0.023909345500218265,10.332008248959237,15.450696492017688,0.0005716567910104458,7,52,49.49700915116624,39.794921875,73.55442526536038,14.822924786637627,40.17799093397702,45,51.008190958551516,386.83820810984236,49.781642428593514,0.10595268255046424,4.013513513513513,Subject_6,Trial_8,2,Squat
2,4,0.008558576379117876,0.015552529542813753,20.57552756981275,18.72616511750991,0.00024188110618891486,105,350,101.77892537528498,102.4169921875,71.854555650893,16.142713232745063,41.17376419359039,44,46.38108419426765,148.66665003961435,41.13698066785035,0.05820234941297823,4.378378378378378,Subject_6,Trial_9,2,Squat
6,6,0.009922156546474041,0.01488338935406359,15.507672187292798,14.06961798290019,0.0002215152478285561,108,389,93.06192679468563,94.482421875,53.53058278639082,15.466023273107055,39.38516298163349,8,95.43764840022594,275.3390234326353,88.74600638831654,0.14431596942689967,2.8378378378378377,Subject_6,Trial_1,3,LegExt
6,6,0.009904443164959928,0.01506832776874649,14.071043704806494,13.57899157916006,0.00022705448106443273,94,329,87.75201100349553,82.275390625,56.579141761152265,17.364122439120848,44.714452240497366,14,98.32281250933801,288.5155213510888,92.82197339392131,0.13967521728393442,2.7432432432432434,Subject_6,Trial_2,3,LegExt
6,6,0.011800861124898985,0.017902054238054008,18.069851191579858,16.73362107510676,0.00032048352938468576,91,353,91.69736606275417,87.158203125,60.747854378790564,17.115559243825583,43.76312167643965,8,98.77728007502787,273.52345137084586,93.31489959386259,0.14069084438846727,2.8378378378378377,Subject_6,Trial_3,3,LegExt
6,6,0.008700959778665225,0.013998036953696752,15.156935029590652,14.809033543288214,0.00019594499434812498,95,323,86.51311788943478,83.251953125,57.11245914861769,17.948239783716957,44.206841717560515,11,84.83785493717872,277.94205634089894,93.65126437896166,0.13429489025031982,3.4054054054054053,Subject_6,Trial_4,3,LegExt
6,6,0.01181820812516742,0.018425274438236997,16.489495198549733,15.410943395218315,0.0003394907372596697,96,301,88.13603572791145,83.49609375,53.48430636153015,17.66563107734544,46.384195284882004,21,104.94691780426643,300.50926607848623,102.10256963625297,0.14519102113370422,2.608108108108108,Subject_6,Trial_5,3,LegExt
6,6,0.012302380949065302,0.018084464294349553,18.131762081626718,16.534399995543765,0.000327047696668398,118,366,92.59583559064913,89.35546875,51.159019903380866,16.971062481393147,44.38366589996874,27,100.10831770735602,273.81687676770497,90.63825440656602,0.12851900727386878,2.689189189189189,Subject_6,Trial_6,3,LegExt
6,6,0.009828711616226258,0.015833577393526747,17.454397126720423,15.86354054858918,0.0002507021721763664,108,358,93.29697415601711,94.23828125,56.57392558468422,18.65261388198124,45.75379054497822,22,88.4664834917309,275.72647448614504,92.79610555774019,0.12936819131972344,3.22972972972973,Subject_6,Trial_7,3,LegExt
6,6,0.009885854920259625,0.015715498522772323,16.92856694925127,16.489606006993053,0.000246976872172452,110,338,86.47818622247557,85.693359375,60.681390601951506,18.602468102672834,45.32242559617715,40,85.20951530872505,269.85608650250333,89.46704787779962,0.12944992235219396,3.3378378378378377,Subject_6,Trial_8,3,LegExt
6,6,0.008446686021942975,0.014128208800161298,13.824991157593267,13.523144321130705,0.0001996062660837234,91,284,85.70125077904227,84.228515625,53.238580186707175,18.01717775376572,47.057165708156326,25,87.71775814609676,301.1785518008368,90.53471733590735,0.12310534242624782,3.2027027027027026,Subject_6,Trial_9,3,LegExt
6,6,0.008962189915286406,0.01439591203590321,14.371598050601637,14.527709852679266,0.00020724226773797137,85,317,81.01162461221234,74.70703125,56.56638266873833,17.316417941912892,43.5729352736637,35,84.62153566546758,277.4092191841039,90.58313802036541,0.13000651371211025,3.2432432432432434,Subject_6,Trial_10,3,LegExt
6,6,0.0060918018093936025,0.010715475836149754,8.526917997476826,8.516338929532257,0.00011482140456390753,63,231,81.97171839104023,82.275390625,38.02270836582794,11.734248086967066,28.792417734663413,8,62.02062335997583,189.1469957454559,61.64888659733786,0.07079275187905444,2.7972972972972974,Subject_6,Trial_1,4,LegExt
6,6,0.009449829217421877,0.015581125636432875,13.892611891312175,13.466006634826176,0.00024277147396378635,87,280,84.87035414947671,82.03125,40.90744808110333,12.678431608651536,30.3255020385851,38,67.07912128077372,196.81641711598223,61.50989542326506,0.07609932383053704,2.8513513513513513,Subject_6,Trial_2,4,LegExt
6,6,0.011161866290527019,0.017941519200220985,15.977609858316386,15.224785620278853,0.0003218981063003897,96,296,87.83252492954662,88.8671875,43.182305183330605,13.909643164491868,36.59658693537677,33,73.80389897750813,206.72209323788533,69.50832752050593,0.08323433266975036,2.72972972972973,Subject_6,Trial_3,4,LegExt
6,6,0.013402002733940618,0.02045233750426764,25.336110935414204,22.81020865316693,0.0004182981037205006,146,465,93.46556338459149,91.552734375,42.32019817386217,14.534265565738721,35.763198990635566,24,57.18130684676857,164.19849672571814,56.34152727976584,0.07560389876890501,3.4054054054054053,Subject_6,Trial_4,4,LegExt
6,6,0.01449318778093999,0.02390668411985143,28.710331684136662,25.160173987711822,0.0005715295421359168,152,400,96.5404691866641,96.19140625,48.95386195878674,14.868978407285894,37.509650507136875,6,65.25249151001407,219.5994140909171,67.89261632274585,0.09663768523997071,3.472972972972973,Subject_6,Trial_5,4,LegExt
6,6,0.007087167192543423,0.011874924267824017,12.743743515803944,12.062358561708907,0.00014101381051171794,73,344,86.90192771644128,80.810546875,44.655185291843104,15.047341958099237,35.980613670958405,21,63.07507798947903,256.7462000895599,68.49633900576376,0.08896540285955484,3.4054054054054053,Subject_6,Trial_6,4,LegExt
6,6,0.011699247925192589,0.01808893923724831,17.938229629747877,15.95777416996269,0.0003272097227267292,112,362,93.16377967037103,91.30859375,41.30707001998029,14.431797939024438,37.560078011742945,18,73.30174707920386,203.62104366926872,69.01708722990423,0.0895101625887403,2.72972972972973,Subject_6,Trial_7,4,LegExt
6,6,0.011044055168863785,0.017597820131140706,16.18421961109962,14.545020657393605,0.000309683272698799,100,304,91.8038988526823,90.087890625,43.63024095864756,14.23867274536576,35.80327277714811,26,69.34141372279214,214.92469095451224,68.35212665442468,0.07545354894215324,2.635135135135135,Subject_6,Trial_8,4,LegExt
6,6,0.009324936109986358,0.016814221835526253,13.337478933613408,13.036260681760927,0.000282718025237274,68,230,84.40533868520218,77.880859375,40.722533623511374,14.191145552017565,32.66600038915014,12,69.30656555440208,239.61208725434335,73.21516938390774,0.0791146549793464,2.7972972972972974,Subject_6,Trial_9,4,LegExt
6,6,0.012174985569418349,0.023514616806429318,23.60230009868648,21.53754947230106,0.0005529372034272849,90,303,92.45283866090152,87.40234375,41.3101326249996,14.519107701101534,39.593918730057254,31,56.40075311260678,206.16787810489225,67.02434479241573,0.06839450140893255,3.5405405405405403,Subject_6,Trial_10,4,LegExt
6,7,0.00789000375237491,0.014052040077968356,16.842896148946256,15.882577553530693,0.00019745978237497428,103,380,85.54906107044471,83.740234375,42.44335304477461,9.343014243051343,20.434150396651926,19,56.27835369880958,253.87081686241856,63.07021996440121,0.13810521778091736,4.027027027027027,Subject_6,Trial_1,5,LegExt
6,7,0.015354580839288322,0.024382216875573563,28.589575892912933,24.260237726075548,0.0005944924855850052,120,402,100.18347515236047,99.12109375,63.044487308235816,7.319008159435503,14.491947265713792,19,88.33627058752359,255.65974787392855,80.43244747173686,0.18801929158305045,3.1621621621621623,Subject_6,Trial_2,5,LegExt
6,7,0.010310065876814599,0.017943878585895655,20.058463085172445,18.032305218548732,0.0003219827760814494,109,331,93.37969480441322,91.796875,36.638378143457345,8.226542974263637,19.58007127346787,34,79.47191029174111,258.2155204952825,80.33767503112227,0.1437131846731271,3.5,Subject_6,Trial_3,5,LegExt
6,7,0.013763872293990708,0.02291956490032009,20.671553246972607,18.69133857523938,0.0005253064486015197,92,296,92.15655533680012,92.529296875,40.32860100071541,9.383419870389073,22.7026931092472,32,93.05484611964557,257.3411568476458,81.64546645747498,0.1923027890850522,2.7162162162162162,Subject_6,Trial_4,5,LegExt
6,6,0.014152449751690058,0.02455259657585564,22.194282784138956,19.88419190112453,0.0006028299969363998,88,258,93.70221390755552,89.35546875,41.77769407164433,10.961398184025638,30.164033609514284,12,91.291536527441,265.68309468621914,84.34241001892535,0.146940459362322,2.810810810810811,Subject_6,Trial_5,5,LegExt
6,7,0.012193794324423635,0.01949519498460923,23.01664561777295,20.424605493409587,0.00038006262447728116,122,394,94.62237406729854,92.041015625,47.58636868311716,6.770321004843806,15.91336171312988,34,84.73076076543616,257.20373392011896,80.28974353704609,0.18673586725019176,3.3513513513513513,Subject_6,Trial_6,5,LegExt
6,6,0.011499262655669406,0.02109409933765693,19.312048257588614,16.2369588698052,0.0004449610256651193,101,259,105.58472821523576,105.95703125,47.818459414970704,13.504771453751491,40.32496239397834,0,58.81788112067365,250.613599077298,78.28871063737846,0.1389907581364682,2.824324324324324,Subject_6,Trial_7,5,LegExt
6,7,0.007862377154300626,0.011809813918084028,16.853601159486374,15.874139474532965,0.00013947169628070622,140,537,87.22421962535951,84.47265625,43.087828405198806,8.139500925601391,19.492097288776765,16,70.09517602136204,263.8053714888776,72.82633335560709,0.12114412998300389,4.04054054054054,Subject_6,Trial_8,5,LegExt
6,7,0.012673017391358262,0.021932092702997848,27.593764611471542,24.826441069670835,0.0004810166725235448,109,417,92.5777828123346,91.552734375,43.988417542900336,8.273144832504078,18.587116156679897,22,70.99851531873821,256.84823266271525,76.04068843732733,0.1621536477205544,3.918918918918919,Subject_6,Trial_9,5,LegExt
6,7,0.014054491178441568,0.023085212776397756,32.24751273335474,27.71545660388677,0.000532927048638206,140,452,96.11931137055745,93.505859375,44.46683350487169,9.229514298002018,21.75421679018938,24,68.92137157993808,246.28553137114625,70.71804592530486,0.12972732867601808,3.945945945945946,Subject_6,Trial_10,5,LegExt
6,5,0.01458649149819662,0.02356994005874473,34.32822751792928,29.55223177534635,0.0005555420743689904,149,478,97.96631100860755,97.900390625,36.89001950049778,10.406975127171751,25.21984349116585,56,32.24865300187158,167.49867453550183,29.467966596324523,0.037401782145765984,4.054054054054054,Subject_6,Trial_11,5,LegExt
6,7,0.011324175331400241,0.02014482709187553,25.139794009637182,22.55775726014928,0.00040581404416017183,125,359,93.6119391580064,89.84375,42.962025412367204,9.90530415004495,23.59470875383325,52,71.74439983376132,240.36988592040808,69.19511840790732,0.1114557228111064,3.9864864864864864,Subject_6,Trial_12,5,LegExt
6,7,0.014186073600948396,0.024702839978782105,29.73801261270046,24.91074524326538,0.0006102303009207739,116,370,100.68324534867878,100.5859375,47.4654022912931,8.29536817306056,20.48804615347022,28,76.05559954538488,252.20207762535395,73.31478483868554,0.15328279841693285,3.5135135135135136,Subject_6,Trial_13,5,LegExt
6,7,0.012309049712207192,0.021260922323144377,23.7905120785262,20.86383926219119,0.00045202680010436906,116,338,96.49982625299954,97.16796875,31.96859321545989,8.86173612442994,21.644623236121692,28,77.21537401108927,236.20993989055265,66.80713678204769,0.11630861347913977,3.391891891891892,Subject_6,Trial_14,5,LegExt
6,6,0.01513813731681957,0.02494137489430342,24.28875238371252,21.269082930131496,0.0006220721779905024,114,311,97.14821586929571,95.947265625,41.530026607880686,8.029083355411633,18.987973609942948,12,84.63668014048402,263.9426076355407,86.33075350491704,0.1686659800553995,2.810810810810811,Subject_6,Trial_15,5,LegExt
2,7,0.017622041594626582,0.02706183347909662,73.13856431458773,74.22403919656716,0.0007323428281047457,200,986,80.47863931024985,77.69775390625,162.29069706647968,24.428736115939493,84.83190844861053,38,131.16527318533142,356.60851622775306,94.37936701785588,0.4983320399655523,8.432432432432432,Subject_6,Trial_1,6,Walking
6,3,0.014393574681114008,0.021240158256008446,63.92834861625766,62.38175266794811,0.0004511443225012735,257,1108,85.17667496011242,82.6416015625,142.04934629211772,15.828403538519193,42.03564439276815,61,118.29332597706667,362.4516643239708,91.95276074110777,0.38677797038535594,8.675675675675675,Subject_6,Trial_2,6,Walking
6,3,0.015887184734793655,0.023783424291823393,118.21179827290393,109.08141038909324,0.000565651271037876,491,1921,88.72491219330695,86.36474609375,119.44474723734163,14.196089503820119,37.46460664284799,80,100.81442237135542,365.2737386987573,84.2598255404997,0.3295338293019325,13.743243243243244,Subject_6,Trial_1,7,Walking
6,0,0.017239672774570832,0.02537171607131117,124.33737307265022,112.5405838723984,0.0006437239762488526,492,1955,91.92307965516058,89.7216796875,141.25335966613795,11.633612518653623,22.46741940082354,100,82.55846410146998,269.07731175520036,50.77728075773111,0.27756999248248526,13.067567567567568,Subject_6,Trial_1,8,Walking
2,4,0.0073382696259546715,0.015962690000613865,16.078881344467007,16.158869716352186,0.0002548074442033637,87,209,87.4519746930715,80.9326171875,44.23693576564939,6.760811709869431,17.09164094937586,20,51.622609639856776,142.18404178056645,35.4938327430929,0.05401532749714819,4.405405405405405,Subject_7,Trial_1,0,Squat
2,0,0.005843776073576497,0.013664728788350377,11.644006247213177,11.763521236109488,0.0001867248076217353,48,178,80.5943786640914,77.1484375,43.75142356539399,6.864700499491357,19.476622234920363,19,48.97873189603858,123.82389676054427,34.38246339550234,0.07830129861427557,4.027027027027027,Subject_7,Trial_2,0,Squat
2,5,0.013912105050119817,0.02513257265469771,33.54943927062999,34.94720788590098,0.0006316462034409299,126,417,81.04859958117878,73.974609375,83.15017740264082,6.477650387879492,15.54182694000376,34,51.60569919093854,294.70922852788124,50.75286493032783,0.08613189943080868,5.027027027027027,Subject_7,Trial_3,0,Squat
2,4,0.014150829787610834,0.025269476368623922,30.2010100582748,31.344087979557997,0.0006385464076392271,114,364,81.94374543714436,72.6318359375,41.99780837918579,6.751571989945653,17.543188470827943,18,48.38838557938592,138.8533044114547,37.81565861396043,0.06750897447459907,4.4324324324324325,Subject_7,Trial_4,0,Squat
2,4,0.011752783955918158,0.02046439372824408,23.370265445014947,23.811140294690187,0.00041879140458755016,108,364,81.34451649380694,73.73046875,39.111366427352344,6.707422842835397,17.053964855345008,26,49.58783071559243,135.94197043175808,36.753396599087566,0.051237464314105724,4.054054054054054,Subject_7,Trial_5,0,Squat
2,5,0.010764540474955158,0.018529194184095262,19.156429528258826,18.848710371646483,0.000343330764572962,94,335,86.47140396586339,86.42578125,42.606862910899785,6.211317885820886,18.110376283596665,28,48.18882768044134,184.0692612801802,41.16791089187845,0.07422950762478021,3.5,Subject_7,Trial_6,0,Squat
2,4,0.0088816794123499,0.01636762788593339,17.822904018430595,19.370942798335133,0.0002678991590925854,88,301,74.79888339329493,72.509765625,40.34160028594912,6.174493707970255,15.799442528054065,16,49.38919789994078,154.94052492095872,33.5120916687674,0.04258158747045232,4.364864864864865,Subject_7,Trial_7,0,Squat
4,5,0.011536957735959598,0.05532196172673148,12.663093383856822,23.085452429655156,0.0030605194492554543,3,9,41.72724899391563,33.69140625,71.91911382645651,10.30024378589707,20.549749383207924,19,55.40084926080492,353.94813180055365,70.6621193122371,0.08982251640936136,4.0,Subject_7,Trial_8,0,Squat
2,5,0.017905706520794717,0.02684741256227094,45.65940648333232,42.07841032386759,0.0007207823858217554,176,695,86.95332061442288,81.787109375,48.491105930589654,7.713468825854182,21.009287821321593,23,48.093253549208434,177.9784429059065,35.99690070467253,0.07990672281301871,4.702702702702703,Subject_7,Trial_9,0,Squat
2,5,0.0077500017053723416,0.012704980542809087,18.297489311850587,18.421754053670057,0.00016141652154973805,130,466,83.75808209083355,74.8291015625,46.95679861584239,8.73143924120681,22.254253815675778,27,48.62893170477823,157.85823507928632,34.964714183026906,0.07898911828346217,4.756756756756757,Subject_7,Trial_10,0,Squat
2,4,0.015320576082379734,0.024539835358791933,41.03911040494816,38.59253115151455,0.000602203254180655,156,636,87.18333407727006,83.49609375,63.82773754967069,8.719369981265599,19.13355015903182,28,45.98440640005955,140.48698409583838,33.25640016862257,0.05362808252751005,5.04054054054054,Subject_7,Trial_11,0,Squat
2,4,0.013596182324540733,0.021461572162879278,33.469256509243905,29.843620202366907,0.0004605990776858866,170,551,95.00346892709003,93.1396484375,54.94208020019405,8.003655991262722,18.689701989673445,19,50.24219101788093,150.7639539408141,36.56145846892813,0.058845795457632,4.391891891891892,Subject_7,Trial_12,0,Squat
2,5,0.011668841457336493,0.02006798260932888,28.95251215777148,27.65515425388749,0.00040272390965414965,123,495,87.52408955834717,81.9091796875,48.70233413251297,8.514057618085884,21.783453289015295,22,49.49279978420191,152.61019142944676,35.926459158071104,0.0753399293076906,4.743243243243243,Subject_7,Trial_13,0,Squat
2,5,0.0064521381680813054,0.012879598320764688,15.64824253837744,15.859355617143848,0.00016588402234193856,96,299,83.72120432174977,78.9794921875,49.804131749778186,9.047610089944776,22.105508511839812,43,47.890272193230544,152.67302729498462,33.13074902575371,0.08125522254729767,4.918918918918919,Subject_7,Trial_14,0,Squat
2,5,0.012343225337921144,0.01848043270126545,33.84172249144782,31.339449132981784,0.00034152637531589705,155,667,88.97325201875731,86.9140625,44.77681632119314,7.99668063726336,20.66601476643535,10,46.33811416023038,142.24222010108033,33.583673428281415,0.07329134578606716,5.081081081081081,Subject_7,Trial_15,0,Squat
2,5,0.007446626867430936,0.013476473514846748,19.524318169826103,19.212297317971814,0.00018161533726304853,129,386,88.74422644692194,84.1064453125,49.878407721829134,8.557658071545761,20.854277814337856,14,48.4948555477973,164.96880375957156,34.81040353370223,0.07550753335243796,5.162162162162162,Subject_7,Trial_16,0,Squat
2,5,0.008821347070076962,0.01622235089471393,22.883973417426017,22.097474410542787,0.00026316466450088913,116,405,88.54107509356473,84.8388671875,49.79876478801323,8.793897124050552,21.09897673488862,19,45.989088525128054,161.99502063723023,35.15099348410665,0.0772991411091613,5.013513513513513,Subject_7,Trial_17,0,Squat
2,4,0.012222631593205973,0.020779045512889022,28.531577009742605,27.244245821256115,0.0004317687083318727,152,406,92.78501306311718,91.552734375,39.20307610087404,6.255446741226663,16.001497638350006,7,46.803390410261535,137.75610523703924,31.864378221971695,0.05646999114408143,4.45945945945946,Subject_7,Trial_1,1,Squat
2,5,0.006466725169941821,0.01272812007081937,14.044830686406495,15.196804149363278,0.00016200503916887797,77,251,82.88770897959718,77.5146484375,39.559317788147624,6.585019784654884,16.825607384204638,33,50.63909304083545,164.93793531612508,36.60978240635482,0.07641354432374167,4.702702702702703,Subject_7,Trial_2,1,Squat
4,4,0.011472107013381989,0.051661416103748074,17.94694121144308,32.84464237931263,0.002668901891508475,4,16,41.872210285647455,32.8369140625,42.606250092573404,7.341762102878613,16.042532321681712,47,52.96172697300327,196.71005747064999,43.23426102414704,0.046466621091348304,5.72972972972973,Subject_7,Trial_3,1,Squat
4,1,0.010561355086731195,0.05893472898764246,15.109034830048497,26.741351079603383,0.003473302258760291,4,9,42.57747197569236,33.8134765625,51.094786130473544,7.693629168110394,13.440995236291645,24,47.32478150942745,354.6979946713599,54.166515681823384,0.1006080311125154,5.0675675675675675,Subject_7,Trial_4,1,Squat
4,1,0.012431463400971336,0.06261662097910665,14.896518707438682,28.045381432591334,0.003920841221192589,4,9,41.48932644546681,33.5693359375,45.228963387020755,5.694540039385821,9.514827676971905,19,51.577062888369056,216.78621932877942,40.16375190032062,0.08466489450115998,4.513513513513513,Subject_7,Trial_5,1,Squat
4,5,0.01118215530952932,0.056334119992831264,16.090964604982833,28.917053630442823,0.0031735330747167333,3,13,41.157421250609154,32.5927734375,42.928642357250595,9.596196424371396,25.118809990092846,18,47.0934138104616,147.2993344062328,34.0835139454913,0.05705651764589431,5.175675675675675,Subject_7,Trial_6,1,Squat
4,5,0.011140393034020103,0.05691807090451907,15.701008652079679,28.586248525295584,0.003239666793150013,3,16,42.21686147588112,33.447265625,46.64865819801466,8.35398558888324,22.668512701604303,57,51.41031684243273,172.10524219168,39.791042006760215,0.07041673600469296,5.135135135135135,Subject_7,Trial_7,1,Squat
4,4,0.008541286679029543,0.041143093322361844,14.173863324844616,25.777603197311162,0.0016927541281270668,4,13,40.73044636925473,34.0576171875,39.66132518602331,7.35301429581692,14.453889943147102,44,48.07638350011123,185.95085103402226,43.583303481819215,0.048398954239142526,6.04054054054054,Subject_7,Trial_8,1,Squat
4,5,0.013550765668111935,0.06242490464996688,16.972352785977762,31.66813936637759,0.003896868719461593,3,14,41.66316144544092,33.3251953125,48.19036602912361,9.256113312311049,24.459601484963777,26,54.59287847730503,139.92540758678078,38.242146403519634,0.07169960996908555,4.675675675675675,Subject_7,Trial_9,1,Squat
4,1,0.011399071183911126,0.047932216224703464,15.949311481618334,28.634466813984748,0.0022974973425111027,6,20,42.43714215357916,33.935546875,45.88346154755901,5.2452263735894125,10.598445515558176,36,54.294213066363675,291.7161828600827,45.48085149490719,0.09647510301447898,5.027027027027027,Subject_7,Trial_10,1,Squat
2,5,0.008287989388710221,0.014309905833302954,20.83062580050347,20.371877917449723,0.00020477340495378375,143,444,84.12570304495722,80.322265625,47.19091879366898,6.722191387867157,18.109260167625557,9,47.65152454471041,182.68613353868926,36.20663957109782,0.09119162886708952,4.918918918918919,Subject_7,Trial_11,1,Squat
6,6,0.007898653184890286,0.012584663466021,19.534785055447703,18.885679765072673,0.00015837374593754723,150,500,89.90322280548557,90.33203125,24.01654668479093,4.0509717946860615,8.464557086132086,21,34.790559879871026,124.69708187911397,36.96945574092234,0.0766340668188669,4.783783783783784,Subject_7,Trial_1,3,LegExt
6,7,0.00978686374221951,0.015400027810624937,20.872871089935614,18.506959336537093,0.0002371608531835498,155,470,96.13490297680528,95.458984375,33.30620161680494,4.166335386454286,10.267568361204827,25,56.0417687683295,208.9779488532112,55.50514448220477,0.1180583634045213,3.7837837837837838,Subject_7,Trial_2,3,LegExt
6,6,0.011926529823184014,0.017893993548893247,24.534873676072323,22.469582186878682,0.00032019500346978615,127,529,90.1990146477428,85.205078125,20.912107502385084,4.229994741065878,9.03290434795349,41,44.1971219979827,166.32973681614587,48.9373521707104,0.06406891612499821,3.77027027027027,Subject_7,Trial_3,3,LegExt
6,7,0.010913919518551411,0.016524836588312757,20.36984782668739,18.499093583944642,0.0002730702015868017,133,430,93.1177076240337,94.482421875,23.97450968756791,3.6470647140540566,7.738497061761789,18,53.600317245489315,167.18806421021264,47.4685665387302,0.08727798931322842,3.391891891891892,Subject_7,Trial_4,3,LegExt
6,6,0.01172913434797935,0.017785577394466755,25.746297295922915,22.332271798552682,0.00031632675407026757,151,540,97.60583037068068,98.6328125,22.60378042303333,3.91637554182052,7.533213620596509,24,45.725502129657066,201.71526288359362,59.10952783809395,0.08094668320669972,3.810810810810811,Subject_7,Trial_5,3,LegExt
6,6,0.01026413491739779,0.016219008389888354,22.03068275902964,19.265781239955654,0.0002630562275605654,162,457,99.16158232975617,99.609375,33.45419188579015,5.193465071224342,12.093239033298104,33,49.890297303442345,234.38322114701893,64.30275945680884,0.0812739281245988,3.7567567567567566,Subject_7,Trial_6,3,LegExt
6,6,0.011533279278665117,0.017646559529815718,26.523538549384035,22.974292323100915,0.00031140105422928604,178,541,100.19619784175227,101.5625,27.666464251275247,4.608665328273382,10.708843485084152,46,48.57699380650901,196.33684699229983,60.35199728528178,0.0823116447967375,3.9864864864864864,Subject_7,Trial_7,3,LegExt
6,7,0.010738345319694396,0.017326328159682658,28.793911313729044,25.095513012125803,0.0003002016382523884,183,587,98.62151942985723,97.2900390625,28.817274322489226,3.4155841742996405,7.092054138080006,47,46.16037526451773,181.9582039910555,49.02300785550736,0.0876144359458072,4.675675675675675,Subject_7,Trial_8,3,LegExt
6,6,0.011831159925251127,0.017816124642982708,27.53627945768302,23.887111889082025,0.00031741426930883887,188,575,97.6553514321724,100.830078125,28.95848849386985,3.9646423438645972,9.021719079678942,52,45.664072456693624,178.10712832711565,52.84423964767229,0.08369375635292046,4.04054054054054,Subject_7,Trial_9,3,LegExt
6,7,0.00991177926635063,0.015727563751746457,22.72483402218336,19.54602871324344,0.0002473562579578203,168,506,100.40159619113722,100.5859375,22.060858743662525,3.3474102515457633,7.555318433651699,47,52.802278370857245,197.62266671321711,54.252300793012374,0.09648702978611616,3.945945945945946,Subject_7,Trial_10,3,LegExt
6,6,0.006111834659720844,0.009097592040340288,11.881413453885141,11.887518413157041,8.276617892904058e-05,116,466,85.5674540200204,79.833984375,26.1874693061379,3.500018956466291,6.584552578769593,28,28.573528150322495,148.39298984090806,31.504120394345748,0.061291691042787685,3.891891891891892,Subject_7,Trial_1,4,LegExt
6,6,0.012162422981580824,0.017726538850098804,32.0103672877183,27.511400784335823,0.000314230175695922,237,687,97.94328726174696,96.0693359375,15.48286312421078,3.593471798238319,8.819245098227718,36,23.884690596979162,82.28641644145648,21.103986323552956,0.05125998375804136,4.527027027027027,Subject_7,Trial_2,4,LegExt
6,6,0.005932011869064626,0.00867719433772501,12.118368418128895,11.816567643176734,7.529369947692556e-05,133,508,83.37889376052777,80.810546875,17.8918232764709,3.204245284925922,6.30514921381868,20,27.228688683682456,86.70096419585325,24.103648706527235,0.05008075915033416,3.9864864864864864,Subject_7,Trial_3,4,LegExt
6,6,0.006299832502660019,0.008727713212603391,12.183800768447792,12.171276395139156,7.617296910285064e-05,144,529,82.40057991557403,79.1015625,14.385378323395766,3.4986207204218616,8.995755190362502,37,25.840424504654134,98.71157083035567,24.710435528907816,0.041715485286347095,3.864864864864865,Subject_7,Trial_4,4,LegExt
6,7,0.012458576699611658,0.01791622574725954,32.48200943190213,28.1065490343239,0.00032099113665351784,223,713,97.6788508402071,97.5341796875,18.94725874140563,2.5299986858646193,6.370409356191457,23,26.498801269105925,97.95731652119315,19.585196265808584,0.04887124250911594,4.513513513513513,Subject_7,Trial_5,4,LegExt
6,6,0.00789706810078778,0.01152179566647128,20.218372799125035,18.24222731281977,0.00013275177527876568,183,677,92.87290548754008,91.552734375,18.63288870949301,3.1116714283506806,7.458800630764204,37,20.771945830324547,88.29990709535203,20.70640451941828,0.04716543204402194,4.621621621621622,Subject_7,Trial_6,4,LegExt
6,6,0.009266628962343407,0.013637328982799202,23.08017533392111,20.275384169607374,0.00018597674036104918,200,615,101.02612065284023,100.9521484375,16.756554638635592,2.9937733864535083,6.271916992066346,42,23.23867557650551,105.04084976027048,23.66502017577199,0.03668952999582362,4.378378378378378,Subject_7,Trial_7,4,LegExt
6,6,0.011055791460285718,0.017658961417902876,29.427288140546516,24.565968624754866,0.00031183891640731157,177,625,99.04893764424129,99.609375,18.93858780136349,3.3467749566178644,7.15214429438915,37,22.1260152954706,95.06245609517941,21.983394412089904,0.04155356275645416,4.445945945945946,Subject_7,Trial_8,4,LegExt
6,7,0.011906756554210486,0.017783043965736912,30.55500908480569,26.135330636492014,0.0003162366481590743,213,657,98.21508802004982,99.4873046875,16.145495564547726,2.2682982608212536,5.5514012312452286,29,29.508614411544947,108.02894055780763,21.46502651545923,0.0458498317001552,4.391891891891892,Subject_7,Trial_9,4,LegExt
6,6,0.010374652593131996,0.01603976529602912,27.885635208121933,23.259971113801935,0.00025727406422801634,206,629,101.74701974310189,105.46875,15.698020946881282,3.3229040077166325,8.078626328953284,37,25.562029824043968,130.33061331626243,27.853339288178404,0.045077221233335484,4.486486486486487,Subject_7,Trial_10,4,LegExt
6,6,0.011470058352331248,0.01665145468774582,39.766749883058964,33.30904945516994,0.0002772709411592783,287,957,101.88880597131339,102.1728515625,21.049916073257833,3.731241271045035,10.625135493960377,29,30.229253135152856,127.64472327295209,29.99464878818303,0.07051728486163505,5.8108108108108105,Subject_7,Trial_1,5,LegExt
6,6,0.010252502247172389,0.0161351761672903,24.286985061672336,20.566519507827813,0.0002603439097498557,167,535,101.35161294991993,104.00390625,18.123947294571945,4.251336715632197,11.36702679599532,34,36.66809668328559,147.5363739505335,36.38652215695714,0.08431423569033218,4.013513513513513,Subject_7,Trial_2,5,LegExt
6,6,0.012985472781305601,0.019148984106886657,26.451316118045423,22.360984129408244,0.00036668358344981133,156,534,100.86422524611409,96.6796875,22.99834603443027,6.2430875456368815,16.323707217242323,9,42.75110253509435,112.48048842882248,33.987635842596525,0.10437890437706492,3.445945945945946,Subject_7,Trial_3,5,LegExt
6,6,0.01220851907602155,0.018193948380429096,24.15457354235266,20.278350185271794,0.0003310197564316238,167,514,100.9913842913033,100.341796875,21.89090051060924,4.541962138169792,11.966762390405796,39,40.42893142443831,121.38344163007028,33.189142811982975,0.09346320023627255,3.324324324324324,Subject_7,Trial_4,5,LegExt
6,6,0.0113290928467587,0.01756024558877813,27.33200258904737,23.032045757460438,0.00030836222202158337,186,596,101.1738126554468,102.05078125,20.599872795151303,3.8359573312599164,9.562861643019584,29,36.10068186292066,138.65285144484506,34.301063314149445,0.09670370715709845,4.0675675675675675,Subject_7,Trial_5,5,LegExt
6,7,0.012329748538627651,0.018345239705510167,23.849148675997732,20.14680911211758,0.00033654779827939054,154,515,99.17328380768643,96.435546875,21.207057460779538,3.434793518722271,9.1199228577879,17,52.64196611108294,120.21711959247,33.50209462523179,0.08674863067061908,3.27027027027027,Subject_7,Trial_6,5,LegExt
6,6,0.011672729014827068,0.01756647496929101,28.193673226518516,23.4154944037431,0.00030858103481174007,181,639,102.39058081187132,106.93359375,30.13020938131998,6.842662835361339,17.380341011210863,16,38.530306775842334,152.10281756572866,36.75279316653773,0.13230851158171142,4.013513513513513,Subject_7,Trial_7,5,LegExt
6,4,0.013294631613310669,0.019839209017369724,26.709809163557928,22.893355638120973,0.000393594210891895,155,507,98.95264644807582,98.388671875,17.071143295054817,3.6139069206856713,8.773775059404757,25,20.394866403254422,40.666668616216114,9.156502233742152,0.048734272136461365,3.445945945945946,Subject_7,Trial_8,5,LegExt
6,7,0.010904489467058505,0.016859236146644366,24.988144655349046,21.65631608157819,0.000284233841543464,161,562,95.71147614850732,93.26171875,26.873130600483265,4.491824699567688,10.849870695667141,32,45.73627011759867,118.67654004397176,33.80179250934412,0.09357290805908658,3.972972972972973,Subject_7,Trial_9,5,LegExt
6,6,0.012913136198509003,0.01869344136619492,25.5744019262113,22.068549763251887,0.0003494446897360274,168,539,98.71695666715756,96.6796875,23.85407346128367,3.7319223794401375,9.535683928522968,27,45.98047543972845,147.22901912947268,38.23218008213136,0.09533346281314538,3.418918918918919,Subject_7,Trial_10,5,LegExt
6,7,0.013253907105290045,0.01964845021733619,32.11785168904403,27.117493937423433,0.00038606158674535645,192,650,101.35056261075094,104.00390625,28.090902201976842,4.455418802450619,11.13514760831501,47,43.4693694160122,110.60380658124606,29.940440899213467,0.09505975210328109,4.094594594594595,Subject_7,Trial_11,5,LegExt
6,6,0.01111206606253552,0.017396341552929896,25.580840505021463,21.768537416507083,0.0003026326939824648,192,516,101.62190646056011,98.876953125,21.065397224134703,6.34381769836446,17.20140572707496,39,36.977563511914255,115.60965557062379,31.280339095561843,0.08219199408132527,3.918918918918919,Subject_7,Trial_12,5,LegExt
6,6,0.010372661482905098,0.015505553836288141,23.44847737288614,20.600105705049526,0.00024042219589966133,181,539,97.01461400312071,95.21484375,27.89545941848227,6.411847488442568,15.495115331293604,31,38.10416743622493,117.15775147780344,34.65778684025238,0.09529536778295958,3.972972972972973,Subject_7,Trial_13,5,LegExt
2,3,0.022147215988814303,0.03405086987026863,182.45332620094183,181.05349070855692,0.0011594617294318648,503,1819,82.90163161598748,79.40673828125,126.09230580764296,15.672033066810178,34.53509864923073,147,103.39969103013647,337.8233847077373,80.96973044770178,0.2349274197786651,16.364864864864863,Subject_7,Trial_1,6,Walking
5,3,0.10084946207878422,0.2237294336153301,451.5424695463322,1033.5052873833806,0.05005485939429894,33,153,32.30519737816997,28.076171875,103.21503603843747,13.224883825054468,28.49950115467567,122,80.06036775741583,285.5715103797394,64.31968368631965,0.18995220891394143,20.513513513513512,Subject_7,Trial_1,7,Walking
5,3,0.07784350205064339,0.13402807008596776,316.00177594427726,696.310125843005,0.017963523561752334,32,189,34.29464996309454,27.740478515625,156.16042072284947,16.035968769053955,39.976604292247174,124,89.52568631892247,314.373639167851,69.9751553653652,0.20857749136059608,17.905405405405407,Subject_7,Trial_1,8,Walking
2,5,0.012503576017292193,0.027547921827845503,19.00929228790426,20.51836824437649,0.0007588879451990166,52,138,83.37031849450864,71.77734375,45.546949874074336,9.736968718514316,26.379079366440536,18,59.70212142335771,143.1584635933011,44.230117607532875,0.10670087958766306,3.2837837837837838,Subject_8,Trial_1,0,Squat
2,2,0.015722247195336103,0.03298033769655348,23.619575521130905,24.951206298998393,0.0010877014865707296,55,141,85.94478240572643,83.49609375,45.71669769993726,8.531717812874266,18.588364505929455,24,29.55306999470833,79.11294907536562,17.171820154603758,0.04519538366012616,3.175675675675676,Subject_8,Trial_2,0,Squat
2,5,0.01701464537183419,0.03464563170785486,27.324636600385823,27.240447240306537,0.0012003194515064302,66,178,92.13291108392407,92.529296875,37.35001599322045,9.77045428251727,29.609772504931417,17,60.61676082588084,154.2152321633074,43.0186951725423,0.10112952503110079,3.2027027027027026,Subject_8,Trial_3,0,Squat
2,5,0.014904613076243639,0.03068002909392409,24.052795200966962,23.653620951998654,0.0009412641446806963,73,166,90.05653178071051,86.181640625,51.79169526485989,9.812503398236817,26.371154988018464,13,60.325598841028444,130.85257051436298,38.864184608984004,0.0986637140078593,3.175675675675676,Subject_8,Trial_4,0,Squat
6,5,0.02034404324135588,0.044874241883338474,33.93639540372146,32.6928774888589,0.002013697584476551,64,190,93.49690164521874,94.482421875,37.431337669185204,9.849263572768628,26.629729432842556,27,59.69381346892543,155.5195778143241,42.8443251117852,0.09890913950663312,3.2162162162162162,Subject_8,Trial_5,0,Squat
6,5,0.013926806242537892,0.032113202171470664,22.594871610603256,22.380377631758392,0.0010312577419856175,49,156,86.72455553659032,81.787109375,46.549063970204344,9.625364417189717,24.879671165989542,22,59.5995740917022,144.21401417820658,44.51745760733921,0.10473092635106587,3.2162162162162162,Subject_8,Trial_6,0,Squat
6,5,0.01439255640145172,0.030878049373086778,20.400817321285842,23.330333926753237,0.0009534539252838126,51,165,68.60281104550995,65.185546875,41.20602315868382,9.791786088636936,26.641210107836198,21,59.667008669624224,135.60707824879418,41.08778177220363,0.09581679224783379,3.2432432432432434,Subject_8,Trial_7,0,Squat
2,5,0.01288625399820183,0.027454447489267862,18.888081304523325,20.63089265112113,0.0007537466841204363,38,132,84.69830617213992,78.125,40.419640435019936,9.590346044168351,25.99202342500088,19,60.84365149738656,129.92940740791659,43.30042544527316,0.10279315437809658,3.2027027027027026,Subject_8,Trial_8,0,Squat
2,5,0.01413173414072211,0.030884465084526955,22.763270733496483,22.808618903125485,0.0009538501409933318,62,164,88.72896769081605,85.693359375,42.334917690019495,9.934777347127447,27.356159476405722,25,61.31710731597647,162.2169811504066,45.05112217508856,0.10679141832424215,3.22972972972973,Subject_8,Trial_9,0,Squat
2,2,0.016024757504211846,0.03465160773438616,24.82485677687054,25.543463461713685,0.0012007338722348658,54,155,85.49785988831736,81.298828125,38.05493687332346,8.286507787131548,18.71438616899275,41,28.183363468468315,71.44113890927089,17.233296535986167,0.04657153440431662,3.189189189189189,Subject_8,Trial_10,0,Squat
1,5,0.02023235486703807,0.07518589026543614,22.693611748676943,39.49355670045831,0.00565291809297685,5,26,43.69017405735312,35.888671875,53.602876441558266,14.322616161083413,39.86303095724032,35,53.693983411856244,158.66852479765816,42.87250261501384,0.1058234292950626,3.9054054054054053,Subject_8,Trial_11,0,Squat
1,5,0.019517342416781137,0.07800791824564046,21.94219937008758,38.76144203972734,0.0060852337172119415,6,26,44.236349086848165,36.376953125,50.735163331504744,14.902635162516017,40.56013008308613,35,54.34827423108534,165.3557456529579,43.55416591878406,0.09983065051910388,3.972972972972973,Subject_8,Trial_12,0,Squat
2,5,0.010937065773772764,0.0274837924716223,28.035102026958562,27.922328920441867,0.0007553588486082258,85,201,83.58388700769055,83.3740234375,69.87609061745943,17.596724801569916,48.94307404291319,45,46.88967641347169,178.91369102642207,46.47851365343529,0.09134703219288533,5.108108108108108,Subject_8,Trial_13,0,Squat
5,5,0.016396770258789498,0.106318855925333,16.121569907324567,35.761355934419896,0.011303699117431919,3,5,24.296233737911376,23.193359375,57.299003392824154,14.169237368194366,38.782571195067845,43,49.38363962851328,160.4257943617783,44.55451550929816,0.10286441246660366,4.364864864864865,Subject_8,Trial_14,0,Squat
2,5,0.010783240272269339,0.026396613221710157,25.4828733058916,24.326990054239626,0.0006967811869537288,88,213,91.27942144850068,90.4541015625,49.44598632004578,13.944721005136884,38.69205196257,34,48.71681574979014,137.35941494868018,42.32808941999305,0.09796104595122702,4.513513513513513,Subject_8,Trial_15,0,Squat
1,5,0.008276054138374057,0.029656925299263365,10.103731483722184,17.884552993026336,0.00087953321719785,7,28,35.34528211860178,30.2734375,57.919101307359306,14.020370886879896,39.269410751700526,36,50.55105183747243,166.76250913582965,42.497648209897406,0.10613450158364876,4.324324324324325,Subject_8,Trial_16,0,Squat
1,5,0.009218766083861423,0.035060211269033914,12.998564190773365,23.65535377118841,0.0012292184129971053,2,26,46.60000564986825,36.1328125,52.699066959923215,13.64705903639494,37.71795021730694,52,43.67310647710221,149.44596603497834,39.911432245743036,0.08376768100078918,5.135135135135135,Subject_8,Trial_17,0,Squat
6,3,0.014057311673897142,0.03136656625762846,29.538717790569056,27.43987238744722,0.0009838614786380365,87,247,91.29836334447705,87.646484375,47.769434872280264,6.026925358844382,15.966229363766788,38,21.331224874596483,69.30298097919875,13.869722170704199,0.062390618447306236,3.9054054054054053,Subject_8,Trial_18,0,Squat
4,5,0.015992467959612674,0.03041908348767348,26.19451923592283,30.353704187344853,0.0009253206386749442,58,207,67.03829050672724,62.255859375,45.54337337922782,10.058986883832471,25.018881839966554,29,54.33762286382101,113.05080653196786,34.55079416251478,0.0876829034757674,3.7972972972972974,Subject_8,Trial_19,0,Squat
6,5,0.010850566893819571,0.025122168363942987,18.710774007543215,17.588768934881525,0.0006311233302728467,55,179,93.75639385958247,95.458984375,40.92575635000465,8.762926612939374,25.682525548951457,24,58.13636916526118,121.71689293106637,35.49511579735755,0.09407385046008121,3.2432432432432434,Subject_8,Trial_20,0,Squat
6,3,0.013053353254598325,0.026897860643181785,21.4388758326823,21.864366701452195,0.0007234948718734848,65,210,87.15512681504954,79.1015625,40.35150799039301,4.976755985044477,10.281170769130439,52,23.16353382688604,54.119179189837304,12.673745100057264,0.04830985255798333,3.3513513513513513,Subject_8,Trial_21,0,Squat
2,2,0.01399223165504619,0.03105773351968167,23.506552821496935,22.40156287972895,0.0009645828046684589,64,181,91.16768766755885,87.158203125,38.134261144401904,7.790833388082545,18.294498045395546,8,27.72621899514973,71.56292201540656,16.09655874130956,0.040478854943488074,3.2027027027027026,Subject_8,Trial_22,0,Squat
4,5,0.016326783902388866,0.031145696063094894,21.277769405381527,25.698357862360076,0.0009700543603446961,42,162,65.01553591394101,59.5703125,45.87621979069209,9.278215369820852,25.203499556202992,24,61.46876985736764,135.33762123856215,38.1384539213611,0.10019707019665676,3.1486486486486487,Subject_8,Trial_23,0,Squat
4,5,0.016033329642032683,0.03095836198175579,21.877198753686507,25.877794042240748,0.00095842017563407,49,208,64.05313970831237,58.349609375,52.20384199693622,9.66166049563507,27.83219676919897,12,59.21360964846181,123.90601437040374,34.031101403770855,0.09298454968317683,3.22972972972973,Subject_8,Trial_24,0,Squat
4,3,0.016385774893080202,0.032495243311591405,23.500915801208475,27.216772097406217,0.001055940836265784,47,169,68.16477625754702,64.208984375,43.07631449695092,5.1888302563269955,11.262278203311746,47,23.941286666937206,64.11627126113386,12.988354578471249,0.04380676101268175,3.324324324324324,Subject_8,Trial_1,1,Squat
4,5,0.014308221645700118,0.02906775494226056,23.70787444143718,27.643484219492628,0.0008449343638545564,51,210,67.43311719623442,62.01171875,37.36655976908869,8.729360456196892,24.653847063576563,25,52.12478889454466,117.41267436091113,32.44734729896647,0.08083174371406122,3.864864864864865,Subject_8,Trial_2,1,Squat
4,0,0.017954829104731722,0.03696076364212703,24.875635614411834,28.979094175036998,0.0013660979120344327,36,152,66.35172481066104,61.279296875,39.19350753381939,9.105407799014518,24.09988865216753,25,56.75265981249505,135.77254918029993,39.07862319584204,0.0702667777837932,3.22972972972973,Subject_8,Trial_3,1,Squat
1,2,0.06374482920757853,0.19453558631398693,55.00731835612278,95.68098864057538,0.037844094318993174,4,20,51.927992399782994,41.9921875,65.29003066727562,8.477798177822567,19.55530153626779,27,32.61576366760585,121.61720010188802,17.988686584746375,0.06477481917349195,3.0,Subject_8,Trial_1,2,Squat
1,5,0.08493444807398255,0.34102034344588456,106.99603910535919,195.00949277786395,0.1162948744586236,6,17,41.77647922654003,32.71484375,63.99314718955215,13.63880716875037,38.46614083092522,31,49.836977086694624,148.85228863034285,44.72762330975947,0.11658106015139791,4.594594594594595,Subject_8,Trial_2,2,Squat
1,5,0.04275033764050264,0.17825790321477003,57.55455184838739,96.44476171697396,0.03177588005624154,7,30,46.409822303285445,38.0859375,47.94972119055207,12.66728459284644,35.2563930444226,25,46.052080252412296,150.0805903239698,42.31601545919978,0.10182404391271178,4.513513513513513,Subject_8,Trial_3,2,Squat
1,5,0.0830428954041977,0.29690481887334724,98.25452894901665,163.76058973707785,0.0881524714696293,8,31,49.0919482088216,41.50390625,54.66736531169156,13.58331685915413,38.034169615055745,19,52.29821479482165,162.23241347962323,43.755666200310245,0.11804589204298363,3.945945945945946,Subject_8,Trial_4,2,Squat
1,5,0.08340782466576854,0.3046537110465785,100.59617266385742,168.4003980001867,0.0928138835777405,7,27,47.84510911837248,39.794921875,53.71349305893754,14.204572021980905,40.839457384657315,52,52.587749476732135,160.82063279669146,42.82783638112139,0.10818857711544516,4.04054054054054,Subject_8,Trial_5,2,Squat
1,5,0.07362418949287983,0.2685365176861643,100.70703670000185,171.02899219195984,0.07211186132342028,9,28,50.96163088181902,44.5556640625,55.47100956143038,14.070904070014377,40.36278711811149,27,48.48867755209394,172.00544861915597,44.318162414374214,0.10997051051361907,4.648648648648648,Subject_8,Trial_6,2,Squat
1,0,0.07703425464778815,0.23035222901752128,97.25752707218469,169.62942873442952,0.05306214938449977,11,25,54.407642736846384,45.41015625,56.99856172848256,10.663103414424732,30.358994153478672,32,46.12996410609649,142.38771419478977,46.7500410941182,0.09001078867780928,4.405405405405405,Subject_8,Trial_7,2,Squat
1,5,0.11324394572001427,0.392343933966605,119.76028821833947,226.37464749430853,0.15393376251532315,8,21,42.97973135680037,35.15625,65.62593263322672,13.21340974146839,34.929530666132486,39,54.39796694860176,141.1830793607597,44.76672418988124,0.1447281083293826,4.0,Subject_8,Trial_8,2,Squat
1,5,0.09241825735342062,0.36929122207361964,95.96590171922156,175.40985245679232,0.13637600669593486,7,19,42.77586285334711,32.470703125,61.2404594712618,14.276761103527708,40.137569213895844,25,55.86869717579315,146.2324805134561,44.13621278895817,0.12153086513021422,3.7972972972972974,Subject_8,Trial_9,2,Squat
1,5,0.09463918522312131,0.3772631619862766,90.81494098042658,161.07589324975248,0.1423274266026487,6,26,43.07400632320838,31.494140625,61.620563801008586,14.793919284445975,41.457875990999625,13,57.65996029311881,152.37635611590844,45.657823188544064,0.13107773836979827,3.4054054054054053,Subject_8,Trial_10,2,Squat
2,2,0.014169618597243312,0.024870315544966055,24.73799166708644,26.412169065261534,0.0006185325924023102,85,277,80.1405773523523,78.61328125,67.43973203784455,12.877179727693735,32.61876415116247,24,56.950668273302405,199.68007778894497,53.72377183897709,0.15550871921468234,3.72972972972973,Subject_8,Trial_1,3,LegExt
2,2,0.013795135092748297,0.025022290900744076,25.959327882996703,25.810697758532065,0.0006261150194830905,86,294,84.31821536948551,83.0078125,49.434034023429966,12.72232457582253,31.73877341952092,32,60.751234131884104,182.34945327765627,55.755301850336004,0.10546808067598817,3.7432432432432434,Subject_8,Trial_2,3,LegExt
2,3,0.01586030561604585,0.030215475707035606,29.285058191000108,30.10286005925503,0.0009129749265640261,84,270,84.04453895795938,77.880859375,53.43946242253574,4.613071323299567,9.358250986256701,54,51.03115674386194,201.43091999272292,52.71867634768198,0.16604571529434162,3.7972972972972974,Subject_8,Trial_3,3,LegExt
2,2,0.016250321801707143,0.03141569076976327,24.967760906286884,26.34177164056728,0.0009869456202323272,64,218,81.85044613268042,78.369140625,50.09625629712782,12.129155056364022,28.70261183027621,18,64.90277283158082,224.64929330694815,64.28856695071138,0.13679993310237226,3.2432432432432434,Subject_8,Trial_4,3,LegExt
2,2,0.010908004876269401,0.020213378779176238,19.174252476332462,20.92155335268471,0.0004085806268487144,57,247,75.73004925620276,69.580078125,46.88707794593242,12.415121862035203,30.52055648892206,45,59.212008567644865,209.94101984535803,56.93229182645205,0.12928255267329394,3.8378378378378377,Subject_8,Trial_5,3,LegExt
2,2,0.01994220844722425,0.03700587833628236,31.583102145297207,33.66244785891453,0.0013694350003433922,77,245,80.51803980301008,74.70703125,46.69099677362718,12.295206413592156,32.1925530581225,15,64.38174594137723,222.82125258152143,65.70461193622049,0.12234304367175561,3.3783783783783785,Subject_8,Trial_6,3,LegExt
2,2,0.019347489792805518,0.03772980089352986,35.43343036944714,34.3611418720226,0.001423537781394363,90,240,88.84872618947921,84.9609375,46.033764707680504,12.82138932562979,31.736150069072586,31,61.52411248687011,202.89455411409446,62.78501878869824,0.1375131728217657,3.554054054054054,Subject_8,Trial_7,3,LegExt
2,2,0.01616954341408313,0.03307324809598617,32.22657283882731,30.350232988234037,0.0010938397250619455,92,253,87.73451125967709,86.42578125,54.077331650289835,12.264327838611282,30.49920981581684,39,59.99903935907843,196.9339215217561,58.54244487174021,0.1252544244292028,3.7567567567567566,Subject_8,Trial_8,3,LegExt
2,2,0.014453914857760536,0.028614652875856725,26.523219656867198,27.043274698869965,0.0008187983592052651,78,259,84.50735703366811,87.158203125,42.52411661286652,11.416000856918238,27.502111810064907,41,57.9263441462386,191.81664982168206,56.82241721379477,0.12455340835165873,3.7432432432432434,Subject_8,Trial_9,3,LegExt
2,2,0.01673858598592857,0.03508144764756551,25.1262974681458,27.919961424528857,0.001230707880490995,48,226,66.61658419316181,61.279296875,48.77524073612714,12.5339784911492,30.80171378673462,35,65.64440812334277,189.37449238623645,57.7379590364773,0.10891842977602256,3.3378378378378377,Subject_8,Trial_10,3,LegExt
2,3,0.00983721255055244,0.016872052300599332,19.504466935896964,19.39898314968941,0.00028466614338125613,92,376,84.91077362129188,83.49609375,63.714205511275566,6.643412041101879,15.724006938022654,15,47.73784528856441,153.0373603899317,44.120308729852646,0.16876696622917262,3.945945945945946,Subject_8,Trial_1,4,LegExt
2,3,0.014624274020914482,0.05004259149897335,21.3440424815272,26.6600515401271,0.0025042605839435588,5,104,52.47720766471455,42.236328125,47.16326538197106,3.8736312612749924,7.428398862940064,40,42.576759677712715,131.01989026861298,37.28510895251124,0.12201148142499174,3.6486486486486487,Subject_8,Trial_2,4,LegExt
2,2,0.010005946471956436,0.01596535991153012,16.06863326181722,16.75996034052703,0.0002548927163603537,81,330,76.94102855519684,73.2421875,42.500078209687665,12.193407679478453,30.623738943774697,35,49.155933113956586,174.2806028486596,42.438767463612955,0.05445570109281059,3.3513513513513513,Subject_8,Trial_3,4,LegExt
2,2,0.012753514031037971,0.02403159392374094,22.906893824936397,23.428205275016754,0.0005775175065030626,82,265,79.12466614101874,74.21875,44.43474920170881,12.626164116290909,31.026490625255256,45,51.78739277228672,153.9025615371329,46.194258100786094,0.08015281773810509,3.675675675675676,Subject_8,Trial_4,4,LegExt
2,3,0.011180375852703614,0.021469228457629937,22.327258748200528,22.506096591492373,0.00046092776985461764,81,302,82.58828157545129,81.298828125,48.29838346450572,4.552649810923071,12.565397353938586,23,43.94073129378295,133.53811251635204,40.865626227409024,0.1285821393408483,4.027027027027027,Subject_8,Trial_5,4,LegExt
2,3,0.01334740550636807,0.02112251450880609,18.2219512449647,18.566241059357985,0.000446160616911949,82,268,80.44710832250436,75.439453125,45.048271889446525,4.550153320010832,9.2062772372649,26,56.6295808056147,167.16360819892853,48.11570397333966,0.1590832267336032,2.7837837837837838,Subject_8,Trial_6,4,LegExt
2,2,0.01074054557218413,0.016849848205697363,14.084602393706394,14.650104160459154,0.00028391738363188273,78,283,78.99080252193434,73.73046875,42.68667296161588,12.53710774348379,31.152741368964378,9,52.99707106875441,144.2054960822805,41.82991343454888,0.0808041697579904,2.72972972972973,Subject_8,Trial_7,4,LegExt
2,2,0.017339296733072534,0.029292314838476427,30.20454693915043,29.390107962557945,0.0008580397051592149,83,313,86.26201712292374,83.251953125,42.342022518218435,12.769651584350328,33.93952421237836,22,49.468636580452305,137.50882132929942,43.81741470712861,0.09226276773514272,3.391891891891892,Subject_8,Trial_8,4,LegExt
2,2,0.015034768021462648,0.02493551809505139,25.704420156381225,26.40105264568841,0.0006217800383351003,90,331,79.30821033321955,76.66015625,41.049798748014325,12.163444038351857,28.452805537350695,16,48.29206376449621,168.4640798450689,45.23808241156301,0.08959050970390353,3.5135135135135136,Subject_8,Trial_9,4,LegExt
2,3,0.010723976845923334,0.01726406854442363,19.529038682082774,20.1289045397981,0.0002980480549355671,95,365,80.86247186039573,75.927734375,46.706846010394344,3.834762647567613,7.409115364688628,49,43.12616405367023,146.61430704318823,40.24769623028487,0.1221869249059978,3.7567567567567566,Subject_8,Trial_10,4,LegExt
2,2,0.010643384118560556,0.01639360235596752,14.003742412094907,14.453715633005235,0.00026875018988961765,74,297,81.09976014448743,75.1953125,41.801054580243914,11.993940748523272,29.393297497740512,9,57.944501493322136,159.99624072448304,44.31167783976162,0.07672445068699996,2.7162162162162162,Subject_8,Trial_11,4,LegExt
2,3,0.00954195348578844,0.014464406511645612,17.974007719126476,18.234673111341706,0.0002092189795793308,105,419,82.40885141997404,77.880859375,40.31475428195484,8.860758823450208,22.929149042542736,18,42.443396910733235,133.26399963874033,38.028807686282704,0.09577537549660983,3.824324324324324,Subject_8,Trial_1,5,LegExt
0,2,0.009185347224906474,0.014030151063718247,14.349533947429542,15.385456601718344,0.00019684513780789256,78,328,77.69091285476209,71.77734375,30.617417821683425,8.295730038973122,21.153412465069835,12,54.837248537794565,130.5554186388801,40.865412271181754,0.07806479703728961,3.3513513513513513,Subject_8,Trial_2,5,LegExt
0,3,0.008973740536580524,0.0147666911723063,14.509267420540738,14.663092036772577,0.00021805515689980395,82,318,82.66340808875421,75.439453125,26.7158314546017,6.469820368093853,17.08461624978615,26,47.66541321348665,140.2295705287528,46.9289471849558,0.05464385602341049,3.27027027027027,Subject_8,Trial_3,5,LegExt
0,2,0.009838800571588549,0.01657758305417306,17.789330224897267,17.670485826573035,0.00027481625844067266,86,324,83.76442731411561,82.03125,31.33351417171299,8.63421565213582,20.789006126593954,23,51.521988609896866,149.08009432652378,43.87326593807915,0.0843882481256067,3.5945945945945947,Subject_8,Trial_4,5,LegExt
0,3,0.006966567470899379,0.011401210256556639,11.294027747900822,11.808331863174448,0.0001299875937256276,74,296,79.65905783958162,76.416015625,33.014934769938584,8.882542059328376,23.01384241067165,16,44.6206693139823,127.61448350147927,36.452469535568405,0.09367734410981521,3.391891891891892,Subject_8,Trial_5,5,LegExt
0,2,0.008564299588113965,0.013470771499660535,13.744907744950009,14.51648780185317,0.00018146168085036378,94,316,78.70468025638884,78.369140625,32.43509429851577,7.07346539313347,18.105050732176846,28,59.13791690387725,165.15630817819903,49.66795892588961,0.0922989251029895,3.391891891891892,Subject_8,Trial_6,5,LegExt
0,3,0.00756568139755978,0.013221984774595491,17.183237700005584,17.47672402836309,0.00017482087877121715,106,390,80.50633557063365,74.462890625,32.48456025122429,8.34553753383298,22.3414741607804,15,38.09732239411528,126.04160646633201,34.400213299884825,0.07132747562108702,4.621621621621622,Subject_8,Trial_7,5,LegExt
0,3,0.008495541652816225,0.014594767493551049,16.732637872257083,16.81267693092331,0.00021300723783811357,103,345,81.59574254963418,78.125,30.806992955599267,7.633952031229779,21.569349085498594,35,44.035953977141766,143.0561563908604,42.441693693852734,0.06835735999849651,3.9594594594594597,Subject_8,Trial_8,5,LegExt
2,2,0.011088191951790862,0.016544615631492097,15.380086022853824,15.057764670531991,0.0002737243061157986,73,332,82.79105766422023,79.1015625,32.52849837194314,6.592965450843287,19.418642211908693,3,62.366796541302094,145.66293431522934,44.611600223581355,0.10686944451258638,2.7162162162162162,Subject_8,Trial_9,5,LegExt
0,3,0.00984842533802485,0.017984667468636466,18.51152191023155,18.889279798331664,0.0003234482612123298,79,278,83.2929406451606,82.51953125,32.77062254566705,7.316663964085269,20.345750809216376,24,44.36331590147451,139.73447110136323,42.40523416792814,0.08193973988139079,3.8378378378378377,Subject_8,Trial_10,5,LegExt
2,1,0.007629507459451858,0.013339686379329503,14.885493899947358,14.785985456417702,0.0001779472324509821,110,349,83.31130137867194,78.857421875,28.50661696520936,8.44240388654646,19.73880162481829,95,27.029589272671974,124.72066070825261,20.39087132052163,0.051862742259425894,3.8783783783783785,Subject_8,Trial_11,5,LegExt
0,3,0.007973818856789331,0.01431340363667095,15.533426089448568,15.939663894721871,0.00020487352339098626,104,332,81.17426809079895,75.439453125,34.885547674792484,6.127576873679271,17.336762062417094,10,42.461953345754026,141.49807118613055,45.7643440838431,0.05155764143560841,4.0,Subject_8,Trial_12,5,LegExt
3,3,0.2257776787511575,0.5026381938285842,462.1955634258619,999.7435615101255,0.2526451538855507,20,83,35.96214780179774,30.76171875,162.65974002876663,19.61202839009759,46.606777917588616,117,118.65449644087387,384.57828428493974,97.0103922689776,0.37535335418450133,8.864864864864865,Subject_8,Trial_1,6,Walking
3,3,0.10336546881666003,0.2278786225598388,294.1364142467211,655.9572651105245,0.05192866657591845,21,99,36.09020448406577,28.80859375,128.49754800678812,15.74776408396576,75.7380944785355,11,86.79173550660099,349.57145876830907,81.26393180802059,0.2637564021567667,12.702702702702704,Subject_8,Trial_2,6,Walking
3,7,0.0673097137367769,0.15069258593213414,223.8217500683212,505.2940210219841,0.022708255452266853,22,87,34.2597879338231,28.564453125,109.7636459996327,12.883028730904556,32.735104202346236,69,80.26573941336392,316.3715107698691,64.70770124303084,0.23856925798833598,15.027027027027026,Subject_8,Trial_1,7,Walking
3,3,0.02825292905985703,0.06396715061943489,103.4101866778031,224.30000380620496,0.0040917963552360255,24,85,33.002082780243626,27.64892578125,128.5150859489,12.540979872777278,30.82036194778367,154,67.35903761822905,275.35473202279144,58.597983935173026,0.19705691601499375,15.891891891891891,Subject_8,Trial_1,8,Walking
3,7,0.03533323136811988,0.0801486358838239,128.15570423002603,279.80385920414136,0.006423803818902569,17,81,35.01918412618581,28.9306640625,110.1743132648655,13.578001801402564,52.4008538085167,21,78.44814627375035,310.16294781889883,64.63324351998128,0.2324527725078423,15.85135135135135,Subject_8,Trial_2,8,Walking
6,4,0.010607232187240497,0.01833250685147018,14.45442104548286,14.181869434340545,0.0003360807723463571,77,235,85.8744781223923,81.54296875,42.26831090880741,8.304994318226488,20.584405108460203,15,72.31597717581664,226.80315494162497,54.581187828169114,0.08106353576603609,2.675675675675676,Subject_9,Trial_1,0,Squat
6,4,0.008776390656607772,0.014442096060224827,17.180621871754013,16.833117279373706,0.00020857413860068667,110,316,91.12535625633767,92.529296875,49.924580900702175,7.559383261878011,17.694129404392413,36,52.47999313530728,219.87110444736658,47.33521573748506,0.05759458647845418,3.8378378378378377,Subject_9,Trial_2,0,Squat
4,5,0.010192927444179519,0.01614474819015533,12.900228208782432,16.380034402796486,0.00026065271304118187,45,228,63.67934410694954,54.443359375,62.09199714565286,11.072822848313058,25.102258207689857,24,59.7799724332375,213.8785364447383,54.07995837246767,0.12124397229137958,3.2162162162162162,Subject_9,Trial_3,0,Squat
6,5,0.015111458824707782,0.027023031680746715,32.034490916095045,28.983778025789526,0.0007302442412031264,126,376,95.48178296278383,101.07421875,47.50258551192776,8.086149044903642,19.5171948011831,21,55.34464602416906,158.8701793453457,39.15342287816374,0.10521744132383824,3.8378378378378377,Subject_9,Trial_4,0,Squat
2,4,0.010056811655326693,0.02237418739077652,21.398325089485876,22.004303901854804,0.0005006042609682428,76,273,69.95791156434127,66.2841796875,45.36885940679045,8.819039108004066,21.175627078561483,30,48.24316864694157,193.62221954726158,44.21456481856154,0.05313277577003539,4.378378378378378,Subject_9,Trial_5,0,Squat
6,2,0.00944414505194634,0.017677679362308615,19.284698348925964,18.81273694347711,0.0003125002328306662,84,291,85.25958920662491,87.40234375,41.24817247448604,6.7548931214346375,14.615398588706826,19,24.926811112697678,76.74012848541521,13.718671909063357,0.06686588181262842,3.9864864864864864,Subject_9,Trial_6,0,Squat
6,4,0.01109438058727976,0.01966127137032463,19.091689223533493,18.660748147804558,0.000386565585523398,87,291,88.83671672911065,91.796875,46.00823510099921,8.281007519783666,20.30275517266516,15,64.20166216176327,242.8128954646346,49.5955227527642,0.10291769722538086,3.364864864864865,Subject_9,Trial_7,0,Squat
6,5,0.011660698115823064,0.021374627238040175,18.86630338242301,18.587152796621965,0.0004568746857353412,71,249,87.49813233303134,86.181640625,43.68026914129113,8.305214328994962,20.069966836488515,18,58.17339118283345,159.9020108838362,46.39586031102192,0.08878598324106755,3.189189189189189,Subject_9,Trial_8,0,Squat
6,5,0.009379973916083036,0.015819885287886134,15.767008386184436,15.580136674613922,0.00025026877051316596,90,285,88.95208301247924,86.9140625,39.84097621491956,8.091348737088923,20.72472745472488,7,56.62277611198853,176.47785441067836,44.054601593828494,0.08886058242492592,3.324324324324324,Subject_9,Trial_9,0,Squat
6,5,0.010364963282044625,0.01830076407471655,16.234213096592917,15.816933968400098,0.0003349179410091424,84,243,89.9142832817186,86.181640625,48.057391431547806,8.19719354057063,20.0493151249424,9,60.16264721116119,180.43652591430066,44.84752654497886,0.09599859994187532,3.054054054054054,Subject_9,Trial_10,0,Squat
6,5,0.009403017258700954,0.01637363178566817,15.144103369600252,15.496172442339173,0.00026809578938709767,78,245,84.70294037170062,78.857421875,42.411311512818536,8.303640126752343,20.545874441942583,21,57.67348045110004,140.03680588898632,43.936762411176346,0.09110048834512627,3.2972972972972974,Subject_9,Trial_11,0,Squat
2,4,0.019976239019839317,0.044237965093814245,37.72554324828731,44.78672788247975,0.001956997554192312,59,192,69.30192114062771,59.814453125,49.26303852466228,7.932594969812147,19.91254193005443,34,41.613968550616555,138.37928683286765,33.80966238685337,0.04890845709260795,4.486486486486487,Subject_9,Trial_12,0,Squat
2,1,0.01671132878305024,0.03934187544068201,35.165232693052,42.09583720450355,0.0015477831376422581,61,187,72.17572600897311,67.3828125,34.091757181848266,6.7794431721676975,17.57013627839074,24,34.16155137786342,120.96060537326541,29.843450890860865,0.06693656479267507,5.04054054054054,Subject_9,Trial_13,0,Squat
2,5,0.025068283427483743,0.050358057549260926,58.31784517770116,63.14700595383155,0.0025359339525258266,85,326,77.09325853166432,76.0498046875,110.61307562374549,4.786099725914006,6.614395502311947,104,42.02482099316247,391.76635154319007,47.56985696869801,0.1295046186519453,5.04054054054054,Subject_9,Trial_14,0,Squat
2,4,0.029177154288070422,0.05510175762576731,60.61839355953648,65.82366007388687,0.0030362032001438437,97,345,74.18892281656564,69.091796875,44.30587818797347,9.91769766080772,26.472635411856135,74,43.49548644274806,119.82240151307282,32.63350397159103,0.040927880387553746,4.513513513513513,Subject_9,Trial_15,0,Squat
2,4,0.024834485351511858,0.05544707626907814,49.539255047375974,55.356067848519935,0.0030743782470224147,62,195,77.28689520495132,72.021484375,54.90023417744965,9.061070263548519,23.38921768658109,58,40.61106967733184,173.99957271139715,37.93697699008408,0.05504637714604211,4.45945945945946,Subject_9,Trial_16,0,Squat
2,4,0.021720451535282348,0.049860180219626626,44.33414487159984,48.69725234210302,0.0024860375678069147,83,191,78.13603741189128,76.2939453125,43.482291426620954,8.71853521769699,23.15734082721118,60,38.57185768170916,124.9240914585449,31.889578494377123,0.04046897951121322,4.486486486486487,Subject_9,Trial_17,0,Squat
2,0,0.018944519734365214,0.047867697063504286,41.75727692031529,48.10013560555328,0.002291316408671083,58,198,73.95788970517363,70.068359375,45.93226883102936,4.991560000273982,11.510864632977293,104,30.582901359490616,150.79122000292247,39.05342403982816,0.03749926598036636,5.081081081081081,Subject_9,Trial_18,0,Squat
2,0,0.024397015115750535,0.055306336220415704,42.095752859353944,48.11091380826006,0.0030587907596960786,56,181,74.03486473671256,66.40625,42.67497103432193,5.5362108811778326,13.080860776091306,67,39.697679693222085,165.609764634756,41.797751061162074,0.043157895620067215,3.945945945945946,Subject_9,Trial_19,0,Squat
2,0,0.024964778560083164,0.06061316321564036,46.75088387559494,55.64649141042537,0.003673955485927286,57,179,69.57112808021962,61.03515625,44.85219159143289,5.590927347216927,14.680865776687202,42,35.32368667588723,128.50421775800268,35.15468352173307,0.0398905563417631,4.45945945945946,Subject_9,Trial_20,0,Squat
2,2,0.025049662961046052,0.05633324731882904,47.803467503375245,55.83569874017165,0.0031734346618224815,65,223,70.08090951614794,62.98828125,38.322167477868085,6.044230552082162,14.894691037314987,50,22.969438740785836,98.4280403943234,18.006604927622156,0.03451106398701135,4.45945945945946,Subject_9,Trial_21,0,Squat
6,5,0.009466767175614694,0.015455711767547231,21.586930906137106,21.80196480544064,0.00023887902352073693,129,427,85.42341354548304,86.5478515625,61.80724642573852,9.189460014729116,21.695466161910016,17,43.572008683010864,137.0404809580741,32.17628305239595,0.07245487101729477,4.608108108108108,Subject_9,Trial_22,0,Squat
6,5,0.010247149924663536,0.017802539292377493,24.834239620071415,23.322513228534206,0.0003169304039570285,111,432,88.25978992527062,88.134765625,35.301155691686745,7.575708911717549,19.838610556371865,33,41.880015412645626,116.96097280795932,31.268889318799232,0.058838494215869154,4.554054054054054,Subject_9,Trial_23,0,Squat
6,5,0.011389847029283565,0.020644866042223625,27.117961770619374,25.843562909444408,0.0004262104925461224,115,424,87.27492934930441,85.5712890625,52.6497800866898,7.7747488058323,18.004901583285772,15,42.399924874746894,177.65797302980988,34.30081603534467,0.07726550361410876,4.54054054054054,Subject_9,Trial_1,1,Squat
6,4,0.008499705585354215,0.015156647556005666,28.5333135123443,28.066027842839617,0.00022972396313515806,152,545,88.42389368021868,85.693359375,44.99228412061045,10.97461436671989,31.281203756760696,27,35.29526308594563,121.94549938812122,30.224019339420867,0.03628670449524353,6.608108108108108,Subject_9,Trial_2,1,Squat
3,5,0.007620322314932535,0.019894757783653457,12.057448461091266,17.64866648138375,0.00039580138708452675,7,131,40.83669011779972,31.3720703125,46.55215714791832,7.348079099410651,18.320808277526616,37,42.009767279550736,155.18054676695175,29.444512557306414,0.06133949779732861,4.635135135135135,Subject_9,Trial_3,1,Squat
6,5,0.01425753681186297,0.02449070458810391,34.26928232308235,31.86559477451374,0.0005997945768674074,131,467,91.83822212647102,89.599609375,51.32211223975849,7.986965182765433,20.1789001492797,12,45.00263234726482,203.39596145183836,29.852406984844183,0.07033238346859262,4.472972972972973,Subject_9,Trial_4,1,Squat
6,5,0.014784213323196661,0.025029222627980907,36.19386911929649,33.6488695235956,0.0006264619783919448,131,506,90.92034992353913,88.623046875,41.67211984154691,8.055255412599516,19.056950357364283,19,42.257963549729055,135.0087937478098,30.29524462764026,0.05977812342071224,4.554054054054054,Subject_9,Trial_5,1,Squat
6,5,0.009657289622582428,0.01754182306830671,22.28113590408285,21.323295486662,0.0003077155472052206,100,387,86.84144483036289,83.740234375,43.10190579849906,7.553383739594959,18.40890519605084,36,41.229882069980185,110.7869886542178,30.078973987201305,0.05366669532380138,4.418918918918919,Subject_9,Trial_6,1,Squat
6,5,0.011754825557328758,0.02084179062817842,25.911602641973143,25.954654830581898,0.00043438023651498,102,411,84.18982724112703,82.1533203125,44.4200280124132,8.330231890757766,19.954063263793433,16,45.969289939350794,169.01218964283083,29.901007328110964,0.06282967303244578,4.418918918918919,Subject_9,Trial_7,1,Squat
6,2,0.009944999698781858,0.016432293744730837,23.759934268531524,23.241464296053202,0.0002700202776777777,120,495,86.44930009703926,84.9609375,53.04602249725066,6.161474201911317,13.704771860159385,31,23.018066815144326,88.69725629235964,11.49629989098335,0.1361977978976145,4.675675675675675,Subject_9,Trial_8,1,Squat
6,5,0.009387662585536437,0.016940588877210283,20.957955232785746,21.1785667929702,0.0002869835506635911,105,367,84.10111232553767,80.078125,42.79528662996628,8.604729001384808,20.629632762254996,34,42.90049021130778,120.72883496159321,31.009450476978564,0.061782091908688275,4.513513513513513,Subject_9,Trial_9,1,Squat
6,5,0.010362145626836435,0.01934936501383202,24.533635294895788,23.7189513398286,0.00037439791242994134,118,365,88.27032789223041,84.1064453125,39.82452762943379,8.3701591899906,20.049199315694263,25,43.47437537708394,141.10502163356597,33.30414905760011,0.06031122953232779,4.581081081081081,Subject_9,Trial_10,1,Squat
2,6,0.024915893076375553,0.04813020073977865,44.50244851099408,49.85670204582748,0.0023165162231142834,73,238,74.832871174482,67.87109375,34.33513619042196,7.251194498140158,17.219371343365953,11,16.910816297485695,68.09315414250106,15.006799561419939,0.039880517839721547,4.0,Subject_9,Trial_1,2,Squat
2,0,0.016353878328500503,0.03185291692581014,29.21124489398325,31.59569293066297,0.0010146083078906582,73,248,79.61623376744542,71.77734375,52.151178709677545,5.400468626737263,11.185833116138284,28,39.51056362941914,213.21758275639922,38.21931192042955,0.045646445718497235,3.864864864864865,Subject_9,Trial_2,2,Squat
2,1,0.01832459752377466,0.038078133952072546,35.64998431778726,39.727727431543464,0.0014499442599837143,72,241,76.08696190337419,76.0498046875,35.120345767348354,7.039831986499497,17.726858458512947,37,36.70021905587672,149.3907503144889,29.52421679795776,0.0643167655748048,4.337837837837838,Subject_9,Trial_3,2,Squat
2,6,0.017153050671942706,0.03823454833015858,32.41728068341346,38.457139606495545,0.0014618806371472456,61,174,71.31504432813468,66.2841796875,43.15607210772761,7.5720968763192555,17.272395511256022,50,17.05040901992669,83.5442058591024,15.725945617585072,0.03698260038934257,4.486486486486487,Subject_9,Trial_4,2,Squat
2,0,0.014762674834377626,0.028675108765425884,28.715091388775726,33.49650919920283,0.0008222618435815633,77,246,70.2508420330485,65.3076171875,34.88010679376333,4.207130613868568,9.794756479442048,59,34.71166056583998,164.7224447082654,33.562014263099634,0.03622644279804844,4.54054054054054,Subject_9,Trial_5,2,Squat
2,0,0.015514534705821812,0.0336197444572777,32.6329792108462,35.62137168456688,0.001130286959370533,58,232,76.51212471692746,78.7353515625,43.24442417719831,5.249787731172914,12.503216976952814,57,35.544103899152724,166.13146452148573,37.34866160583487,0.03940896092087051,4.594594594594595,Subject_9,Trial_6,2,Squat
2,6,0.013594570590453207,0.027214782322799155,27.579056929143484,31.213134075680564,0.0007406443671103292,76,224,75.00459197738229,66.162109375,46.30972179782056,8.182919055158482,16.16465027958911,32,22.352999424466034,71.9898406690912,17.529062960973974,0.07189402682535634,4.594594594594595,Subject_9,Trial_7,2,Squat
2,4,0.014786523622923332,0.02911083759191678,28.148909579763995,32.35291368695625,0.0008474408637586747,66,250,73.13457526069455,68.4814453125,42.75421270341282,8.54675056883346,20.335291558735218,39,45.645212920737364,130.1673471878839,35.971939215117544,0.06663808238335481,4.378378378378378,Subject_9,Trial_8,2,Squat
2,4,0.016390253366948188,0.03343930047412091,31.95275296936478,36.09133791401991,0.0011181868133709914,68,235,77.61044503097676,78.61328125,47.463891447807214,8.709720488112458,21.35666775024496,65,44.90150037653786,152.18784414334317,38.43808179383855,0.0559489739045314,4.405405405405405,Subject_9,Trial_9,2,Squat
2,4,0.015463118996212293,0.029776220373669674,29.129639554144347,30.601512493504128,0.0008866231849946305,96,253,81.42082327432047,78.61328125,41.55587226181282,8.400334520016344,21.21260105040809,44,45.967170388694335,144.49297849456454,36.93296551983025,0.04455483972636263,3.9594594594594597,Subject_9,Trial_10,2,Squat
2,2,0.011403880407221314,0.022802889200924617,17.93454667712058,19.1014996820957,0.0005199717513854702,56,252,70.81227328389305,62.5,83.25074253020756,23.784477771902807,56.57843419495187,17,71.42566168239561,238.59514877381127,76.43894917991868,0.133976956329519,3.3513513513513513,Subject_9,Trial_1,3,LegExt
0,2,0.006330939466140835,0.010599861563591662,8.566982207764358,9.31914289415931,0.00011235704887925445,52,227,75.50139648516459,71.044921875,72.01996676279478,21.83270940213713,52.730614384556254,34,77.98544743947089,220.69995986132554,73.51075997655822,0.11085120210906131,2.945945945945946,Subject_9,Trial_2,3,LegExt
2,2,0.010390066007533215,0.0161799936472149,17.037046826738987,16.696836074105878,0.0002617921890164182,77,379,80.86681501095882,73.974609375,75.63571254748177,23.945678679316963,57.75892794370377,14,76.2478908920092,281.18611955680353,86.71832363787911,0.1672472351631927,3.2162162162162162,Subject_9,Trial_3,3,LegExt
0,2,0.0071015229972829,0.011899280221684691,10.685835110319566,11.41214745663362,0.0001415928682524377,79,264,78.85086526936895,68.359375,75.61721442096898,23.81514630491,59.75458256404532,8,75.9879677613369,265.2921356962629,80.8467183139256,0.1419672123048731,3.2162162162162162,Subject_9,Trial_4,3,LegExt
0,2,0.006445718445953164,0.011195890297571271,12.328986357808027,12.839871144338701,0.00012534795790577382,94,327,77.8945372324113,69.82421875,68.08338236987953,23.35628555093471,56.28187394388674,13,62.592092924578644,216.9115415292192,65.99339833835583,0.10870853183627992,3.9864864864864864,Subject_9,Trial_5,3,LegExt
0,2,0.0070021635729111634,0.012323711737764647,11.229079125270271,11.868667256084422,0.0001518738709597247,80,266,77.53837781687507,73.486328125,76.48454002874988,23.096642255371346,54.652058297214865,25,70.74369591390425,221.91107960573717,73.01199901015576,0.1336287399589778,3.391891891891892,Subject_9,Trial_6,3,LegExt
0,2,0.005689592122991624,0.01084000064391738,9.663987867841403,10.337988887475781,0.00011750561372798363,71,218,76.5043598690865,72.021484375,71.44564625314193,22.222887823184887,53.319542301505784,42,66.57600715471526,211.11999758055066,70.19162506859925,0.11419791734035409,3.635135135135135,Subject_9,Trial_7,3,LegExt
0,2,0.007760740122223261,0.012916498283732949,10.122285178254144,11.11337985502371,0.00016683592766575535,66,215,76.00917807431506,69.091796875,66.07553018862951,22.63516304792075,56.25742573761956,8,79.32156272792284,218.0685287477151,71.0797635336234,0.10026544361801677,2.864864864864865,Subject_9,Trial_8,3,LegExt
2,2,0.007458243742932438,0.013214736485290963,12.562440017664093,13.395005762306658,0.0001746292599754186,74,314,75.10838364323514,71.77734375,63.164646673497344,21.77534120216585,53.325062889808606,38,66.1571866133848,213.19056533546825,66.20407451710854,0.09679830624926895,3.5945945945945947,Subject_9,Trial_9,3,LegExt
0,2,0.006076256609889873,0.01201911264977845,9.9645503149281,10.384322546301794,0.00014445906006053166,55,202,81.57714222445343,81.787109375,61.48412653246395,21.1301323645608,53.84829501915461,11,67.88747791550252,231.44480429031412,70.37026312786001,0.09831628805214712,3.418918918918919,Subject_9,Trial_10,3,LegExt
2,2,0.005934981105862164,0.008634583058964302,9.216593478456577,9.537514637120498,7.455595344844965e-05,77,424,76.62862157232198,73.486328125,60.03573081236125,21.74903437709816,52.57319963916123,20,62.331313900560716,167.00638386647603,53.27633642320761,0.06037417912853957,3.2162162162162162,Subject_9,Trial_1,4,LegExt
2,2,0.004537603838155356,0.007112738206918809,5.6914746395538796,6.0667763316137115,5.059102035713996e-05,59,266,72.89387217257384,71.2890625,57.71097598710322,20.334067992873667,52.76925595518249,16,67.06792081859466,191.14737662800601,60.08559521778389,0.07956261263756746,2.675675675675676,Subject_9,Trial_2,4,LegExt
2,2,0.005637230223184728,0.008228699114085776,9.441972325367384,9.481821235396712,6.771147032715681e-05,92,437,79.6617829155113,74.21875,50.37260515521827,19.951171991575908,48.59001848886093,22,48.97110536628051,175.50132663696795,49.38033144244551,0.05280690262645806,3.364864864864865,Subject_9,Trial_3,4,LegExt
2,2,0.006393037469003925,0.009638380683634106,8.809367973803928,8.76485437000438,9.289835663602734e-05,74,351,79.85965477910085,76.171875,57.49533139261313,18.921244713606107,45.61552011902055,18,59.85556400548146,186.95749520897684,56.18266645963238,0.09262081455683849,2.7432432432432434,Subject_9,Trial_4,4,LegExt
2,2,0.0045047758939427696,0.006367536286070133,7.182000654948132,7.72569065811185,4.054551832495042e-05,81,437,74.74212676092118,70.80078125,58.60743778859771,20.215980474788854,49.53313902598898,12,52.648000958555826,186.34624256125278,54.572244364909366,0.07367333844758807,3.4324324324324325,Subject_9,Trial_5,4,LegExt
2,2,0.00548189085193443,0.008106572370734397,7.171089592624488,7.554045593965644,6.571647229428207e-05,74,314,74.83071177805404,72.021484375,56.2656609288483,20.31243439592848,51.93169597359616,17,63.92733587307195,174.41886653156968,56.3778393981679,0.09092843149075151,2.7567567567567566,Subject_9,Trial_6,4,LegExt
2,2,0.005986509462829051,0.009594324530172916,9.269796362826668,9.704131839245893,9.205106032259942e-05,63,310,76.46865289081973,72.75390625,62.537090018309186,19.019350519028603,47.452379272609264,4,55.63670194642259,173.12068966413025,55.08448493706765,0.07908022495698327,3.2432432432432434,Subject_9,Trial_7,4,LegExt
2,2,0.0045349171028757785,0.007328203610892135,6.7234835487852465,7.627730567037059,5.370256333332054e-05,46,324,60.81421462382747,56.396484375,63.8371951838385,18.738338983429383,51.74581764370746,23,58.34516352012366,172.49364537114243,55.49560406740709,0.10324469959095386,3.364864864864865,Subject_9,Trial_8,4,LegExt
0,2,0.005190455377048494,0.008368728321193114,6.325813955899928,7.219923429474456,7.003561371091088e-05,54,206,69.36993109372968,68.84765625,56.93707153205046,19.01127693511654,48.45852263332954,5,60.22924626992262,189.98496828671168,57.81310703623093,0.08621262420706374,2.7837837837837838,Subject_9,Trial_9,4,LegExt
2,2,0.0042291888539311775,0.006315332882017555,6.821450627112038,7.198079429390864,3.988342937928598e-05,78,385,76.88264574499392,69.580078125,58.525481626524616,19.86831621529633,53.061117210327374,15,56.46010334976416,146.627696975158,45.821233222427324,0.07234420437370981,3.4054054054054053,Subject_9,Trial_10,4,LegExt
0,2,0.007368343415067688,0.01056015376579913,10.838746192514371,11.944084675824723,0.00011151684062792404,66,391,71.9986968210201,66.162109375,34.071594056902505,10.520524218906738,29.567109138981113,14,52.61026936836879,156.57301707279117,45.57018643774608,0.0685582875780391,3.2432432432432434,Subject_9,Trial_1,5,LegExt
2,2,0.010599005956268136,0.01609245729557968,21.399703237694055,20.76345266832928,0.0002589671801988509,132,484,81.68255601679623,78.857421875,41.62425168377215,10.570997949237425,25.0240749475884,36,43.64041563157483,164.95477291628094,43.12686081544401,0.06719847591877617,3.918918918918919,Subject_9,Trial_2,5,LegExt
2,2,0.010699698735200122,0.015897890286960367,20.083876606198434,20.885811931110638,0.00025274288742180875,103,463,77.48461141415257,73.486328125,41.16166667790465,12.446981330144116,36.26079853609048,20,49.364318504010555,165.010818626605,40.658009317740124,0.06018603229606793,3.9054054054054053,Subject_9,Trial_3,5,LegExt
2,2,0.00871455111023937,0.012939944380194081,18.323517512463724,17.890973429321427,0.00016744216053988446,128,555,82.32767103178462,78.9794921875,42.7586230193592,12.46902374858809,32.12357094634242,16,47.6316895026031,144.88653757077347,39.64254328397469,0.08044359136475708,4.108108108108108,Subject_9,Trial_4,5,LegExt
2,2,0.01166496202147982,0.01690911305345963,21.73975138513252,21.34688049930807,0.00028591783347156526,102,464,81.81229789036944,76.904296875,52.39174691718503,14.0542348517658,38.97272492147781,9,52.11614380137538,144.6714505072179,41.834985047048235,0.0888813268136058,3.6621621621621623,Subject_9,Trial_5,5,LegExt
6,2,0.007988573467841115,0.012609689966821486,16.280067902346282,16.40054132947781,0.0001590042653236082,97,432,82.05955570455765,77.0263671875,40.13700628679309,12.864720795025262,32.470930910630095,18,44.67166601963487,138.3531829570214,38.05745329251794,0.06707077551649573,4.108108108108108,Subject_9,Trial_6,5,LegExt
2,2,0.011238027109667202,0.016461507824280363,19.348749236687777,20.869016342651992,0.0002709811826368593,97,424,73.99539781710577,67.87109375,29.331021581339602,7.978604742880812,20.30342662312661,20,43.74796922851523,158.9809309976868,40.16652195799378,0.06253022747339172,3.7162162162162162,Subject_9,Trial_7,5,LegExt
2,2,0.010014352447258252,0.014549291933556521,19.255099439545454,18.596652494558572,0.00021168181915738878,113,497,85.0115881484115,82.275390625,50.021632028731645,11.820173800585186,33.08018336982406,12,48.09796436478939,123.1354479987174,31.67767967703052,0.06458718771028148,3.7162162162162162,Subject_9,Trial_8,5,LegExt
2,2,0.009247311239219305,0.014803910830963742,18.284201899590766,18.614837524548463,0.0002191557739758154,111,402,79.5558687873296,76.66015625,42.92009950866394,9.860518056198803,28.179717268413107,21,45.60187903629557,132.85649921781564,34.281237060357796,0.07473197861718626,4.027027027027027,Subject_9,Trial_9,5,LegExt
6,2,0.007953432713683609,0.012615208970451442,17.58609016979767,17.672527489804978,0.00015914349032720835,117,415,84.8783151897801,84.228515625,47.555050345831475,13.34149661298595,33.080726203855654,20,45.58556926642882,141.9644302354459,39.139919396151384,0.06363382153840397,4.445945945945946,Subject_9,Trial_10,5,LegExt
2,2,0.00996606588963529,0.014397733738799304,19.37629277526343,18.70630567484544,0.00020729472353104008,125,506,85.06410543859496,82.51953125,46.30013941191709,12.152420856856455,34.04376378378768,33,50.41476301670276,145.6765213051853,40.40567385538928,0.07060291080983461,3.7567567567567566,Subject_9,Trial_11,5,LegExt
2,2,0.009919845053185628,0.014218530780549927,19.202628443723437,18.619549164829422,0.0002021666175474387,135,512,83.50564527620801,80.322265625,40.2320439618866,11.317100113926763,31.589139022423232,15,45.21076531876015,117.44345063819378,33.1226240319528,0.06606912555829221,3.7567567567567566,Subject_9,Trial_12,5,LegExt
2,2,0.010717186441333194,0.016826188192240063,21.005649834124455,21.209311967398392,0.00028312060901795823,112,433,79.85169527187752,73.974609375,33.60662123141727,10.290416102374433,26.295846514869996,23,44.90255448708515,142.2797260800498,34.711462893315954,0.06281887680105261,3.9594594594594597,Subject_9,Trial_13,5,LegExt
2,7,0.01993627391404242,0.030218311447052167,96.32406817656202,99.46207055715763,0.0009131463464340491,246,1125,79.0619595549125,75.74462890625,157.3018093698298,21.02878671765512,52.26299460050881,41,125.17226400912756,362.8259095620026,90.66551722414572,0.3863868783851175,9.986486486486486,Subject_9,Trial_1,6,Walking
2,3,0.020658584588306623,0.03175933349916236,140.95094238060503,140.9948398151927,0.0010086552579922044,380,1558,83.33812431898501,80.9326171875,155.0739629598948,11.735753054988221,24.19143578313068,174,89.77775986204566,316.5105782942603,73.14482098554225,0.20508093411448788,13.662162162162161,Subject_9,Trial_1,7,Walking
2,6,0.029395329996411212,0.042686874938365434,169.63628489155184,164.1141273699638,0.0018221692919995886,373,1590,84.78716337206052,81.9091796875,159.64776634977056,18.51299399762462,36.02368341654971,80,110.04225077676327,358.2705789525904,85.65341040182318,0.22204870994079534,11.175675675675675,Subject_9,Trial_1,8,Walking
6,6,0.023221791976098607,0.03952029915686943,16.586711481213914,17.416343982073954,0.001561853767620667,34,137,74.82238253202713,65.91796875,56.91959727027631,8.793831819252897,18.263302505723914,23,33.539123625905376,113.7770104857805,25.823193698994924,0.10189578335270798,1.5,Subject_10,Trial_1,0,Squat
6,0,0.034591989614794226,0.14416426301336305,31.910209471468555,44.38152267578099,0.020783334721364524,4,48,53.31467778966046,43.212890625,71.34539094596609,10.839670378261808,23.012661729460568,21,54.415745158321,152.0843759917742,39.26602768297126,0.10456825967594287,2.5675675675675675,Subject_10,Trial_2,0,Squat
6,6,0.012305110936418569,0.0255143830915629,22.969162493501113,23.773474329160674,0.0006509837416756771,78,255,75.20448922098296,70.556640625,72.60402167482721,10.430164526301146,22.304599191571093,22,24.81716107074249,137.41047679391465,24.8779242491998,0.05668333079295427,3.864864864864865,Subject_10,Trial_3,0,Squat
6,4,0.03342386745907467,0.07731135649722397,39.39763371686527,66.14583370150878,0.005977045843440832,22,129,41.87941086092051,34.423828125,104.25395362083219,6.433581343231371,12.431039561721565,54,51.197600743756034,253.5325988194568,53.3330931811984,0.0914384063955274,3.9594594594594597,Subject_10,Trial_4,0,Squat
2,1,0.012546940946198404,0.02384345256336455,27.96808327000906,26.273294341339458,0.0005685102301245052,127,346,92.56274601417931,90.33203125,63.633486922557005,5.55107380422583,11.708385686356385,66,47.627950595205,433.2506950184729,59.77952822326229,0.17403980783646258,4.1891891891891895,Subject_10,Trial_5,0,Squat
2,4,0.014056939938803498,0.026558878279175295,30.76714273140536,26.680072003849038,0.0007053740127170544,124,332,101.21775046576356,97.900390625,68.2576817784751,5.967438664234789,13.700548842517472,77,51.4857946062535,253.644017733641,47.333545622286316,0.07032618684962136,3.7972972972972974,Subject_10,Trial_6,0,Squat
7,4,0.008255612533072856,0.034323782949714804,12.011562929714572,18.12106951009492,0.0011781220759627315,6,16,49.789264390966245,39.794921875,97.29897543585994,6.61915037998199,12.416864133050183,72,47.570682924968224,252.48791392499191,48.66163974105525,0.07807391811224967,4.391891891891892,Subject_10,Trial_7,0,Squat
1,6,0.013192220178496727,0.039671286897028264,12.296248286363955,25.658868247176134,0.001573811001064253,4,11,29.524164479387785,24.658203125,75.38598185761799,8.626667842435209,16.091397835934835,37,21.68924239938843,112.71783683907341,19.837353313076644,0.05853588223116752,3.891891891891892,Subject_10,Trial_8,0,Squat
1,6,0.014956535006770645,0.03559751634111602,12.99435541906788,24.13984750092782,0.001267183167619873,8,28,40.64313362004199,36.376953125,56.164146945346154,8.633758117231375,17.965330232503856,59,21.66486185782344,100.63795766703126,20.65733481336849,0.06284715583018874,3.22972972972973,Subject_10,Trial_9,0,Squat
6,6,0.019338553898946287,0.03224019344900081,22.484752694702465,25.082104406933333,0.0010394299747646047,48,226,71.82656486000322,61.279296875,58.20543744830792,9.1213247831975,17.978255338158984,35,29.790125883797092,110.50632050294618,21.36596181871431,0.08990682301606914,2.5945945945945947,Subject_10,Trial_10,0,Squat
2,6,0.01879819701845415,0.03136583851065324,27.216066748487812,25.903915491429817,0.000983815817242489,88,291,88.39864041736332,82.275390625,68.46901177632505,8.372249015792745,16.063601834602434,32,27.483557553166385,99.32583227939543,21.64985746837359,0.0899000534190232,2.7567567567567566,Subject_10,Trial_11,0,Squat
6,4,0.0228684556837114,0.03635293598300098,25.036298683365033,29.660387021773687,0.0013215355549146786,42,222,67.52544735632699,62.255859375,57.18181098023997,8.934867249632457,21.58480001884571,26,60.826673474992425,147.57057726546446,39.184339690971946,0.09394431905818623,2.5945945945945947,Subject_10,Trial_12,0,Squat
6,6,0.02007261927957638,0.03237897598611986,22.917723302399803,25.89367887065353,0.0010483980833857673,60,244,68.75318216585174,56.396484375,59.92802762206132,8.799698654060167,16.12359543379084,27,29.126092719993117,102.7051291781384,20.334041231447387,0.06885662883708336,2.581081081081081,Subject_10,Trial_13,0,Squat
6,4,0.019644389017600936,0.03740555347512335,23.45759100315631,26.146681782426846,0.0013991754095588806,49,181,72.68835762710691,68.359375,58.44034536976727,10.248998903239961,24.036362935838877,32,62.7544362213285,169.66353160710847,42.4656203503583,0.09966735612511844,2.6621621621621623,Subject_10,Trial_14,0,Squat
6,6,0.02532457962035931,0.051617143503550296,27.32063264005573,34.213507067105425,0.0026643294643258998,41,165,55.92265607213985,44.43359375,60.90994664238381,8.262953701237242,16.574177522267657,37,29.874202611019946,119.60761342482277,23.5765048045831,0.08166284602799725,2.7027027027027026,Subject_10,Trial_15,0,Squat
6,6,0.020613477843988176,0.038736640396290205,22.21985086487001,27.436539010348262,0.00150052713204381,38,152,61.966367729696906,56.640625,51.742791715376526,7.759897802271308,14.838245574881823,33,28.10836309689673,92.43153297116852,21.53550249768163,0.0692236719454835,2.6621621621621623,Subject_10,Trial_16,0,Squat
6,6,0.017481885611210012,0.031485954252574264,20.8377303575685,23.023643349963585,0.0009913652960739465,55,183,76.36496209392354,72.75390625,63.604401311421924,8.385367151127669,16.971346135099505,28,31.68901684848813,136.066386335243,25.73286254521964,0.09855860448454075,2.635135135135135,Subject_10,Trial_1,1,Squat
6,0,0.021338901675918304,0.03885481139673555,24.371120456625718,30.83471292170195,0.0015096961430627377,32,186,57.68868714065614,46.630859375,68.61942313918297,7.844781946178323,16.372866038753877,25,50.150153902591626,147.3100389686581,42.01296578063967,0.07807099480111006,2.891891891891892,Subject_10,Trial_2,1,Squat
6,6,0.025506412958329665,0.06313120744137692,24.93453173372879,34.63770879741168,0.003985549348124116,13,110,51.804239324374066,43.45703125,76.61626253706356,9.895521512172154,20.287774287812624,24,30.4642573399528,116.90712765021266,23.14207112284762,0.10221887616621282,2.7162162162162162,Subject_10,Trial_3,1,Squat
6,6,0.023351806476626873,0.051497061606016886,25.144188029164088,30.45075564552144,0.0026519471864091737,26,148,58.659667459372166,44.677734375,45.41029492187887,7.579032243754375,14.808625981919956,20,27.907188298509016,106.77261775604798,21.213467173427425,0.06071809132261328,2.608108108108108,Subject_10,Trial_4,1,Squat
6,5,0.011532709626583815,0.02301623516162768,20.414288998320895,19.859325976977328,0.0005297470628579339,81,247,83.4168653102239,81.298828125,71.78834915539326,12.208745631194562,32.458688274960956,43,61.35648070929552,188.5122609408952,49.883123197565176,0.13451075004621021,3.445945945945946,Subject_10,Trial_1,2,Squat
1,4,0.014887259865926506,0.040360831793479504,19.252272625768455,32.78174622477017,0.0016289967313293657,5,34,39.06696032993898,33.5693359375,56.604841851252786,5.099789559843915,14.386502098955887,37,50.65136973200935,259.6652597321332,48.439642629944416,0.08058228911435737,4.405405405405405,Subject_10,Trial_2,2,Squat
6,6,0.010934291123325512,0.022746861982481745,21.548672682042906,20.600204476345265,0.0005174197300229304,81,237,91.06063722020234,88.134765625,66.5491561914881,9.35801051250244,21.062434476737856,42,18.59024279758226,76.95216906334849,16.266702976270984,0.08342036946927014,3.77027027027027,Subject_10,Trial_3,2,Squat
6,5,0.011575467724963423,0.02454374369034814,23.050945516276407,22.676341273203345,0.0006023953512647867,72,260,84.8514602766864,76.904296875,59.520792311200644,11.532587200421938,30.866077906954995,25,53.50693845664264,186.892678016902,49.45076432667227,0.10749892341962801,3.918918918918919,Subject_10,Trial_4,2,Squat
6,4,0.012366849041292904,0.026186862500813965,24.723269991906157,23.47227948037393,0.000685751666550189,72,248,89.38242490253774,89.111328125,107.11064815699555,7.2108089894849305,14.775487422414761,49,57.983499839997684,264.81661173738104,54.257421262382756,0.07605087833288462,3.7972972972972974,Subject_10,Trial_5,2,Squat
6,5,0.010733313419408528,0.02296506485092885,22.91825375391354,23.40935656773,0.0005273942036071704,75,273,80.93757513364731,73.3642578125,64.06648334268992,11.754316478737639,31.69125095508091,39,50.383402830222565,210.3489713868608,48.69084681675474,0.12016558938634932,4.364864864864865,Subject_10,Trial_6,2,Squat
6,6,0.011286284900831547,0.023352386641578297,22.954343934972222,21.80510242840655,0.0005453339340029156,74,275,88.0327446841793,86.9140625,60.18157481864389,8.417758784986065,23.292306611860933,54,18.831053822194313,67.92583818033904,13.598574135228104,0.06397365079271068,3.864864864864865,Subject_10,Trial_7,2,Squat
1,5,0.015547010218000961,0.03591988698765663,12.768893930989279,24.47099408313351,0.0012902382788725789,9,37,34.52103510431167,26.611328125,61.46673633349842,12.685232119461489,33.5396269849888,19,64.52448706865952,205.2970049709759,53.20197211599254,0.14588591990358662,3.1486486486486487,Subject_10,Trial_8,2,Squat
1,5,0.012806771752139637,0.03175556806673274,14.587107221789152,26.8173800489804,0.0010084161012635037,12,35,36.340109647511156,27.587890625,59.05001068073254,11.654502099835751,31.683731900997227,65,52.151959119612506,180.6248905366147,49.438930955684135,0.11257428217597296,4.1891891891891895,Subject_10,Trial_9,2,Squat
1,5,0.013908918715892395,0.03344203838110615,15.591381464184977,26.955484471399462,0.0011183699309603654,15,53,39.7641766999016,29.296875,65.9858871549996,12.595051533366746,36.04617038242976,44,54.51550063159129,253.85208862988884,51.86673175620225,0.14495307476411617,3.8783783783783785,Subject_10,Trial_10,2,Squat
2,2,0.011544148037489661,0.023071998227821328,9.381955343446519,12.629297953013689,0.0005323170596458125,15,93,58.23874122586087,52.490234375,64.16828496868456,15.08555005780921,40.71335770800353,9,91.63553025745948,319.56974442484216,93.88012064635971,0.17426448349888596,2.189189189189189,Subject_10,Trial_1,3,LegExt
2,2,0.0076035771432625306,0.012755071952673154,7.226870870314362,8.11301681186112,0.00016269183223682402,44,178,72.38475845286486,69.82421875,43.217688403113925,13.295280153345754,34.646742371786694,16,89.40742156835019,228.56731097876946,77.58247803912575,0.12668139892143376,2.135135135135135,Subject_10,Trial_2,3,LegExt
2,3,0.013055393606515217,0.02267429024655483,10.061105664556642,13.146781361760823,0.0005141233804627002,27,109,62.41340421759857,54.6875,48.02697802402763,7.69942882515366,16.052239806054008,28,96.79746556418158,280.86078033357063,85.90865585673373,0.21237890969610035,2.0135135135135136,Subject_10,Trial_3,3,LegExt
2,2,0.011339850930198304,0.02010283464208524,9.51799163669818,11.872823923917624,0.000404123894414796,23,132,63.02300579778215,58.59375,56.07828719195177,13.727455738377305,37.668056464687204,14,92.20552453743507,267.26393391849416,79.44190359637362,0.1682366963648622,2.0945945945945947,Subject_10,Trial_4,3,LegExt
2,3,0.008031516452811156,0.013781810481992927,7.71938659600062,8.89892022971476,0.00018993823928398562,43,173,67.34062190470249,58.59375,53.34861937016082,7.486751520571112,16.31906604487179,30,88.34227309228548,293.44900074915483,84.95506739422005,0.23036389971302976,2.2162162162162162,Subject_10,Trial_5,3,LegExt
2,2,0.007403750327451005,0.014022310674525366,9.455908969167595,11.453601756566705,0.0001966251866498016,49,194,67.07025787863209,60.546875,50.03365619525839,12.609788818267099,32.51671985703337,12,68.65637412021961,324.42993182808704,79.27246183732736,0.14699935387646867,3.0945945945945947,Subject_10,Trial_6,3,LegExt
2,3,0.008989879954876967,0.01548724826202549,7.665654727267461,9.349475153072046,0.0002398547705667788,33,148,65.16663250346534,56.884765625,49.4222202410466,7.943289356042931,16.72549864968832,17,94.25678584639343,281.27975512577575,82.08475446948103,0.2026120977394807,2.081081081081081,Subject_10,Trial_7,3,LegExt
2,2,0.007688228937250352,0.013542230209734397,8.73127098032677,10.279162089103721,0.00018339199007704596,46,172,69.155033703835,63.96484375,40.20228582153622,13.130280952929446,34.00189068638331,20,76.59121573375847,242.91360284270965,76.53815412783976,0.14956788544380242,2.675675675675676,Subject_10,Trial_8,3,LegExt
2,2,0.007390186770748817,0.012230338633773524,6.693668392353715,7.840988163764495,0.00014958117351783896,32,166,68.83324848831512,60.05859375,51.22444305230256,15.809556919277403,45.321306486443035,8,87.36665306808783,214.31013005342834,70.00088836598071,0.11978330982419186,2.1216216216216215,Subject_10,Trial_1,4,LegExt
6,2,0.006285280048460613,0.009407586127426997,9.325858002563717,8.491413345470288,8.85026764906355e-05,97,379,88.52718209465043,89.84375,43.59224872525097,14.314319841931495,40.08861790726725,4,61.5375189846019,159.37297955642916,51.03251223427049,0.07340369322320081,2.7027027027027026,Subject_10,Trial_2,4,LegExt
6,2,0.005908929092699164,0.008476651632039593,8.076208521606713,7.42161494043015,7.185362279763237e-05,98,386,88.1377391410091,86.9140625,44.262529154002564,14.107457821010128,39.478094897551486,2,64.17330678939308,148.67776230550456,44.10435766958463,0.06976044138263678,2.5135135135135136,Subject_10,Trial_3,4,LegExt
6,2,0.004336283350024189,0.006504288754624531,6.132563813407296,5.771593138882196,4.230577136214471e-05,90,353,87.9792454241215,85.205078125,41.335267583829676,13.490290035102086,36.70192990558183,15,58.64329837390017,135.3372359696884,45.79687035147168,0.06875920265520792,2.6621621621621623,Subject_10,Trial_4,4,LegExt
6,2,0.006014935516181884,0.008883932323658104,7.123428616621096,6.460040744379343,7.89242222943956e-05,72,324,88.8395609739654,82.763671875,40.60357138350251,13.396258789704113,36.030251641815916,14,66.57398288030788,145.95188624456438,45.01055338785314,0.0728468846923022,2.1486486486486487,Subject_10,Trial_5,4,LegExt
6,2,0.005943032677795029,0.009484396764448283,6.387434193457573,6.14509578884006,8.995378145343229e-05,61,256,81.81283634364927,73.73046875,45.74739682239727,14.651583393105387,40.58873694458375,8,83.06039589281755,180.05959196141373,61.17823802078835,0.12141209395300452,2.0675675675675675,Subject_10,Trial_6,4,LegExt
2,2,0.004802851711342354,0.007900582010722008,4.658230721195445,5.124642776002292,6.241916510572804e-05,47,180,75.95736076974727,69.091796875,46.183978045847546,13.896711451817193,38.15541801318134,11,74.50029561252155,171.58105150471317,59.57008335381028,0.0980448744798141,2.135135135135135,Subject_10,Trial_7,4,LegExt
6,2,0.005982388298059147,0.008926489132023003,7.343414328600941,7.190830734267094,7.968220822093805e-05,75,320,79.7174096099526,76.171875,41.88790262475853,14.212670640520416,37.909768709678204,13,66.73756970770187,161.86339343293608,51.57770988958277,0.0842117121308536,2.4054054054054053,Subject_10,Trial_8,4,LegExt
6,2,0.00542625837326603,0.00783413802395864,9.268593906818033,8.54093067952073,6.137369292527816e-05,113,464,88.89927409510258,88.623046875,41.642319101950584,13.764603736549605,35.71319755823889,32,53.470862698451015,129.88101757472646,40.21351494754108,0.05801119162474251,3.1486486486486487,Subject_10,Trial_9,4,LegExt
6,2,0.005150602336730834,0.0074320776168955325,8.255991496771511,7.895873382208368,5.523564444457662e-05,114,422,86.18935717087703,83.984375,45.37740055007417,14.624425367126959,40.046252609131805,18,56.63349349326735,145.65697555111296,48.16358509848284,0.06765222004719107,3.0675675675675675,Subject_10,Trial_10,4,LegExt
6,2,0.004442056183495423,0.0065767581561599325,6.017244455196305,5.730252476709095,4.3253719451026045e-05,73,351,87.0190853971394,84.47265625,41.49308816432599,14.204183708129694,38.4266192950412,16,61.02583066404359,156.40424309648415,51.710411094880754,0.07528683719394692,2.581081081081081,Subject_10,Trial_11,4,LegExt
6,2,0.005649281188775774,0.00834300878698524,7.77444973413654,7.400558357296263,6.960578645680041e-05,85,367,86.88531876195313,79.1015625,42.58070604108655,14.290820204845112,39.09257963330112,19,60.42994765910336,136.62267393276733,45.36277767746511,0.0639105083527247,2.6216216216216215,Subject_10,Trial_12,4,LegExt
6,2,0.00608248393643311,0.008661345688462775,8.498026260760586,8.053208731837438,7.501890912953963e-05,107,351,86.51016823935397,84.9609375,41.32472040805922,14.157988047002236,37.98278840974585,7,62.214980386919585,155.83649527023601,47.572044109295106,0.07455819385942343,2.6486486486486487,Subject_10,Trial_13,4,LegExt
6,7,0.011850811116349367,0.017941818761166448,15.669025007154413,14.967574439949251,0.0003219076481775996,82,321,82.41558968246656,79.58984375,54.50786160894492,6.015662588879791,12.126971746379617,25,19.995480583980246,98.25087570034214,13.740019777397016,0.04962707101870907,2.527027027027027,Subject_10,Trial_1,5,LegExt
6,2,0.00767718744929481,0.01199667583082906,11.612205998515513,10.632904617273311,0.0001439201204248096,83,365,88.79232494810488,86.9140625,46.1388378575062,13.501413599647556,31.820365022738084,21,73.12784888451286,207.09065279368858,64.7435063321171,0.14462919686360218,2.77027027027027,Subject_10,Trial_2,5,LegExt
6,2,0.007134539238386972,0.011086058402866613,10.360153564142978,10.073969404602405,0.00012290069089903534,93,357,85.2701124185776,84.47265625,44.87360850260503,13.68993538578483,34.73643275769483,20,70.06090946983319,179.18570077955587,62.11613359587695,0.12941922231717476,2.824324324324324,Subject_10,Trial_3,5,LegExt
6,2,0.010586828038870419,0.01613859788929855,13.938994220749745,13.297056016821246,0.00026045431402429677,73,329,82.88026255394352,78.369140625,43.881377071134494,12.324641834385696,29.871810972460832,15,78.44095306657323,198.45749839188815,66.91524091053085,0.1567344394642117,2.5135135135135136,Subject_10,Trial_4,5,LegExt
5,2,0.007560914035471169,0.012688809791665713,9.456683018306483,10.41893954087927,0.0001610058846367808,49,239,73.76491526232367,60.791015625,38.02091543785643,10.232168931215352,29.216818304780386,12,68.57511519285782,199.29749220289776,59.23812033014871,0.14864945720598874,2.7567567567567566,Subject_10,Trial_5,5,LegExt
6,7,0.010984051744020382,0.016389173225548403,17.641179711990716,17.651371152640753,0.00026860498525860753,88,418,80.17615766140135,75.439453125,45.57293323651001,4.564258818010833,8.062554226595818,43,18.360933011296503,92.69899416589345,10.775731509462092,0.03142291847039753,3.2162162162162162,Subject_10,Trial_6,5,LegExt
6,2,0.008252266216565923,0.012221238817999058,14.440097484368902,13.541968861384678,0.00014935863040461842,96,450,85.03418360795334,83.251953125,42.22842291425553,11.558872012931243,28.672786309306563,24,61.14972450341916,191.82090159818418,54.483615997052134,0.13986082587011323,3.2837837837837838,Subject_10,Trial_7,5,LegExt
6,7,0.00982562928340394,0.01507800409920266,17.084983232540072,15.996124473381613,0.00022734618565706783,110,412,87.26421085494889,81.298828125,51.08414353332614,5.2861430535078995,10.939980161420056,28,19.17037058430531,80.44140493335735,9.82540632102615,0.03984934410574747,3.2567567567567566,Subject_10,Trial_8,5,LegExt
6,2,0.01160752402868723,0.016547484191613535,15.85853903446312,14.741555516432783,0.0002738167680118583,88,396,86.35922963247504,81.298828125,43.53615005338381,10.029044298772739,26.410851336119137,20,71.14114860695686,169.3101169867625,57.99917167655001,0.15260524125446567,2.5405405405405403,Subject_10,Trial_9,5,LegExt
6,2,0.0076959098236639165,0.011851134232325485,12.723726106857427,11.851701128442432,0.00014044887846274045,101,403,86.03617048095487,81.0546875,39.68579523977932,10.78999928799918,28.34563615060306,28,62.12043097976275,163.56357026179117,53.25309478235498,0.13067659877169543,3.081081081081081,Subject_10,Trial_10,5,LegExt
6,2,0.008992505052338893,0.01323876785114456,15.216891444278179,14.450955619108601,0.00017526490957331143,101,454,85.61413548711677,82.763671875,40.520237806978635,11.42666111480406,25.87637481527586,10,58.08024662358952,167.61617714149406,53.62016825589284,0.11890355316367227,3.2162162162162162,Subject_10,Trial_11,5,LegExt
6,2,0.007663657376080804,0.01196057199259912,11.890463890737879,11.595113610010255,0.00014305511321594053,83,388,82.78602087823337,83.0078125,43.70622593551459,13.129026743228323,31.98487592612234,19,66.2161328060871,189.01460352421074,61.061000489430995,0.1424865611848203,3.027027027027027,Subject_10,Trial_12,5,LegExt
7,7,0.03780569243911725,0.14341915716932396,117.40939304628083,209.02767349587927,0.020569054642793058,14,47,54.62112845686752,42.1142578125,157.8462874666158,21.312889189622958,48.3301695882675,157,114.03039084370764,348.37073217799644,84.05918298796624,0.41764404725751975,11.067567567567568,Subject_10,Trial_1,6,Walking
7,7,0.05307835353048786,0.2408931973653769,208.5281797133296,389.4889582067199,0.05802953253539619,16,50,41.89182284992828,34.1796875,158.14580274089792,18.884458314009507,44.74883279260604,163,100.42522463902331,346.03159294727806,78.74314523976622,0.3738188614241131,14.68918918918919,Subject_10,Trial_1,7,Walking
7,7,0.021796147887093487,0.06505957043369014,97.4238581006438,180.25414302626314,0.00423274770496072,28,185,35.67899784910515,29.510498046875,146.16608375360448,16.204751397026474,77.89178915257136,18,87.68780121382393,310.61954749259274,69.51196369540267,0.30610516303201385,16.554054054054053,Subject_10,Trial_1,8,Walking
7,7,0.03989039678976997,0.1425942412945245,149.12429984923625,288.1283360125085,0.02033311764880485,22,72,41.563750231015305,34.97314453125,157.1521794572733,19.51051828146146,78.70547039204887,30,96.74369027937395,335.3614739389556,78.61288305057307,0.36699103263753635,14.45945945945946,Subject_10,Trial_2,8,Walking
2,0,0.018055352597077752,0.030183535289510316,39.14293004341372,34.01628429289448,0.0009110456121338211,153,403,98.76536880928673,98.388671875,90.04566135295958,6.823318680193071,10.969462304227244,61,59.17859538015607,166.55525672184893,42.53768943304086,0.11829356409581736,3.77027027027027,Subject_11,Trial_1,0,Squat
2,0,0.019292630004245637,0.0318357514708071,42.368593380835165,36.61741174805822,0.0010135150660807188,164,415,101.4074620740607,101.318359375,80.38704008521893,6.6581950436455655,12.41818091115034,42,58.42781901422207,156.4549130417075,43.222652572727135,0.10375149382392476,3.7972972972972974,Subject_11,Trial_2,0,Squat
2,7,0.02365429108523151,0.03690298214339527,56.64163649973436,48.89341967317353,0.0013618300909798273,181,525,100.09966219577238,98.14453125,69.4542203401366,7.268698504428783,18.504855560547256,56,26.06451678698155,170.03583889896137,19.958700502852555,0.06662792360117173,4.135135135135135,Subject_11,Trial_3,0,Squat
2,4,0.020448200184509078,0.03386914250994392,45.0403067024194,40.46698816514346,0.0011471186219770369,152,411,97.36697446215278,97.65625,68.85292523524873,6.349195087376641,12.902104502529658,37,58.19480479384208,152.86807828818792,42.89359765446877,0.12180796266648958,3.9594594594594597,Subject_11,Trial_4,0,Squat
2,0,0.01788643787615214,0.029610080040042036,39.72631784961267,35.39726055690508,0.0008767568250644734,178,423,98.48756631303996,98.6328125,80.69662422246265,6.645584478553539,12.030902900250965,43,56.551325172338544,139.81384120358948,42.20641679351342,0.10651413287926732,3.9594594594594597,Subject_11,Trial_5,0,Squat
2,7,0.018581577998754942,0.03001027366464681,37.41062006011701,31.755916799872196,0.0009006164471213205,153,385,102.84501452609422,102.783203125,72.62691461297455,7.764407747036911,17.588571393077498,30,29.01517715863176,146.11092731731802,19.733083739179115,0.07391259166628354,3.418918918918919,Subject_11,Trial_6,0,Squat
2,7,0.017190754077355198,0.029719189843911087,37.11880389736912,31.579415240101497,0.0008832302309170067,142,381,100.49304600291768,100.09765625,69.30265336878144,7.09191371075531,14.251452620066344,47,25.99398389396297,105.01078879782591,16.354168226265596,0.05539226813949864,3.675675675675676,Subject_11,Trial_7,0,Squat
2,0,0.0194550693284834,0.032987735865280685,41.79057070599424,36.51716512956334,0.0010881906777158712,145,400,99.28602022081793,101.5625,90.81285152554318,7.07908975262675,12.936999158747852,41,58.984855340977646,161.35599713448104,44.82414516021892,0.11996645623596341,3.7567567567567566,Subject_11,Trial_8,0,Squat
2,0,0.020729326781988033,0.03366021626303939,39.835326407901185,34.9911036079958,0.0011330101211090519,130,393,98.5448054803718,97.16796875,70.01593170617355,7.560442742162118,15.985090203669753,45,65.03796395035323,239.27567389011998,45.97249690554114,0.12774424842723447,3.3783783783783785,Subject_11,Trial_9,0,Squat
2,0,0.01935128611682425,0.03098189401450817,38.4054148766424,34.2324251406621,0.0009598777216345605,146,393,97.1038723611165,96.435546875,82.82367251389094,6.620515147846004,13.489010491953824,41,61.060545799138666,181.39954916842748,45.389114906201314,0.1155996367862788,3.5405405405405403,Subject_11,Trial_10,0,Squat
6,7,0.012487334372278041,0.021832189324761334,31.629545195044106,27.90919232204142,0.0004766444873202898,151,450,96.68646561063142,95.0927734375,96.25974204502704,9.963524370473172,22.54727098555633,73,26.75664454291984,123.0890411735532,17.638480647664096,0.11575400100226674,4.472972972972973,Subject_11,Trial_11,0,Squat
2,7,0.009430846738210971,0.019685444128822033,28.03642309715189,23.567685998789216,0.00038751670698265777,136,351,101.56917314792722,101.6845703125,96.24054163782868,9.798801712533532,22.460229006868765,87,25.74029225839982,133.92929847760058,16.709284105472527,0.10729083066221902,5.0,Subject_11,Trial_12,0,Squat
6,5,0.014861595153403852,0.024974842123559025,33.67689768228263,28.801771407296666,0.0006237425662667442,158,415,102.5704479712755,103.271484375,72.03111461437636,8.042133308188216,17.689516866592825,31,58.840013078554925,246.1927830494614,51.82016772384774,0.1702398025277413,3.8783783783783785,Subject_11,Trial_13,0,Squat
6,7,0.013500545437467494,0.022375661811946366,29.82270398283858,25.79954233100038,0.0005006702250754322,144,434,97.98312704749092,96.6796875,93.32727858384672,10.562707205178112,25.12926859605865,58,27.609820094449518,184.83306139041332,19.5684937141706,0.12148128276905022,3.824324324324324,Subject_11,Trial_14,0,Squat
6,1,0.015675658480852096,0.025663222915521335,33.401838915948574,29.32915701767427,0.0006586010082550095,149,461,95.14156468462882,93.994140625,92.06313072608624,12.894643545437653,30.347763084402835,47,65.59911768865786,213.9932524659838,54.25526570602038,0.1651926154871445,3.7432432432432434,Subject_11,Trial_15,0,Squat
6,1,0.015638718195772453,0.02574989673079194,34.96870354799943,30.214003554232377,0.0006630571408749044,168,440,99.44009936773963,97.16796875,79.76177474088803,12.187697263093169,31.179082065959683,43,64.67407825617842,227.36786488861583,55.5390123036824,0.16855880034541768,3.864864864864865,Subject_11,Trial_16,0,Squat
6,7,0.013631974112950623,0.02210762406214035,28.233178278584703,25.873486866380283,0.0004887470392937334,145,420,95.97640121080897,98.14453125,85.58307929044554,10.901677401904129,24.59463607178209,54,30.473088070113654,116.41904332138817,18.38012813371281,0.10800281394029454,3.7972972972972974,Subject_11,Trial_17,0,Squat
6,1,0.014113887077562903,0.024582857869187045,34.8846544827769,31.16346266725889,0.0006043168879542112,174,430,99.5168294955549,100.5859375,79.13796947716878,11.395060804953909,28.450161494441364,12,57.28544627925661,195.81478411850387,48.593730373019916,0.14893883923778667,4.418918918918919,Subject_11,Trial_18,0,Squat
6,1,0.014269609250535189,0.023995742267643942,33.149959154920005,28.62483615657359,0.0005757956361322836,170,452,100.94586147540385,100.09765625,76.1231016051417,12.192774034067195,29.96671440122511,54,61.24479787141116,222.03474473201805,52.60920787110688,0.16409626291604035,4.013513513513513,Subject_11,Trial_19,0,Squat
2,5,0.02262359753410951,0.03699230342233209,55.666795000972016,47.8262851871075,0.0013684305114660816,193,500,102.03060122902916,101.5625,41.152626802716426,4.72376451715384,9.350568535501072,52,52.60199025235333,111.79791995316432,32.06182507365103,0.10698115808732969,4.22972972972973,Subject_11,Trial_20,0,Squat
2,6,0.017640717942051017,0.02978725367629839,44.56275745806902,39.19767526723736,0.0008872804750225437,172,501,96.11664837297249,93.3837890625,108.85172959881194,8.534929004982109,14.748333495040411,50,18.6065440340677,253.16970927202465,14.361813882665377,0.06637747611903295,4.445945945945946,Subject_11,Trial_21,0,Squat
6,1,0.016244825488864117,0.026827351881020593,36.71472747986861,32.034795864040035,0.0007197067847229646,149,470,98.04935495468881,98.6328125,79.37326083188799,12.52807763955561,30.93411483743623,29,62.239513742374385,193.02902997449456,54.113349864811184,0.17102320859496467,3.945945945945946,Subject_11,Trial_1,1,Squat
2,5,0.013328746587735469,0.025259754972042168,38.04090500886112,33.668413880619795,0.0006380552179171232,164,427,98.22728223837082,96.19140625,56.304878227402966,5.431526980956189,11.209782169284603,54,48.827858038757576,167.23116719464537,35.99685962860976,0.09900644696288453,5.054054054054054,Subject_11,Trial_2,1,Squat
2,6,0.020335391039012204,0.03404208215629849,51.88251694168119,47.381461120898436,0.0011588633248715416,171,503,88.00403134950265,88.5009765625,47.66704840978295,6.216801161498314,11.862631168166912,49,17.03805834201743,44.55214346263327,7.662555764382237,0.040075078959877164,4.662162162162162,Subject_11,Trial_3,1,Squat
2,6,0.019443908716778202,0.03180078437802737,49.648506255703104,43.204365168681164,0.001011289871507718,173,534,98.3386801158274,96.3134765625,97.44317585131769,7.714738009216654,16.0111682145422,59,18.568292628605693,155.54909732407447,13.176386136798644,0.0573439923466969,4.445945945945946,Subject_11,Trial_4,1,Squat
2,4,0.015771184684813137,0.02830803685713328,41.691806948396476,36.63646202282092,0.0008013449244621296,158,450,98.05572040631914,98.0224609375,68.94209055041117,6.88335998842313,15.128009197155867,36,50.66496893023668,123.8654178915348,34.831649125764024,0.10954693464607398,4.648648648648648,Subject_11,Trial_5,1,Squat
2,5,0.017709379231101212,0.029993132007022655,46.46790015713274,39.350240651506894,0.0008995879614183708,170,518,100.4220756517125,99.609375,46.84193544999251,4.95202350725658,9.869598611651883,47,52.833148612447374,142.28582581141433,31.661974667460704,0.09607082673222686,4.445945945945946,Subject_11,Trial_6,1,Squat
2,5,0.01940943421417042,0.03248210266460543,44.94254153938121,38.799458994126674,0.0010550869926002962,158,490,98.95098481457346,94.970703125,55.26868399259885,5.492926895676801,10.958410861899242,49,56.478132415802776,124.68887747378183,35.41238061254683,0.11229303858573995,4.0,Subject_11,Trial_7,1,Squat
2,0,0.017351599510054442,0.0302941863600421,40.534594108321386,35.03287941079992,0.0009177377269625932,147,444,96.96639867197591,94.482421875,51.797825991143185,5.682430555635609,10.641557929808588,63,54.542426308871065,146.49564654201743,35.86028461160024,0.0765420772552723,4.04054054054054,Subject_11,Trial_8,1,Squat
2,0,0.026870676732881404,0.04002540098445033,48.10445196839878,40.33288577605499,0.0016020270324895846,140,469,100.44662815887799,98.388671875,47.385548406589606,5.8553529367206085,12.714832281036628,45,52.44794563055036,142.3267864812715,38.44964528702579,0.08942664614639365,3.0,Subject_11,Trial_1,2,Squat
6,1,0.019801467365938717,0.05080114133164805,33.81093967681271,38.90988337406958,0.0025807559589359126,47,288,42.69727066943126,25.87890625,59.8450664917264,12.430617441774134,34.12436146388797,47,58.70057867564302,146.89137983211535,48.91045206172476,0.13734070129917908,3.9324324324324325,Subject_11,Trial_2,2,Squat
6,5,0.013167887647059704,0.03176472156925179,28.99835172856854,31.65560190353153,0.0010089975360514898,66,318,50.13896711506391,32.2265625,59.7012745158567,9.525980608109746,25.315255381372435,51,49.1179588781972,162.75756046955425,46.145691607992575,0.11821554152905571,4.8108108108108105,Subject_11,Trial_3,2,Squat
6,7,0.020632486892059067,0.07046315982297821,32.29197438061058,40.97611896762931,0.004965056891512945,9,167,36.21134663570534,29.052734375,88.09369029054518,10.087837654177074,23.843460607381214,45,29.175395674594604,96.72884645025607,17.79912204601813,0.09896671422794379,3.972972972972973,Subject_11,Trial_4,2,Squat
6,7,0.018933040087568846,0.057443076360221945,32.36893129125246,37.60101761391173,0.0032997070160916127,25,238,41.786170832427594,31.25,76.66258371760446,9.340958794507538,22.564060019650523,39,28.61464233026179,95.8160924160587,17.743860017428016,0.09966609300691087,3.972972972972973,Subject_11,Trial_5,2,Squat
2,5,0.01124169057091027,0.021974403777556092,29.06168821972941,24.5181271351553,0.0004828744211975031,149,365,101.67642553554904,97.65625,76.89026598729728,10.033542840995443,26.165411116989375,52,52.31920226590257,198.59690531312765,52.98474411709086,0.14103037561947862,4.364864864864865,Subject_11,Trial_6,2,Squat
2,5,0.01057939802545149,0.019500573585919608,25.338218077996935,21.64544836007375,0.00038027237015499294,148,350,102.13734010813971,102.05078125,61.78930697741619,9.880906279294903,25.33278360536088,24,55.71521772338366,160.9502795565158,48.46800665580826,0.12925020534122228,4.094594594594595,Subject_11,Trial_7,2,Squat
2,7,0.009594680531836564,0.019318715523390245,23.865838362147556,21.25221737801799,0.00037321276716234075,136,302,98.55244515292651,100.4638671875,86.19246209133723,9.074909533522762,21.800067430462732,47,27.07690054317562,108.58431642794245,16.963612482636766,0.08418912355344932,4.4324324324324325,Subject_11,Trial_8,2,Squat
6,7,0.010329751418887725,0.018545261633726527,27.658115578297096,25.597124016003782,0.00034392672262717786,135,467,88.23700327445756,88.8671875,76.09232710100554,8.415917021252003,20.780929549611617,74,25.89418685255604,85.52418718275877,15.788736906675313,0.09048240439378272,4.95945945945946,Subject_11,Trial_9,2,Squat
2,7,0.011993928438719537,0.02202605626048222,27.963306488468774,24.215741517774745,0.00048514714399147863,141,365,98.15142331858851,99.12109375,71.78793460082507,9.81521999852543,23.10441962307218,53,28.23076152464346,109.48884093332668,16.34881402538512,0.09701558662955947,4.04054054054054,Subject_11,Trial_10,2,Squat
6,7,0.012445730133025967,0.025752237058658083,27.780313122799853,29.919535239794424,0.0006631776849460338,84,379,60.80721648907409,42.3583984375,66.39461894506925,9.040884310921234,21.002757137829224,66,26.821609393305096,101.94683980620292,16.055279429088625,0.08968975203603985,4.8108108108108105,Subject_11,Trial_11,2,Squat
2,7,0.015649996138045012,0.022489839655476608,34.91155479072559,30.235792538702963,0.0005057926743382339,170,621,96.69946065463618,91.796875,55.714535749082344,4.784742516447318,9.394076038136344,32,19.520383286220532,138.60532523074963,14.683780937167096,0.027647877640823017,3.864864864864865,Subject_11,Trial_1,3,LegExt
2,2,0.013425089253226219,0.02110481989607831,29.89682101802548,25.292868153078196,0.0004454134217157923,153,513,99.0439965671177,93.75,61.013121105300854,19.167033111305937,47.50895507515781,35,50.06595648931305,123.87084328299224,34.92324345333107,0.06689884716850823,3.77027027027027,Subject_11,Trial_2,3,LegExt
2,2,0.015570062739897304,0.023711705181805293,36.17402828555429,30.813154162256765,0.0005622449578653197,151,578,98.67675528416925,96.435546875,65.21660488224369,19.249688847334493,47.15442671367755,12,48.650973948128126,125.04934928265713,31.79933029132016,0.10374537148778448,3.9594594594594597,Subject_11,Trial_3,3,LegExt
2,2,0.013175484743063123,0.0210705915909541,31.489707892677536,27.852974746835443,0.00044396982961725386,165,546,95.86424411666484,97.0458984375,68.72788426533246,19.32817877320139,46.843028283383944,41,47.18088883981058,112.92245006991878,32.97648658446086,0.10812531593965286,4.22972972972973,Subject_11,Trial_4,3,LegExt
2,2,0.01346355156257356,0.020832009048202534,31.219893244172003,26.913639573584547,0.0004339725998591018,163,540,96.6150727855292,95.21484375,56.84326458713625,19.181857356195803,47.545153190289845,15,47.90326628227815,106.18342998098842,30.923647929737832,0.07850081289923873,4.0,Subject_11,Trial_5,3,LegExt
2,2,0.014316320799470216,0.02356046080474644,35.8844683495329,31.03778349325143,0.0005550953056541433,162,556,95.92590421784539,96.6796875,60.93488640203955,18.63014003457364,45.366495907957415,21,43.11053813729589,112.38294193658533,29.58695319367809,0.08060660105229359,4.337837837837838,Subject_11,Trial_6,3,LegExt
2,2,0.014455000701246034,0.022370451137292222,33.0676504127568,28.7943613968821,0.0005004370710630831,161,520,96.65832541922475,96.19140625,58.20929052522217,18.78380718543069,45.35560758942425,37,46.158854093392414,121.13378252243989,32.89607423510524,0.07804861893967313,3.9864864864864864,Subject_11,Trial_7,3,LegExt
2,2,0.01407519415703074,0.023537735046722037,34.12076636137257,28.994899963483324,0.0005540249549668127,168,503,98.50057137196723,100.4638671875,69.23395866133353,18.86001972073304,45.803222508362104,45,47.304818784267944,105.91653093749608,31.35772020109961,0.0809627749122762,4.121621621621622,Subject_11,Trial_8,3,LegExt
2,2,0.01461789907189774,0.022637952851397813,33.33094183069896,28.037130419899864,0.0005124768885200665,174,570,100.35465377183125,102.5390625,63.5386012917787,18.92546113537682,46.36390794746083,35,49.22558429084195,110.50106680627671,30.87069616118531,0.09542421116888271,3.8378378378378377,Subject_11,Trial_9,3,LegExt
2,2,0.014256717765587713,0.022277459000610806,31.88032326484035,27.92891010278633,0.0004962851705181772,150,521,94.45947978235648,94.23828125,56.71441402433487,19.262846165672194,47.682342075771125,22,47.88457494307522,126.36038401341241,35.18426051250253,0.08405580953492611,3.918918918918919,Subject_11,Trial_10,3,LegExt
2,2,0.011316004499611789,0.018166255349275823,26.619548994155302,23.08464917920805,0.00033001282790692024,153,522,98.11364975247737,98.388671875,60.532994749452776,20.057654540628683,50.36268159649897,12,41.93618468227448,106.17561644809074,29.838389337890664,0.05050355973100614,4.081081081081081,Subject_11,Trial_1,4,LegExt
2,2,0.015130313484266614,0.025497481832966684,26.74394424115357,25.751793550221777,0.0006501215794968457,110,426,76.08304094039173,70.80078125,75.37831161668636,20.47686015763565,50.37953942664751,35,51.24043888847557,123.74884870512417,37.541297122273505,0.12768519706864107,3.4054054054054053,Subject_11,Trial_2,4,LegExt
0,2,0.013647204630056663,0.021901321849891128,22.200830460944196,23.132011847946043,0.0004796677905855492,98,319,81.87354444817905,84.9609375,66.80887290814994,20.821362246543075,53.65474803788364,37,50.81633972201846,108.33339114847412,33.21295316994912,0.10861333566605554,3.391891891891892,Subject_11,Trial_3,4,LegExt
0,2,0.014086888705061747,0.023663200046859238,21.74062885698026,23.69414680191386,0.0005599470042171212,84,255,77.14257975819322,78.125,64.09348493599825,19.71938026276621,51.35804175104821,15,50.74272364940286,115.85091106903587,36.644305006129194,0.10359648426407234,3.364864864864865,Subject_11,Trial_4,4,LegExt
2,2,0.013965272605939626,0.0216493857399615,30.859093504879326,27.818823031031734,0.0004686957388568403,143,575,85.24434713686892,83.49609375,63.201040047912976,20.393063113558714,50.51610396203466,27,44.508996827184085,107.3820242158596,30.273349442825246,0.09105249795589539,3.9864864864864864,Subject_11,Trial_5,4,LegExt
2,2,0.013787772786181905,0.02183927511005539,26.971812851298484,24.11481460303215,0.00047695393357056543,118,474,91.42329077777589,90.33203125,66.9360276434977,21.746871501913805,55.20361349225607,38,49.73750441034712,122.44630000646474,35.139853234414055,0.10625222945038233,3.5,Subject_11,Trial_6,4,LegExt
2,2,0.012872007415255663,0.022735839787536054,27.070904584782145,25.64103877118928,0.0005169184102446528,114,471,75.96365158889613,71.2890625,70.08263214951077,20.461031895775353,52.785952838219025,37,45.22400625506649,120.25380216711342,33.165813798813865,0.09501133784029256,3.9864864864864864,Subject_11,Trial_7,4,LegExt
2,2,0.014259335103929467,0.0223061072070928,25.449040272488908,23.29975355982075,0.0004975623030591383,128,458,83.4498307422901,80.810546875,61.24827417099757,20.233958892595012,51.87557663792148,9,50.261264195559136,112.51185904492863,33.22596877255738,0.09794085770403418,3.27027027027027,Subject_11,Trial_8,4,LegExt
2,2,0.012711124163298242,0.021151354833908884,28.814195237029363,26.09593790725129,0.00044737980877303083,125,506,85.83909985778318,83.740234375,63.95833301525072,21.216710454021392,50.81181901315211,15,45.73596676687517,113.22181266772526,35.11572569159351,0.07749564783521276,4.108108108108108,Subject_11,Trial_9,4,LegExt
2,2,0.012862946386845908,0.020423299433591925,23.222577534264136,21.545435197966896,0.0004171111596415688,111,428,82.33169950798896,80.56640625,66.8884710797648,20.623693804154843,51.99012929007684,35,51.89807534829304,132.48672709794803,37.37266503608803,0.1158795437109231,3.3513513513513513,Subject_11,Trial_10,4,LegExt
2,2,0.014410850688931928,0.022599533693055302,42.01300719231914,37.266459881577966,0.0005107389231030395,185,727,88.02153418093806,86.5478515625,66.58724511363621,22.184591321783415,52.71474516507793,25,40.58477003223523,124.28633390149935,32.25951828938225,0.09164101649271661,5.175675675675675,Subject_11,Trial_1,5,LegExt
0,2,0.020254067312431318,0.03188001107720244,40.555849616582094,39.394160922678914,0.0010163351045346174,131,391,88.73319229872905,89.599609375,67.9257275018576,21.013661396499653,50.88633722564377,24,48.74925675620224,151.83952881509657,40.01666737137685,0.084616941531677,3.891891891891892,Subject_11,Trial_2,5,LegExt
2,2,0.01296924950403557,0.020140647745178538,42.43767320707158,35.9118518766745,0.0004056456885268727,248,818,99.25541939676195,99.365234375,63.67991396714398,21.55292868119783,51.0871031180637,44,38.197264158429384,124.78087891383566,30.323360538817017,0.07613052219239047,5.54054054054054,Subject_11,Trial_3,5,LegExt
2,3,0.014850990013551403,0.022014096139244987,39.75657137015585,33.69689634074813,0.0004846204288148351,186,765,96.07233879695306,95.21484375,79.59174915471074,6.6825662253316285,14.8646187193553,32,44.105966791783864,109.59664193905869,34.38283250200686,0.1404298327601581,4.54054054054054,Subject_11,Trial_4,5,LegExt
0,2,0.017993105709821988,0.030584982616707515,38.34928252707108,39.242963553121754,0.0009354411614941923,119,375,82.7201940349261,81.298828125,53.34775659109893,16.903748542714645,43.99276538843897,19,42.45763801215324,99.83630026680842,26.06612226696498,0.0852704660723334,4.364864864864865,Subject_11,Trial_5,5,LegExt
0,2,0.017246431896496914,0.027881779924819078,38.57816715532085,38.442296697291624,0.0007773936479097856,126,416,83.27525080647108,81.6650390625,51.468127009412264,16.59032169703526,41.43487061032029,29,41.46662618546743,110.46600131610849,30.514476999728757,0.09055542489800922,4.45945945945946,Subject_11,Trial_6,5,LegExt
0,2,0.018855692066424977,0.03074177432778662,44.41851473518491,43.933762514770194,0.0009450566881093033,135,433,86.50399665480761,88.2568359375,59.29307637631455,18.3501704093121,43.6272015223807,18,40.669472518745145,118.1352336112423,30.875761953054973,0.11210092909089815,4.662162162162162,Subject_11,Trial_7,5,LegExt
0,2,0.019509454057093256,0.03124227400230572,38.66538944531061,37.28256670310521,0.0009760796848208856,119,402,86.60422573105147,85.693359375,57.85175156310276,18.0200994947024,45.025220149372075,24,45.23173169827511,113.6790108920544,33.695388620267664,0.08106668995968878,3.824324324324324,Subject_11,Trial_8,5,LegExt
0,2,0.01877124451228564,0.02830794551340888,36.754169882270716,36.772867999567566,0.0008013397661119556,122,425,83.44308995177626,80.322265625,70.75720090410921,20.27300293968618,49.97279787803774,34,49.64154639382065,139.52022703965753,40.23988787911031,0.11615141376697352,3.918918918918919,Subject_11,Trial_9,5,LegExt
0,2,0.016238471020093504,0.025508994655351443,35.98080030301941,35.52977459196459,0.0006507088038197839,118,461,83.15270837161142,82.763671875,68.92045837915475,20.030319953465327,48.812520584521295,24,45.7002350114658,108.98501278043143,32.17942835648271,0.11395027011718989,4.378378378378378,Subject_11,Trial_10,5,LegExt
6,7,0.021154662829248713,0.032805751942334226,131.6377889875366,117.53530667930585,0.0010762172837145301,412,1491,95.23484213487528,94.970703125,154.4750186795945,18.932397723341378,43.85197288482109,128,104.86212889248173,313.3343561537009,72.69455013380791,0.36848842679357063,11.121621621621621,Subject_11,Trial_1,6,Walking
6,4,0.016465691248917377,0.026088608184444854,212.16398977299224,188.30164512261914,0.000680615472885669,808,2883,94.30994504750225,93.963623046875,115.24660454271178,9.940918107048219,20.03160948725756,174,50.797033318574655,221.01217342421077,29.334179538333853,0.14778130215659394,22.89189189189189,Subject_11,Trial_1,7,Walking
2,7,0.01989250537838158,0.03300626656546906,239.2588406055837,217.42508378571068,0.0010894136325848441,743,2472,91.61335897386763,88.9892578125,117.43089266022812,11.895672989366975,55.638172408123125,22,71.72296418420613,307.7696613683797,57.254575732907064,0.2718651201385446,21.87837837837838,Subject_11,Trial_1,8,Walking
2,7,0.01956146803288178,0.04511765111674309,39.25659893742151,32.23729931818917,0.0020356024415598742,81,235,99.60525328180671,99.12109375,77.2217740313009,10.366341933112302,21.458213991909,55,26.278140552461533,94.69117793791371,19.353109731272593,0.10214807991585359,3.2972972972972974,Subject_12,Trial_1,0,Squat
2,4,0.022881155328269596,0.05099485539028549,44.968378659703454,38.783558281416965,0.0026004752745267664,82,267,99.60431600332629,98.876953125,71.15908397470363,7.478771080457891,17.704761330393783,55,58.746751777039,222.20731915399162,60.488605371438766,0.10073908716628222,3.391891891891892,Subject_12,Trial_2,0,Squat
2,7,0.02044610949997689,0.058729172360713566,47.10845011243683,38.806715830956136,0.00344911568553555,71,225,101.17022658944346,101.5625,60.84732282914749,9.509831319887912,21.70762803407495,64,25.76290948240329,95.5197421035839,18.41362963605979,0.05143270694409575,3.7972972972972974,Subject_12,Trial_3,0,Squat
2,3,0.019006549415695524,0.0453748539015361,44.47597659519959,36.188470087484276,0.002058877364464924,89,270,102.21346522118388,103.271484375,67.82933584938594,9.26078776863038,24.336606662495633,66,21.666957082306222,67.35354347950747,17.103748375274556,0.08475843390141191,3.810810810810811,Subject_12,Trial_4,0,Squat
2,5,0.031227861966976862,0.0655856781038208,70.9470656868464,57.771544638907194,0.00430148113713216,115,331,105.56042031266128,111.083984375,73.80961204608442,9.961494742726577,28.526713462921506,44,66.79357345467528,421.77431585834387,77.67609036452191,0.19684022923011688,3.7027027027027026,Subject_12,Trial_5,0,Squat
2,3,0.021017623221288896,0.047168667250788665,51.021592053781816,44.55736122913246,0.0022248831662037495,104,310,99.85287776461315,100.9521484375,79.16327112851903,9.292295421657014,21.330333154915344,44,21.155862342621223,79.00736599056691,16.266010849218507,0.11756303314826401,4.243243243243243,Subject_12,Trial_6,0,Squat
2,3,0.01675996963792714,0.043492339037887254,35.28613487276549,31.910982190613275,0.0018915835529861244,70,210,86.77895720358009,83.0078125,91.64306207175665,10.107852586871871,22.58460335697047,47,23.375087044272263,83.88292411663407,17.089552248290417,0.09626056114178333,3.810810810810811,Subject_12,Trial_7,0,Squat
2,7,0.018275204065905753,0.046012023600548714,40.644787700533115,35.051841398407234,0.0021171063147595814,81,241,99.52422068805832,97.16796875,80.44202684192754,10.056428980711212,22.485088063877672,71,26.25895566972207,109.19913532332396,19.61189426717619,0.11973134581259758,3.8378378378378377,Subject_12,Trial_8,0,Squat
2,3,0.017570323003179775,0.03917886117752984,40.320861570161256,34.29727050220692,0.0015349831628893753,107,294,97.90959782194864,96.6796875,73.93440585534911,8.22672988864903,19.08663685711531,51,21.806000363436343,78.05914802006347,17.172324674953195,0.1003496392113084,3.9054054054054053,Subject_12,Trial_1,1,Squat
2,3,0.02133258321476546,0.049950686170658405,51.47677941051445,44.67042925171887,0.002495071047259827,106,286,98.79108655525096,96.923828125,130.6416022225137,12.000695902160277,25.23796453312701,95,23.87442075739109,83.03887136053615,21.205260854058753,0.14736871047126562,4.1891891891891895,Subject_12,Trial_2,1,Squat
2,5,0.02451519910234707,0.05348417132825254,58.12711859377588,49.34909579302465,0.0028605565814283536,117,291,98.55480399919466,91.552734375,67.4578922938189,10.565213704848453,29.827126377428243,21,66.53679200882064,347.56161438071274,73.92318211338258,0.16429891389939683,4.027027027027027,Subject_12,Trial_1,2,Squat
2,1,0.025743148049115715,0.053208722771493994,60.46373486348326,49.890220919186255,0.002831168177522141,125,355,100.9010480646182,102.05078125,79.65327007149665,11.44072621400638,33.817814774234506,40,59.20888385115778,289.1940124158068,66.16656239888323,0.13796687694506962,3.8783783783783785,Subject_12,Trial_2,2,Squat
2,5,0.02553617099600562,0.05606512705052453,60.38434328669274,51.22555901798727,0.0031432984666446132,108,339,97.72280495275294,97.412109375,70.35302292518155,10.061387698116198,30.96728031362997,66,59.92504984168488,357.64923639744535,69.41354132780161,0.19302270595737678,4.013513513513513,Subject_12,Trial_3,2,Squat
2,1,0.03085167265551732,0.06040069766731211,64.55122677806759,52.9106186042122,0.0036482431943976735,114,363,102.99572421406289,104.736328125,70.68258667997645,10.575442831005097,31.089965371045768,40,64.17692578310394,300.0290868942048,69.95228902903456,0.16613881706675512,3.4324324324324325,Subject_12,Trial_4,2,Squat
2,1,0.02244226186968686,0.04967809457102662,54.7993937044449,46.388155284642735,0.0024679130767679244,116,321,99.9352346229939,101.1962890625,63.9700985778977,10.544083030041078,31.187507916816596,36,56.93016541352239,316.27984210000216,68.40467652103483,0.1570937775726577,4.135135135135135,Subject_12,Trial_5,2,Squat
2,1,0.02871935924024898,0.05661080612061522,65.72581751361605,57.40999912125771,0.0032047833690145014,122,379,96.42744013020045,92.529296875,76.83978088308993,10.71851554015925,31.195342341043197,48,55.55297619340918,321.7234576802272,63.70577197711616,0.1545599655033009,4.0,Subject_12,Trial_6,2,Squat
2,1,0.034672102675609946,0.06474285735721903,81.25194303279486,66.50109293181988,0.00419163748460912,148,433,102.92103340986372,106.201171875,47.18693876800382,10.056719769497546,28.608385253692237,37,60.167749316376245,287.27671564126086,64.13058564730215,0.12753928232963635,3.8378378378378377,Subject_12,Trial_7,2,Squat
2,1,0.02723320823929515,0.056501324404007035,62.047380041751865,51.307364322832065,0.003192399649171823,116,327,104.59040239361342,104.248046875,62.60502882104538,10.912985507401128,32.83833832807651,6,63.38980530638693,307.1142809397846,67.04878977459302,0.14417150352807168,3.77027027027027,Subject_12,Trial_8,2,Squat
2,1,0.021459530746540393,0.04873958359382996,51.16777508441366,43.477009292490834,0.002375547008695282,122,287,99.81727902494359,103.02734375,87.80147009321502,11.139668578828966,32.314819164438944,11,59.6470710499224,330.051727139488,70.81030037519497,0.15638717097792296,4.054054054054054,Subject_12,Trial_9,2,Squat
2,5,0.020327654413769377,0.04376514324454745,52.37837843342175,43.928061188155624,0.0019153877627460486,138,346,100.41990150733498,102.6611328125,99.33963417348374,9.10035695612517,26.48513872443794,40,63.23511105261135,423.39810379354674,69.13512646107414,0.18902626097188052,4.324324324324325,Subject_12,Trial_10,2,Squat
2,4,0.01351575047794619,0.025756493088023535,28.02328834515975,25.463673900450623,0.0006633969343664877,114,339,93.15952254624774,87.646484375,96.34234034712958,11.41645977786854,24.606007581705573,18,72.25331943343404,271.14427617935513,69.59694804707539,0.1362485675463795,3.77027027027027,Subject_13,Trial_1,0,Squat
2,0,0.014547639984709733,0.026681592103681956,27.580994803484394,24.46913045428177,0.0007119073568337719,114,308,95.40104418525854,91.064453125,86.3624885926647,12.358723933234982,26.50131150046743,16,70.82630346610756,237.06698859410974,58.50421908989482,0.11726219804377062,3.364864864864865,Subject_13,Trial_2,0,Squat
2,6,0.011785380200444444,0.023528590263088688,24.624880026426773,22.604359224452445,0.000553594559698958,111,292,89.63103011836772,89.84375,71.18226985341485,8.897645974069416,19.836279243407528,43,27.723524438393728,92.3005323106335,23.376335655760364,0.07752162694121932,3.8378378378378377,Subject_13,Trial_3,0,Squat
2,6,0.01995209939613972,0.03885956138604779,40.30178385057327,38.54745603334194,0.0015100654282256347,117,306,90.74594077284048,83.251953125,67.8622938386199,8.360864396529129,17.645642385775126,54,28.236425491847417,99.77529702099969,24.178000910702497,0.09502118727526848,3.864864864864865,Subject_13,Trial_4,0,Squat
2,3,0.017631042842327783,0.03202845945264666,31.054450721823866,29.055958604156185,0.0010258222035311147,103,299,89.45921966132362,80.810546875,75.93348522525747,9.293579043092235,17.855997000869944,35,32.114326648650824,137.74832553058448,28.979816782919514,0.0969898932735886,3.2972972972972974,Subject_13,Trial_5,0,Squat
2,5,0.01709480612950067,0.03263147701980415,28.423195956818866,27.9329132156041,0.0010648132920278457,79,292,83.04302817355548,72.509765625,85.51668941256403,11.164247157293607,24.02630354784375,45,87.33278755061646,335.96674531590355,75.94658082995544,0.19373549054749933,3.27027027027027,Subject_13,Trial_6,0,Squat
2,4,0.01797331934240482,0.03407872972938157,32.75072443567288,29.620030276283146,0.0011613598180890345,116,278,96.34547204779423,96.19140625,76.16975870220602,11.698867862765617,28.33486301996403,20,80.44351326706636,276.579393990621,68.33332998623763,0.1354990627022009,3.2972972972972974,Subject_13,Trial_7,0,Squat
2,6,0.015791718220322413,0.030094586610473928,27.046823231077603,25.171998843193926,0.0009056841399349187,90,270,92.01536599903119,92.529296875,90.97666266823681,10.958613579043954,22.289899765109748,43,33.524987409897044,135.81193896839912,25.713817536911854,0.13288900385213928,3.189189189189189,Subject_13,Trial_8,0,Squat
2,5,0.015759015711345296,0.030733542205263135,26.557809053134473,25.324738248131894,0.0009445506061798759,89,289,83.78223476672201,79.833984375,72.51792719780536,9.097045378684294,19.87613192406249,44,78.08919675038683,271.13931520002035,65.41268168626539,0.15156400007087284,3.2162162162162162,Subject_13,Trial_9,0,Squat
2,4,0.01955989057504131,0.034756699276764384,34.27785698069484,31.706582622141962,0.0012080281423497165,103,298,92.8298890818011,92.7734375,88.55309160686096,10.568018897362819,22.650285340512717,27,77.57118189899765,278.24347085607434,66.53694026927501,0.14735818740883105,3.2432432432432434,Subject_13,Trial_10,0,Squat
2,2,0.0148361787940195,0.029388338698538664,27.06112777209703,24.850599479982662,0.0008636744511418086,102,270,89.95462902162183,85.205078125,89.24188845190864,10.117813707039632,20.148288114033736,35,37.77101312140806,148.5221008636429,28.122642619864475,0.08824319182816782,3.3513513513513513,Subject_13,Trial_11,0,Squat
2,4,0.01630637192358118,0.03340966246892874,33.7430578285731,31.275621349428704,0.0011162055446457453,104,238,98.19914205142256,95.947265625,134.03464273096756,14.601026934670942,32.22330636254712,17,72.59545951231556,315.6956395834768,78.11421605734634,0.22110795674572803,3.8378378378378377,Subject_13,Trial_12,0,Squat
2,4,0.01884943083344867,0.03558723840840654,33.776174685336635,31.572796646026525,0.0012664515289575744,106,224,98.8580654835392,103.271484375,106.89559818695157,12.623061929024514,27.816717229756648,34,82.92718951235263,329.0387951073951,79.0026512715991,0.2137418441738308,3.3513513513513513,Subject_13,Trial_13,0,Squat
2,1,0.01719204842388578,0.03586692416243478,35.806020110370994,33.67922286239224,0.0012864362068520398,86,232,96.05583943792969,97.65625,77.03311331650207,9.500320908457985,24.801998559389954,74,66.85608507529571,298.41869210479564,66.04426169485575,0.18626991046774719,3.918918918918919,Subject_13,Trial_14,0,Squat
2,4,0.01655366363233425,0.03448433739134458,32.223071424131845,31.302977928744067,0.0011891695126925695,87,209,96.67677084493978,88.37890625,102.5425419501893,11.690886307738337,24.874935484725977,76,72.36894706275554,276.4687306138401,72.45093313209904,0.16002217310209424,3.7837837837837838,Subject_13,Trial_15,0,Squat
2,4,0.013836761819634977,0.024648370414947347,25.12005049359407,22.23567624415341,0.0006075421633826322,107,312,92.87787789583592,89.599609375,111.32189144236244,12.281279651700395,22.33800262662463,17,81.95814683486435,305.06836536343485,70.24358540022934,0.1629146346135545,3.2162162162162162,Subject_13,Trial_16,0,Squat
2,4,0.008822544269299916,0.017933332775800784,17.0639973416623,15.130663421849356,0.0003216044217401281,109,273,95.65526844267605,96.19140625,87.09982129705739,14.306680623178869,29.28932864991209,23,77.34467200258037,264.0142308275381,66.1764624195739,0.16121630077853522,3.4324324324324325,Subject_13,Trial_17,0,Squat
2,6,0.015065966109269113,0.027046667592482063,27.62740826919172,24.61778862254573,0.00073152222510017,112,366,92.5504050177821,86.42578125,87.92742331313556,12.344356125880779,26.663177568044823,22,34.99280766449063,131.5938300391291,26.99677311391772,0.11169888300307798,3.27027027027027,Subject_13,Trial_18,0,Squat
2,4,0.011250517047344068,0.020994918183934473,25.87149712549469,22.489783577640793,0.000440786589057654,130,392,99.70242055378068,97.412109375,81.97586257737707,12.58790503871551,26.3705629247836,26,67.70015073321181,222.92431478132696,66.22996793283214,0.14227362020559348,4.0,Subject_13,Trial_19,0,Squat
2,1,0.009586348335982724,0.019160358473255576,18.583819173522006,16.057133462771063,0.0003671193367701298,96,293,95.80630236554127,91.064453125,106.8602419816736,10.78411700473965,22.904740726247,28,76.78521768447261,353.9240700426509,70.96998406768435,0.18693363847174696,3.3513513513513513,Subject_13,Trial_20,0,Squat
2,4,0.008652535896054202,0.016813659682442694,16.58292931027994,14.605480592539493,0.0002826991501728752,101,284,96.94988890986119,96.923828125,89.71367965763704,15.756279360206362,31.370192131906382,19,80.4426590638099,256.45016628077894,68.36198917471387,0.15393040795686386,3.3783783783783785,Subject_13,Trial_21,0,Squat
5,3,0.007562366292739669,0.017285228069547083,8.230105736953098,12.311532324580181,0.0002987790969534191,22,132,31.605989062479466,20.99609375,116.13576241297429,10.25245663636653,19.155962957483027,18,36.78277978954168,267.9652836520728,30.48132745669677,0.1678608611389599,3.2567567567567566,Subject_13,Trial_22,0,Squat
2,4,0.008819001708653901,0.017566915661271436,15.283993749658062,14.233868757767397,0.00030859652284369695,83,270,89.91761466336015,83.984375,111.11807326750866,16.620477013233483,34.51855673056635,25,86.27128065151481,284.7904313421927,74.24308347826889,0.1643427450005435,3.22972972972973,Subject_13,Trial_23,0,Squat
2,4,0.036368798453825235,0.1264401335229615,50.69674721421916,60.40857423180371,0.015987107276134668,24,143,50.19564553513929,37.841796875,154.30948582955347,31.175278961539426,77.39848752916748,11,100.71050368878852,433.2462902302707,100.89711626813701,0.2767388630070949,3.324324324324324,Subject_13,Trial_1,1,Squat
2,4,0.02001934037533526,0.04142814335788695,41.350944660146226,38.67736560514772,0.001716291047404242,99,261,96.92373077360507,94.23828125,148.03463915315848,30.10243517968321,75.55877495614789,56,107.9546591852535,410.67732101171015,108.60146310201884,0.27347126031529995,3.864864864864865,Subject_13,Trial_2,1,Squat
2,4,0.019698910966465505,0.03976330200410252,33.84382195248171,32.188020519204635,0.0015811201631200362,88,206,97.2667020427383,99.609375,151.92079023248442,35.15280306957774,85.09025016082994,15,126.02380639798842,433.2462902302707,130.88408022469605,0.3296319024062474,3.27027027027027,Subject_13,Trial_3,1,Squat
2,6,0.018280687301999894,0.040178357528813845,41.78901216308468,39.760494881849766,0.0016143003219166994,77,234,97.12808909245346,87.5244140625,132.05679926893646,11.273128857648498,23.406738818343197,68,23.045001339402564,137.0502509913141,23.223085393631905,0.12431365286801842,4.351351351351352,Subject_13,Trial_4,1,Squat
2,4,0.018326454059929984,0.034102106940980564,42.42412237221424,40.464810564325404,0.0011629536977446832,119,259,98.8676207705678,97.412109375,141.6669339451335,13.532240679216534,26.876162544280948,44,162.7207389854753,433.2462902302707,144.34125102343722,0.3230272690282853,4.418918918918919,Subject_13,Trial_5,1,Squat
2,6,0.009724724098146885,0.019305783504142457,21.085414508106595,19.439723472195624,0.0003727132765133836,107,329,89.83308436977556,85.693359375,79.99050803383533,9.118549298639554,18.288373035739415,38,27.22365856186056,131.6612479051849,20.46668752792777,0.07295292959280068,4.0,Subject_13,Trial_6,1,Squat
5,4,0.06686762850727204,0.2956430077358771,59.41495729187858,112.8725569202752,0.08740478801151329,4,5,45.04467585982624,37.353515625,105.70089699823308,14.885815224560286,31.44210307259961,24,82.60603839662821,290.1613581685462,78.81936699973969,0.12582459735498985,3.3783783783783785,Subject_13,Trial_7,1,Squat
2,6,0.01656862889833026,0.034343857651535296,34.56983694578137,30.65196346191098,0.0011795005468208648,94,264,102.0755180572387,101.5625,100.14296536458745,12.794983885045122,25.34758779772312,30,25.32282341433122,91.22419647826143,24.761586259020053,0.10872597032952831,3.7027027027027026,Subject_13,Trial_1,2,Squat
2,4,0.015333096835925,0.028815694041192816,32.326450150895965,28.780222761031226,0.000830344136288039,107,307,98.12624199086788,95.21484375,114.392847613632,12.073480789239172,27.039342455409397,49,65.48711585239566,335.3727361042497,67.11753771704963,0.11172571619387402,3.7567567567567566,Subject_13,Trial_2,2,Squat
2,6,0.01305438543870324,0.03088017425229307,32.237597067126856,30.233956676036705,0.0009535851446998426,97,249,95.97436122490271,92.1630859375,98.68610866277638,11.587291705945232,25.820662224057617,44,23.130748913557444,140.3600197186787,25.259074922516355,0.13097321005824117,4.635135135135135,Subject_13,Trial_3,2,Squat
2,4,0.015814734839537443,0.03450872183381788,33.703322322514815,30.44336456610958,0.0011908518509306095,103,258,101.31540080701826,101.806640625,117.31771120287259,12.614054257914638,27.533068053588117,32,69.80256688778981,328.5368634393555,67.44673999479889,0.12121264713060982,3.8513513513513513,Subject_13,Trial_4,2,Squat
2,4,0.020238085293624697,0.037778724243688264,43.11887871286261,38.12855269318893,0.0014272320014570793,113,335,100.87608061838752,96.923828125,92.64560446463531,10.985193853239656,29.318386541253865,32,64.13781066502078,304.6997195520586,67.52755538047747,0.11672987595265719,3.77027027027027,Subject_13,Trial_5,2,Squat
2,4,0.01644200412351781,0.03301078635095366,36.83051717848667,32.42363213157712,0.0010897119819767143,100,315,104.54567236842892,107.177734375,127.02110666698184,13.274171449356306,29.50547885981106,25,65.49315324665395,313.5158439705258,68.77409627301445,0.142422448100028,3.945945945945946,Subject_13,Trial_6,2,Squat
2,4,0.012876853965751181,0.027286060786182606,27.675622397602837,25.30301804270107,0.000744529112113223,96,253,97.52777650319058,94.482421875,99.02287941054311,13.177362642570277,29.093596785393366,74,69.41546410823585,283.05645984704176,67.84330009354188,0.14936028026101772,3.9324324324324325,Subject_13,Trial_7,2,Squat
2,4,0.012342597581143781,0.02658149080745065,31.34922338258348,28.511400412442136,0.0007065756407640981,101,269,99.1019919954556,92.4072265625,93.63163541815825,10.512957297286686,24.574226074119682,70,59.707775294294954,302.1807121693169,61.43746971430054,0.1081239727184918,4.621621621621622,Subject_13,Trial_8,2,Squat
2,4,0.016508778834012985,0.03190833705799796,36.95013767617267,31.333662226956648,0.0010181419738032403,114,322,101.76312295626362,98.876953125,130.75466044754324,12.598441336430588,28.593379980743943,54,68.14237652680208,312.76316429044306,68.74796523116086,0.1373411536898914,3.7972972972972974,Subject_13,Trial_9,2,Squat
2,4,0.014699160145152473,0.031002885609707775,32.39787521553492,28.986743806240675,0.0009611789091414877,99,275,98.28813730329765,106.201171875,118.31291039935925,13.143626746039814,30.46689877198579,30,70.68334301477428,280.99422631998266,68.50850664171836,0.15408125699312364,3.945945945945946,Subject_13,Trial_10,2,Squat
2,3,0.024994610076504505,0.039916403919140246,47.17571725838757,42.715788620746196,0.001593319301835871,101,448,93.8774392450201,91.064453125,81.34484981953796,9.673707290338099,18.28830077284585,25,69.53869247581795,260.8876088939389,86.86623264709067,0.19501350397307374,3.418918918918919,Subject_13,Trial_1,3,LegExt
2,3,0.015906705480816224,0.02789647336906467,30.748126857354173,27.184559666714925,0.0007782132205858762,116,360,96.23405711930192,93.26171875,91.80983192898177,8.863784884726986,22.614388245524815,24,71.43829541416305,257.1210076880688,84.51131818138826,0.23268402325122597,3.418918918918919,Subject_13,Trial_2,3,LegExt
2,2,0.021197322514522568,0.03480886216320339,41.14194705424215,35.78108040451409,0.001211656884434009,143,429,99.90377280488264,96.923828125,63.80941780303575,16.183824056476425,40.07179059126629,23,78.07432813339835,332.0542361835966,89.93698911107283,0.18714965269894804,3.3783783783783785,Subject_13,Trial_3,3,LegExt
2,2,0.0169595697168623,0.02928956584309717,37.8905552859844,33.223797075333245,0.0008578786669007165,131,462,95.43038145696252,89.599609375,76.15473928648663,16.414103078267598,37.62758433141535,19,70.20694391322259,306.7049178815504,85.39958172348052,0.1911792223828993,3.918918918918919,Subject_13,Trial_4,3,LegExt
2,2,0.018928491948591825,0.035720063693482317,43.09222334508799,37.080915727291384,0.001275922948713689,128,374,98.94310445998975,96.6796875,77.99981761330453,18.137410026434925,42.71491202689038,23,72.48383160746226,308.42754379209487,94.00907723519099,0.2073436680140771,3.918918918918919,Subject_13,Trial_5,3,LegExt
2,3,0.01612202074533373,0.032218285431862614,36.507381308921765,31.905479055015448,0.0010380179161570057,115,334,94.7523155092577,90.576171875,87.72324412719492,8.427851241526763,17.834854606244605,37,60.867107297499,257.2376129397239,80.58498186287187,0.21668581009031931,3.9594594594594597,Subject_13,Trial_6,3,LegExt
2,3,0.01719096860997522,0.0363871781613732,34.145396860064444,28.91520920197832,0.0013240267344356265,96,290,94.37280132960367,94.482421875,98.84481343876732,10.676797817112293,26.844230252849588,23,74.04865916368747,277.93010616623945,88.29420308232936,0.2915717221700389,3.364864864864865,Subject_13,Trial_7,3,LegExt
2,3,0.016432298618588158,0.031974967975790504,27.96156866160566,25.075687691965527,0.0010223985770492613,98,268,94.92740333868018,92.041015625,96.15933323847281,11.160630762034916,29.15475836026325,23,74.55022207791282,263.6503750543431,88.33594558414092,0.27505206516892455,3.054054054054054,Subject_13,Trial_8,3,LegExt
2,3,0.014150481994948057,0.02731061501103411,30.11591632543308,26.560454704517504,0.0007458696896539398,111,319,96.7495334565086,93.017578125,114.83241662194695,12.231284312749619,31.07490268955648,34,67.47365094202654,272.3258742784691,83.03021468930463,0.29516139011391385,3.7567567567567566,Subject_13,Trial_9,3,LegExt
2,3,0.02095977433266332,0.035100358063151295,42.50938977260797,36.511926887499506,0.0012320351279740112,129,432,97.93093495374386,97.65625,80.3433819312503,8.532668946443879,18.22661983978515,13,65.7919038596772,265.4467115805747,86.27702371337645,0.2348699454525946,3.4864864864864864,Subject_13,Trial_10,3,LegExt
2,2,0.00512355224772532,0.009423804492074552,10.184065391513805,9.75524347966901,8.880809050657666e-05,90,312,86.49400689417178,80.322265625,40.92769468662635,11.939080684128779,31.678425953302323,19,44.70782665818153,130.9378403614188,35.365797677682345,0.12767711863602021,3.810810810810811,Subject_13,Trial_1,4,LegExt
2,2,0.009989714431751728,0.019306263290041443,19.155378216110503,17.072421963863704,0.0003727318022190454,123,320,97.4568790892729,95.947265625,51.1112228750285,11.485519889637095,30.210637850274395,24,54.88351438755165,198.45547239332765,57.3339239608271,0.15737134351926205,3.418918918918919,Subject_13,Trial_2,4,LegExt
2,2,0.006449714195687111,0.011176534973210923,8.807855311775864,8.887706161656839,0.0001249149324006355,71,247,82.5575522872258,77.880859375,91.44475184424343,11.842803468760327,25.935943383449445,20,54.82230307115623,289.0624524330774,56.60559211042299,0.20175045785696735,2.7567567567567566,Subject_13,Trial_3,4,LegExt
2,2,0.006259650273158596,0.011375300598305164,8.754889114694834,8.369152415213042,0.00012939746346585658,72,223,85.20633453731088,80.810546875,38.72023038582013,12.268664515990524,29.005911923165176,16,59.87484688504358,285.38466557443434,67.00585543541898,0.17878353130542154,2.675675675675676,Subject_13,Trial_4,4,LegExt
2,2,0.010574589771420836,0.019612116694337708,15.546007726886138,14.138226524389658,0.000384635121221545,84,237,92.47595105123855,89.84375,43.06145233263206,12.312649085627646,32.15863106329994,19,64.42171810269001,266.9983690115967,69.00737994698063,0.16966924071797787,2.675675675675676,Subject_13,Trial_5,4,LegExt
2,2,0.008500830846976164,0.017102465283580205,13.155056561962738,11.65463909120432,0.0002924943153886075,84,219,97.24004337999449,96.19140625,50.300666797800986,10.94835599729552,28.216825991528363,18,61.55088069164683,225.24895010743117,64.24392172361075,0.16284271724819524,2.7432432432432434,Subject_13,Trial_6,4,LegExt
2,3,0.011206684268284684,0.019038023009827394,15.678148055838038,14.075595440965564,0.0003624463200892415,103,269,95.55769472574212,88.37890625,53.69814423032226,5.456286273584295,12.25829400935483,26,61.11667190676264,204.24464944120595,65.08644328630496,0.18154416391085476,2.5135135135135136,Subject_13,Trial_7,4,LegExt
2,3,0.016602975426455543,0.029609430019125853,30.900512827151704,27.129261846828356,0.0008767183459779087,113,346,95.08664645167754,94.482421875,47.426589082464375,4.717608771591173,10.276066514105935,46,44.37740100619768,211.59131648670402,53.50544242040566,0.12531161343383299,3.27027027027027,Subject_13,Trial_8,4,LegExt
2,2,0.01953009238914572,0.031630877337775885,30.700747731140318,26.775756665518784,0.0010005122018778628,107,351,96.26058785866634,93.505859375,53.41460239445348,13.403259039756989,32.59824143352115,9,64.65731405554807,255.6729980192546,68.95935822674329,0.15485985545936126,2.7432432432432434,Subject_13,Trial_9,4,LegExt
2,2,0.012941660585818237,0.0233958503277866,24.894719610816036,21.58668985714482,0.0005473658125060385,124,327,97.04320071900322,93.505859375,57.04168750919813,14.333359537442112,37.01228699569437,26,55.53607118309401,203.1757097057293,57.394268470587534,0.13290087503752906,3.3378378378378377,Subject_13,Trial_10,4,LegExt
2,3,0.006800712962307359,0.012908879123747212,13.011528631390687,11.84684198033942,0.00016663915616853332,101,328,94.12461097886353,93.26171875,69.98652879536675,6.493153818848595,14.638034963139239,28,56.2355008461005,232.27354404855916,69.52324923420763,0.18284827202062576,3.4864864864864864,Subject_13,Trial_1,5,LegExt
2,0,0.013565570895574827,0.027317319921370684,26.41784746631012,22.99364266799933,0.000746235967644167,115,307,97.51906914498565,95.458984375,64.40512304370117,7.093466185213253,15.653074678726565,27,21.02310343513752,75.1980388963472,19.676394841973966,0.14483341372303787,3.391891891891892,Subject_13,Trial_2,5,LegExt
2,3,0.013026697757380402,0.02471309739095345,26.02298227402773,22.262626467363106,0.0006107371811983695,115,347,99.46114516204089,98.388671875,110.10541812598214,7.428781147841292,15.902488048538082,34,69.99321116633682,258.74444506551737,81.71725025945409,0.24086326355246415,3.418918918918919,Subject_13,Trial_3,5,LegExt
2,2,0.01634421814321135,0.025607979212687072,31.172548005091585,27.932268806748198,0.0006557685866928302,136,464,96.60892187984929,92.041015625,45.311850725387735,14.676422658358787,36.42240946099744,12,49.46193480720102,288.76836456646157,61.986269724692626,0.12515284592279324,3.418918918918919,Subject_13,Trial_4,5,LegExt
2,2,0.005590185342862633,0.010768416170987677,10.234248650694756,9.55362675095224,0.00011595878682817593,87,287,91.87312024199042,92.529296875,53.3913666637156,14.279771806417887,39.26851721161674,19,58.23545327024531,232.4448421786179,65.24387978204034,0.17353760488133546,3.418918918918919,Subject_13,Trial_5,5,LegExt
2,2,0.008248612022097918,0.01618365227350516,15.749334808272383,13.923657093301285,0.00026191060085396876,89,308,96.55699925640563,97.412109375,57.969421388172144,15.140651316613084,38.747422170913445,25,71.4146489306109,227.49654048417796,72.19466610163465,0.1952785535681875,3.3783783783783785,Subject_13,Trial_6,5,LegExt
2,2,0.013605403043229766,0.02255959669112106,21.372490152339665,19.387699336602417,0.0005089354021769038,95,360,92.03071451924764,87.890625,51.428584121795296,14.452389940988095,31.707443265005754,8,77.21076677980747,285.7671330133017,82.3646780437471,0.20496179485421834,2.8513513513513513,Subject_13,Trial_7,5,LegExt
2,3,0.011736031927177905,0.021792692634116942,25.681608584563406,22.028531927312926,0.00047492145169164795,131,401,99.10554162945077,99.12109375,76.15904747224943,7.0481350038879125,14.17740561747133,26,62.44155830674088,242.42667406321038,71.30638797717225,0.1926043594008967,3.7567567567567566,Subject_13,Trial_8,5,LegExt
2,2,0.013852672539922286,0.025275492352058303,27.88474967494546,23.951270821525632,0.0006388505134716432,107,363,98.91571078955549,96.19140625,63.90758901828453,16.683641448066997,42.53954754691635,13,75.21216459692545,250.67575307495886,78.45157749021574,0.1997740467108475,3.4594594594594597,Subject_13,Trial_9,5,LegExt
2,2,0.017385326706780717,0.030877079817417722,32.726571866954885,27.833908057555927,0.000953394055804241,113,358,98.25356188403705,96.923828125,62.06853544207054,15.470824535621327,38.32669536462202,19,78.37593421144139,272.1765707931424,81.29095699641192,0.18580312461948992,3.2027027027027026,Subject_13,Trial_10,5,LegExt
2,2,0.012059136469977746,0.019658085202781915,23.024986359794905,20.355822361322435,0.00038644031015112195,115,421,95.87460066202671,93.75,52.14405564489539,15.2463510957482,37.09525958300522,21,72.15815403973467,263.29212754836783,74.74887916660971,0.17786999832640413,3.3783783783783785,Subject_13,Trial_11,5,LegExt
2,3,0.011328524664600775,0.020536535680945878,26.39542654748709,23.030890643133375,0.00042174929767177467,142,420,98.94150284094779,97.16796875,67.86436942787455,8.309132472552735,19.784605917353304,29,60.7029722613941,253.92494512662591,75.3775884995405,0.17518595652302382,4.0675675675675675,Subject_13,Trial_12,5,LegExt
2,3,0.01507772609383482,0.024386308321959788,97.72871128344387,87.63174405736797,0.0005946920074283667,379,1415,99.84001915344201,101.1962890625,150.36762095137618,17.480211974875083,39.714042025664924,142,120.71979910885273,413.8954018724403,90.5051663096978,0.32697826461602236,11.635135135135135,Subject_13,Trial_1,6,Walking
2,3,0.011992207663908589,0.021545454518870293,163.3734392164282,141.67594134141606,0.00046420661008264244,683,2497,103.44407026180065,104.400634765625,91.25415874816218,8.57444824670573,18.440851235685248,182,65.18420379288874,314.7475943846553,48.05215809477738,0.1702597005321055,23.64864864864865,Subject_13,Trial_1,7,Walking
2,3,0.029667750023825535,0.0427298331555496,368.68186815515696,296.0248097377312,0.0018258386405743529,1000,3668,107.18950326487864,108.856201171875,107.90551376705633,10.937023158909984,27.591566356078477,128,77.59119056719008,357.6861405412263,60.112110582476255,0.19942292078107388,19.972972972972972,Subject_13,Trial_1,8,Walking
2,5,0.011860339070503314,0.021443249179545973,137.48620036216445,118.49664765339861,0.0004598129346724714,608,2178,101.23100561333214,99.700927734375,101.95407669627821,9.897946221108109,25.70449544205846,126,66.21103989084999,370.7401756201675,33.754784078419625,0.13468333632887974,20.0,Subject_13,Trial_2,8,Walking
6,4,0.015602586141506421,0.020957480838332074,24.758004140127003,24.230816277759473,0.0004392159289082433,110,499,82.95797320240283,79.345703125,44.76313945360582,11.64304015072353,31.1224237356228,13,49.950032281288664,138.91511357022563,34.145288901574716,0.03554866620355276,3.108108108108108,Subject_14,Trial_1,0,Squat
6,4,0.014583086034971658,0.019563598441078706,24.00244642567856,24.426669108577528,0.0003827338436633838,110,534,77.41168761847392,71.2890625,45.33521378663455,12.60421457116529,31.47669346304943,25,49.718237401400145,137.43808870252934,32.58093882805892,0.03964514396075126,3.3513513513513513,Subject_14,Trial_2,0,Squat
5,5,0.008682289472283207,0.016562219296697534,9.83871836347608,16.418209392087544,0.00027430702629288063,10,106,43.111596697683495,33.935546875,80.06964711074718,5.4688158913473055,12.377740263383423,35,50.057509665637056,404.67193648804096,58.73106781269057,0.16394683535719543,3.7837837837837838,Subject_14,Trial_3,0,Squat
6,4,0.014135583704134765,0.019744952071342196,27.253960360968463,27.9743201504827,0.00038986288854725437,114,525,76.75066369672354,74.70703125,40.58395161560744,12.44712418774529,32.06816611503156,13,40.914744964240874,113.28482311107155,30.605369825058915,0.03283585753551015,3.9594594594594597,Subject_14,Trial_4,0,Squat
6,4,0.013763492436843364,0.01898850577973235,25.997200804120986,27.04526263839721,0.00036056329186156703,123,537,76.45424064500075,70.80078125,41.17862432405446,11.771661424008622,31.28969976917305,24,41.341873689344865,99.94905984737133,28.832606639157728,0.029860420443667105,3.9324324324324325,Subject_14,Trial_5,0,Squat
1,1,0.04839018393840261,0.26696821293160794,55.833112072354815,95.76417401409876,0.07127202656127013,6,14,47.42221373528925,37.841796875,78.7010979986197,5.517997208788842,10.199713780043457,85,54.94304048771132,433.23748051951384,68.83998392463393,0.27974550303226936,3.9594594594594597,Subject_14,Trial_6,0,Squat
5,5,0.008892670906695758,0.01993725542935866,9.538621343719353,17.118391495389336,0.0003974941523812037,5,69,26.78056932900629,21.728515625,57.63606463545824,6.82245555792616,12.845502511532649,34,60.346782354878535,359.8564753684425,63.64619337086376,0.1743988309603048,3.8513513513513513,Subject_14,Trial_7,0,Squat
6,4,0.013787846820758582,0.019920199695503085,26.101351113296378,26.252060346724342,0.0003968143450846266,121,487,80.3297813886328,77.63671875,44.82061644565248,12.323652492908622,31.06574767938603,13,44.384337654986986,119.39449693835394,30.31526908886406,0.03345141323615742,3.810810810810811,Subject_14,Trial_8,0,Squat
6,4,0.014331249799948383,0.0199375691411039,27.135521105075426,27.487337116301,0.0003975066248416372,98,566,78.2722041062318,72.75390625,39.97281705053195,11.781764947163161,30.65932767296988,24,43.38643780266858,114.65920245216691,29.110751316363935,0.032787300212965706,3.8378378378378377,Subject_14,Trial_9,0,Squat
1,4,0.0985364389466301,0.336931285241319,82.43292541758858,195.69336774800738,0.11352269062230486,6,12,28.122287270244556,23.193359375,40.70258941775243,9.454189141330362,22.88717462246968,51,46.31457128919633,206.93021927742726,42.50172515102027,0.04111471309311752,3.972972972972973,Subject_14,Trial_10,0,Squat
1,0,0.04710224305116333,0.15786439994787485,42.54511088226969,91.28414703315454,0.024921168768646317,4,20,30.568330917922943,26.611328125,46.063451924186666,6.406512668211518,15.949358226582417,54,37.21196056157101,164.78544737139222,37.72876116753365,0.04633134745576597,3.8783783783783785,Subject_14,Trial_11,0,Squat
1,4,0.08060387728049044,0.2884747379515449,82.41532911544357,179.10181531724976,0.08321767440953953,5,24,29.789687120659103,27.2216796875,34.47166473932084,8.535473251092307,22.469094572046878,21,39.43372032436837,134.83446580812927,34.615633261347035,0.026819033184312453,4.445945945945946,Subject_14,Trial_12,0,Squat
1,6,0.028657240561714002,0.0814146191635685,31.956525368196534,64.4501340232948,0.0066283401960836544,8,31,36.77351594590343,29.052734375,45.89844090307726,10.968443043362285,24.006264499365752,47,19.03860568352948,92.48422311488287,19.450537775791485,0.03380725600302004,4.5,Subject_14,Trial_13,0,Squat
1,1,0.026283424355006905,0.07097117313641818,27.149707064965206,58.58575288731039,0.005036907371598954,6,35,30.57929408357819,26.123046875,76.45817158766832,4.052057539688682,8.764748621252965,78,39.134587888412675,309.6048179961956,49.87855968831926,0.09870236868027585,4.45945945945946,Subject_14,Trial_14,0,Squat
1,4,0.0517179690091922,0.16708203291064552,54.3918743370713,102.71188645225571,0.02791639742355889,8,21,42.033278512985156,32.2265625,39.78115455486112,9.289076335129364,22.917604216140425,50,45.36079764105887,200.61097267752595,43.383578265654904,0.03867985868187176,3.972972972972973,Subject_14,Trial_15,0,Squat
1,4,0.06731689158020626,0.2553813471173876,56.00577254990041,131.40257236456262,0.06521963245241634,2,13,27.151199105290292,24.169921875,47.51179413393879,9.624790448242749,24.660519746334987,52,48.03969280070582,203.5205465334481,44.88184509294538,0.04935677369423077,3.9054054054054053,Subject_14,Trial_16,0,Squat
1,1,0.02241976420950961,0.08545359287949605,27.191156984105294,50.870444991377305,0.007302316525093369,4,15,40.327249676774436,32.1044921875,58.9094304898251,4.051447003733405,8.02279281303992,86,37.020116325198394,340.03170665004825,49.839442310314226,0.12530469523625146,4.54054054054054,Subject_14,Trial_17,0,Squat
1,6,0.04248907973227755,0.1283104033867071,34.47287529299705,70.57436143531301,0.016463559606949275,3,22,33.238277154265795,28.80859375,49.59648283913586,9.2278797489208,19.635237573161227,44,20.707700439143938,92.14376970080288,20.300336190989523,0.03497275810192961,3.324324324324324,Subject_14,Trial_18,0,Squat
2,4,0.01011489880587604,0.039096691737807464,18.992254652225448,23.69920790216756,0.0015285512835061933,6,123,54.6029349596049,42.236328125,32.35333754432673,11.551066669950755,29.687769742449476,23,27.43650836122621,57.12893842423648,14.793632473719024,0.020341118416417316,4.6891891891891895,Subject_14,Trial_1,1,Squat
6,6,0.013257176844091348,0.01822856391418506,27.225759963869116,26.686696987155884,0.00033228053998574276,131,577,84.00578981758495,81.787109375,34.58553576483497,8.655080227303065,22.113561432054794,20,21.65514204301511,52.8173166321173,11.422412416473197,0.02367420343242362,4.027027027027027,Subject_14,Trial_2,1,Squat
6,4,0.017022627915267277,0.023890387127197828,34.35949315546225,34.02823320261929,0.0005707505770222459,128,560,81.33037298457323,78.61328125,30.61183182235264,9.236923517193617,22.365347869805596,16,30.054568569214528,51.42339087114234,13.01926414857849,0.023789462666448026,4.0,Subject_14,Trial_3,1,Squat
6,6,0.01458169442213038,0.020392579694100077,29.38378296729642,28.463467511998502,0.00041585727640276076,134,558,84.84210056271264,81.787109375,31.729558304160015,8.224620370815776,19.66532805532742,26,19.829676226066077,54.119356264843546,12.173052247808323,0.023300617748699903,3.9054054054054053,Subject_14,Trial_4,1,Squat
6,6,0.013404821452512915,0.018782996513068435,27.208316700232025,26.9839055839085,0.0003528008346219162,143,556,83.35020026717132,79.833984375,33.073856427474084,9.351009307724416,23.28749741382081,32,20.10428253750433,55.714333641232855,11.948184387389217,0.02255125062206626,4.027027027027027,Subject_14,Trial_5,1,Squat
6,6,0.015253439579999759,0.021246645705657752,31.04690346970758,30.598399797479516,0.00045141995139192574,127,600,81.44113842690267,77.880859375,32.61828937433301,8.971541957463302,22.705822385871887,8,20.595007725749948,63.11984239613076,13.134571173384881,0.024235389339687066,4.013513513513513,Subject_14,Trial_6,1,Squat
6,6,0.011985300193556188,0.017020574324258127,22.490499546673107,23.874717985563926,0.00028969992604966515,107,495,75.9644398452555,71.533203125,33.5304206488324,8.96091881594872,23.834364619802603,20,20.838017688415352,52.99962742032375,12.511207376181284,0.024857246091552942,3.9864864864864864,Subject_14,Trial_7,1,Squat
2,6,0.010434097933196376,0.022670188317958834,14.787802453493015,16.913672749711324,0.0005139371437698938,18,237,61.59929077357375,54.443359375,35.51473629683917,8.250617595190912,23.66072244003951,5,23.132821925549038,44.886656274519616,10.711596524484388,0.027917758543313912,3.2432432432432434,Subject_14,Trial_8,1,Squat
6,6,0.011348975157104643,0.01584428504134281,23.42345528733845,23.378888823635563,0.0002510413275225998,144,556,82.51999603173749,79.7119140625,33.58211404005461,8.028505224972012,20.215503382473496,26,19.15351255939866,59.168058585282814,12.742031192151817,0.026911191700204822,4.121621621621622,Subject_14,Trial_9,1,Squat
6,6,0.012457306903296292,0.017118534849151937,20.393561900069436,20.86598906302129,0.00029304416499191684,100,470,77.58455610344602,71.044921875,33.83511738091888,8.197291981226439,23.69651488282374,15,22.615338399110808,47.278315926134525,11.490427628156791,0.026808715322247486,3.3513513513513513,Subject_14,Trial_10,1,Squat
1,4,0.030688500489888988,0.0913149874976715,30.930339162822115,58.64572443617786,0.008338426906652952,6,25,33.506052991673236,27.587890625,37.11187796146355,9.023687156186648,21.598290854304132,51,48.55195257803383,191.08451585609745,44.63554650481054,0.03943254297554972,3.824324324324324,Subject_14,Trial_1,2,Squat
1,4,0.040742331426730116,0.14802062379235129,44.68265133838286,93.25919663578523,0.021910105067860373,6,21,32.08758338229253,27.587890625,56.335512202852684,9.798979780213333,24.64666069883101,45,44.16247551759032,198.6188085585168,43.46139645675614,0.04526902674285665,4.581081081081081,Subject_14,Trial_2,2,Squat
1,4,0.03229671989430513,0.10129097950255402,35.76963736999301,73.28125744017834,0.01025986250517027,5,26,32.57330924011395,23.681640625,58.19937683084708,9.553748336746871,21.48194755842844,34,44.463516620478494,196.22973837440279,40.16961820491407,0.047347349638658845,4.54054054054054,Subject_14,Trial_3,2,Squat
1,5,0.03656290738604448,0.11309082475543622,37.373062217906146,72.83331151300061,0.012789534642292549,8,22,36.03303783374725,24.658203125,45.30306361679726,7.6253523219934785,18.280524096367774,38,50.496988300979744,171.97034595272456,43.974303913823455,0.07912814575785386,3.9864864864864864,Subject_14,Trial_4,2,Squat
1,6,0.04644666578876529,0.15259469285151955,47.315381786021014,91.26769827492379,0.023284867001643457,5,20,43.417724768091006,32.2265625,57.3940817721565,7.578672227772,17.5129723983514,38,17.00543251030015,85.85208650153326,16.639928267019283,0.03337920440175797,3.9324324324324325,Subject_14,Trial_5,2,Squat
1,4,0.08806429332459745,0.3039663155589665,95.47407681841926,199.8178815535116,0.09239552098592996,7,17,36.51755115419725,30.6396484375,38.225513988935674,9.626488573189041,24.816576870891364,48,43.987369347147386,203.10825336475722,43.272942840403864,0.03565211081508772,4.54054054054054,Subject_14,Trial_6,2,Squat
1,4,0.04768130973194062,0.14365455147427145,47.90324604081082,94.36131195951049,0.020636630073080257,7,23,40.25112370350522,27.099609375,41.76558925924666,9.0876448163092,22.332977607088974,39,47.27963279014977,173.8140766751336,40.51063682025649,0.04262042123364749,3.9594594594594597,Subject_14,Trial_7,2,Squat
1,4,0.04075112188458161,0.11694070630226112,46.43786384578767,94.66485613788308,0.013675128453279183,11,29,35.165050414124146,28.6865234375,50.0804330787947,9.417481628813867,23.3596270344085,21,43.87054578884042,260.61953888332073,44.998184804331395,0.04511508151118438,4.648648648648648,Subject_14,Trial_8,2,Squat
1,6,0.04172600381698534,0.15062725341935876,37.81077760303246,81.15707742403649,0.02268837518165733,6,17,34.992961090477294,28.3203125,58.12527964827891,8.158719933760398,18.39304808677857,42,17.487126798346907,91.59349144595731,17.259736588690135,0.03991322660709341,3.891891891891892,Subject_14,Trial_9,2,Squat
1,5,0.04260057000128959,0.12060554664052126,44.43832582713735,96.10688592290931,0.014545697880377543,6,31,31.985056309760015,28.3203125,49.228202000465124,7.499272292604003,16.489772226001847,45,47.55032921344813,169.90574400852253,43.27634110016362,0.0784000327331262,4.513513513513513,Subject_14,Trial_10,2,Squat
6,2,0.00897536257708084,0.011624729757905496,16.302027101134264,15.15041203011246,0.00013513430881092241,145,640,85.42660923094336,83.49609375,43.89121601876203,14.75318947184544,34.71322066392922,21,58.97654347561042,183.90360312195898,53.91213145940003,0.09365091434199548,3.3783783783783785,Subject_14,Trial_1,3,LegExt
6,2,0.010500508866628223,0.013561139766960304,22.775823111277475,20.780507047057252,0.00018390443625689533,168,772,88.6675726300023,84.47265625,49.65295538822466,18.64880073270625,43.04654787841085,23,53.86467397078566,159.86834917111528,52.79715753277241,0.07846180954014019,3.9594594594594597,Subject_14,Trial_2,3,LegExt
6,2,0.010711942618225858,0.01402949276138427,19.29667640872648,17.214091787488954,0.00019682650981694643,164,640,91.51020566412896,88.623046875,55.60586715425368,19.17212755866097,46.61604244625671,24,64.89728443902847,188.26692011722923,59.63980496373826,0.09825592747049387,3.2162162162162162,Subject_14,Trial_3,3,LegExt
6,2,0.00909269088621325,0.011580723271543237,14.894745933389977,14.248246618696164,0.00013411315111886137,113,596,82.60177394620729,83.0078125,51.00951916700029,17.28711613533017,41.626239211004716,12,63.550522451314144,149.93883380836422,49.413697653628894,0.09935448078167299,3.135135135135135,Subject_14,Trial_4,3,LegExt
6,2,0.009854206243902583,0.012694083224702762,18.3290778712335,16.702879583414877,0.00016113974832688,127,652,87.74748503709715,86.181640625,54.72234489044486,17.981768983011737,45.28023481928305,22,60.24129813886719,162.20984303112314,47.452311403743266,0.08492018598098831,3.391891891891892,Subject_14,Trial_5,3,LegExt
6,2,0.01005851243019844,0.01280061269812833,18.47699866885963,16.978768982174966,0.0001638556849260838,142,664,87.5519142854363,87.158203125,55.52977424147704,18.29843444959117,44.960171025648,8,60.3052575891311,155.63111614176128,47.546741707546744,0.08033963899724111,3.3783783783783785,Subject_14,Trial_6,3,LegExt
6,2,0.009659536221350113,0.012370203555756961,19.0519557285942,17.483760560643706,0.000153021905150621,164,709,88.4565823380689,84.9609375,52.678302402693625,18.54882784685038,44.02820633283439,15,57.424058416239276,157.11566123214104,47.52366232642929,0.07893223405999615,3.6216216216216215,Subject_14,Trial_7,3,LegExt
6,2,0.009889987588141101,0.0126870041335451,18.93114432755177,16.961328713661988,0.00016095963650161502,173,668,90.72884494899436,88.134765625,53.58697667179034,18.671235699333486,46.54037023534401,18,59.907705679144904,149.28213366742818,47.75562141887676,0.07808550339044912,3.4324324324324325,Subject_14,Trial_8,3,LegExt
6,2,0.009839526837082495,0.012565364733460682,18.376104779607076,16.746874676714405,0.00015788833126845737,161,643,89.20145832528779,88.8671875,50.64688060711629,18.316646295653143,44.16645503926416,7,58.78852090716815,155.36016749686488,49.23451625951363,0.08244382165203554,3.4054054054054053,Subject_14,Trial_9,3,LegExt
6,2,0.009409905075906055,0.012193901229933564,13.965523120048905,13.032718530129886,0.00014869121310120119,129,515,87.93073002182778,84.716796875,49.262442281168404,16.585775797717677,43.31518959458568,13,64.69246588182868,167.128271450016,50.609872821026215,0.08011756947931725,2.77027027027027,Subject_14,Trial_10,3,LegExt
2,2,0.010567118253743924,0.017510186288942523,19.0291207295179,21.97960596778736,0.0003066066237854331,85,307,67.50373223822966,61.8896484375,54.453903120648995,18.835006195166734,45.49062367529106,19,52.6957061366962,151.17024328729093,49.44015596662182,0.07560264042552825,4.162162162162162,Subject_14,Trial_11,3,LegExt
6,2,0.011572531134853533,0.014918190261955651,26.162629974060327,23.44594807921326,0.00022255216126916647,193,786,89.62119871500704,88.623046875,40.037111589703564,14.440698064537624,35.707692004668,7,38.37372571138414,107.43380963068867,30.1931349524262,0.042019788245472846,4.054054054054054,Subject_14,Trial_1,4,LegExt
6,2,0.012225440063511166,0.015713337810110372,23.845883150139354,20.966629708921648,0.00024690895684157397,145,700,92.48677679058166,92.28515625,40.54149213787985,15.070763453282126,37.17004096067037,21,47.25613246441914,113.09096322547163,35.32647274489091,0.05249694832196791,3.4324324324324325,Subject_14,Trial_2,4,LegExt
6,2,0.011801300300689472,0.014958803244607894,21.233754584714248,19.212516889522462,0.00022376574661625548,156,626,90.839570254588,90.8203125,43.292408684554374,14.532970962617036,35.2481387384687,23,50.2899383753869,124.6950963855599,36.53838612671387,0.05760914572875832,3.2567567567567566,Subject_14,Trial_3,4,LegExt
6,1,0.016301748934092176,0.021959249997884494,36.116100149595304,30.38646001314782,0.0004822085870054486,174,734,98.89109357139942,98.876953125,67.61772084820892,6.803566850538548,16.398807105025096,58,20.71035299687372,201.85057219964844,20.143215241988045,0.05658067247563164,3.72972972972973,Subject_14,Trial_1,5,LegExt
5,2,0.02329142333680067,0.03505034568787302,33.27171982924283,30.837844497924088,0.0012285265874461514,101,337,88.87929424231237,84.9609375,41.649814940412824,15.857772960008774,38.30592463013439,18,42.37800237205744,123.5641403682328,35.29236859600178,0.08261920874996427,2.6486486486486487,Subject_14,Trial_2,5,LegExt
6,1,0.01570680505176943,0.02129203913088974,38.13809276664411,31.712039399522478,0.00045335092765395017,215,832,101.89501293954292,102.05078125,49.08952295234893,5.793036376388532,14.325108228799369,41,18.5258649663432,123.2829553034091,15.303873410646167,0.04490941651807595,4.04054054054054,Subject_14,Trial_3,5,LegExt
6,2,0.015556285506527075,0.020818338043898557,40.03709158712543,33.92825868973555,0.00043340319872895274,214,869,99.20601125881514,96.6796875,45.593078033877035,15.26616918708974,37.69123472105178,8,51.83434054510117,105.94737923647675,34.51726644749131,0.06389401364471183,4.364864864864865,Subject_14,Trial_4,5,LegExt
6,1,0.014931676581668241,0.02020516843185561,38.542076261087246,32.77503009676179,0.00040824883028882337,217,796,99.0226383939913,97.5341796875,62.87589271992241,5.477253134001746,13.386833454758682,31,17.69044940531044,124.05211895584188,16.211807940563954,0.05232934147207884,4.391891891891892,Subject_14,Trial_5,5,LegExt
6,2,0.01666836088703965,0.02257647072053809,36.17224320488019,30.386421897073284,0.0005096967375778686,165,697,98.75926552050987,95.947265625,41.86132382704631,13.745354311439804,38.08363826509154,14,55.37807273368827,113.12660800858704,34.69337163290766,0.06607949568862811,3.6486486486486487,Subject_14,Trial_6,5,LegExt
6,2,0.016595722543278252,0.022182176244329607,38.78610641006519,33.17484936401323,0.0004920489291538982,207,802,99.78254004055276,98.14453125,41.72686472522079,15.408170407057229,38.134952612169016,30,55.237800550094114,130.77775510828485,41.45728946509737,0.08032607057749715,4.0,Subject_14,Trial_7,5,LegExt
6,1,0.015694316152550753,0.021268845506690524,36.87607217290143,30.2115585936602,0.0004523637419458367,194,767,101.99754374674232,100.830078125,42.02281636989131,4.221717157951132,10.82936984859925,74,16.584651289236437,72.21308278180683,9.23839024060554,0.037617798613846454,3.8513513513513513,Subject_14,Trial_8,5,LegExt
5,2,0.01719665722304207,0.027384022310346874,38.368553927735675,34.72005093332194,0.0007498846413102442,134,490,91.48721354109236,86.181640625,42.67399968602055,15.637613746262565,38.89872855313017,12,53.71028489625731,123.32112696904893,41.16192554698898,0.07252377197332162,4.04054054054054,Subject_14,Trial_9,5,LegExt
6,2,0.017532614570435288,0.0234264568233231,38.96790607764403,32.80352186128442,0.000548798608308277,204,736,100.5968439067221,101.07421875,45.0684396504261,15.964153689009562,40.1794285527501,11,56.21693036450798,135.3499320302923,44.32409637217779,0.07808699712960081,3.7432432432432434,Subject_14,Trial_10,5,LegExt
6,5,0.028866480070697628,0.0637472403700242,54.77058138568533,47.36989379601481,0.004063710625720631,83,238,104.03587760551515,108.642578125,87.42569582407812,8.375127387353619,23.408596377137556,30,72.96973137572172,354.0538352011675,65.99507410980351,0.1941820808016846,3.2837837837837838,Subject_15,Trial_1,0,Squat
6,1,0.03191683804468498,0.07193288941283119,68.81811143223857,58.85464935439911,0.005174340578825591,100,268,99.1833164756578,93.505859375,70.63310426814616,6.422306824801432,13.887688870422183,41,65.1026242796857,361.44336382371495,65.81839965372185,0.17807817823565245,3.689189189189189,Subject_15,Trial_2,0,Squat
6,5,0.03409421976894563,0.06464156364728334,74.68114459298084,66.31325745059925,0.004178531717650827,115,391,99.14749135568903,98.6328125,65.9250565330452,9.561217825545931,24.832662594607164,30,64.2228522358734,317.2075182594545,45.475173549794235,0.10423370191952823,3.891891891891892,Subject_15,Trial_3,0,Squat
6,1,0.032249393275491464,0.06829331308840111,67.07055273516606,55.533455220396306,0.004663976522015751,88,298,103.76980333940172,108.154296875,72.27049420261417,6.536300800701793,16.080940619259536,41,68.0538405692063,356.1375656908797,63.1407621137984,0.20572136667752175,3.445945945945946,Subject_15,Trial_4,0,Squat
6,5,0.02904424017151831,0.05952083049219313,55.84553762486598,47.28402299923181,0.00354272926033033,84,309,105.30110865298312,107.91015625,104.83271682810333,9.15032678214139,24.334364346763437,42,71.15243310640005,393.4451544082456,69.31944690259546,0.17539629035133994,3.2567567567567566,Subject_15,Trial_5,0,Squat
6,1,0.03493421580823275,0.06981823929200509,54.435744797162606,47.44066506758008,0.004874586394535225,78,243,98.80420855610325,99.609375,83.52931643653311,7.367250096615216,16.377453271226607,43,79.87761955075626,318.5181092731742,67.37609576104943,0.22804123237390675,2.7162162162162162,Subject_15,Trial_6,0,Squat
6,5,0.031785511109636615,0.06562560457305297,60.481947343344295,51.079316353186044,0.004306719899465354,93,262,103.58031958058801,105.712890625,88.6142518639065,9.386880350198695,24.615127704072133,18,73.77791227835986,372.18124607957714,63.37333524035532,0.20787279129220013,3.2162162162162162,Subject_15,Trial_7,0,Squat
6,5,0.03450906502742302,0.06708321122590666,65.71951680568333,54.31726835316384,0.004500157068423589,118,313,106.21989464261053,106.93359375,71.74960099889267,8.468565477110252,22.78466406346879,19,72.20775636589863,388.692258125278,59.8184849341723,0.17495312119764506,3.1486486486486487,Subject_15,Trial_8,0,Squat
6,5,0.0319298361033508,0.06697808395784348,59.77857315629916,50.672649896017724,0.004486063596531979,93,261,101.48965459587991,95.21484375,78.09613330295333,9.212463898372903,25.22526507108578,24,72.6477754153438,366.2475363140985,64.84484671520728,0.19507354451072978,3.175675675675676,Subject_15,Trial_9,0,Squat
6,5,0.027144349854094925,0.05485116661335452,52.232186946311046,45.466786005609,0.003008650277304765,100,266,105.40408232306244,110.595703125,93.05732056471629,9.212600630635102,23.566540339268087,30,71.20734786644205,356.3416136195352,65.32863932395855,0.1957856356908566,3.3513513513513513,Subject_15,Trial_10,0,Squat
5,7,0.02642782321954335,0.14897476685912614,24.691278124783473,43.8966143676615,0.02219348116066432,2,4,41.9697859172024,35.15625,68.31578269042933,9.168877803376574,22.513651121882305,19,27.195811371260124,88.06415761063846,17.39866138330084,0.08287413453980969,3.324324324324324,Subject_15,Trial_11,0,Squat
6,0,0.012989618746086165,0.032347995061468765,29.416035195402205,25.26480846113759,0.0010463927840056299,86,222,106.30508646708122,105.95703125,73.9290385376191,12.20895338928219,32.38746635092288,64,50.919949120663446,214.36214730975578,58.40326614404419,0.12300053840798363,3.891891891891892,Subject_15,Trial_12,0,Squat
6,5,0.018884706396242117,0.04560853804775362,37.855424350100876,31.631883213705546,0.002080138738580009,90,220,99.69914943738421,95.947265625,58.94127345261555,10.180813664589865,24.585982921563595,46,66.79802800046298,230.26593249191157,61.47239133607613,0.15664759101781248,3.3513513513513513,Subject_15,Trial_13,0,Squat
6,5,0.017095676716077507,0.04566509831111903,38.820831365241204,31.52442786444692,0.00208530120341588,76,213,105.52669514725925,107.421875,60.024051111188236,10.500661174839804,25.98782696121907,36,63.941021225242864,263.69885818757103,61.007668239953446,0.1471816155414359,3.689189189189189,Subject_15,Trial_14,0,Squat
6,5,0.02131283726973735,0.046265160434847206,37.04101874482164,33.09883627990211,0.002140465069356693,84,249,97.80933334281643,96.6796875,61.146455678800905,10.160282577319219,25.04909609534057,14,71.78281636146833,264.9766797206753,62.40744152432342,0.183214496632094,3.108108108108108,Subject_15,Trial_15,0,Squat
6,0,0.017623646119029942,0.045447741458314365,40.10139528903312,33.80215325629943,0.0020654971922203533,88,240,105.46210494548964,108.88671875,75.5157746514231,12.735034999563197,36.77559302226333,57,52.203179704023235,221.3748068869679,57.646007827281956,0.10586365159797857,3.8378378378378377,Subject_15,Trial_16,0,Squat
6,1,0.017295851596862994,0.04079019673929488,39.979700107618626,32.70645536966792,0.0016638401484614083,104,290,106.25109059779325,105.224609375,61.465147349165676,12.704645643827673,35.497207487203966,36,61.66869322964086,248.9281103322222,62.78695121046813,0.12919707519185852,3.7837837837837838,Subject_15,Trial_17,0,Squat
6,0,0.02097529952655746,0.043836258831758984,56.12167717335472,46.87979444185592,0.0019216173321364566,121,386,104.9247082254956,102.6611328125,65.69404018930432,13.046059898430524,33.032346862636565,50,53.29004345334616,169.9684498416398,48.42001095627494,0.06392605032722935,4.472972972972973,Subject_15,Trial_1,1,Squat
5,1,0.024549387763653535,0.14851852561126275,27.69051142749344,46.742034301996334,0.0220577524477513,2,5,44.472939817111524,36.62109375,76.33866042303369,12.440219189931046,32.98394493994281,26,68.9224298786321,311.30497980490685,70.75349322910918,0.13324155402600574,3.810810810810811,Subject_15,Trial_2,1,Squat
6,1,0.016354992627396054,0.039439624397719565,36.81732199477494,30.812806110014165,0.001555483972518574,81,261,100.28728155086115,95.21484375,65.97425626290101,13.343753573033153,34.744055449831464,24,60.4043904833734,250.6349858171347,58.432787793929364,0.13728491360665712,3.77027027027027,Subject_15,Trial_3,1,Squat
6,5,0.03636181084464255,0.06998707031285416,67.86742986023913,57.233490269467374,0.004898189969147106,91,301,105.26077495409277,107.421875,91.30629023276076,8.356167046549116,21.407383033372874,28,72.91934777362691,373.0713193656824,61.765835405120534,0.16411932787653502,3.1486486486486487,Subject_15,Trial_4,1,Squat
6,5,0.03331596313866181,0.06270270838779461,65.88289011774074,55.80423825725853,0.003931629619295886,109,333,99.96977214870766,98.388671875,55.359574666767465,8.952985950040228,24.660217526493565,16,71.19425801726142,231.9079648962693,48.48347559034215,0.1455859883593065,3.3513513513513513,Subject_15,Trial_5,1,Squat
6,5,0.02864084167879835,0.058919509182949206,60.145751727942326,53.7588598311045,0.0034715085364682946,75,290,97.6208972491425,92.28515625,100.50851928936493,9.029989752078869,23.191309815080114,29,62.99635634385853,328.4593265577876,56.6745556492946,0.18024759009561508,3.7567567567567566,Subject_15,Trial_6,1,Squat
6,5,0.03758012061147645,0.07550393769261723,71.80182519236246,60.391253822642646,0.005700844509765255,94,283,102.25746020606246,103.515625,74.86092780484269,8.823478524987634,22.26213970266788,34,71.01634565196156,367.86807086963114,59.74888430538577,0.19096354702341273,3.2162162162162162,Subject_15,Trial_7,1,Squat
6,5,0.033267535742821326,0.06420408716493392,62.797483505385856,51.89735575880127,0.004122164678419318,84,295,106.94457751912556,114.013671875,83.75894170471122,8.77158514016826,21.64602867072304,31,68.69589867037752,374.873922555208,57.248183217480424,0.2039967643744354,3.1216216216216215,Subject_15,Trial_8,1,Squat
6,5,0.028798119645431396,0.056388071959955155,60.93498038497924,52.498972113621434,0.0031796146409463566,124,334,101.60869662378273,104.00390625,56.28131275057388,8.958171984969454,22.51807867286306,33,69.37493560366853,303.34197963623524,53.51103998058278,0.16226800363041136,3.6486486486486487,Subject_15,Trial_9,1,Squat
6,0,0.03153026964315509,0.06350943960473004,57.06955540014752,50.259249811189214,0.004033448826666418,89,266,102.880905490713,103.515625,46.980421880950814,6.429266051233557,17.669272455288358,40,55.542715897664614,148.0880332868932,43.468171943039025,0.062136597045881016,3.189189189189189,Subject_15,Trial_10,1,Squat
6,0,0.028608001085895354,0.05127940210892227,53.254123847895194,45.973057745033834,0.0026295770770198013,123,317,104.77457185047791,106.689453125,60.20238549440652,7.22998922233657,17.934021761015423,40,55.3151498514216,161.9677124406041,43.80955020165662,0.06134935904874059,3.2162162162162162,Subject_15,Trial_11,1,Squat
6,1,0.029774035020341275,0.05857247920071876,54.459407709041294,47.84687427768843,0.0034307353191935053,90,281,100.22870437781927,102.783203125,94.88101905993261,7.229596392358605,14.55034628401712,38,67.67665976513119,312.57320211962195,60.64339341049115,0.19365475709234106,3.2162162162162162,Subject_15,Trial_12,1,Squat
6,0,0.03305647987032864,0.06486023491229351,68.61627820222813,60.49335816270141,0.004206850072862727,124,329,101.25770507665808,103.02734375,60.35844584509725,6.709550750988324,14.280757740390609,36,49.9357805981041,148.6075870968051,43.36027903192525,0.06769456066853567,3.6621621621621623,Subject_15,Trial_13,1,Squat
6,5,0.02348565454984897,0.04537510280273318,65.08646579325982,53.6177493373052,0.0020588999542546253,177,466,103.23588227576542,100.09765625,61.72328043039963,10.523127361233586,28.519340279331956,39,50.477877576329526,183.32127308058514,45.18938199732476,0.11112183331049483,4.5675675675675675,Subject_15,Trial_1,2,Squat
6,0,0.017763335116888903,0.03871183640305159,46.81693781362047,38.51091053341514,0.0014986062750270673,132,355,102.90555516822964,104.8583984375,58.64835765931109,10.308079703177903,29.874608013776868,69,43.40292063146998,185.9258390467939,51.334632909487674,0.07444399353507201,4.337837837837838,Subject_15,Trial_2,2,Squat
6,5,0.02429404689515674,0.04559270550382316,58.34414189733789,48.90391639995052,0.0020786947926626446,150,425,102.38488311991252,100.5859375,78.4175550032105,10.340760082346945,26.85700099600669,46,58.72291828106013,250.47665837946613,56.55512592588497,0.1287508465315778,4.027027027027027,Subject_15,Trial_3,2,Squat
6,5,0.019270189248798437,0.039660875103077815,46.28437385779743,39.041403418065634,0.0015729850125813715,126,342,99.01376758411344,96.435546875,53.01144786312865,9.681599160824447,25.50152209923509,51,57.29067787581051,204.9260457277272,50.20980786565767,0.11724141722635627,4.054054054054054,Subject_15,Trial_4,2,Squat
6,5,0.015689145214977905,0.03579638387047657,44.01326425059805,36.24192544659896,0.0012813810939717894,131,315,105.19512879832469,102.4169921875,56.59009941215817,9.266064423928796,24.31647173088717,22,52.644830983070726,219.90364816043305,54.074599224831964,0.11894505240711309,4.621621621621622,Subject_15,Trial_5,2,Squat
6,0,0.01967173499790557,0.03970450079812155,39.9762069968601,32.95015612149183,0.0015764473836200963,101,281,105.35877175142612,102.5390625,69.70088908383684,10.874974596086426,31.133728768753542,20,53.690204126195084,201.965572927249,54.123385612476355,0.09366360433671041,3.3513513513513513,Subject_15,Trial_6,2,Squat
6,5,0.01961516669901959,0.03870143765193688,44.18347278754368,38.01419306269996,0.0014978011674814393,119,344,99.70461153390899,100.341796875,61.85724466764155,9.852881906607916,24.334308082016957,24,60.655103611396804,191.16206258286502,52.164028793730346,0.12509879214758834,3.8783783783783785,Subject_15,Trial_7,2,Squat
6,5,0.022277174994456084,0.04511479650156596,57.53502464046653,46.180583763507464,0.0020353448624512455,143,372,108.5704346971571,108.7646484375,71.10827261284365,9.896848909923595,25.034889066557025,44,58.82952934416961,259.92029938121226,56.660881400507215,0.12260535091335319,4.148648648648648,Subject_15,Trial_8,2,Squat
6,5,0.016648220805440643,0.0329519761102521,36.69289487796138,31.698212413558984,0.0010858327196266687,128,306,104.38792016409855,108.3984375,68.6412368940864,9.342436097538743,24.019161580792797,38,62.881393012986976,261.1229971444397,57.278257632434915,0.14302742642781455,3.810810810810811,Subject_15,Trial_9,2,Squat
3,5,0.013580627036798625,0.05036113961652752,20.05195923134287,26.876060905824477,0.0025362443790767244,19,66,52.8494452564219,41.9921875,60.910388473274274,9.406970044184112,24.98474040467709,40,59.689020954806516,211.32698563613286,52.47839212470105,0.12073116505404019,3.9594594594594597,Subject_15,Trial_10,2,Squat
3,3,0.013874116996599711,0.08247232452135592,13.429699177064784,22.670307172443927,0.006801684310767173,3,5,52.4704302078419,40.771484375,42.27843218319699,7.085585627629049,18.212593948717252,32,64.04177047927818,210.01879191298758,64.32900847253366,0.12886044887672307,3.27027027027027,Subject_15,Trial_1,3,LegExt
2,3,0.02661880140976635,0.04612990757483311,46.474211809966704,42.776413865494526,0.0021279683442300833,92,355,86.13733895212326,79.1015625,61.20445191728669,8.079129336296113,18.58212922617028,28,67.77550020014363,245.25718749083853,69.71768365552312,0.14650289280387668,3.2162162162162162,Subject_15,Trial_2,3,LegExt
2,3,0.02758406646921974,0.04604940976870681,42.577846941288115,36.13512707467786,0.0021205479765244685,94,320,97.88701217128319,97.65625,62.744098681397325,7.82514602275248,20.201307960967636,16,77.42480870405298,241.71117549538988,72.1669151322035,0.1874438916105352,2.6216216216216215,Subject_15,Trial_3,3,LegExt
2,2,0.028419670305945593,0.05305068522819457,40.19985915366334,38.76443029730979,0.0028143747539252652,69,258,78.51696110609812,72.509765625,48.14172110651856,10.776027256923502,28.64223461219669,22,80.98460687661559,206.08840468845713,65.94490133169442,0.1405642780828161,2.72972972972973,Subject_15,Trial_4,3,LegExt
2,1,0.029075482196441287,0.05571730563635987,50.9572421987453,47.50933790898506,0.0031044181382742014,87,291,88.11179420206136,83.740234375,59.610433842652256,6.084005212491867,13.601931772824658,39,35.72742153511901,273.96569212158033,37.96761808543014,0.11833622983027092,3.27027027027027,Subject_15,Trial_5,3,LegExt
2,3,0.02609304677753666,0.05191219979657647,38.817424891210756,37.54789431287525,0.0026948764673672683,69,266,80.71082242360175,75.439453125,59.21779197867248,7.9262715004904845,16.673249959544414,40,73.8462044214511,271.0710135790061,77.09432499746747,0.1716740660338999,2.8783783783783785,Subject_15,Trial_6,3,LegExt
2,2,0.02722358917127019,0.051122137558280156,45.31586907165732,42.11489244795498,0.002613472939482582,93,310,83.32610532354377,82.763671875,47.15403329721305,11.135467047169211,29.48705558486653,16,75.85618370857193,232.74410808834045,74.16947074876342,0.13719550638332603,3.0945945945945947,Subject_15,Trial_7,3,LegExt
2,2,0.02377239849513581,0.0463949574912563,38.49881365665917,35.63482534420858,0.0021524920684934806,86,305,82.41670555029705,80.322265625,39.461988418273826,10.315011895641154,25.376073622607418,30,77.92376687039648,237.69624129755078,68.40560772831748,0.11716369475480744,3.0,Subject_15,Trial_8,3,LegExt
2,2,0.023773640800552682,0.043059553988427715,39.3892366605728,37.728767950477106,0.0018541251867799527,87,353,76.40479798672476,73.486328125,59.33498629857815,12.431481997670721,31.835844658939287,22,72.6473734432502,253.09558007852476,69.56875527303107,0.14644445175635268,3.175675675675676,Subject_15,Trial_9,3,LegExt
2,3,0.028043227540107622,0.0511491391750573,49.34068530780139,45.45807184251446,0.00261623433042996,94,341,83.38369252778367,82.275390625,49.894042391370974,6.198707931076179,16.728313167216164,20,65.80410756382192,191.35184971345797,58.66959343971905,0.12988231051660187,3.2432432432432434,Subject_15,Trial_10,3,LegExt
2,2,0.011379855670167102,0.023168699086039045,17.55591734738092,15.214867031013416,0.0005367886131477405,52,215,100.83977451827856,98.6328125,37.37185058922449,8.913969994254144,20.026613680361603,12,54.37138568432459,131.6004885501853,41.78444867783121,0.07814457404155321,2.675675675675676,Subject_15,Trial_1,4,LegExt
2,2,0.010311505394868628,0.01822510517218802,17.440369237148854,16.08594841599506,0.0003321544081171658,73,308,95.2888875482425,92.7734375,36.37748052962921,10.424171535585462,27.398820657522954,35,58.133197792807245,164.05991840672132,47.01954074484472,0.0955932282387554,3.1216216216216215,Subject_15,Trial_2,4,LegExt
2,2,0.010664080268951319,0.017298027889071074,15.783616393295585,14.545805486849599,0.0002992217572246661,82,316,93.19106644194927,89.35546875,34.171358253788945,10.090023965723251,25.492108737400955,32,60.91766935774668,139.25768978119368,45.893681466829,0.08444452463211562,2.72972972972973,Subject_15,Trial_3,4,LegExt
0,2,0.015324479707432049,0.024229253827610257,19.531753854034832,19.354817870486677,0.0005870567348889092,58,269,82.92284877063544,80.810546875,34.43597565564601,11.224203375895707,30.664839856943193,23,71.11948309539167,165.468142463765,50.35022670604635,0.08726514059888789,2.527027027027027,Subject_15,Trial_4,4,LegExt
2,2,0.013264982505521607,0.02230413979457879,19.34075894440076,16.939382659551093,0.0004974746434618129,76,277,97.62577683654115,93.75,40.48578974808292,11.45368511758629,29.08491670069079,19,76.03571623932771,186.20746364831223,62.58327470530446,0.11288215745395914,2.554054054054054,Subject_15,Trial_5,4,LegExt
2,2,0.009587313932796666,0.0169376718769704,14.024044334628421,12.559381251963632,0.0002868845240646967,71,253,97.91049180627535,96.923828125,35.54502314606213,10.343398373721424,26.894264234481373,12,59.78203743264006,128.4227733995294,40.298286681618215,0.0817187624660408,2.6216216216216215,Subject_15,Trial_6,4,LegExt
2,2,0.014418851831395282,0.023924716656376584,24.926362186036922,22.594340819796408,0.0005723920363824577,100,380,94.27419565387437,93.505859375,33.15962801553591,9.405697147577728,23.00558996087587,27,52.00780417462634,129.68542670468045,39.62262214078456,0.06696990532085097,3.135135135135135,Subject_15,Trial_7,4,LegExt
2,2,0.01359935817227637,0.02381370450885125,19.87490395955154,17.815159205682043,0.0005670925125528646,84,266,97.58201060768334,97.900390625,38.77289110072866,9.397724577777973,24.22215377615263,24,55.022157522928126,121.96201908997793,40.25647556426826,0.11017245533550138,2.6216216216216215,Subject_15,Trial_8,4,LegExt
2,2,0.012890726994665962,0.021476804452556352,18.265275017822916,16.719272912081752,0.0004612529581118865,79,292,97.07686235532461,91.064453125,43.48644835379615,10.319953969279634,25.675590545448067,23,62.773265513107056,141.52169030810344,46.884617823844934,0.12999839629667445,2.5945945945945947,Subject_15,Trial_9,4,LegExt
0,2,0.010343220918239636,0.01769224510521417,12.371699532586266,12.991085473308981,0.0003130155361623188,64,225,77.9712411373995,74.21875,32.62887326262818,9.244406066095504,24.58456919127371,21,58.873934803045294,135.91992505561353,43.845540293415056,0.08822939398969415,2.5135135135135136,Subject_15,Trial_10,4,LegExt
2,2,0.01138575099138309,0.018753492800045853,16.81555897163718,15.154434569530892,0.0003516933971954718,90,318,95.73605152839424,95.458984375,42.763828978945284,10.621111229618432,27.70249153925417,29,62.45920002650759,137.88649309943875,46.57336565447523,0.1147152892916274,2.6621621621621623,Subject_15,Trial_11,4,LegExt
0,2,0.013328763820778211,0.021783639717748698,16.175189742284108,17.194105328803893,0.0004745269579662995,59,250,80.56184847770005,77.1484375,35.95515956820667,11.151427947217904,29.502187496211906,22,68.13114276114251,157.58171773671475,49.196305645680596,0.10047920506099184,2.581081081081081,Subject_15,Trial_12,4,LegExt
0,1,0.010372448946564096,0.017189947847585686,16.380915316667313,16.8137397423804,0.000295494306810182,70,303,79.82129672289125,73.73046875,46.67366490233109,8.375509073281878,22.658103524851036,25,28.07379743377337,136.73731824497477,19.62486742866487,0.09645450334521931,3.2432432432432434,Subject_15,Trial_1,5,LegExt
2,1,0.01919766610711339,0.031135056057906157,29.949387907347166,25.41770992581813,0.0009693917036273831,101,331,101.31769104665086,103.759765625,43.6401507679351,8.35171930840087,21.37177102147449,50,33.13024626775399,158.66883765560323,24.439671565906483,0.06921147383946015,2.6486486486486487,Subject_15,Trial_2,5,LegExt
2,1,0.009653152229739993,0.01883618729702701,16.2830613665939,14.489381496839728,0.00035480195188794723,76,263,96.57577962250139,94.7265625,67.9818628205661,7.933408056879374,20.241588071180914,41,32.56695219200709,234.7958084978591,31.039651391618786,0.08995470174495324,3.0,Subject_15,Trial_3,5,LegExt
2,1,0.010074303940494984,0.020842479188673543,16.336397136751575,15.121530214682972,0.0004344089366329035,62,224,92.42877031544243,91.064453125,48.08930209007639,7.6820504257250946,19.18703147685754,46,32.43837306791574,212.79068138393353,26.519557842245497,0.1078037705796634,3.0,Subject_15,Trial_4,5,LegExt
2,0,0.014787859795232347,0.02990232638774208,30.102274593465648,27.357540621179844,0.0008941491232969026,88,292,92.86702038458392,88.134765625,30.84237083173152,6.262747581758847,16.108104417265757,30,16.14011960573598,46.285405830417915,11.544853092334982,0.049149664033308796,3.7027027027027026,Subject_15,Trial_5,5,LegExt
2,1,0.012255122163403614,0.025240141060346746,22.017065181468205,20.85821792211295,0.0006370647175856789,85,256,89.5772089827298,84.9609375,46.4415795195882,5.70241066072871,15.489870698292913,57,26.218084885365712,176.70746393225042,22.519921587017848,0.07912158351354348,3.4054054054054053,Subject_15,Trial_6,5,LegExt
2,1,0.014473797505837944,0.02640476789267014,23.43642018529699,21.015953978476695,0.0006972117674163981,95,265,92.7718887553382,85.44921875,35.50634603739522,8.253801999328868,23.650196960831934,39,31.975915676042455,90.29301149258801,21.720328270904062,0.06648454881890141,2.9054054054054053,Subject_15,Trial_7,5,LegExt
2,2,0.013156863945126766,0.025257982802940337,23.741068135695063,21.064139176147954,0.0006379656942824609,98,281,96.04561030570835,94.7265625,32.88036536468316,6.467103321421715,16.789870384541477,12,52.870371608639175,128.20700272668836,39.08630297787198,0.09898450634372732,3.2027027027027026,Subject_15,Trial_8,5,LegExt
2,1,0.010844197597926354,0.020149489841387164,15.291585676042738,13.772130949366469,0.00040600194080492866,71,229,97.35544005071897,94.970703125,35.16229222347722,7.022041176109482,18.181169601424568,39,33.65390104106151,95.15762243078548,21.299926870746994,0.06305818205166404,2.5405405405405403,Subject_15,Trial_9,5,LegExt
2,1,0.0145550552476518,0.023988594481993773,26.263243361233076,22.909656959803932,0.0005754524838128991,98,384,95.80890508211465,90.8203125,32.198815563591175,7.7331415532816035,19.540378717957022,33,29.0361110595304,93.00458693520358,18.9822907057305,0.04689693194070008,3.1486486486486487,Subject_15,Trial_10,5,LegExt
2,1,0.018676697211649867,0.03012884199861377,33.34610264203522,29.39712141113689,0.0009077471160381669,120,390,99.47335047245952,97.65625,35.265315508770286,7.119998833323318,20.315794296464375,36,32.38323153989165,88.41117445361735,21.494382503833283,0.07844047399232797,3.1486486486486487,Subject_15,Trial_11,5,LegExt
2,2,0.017550386772918123,0.027804217278007064,33.26498942763475,29.396897844637856,0.0007730744975271768,114,444,94.80668113072498,89.111328125,32.84508683588314,6.817102199223723,18.778331297155294,16,50.673087728760024,147.7931094572866,42.74456930053917,0.13102446963597514,3.3513513513513513,Subject_15,Trial_12,5,LegExt
2,2,0.017657418427515288,0.028633904097614824,33.117750809898794,28.74627719999489,0.0008199003909126395,103,431,96.91065057271653,95.703125,36.09197115487941,8.238543728238856,23.555600644891335,26,49.69410552149247,136.1637787639937,42.081894974724996,0.11341298886675526,3.2567567567567566,Subject_15,Trial_13,5,LegExt
2,1,0.018425316238311666,0.03005202369816484,38.941052884721195,34.215812254544765,0.0009031239257124989,116,458,94.65483985936281,90.087890625,46.345521426157475,5.594395009249151,14.405683362260348,64,26.071726698185095,136.79738660028107,21.16511287639813,0.05694113605665679,3.7162162162162162,Subject_15,Trial_14,5,LegExt
2,7,0.024623164359355645,0.04448230474863687,138.86716766490943,125.99673202682284,0.0019786754324198305,305,1002,94.51665289400026,91.00341796875,169.52882788936068,24.16639512473093,59.48240021810019,72,136.38948831653306,358.7503401214311,90.07193956181531,0.42632649530832417,10.243243243243244,Subject_15,Trial_1,6,Walking
2,3,0.028693071712309965,0.05009070610660086,112.33415389653021,100.71268171020797,0.0025090788307519543,226,789,94.26836416612934,88.2568359375,157.587190341397,22.26277911825615,62.216025391957686,55,134.7196536604698,362.28653545769464,97.62366568979002,0.4252051914483642,7.027027027027027,Subject_15,Trial_2,6,Walking
2,3,0.026841785347582907,0.048721009465788105,185.04662857027802,161.99017457266285,0.0023737367625466547,340,1300,93.60619714637154,90.576171875,140.12965481813546,13.342693622256064,30.635610408441252,98,93.16950800381746,293.6198892438688,75.23703542965062,0.24147493029063682,12.08108108108108,Subject_15,Trial_1,7,Walking
2,0,0.05178206260890188,0.07737484109586759,328.6100115075193,275.7912654550114,0.005986866034424634,465,1735,99.7061361392523,97.47314453125,143.55242216512642,12.44505265245596,24.538138883342647,79,76.08302133789313,242.30176240786955,46.83521655315162,0.18979459066045365,10.662162162162161,Subject_15,Trial_1,8,Walking
0,6,0.008893872147962577,0.016395567330346163,10.068981405178963,12.131241609820954,0.00026881462325482,27,178,61.603090676039784,56.884765625,48.018523013349075,9.18241413341366,22.145417326286193,13,23.460179425918597,81.80051543822313,21.22661438481421,0.059954888207265356,2.72972972972973,Subject_16,Trial_1,0,Squat
0,1,0.011624882336327564,0.02179674939448674,12.103513928970472,15.077472390216851,0.0004750981782210009,27,132,60.24264583936513,58.349609375,58.510615258700284,12.526439039673038,34.546332410165256,16,68.52015836417331,190.93533215268448,57.92548589844816,0.16813314541572616,2.5945945945945947,Subject_16,Trial_2,0,Squat
6,6,0.009234837164190646,0.016106777073550283,8.716639789152824,12.226924405388415,0.00025942823231809897,24,147,50.80026427934988,40.0390625,36.14502861552146,8.476748186742913,17.958741939653702,19,23.969290700577375,73.30987636235193,20.020160209069815,0.0589239155009442,2.6486486486486487,Subject_16,Trial_3,0,Squat
2,1,0.006646818621940992,0.012969863528691096,10.441638538486618,11.17994892210475,0.00016821723041801084,49,204,73.0747480928589,59.814453125,39.05752673005563,10.510324835708593,30.19296096081987,19,63.13072668505923,153.6162822502162,39.281353825913996,0.11449867571550172,3.364864864864865,Subject_16,Trial_4,0,Squat
2,1,0.009987537585707645,0.017562881942144087,13.260494196207555,13.563076041390982,0.0003084548051693583,55,228,82.70030345328388,76.66015625,47.787505163303095,12.272731754855718,32.90265046203197,22,64.3731203538715,158.2304264670074,53.17608689103402,0.14196066570128676,2.7162162162162162,Subject_16,Trial_5,0,Squat
7,2,0.008828600485517734,0.018473005618133625,10.406258644017992,12.819127904971749,0.0003412519198489339,28,109,66.60700979019411,60.302734375,44.87387262201028,8.934558036283407,19.818729192616143,29,32.011930401506184,92.48455459156716,19.738708787147527,0.052135901527677185,2.9054054054054053,Subject_16,Trial_6,0,Squat
0,1,0.011306662051877752,0.021078547423392564,12.373407610039209,15.580580307487542,0.0004443051498241873,31,140,60.65379550740365,51.26953125,48.9840464667309,12.133411960024201,33.515606715632906,26,62.44662896124607,181.2315010815971,57.004564471499165,0.15493179997680429,2.7567567567567566,Subject_16,Trial_7,0,Squat
2,6,0.012145232653592672,0.019936274768737782,16.706104497389752,16.323192686428552,0.00039745503520377914,68,300,84.97999169886036,76.66015625,50.818851703139934,9.922646284485715,21.004272460959626,23,24.307750432281136,97.49541071763349,23.546219476712952,0.06559535268925623,2.689189189189189,Subject_16,Trial_8,0,Squat
0,1,0.010540656100212186,0.020109966821125515,11.102410200499968,14.809621820798121,0.00040441076131170553,20,121,52.56762696157756,42.724609375,41.4663128098556,11.640311571314156,32.111987658047376,21,60.43891786176958,185.89271023750825,55.8105129863064,0.1521381080147658,2.810810810810811,Subject_16,Trial_9,0,Squat
0,6,0.008860143265863405,0.01693502421078225,12.46276341342277,15.079963838499514,0.00028679501604831286,36,164,66.97831877732415,63.96484375,44.179689586975776,7.384813012848052,18.211727805987927,14,20.473862533707926,77.9757593891178,18.296339099372982,0.05094117301097832,3.4054054054054053,Subject_16,Trial_10,0,Squat
0,1,0.009166596076751132,0.018493298850162605,12.315104959341932,15.354048428558148,0.00034200208269134536,39,162,59.791031692148024,53.7109375,52.35501773084362,11.851325298714325,36.37124765803509,8,55.46059404139597,188.90704150002344,54.2004178626169,0.1444132649973448,3.3513513513513513,Subject_16,Trial_1,1,Squat
2,1,0.014787935136396913,0.025756664749263337,26.553234410915238,26.071129645467757,0.000663405778045857,88,318,83.51615980476276,78.369140625,50.957700299487456,12.042942023194396,31.449338989648577,21,51.72730620691035,197.46151122732067,38.594481485661746,0.10934082038809688,3.527027027027027,Subject_16,Trial_2,1,Squat
2,1,0.009915618543946458,0.017385869550740868,12.340510065471385,13.32659132306404,0.000302267367547612,42,214,73.41856326060882,68.115234375,44.8586979312266,10.009300521618627,27.15552133367924,19,53.36180874755093,125.38506946317318,39.692729422522234,0.10197698505898588,2.689189189189189,Subject_16,Trial_3,1,Squat
0,6,0.009081775388135099,0.015014508569263327,11.100725415493635,12.941529928092516,0.00022543546211917597,52,227,67.69017379648959,61.279296875,40.06165537973563,5.16998850870221,11.03470814631392,27,15.547111072758213,62.41406844870737,10.242291852738383,0.07280205228000522,2.8513513513513513,Subject_16,Trial_4,1,Squat
2,7,0.012133322258199793,0.019325991271576796,18.61163946129431,20.56598122764865,0.00037349393528461177,56,295,74.61747324133202,65.4296875,43.13827614318751,6.423757915177769,13.85553919054183,29,35.259895895593885,125.91064318974045,28.19043877898045,0.11590903047822523,3.391891891891892,Subject_16,Trial_5,1,Squat
2,1,0.012232311864916448,0.020506394873363223,19.847087694409353,21.064041031386125,0.00042051221394976123,67,322,76.23203203014366,67.3828125,42.52309414150201,10.678658570467903,28.82152007481975,24,44.26300383691183,103.32250947861834,28.51348549009524,0.08151207856581417,3.445945945945946,Subject_16,Trial_6,1,Squat
0,1,0.011186917265157047,0.01638919427575382,12.0099908809357,15.258955149674213,0.000268605567003362,32,222,61.99324455425405,56.396484375,47.221416639395756,11.096935981847512,29.825182061004927,18,51.03697803933878,123.50314970976342,30.097911199041427,0.10678549104282802,2.72972972972973,Subject_16,Trial_7,1,Squat
2,1,0.010969015686768203,0.01834915532932312,13.8478598113591,14.599759879088479,0.00033669056543098264,61,222,78.84932791166125,72.021484375,43.49536749748383,11.63069296619093,31.15122861244302,16,49.90663683368845,110.05854722811472,32.28025137017068,0.09549737152918808,2.6621621621621623,Subject_16,Trial_8,1,Squat
2,1,0.010157171047186634,0.01674282117299766,12.493510740912575,13.996581703023182,0.0002803220602874684,47,228,73.98858832141376,64.208984375,42.70391893417847,10.066682400028958,26.049560229868444,20,49.76040952471291,107.5211292072416,30.22883852546417,0.09740387297084414,2.7567567567567566,Subject_16,Trial_9,1,Squat
2,1,0.011066156598249298,0.017920105981423334,14.724827021910668,15.094237600012043,0.00032113012396025545,60,238,81.67875221731056,79.58984375,44.36448664310481,9.61811616362936,25.21389431891272,34,49.68562657532227,114.26786194446386,32.289629865113326,0.10027350216573531,2.72972972972973,Subject_16,Trial_10,1,Squat
1,1,0.009032704133459898,0.01693692573789138,12.383542696671022,15.373662435148749,0.0002868594440846459,43,174,66.22701319505008,59.5703125,40.19194252460625,9.49478386135581,26.971628609914433,28,40.62953928348839,120.64934355241834,31.005886267758378,0.07222448798405813,3.4054054054054053,Subject_16,Trial_11,1,Squat
0,1,0.010787688298239213,0.01826645032216579,11.9170517387679,14.865434474973636,0.0003336632069650349,32,176,63.026726439598015,57.861328125,44.04187465802062,11.038883601382281,30.762336682176237,12,53.43150883133173,131.49728230905217,38.37927395864854,0.10411760106252894,2.7567567567567566,Subject_16,Trial_12,1,Squat
0,0,0.007680771685585196,0.013778895541845923,14.525437991693387,16.7056784161478,0.00018985796158270472,66,292,64.66147825731309,56.0302734375,37.026235857601925,8.191305187232766,21.53097141658034,46,33.08431642496266,118.95969668431586,35.22722687176619,0.04524923963201606,4.351351351351352,Subject_16,Trial_1,2,Squat
2,0,0.006748408040961262,0.014174573899440643,12.512477062074186,12.666761892884288,0.0002009185047412148,66,225,85.95990442096611,82.275390625,43.030459345087266,8.63332846586809,21.789098405925387,27,40.281892634314126,155.19768414029525,40.94648278471475,0.06438006025132308,3.7567567567567566,Subject_16,Trial_2,2,Squat
2,1,0.01583322947898137,0.02722533720652891,34.83730043970593,30.589799353392007,0.0007412189566499319,130,404,99.69308258923866,97.16796875,45.04560883806276,6.210887694119507,12.356161880173898,55,42.5833610588528,146.3389387086942,34.65184162463668,0.10173305190695253,3.864864864864865,Subject_16,Trial_3,2,Squat
2,0,0.007933552644092495,0.014680065450526187,15.679187795047444,15.375225024251254,0.00021550429440665448,89,303,89.18080472282722,87.40234375,41.50341995949119,7.784006083631159,18.877267636824655,23,37.67583647325831,118.46790247507131,33.3617500263711,0.04173053916095918,3.8783783783783785,Subject_16,Trial_4,2,Squat
2,0,0.00670171736746715,0.014117632471658863,17.290919939051804,16.92853807022202,0.00019930754636159208,107,301,91.23927495031074,97.0458984375,50.896892097793796,7.362475689674814,18.144914760398574,57,33.47382200219721,137.6398932050437,40.366109818183595,0.037723090559315206,5.054054054054054,Subject_16,Trial_5,2,Squat
2,0,0.0072825508297863365,0.013543595953140126,15.930224794619333,15.98519907138101,0.00018342899052162256,101,313,86.2451488763963,82.6416015625,38.27264822573187,8.325332930939163,22.35501417472203,35,34.90637695576868,117.47798330215672,33.13170438344899,0.03945403911377671,4.391891891891892,Subject_16,Trial_6,2,Squat
0,5,0.008479736780556735,0.016555272922523196,14.477031118653798,16.55244619564675,0.00027407705563340566,50,240,68.88846927281706,60.546875,38.95278451389724,8.29609098822669,25.309818943834564,17,43.22274915619751,135.66860903647208,36.86750929440529,0.08676905382139984,3.9054054054054053,Subject_16,Trial_7,2,Squat
2,5,0.011240438005261895,0.02042114578002736,23.251206087316152,21.716526226165982,0.00041702317845355676,89,360,90.3507623697549,85.693359375,40.384366962787944,8.243451101761778,21.915820293019213,11,43.70281727067698,125.89189798772601,36.79822072665179,0.08971292457746229,3.864864864864865,Subject_16,Trial_8,2,Squat
2,2,0.007511874367329887,0.014519164019444999,14.85249729019306,14.715761885599248,0.00021080608791283135,75,278,86.31422466136083,87.890625,40.473509991938826,7.527943723451144,17.034537699868213,29,26.48395448971637,75.9473970188097,14.94630637427089,0.03978257762706686,3.918918918918919,Subject_16,Trial_9,2,Squat
0,2,0.008488696518646624,0.016290927987489764,14.030852238742996,16.34074079839475,0.00026539432389031053,46,209,65.90751340536428,57.373046875,41.559815603953545,7.089869906103376,18.67234055425792,43,23.247445829726168,75.30618498438136,14.322384801281384,0.04245506106882932,3.8513513513513513,Subject_16,Trial_10,2,Squat
6,6,0.011869084154529492,0.020178461219067287,34.02753169935007,34.53903488968082,0.0004071702943874055,133,558,78.84806089822852,73.974609375,48.98286295849826,15.76849599879511,36.649879051709306,26,32.34496943050906,118.12921680246261,29.001048843855795,0.09289749550855311,5.824324324324325,Subject_16,Trial_1,3,LegExt
6,6,0.011410803051763537,0.018217765866918038,28.747667247094032,29.896303995620467,0.00033188699204040164,139,539,78.73898221818868,73.73046875,51.15485374488114,18.354457787200403,45.66423457732879,20,36.44203098631892,114.81444438798067,33.52948683699102,0.06308410743491791,5.243243243243243,Subject_16,Trial_2,3,LegExt
6,6,0.010047557350931777,0.016579805847252452,23.733876272846523,23.270142824757997,0.0002748899619082303,110,473,83.06535950287558,79.345703125,55.41963720473447,19.070634139282063,46.75127820996531,22,42.90060176174322,139.58017651543787,38.14196368491554,0.08050058354152845,4.635135135135135,Subject_16,Trial_3,3,LegExt
6,6,0.008997875104879606,0.013850886162180342,16.271508035670692,18.00474808486409,0.00019184702399522102,80,387,72.63896294721992,65.4296875,53.425523348471565,20.114759790460116,48.92122544977152,14,43.24406667455462,195.11143796554774,51.015839646393445,0.12877987524697265,4.0,Subject_16,Trial_4,3,LegExt
6,6,0.011668655612089516,0.018019516385104222,21.41916303216575,23.348979879791123,0.0003247029020238951,84,394,71.6203123419627,64.208984375,49.53583790040332,17.57272220950779,43.51473146443334,11,29.274810594462757,106.19908079056492,27.52906323804664,0.04721365163994635,4.0,Subject_16,Trial_5,3,LegExt
6,6,0.011743948421595813,0.017781573700831974,25.072191891017095,26.72922660755207,0.000316184352455073,105,478,76.29852076407009,68.603515625,42.5236967309999,14.880006604200195,39.16297644723118,17,28.8472550189049,120.3871988555866,28.546994987258138,0.05373748878305025,4.554054054054054,Subject_16,Trial_6,3,LegExt
6,6,0.013794224886728343,0.021472818159851647,30.33512720679715,31.395655842193708,0.00046108190413145656,112,506,77.22666106114963,72.265625,47.93550856278566,16.429469301932922,44.59216273182891,17,32.58024476170313,106.6574951409013,29.442258241989062,0.061288436586609145,4.554054054054054,Subject_16,Trial_7,3,LegExt
6,6,0.014247815160423774,0.021162854962373513,30.665972650451252,32.42802730512451,0.0004478664251259189,120,527,76.05186016943318,68.603515625,47.09667296632042,14.508701227246126,41.261040368162085,15,33.381201933487155,126.9447609392242,29.792607159440873,0.0564244761950855,4.554054054054054,Subject_16,Trial_8,3,LegExt
6,6,0.014195471602626691,0.0214881007522476,32.65978481449861,32.30889336757835,0.00046173847039613947,135,507,82.60282662983084,78.369140625,50.94341985409311,17.123820976151258,45.48371165442693,12,41.14136985794653,174.96205210739174,39.88296886355366,0.07103804684589277,4.554054054054054,Subject_16,Trial_9,3,LegExt
6,6,0.01304357008230418,0.02035142256662044,34.18481037745518,34.17415361563695,0.0004141804000365997,144,591,82.38889918440593,80.6884765625,47.43800765946739,16.392068409853696,43.385963809563286,34,34.736079969859134,124.86045801698643,31.04772710195328,0.06281446952248942,5.243243243243243,Subject_16,Trial_10,3,LegExt
6,6,0.01384569920333779,0.020798354795577467,31.203430241177827,31.512811386796812,0.00043257151444406263,122,507,80.9407037956103,78.4912109375,44.010891838998965,14.816157989846158,41.49186588935558,13,29.763068452720315,95.14231535678529,25.148876265811655,0.045896875578099766,4.554054054054054,Subject_16,Trial_11,3,LegExt
4,7,0.004574884536144055,0.006574650838269751,8.812335753335512,9.177218379504975,4.322602551299622e-05,124,455,80.34372886927552,77.1484375,46.04208788008983,9.177671747092878,23.949700110313945,24,42.290828482413495,151.1649166924074,28.46590244771561,0.09753609220414841,4.013513513513513,Subject_16,Trial_1,5,LegExt
4,6,0.004922536190724716,0.006982707146258821,7.849482224338758,8.013888918499838,4.8758169435799284e-05,89,406,79.05739106834173,72.265625,39.761853635807064,11.997982914564485,33.10293880026117,8,33.621893189023666,111.29565762800745,29.279455543784845,0.049280786044053525,3.2567567567567566,Subject_16,Trial_2,5,LegExt
5,7,0.007475134343686027,0.012497703748368175,8.160300597833142,15.294124867181612,0.00015619248311518963,4,75,36.33615385750295,30.76171875,44.60044703742958,9.940177293765094,25.82736053903221,16,42.070823042351094,111.87129319790218,26.540535651558258,0.07651585920504045,4.094594594594595,Subject_16,Trial_3,5,LegExt
2,3,0.00896266628613536,0.01261976197264244,17.19092371305387,17.557863254539168,0.00015925838824429342,111,500,79.54392683200274,75.68359375,66.05932800525325,7.452503742414175,19.565173163265857,22,18.51548447590225,137.25715016392698,23.49721982581315,0.08827301918232365,3.918918918918919,Subject_16,Trial_4,5,LegExt
4,3,0.00700736504562305,0.0112629536600138,10.622123693831144,12.63427917725836,0.00012685409037942652,59,344,64.42841267328308,57.373046875,51.37041444045599,5.017270249552857,10.552548574144526,15,13.12271187240319,71.99268750359995,11.920480518016864,0.03210829732649927,3.608108108108108,Subject_16,Trial_5,5,LegExt
5,6,0.006851517547391517,0.011500490139735496,8.038948275319745,13.237131901560412,0.0001322607262178466,14,131,47.754709411325344,40.52734375,34.49730180222662,10.397482039665302,30.122678602053185,12,34.51304813515444,100.11307415665007,28.853332636737168,0.06278717422547093,3.864864864864865,Subject_16,Trial_6,5,LegExt
5,7,0.005079060729660304,0.010529395223445316,6.653548446456678,10.325730463399399,0.00011086799944216032,12,142,46.04850388872633,36.865234375,43.309767751468875,9.174922094848391,24.05134463306451,24,44.54816138567934,133.5874437235452,36.998784239817574,0.10275178922214025,4.0675675675675675,Subject_16,Trial_7,5,LegExt
2,6,0.006527004482894628,0.00907768606234762,13.39967448687542,13.35425117200241,8.240436225238913e-05,127,562,81.7319219072709,77.880859375,42.375235938519346,11.2902890726316,30.33137523397208,24,41.58401963432367,132.32965013009485,34.96421019709151,0.10483189590051047,4.094594594594595,Subject_16,Trial_8,5,LegExt
4,7,0.006055148702102758,0.008681103423984836,7.957366521437291,8.180505896540826,7.53615529454351e-05,85,321,78.51064771902459,72.265625,31.145392355520773,10.339608134065543,26.23057235773475,8,39.11572426586832,141.40188948873964,34.01639215418881,0.06402926945906733,2.7027027027027026,Subject_16,Trial_9,5,LegExt
3,3,0.01683054372530469,0.056363954003952305,55.41942358673075,101.23572050770773,0.00317689530607456,8,68,35.13098170057609,31.005859375,158.51841394678485,19.60745326523136,43.27596175168191,107,114.49237362094142,371.49019878098403,93.42723142678068,0.3955462870422315,12.04054054054054,Subject_16,Trial_1,6,Walking
2,3,0.025574587028052667,0.04375311925826686,215.19773704275406,218.91846496013082,0.0019143354437445477,331,1547,87.85192151759591,82.672119140625,141.14503656393612,15.6990747450807,37.69992613791885,155,91.15309900247824,356.8272452582147,79.07148489431967,0.3025031013193891,17.135135135135137,Subject_16,Trial_1,7,Walking
2,3,0.02735748541005124,0.0452527454444355,237.087411780641,265.2034635650367,0.0020478109582394172,344,1610,76.81035595247809,70.37353515625,149.1306920279173,17.354269969540628,51.90435271020139,84,87.36698394822622,355.8635382279451,78.37100339408747,0.3208406059658213,19.405405405405407,Subject_16,Trial_1,8,Walking
2,1,0.015239627090302433,0.02767735364839624,27.838430269334346,34.57871386789622,0.0007660358525601797,51,317,54.88943150794157,44.43359375,60.952936425999404,6.861737236410193,17.241766820446838,25,49.097927653594795,260.3696717409495,43.317165724531144,0.10769048222177158,4.54054054054054,Subject_17,Trial_1,0,Squat
2,5,0.016799411997059508,0.031259709264580576,26.210733869630175,32.221272210360134,0.0009771693630533699,62,275,53.560205658311034,38.818359375,91.7968867671295,8.215501918279077,22.203105456203332,25,63.28509207618315,281.75397857678786,45.65701907105919,0.10970029948569963,3.8378378378378377,Subject_17,Trial_2,0,Squat
2,1,0.011577296058374514,0.020621217372716372,21.529247165203156,22.911468899523165,0.00042523459862861947,81,288,76.67301613044626,71.533203125,89.7947190170905,7.628392562904154,18.35537631263214,32,57.449568422455954,309.8718745361839,52.91213826480308,0.15715889515783288,3.9594594594594597,Subject_17,Trial_3,0,Squat
2,5,0.014616466547110893,0.025361472828995105,27.106090346866708,28.721356765072905,0.0006432042973329761,83,355,72.09292328734305,67.138671875,68.35724795248092,6.872996035064288,17.11991198184842,23,63.11129380910615,255.52938000417905,47.815212646129964,0.11429182711233032,3.9324324324324325,Subject_17,Trial_4,0,Squat
2,1,0.012501971267645113,0.02026006527822178,21.68711977614177,23.12864684514346,0.0004104702448946473,96,341,75.31027473930689,67.87109375,51.453746381961054,5.31949091135308,14.101546796423508,15,64.32482450988375,294.60661610666114,48.62695808246922,0.1058512943464823,3.7027027027027026,Subject_17,Trial_5,0,Squat
2,1,0.012904961901054028,0.021875647005574362,25.641545674704787,28.326391372813593,0.00047854388225166474,89,347,74.52515589283333,70.6787109375,84.36371134046001,6.086622714304963,14.375901147531168,41,58.78194265464218,372.7912393468839,56.89363007582871,0.14525828554689613,4.391891891891892,Subject_17,Trial_6,0,Squat
2,1,0.014816008980918139,0.024282076184977193,26.64985714461106,28.713425405019354,0.0005896192222007707,93,380,72.68862170407618,67.3828125,67.2929163135525,6.961499242237704,17.65151417012238,15,58.972408585072586,363.2049721597435,52.810324889023384,0.13959617499477842,3.8783783783783785,Subject_17,Trial_7,0,Squat
2,1,0.012474331025316263,0.021462980386493292,22.07407601394718,25.27299465729075,0.0004606595268270829,87,310,67.15985503274933,57.6171875,96.18113963232322,6.588357120077753,15.426797208497373,22,56.31782975047094,354.4268964925669,53.38905961727218,0.1413952186544419,4.054054054054054,Subject_17,Trial_8,0,Squat
2,5,0.01288796375923063,0.021888562167138446,24.82106697322856,28.19886470519662,0.00047910915346582904,87,369,65.59370156243813,53.466796875,125.22709626965141,8.400709176135932,20.758966042151208,27,59.02811773083675,295.68802990791687,47.19307727909591,0.11141575424386768,4.378378378378378,Subject_17,Trial_9,0,Squat
2,1,0.012895775847483906,0.022159561581120216,24.43439914065723,28.048312468277494,0.0004910458324676529,83,340,68.43732547239263,62.3779296875,86.11589976806584,7.096684388711486,17.66086278455184,29,53.00033740570176,357.7303708401464,53.577471451132816,0.13173324811377074,4.351351351351352,Subject_17,Trial_10,0,Squat
2,5,0.014807091477852908,0.028648473925849766,32.5982502786163,33.80458984393819,0.0008207350486120483,99,325,77.07845841104591,71.1669921875,61.461077861643716,7.406979973428175,20.089557967491615,50,56.861893712328765,281.69060496076264,62.23490110455026,0.13615087678603896,4.5675675675675675,Subject_17,Trial_11,0,Squat
2,1,0.014373751754632715,0.027982049569602593,30.192088613251066,31.737243874229033,0.0007829950914794666,90,308,79.06865714804779,77.7587890625,123.27890100568995,8.907730100783997,19.730419674302436,101,59.18041260904633,433.2506950184729,63.99380380939669,0.18238026823765696,4.418918918918919,Subject_17,Trial_12,0,Squat
2,1,0.015474114290323164,0.027401502389967938,31.958727593058562,33.74904326719482,0.0007508422052126468,106,333,78.93711872526512,75.68359375,50.004241369178075,8.211661375168141,21.8524997857265,47,58.14496960397783,221.17885516342938,47.93889799054225,0.09762651681405139,4.364864864864865,Subject_17,Trial_13,0,Squat
2,1,0.015219675251749337,0.028093872155472894,32.27240826216155,34.12251191442201,0.000789265649762711,103,328,77.7691682221293,77.880859375,53.89646530762366,7.44085473057607,21.130277052891913,22,59.999257584430765,244.85176399131015,54.02189612548429,0.09036049429374782,4.486486486486487,Subject_17,Trial_14,0,Squat
2,1,0.012946072240873654,0.02459286380209653,31.81767903731992,33.82808676540286,0.0006048089457942674,114,351,76.86904373816523,73.6083984375,52.46041162433677,7.686575691832045,20.66296283828814,72,53.65795330743814,315.80865227506075,57.846878807543646,0.10702684795557853,5.22972972972973,Subject_17,Trial_15,0,Squat
2,1,0.014164415945384454,0.02623179340518817,29.326853911610932,31.275030407408874,0.0006881069800672063,94,295,77.99027293904471,72.75390625,97.05156722780106,8.696587353171426,20.333061101801587,45,68.61808187688014,388.52254263874164,74.77667337611757,0.16253301200931375,4.418918918918919,Subject_17,Trial_16,0,Squat
2,5,0.014400794084765453,0.026544081143855265,31.66303730926579,32.48819145523086,0.0007045882386132923,112,386,77.39078997999263,73.73046875,50.32328640367754,6.828462426505892,17.8100847335012,23,61.55266481234224,370.1706071321952,58.48678535688996,0.14215117419261408,4.513513513513513,Subject_17,Trial_17,0,Squat
2,1,0.015154610342155577,0.026824330214469765,32.428366407716425,34.18880093190298,0.0007195446708074137,111,356,77.68660386002175,74.8291015625,155.02791111165848,10.532284176696397,22.036125730398872,67,60.72970820292779,433.2506950184729,65.11077952636886,0.16767883984625961,4.513513513513513,Subject_17,Trial_18,0,Squat
2,5,0.01566609991190434,0.02889656512513183,32.524477536396276,35.34272140125619,0.0008350114674788102,88,326,75.76323308489762,69.2138671875,77.20526054368744,7.473232889490445,18.42959422595267,59,60.23268283199965,374.9801671247672,61.380853408994575,0.14075990406248964,4.513513513513513,Subject_17,Trial_19,0,Squat
2,5,0.016849714114145067,0.03144789176282771,35.59522830618432,37.77705904391324,0.0009889698939155743,91,321,77.38441367193431,71.533203125,57.02404901558626,6.3692742912498055,16.356589446418877,38,58.6905950272536,304.48917910553433,52.38146994825909,0.0998590143443634,4.486486486486487,Subject_17,Trial_20,0,Squat
3,1,0.022282623195835807,0.027849767987294365,29.846934252825307,50.269597929805585,0.0007756094987613439,23,285,43.164302907938264,35.2783203125,75.6415478240008,7.285127963967938,16.79220163677249,32,49.49343325581843,262.59029298916454,51.209915112216166,0.13285476707723556,4.513513513513513,Subject_17,Trial_21,0,Squat
2,1,0.015768820588949777,0.02302082417609192,29.61751211635933,31.521872357310606,0.000529958314629625,104,417,78.97120221301567,76.416015625,61.19320367988341,6.36241148493194,16.339049533221214,11,51.352264632672885,309.8730844959094,42.61578713355308,0.10365152463858798,4.0,Subject_17,Trial_22,0,Squat
2,4,0.014385837868885941,0.021215580309607553,29.219286217667356,31.375512392040235,0.00045010079679089524,120,433,80.16598693463882,76.5380859375,47.15642037778224,6.857429379057562,15.006519540228643,40,53.458173376087395,165.87363575992134,35.726677416278335,0.06923467377945554,4.364864864864865,Subject_17,Trial_23,0,Squat
2,4,0.014523918664938022,0.022685633744284252,27.128330562708804,28.742835037912343,0.0005146379783360303,93,375,78.17929787810353,77.392578125,45.07337514952514,7.785152062634426,16.809132283928232,24,56.20804602048675,169.5756390356149,38.87130357265008,0.06516898933653667,3.9594594594594597,Subject_17,Trial_24,0,Squat
2,1,0.019746967016855622,0.027838945530196942,39.3500794743712,46.40537248961071,0.0007750064543535457,97,420,72.57251686200296,66.89453125,59.069545254035106,7.342403083322548,17.02955562073401,24,47.59666764978649,271.22333245958896,44.50983190763662,0.11585452203674872,4.702702702702703,Subject_17,Trial_25,0,Squat
2,4,0.01773477147061162,0.02434839267532683,32.06507942499809,38.9278233779925,0.0005928441831679807,92,415,69.50800401723436,64.94140625,54.83391191819598,6.856212258102647,14.5663091968197,34,51.513452919493226,149.9351022595516,37.91359566058115,0.06212902308107999,4.391891891891892,Subject_17,Trial_26,0,Squat
2,4,0.015552301439695196,0.021950059437351392,33.39487109222843,41.80458626990069,0.00048180508247746255,93,432,69.11054051671961,62.5,40.8078528846668,6.381432403238531,13.210126409581353,37,44.215126645296515,145.79839141219102,34.921113571910915,0.041478534647322776,5.378378378378378,Subject_17,Trial_27,0,Squat
2,5,0.018534836709744797,0.02701828902703944,36.51337660329574,41.55510390324783,0.0007299877790054662,106,434,74.45274641736978,67.5048828125,46.43892310720214,6.3184296692172675,16.015071872219053,24,58.342523251947505,195.47037183489743,42.43447337863983,0.0843629913428357,4.486486486486487,Subject_17,Trial_28,0,Squat
2,5,0.016945526546310655,0.024317716159832494,32.18046099781163,38.68663710522723,0.0005913512980092594,96,385,70.11566952982729,64.5751953125,59.66058115987708,7.087777772235308,17.898871479043233,36,58.1923401791356,355.4914508715928,56.404697780977735,0.11469854292256472,4.5675675675675675,Subject_17,Trial_29,0,Squat
2,5,0.019504610842363414,0.03014721610537758,36.6658697610877,43.06618073993842,0.0009088546327738707,95,407,65.20593438221873,54.443359375,46.56635606933563,6.205620692429147,16.1687671428301,23,57.14027312246949,211.4102951631333,42.73977751009834,0.11160242383637027,4.418918918918919,Subject_17,Trial_30,0,Squat
2,1,0.018727586389715726,0.029819855756159076,35.974730543385554,43.635276288037645,0.0008892237592307273,88,367,62.62339995782436,53.1005859375,51.91141240642993,6.395703278509569,15.081754701274095,36,46.7007881899742,277.0095742587717,43.24028895005678,0.11133637456316113,4.662162162162162,Subject_17,Trial_31,0,Squat
2,0,0.017117280683997902,0.03248684385724012,30.844157901757093,38.15441864463132,0.001055394984796952,53,318,57.99897955196941,45.654296875,39.645698852169566,8.24960499613823,21.933503470816394,8,45.21612477931699,140.4623299478725,37.784080074669774,0.05109519485447856,4.45945945945946,Subject_17,Trial_32,0,Squat
2,4,0.01884516317832792,0.03310216833950196,34.772838840493854,36.52192623959951,0.001095753539227848,107,326,77.36587064950878,72.998046875,59.781598236931124,7.5515627337212345,17.13403189127871,25,54.814841020437626,176.2039812148841,47.65136485720939,0.10093066335701519,3.8783783783783785,Subject_17,Trial_1,2,Squat
2,4,0.012362675691253728,0.023057816120430983,29.193762489774038,30.63471036292674,0.0005316628802123644,111,346,76.4917748837538,69.7021484375,60.308068517847445,7.212511567987944,17.6065729196505,66,48.00507653314218,229.04921749086878,51.16820339326039,0.10950659294781324,4.95945945945946,Subject_17,Trial_2,2,Squat
2,4,0.018922968290324152,0.03419013450914812,40.388393674218726,40.89253447539049,0.0011689652947915606,113,349,79.5233873904635,74.5849609375,66.49725552260409,7.612937007232969,14.138097540238563,65,52.319649385771676,236.76502700708886,50.45466296954272,0.08497313016254215,4.324324324324325,Subject_17,Trial_3,2,Squat
2,4,0.014248328295501458,0.027258506133402114,34.817073290837435,36.66094870432525,0.0007430261400144407,108,344,78.75987379929383,75.5615234375,53.660637482465745,6.862980289657463,16.95729006836447,61,45.70699142530543,176.14924413041066,44.64486564624304,0.07182613464429057,5.148648648648648,Subject_17,Trial_4,2,Squat
2,4,0.017414709733263912,0.03168180221912219,37.63409388997496,39.39207341664297,0.0010037365905412945,99,336,78.66425074213464,73.974609375,57.64986800004899,6.768715177674046,14.062060875282452,35,49.4020354577484,195.34159109693692,46.971033870055955,0.07731882151793461,4.527027027027027,Subject_17,Trial_5,2,Squat
2,4,0.01714080194356857,0.030070452001462526,37.38653901357475,37.966876305004384,0.0009042320832302723,110,373,79.77522131879462,77.392578125,65.78461298495981,7.91242179256274,17.26723346940971,51,52.39318487369242,214.09424430439657,48.10571677037721,0.06782431024173234,4.4324324324324325,Subject_17,Trial_6,2,Squat
2,4,0.014164492789140861,0.026826526090829042,35.16330417163594,36.16195009067662,0.000719662492672529,119,340,79.58224445676586,77.392578125,60.69216492777493,7.026992013415655,14.197777004462296,66,47.74874957743603,217.7008226214182,49.21017339983435,0.07382257708274345,5.108108108108108,Subject_17,Trial_7,2,Squat
2,1,0.014134796065965183,0.025476125571955496,30.15155389082709,32.170795846136755,0.0006490329645716279,82,360,74.7783811992279,70.3125,57.64361441615242,8.695844975843393,24.235257231490795,34,57.17296094935651,283.8596937875702,55.49991745775943,0.1053680901639739,4.554054054054054,Subject_17,Trial_8,2,Squat
2,4,0.012948091015710346,0.025046418062443794,32.036034703491964,33.056476363108516,0.0006273230557464415,105,349,78.07149928886479,71.533203125,55.039437288609236,6.888273131459383,15.747433719935215,63,48.09433901712971,196.30123891831346,49.06379209602724,0.08535409754033403,5.108108108108108,Subject_17,Trial_9,2,Squat
2,4,0.015705127708696982,0.02719714572688021,33.65479273596209,34.362819426628995,0.0007396846966404481,133,352,80.61355268721194,75.8056640625,66.84547493025806,7.776581114003068,15.999931060192809,42,53.34026623048748,258.40562618986024,53.000300367931274,0.095414161338412,4.378378378378378,Subject_17,Trial_10,2,Squat
4,6,0.010400799048371073,0.01455461926955786,11.834808325194539,14.186689901978145,0.00021183693449214707,47,259,66.63561819132033,60.302734375,33.910357180753564,10.820176977198424,30.19050365389539,7,58.97372937050109,136.66372259846702,37.18342202667263,0.09290813374709106,2.72972972972973,Subject_17,Trial_1,3,LegExt
4,6,0.007895962225238798,0.012276915712090424,10.687879574704292,12.215053562444421,0.0001507226325363962,59,264,69.58480968401345,64.94140625,38.00948718367759,12.113423734416903,29.015063774414422,17,52.06088154772026,147.57929383821363,44.44896192307352,0.08340877572298672,3.0945945945945947,Subject_17,Trial_2,3,LegExt
4,6,0.007829630801092991,0.011801634540581446,10.734282999156973,12.582216697356436,0.00013927857773271004,49,251,68.10277913592147,65.91796875,44.57790549171186,12.807170138558678,30.97930387949468,19,52.572479972369024,131.29413373336232,45.14904700203149,0.0870819496176464,3.2162162162162162,Subject_17,Trial_3,3,LegExt
4,6,0.008629740532301474,0.012742847110093799,10.219833930548448,11.537963091687072,0.00016238014370963485,63,243,72.87968280340345,66.650390625,39.49760158252839,12.621135694027366,32.29509910366983,16,55.47396583048188,137.5469375426961,46.335753607239205,0.08879383004354574,2.675675675675676,Subject_17,Trial_4,3,LegExt
4,6,0.008265172157995536,0.01252215782301935,11.314878445966016,12.951524771579006,0.0001568044363197339,63,265,70.1390276530694,67.3828125,40.3781871498213,13.474990826266612,33.35710544890571,27,48.273943394375266,128.4639781978345,41.43858219028692,0.07704672979183368,3.135135135135135,Subject_17,Trial_5,3,LegExt
4,6,0.00885496221055356,0.012812059462113919,11.492202839013336,13.574657068778606,0.00016414885848301948,63,271,68.70117612068286,63.232421875,43.48840438606041,13.891205279578305,35.118640257595985,29,50.495596687167854,124.00866870882132,39.95283764099751,0.07741099666043287,3.0675675675675675,Subject_17,Trial_6,3,LegExt
4,6,0.00904921010437116,0.013074326589199131,11.972745299742499,13.582864366661111,0.00017093800115832545,69,292,70.08417485378199,63.96484375,33.77117197607556,12.05661832689662,30.828861047405336,18,50.29806631307316,113.06481428900678,37.63571023465078,0.08133741209082244,3.0,Subject_17,Trial_7,3,LegExt
4,6,0.008287471980590823,0.01194139069638228,12.014628099843186,13.939527871353766,0.00014259680942222788,72,287,71.49221883880392,66.650390625,37.15911253621743,12.817935605780008,31.194054597115038,21,48.88006831779281,115.47949370847897,40.11534583898477,0.0737308908954999,3.364864864864865,Subject_17,Trial_8,3,LegExt
4,6,0.009082554014413264,0.013838978285393811,12.270758310790882,14.659242179263009,0.000191517309365456,47,247,67.83770429983716,59.08203125,38.664946581804585,12.869292875716853,31.9550327738352,10,49.73622432536418,128.35664900021018,40.96815818471783,0.07722496985373864,3.22972972972973,Subject_17,Trial_9,3,LegExt
4,6,0.008401891397883575,0.01263318424489818,11.63426349460022,13.165763820483562,0.00015959734404467283,62,255,73.88456362241004,71.77734375,35.37320319009258,12.29992879796433,30.196957470578667,11,49.40011808783797,126.97229214345425,41.16839437486994,0.0860202724931911,3.135135135135135,Subject_17,Trial_10,3,LegExt
4,6,0.007996039717135608,0.012320089100948669,11.339532191448825,13.065528897799584,0.00015178459517321046,68,262,69.93899161793397,65.4296875,39.69771416853965,12.979185836786368,32.04011585140514,18,50.04991799761093,124.30485838333466,40.73863787998465,0.07373663639020181,3.27027027027027,Subject_17,Trial_11,3,LegExt
4,6,0.008394800193170404,0.012222654318042434,11.099734608742121,12.600595089948778,0.00014939322586949671,70,266,72.67071210000721,70.3125,39.99799344145103,12.625658952693648,33.11910167129113,8,51.16290160134464,125.47139655739056,40.096056132468675,0.07308775968828644,3.0,Subject_17,Trial_12,3,LegExt
4,6,0.007979755346312177,0.011597264237043459,15.806762114937774,17.40384641030686,0.00013449653763092059,115,439,72.99133302777145,69.9462890625,48.45387645215974,18.102029916652256,43.62265586035912,8,43.088372501700526,136.26009930133728,41.88830875112618,0.06502975724872642,4.364864864864865,Subject_17,Trial_1,4,LegExt
4,6,0.005776709414368965,0.00960571390459381,8.687897639746433,10.37497010820666,9.226973882670245e-05,66,236,67.04546705301078,62.744140625,44.08302438744292,14.529926154828686,38.54902299624895,35,43.50619909262287,129.90651395137635,43.62481830393312,0.06899245240381817,3.5945945945945947,Subject_17,Trial_2,4,LegExt
4,6,0.00768943958482421,0.011654727146617092,9.12032023069348,10.9574514083745,0.00013583266404677474,59,216,68.30814903450442,65.185546875,46.46143665313414,15.272774954561696,40.60068569233866,14,56.06871276661433,132.42104258602785,46.550514658013654,0.07890919019719714,2.8513513513513513,Subject_17,Trial_3,4,LegExt
4,6,0.007866463510079831,0.011955528765766702,10.862362463258854,12.751537349839406,0.0001429346672210788,55,271,67.3392283303884,60.05859375,46.332814668568155,16.971837192852178,42.81851083603758,41,47.970455919961736,120.76520031265456,38.49417745546998,0.07195948019152085,3.2432432432432434,Subject_17,Trial_4,4,LegExt
4,6,0.006437417740252194,0.010050582075722153,10.441157227259717,12.128095022635133,0.00010101419571971899,80,296,69.43291636741802,64.208984375,47.956168064893085,16.262533465438338,42.69540635844277,11,42.40965185133294,125.40611889759441,37.93802588883084,0.0569530042444448,3.77027027027027,Subject_17,Trial_5,4,LegExt
4,6,0.008315709886072293,0.012653560225534361,12.182508969189337,14.544176590740442,0.00016011258637394572,75,284,66.56121641874644,60.302734375,43.60103870549817,15.931931424583526,39.24980019931315,41,42.69997346840805,100.6184334530232,34.59733876182068,0.055412879072468973,3.5,Subject_17,Trial_6,4,LegExt
4,6,0.007697842520000599,0.011807657547918234,9.569362933683825,12.270360976880955,0.00013942077588430842,48,223,60.04004624959915,52.978515625,41.12174406500091,13.996057103168999,37.000251872146904,14,40.63596026924399,96.81062521894944,31.85869607909713,0.05029099096987508,3.189189189189189,Subject_17,Trial_7,4,LegExt
4,6,0.007891454058071843,0.011479793606230233,10.486985490590861,13.218185547270338,0.00013178565781205552,56,244,64.5568348867741,58.837890625,42.2027648236065,14.74363987727254,38.193260634538824,25,41.90594306151258,98.29717800106272,31.125218296465693,0.04911650265726732,3.3513513513513513,Subject_17,Trial_8,4,LegExt
4,6,0.00667463345799919,0.010182696053324388,8.804264435218036,10.819580835416687,0.00010368729650850228,64,224,64.62298416692425,58.349609375,44.558810080470856,14.737526163075266,39.16161981194914,25,45.60904789756967,111.67393022057706,36.83366724957668,0.06617132439073152,3.2432432432432434,Subject_17,Trial_9,4,LegExt
4,6,0.006995212551280979,0.010071760884065774,8.477471695220617,10.066110861293328,0.00010144036636048628,57,261,66.83602415019227,63.720703125,41.25956623657753,14.254342620218832,38.206455293134255,24,48.32397475844273,109.50036153581276,35.761805520282195,0.06243869212437738,2.8783783783783785,Subject_17,Trial_10,4,LegExt
4,6,0.005956988608455607,0.009817410854042993,9.476400428637106,11.222966538330363,9.638155577959023e-05,61,247,65.48046238919763,60.546875,45.22414547290596,14.617065224640793,38.458973636045144,19,41.66420773274907,112.72060771055604,38.50031241864418,0.05747356763966469,3.77027027027027,Subject_17,Trial_11,4,LegExt
4,6,0.00961324932864568,0.014341746057417205,17.3323186126578,20.130144094184054,0.00020568567870906212,95,357,70.42313508818071,65.185546875,37.0587477445241,12.59497655985834,29.613803173290414,18,42.80233551141037,101.8339210946697,33.70089794728416,0.054393802491428986,4.1891891891891895,Subject_17,Trial_1,5,LegExt
4,6,0.00812848304774876,0.011917226560300106,12.772446684504262,14.769453697759499,0.0001420202884346058,74,323,70.22263882270386,66.650390625,35.38398181669804,11.25126289612386,27.314175191466727,40,45.36593341005802,130.73033086529236,37.35521978410063,0.08167625043015861,3.635135135135135,Subject_17,Trial_2,5,LegExt
4,6,0.00849511552087078,0.012700061515763248,13.844116799062306,15.945331832674455,0.00016129156217116743,78,334,69.75345152009895,67.626953125,33.12153265284656,11.200588903883324,26.183544871474727,33,45.69873166171589,123.10869296773738,38.92575662593183,0.08566643726354416,3.7567567567567566,Subject_17,Trial_3,5,LegExt
4,6,0.007993398555849091,0.011599201913677649,12.39499503727079,14.843741118211762,0.00013454148487279416,67,329,67.30185004817717,62.255859375,32.46847615926032,10.472311093827715,25.72281744360833,19,43.79313066255661,121.99006997929024,34.78931030932665,0.08816264483271405,3.7162162162162162,Subject_17,Trial_4,5,LegExt
4,6,0.009178832710098327,0.013537516896289783,13.99506899384272,16.797263859479937,0.00018326436246521974,78,299,69.96742020245486,66.650390625,38.316503577640546,12.919460813542129,29.991193328197266,11,43.76403709265686,134.29510171377868,38.149724571642224,0.07396477946671462,3.6621621621621623,Subject_17,Trial_5,5,LegExt
4,5,0.007608503499814634,0.01143719340700815,11.2626685761973,13.1018430266808,0.00013080939252651497,61,295,68.48299999069397,62.5,34.3546033160362,10.836357593230957,26.702089658834375,40,33.795516433740076,211.90167503791912,36.42079381373694,0.04016915536178378,3.445945945945946,Subject_17,Trial_6,5,LegExt
4,6,0.008422423098954449,0.012311717362828972,11.585202000988652,13.5348339200198,0.00015157838422002445,69,294,69.09770076775433,65.4296875,35.36473624328492,10.939913998377895,27.068049184078774,18,47.63407500085726,138.35731766527888,37.73011470333073,0.07598421621011864,3.2162162162162162,Subject_17,Trial_7,5,LegExt
4,6,0.008534969554804222,0.012433949124702066,12.089529760846398,14.466773395393155,0.00015460307748365934,64,297,68.60261471900968,65.185546875,33.84920298717251,10.879330465913656,27.149394433802225,29,49.48599389523479,129.37634307508796,38.47701108135328,0.08619500246481161,3.391891891891892,Subject_17,Trial_8,5,LegExt
4,5,0.007576202759406674,0.011509411468684234,12.921656355642362,14.94027184154996,0.0001324665516789204,80,333,69.81984403310065,65.91796875,35.026904419278964,11.870974016702815,29.512874484369977,49,33.2081813106371,197.48345900252872,30.822127485636308,0.03730576882561476,3.945945945945946,Subject_17,Trial_9,5,LegExt
4,6,0.007167305682416449,0.011648360491571403,11.813122700514587,13.84723457842858,0.0001356843010197413,69,281,68.4153028159923,64.208984375,33.866859301811424,11.470065185774223,26.397437702517237,40,40.96669680344028,131.38494865791617,42.031159672601035,0.08217229161809046,3.864864864864865,Subject_17,Trial_10,5,LegExt
4,6,0.008807154941891826,0.012886969076936098,14.391467896460107,16.5926799105242,0.00016607397163072621,89,360,69.80129970461802,67.87109375,38.115239133585,10.560853624318405,25.557231931308916,35,45.572397104462816,125.48896903480413,38.671805215241214,0.06937823402687192,3.77027027027027,Subject_17,Trial_11,5,LegExt
4,6,0.008667103769526948,0.012930550349386352,14.48088950419293,16.623505029952685,0.0001671991304481301,80,364,70.29623470585956,65.91796875,34.26766690547527,11.843298489745544,28.317251740037293,17,46.84625536472884,141.3556724034944,38.97997977630637,0.07368100464844211,3.8378378378378377,Subject_17,Trial_12,5,LegExt
2,3,0.014260349870684579,0.021782068421692197,63.86401950790862,68.25003448109639,0.0004744585035812809,203,963,77.42248584153229,71.2890625,153.2192839402221,18.142798324613697,40.72742506388592,68,127.70377652212758,361.3747003468242,88.7308271445232,0.33476725464645335,9.58108108108108,Subject_17,Trial_1,6,Walking
2,7,0.013036053642214369,0.019928084167386218,54.243239387953594,59.83548621776396,0.00039712851063782744,168,897,74.19102158452951,68.115234375,129.3174801754105,16.062086859349172,35.874755182036274,88,118.24060517759422,377.25640076899714,77.29144490757425,0.31793996663506574,9.18918918918919,Subject_17,Trial_2,6,Walking
2,3,0.011847577346851781,0.0178189505450032,83.20079000511117,91.90165747952926,0.00031751499852503205,321,1524,75.32756697508043,69.4580078125,107.19145063663726,13.08090237250511,30.19467250926912,139,94.86013951751917,330.1348361878028,76.70090112128815,0.21704132648901445,15.527027027027026,Subject_17,Trial_1,7,Walking
2,2,0.01271453288548495,0.0206568332485538,100.23560320061954,108.06081499373659,0.0004267047598479823,311,1525,78.09127187730407,73.394775390625,140.97140236840397,15.859063555274522,45.682586145780114,102,94.63453858157281,318.22564532499933,64.75787246498767,0.18414912593846416,17.013513513513512,Subject_17,Trial_2,7,Walking
2,3,0.012663702717918751,0.02002041317937376,98.36944231020462,106.52706726313254,0.0004008169438264572,328,1532,77.8182492805028,72.08251953125,138.4330276080233,14.21263083488067,42.4435932963835,61,97.32349943319723,363.64981582981375,77.71852351783825,0.26855278835921986,16.83783783783784,Subject_17,Trial_1,8,Walking
6,2,0.014076112909199124,0.019848832214098968,93.0933544218058,96.06947060528402,0.0003939761400013783,377,1847,76.69363133630232,70.6787109375,139.24932413722019,20.104531223200663,49.54890909749563,104,110.89059665524232,356.93074605120887,74.02607309577408,0.23961853827730886,13.662162162162161,Subject_17,Trial_2,8,Walking
3,6,0.02317502981852022,0.12095507659545782,25.485698368968112,43.6617561780921,0.014630130531095761,3,15,39.76078759506482,31.982421875,54.674311759533055,7.190038230059467,14.706574740363873,33,24.413732408991503,75.78512024596304,18.574727676150037,0.05821101186299927,3.77027027027027,Subject_18,Trial_1,0,Squat
2,4,0.04242480836070322,0.07954525324725922,92.23152419362413,81.37078243582877,0.006327447273075668,117,368,93.31592048110161,94.7265625,134.7498833165022,9.587463189305774,18.68373813097294,33,61.79202017108408,257.1911492918739,45.61598437515457,0.18665882875657197,3.8378378378378377,Subject_18,Trial_2,0,Squat
2,1,0.05559591071520806,0.07783727319124369,113.18327977344916,101.74051660883075,0.006058641095288609,159,580,94.57158322224046,92.28515625,43.92391729311933,10.001521749837318,24.97068363711338,17,51.54256155382934,121.75131274474079,30.65498541925878,0.10010718081297071,3.6621621621621623,Subject_18,Trial_3,0,Squat
2,6,0.06018055053189887,0.09885868776679332,92.81813902827558,82.80843753189285,0.009773017068615308,100,334,91.77914897387846,90.576171875,42.503485294539125,6.223759140752584,12.72701213089858,36,23.05145918154256,84.17454885440632,19.0387344643442,0.05045000882716001,2.75,Subject_18,Trial_4,0,Squat
2,1,0.0594271271403888,0.14685684151778716,111.72206883401552,112.79268731245794,0.021566931739665954,64,317,61.088363782896884,46.875,45.95408096936408,10.138923645994138,25.558386193119354,11,53.605718172407684,127.26399386023498,35.58558439983261,0.10171672840741271,3.7972972972972974,Subject_18,Trial_5,0,Squat
2,4,0.08121030353411342,0.10852994607871079,70.93411304167381,60.98893795411918,0.011778713691181764,73,283,97.31918887375375,97.16796875,45.415957944329804,8.242642191775989,23.690789786007613,5,57.12456152632651,139.87889320447965,36.38937734959429,0.11901367122219442,1.5,Subject_18,Trial_6,0,Squat
2,5,0.05083089084115383,0.08120734882668408,107.2460170702439,96.47703081650997,0.006594633432245996,135,452,93.91974224247689,93.75,91.31673165565064,9.497142479463706,19.563194152096607,30,68.1337577428752,286.64946710090516,46.238750003453674,0.18049966127788725,3.7972972972972974,Subject_18,Trial_7,0,Squat
2,6,0.05531342339851601,0.08778724742659216,119.83992268743074,105.31675815077449,0.007706600799509924,144,497,97.57771138514421,96.19140625,62.00776196717178,7.087826197586377,14.092611452363391,26,23.65800659349621,94.53626971320918,18.397602622402296,0.05237391799266216,3.810810810810811,Subject_18,Trial_8,0,Squat
2,5,0.034910556826047,0.061238983703558854,91.37180688930255,77.3268833696941,0.0037502131112979366,162,512,97.19604371766769,100.2197265625,48.136002984034505,7.278176173527276,17.292276236888952,35,48.03353607802572,134.23954388162372,39.02734522707548,0.09751320000413993,4.4324324324324325,Subject_18,Trial_9,0,Squat
2,5,0.030216980845683975,0.05387864277797313,88.55790464054351,78.95697094977223,0.002902908146521869,172,570,91.97725637631731,90.2099609375,40.682491827627985,7.766334835169415,20.841089354019843,37,42.92765714640289,134.07226436432362,37.01457780817166,0.08768380755722083,5.22972972972973,Subject_18,Trial_10,0,Squat
2,5,0.034199645027706796,0.053831107294982194,86.55681768960768,77.12019953747883,0.0028977879729765363,163,601,92.62463909796114,92.1630859375,40.453593032596196,5.742510473628065,13.18485639623083,35,46.41578175074564,129.942568440494,35.79677845702076,0.09064535095911684,4.513513513513513,Subject_18,Trial_11,0,Squat
2,1,0.03361308892494194,0.06427527980297662,99.10027909664126,87.62932282732365,0.004131311565685592,175,478,94.57508554169239,91.30859375,38.349429466792856,6.216410402567416,15.928922053097969,41,44.78259414695274,146.66120105249078,38.23538795428141,0.09885412253382199,5.216216216216216,Subject_18,Trial_12,0,Squat
2,5,0.039473058629228175,0.07371097854718892,99.82487806456672,90.3538312023033,0.005433308309237371,136,447,91.54557516772022,86.9140625,49.19154066078585,6.076571276144439,14.79865524834226,30,46.64851794258964,127.15573005773636,38.94372199226996,0.09780403555943504,4.581081081081081,Subject_18,Trial_13,0,Squat
2,1,0.037997950955360155,0.06542593115198533,95.02809576021876,85.72337735529251,0.004280552464840992,140,446,92.47631202658334,87.646484375,38.464694664473,7.128870165618107,17.859539740161267,44,48.64517823887786,129.6018545244156,37.780168922617655,0.09808403741058093,4.513513513513513,Subject_18,Trial_14,0,Squat
2,5,0.03673062975560376,0.06587409658785637,88.71392248584834,79.88911971843818,0.004339396595024442,137,452,90.98385268291852,87.5244140625,43.162835209403696,6.454273871358487,16.07792731966941,34,48.713548466310506,131.57569056482484,40.65448392404582,0.10741380583418453,4.351351351351352,Subject_18,Trial_15,0,Squat
2,4,0.03668490229043132,0.06727690334612393,94.69544326926594,82.98124898095566,0.004526181722771299,154,455,95.2167802515906,91.6748046875,38.402928783841745,4.682009070612254,10.15691590517897,47,46.29389822428496,132.45357823690946,36.799574015089185,0.06307944307070834,4.527027027027027,Subject_18,Trial_16,0,Squat
2,6,0.03218268046630906,0.060639624737543585,84.14732740467367,72.37884836872907,0.0036771640749263513,148,433,99.8771819202542,97.2900390625,41.23602221462241,6.20167886473838,14.742880640932968,69,17.92552366129488,72.20019862816439,13.352039877792734,0.0512076341646894,4.5,Subject_18,Trial_17,0,Squat
2,7,0.05641135209718024,0.09576394820049823,202.34242955672264,164.94679353215503,0.009170733752204393,241,762,106.22752546285463,109.0087890625,82.59751053685413,7.795809348096533,16.307520836806518,42,24.586248630498922,155.82590513546916,17.28577123308724,0.07182481417407068,5.851351351351352,Subject_18,Trial_18,0,Squat
2,5,0.04959197532125843,0.08162498924282448,139.5657206591652,115.54930249853214,0.006662638810971191,212,604,103.72077890646938,103.8818359375,73.09750037840178,9.928197879102296,22.963935196219744,37,56.87739782827038,256.3726745470908,40.95192123159461,0.13129844728346535,4.662162162162162,Subject_18,Trial_19,0,Squat
2,4,0.057784020639522,0.09260355969977474,150.88678043905037,126.43143715927414,0.008575416555605507,158,596,100.53866083045482,100.7080078125,56.66532432291452,9.41570454672536,22.419930844916582,29,53.82800085172139,146.37689701896076,38.546706384341306,0.07785515528806926,4.378378378378378,Subject_18,Trial_20,0,Squat
2,7,0.0541882281300906,0.09394801928979228,129.08377713896124,111.62774994798664,0.00882623032049709,144,488,95.79281575943462,94.3603515625,111.2110147197544,7.115664092887616,11.752211294403612,42,29.22194629085534,151.1724999185784,19.874505109595926,0.15597766410218505,4.121621621621622,Subject_18,Trial_21,0,Squat
2,5,0.05450865399049609,0.0886797370012324,128.55457096201593,111.19765414061203,0.007864095734198991,161,524,99.0467145953784,97.16796875,88.91312711063779,10.724051542007311,25.5050466988471,26,60.538280545423916,267.8859399908122,39.25787835750611,0.16218493736174927,4.081081081081081,Subject_18,Trial_22,0,Squat
2,4,0.05348206191801366,0.08229262740636849,119.87069913491635,102.5785947587502,0.006772075802644751,144,537,97.6001965738532,97.65625,85.84224993963016,10.338307444430646,24.789131985235834,28,64.58643979095407,206.18145702026652,39.658404990745375,0.1351214179946429,3.8378378378378377,Subject_18,Trial_23,0,Squat
2,3,0.0599093898147097,0.09781510372847005,150.6833819471168,127.42727213588753,0.009567794513673901,162,560,99.53362045106586,96.923828125,100.59497721193247,7.793876157573306,15.808865038486731,49,26.370930739799224,139.30199182513405,15.710484889498794,0.14162419301905063,4.256756756756757,Subject_18,Trial_24,0,Squat
2,3,0.058481539280254846,0.09324752104033407,142.21882950338824,118.8929693567581,0.008695100175779137,175,546,99.93751355863414,99.365234375,91.54961628321536,8.317681889449885,18.217233707088656,31,28.491451071035076,157.48433402945014,20.144748790137886,0.1461007477009313,4.0675675675675675,Subject_18,Trial_25,0,Squat
2,4,0.0634997208799698,0.10109063712557091,142.00590809109644,118.36347972026371,0.010219316694866731,165,539,101.9035533639392,101.07421875,97.61133856794977,11.551930614321773,27.844177153415938,21,67.53775882349842,195.21090471106646,47.73832465238715,0.1764090351843924,3.72972972972973,Subject_18,Trial_26,0,Squat
2,0,0.04915613852279635,0.08529040935986279,111.57821711941585,92.9542579466079,0.0072744539094901335,122,454,101.41888543842101,102.5390625,64.93942374497223,9.420807441924616,24.94344473905808,32,54.86734395857667,135.94036063466316,37.23479726599692,0.11876525809353167,3.7837837837837838,Subject_18,Trial_1,1,Squat
2,7,0.04108698942843917,0.07554183183468746,117.508919400826,103.78573529623735,0.005706568350235495,173,515,95.92855638383517,93.75,54.36152402945504,5.408352590794174,11.640111080521923,54,25.033700637006483,91.77099686000682,15.765783212421246,0.04623067388498872,5.054054054054054,Subject_18,Trial_1,2,Squat
2,4,0.017621510594838498,0.032108128715554476,47.07653008390851,40.93476911180983,0.0010309317516299255,166,490,98.56346431503958,99.609375,62.581083236722165,6.009888204092403,12.563720434586283,54,46.83859156102413,128.11022697325518,38.41301820413417,0.08282885034664374,4.648648648648648,Subject_18,Trial_2,2,Squat
2,4,0.04714506389129239,0.08347488497944743,122.89398905135107,107.30216541658147,0.006968056405246875,173,519,94.78726049631543,92.7734375,125.09506665464377,10.231399125061564,19.734980537849935,32,51.43616752247802,180.39102800415466,40.025503962832026,0.1600527003573957,4.554054054054054,Subject_18,Trial_3,2,Squat
2,0,0.049207267828743045,0.08422688937888417,126.49049064328796,110.66714534684311,0.0070941688738870795,166,524,96.52448652392754,97.900390625,55.418219618570916,6.4352708207507545,13.29475863147821,50,48.24931570354161,145.36722932511915,47.13265755117342,0.06356864646335013,4.5,Subject_18,Trial_4,2,Squat
2,5,0.045966165753597674,0.08151070529348518,109.36249782715079,90.9670420263698,0.006643994980320651,165,459,100.61778907367719,97.65625,44.48503510674802,8.19209245721279,21.55040745282092,24,48.6497193708137,130.5337568905746,39.20275974867318,0.09521256961406033,3.9594594594594597,Subject_18,Trial_5,2,Squat
2,0,0.03965131571185254,0.07713443069505424,102.73090516113552,87.3121971974993,0.005949720380485109,143,410,100.18784971974597,98.2666015625,48.621346360196924,5.314327937185976,10.335355968879524,56,49.14501483618052,141.56478834179725,49.69804964266822,0.07013105480277294,4.405405405405405,Subject_18,Trial_6,2,Squat
2,3,0.03799904052955585,0.06946672586270491,89.97300666230996,76.49206858599592,0.004825625302514455,152,418,100.63147764309616,103.759765625,54.916800473417624,5.516450060524694,11.9497606521707,40,23.652815686250374,83.27937139464807,18.946362462083847,0.058401856085444404,4.027027027027027,Subject_18,Trial_7,2,Squat
2,5,0.02720831999224069,0.04738876774942442,73.81648702732195,62.27984446223894,0.0022456953028062426,180,504,100.5037120243129,97.65625,62.59158234521962,8.254093743630705,18.62732862418068,35,46.71863659871591,169.45834616383613,40.40065644327094,0.12565121736188686,4.581081081081081,Subject_18,Trial_8,2,Squat
2,7,0.019700053448264764,0.03483058569565505,50.62678786619996,43.37951769307901,0.0012131694972357392,166,463,98.84142613698369,100.7080078125,71.5284127434974,6.440319676387111,13.500304260456488,50,29.189399813185517,193.39420686169484,23.795940306635945,0.11388414154604916,4.405405405405405,Subject_18,Trial_9,2,Squat
2,3,0.02139425887155928,0.033773663070913666,57.13434667883161,47.965928390035906,0.001140660304577272,181,654,102.19265730365247,100.4638671875,76.15009687132844,6.605985887297823,13.167526096275562,59,24.56754803938951,101.37919309757356,17.688476856401213,0.0660573924003799,4.486486486486487,Subject_18,Trial_10,2,Squat
6,7,0.021256934856077842,0.03655116413214266,40.809590603723336,40.345662356835746,0.001335985996885419,75,367,84.72548177719779,80.56640625,61.78579323136803,6.0079390423923265,12.460883192804314,50,58.75560598054841,174.48144310376054,52.669197279296874,0.1702417250263376,3.7972972972972974,Subject_18,Trial_1,3,LegExt
3,6,0.006450622600028557,0.02876985514629276,8.251362311950164,14.159116607062682,0.0008277045290597081,3,8,39.8233360145882,32.2265625,55.614969659002085,15.98096454133291,39.16549850701261,21,51.5785158028589,189.6256185877864,54.78700529112146,0.13177473791159616,4.391891891891892,Subject_18,Trial_2,3,LegExt
4,7,0.020290712226443863,0.03260454820457592,37.669358082222864,38.36973682020535,0.0010630565471613047,114,410,78.85351513832975,76.904296875,65.77615270124687,5.82497015316938,11.426463261735488,42,62.30481215905932,225.1231809638316,55.6668457490374,0.1838509369459797,3.7837837837837838,Subject_18,Trial_3,3,LegExt
4,7,0.01860603079865862,0.029967791344682308,30.124222850073405,30.030133709035013,0.0008980685162417053,91,337,83.59513774869895,82.03125,87.73264784438577,7.573079804792352,12.703738730612532,32,69.45096604446027,235.29148050486194,60.41465201494284,0.205592204544543,3.22972972972973,Subject_18,Trial_4,3,LegExt
4,6,0.01841125893852359,0.029994892003863446,41.95606837575143,40.78093854882975,0.0008996935413206032,143,487,86.39614540573842,81.6650390625,56.39341005319423,18.14362486777549,43.328432296366934,16,53.10059676320332,198.71099845636982,60.95438772533879,0.14193190705808412,4.4324324324324325,Subject_18,Trial_5,3,LegExt
6,7,0.017412601940922055,0.030107054004588008,34.93150617962127,33.397370522688504,0.0009064346821885108,117,365,86.76696363718762,85.693359375,64.51594760387934,5.122690970806757,8.92750447615702,29,58.79123069900499,204.7687603121911,54.87252024144181,0.19862665483945674,3.8378378378378377,Subject_18,Trial_6,3,LegExt
4,6,0.016564864795336604,0.02870881689200375,37.29746044738363,35.91262687628976,0.0008241961663543807,125,442,85.13103573979157,82.6416015625,58.82415668294748,15.254502537264504,37.19094728168922,38,53.83907160367269,187.56022033651578,60.52573060399932,0.13631471347936777,4.337837837837838,Subject_18,Trial_7,3,LegExt
4,6,0.014877462133844471,0.02538682745758174,35.35691381406411,33.56355457395313,0.0006444910041680863,127,456,86.20560232567213,85.44921875,53.57353691609943,17.529982371600365,43.07529871253413,15,49.633463907960476,184.42921569592477,52.18483398806828,0.12181279598437109,4.513513513513513,Subject_18,Trial_8,3,LegExt
4,6,0.016824144482196553,0.0279053037037951,32.82987737173237,31.578919193082932,0.0007787059748000982,106,414,86.00607276924453,80.078125,53.90445495992877,15.99659033291715,37.62079486408473,14,59.25846461862797,197.59010912274974,59.40082337040879,0.16013985805921602,3.7567567567567566,Subject_18,Trial_9,3,LegExt
4,6,0.015339089133578449,0.026033272233554998,25.578730845824204,25.800347922678952,0.0006777312620421251,97,312,83.4397109276613,80.56640625,59.62570968798116,15.68561219597092,40.641876088605414,10,63.29997161485263,173.33971585256958,60.16528929444567,0.15783683764837897,3.364864864864865,Subject_18,Trial_10,3,LegExt
4,7,0.012198555883869264,0.019007349829868233,20.831088336334123,20.676552223158403,0.00036127934754512055,108,369,83.55200834359636,77.880859375,67.8290541825562,5.075215690746109,7.387994034712878,29,51.80405936806684,134.49501527312793,38.50468636782017,0.16601361772276046,3.391891891891892,Subject_18,Trial_1,4,LegExt
4,6,0.01205947064650736,0.019009890905325445,15.067934269289495,15.472300839468945,0.0003613759465109223,75,272,80.59340325859652,78.125,46.46403065811918,9.492107578905234,24.38194750602557,20,53.90847756132038,126.98689619321573,40.80420715838638,0.14192833428391297,2.5675675675675675,Subject_18,Trial_2,4,LegExt
4,6,0.015081374451578446,0.021979709951187566,21.321442423916434,20.37493688408248,0.0004831076350994723,87,355,88.1085577915174,85.693359375,38.80242393647481,12.128705368008522,33.59949914058819,8,56.557604148720955,139.75132313972014,39.93760023785414,0.10622549451696284,2.7027027027027026,Subject_18,Trial_3,4,LegExt
4,6,0.014319035765895948,0.022772695997412468,22.11900828674987,21.37832039848265,0.0005185956827641387,87,337,84.13666837180702,82.03125,47.08794538599347,11.724071645579544,30.087615027353984,9,56.20824184769589,152.98205818368675,44.37126833895557,0.12690829865117556,2.9864864864864864,Subject_18,Trial_4,4,LegExt
4,6,0.011922966149195831,0.018613038113362564,16.309645332777954,16.107927267563568,0.0003464451796583073,89,303,84.28062691482974,82.275390625,32.07649684455069,9.591762788952822,25.45264525159335,10,47.45244312836028,121.07728179459629,39.88254952597686,0.06233696157250507,2.7027027027027026,Subject_18,Trial_5,4,LegExt
4,6,0.011120401126431891,0.017281109118795553,14.889962899960421,14.867976306039438,0.00029863673016731064,85,302,83.17218880424262,79.58984375,45.75727459363898,9.821879586005194,25.773248010253432,16,55.8812087299831,158.02938820616416,43.570835647467106,0.15768416932348506,2.675675675675676,Subject_18,Trial_6,4,LegExt
4,6,0.011239530351041494,0.01824873779504979,17.89491571103787,17.45499063516744,0.00033301642971455105,85,306,83.06047880677367,77.392578125,34.99732883011949,10.261032587806854,24.202189070148208,8,46.73615253578546,143.74252298715083,40.59476391321739,0.06976724030111568,3.108108108108108,Subject_18,Trial_7,4,LegExt
4,6,0.010987030535776108,0.018437220301787266,17.23732167198739,17.73306728474264,0.00033993109152247387,75,301,82.8979964608102,83.251953125,37.302860223346286,11.015168574042333,28.267429955183722,6,41.41633274257217,118.04054525189092,36.334554395340255,0.08069535043856861,3.22972972972973,Subject_18,Trial_8,4,LegExt
4,6,0.010181608063285373,0.015775988312818744,17.132853642451785,17.73636124624312,0.000248881807051082,103,358,80.19945268767934,76.416015625,46.961755334177795,11.522163177669293,30.85287458287464,53,41.48331313995699,117.7116181492453,35.547153015035924,0.12361774901641019,3.4864864864864864,Subject_18,Trial_9,4,LegExt
4,6,0.00976867991143521,0.015675191151530037,15.97546289166702,15.90341089581652,0.00024571161042415574,87,326,84.07679849128817,79.1015625,30.812447541905758,9.926006751573013,26.55774458594809,17,41.01937347628217,122.51896257409972,36.90836303164702,0.04938977109907773,3.2567567567567566,Subject_18,Trial_10,4,LegExt
4,6,0.0127926854872548,0.021166698128861124,26.495735101314004,25.483029490611564,0.00044802910955798716,123,392,89.70232433795735,90.087890625,52.78495329284292,11.069223342160399,27.08108670307576,24,37.15881691795718,120.69517955094433,34.578706174649774,0.1430736949674783,3.9864864864864864,Subject_18,Trial_1,5,LegExt
4,6,0.01313609591700211,0.02102947826680495,22.743035546575666,22.002960660978534,0.0004422389518491855,108,363,85.73325965595618,84.716796875,57.7978013470794,12.528890224819424,31.16048209206869,29,45.523319528328514,120.67876129857174,31.822401556897006,0.16855891483995916,3.3513513513513513,Subject_18,Trial_2,5,LegExt
4,6,0.015273649688597088,0.027789471745835327,32.09211273600876,30.333468281553817,0.0007722547399125651,102,352,87.7089322625989,87.158203125,53.26112048998026,12.06205632990176,26.980297311109382,22,45.750089845915426,117.23590567909213,39.74696931985226,0.14965559152779895,3.972972972972973,Subject_18,Trial_3,5,LegExt
4,6,0.013541141657385087,0.023432044638246212,24.46908110808819,23.141811092471112,0.0005490607158643555,101,331,87.40117688362008,81.0546875,45.09237487604248,12.417003993872761,31.950199762939448,8,48.03071885700667,132.69149400886306,42.06347536200375,0.12689425554105505,3.418918918918919,Subject_18,Trial_4,5,LegExt
4,6,0.014828602422019749,0.024653878631567896,26.806626548624536,25.34208153923175,0.0006078137301504216,110,346,89.74677105071684,91.064453125,55.572981649176484,12.272908183121645,30.953542654994468,20,51.473617763959375,125.47627704423341,41.30510314695778,0.17477119933365712,3.418918918918919,Subject_18,Trial_5,5,LegExt
4,6,0.012702744833738762,0.022728806803051296,25.216353908554723,24.452783804947117,0.0005165986567861212,108,327,87.72701044103043,88.623046875,57.85932603973045,12.344503286824773,31.245460501320192,21,46.83517733885443,154.85728880960144,40.414068761018164,0.13737911555764068,3.8513513513513513,Subject_18,Trial_6,5,LegExt
4,6,0.012789552716726441,0.022432627118249143,26.601634336079172,26.001160673104856,0.000503222754666403,102,371,85.12349084184291,77.63671875,46.82621936098455,13.861448674632774,36.37358291635458,49,44.626873088346656,154.88004471679687,38.764779950597806,0.14278832678956013,4.0675675675675675,Subject_18,Trial_7,5,LegExt
4,6,0.012665636210007587,0.0213202625273206,27.605827597706018,25.913891685675523,0.0004545535932207419,113,427,88.62010184360017,89.111328125,47.76226359814531,14.20947170426754,37.15216557851574,40,44.14587851195863,118.75773738631528,36.203165792971994,0.117736742204639,4.094594594594595,Subject_18,Trial_8,5,LegExt
4,6,0.012813924186118666,0.01927064874466406,21.805556331691882,21.553020481051597,0.0003713579008289053,107,390,84.69700890624021,81.298828125,44.05021028413664,13.195536665012433,34.308816642143,29,47.2436535893981,127.85458521578255,35.60107784051158,0.13021316491101798,3.364864864864865,Subject_18,Trial_9,5,LegExt
4,6,0.013885184764498269,0.02322314026882944,26.709857959138883,25.97918069437626,0.0005393142438110882,92,381,83.8558972639993,81.54296875,48.377210184394016,10.885398416813922,27.387334601955274,31,43.331603117106084,114.86572163830783,34.03107435468436,0.15387533689209368,3.7432432432432434,Subject_18,Trial_10,5,LegExt
2,3,0.029942145601645806,0.04832157344680094,144.88173497474412,135.00913451782094,0.002334974251026853,288,998,92.15588371007703,88.8671875,153.88836498561687,21.60162121673935,49.56842346299015,123,130.43490099401413,381.15684724743863,96.49614746835255,0.46573629622731416,9.027027027027026,Subject_18,Trial_2,6,Walking
2,7,0.02323855992446181,0.04210013257857392,133.0378355803877,122.83902776070514,0.0017724200092624049,246,984,94.46792748592057,96.13037109375,168.65789525181697,18.96611207440313,43.36431660335499,106,106.15719985615556,397.7021990645797,83.53456632186143,0.37821717932228666,10.58108108108108,Subject_18,Trial_1,7,Walking
2,3,0.04767697747736801,0.06686958859549347,287.04279078598023,249.4459461615894,0.004471541834342103,438,1789,96.83858981743435,95.5810546875,169.49625993800507,19.48976972274595,40.61406514508945,111,107.48445653888112,333.30459640850677,77.05565756345915,0.29740284791450033,10.472972972972974,Subject_18,Trial_1,8,Walking
4,5,0.014864663350658745,0.03405674328980669,36.93850805965115,38.03867351433573,0.0011598617631907125,79,252,84.83760338846757,80.56640625,51.588360789087744,12.914798513850712,32.38076861041733,23,47.876008157229414,161.0638023957371,40.84882348118243,0.06739938067337824,5.121621621621622,Subject_19,Trial_1,0,Squat
4,4,0.014169209564374232,0.028294790709265938,25.907161986849694,28.32424991918409,0.0008005951707705109,66,227,75.77358656904492,72.75390625,95.3524961389826,8.60802814475195,18.629459015341507,42,53.07667533724171,173.1325119875051,42.067716840447716,0.10198481007448228,4.0,Subject_19,Trial_2,0,Squat
4,4,0.015154769315633195,0.031903773466267854,26.15727244059488,28.445502005443508,0.0010178507572132607,64,230,73.88421474887744,69.82421875,69.41121828797608,7.898187099282316,19.66045723818269,18,54.902812229384935,186.80689167279513,41.4875147824848,0.09422480717891242,3.7567567567567566,Subject_19,Trial_3,0,Squat
4,4,0.01603209798577322,0.03012205345721113,27.86884337806412,29.88383064548128,0.0009073380890619282,79,238,79.86924026975277,76.66015625,89.1410804713023,8.430150868139613,22.331345714861044,22,53.82686055454328,253.34852721698317,44.42870655487588,0.10641099991308776,3.72972972972973,Subject_19,Trial_4,0,Squat
4,4,0.013877031030091302,0.030767534418163815,26.34569521517315,27.559783625761327,0.000946641172669655,70,209,83.33477419032506,77.392578125,126.44939392839895,10.219223501976748,19.273546083278138,39,54.150141934185314,254.24670701033895,46.45339854867303,0.11618871728559,3.972972972972973,Subject_19,Trial_5,0,Squat
4,0,0.012524670290681586,0.025468684635853018,23.879091803474374,23.84697223345774,0.0006486538964152347,78,232,85.81532320832099,83.49609375,109.37604084303007,9.162657815258168,20.80299707546116,47,51.07240116229526,179.57671463421158,45.64209925345853,0.11790134039078169,3.810810810810811,Subject_19,Trial_6,0,Squat
6,4,0.012052616773630037,0.023681603641277638,29.28483481649558,26.780914471005943,0.0005608183467460374,109,378,91.81390065655313,87.40234375,51.333330878079536,6.881474605390474,17.457912113975674,21,47.13112527824699,166.62968637630448,39.969304065182044,0.0768148342700822,4.445945945945946,Subject_19,Trial_7,0,Squat
2,5,0.011195427854975277,0.023890069546711638,23.070964496952396,24.954608688739892,0.0005707354176883209,64,193,86.85481308754478,84.1064453125,52.890867236302995,6.375118595393254,16.2212599215271,64,55.650942582046625,216.5234764706984,41.14502884921538,0.0878910099122307,4.45945945945946,Subject_19,Trial_8,0,Squat
6,1,0.014745103252860076,0.028162742180609466,40.65176349747041,37.24613081672455,0.000793140034684961,142,411,94.72432817755039,97.65625,44.87323975141085,15.196974748780839,37.89789339933714,51,44.460774447661294,125.69871115781017,31.721289380283466,0.04705780202392399,5.054054054054054,Subject_19,Trial_9,0,Squat
5,1,0.010787523009831898,0.025294635640575554,16.368542615386218,26.731482018363444,0.0006398185891554856,13,86,46.66429279126853,36.865234375,53.406850276061526,15.142825731546871,37.588222522912524,24,46.18415157812999,170.09882478329757,36.186224415283355,0.05070348949188965,4.95945945945946,Subject_19,Trial_10,0,Squat
6,1,0.014559493801529065,0.028120715370946903,40.4814602811018,35.99106867737985,0.0007907746259366621,145,427,98.17233797680643,98.5107421875,51.44062041841917,14.902962665202086,38.5980711452838,16,46.98955969829824,130.8551484956758,36.64962539929335,0.05228286112901034,4.945945945945946,Subject_19,Trial_11,0,Squat
6,5,0.012040831586619321,0.022581853463219354,28.56016705718737,27.16411605941319,0.0005099401019316395,105,356,88.67445063849799,87.5244140625,65.01380446586924,5.515745654738053,11.232725099385618,24,54.34791207508542,334.70687830702735,49.9091585829177,0.11732860484682896,4.513513513513513,Subject_19,Trial_12,0,Squat
2,1,0.012975015191529743,0.02346791547899135,29.93734157930671,32.1520876446107,0.0005507429922551485,95,282,85.09532442792067,83.740234375,59.016910651210395,14.043926507922471,37.687002280131054,30,55.12724293200931,160.66803478078262,44.320504861336524,0.07555422634175073,4.95945945945946,Subject_19,Trial_13,0,Squat
2,1,0.011224057469972485,0.020424291942544262,23.235240997801636,24.782718893699247,0.000417151690370803,86,257,84.61685103932581,80.322265625,57.181654666790955,15.098545078107096,40.06072496077036,29,55.97304363782937,265.1466371169215,49.33003724178382,0.07520072704733892,4.418918918918919,Subject_19,Trial_14,0,Squat
6,5,0.0113680664813127,0.021216880204908757,27.540567500278364,25.259843721476816,0.00045015600196243803,111,389,93.20456528150324,90.4541015625,82.94049407491624,5.391957498165135,12.467693037697952,82,56.310897085285006,296.74422027085274,45.13671191256828,0.11825550676389661,4.445945945945946,Subject_19,Trial_15,0,Squat
6,1,0.01185609628344274,0.021842932815567463,28.224276725669675,26.42723861579387,0.0004771136781323058,136,391,92.20185244374935,87.2802734375,66.78444787162354,15.316651877677756,39.254996731095446,32,54.07830696928819,256.8387292630801,44.33576028529025,0.06901501037066977,4.45945945945946,Subject_19,Trial_16,0,Squat
4,1,0.01340126851067855,0.028725927906312627,25.615313187948175,26.6149192622076,0.0008251788642669131,57,211,84.77351199754702,85.9375,81.04808208275674,13.05696028240427,34.606308246691675,25,64.48751625979793,284.3616881382782,54.31899095173316,0.15493112726589128,3.972972972972973,Subject_19,Trial_1,1,Squat
6,4,0.013435542622797478,0.025386657476412385,22.766487059957925,22.679195947282142,0.0006444823583818249,68,232,86.77288288676169,86.181640625,84.66349666470761,8.614484668057246,20.066499118966146,22,60.326694207576246,268.2006149538542,45.47854254357612,0.11069434171090241,3.3783783783783785,Subject_19,Trial_2,1,Squat
4,4,0.018291123028918575,0.03964687604490427,30.125056077650253,30.875415672814555,0.0015718747745455837,57,192,83.59358826158609,85.205078125,83.12857632618264,8.676612636611873,21.531403266966247,29,59.406674364959734,215.2747619271696,47.29993293496704,0.1075550143125837,3.3783783783783785,Subject_19,Trial_3,1,Squat
4,4,0.02193819777093651,0.04510792688970086,43.17320041378329,44.29322129952081,0.0020347250682540927,81,235,82.92353954292095,84.228515625,76.96609357459317,8.102130052399835,17.63036661828652,36,52.400319477823054,183.8665495842282,39.40616885998315,0.0941672221352423,4.04054054054054,Subject_19,Trial_4,1,Squat
4,5,0.014939989395623092,0.033776446395264545,27.951779664189388,29.461659088168737,0.0011408483308573334,46,220,78.53470804636196,75.439453125,60.94785939568539,12.37086081097894,33.02533363988037,11,61.78953434417743,218.64774086132698,45.1384459278113,0.1103461697772637,3.945945945945946,Subject_19,Trial_5,1,Squat
4,5,0.019299777778392115,0.04181620173477363,35.90393587152076,38.966251334573684,0.0017485947184205956,52,194,76.3649926971853,74.951171875,77.7868205524145,12.474895491051967,29.520145237461133,25,63.90851987306625,258.7680570944188,47.76503032045223,0.13776136206577053,4.04054054054054,Subject_19,Trial_6,1,Squat
4,5,0.027505605091475142,0.049064073138504104,42.937740234676355,46.42946139441004,0.002407283265639176,66,250,75.4363367874915,72.021484375,60.45595657149075,12.941035212816724,32.92845323079229,15,65.63380466481948,157.71340036128146,36.402722632557904,0.09684439156235741,3.3783783783783785,Subject_19,Trial_7,1,Squat
4,5,0.021768212491534353,0.042700960073893277,40.545356113851525,43.81941174545865,0.0018233719772219987,76,232,77.42008488192903,78.61328125,59.82813594321353,11.565181077725647,29.364905178815803,28,60.92642718849659,183.29247173130983,42.60846197136669,0.08845506813003054,4.027027027027027,Subject_19,Trial_8,1,Squat
4,5,0.019689174903168263,0.03776124557709105,30.349908072467983,32.84154373848466,0.0014259115981400895,55,216,75.34755358401112,72.021484375,77.97014949496423,12.849794926094757,31.429862992068163,17,65.72529953557142,178.14390717388758,45.25017099596227,0.13636958119866613,3.3378378378378377,Subject_19,Trial_9,1,Squat
4,4,0.014750539111946737,0.027605961618666474,27.518464744234755,30.386110570610278,0.0007620891158283708,82,267,75.21472420702229,74.5849609375,54.24324474757541,7.469188955130638,19.434562728881914,40,51.675582463017626,155.13883925653477,37.24209896257033,0.0973453183819335,4.121621621621622,Subject_19,Trial_10,1,Squat
4,1,0.020423814346267444,0.04131252090064806,31.788726810257415,34.61836531692332,0.0017067243818050899,51,222,73.35265447987565,65.91796875,86.73486194068127,11.07915627683225,29.015103860538364,30,73.81792793460694,283.50022632862874,57.6443998034934,0.1876928681286296,3.391891891891892,Subject_19,Trial_11,1,Squat
4,5,0.018734839011335328,0.03297165307569991,28.98604122884332,31.886695997292726,0.0010871298575957228,59,264,74.07557764382203,71.044921875,67.07367735293116,11.249082216697335,34.42105328549731,7,64.47095666721049,257.1403835604646,40.98115286418351,0.13018407434694518,3.4054054054054053,Subject_19,Trial_12,1,Squat
4,5,0.017977085570687425,0.03451362247400794,27.913585926259334,30.111618330901436,0.001191190134898669,64,249,76.01916261229799,68.603515625,78.81135344348469,11.398030084068644,32.4393747669843,14,74.20614602510199,286.5908483775272,51.888429908118134,0.16642126169164395,3.3513513513513513,Subject_19,Trial_13,1,Squat
6,1,0.01133242580286172,0.021743893155756266,27.704579672673276,25.180650133958743,0.0004727968584016685,136,361,97.80964472318009,97.16796875,49.81343334092293,13.415457318032278,33.71052340783617,7,44.70612411410512,160.18292709065545,39.35145194859043,0.069517478757355,4.445945945945946,Subject_19,Trial_1,2,Squat
6,1,0.009364162777059435,0.016617171798850312,26.491496484471163,23.84115843039332,0.00027613039582294774,164,455,95.5462372949125,96.0693359375,52.59823283124296,15.700275910541134,38.665271956604535,22,42.4195942644626,120.18275209867366,32.96292062624238,0.052369218112203554,5.094594594594595,Subject_19,Trial_2,2,Squat
6,1,0.015658404907606727,0.031181660064879997,41.52420245200406,35.748138404066154,0.0009722959131131365,140,384,100.27394829672211,94.1162109375,50.276923441713116,15.418124645074506,38.838358450404556,27,47.198682752766146,143.64220157334842,36.62199578428096,0.06200070872182012,4.5675675675675675,Subject_19,Trial_3,2,Squat
6,0,0.01082146718870698,0.023756943911157895,29.749641666661987,27.475705192127023,0.0005643923829399551,103,336,92.61693743991438,88.8671875,59.85073378080861,6.657600099348223,18.569105200029785,33,38.835807408566936,146.8927348368927,41.081318834513894,0.0604589727560305,5.081081081081081,Subject_19,Trial_4,2,Squat
6,5,0.009928092265617878,0.019291216653523065,27.12893569456191,24.810302571779076,0.0003721510397946371,133,424,92.2612876343378,92.529296875,61.94016316791959,6.3116350659023945,14.904815058401145,59,52.42371783007798,359.15433698227855,52.52637135397698,0.11908362403495476,5.0,Subject_19,Trial_5,2,Squat
6,5,0.0123287969816373,0.023732789941600874,32.582978328350585,28.72609696721491,0.0005632453090471835,119,416,95.89417189087172,90.9423828125,57.58285142260792,6.551113846592217,17.49607493965893,34,52.23358335141198,179.9361542287199,37.978133676553426,0.08633035803533883,4.662162162162162,Subject_19,Trial_6,2,Squat
6,1,0.009454488584492726,0.017215549770388056,23.388559103446873,21.386053178122545,0.00029637514323600285,124,428,90.77537062960396,88.37890625,55.31658140741125,16.067407060949108,40.852916435225175,12,46.90043240702016,169.1580531411611,38.417024960493464,0.06113211649098157,4.527027027027027,Subject_19,Trial_7,2,Squat
6,1,0.020135125126833495,0.031520087221740635,57.80732081391061,51.12308269703025,0.0009935158967666958,190,664,96.10130284082705,97.900390625,57.97568121701314,12.93848477130828,32.07342706251104,22,41.71935502002288,179.88801336481131,39.73939935957505,0.06683807603096777,5.081081081081081,Subject_19,Trial_8,2,Squat
6,5,0.014106182206768646,0.0266341637923248,35.05258298097216,30.864326668409795,0.0007093786804835843,143,362,99.09661324038525,96.3134765625,64.39419520683407,8.310947557735897,19.208856668722845,27,50.39089162612169,170.8227296738413,42.20589594745299,0.08409584406428301,4.378378378378378,Subject_19,Trial_9,2,Squat
6,7,0.010919367894586411,0.02142724822753439,25.87370017171765,24.40478724440063,0.00045912696659133624,112,360,89.50620306259019,85.44921875,59.18628286379728,5.140234859120099,11.776468355015128,37,20.964320706713558,64.39966653966393,11.476297435076928,0.03676462878737239,4.472972972972973,Subject_19,Trial_10,2,Squat
0,2,0.014240767598045124,0.023228053027964594,25.093974845418657,22.60009817809761,0.0005395424466931268,107,377,93.022985652048,90.576171875,61.124232861853514,18.972452422879925,48.31844594738321,33,59.44263214178512,155.73064581127684,42.12528383242117,0.0934382719309094,3.175675675675676,Subject_19,Trial_1,3,LegExt
2,2,0.01277639347011948,0.021318043021408137,21.881049417074955,20.87662693017523,0.00045445895816906376,88,364,87.21684923399977,85.205078125,71.02806843416131,20.37065332813031,52.9792708166803,26,61.914144609669194,159.6527789826197,45.85979960606636,0.1264627510828978,3.27027027027027,Subject_19,Trial_2,3,LegExt
2,2,0.01851856884198407,0.030700159715012016,34.701723459009614,31.25934420526911,0.0009424998054338105,99,418,91.81514640445077,86.181640625,65.0626416093651,17.587721038313347,44.31445829395416,17,56.38050114483584,130.23812193667942,37.77622433756606,0.13368590350791004,3.3783783783783785,Subject_19,Trial_3,3,LegExt
0,2,0.01207349618629382,0.023541138914230635,26.381921914963947,24.219433349705405,0.0005541852213493695,110,349,91.3932768804193,92.041015625,59.482641519542284,17.993206993497196,44.97141160954396,21,50.491966585426276,154.52442903006417,39.9536471817322,0.07962091496937909,4.013513513513513,Subject_19,Trial_4,3,LegExt
0,2,0.013234719655005745,0.023297727503029046,30.48821137535289,27.978197350682144,0.0005427841065319397,131,407,90.56708259365676,90.087890625,58.70745442242537,16.91192337742975,40.039568445472845,32,47.77760091988409,139.22418404555077,40.57431773577308,0.11024594053682539,4.22972972972973,Subject_19,Trial_5,3,LegExt
0,2,0.012691023087290955,0.022271947374883676,23.48315544257361,22.4504198414177,0.0004960396397662448,104,354,88.20586340342635,85.9375,58.93920945182276,18.306885888042675,45.43400958920472,24,58.63104287501653,179.53856231819665,52.274223635448486,0.13845083499368255,3.5405405405405403,Subject_19,Trial_6,3,LegExt
2,2,0.01468059700533561,0.025372689221441872,26.283421229192456,24.78084774500651,0.0006437733578903076,88,340,86.59960111922425,81.0546875,54.678927369778116,17.851289959426936,41.890017880625365,19,59.00605109935873,164.53198043570427,45.626375186208264,0.1305757041016184,3.3783783783783785,Subject_19,Trial_7,3,LegExt
2,5,0.009890794428907263,0.017303140988913192,17.78697329910389,16.962712445575956,0.0002993986880139231,84,364,87.33797925330101,84.9609375,76.47168114935711,7.761106952308315,16.168506795769403,36,59.773359517446465,290.8616239516083,56.96031452393368,0.1887336825474373,3.4324324324324325,Subject_19,Trial_8,3,LegExt
2,2,0.02039643486256873,0.03662625030820545,38.238103398769084,34.571957092054,0.0013414822116296198,103,357,92.70498658774912,89.111328125,57.95558941554241,19.433425314239514,49.36163690269017,30,57.277332537542605,138.83241878086255,42.90024098072338,0.08300948755169853,3.391891891891892,Subject_19,Trial_9,3,LegExt
2,3,0.017507671564980298,0.030389638237378273,32.20539949548769,29.79805700359647,0.0009235301121007588,115,351,92.00885283214056,89.111328125,84.64797939864538,8.13349298418195,14.161031720171234,37,57.95303986086239,170.82721972400978,49.389160033042394,0.1942452690059971,3.4054054054054053,Subject_19,Trial_10,3,LegExt
2,3,0.013721786452912544,0.025824936185895774,26.579892251543704,24.191509516484814,0.0006669273273353971,100,300,95.43894547067097,94.7265625,68.98017599208913,6.942833196405335,14.674732216604,39,57.8222240189495,171.2072151628535,52.0775498350819,0.1447049404726011,3.527027027027027,Subject_19,Trial_11,3,LegExt
0,2,0.012604231504472856,0.02113946656856255,21.549028488759745,19.839060388040277,0.00044687704440262967,91,364,86.95414026115952,85.205078125,42.93360391937338,12.064396712185388,30.48925667031543,21,50.55998180701329,117.16575146954936,34.22046827770186,0.12181456916399229,3.1486486486486487,Subject_19,Trial_1,4,LegExt
0,2,0.01209294122330643,0.024447044814114926,21.0544555450685,19.518007134416578,0.0005976579948324693,72,250,91.07118665059778,88.37890625,50.7137756500526,13.563503638635542,35.59179495145735,28,47.16605816767005,125.21042836269812,39.13274223948449,0.09898535900975505,3.22972972972973,Subject_19,Trial_2,4,LegExt
0,2,0.01289460480816305,0.02133571023027322,15.888224680634256,15.67983944672627,0.0004552125278258046,75,227,83.1598561528866,76.416015625,60.42864032906615,16.449214689734234,41.29269704784396,27,66.10251158095411,194.93377435788418,56.89431226129854,0.1031334735810005,2.4324324324324325,Subject_19,Trial_3,4,LegExt
0,2,0.008302020143805863,0.015873203026636345,14.30180810087932,13.84776959986818,0.00025195857350453,74,238,87.08135187749359,84.9609375,49.161430132047705,12.453353805959319,32.253982084549406,37,43.958920272077975,121.38110740391684,36.5880876649861,0.08456652205262828,3.3378378378378377,Subject_19,Trial_4,4,LegExt
0,2,0.009805215832613269,0.020186432822552607,17.35462316227206,16.423736519627226,0.000407492065792449,88,247,93.12198303940323,94.23828125,56.300137365247835,12.986502542487184,33.07765567126658,20,47.27112910747767,111.26275377139605,36.71743973166796,0.12133568847071113,3.3513513513513513,Subject_19,Trial_5,4,LegExt
0,2,0.010712098972543263,0.019336367323780607,17.23645748067353,16.496632417716626,0.0003738950993813777,85,275,86.00121878630988,83.49609375,60.82766608022051,14.918169131049314,38.27826202947992,21,52.533661506695196,128.0029237892721,36.96555192982765,0.1194129041962154,3.081081081081081,Subject_19,Trial_6,4,LegExt
0,2,0.010008903268241977,0.01807718973853015,16.28745882183214,15.613889098457483,0.000326784788806723,85,259,88.74624806671473,91.552734375,56.586658938331354,14.3761264310856,37.84155904730546,21,50.007117056501905,131.29554557488657,39.407065818882785,0.10300658165541554,3.1216216216216215,Subject_19,Trial_7,4,LegExt
0,2,0.010828417658388621,0.018726064037567308,17.385384432855602,16.675763193918478,0.00035066547368604287,91,295,88.70115719625215,85.9375,62.912804287681844,15.385954805537809,38.85399053606019,29,53.33369237092787,114.8144115387483,37.52925916093054,0.1299795370240411,3.081081081081081,Subject_19,Trial_8,4,LegExt
0,2,0.01398218260803902,0.024244934518470998,23.434371040195757,22.007955425053417,0.0005878168497018294,87,310,89.5214189529415,87.40234375,56.22212783890694,15.085977735602944,38.469235178130035,25,51.587803953361814,134.35808863729335,40.946885107965244,0.12589630271363517,3.1486486486486487,Subject_19,Trial_9,4,LegExt
0,2,0.011904853194409653,0.021436063544570335,19.490836723631773,18.89300201952812,0.00045950481993498434,96,260,87.6239093876216,83.49609375,56.67429971707395,14.334697726822947,35.495984022371324,17,50.38100169265622,125.54307599489064,37.412977094222526,0.11980301391210395,3.175675675675676,Subject_19,Trial_10,4,LegExt
0,3,0.019402889094897277,0.03534123474202997,39.7625438549829,36.82668350211503,0.0012490028728260399,113,370,90.70686274192644,93.994140625,85.53745638597472,6.710417451608487,15.03376761634399,25,56.84297877424449,131.47288597742977,44.54221347382672,0.16525080104819342,3.7972972972972974,Subject_19,Trial_1,5,LegExt
0,2,0.01389563557464809,0.023031266269244625,26.384679742760653,24.30346662005951,0.0005304392259604781,106,387,91.52565082246186,87.890625,60.58934083349361,22.933775427536307,56.558404116418124,34,54.99129056326631,143.97487440095057,44.15517633590191,0.06959822379192532,3.5,Subject_19,Trial_2,5,LegExt
0,2,0.015732579559659347,0.027267070660516545,28.69301996035502,26.55659429670498,0.0007434931403412093,94,356,91.45271981914013,86.9140625,68.97915097192667,20.665126282402753,51.29432157481936,25,58.502177542757636,140.35395464542472,46.317515463655106,0.13001091669015133,3.3783783783783785,Subject_19,Trial_3,5,LegExt
0,2,0.016539328294363248,0.031128464695537327,34.34122984592203,31.044319208519816,0.0009689813138667138,107,352,91.32154997785489,86.42578125,85.35905115819028,21.734586254059415,47.461748588828954,25,59.056428862324196,203.52815796437568,57.79349785403495,0.1386312209750429,3.7567567567567566,Subject_19,Trial_4,5,LegExt
0,2,0.01737307462780805,0.030099940252953924,31.008551323438954,29.447361494134647,0.0009060064023593219,99,331,90.35776565817193,87.158203125,56.89158265138796,20.62075096939918,53.80835590435077,28,56.17093397307989,143.8645861102942,47.497036794924156,0.11232576631557498,3.391891891891892,Subject_19,Trial_5,5,LegExt
0,2,0.022734193476878085,0.04506638431679034,37.368780613177485,35.01065795439225,0.0020309789943501896,74,243,90.56797116474965,87.40234375,80.07555089789786,19.70029702118934,46.70484682891839,21,65.43131147385918,166.00551657746706,53.40136134929196,0.1508780226291445,3.081081081081081,Subject_19,Trial_6,5,LegExt
0,3,0.01779016079996826,0.0329758485554977,36.2124255769211,33.516662947140205,0.0010874065802311606,101,351,91.99760121129857,90.33203125,95.74889598216325,6.657961154233683,12.540905550090763,31,51.92216947601494,167.86278089755183,49.8123129554837,0.1841913727744834,3.77027027027027,Subject_19,Trial_7,5,LegExt
0,3,0.019717844096332822,0.03462372840813595,44.08211788253802,39.692020165917974,0.001198802566121601,138,414,94.72506634232474,93.26171875,70.09542277873885,4.908665032000824,12.828310662261895,7,46.3960659020225,176.64474558872482,46.15627056364902,0.15358298038395218,4.027027027027027,Subject_19,Trial_8,5,LegExt
0,3,0.01707087349732181,0.03120193612598845,38.38408423789786,33.90275476568111,0.000973560815438173,105,397,93.24100343830553,91.064453125,75.30591435619655,6.158495434364501,11.809830233494068,36,46.93149565908269,161.1082046464229,46.471361785214704,0.15243170725099223,3.972972972972973,Subject_19,Trial_9,5,LegExt
0,3,0.017344173702299185,0.030954889308033987,35.178893955825615,32.086721349253494,0.0009582051668967454,114,374,90.09955450743337,84.716796875,78.03460159880234,5.828937280762126,11.096332652969126,24,49.91440371128629,157.94718872792726,45.438586978675005,0.1631870297762639,3.7027027027027026,Subject_19,Trial_10,5,LegExt
0,2,0.014539626243678215,0.027574020134870484,27.85753458555928,26.214946117351822,0.0007603265863713892,83,316,91.46764520265565,91.064453125,63.80510372253767,20.882403313862785,51.564529722911075,36,56.25598315517509,168.5044722406501,45.43839780788031,0.07961575295636174,3.608108108108108,Subject_19,Trial_11,5,LegExt
2,7,0.03243916647255515,0.06326788891867167,75.78991741901515,119.3436934525304,0.0040028257674953,39,287,42.670856922873455,33.3251953125,171.80256507806968,23.27023458464813,54.21901855624582,60,136.19231701630773,382.27816329334064,98.58906399268463,0.5482938533013831,7.364864864864865,Subject_19,Trial_1,6,Walking
2,5,0.010403432933458261,0.017064558516734708,23.180597076901815,20.234677055576316,0.0002911991437713586,147,459,98.74518580989029,100.09765625,58.38647173698196,4.386870849025817,10.562165724020968,20,45.51374936097724,353.7755263028217,57.0507491675081,0.14465586878033238,3.891891891891892,Subject_20,Trial_1,0,Squat
2,5,0.007730859332680716,0.014832417162322123,19.10148036069628,17.750053027834923,0.00022000056936818162,122,362,91.40612403967359,88.8671875,56.71584951448922,4.476352297327957,9.594129242454674,41,45.85939245573908,268.9717968702667,55.725185407246165,0.098647005217288,4.594594594594595,Subject_20,Trial_2,0,Squat
2,0,0.0073382146858647565,0.013467110621885438,18.117209983011485,16.452277325708785,0.00018136306828802742,125,391,92.50193923487576,88.5009765625,31.38342678848916,10.182599094584772,24.3481588543116,51,37.301237364271415,97.82887078516146,31.318581799210122,0.04432828522245845,4.486486486486487,Subject_20,Trial_3,0,Squat
2,1,0.008431976668389693,0.014199453028280662,19.96354068982999,17.142208566836246,0.0002016244584365631,145,481,99.03906051372594,99.365234375,86.07335935037804,5.777019120557017,10.818800033573769,73,46.63576387486305,433.2506950184729,62.65692902706878,0.18027161218968338,4.0675675675675675,Subject_20,Trial_4,0,Squat
2,1,0.010955454254476839,0.020555900324765636,19.34514547319971,17.758791346506957,0.0004225450376585736,89,278,89.0826782262287,84.47265625,82.56972937393867,6.284093584084047,10.40955368697015,63,56.72502763947159,360.232779912842,64.00843677961801,0.19345694360496704,3.2432432432432434,Subject_20,Trial_5,0,Squat
2,1,0.010012661838082776,0.016440608919399836,19.42640810603053,17.041550448416885,0.00027029362068735254,111,385,98.11967069701709,96.923828125,71.65646569282976,6.267015861693518,11.940976574952987,58,52.540584821980005,433.2506950184729,64.83135559521885,0.23063913916179998,3.4054054054054053,Subject_20,Trial_6,0,Squat
2,1,0.010380650186280307,0.0178901607012527,23.955969010205347,20.33569371492312,0.00032005784152354687,147,465,100.27819157111837,100.830078125,92.21537741205755,5.861787823135887,10.005987707034471,79,47.17669735983114,370.6238492252674,63.66326699119975,0.2154788356579199,3.918918918918919,Subject_20,Trial_7,0,Squat
5,7,0.009139652995799634,0.017700164421179946,10.154082860557697,19.44004192206582,0.0003132957965491257,16,41,40.627730049812506,33.3251953125,38.37350477910309,4.694464857631718,10.75276171401872,42,24.740929327569734,126.35928868659947,16.09592699003174,0.05159855913532801,4.256756756756757,Subject_20,Trial_1,1,Squat
1,5,0.009119237940593094,0.02961384783981836,9.699597334491639,17.618367701225857,0.0008769799719193607,7,19,39.558647510175675,33.447265625,73.79563782704841,4.371766014393955,7.5682313972375175,55,48.00563956406067,356.8168955769297,50.9950441024196,0.20778497003504187,3.864864864864865,Subject_20,Trial_2,1,Squat
1,5,0.007501582136306938,0.01975194727600235,10.426056806441988,16.766036074646006,0.00039013941602541297,14,50,53.7186672903376,47.119140625,49.581209620799456,4.961604359906076,11.059786520175972,26,40.78936455990202,291.81880809173464,54.727322637275435,0.09876377255306223,4.472972972972973,Subject_20,Trial_3,1,Squat
1,5,0.00628533136309565,0.016213267117267515,7.9157353208917485,13.878011649715194,0.00026286983940170173,9,40,44.49640018293518,31.8603515625,41.70106235796227,5.194064577561143,12.003203287761032,56,37.815980234916964,296.06979564880675,51.78295094673605,0.12860766952050523,4.418918918918919,Subject_20,Trial_4,1,Squat
1,5,0.008499658303509097,0.02136156681224771,10.04814383444981,18.486756810132285,0.00045631653659138364,12,46,34.690252368894505,26.611328125,84.92854506229693,5.248857199415511,12.100635286546106,89,55.664016565761074,364.00835017771453,62.23248048346854,0.24262924530474028,4.351351351351352,Subject_20,Trial_5,1,Squat
1,5,0.006196106309224029,0.017854258559596575,7.931159259719365,12.262094385954354,0.00031877440903922894,7,52,47.84606199235037,41.748046875,47.91660403862683,5.089927414522847,10.587606205341684,47,39.8469992083011,318.04005055806493,51.42492997644875,0.15188000720061487,3.9594594594594597,Subject_20,Trial_6,1,Squat
1,5,0.005633684725526113,0.016966594307435728,10.216011205454565,16.05600146774942,0.00028786532232139125,16,60,49.746143434566775,39.55078125,73.13689562402477,4.786528380201011,9.523133713044597,103,47.00097500861445,433.24188539728476,57.549700640309545,0.22308317950668868,5.702702702702703,Subject_20,Trial_7,1,Squat
1,0,0.00817419133215068,0.02328531278174896,10.940457263143783,18.6616788113,0.0005422057861560094,15,41,47.285204673792784,36.7431640625,38.624555407998926,10.941411346302978,26.016406723336743,37,38.509589869470354,140.11533182663285,32.844286500095556,0.07112980197942782,4.5675675675675675,Subject_20,Trial_8,1,Squat
1,0,0.007747621426509122,0.02107791446148698,10.82820985251813,17.315933888247887,0.00044427846860957187,9,46,49.989783021024124,40.8935546875,38.08814201421924,10.436000284790332,26.070178028288836,47,38.3323534341435,122.37858789032431,35.269048298956115,0.06670451529107546,4.472972972972973,Subject_20,Trial_9,1,Squat
1,5,0.006887736320325849,0.02091160269670197,9.57567028483847,15.352764258006319,0.00043729512403444795,10,44,52.80756177478212,46.9970703125,59.0995842207839,4.645992302990495,10.522247166820437,38,46.77687005814357,326.6182690021046,52.95322928310855,0.11205378101103522,4.45945945945946,Subject_20,Trial_10,1,Squat
2,1,0.01276136038090705,0.02049104156198513,26.93556520621992,21.719835368303798,0.0004198827836016676,153,502,102.94470704663168,103.02734375,52.90633994304873,4.406661357311952,8.945955816624478,33,47.93579146655608,354.362822040636,53.233828547165224,0.17142730365091816,3.4054054054054053,Subject_20,Trial_11,1,Squat
2,1,0.009525797798081622,0.017671587631987822,21.274939268064724,18.85155384240353,0.0003122850094156558,119,391,97.37299717673613,96.923828125,49.60143235140819,3.877111334551277,7.708372665690357,38,43.92830387855459,358.1361983157756,56.87171909915002,0.11442804440512605,3.9594594594594597,Subject_20,Trial_12,1,Squat
2,1,0.008521971546389543,0.016596007951816857,19.124352617933667,16.864981690304905,0.0002754274789522981,101,327,96.31494400273475,93.505859375,51.6326440851378,5.1858875317946245,9.25643449197564,29,39.32260765168647,354.90036386791627,52.49076702080702,0.11883143497504148,3.9594594594594597,Subject_20,Trial_13,1,Squat
2,5,0.009763632347097921,0.016946353246880663,21.839241102507202,18.921919488675773,0.00028717881366193586,141,420,97.89237530242838,98.388671875,46.89623237194178,8.579731247107976,14.750509826514657,20,59.40463072749791,323.5278601962606,57.63843554898815,0.0860076035052317,3.8783783783783785,Subject_20,Trial_14,1,Squat
2,1,0.009856628426657073,0.016810684915520447,22.178772917564775,19.57526405534095,0.0002825991261328058,116,465,97.16376786942514,94.482421875,123.44563186517468,7.417427170330517,13.262653729282283,69,46.41680944601212,433.2506950184729,58.92586081378131,0.19840528887517542,3.972972972972973,Subject_20,Trial_15,1,Squat
2,1,0.008710878478515123,0.014508807683681589,19.98514648444351,17.64823979747164,0.00021050549283704178,144,476,96.23118497329439,97.900390625,88.05193770002879,6.912385385542435,14.013968143327098,58,48.39896647262888,433.2506950184729,60.30549167809591,0.25722783558941037,4.054054054054054,Subject_20,Trial_16,1,Squat
1,1,0.005151372450984145,0.012072245260530868,6.585157117827768,9.95245157530137,0.0001457391049368123,12,94,50.70266480888688,43.9453125,45.286628206287034,4.14481979823667,8.360062578244444,60,40.827557262564945,354.4043697640635,50.71455279187639,0.1225859321928636,3.864864864864865,Subject_20,Trial_1,2,Squat
2,1,0.004129784583375917,0.006983571598950938,10.284549356766133,9.453076911347473,4.877026806188781e-05,124,450,96.90457021305029,94.3603515625,85.8760586898701,4.992464878680644,9.7639801076147,70,57.505324797105956,422.8793385957728,62.28530959804207,0.1647746080476394,4.581081081081081,Subject_20,Trial_2,2,Squat
1,2,0.004908427264204241,0.012854709791530887,7.00673184834401,10.773997844928308,0.00016524356310187917,10,80,44.75102290013121,37.9638671875,34.982693632336364,5.048132872575523,11.646078731167249,53,23.490809728211357,63.14842365519041,10.418325448541177,0.06792225299741608,4.391891891891892,Subject_20,Trial_3,2,Squat
1,5,0.006057922202191011,0.013929546885374629,6.93561175790259,11.86746959409219,0.00019403227634579194,15,62,43.75500665078276,35.15625,46.16889493563547,3.202109991067971,7.4361653246997,51,35.90472690267429,207.79558512257913,35.488597812615495,0.07937591153320635,3.918918918918919,Subject_20,Trial_4,2,Squat
1,5,0.004788635818549975,0.012004918816318653,7.274225173852994,11.54540095852399,0.00014411807151515664,16,83,42.62936348300445,33.5693359375,58.46244402595228,3.304220928029433,6.283368517566913,95,41.563127451871814,307.34119470105185,54.28842303538157,0.19711928068814996,4.824324324324325,Subject_20,Trial_5,2,Squat
1,1,0.004883181206255849,0.012066218319889367,6.407369379910239,9.595451070292743,0.0001455936218001152,11,88,48.64835770891941,43.212890625,35.58393058949161,4.523523513866679,10.162809242195694,53,40.872316171792136,358.7198971718014,50.068293013364375,0.12491454384604403,3.9324324324324325,Subject_20,Trial_6,2,Squat
1,5,0.0044024965373686935,0.009550415085968232,6.354540477000495,9.720712354510075,9.121042793312505e-05,18,118,40.75987685268028,29.9072265625,69.4223681848713,4.627023995609045,8.112453009541133,47,43.88874350111744,370.69164542653715,50.5739840682743,0.1753186764090528,4.418918918918919,Subject_20,Trial_7,2,Squat
2,2,0.005567912912619462,0.009370252346233218,12.208640937066155,10.790615224656518,8.780162756007809e-05,126,385,98.66433569733383,98.14453125,41.81727003285302,5.067829088341725,11.77878678178427,52,22.15628224635331,55.776283890243825,9.986877429675692,0.031843902288677485,3.8783783783783785,Subject_20,Trial_8,2,Squat
2,1,0.004297238391925469,0.00774570359928841,9.24714442980157,8.328048003551558,5.999592341251467e-05,110,341,99.36094188913478,98.876953125,38.38299779744882,4.546335631964914,10.247446648194705,50,45.2404190755755,358.1587904963499,51.58135380600745,0.13242925409148595,3.8783783783783785,Subject_20,Trial_9,2,Squat
2,1,0.005362791672873052,0.010006295177195344,13.027470524926528,11.80886726366646,0.00010012594295489396,105,366,94.66371554644262,97.412109375,44.827222658219135,4.599038287693455,9.856476061946054,49,42.99385410644895,356.1105016735239,54.909393169864934,0.12832783371159392,4.405405405405405,Subject_20,Trial_10,2,Squat
6,6,0.015654754692947418,0.021026461530068086,25.774430870781213,30.761592971641676,0.00044211170961175317,94,439,70.21785178824372,57.373046875,53.662297375627304,15.602911781971246,34.51694564509737,25,54.651456771922426,201.30705208723208,63.79245976888739,0.10196642026419135,3.9324324324324325,Subject_20,Trial_1,3,LegExt
6,6,0.006850169636399822,0.010616915558167222,14.998152323103309,14.344255218621228,0.00011271888968927379,143,446,93.68196552783398,94.6044921875,53.87223727950968,16.557537120779724,40.89988288726907,34,56.49900400241746,194.78352629618703,65.52092341426805,0.09794191801552231,4.1891891891891895,Subject_20,Trial_2,3,LegExt
6,6,0.008086596771633507,0.014126819281272324,16.25528988995594,13.925119640752898,0.00019956701799426913,114,350,101.88558431253978,107.421875,45.9655714706782,14.163189561685797,36.42321967910875,10,63.79474533383702,202.02343325860647,66.35020076098003,0.09699550361349378,3.445945945945946,Subject_20,Trial_3,3,LegExt
6,6,0.010050762677540053,0.015867038760721788,16.416101717646946,14.191676900686554,0.00025176287771717725,111,337,100.76621577985944,101.5625,48.31507421440387,14.970023657661914,37.84109174999434,15,76.53653638487359,239.23436098334412,82.16309191336966,0.12632267427741248,2.824324324324324,Subject_20,Trial_4,3,LegExt
6,6,0.014720372015568816,0.019290629191055744,21.928878798891475,24.84798796228016,0.00037212804419809733,89,394,73.0954822981808,62.01171875,48.55096268314863,16.19273055911698,40.11099497971053,11,67.42767234105854,216.4251427844686,72.94891596301201,0.10290513840066064,3.3783783783783785,Subject_20,Trial_5,3,LegExt
6,6,0.011599424610359007,0.015014131152428771,17.53963693001602,23.106053823835143,0.00022542411062156185,54,419,59.29447071090234,45.8984375,46.777054328790015,15.471234613209738,36.881868861298855,24,57.3751169933953,173.68132693464867,57.996641833060124,0.10742730787544968,3.9864864864864864,Subject_20,Trial_6,3,LegExt
6,6,0.012687763439082355,0.01707133956746395,22.35969544956621,25.10908384594398,0.000291430609632634,89,520,72.27926988440299,60.546875,49.92446694685126,14.857806688417986,36.202066623152795,12,60.269962385352024,206.60889438456067,69.26153852453497,0.1114612620386119,3.9594594594594597,Subject_20,Trial_7,3,LegExt
6,6,0.011597743605516304,0.01626655523147533,22.253988641126007,22.638795517967825,0.00026460061425536194,125,518,85.04455064570692,82.763671875,52.191375780124616,16.607370631354463,39.161380660834546,26,59.57233111251182,203.26924688999233,65.52712563554911,0.10682833084190882,3.9054054054054053,Subject_20,Trial_8,3,LegExt
6,6,0.010940831842739933,0.015676097132953065,21.707975498901618,21.870722853637126,0.0002457398120226998,131,472,89.54474286425784,85.693359375,47.86764612066072,16.13929001640445,38.629413011548166,9,58.46250332251261,200.3318982428593,64.47610756389855,0.0965958466903942,4.0,Subject_20,Trial_9,3,LegExt
6,6,0.013620390128609975,0.019232890988216376,24.448408228307468,23.549654532366645,0.00036990409459780035,108,487,86.61065218527592,82.03125,50.94363274642586,17.378572559367562,42.08608899360438,19,67.68030710528123,225.3101272171165,73.01734585354804,0.12640539150096675,3.4594594594594597,Subject_20,Trial_10,3,LegExt
6,6,0.008097861454530703,0.012266323823544279,15.81329766256867,15.693655498880501,0.0001504626869432605,135,400,91.55287282635989,87.40234375,50.678509692770106,15.809788531804015,35.75452773716268,18,59.83996517855477,193.50926383866377,60.86763508408873,0.10803937216732418,3.8783783783783785,Subject_20,Trial_11,3,LegExt
6,6,0.009090955353172845,0.013902842868037908,16.29263453654152,15.472806011100182,0.0001932890363789481,125,397,92.59244098825762,87.40234375,47.06932938578807,15.510428070460394,38.272857135582754,10,66.87763022824689,200.40311196187807,71.79879469937846,0.09576770754816774,3.4054054054054053,Subject_20,Trial_12,3,LegExt
6,6,0.007631277910165584,0.013218033757904877,14.707152464223912,12.423720437749571,0.0001747164117628143,116,363,96.19626253858914,91.796875,44.01029161338151,13.251738880708123,31.247299194247717,17,47.46479016493922,181.53477826977146,52.12297607941786,0.07859869406667297,3.2567567567567566,Subject_20,Trial_1,4,LegExt
6,6,0.009507221417752804,0.014578472930135799,15.606817061248337,12.910806685308309,0.0002125313753375947,121,434,99.17457657259226,98.14453125,42.94076946478383,13.597966536797014,33.671823462142996,14,57.308908464237845,161.41440028960693,55.81912047595715,0.08437972435568723,2.7162162162162162,Subject_20,Trial_2,4,LegExt
6,6,0.008972736495449574,0.015170586838118448,13.209767728393821,11.39537534922096,0.00023014670398469698,89,294,100.0123403294888,103.759765625,44.45952503683511,13.009978169371541,33.474792771723244,21,60.76221394466472,173.65514873245607,56.82042042394638,0.11350680636934765,2.5405405405405403,Subject_20,Trial_3,4,LegExt
6,6,0.006140338076062459,0.009794154598175835,10.188263049564686,8.706999391856566,9.592546219916308e-05,116,400,94.79690338375124,90.8203125,46.52368176948728,14.814635167034435,37.24849478488494,10,62.329497588364205,181.00283738638603,62.343065379699155,0.11070147611601062,2.8378378378378377,Subject_20,Trial_4,4,LegExt
6,6,0.009433448860522409,0.014593223312726262,18.33274983056888,15.414255438093615,0.00021296215452905085,149,469,100.25756516870794,99.853515625,49.1789824635748,15.723045223344409,37.386429871552544,18,51.017086457557866,200.49471087653708,57.62411387929624,0.09028180631338223,3.27027027027027,Subject_20,Trial_5,4,LegExt
6,6,0.005406984969596006,0.00831583111788573,11.181348443971515,9.710945005394427,6.915304271871212e-05,132,481,96.76299521152733,97.16796875,48.20982385181117,15.488297709994827,38.52826094669896,23,55.170805223735535,192.0701196395635,60.27734046999005,0.11841240156613626,3.5945945945945947,Subject_20,Trial_6,4,LegExt
6,6,0.009890268391249124,0.016819364846280552,19.750474297754216,16.694773044428523,0.00028289102850206747,119,441,99.14108518189688,98.388671875,50.91409550289801,13.885391252947501,33.76859099724345,12,48.09361971953782,175.8799144366113,45.75319450365692,0.08397642673480343,3.3783783783783785,Subject_20,Trial_7,4,LegExt
6,6,0.009255217569352103,0.015219044681232488,18.594159517249587,16.316948574767757,0.00023161931621133803,125,456,93.98751336170398,87.890625,39.84970843505149,13.087897834589624,31.522080885113255,24,40.41754343505819,136.4079883943337,42.051651259640224,0.07027182567404537,3.527027027027027,Subject_20,Trial_8,4,LegExt
6,6,0.0098048567249052,0.01680432913005757,15.557730402721553,13.44245856984503,0.00028238536801229356,92,351,91.87709156142333,88.37890625,41.20675912151448,12.788835482126174,32.310398309712795,38,52.39603586029425,178.01107324839023,56.44562611808351,0.10089149488370158,2.7432432432432434,Subject_20,Trial_9,4,LegExt
6,6,0.01043476201981451,0.01761597938883333,16.56357090630094,14.452145397443097,0.0003103227297397952,84,369,96.34170806668732,97.900390625,42.79111732546041,13.133559917397383,32.37455043379058,32,49.97554342968146,173.63407716751888,53.13957803201816,0.08337417303928998,2.77027027027027,Subject_20,Trial_10,4,LegExt
4,6,0.010645574921657531,0.01596005573204652,15.919551537745837,17.33099597245846,0.0002547233701525258,76,322,75.57542309353545,71.2890625,34.961471501090266,10.445100816374138,26.70997896060232,8,47.0878977821206,158.89595297382706,45.90888094091334,0.11847263648279992,3.2567567567567566,Subject_20,Trial_1,5,LegExt
6,6,0.007590600281198688,0.012867354719176594,15.456244641412932,13.632718105032843,0.00016556881457037157,131,436,93.40693773982048,88.37890625,32.1200185681437,9.030896243068645,22.081802782745036,40,43.87047967317197,131.4221141441982,40.92708734096326,0.1113776400800588,3.5945945945945947,Subject_20,Trial_2,5,LegExt
6,6,0.009512013445059534,0.01685280216815243,23.02103603847241,19.33792333380603,0.00028401693933563526,116,516,97.13849166771408,93.505859375,36.057090980497364,10.486131228561582,24.182434734558765,11,41.83152439111646,133.25329713104728,40.21578913495967,0.11282721296553745,4.0675675675675675,Subject_20,Trial_3,5,LegExt
6,6,0.01056823727920645,0.019017605574327242,24.08007657305489,21.05192866017925,0.00036166932006937493,128,453,94.64818164431145,92.7734375,29.622686974866028,9.019742317580185,23.379881052030175,16,40.33717701215372,119.81937602726155,40.24491706414776,0.11972557365750196,3.9864864864864864,Subject_20,Trial_4,5,LegExt
6,6,0.011460495148039204,0.018575194880655642,20.853802647420878,17.339729158983314,0.0003450378619818898,143,410,98.52532125355353,101.5625,33.808068721884744,9.048612584824495,22.936341570034763,22,51.495358771230364,150.3011416499892,45.16462137664118,0.13181249597822725,3.027027027027027,Subject_20,Trial_5,5,LegExt
6,6,0.012289230280590514,0.019013973652512325,29.27908151759481,24.56617133090044,0.0003615311884116046,177,595,100.14608517570106,99.12109375,41.26811572822041,7.993948876118985,27.386728759274238,3,47.276650703379545,176.5241862512562,44.907806199196905,0.10359520143559861,4.0,Subject_20,Trial_6,5,LegExt
6,6,0.010786594201165303,0.021814661390087926,22.20493123878751,19.44822934470104,0.00047587945078056583,103,343,84.83127917803428,75.1953125,36.50641769960076,10.026473910320316,24.885907272214517,16,51.35776894615973,166.0436118455987,49.8024186005342,0.11132794271915028,3.608108108108108,Subject_20,Trial_7,5,LegExt
6,6,0.009407690411958353,0.016505346912459525,22.01819254202932,18.871826966388454,0.00027242647152180775,138,461,95.10332025902206,93.26171875,33.89058651628452,8.165667694390098,26.83518636302191,5,43.633590883196376,170.427702202081,41.965173735747335,0.10405349576629777,4.013513513513513,Subject_20,Trial_8,5,LegExt
6,6,0.010489304543816427,0.020485398934633234,22.86024837141675,21.25133100577208,0.00041965155880952074,108,314,91.46852009131628,89.599609375,34.867150363830014,7.686865751105707,17.892748309282542,26,30.572621197086047,107.37793297956068,29.272815005614213,0.12995664848255822,4.054054054054054,Subject_20,Trial_9,5,LegExt
6,6,0.0069890728137085795,0.01182961516693054,15.78698695964617,14.02008006429941,0.00013993979485544798,150,432,93.91102375342824,92.041015625,24.97491783849439,6.42967358234708,18.653247736830473,15,32.64323956353918,138.18275280972458,32.99192780964581,0.10573521989385544,4.013513513513513,Subject_20,Trial_10,5,LegExt
6,6,0.0066662209080218,0.010741952426551729,13.175868656614881,11.432568857257387,0.00011538953390936278,122,435,93.69546932409958,91.796875,39.11035344006148,9.491300524878765,24.35753976912611,14,47.23132866760591,139.15296880510286,42.66423933688561,0.10910242248488626,3.4324324324324325,Subject_20,Trial_11,5,LegExt
6,6,0.00957209691777584,0.016779744049583534,19.98179304309781,16.61716024925886,0.0002815598040394514,126,415,96.65189375869593,92.28515625,36.25123260275881,7.9637442373376635,21.579030885047395,11,45.409746997241704,133.67370641010618,40.927536454175616,0.12264908337719839,3.472972972972973,Subject_20,Trial_12,5,LegExt
6,6,0.006336160876133268,0.01057101666778775,12.670908415086142,10.73979268504589,0.0001117463925199744,123,439,95.80325260872237,99.609375,28.255716247252817,7.599784715692654,21.460643899561568,8,44.058770242628825,128.51675755204533,42.34948349575172,0.10935022265314302,3.391891891891892,Subject_20,Trial_13,5,LegExt
6,7,0.016833094857975368,0.029179835705687187,66.99507313793922,76.35491827577627,0.000851462353307649,146,908,58.701959531386,46.7529296875,173.28076409349814,21.075835239325276,59.39742673390783,33,127.38241192369007,352.6130045861201,85.57718281052907,0.39536301017675646,9.08108108108108,Subject_20,Trial_1,6,Walking
7,7,0.008845800354611391,0.018836770437457444,32.133544445598766,50.93411844185239,0.0003548237967633128,36,323,40.71854963383499,33.5693359375,145.07093872102834,18.20061055260095,62.478836840417685,37,108.82538038161783,278.27311853736046,70.08275075372235,0.29911299662120155,11.527027027027026,Subject_20,Trial_1,7,Walking
2,3,0.013533593370183646,0.021683626406516603,108.27128886976817,102.05682760455487,0.0004701796521245314,403,1828,91.10369754496745,87.58544921875,117.2644838112204,16.94344909525071,37.782489645115014,133,96.58911577640366,402.9976084485338,84.63858434383836,0.32912942754776076,15.094594594594595,Subject_20,Trial_1,8,Walking
6,3,0.013985807729976608,0.02081532281425028,114.44780940240375,100.64187242491167,0.00043327766349517046,516,2307,94.99924175012681,92.4072265625,144.46891882358702,17.31094845509052,40.600871311743376,144,99.7413664506468,389.09169938493307,87.17533834172467,0.33033669803044896,14.405405405405405,Subject_20,Trial_2,8,Walking
6,6,0.011775281169469626,0.021362313094821173,21.042651085868375,19.24080943091337,0.0004563484204680849,100,296,90.1383591158637,87.890625,47.2207569615971,6.337215934201771,14.205444614907645,25,21.311055553047105,80.1114825319483,15.501700025590267,0.04754259133970548,3.27027027027027,Subject_21,Trial_1,0,Squat
6,6,0.02209132070868326,0.037134665677830025,35.70279044024741,35.96467011373635,0.001378983394490537,71,343,78.28800558257183,73.73046875,40.22319567285968,6.212743077763107,14.186993099801741,33,23.746207528060957,72.06479490050437,18.88771985503922,0.04842611109128365,3.2567567567567566,Subject_21,Trial_2,0,Squat
2,0,0.019285868564547098,0.03417860711613098,30.38030483884021,32.43883092556822,0.001168177184122777,75,303,76.98546608623707,70.068359375,39.40983489272545,7.062275394581394,13.955750061584595,37,52.667277322664205,163.76914704418,49.099276058762,0.0669097985910936,3.364864864864865,Subject_21,Trial_3,0,Squat
6,4,0.02025032599381572,0.03473735244578988,33.68216926817634,34.32430255951765,0.001206683654738212,88,322,80.94942323215288,73.2421875,49.02578975894028,7.03402335851093,19.96949875951973,35,59.29575329923823,225.51767930513947,51.24852339209912,0.08061442322595716,3.391891891891892,Subject_21,Trial_4,0,Squat
2,6,0.014178732014163687,0.029713525210066805,23.906841681342478,23.749376123724176,0.0008828935777687526,61,261,80.70592614694847,76.171875,65.16572088525888,7.203217584822535,14.949123143721218,29,24.140388768497246,83.51627945180658,20.69093299602895,0.06459333778658126,3.3513513513513513,Subject_21,Trial_5,0,Squat
2,6,0.01362524042317101,0.02970456920189357,23.703023122193667,22.999405834312665,0.0008823614313669747,73,227,86.62211672711044,88.8671875,55.693151869269485,6.942073489229321,15.934018746527368,46,21.996886810497003,72.82107224292471,18.21605922921706,0.06404690610366011,3.3783783783783785,Subject_21,Trial_6,0,Squat
2,6,0.011118714064917448,0.02185188885048315,24.343885425554348,21.781560853173282,0.00047750489837918865,112,331,94.18698395929371,85.205078125,56.136388113961566,7.168624091703134,17.193679710694926,39,14.543596188777764,61.90337307437638,9.829712291894893,0.04011897279459734,3.918918918918919,Subject_21,Trial_7,0,Squat
2,2,0.009042600054552792,0.017665721327682935,18.293329841697144,16.855406501686407,0.0003120776660832971,102,292,96.01037290184796,91.552734375,48.89505707549436,6.699527115732561,16.136033242031623,53,23.15877007513292,58.297622202216175,10.536501291370607,0.03360797456980384,3.72972972972973,Subject_21,Trial_8,0,Squat
6,6,0.019385306448138555,0.03268660746055709,41.78615612936926,48.44388081389825,0.0010684141426715883,103,371,70.37755619777207,63.96484375,50.38258620274691,5.844908223993705,13.144269898303932,48,12.126870120008302,34.10931492182467,6.089859431195957,0.029183168372473367,5.0,Subject_21,Trial_9,0,Squat
6,6,0.017544604778250088,0.03555489770014884,29.689189842871407,33.17684763567092,0.001264150750178479,51,224,70.56063945774999,63.232421875,49.390956306768565,6.927841297777467,16.10561238441541,32,14.536183301714294,46.57060024360164,9.350772762313158,0.04093213682244678,3.7837837837837838,Subject_21,Trial_10,0,Squat
6,5,0.01765006040789135,0.03451355945188455,27.933911423766563,33.023263023164716,0.0011911857512789704,52,228,67.3120809381292,56.640625,43.65340944461774,4.513253015659201,10.24187593257952,53,55.68018050359206,246.05413857184638,50.55447970912662,0.1338387466565508,3.7432432432432434,Subject_21,Trial_11,0,Squat
6,6,0.013599754530564686,0.028909562497905824,24.145079630387187,26.723517652559607,0.0008357627952017094,58,191,77.2139889913014,75.439453125,50.63378992931688,6.600009888760614,14.940770504398246,32,14.565108510579329,54.91132130782075,9.69496041382042,0.036916185255611876,3.9324324324324325,Subject_21,Trial_12,0,Squat
6,0,0.014022374155350835,0.029130254757076063,27.67564676296338,32.09721444159806,0.0008485717298036873,62,253,68.46563101435152,60.9130859375,35.68063496263443,7.1116815489114105,19.402597320444873,26,39.983876172224264,138.78822693898417,44.463191838960526,0.044482472606229236,4.581081081081081,Subject_21,Trial_13,0,Squat
2,5,0.010212244490173616,0.01992526803619291,24.274863814346144,22.068660343265183,0.0003970163053485225,109,349,92.37446229934937,91.6748046875,37.86520073838205,3.503601219809646,7.693547286756045,74,47.63041085494153,207.12196511382064,44.06499988008054,0.09874220170583525,4.324324324324325,Subject_21,Trial_14,0,Squat
6,6,0.01665491433147456,0.034411488032848804,26.455096339534826,32.17729448840885,0.0011841505071779235,49,215,65.51925106836755,59.814453125,59.858724968984376,7.359989913479103,14.842118378459823,43,14.600938788678945,42.34927162369323,9.693225613102607,0.04713950648390682,3.864864864864865,Subject_21,Trial_15,0,Squat
6,6,0.01383193729581783,0.025423580036592917,23.543587332881245,26.999941601436404,0.0006463584030871897,84,240,70.67165312336773,62.98828125,51.40231985505319,6.893852764509983,15.438879487364288,45,14.17096724494774,53.41683053938752,8.988645027280752,0.037974127742406376,3.9054054054054053,Subject_21,Trial_16,0,Squat
6,6,0.02128153724160245,0.03718351645064006,40.061342667914346,38.51958240730043,0.00138261389269217,98,393,82.3995090669125,81.298828125,55.12423966362116,7.424259638790037,17.02372552310951,30,20.49274634203834,78.4702434599176,17.075852312000784,0.057183025790037915,3.6216216216216215,Subject_21,Trial_17,0,Squat
6,0,0.017120819215776423,0.029239713751734002,33.440814003554536,33.762255493511105,0.0008549608579631015,78,400,81.69321395538309,79.345703125,59.35669711246632,6.480947495581341,12.771903989494923,31,40.47055841976207,167.9791405161659,39.569717588266094,0.057586072121158426,3.945945945945946,Subject_21,Trial_18,0,Squat
6,4,0.021005741685041136,0.03656307721911053,36.41178186919635,35.457691964349436,0.0013368585769020216,102,344,84.4043825919514,82.03125,34.764584740580034,6.00618607265479,13.624560164475898,25,57.446307404243846,155.39588892300705,46.04752330171276,0.062395049223771405,3.3783783783783785,Subject_21,Trial_19,0,Squat
6,6,0.018555759289575636,0.029886131667968125,32.44753313204518,31.21078712506622,0.0008931808640814736,100,400,84.42259100085934,80.56640625,54.126832075812864,7.929955979213926,18.594822087650662,21,22.730433681293686,80.29072148321823,19.52887368738932,0.05150340098603469,3.364864864864865,Subject_21,Trial_20,0,Squat
6,6,0.014374768607128986,0.02467473324548363,24.188973638670163,23.200876531906182,0.000608842445385051,82,319,85.46009589839748,87.40234375,48.32177646299573,8.539830940006057,20.442787310586905,17,22.84104174721416,79.92510392412743,16.503105631676622,0.05220350180230329,3.22972972972973,Subject_21,Trial_21,0,Squat
2,0,0.015644530556246306,0.03303899367523196,25.325659893990615,26.204588681712565,0.0010915750927525166,59,229,79.07830436222817,70.556640625,49.83302323168577,7.286013240453756,13.151443717186307,28,56.47562038306806,173.9389350135501,53.34875677941367,0.07415054591863203,3.3513513513513513,Subject_21,Trial_1,1,Squat
6,6,0.01745327265784417,0.03172238638381147,29.175411070777937,29.46112424644096,0.0010063097963584422,76,291,80.69042193957152,75.1953125,53.15803071743234,7.226359082157713,18.629261782844925,43,22.963535461078497,68.71888937374058,17.310179399067987,0.05844049220452414,3.3783783783783785,Subject_21,Trial_2,1,Squat
6,4,0.017846943419139106,0.033669678426680553,30.10365223598078,28.92989528242449,0.0011336472393079073,75,285,84.86515423408703,79.58984375,51.10469176643508,7.704285156637396,19.952378346508727,35,63.58038786370916,186.8228405828587,52.795077679535325,0.08733461388860701,3.2432432432432434,Subject_21,Trial_3,1,Squat
6,0,0.01740016249925327,0.031812449088470314,27.746247459544197,29.14527218624923,0.0010120319120371652,75,282,76.89796969730499,71.044921875,44.086698065694435,8.251883492288487,16.881686416979854,22,56.15408160690979,153.65559321220087,50.09930846288466,0.07213039320211874,3.3513513513513513,Subject_21,Trial_4,1,Squat
6,5,0.027735269936526166,0.03984310377196916,47.75856156131772,46.65072403323701,0.0015874724697945365,114,469,84.00118165066837,75.68359375,62.03737540299631,6.9340626377396095,19.112460851364503,20,61.953421133326934,369.2584894331762,59.47792587917853,0.20611854967083335,3.364864864864865,Subject_21,Trial_5,1,Squat
6,6,0.021346086783906437,0.03428194409212367,35.58118105876902,36.331039706208756,0.0011752516864204274,92,364,79.88075773872417,76.416015625,62.8317502993152,9.309609375571128,22.365334528683093,24,23.38572621737492,97.49174726743668,20.583875755734713,0.07614610614867322,3.4054054054054053,Subject_21,Trial_6,1,Squat
6,6,0.02399245928431117,0.039315359035900735,32.643314699383374,32.07791806312403,0.0015456972440918149,76,304,83.4564658567663,79.345703125,58.67584360339596,8.96002335236439,18.437883822402274,15,24.232830526303207,101.8055315358815,21.78257293330343,0.08292677063645466,2.675675675675676,Subject_21,Trial_7,1,Squat
6,6,0.020362273458571514,0.031805747954665585,32.208761271496726,34.249343957317286,0.0010116047989150974,90,373,74.94513997665558,64.697265625,52.45193639554389,8.480887211749495,20.679100387269376,25,22.960863208986787,67.38149973785714,17.08175431961521,0.0507742340248361,3.364864864864865,Subject_21,Trial_8,1,Squat
6,1,0.01653665205541653,0.030498111399972747,29.98070483820891,28.8068478805356,0.0009301347956659337,98,303,87.6978618891271,85.44921875,53.45218213694055,6.357115291315764,16.12386719427199,36,48.4593949286334,265.97969124592356,49.75342624740774,0.12307422353421535,3.4864864864864864,Subject_21,Trial_9,1,Squat
6,6,0.013755315525317469,0.028047861560724353,23.392749595935644,26.75408869674248,0.0007866825337931268,58,217,71.33864764284174,64.697265625,54.68736019106091,9.328391223098146,22.037336667842258,40,18.457231102147606,67.51892827192893,14.130922934249341,0.0978253733240192,3.891891891891892,Subject_21,Trial_1,2,Squat
6,6,0.012551904615639759,0.020684293804219316,22.993706203729328,24.50131780972881,0.0004278399406678958,84,330,79.06360521647132,75.439453125,69.05146627120222,10.063789204020507,20.8935270705063,31,19.177297553256874,59.78484201651059,14.281047272239284,0.08934645230009568,3.9054054054054053,Subject_21,Trial_2,2,Squat
6,6,0.014813788565711566,0.027147804509519126,27.447346748506185,29.212791051583206,0.0007370032880883975,80,301,77.16514593187195,69.3359375,51.33761011542755,9.026595451042027,20.485000010726385,16,17.4770835238469,70.00414834675483,13.939294394316017,0.08255035433478408,3.945945945945946,Subject_21,Trial_3,2,Squat
6,6,0.013199576128456474,0.024282017722577584,24.694653215331556,26.121961158215363,0.0005896163844949816,89,275,77.57790439529407,75.927734375,57.79854502926719,8.960649438428824,21.319801796537934,51,17.355797779793022,66.330159952639,12.518611615649684,0.07705185344305941,3.9594594594594597,Subject_21,Trial_4,2,Squat
6,6,0.011523568214680547,0.020258414486006363,20.67274000147669,22.413340177553664,0.00041040335651069525,64,284,77.57125447933741,71.2890625,40.85773806575493,8.802362424430717,20.301833246024078,34,18.5903806559718,51.83443818756064,13.624096230108844,0.07667860535027476,3.891891891891892,Subject_21,Trial_5,2,Squat
6,6,0.011664369021948897,0.020633208790506268,24.828524519661798,26.384802727648406,0.00042572929500816516,96,322,79.30186972906728,68.7255859375,48.77009868007526,8.797494332941358,20.485225971275227,28,17.40442623567532,66.41197284930601,13.816964295595119,0.0839947784573897,4.527027027027027,Subject_21,Trial_6,2,Squat
6,6,0.012933157585361644,0.02216802354864403,25.143321155986058,25.853382013137924,0.0004914212637468958,90,310,82.69321000677915,79.833984375,48.709022684566726,8.36710726749783,19.563016234994414,21,17.053601710771865,64.46100860585325,12.900018258689514,0.06113860893847329,4.0,Subject_21,Trial_7,2,Squat
6,0,0.011665394169871939,0.01915325885825138,20.894479305276484,23.400780704763108,0.0003668473148014452,95,306,74.26323562671905,67.626953125,39.50046835383614,8.170685707384624,19.49963007474137,52,40.46731886225894,133.85607876596112,44.69965427846576,0.047467703754798106,4.013513513513513,Subject_21,Trial_8,2,Squat
6,2,0.013069177491272907,0.022378528102418475,23.195370831650088,24.805298878435977,0.0005007984834469426,83,307,79.87692771492341,78.125,47.955534792161004,7.377177306732039,17.322579824058018,15,24.395543816518824,76.66057966833709,13.147016879835022,0.027954558140134256,3.7972972972972974,Subject_21,Trial_9,2,Squat
6,6,0.012070546984997509,0.02027205734645648,22.00898832414606,23.718624825520106,0.0004109562669722004,94,308,78.32654750689056,72.509765625,55.78896244552071,8.914040310003836,21.298678700387885,40,18.313665683860815,65.42926442250617,13.283168361958932,0.09607778818050526,3.9324324324324325,Subject_21,Trial_10,2,Squat
0,3,0.010447915491497303,0.01836639438579027,13.366038968784089,14.188269237453337,0.00033732444186321465,69,202,78.3338529937859,70.3125,41.33800603663131,5.012565384885259,10.497397173807212,42,72.95205449571114,238.22940157013127,80.42517522232251,0.16586650416357437,2.7162162162162162,Subject_21,Trial_1,3,LegExt
0,3,0.010092976191579586,0.017791457030275588,14.961129012460592,15.886344525546269,0.00031653594238396736,67,245,78.1935994330249,71.77734375,29.827226875301605,3.7375800814266413,8.38180634357977,25,65.71469739012478,215.26846350320776,70.93548022351473,0.15073851469552696,3.1486486486486487,Subject_21,Trial_2,3,LegExt
2,2,0.01007095454682672,0.01703238625465758,12.167387535182232,13.948272047355006,0.0002901021808387711,37,236,71.40411929028721,65.185546875,33.447106554806,6.172537173722116,13.606800073887063,18,76.44774313631713,264.4825393073597,83.48257074058633,0.1438817390589733,2.77027027027027,Subject_21,Trial_3,3,LegExt
2,3,0.01244299351154275,0.01970877540939857,12.763661854417975,13.276674076816114,0.0003884358025053583,62,209,81.10721475081175,82.03125,55.84462733673681,7.553952646686782,16.634376927200663,20,100.15452892379709,274.42261769229344,99.69828082635031,0.2177271066777126,2.135135135135135,Subject_21,Trial_4,3,LegExt
2,3,0.012199178030354765,0.02285913171938499,16.47130457154482,16.725073079616383,0.0005225398983555261,46,208,80.78750176890799,74.462890625,35.46798599172337,4.815903740283456,9.942968297314732,18,80.22033605631523,250.40232367242436,81.35990390765981,0.19524688472909754,2.7432432432432434,Subject_21,Trial_5,3,LegExt
2,3,0.016308688367320495,0.0263946624710186,22.1129558647957,21.918877165678744,0.0006966782062636159,66,305,83.35870619049895,83.251953125,41.42638940259885,5.05632000441511,9.764761730191243,29,78.2146314722576,233.00808900478782,80.14325018287296,0.1423586654629108,2.689189189189189,Subject_21,Trial_6,3,LegExt
2,0,0.014349120242912529,0.02168306902377196,19.855271595756392,20.160513941292102,0.00047015544071415987,74,350,79.98800485570668,74.462890625,42.035473503318805,5.797849098180839,12.342177090002068,16,17.220634860354682,59.67957818628857,12.22838964239874,0.08834818432991558,2.810810810810811,Subject_21,Trial_7,3,LegExt
2,3,0.01260055621677755,0.020390783296730837,20.944871332695506,20.337297733878966,0.00041578401591622834,87,362,82.80426955398909,76.416015625,32.627287539200985,4.770847946130083,11.126303098463628,35,63.45738517030852,260.9007630894543,68.87760345177443,0.1523126060081575,3.22972972972973,Subject_21,Trial_8,3,LegExt
2,2,0.012874331216323713,0.022380021240779435,21.45022525015454,21.821991411668694,0.0005008653480054163,66,293,79.85962604068315,76.171875,34.760853902766215,5.579365909804339,14.178347921945445,21,64.16907055948978,220.3833222011987,69.77366261875319,0.11117067706277796,3.391891891891892,Subject_21,Trial_9,3,LegExt
2,2,0.012644406777104053,0.019613872681522444,21.045309111196985,21.685157622733453,0.00038470400098364007,84,391,79.4305636170701,72.998046875,41.36917988091724,5.932031834399218,13.382359940766962,25,65.05783167512304,246.2650556608129,75.23142980086813,0.11301558368469965,3.4324324324324325,Subject_21,Trial_10,3,LegExt
0,2,0.010362110116636403,0.01957945797264483,12.655073740914922,13.439656821277413,0.0003833551713680268,51,168,78.64263765106719,74.70703125,22.579018937435364,4.354074105264285,8.805976319800651,11,56.254921928075525,158.8831582371508,49.37106608090354,0.1330617471287518,2.5945945945945947,Subject_21,Trial_1,4,LegExt
0,3,0.008354677399807817,0.01426437678850911,11.22436134395504,11.796804488528636,0.00020347244341881667,68,199,80.20800725492332,73.486328125,18.44973253637916,2.960993623862546,7.26439078720932,31,48.58764302973697,167.7063876295003,47.52526873358568,0.08791603125655346,2.824324324324324,Subject_21,Trial_2,4,LegExt
0,3,0.008757808386195779,0.014626919944793048,9.031134202900294,9.703651691904923,0.00021394676506741566,51,190,75.18092725969704,70.556640625,17.578565884002067,3.2479055483205683,9.157914815763208,20,61.9886913717421,191.43554348135362,58.036402282688776,0.08393527928914696,2.2162162162162162,Subject_21,Trial_3,4,LegExt
0,0,0.007110313944200576,0.012367578924083805,8.451270101915364,9.364283464512159,0.0001529570054487476,51,185,72.30619609614152,62.98828125,20.910340545882782,2.8682817409526913,7.166466123439885,22,11.321305314840464,35.35739049102048,8.539500335540907,0.04269482911538165,2.635135135135135,Subject_21,Trial_4,4,LegExt
0,0,0.006237751790628279,0.010788769484777432,8.169352457120693,8.80770552836713,0.00011639753751332727,60,210,77.02075185458263,72.265625,19.062239126808876,2.540130684904588,5.229033098145567,28,9.509553870072438,33.227518742949655,6.388316382550015,0.03869880154186583,2.824324324324324,Subject_21,Trial_5,4,LegExt
0,3,0.007680363581755133,0.012878958000926375,9.661571112594455,10.168801382243796,0.00016586755502085042,55,223,76.47476616121878,77.63671875,19.9549878975171,3.0045253909501346,7.798666102266351,25,56.237922907749116,174.58445214501924,54.40066525442642,0.0844249443406736,2.6486486486486487,Subject_21,Trial_6,4,LegExt
0,2,0.0068635591718768174,0.011402321925755436,10.011079446675218,11.077784503409184,0.0001300129323161339,76,245,74.69447183211781,73.486328125,22.16721449597425,4.4758933102554455,10.595949086325717,22,49.58328085047408,147.85726276271296,46.422128300100965,0.09640922760168932,3.22972972972973,Subject_21,Trial_7,4,LegExt
0,3,0.007081120260821515,0.012443011006408551,10.204379228217999,10.855357359839383,0.0001548285226235305,62,218,77.83160422188293,75.439453125,21.79181502679161,2.773629857766439,6.117161493983625,27,45.475824005573834,163.7571185836197,48.43902086741615,0.0867968768605004,3.0675675675675675,Subject_21,Trial_8,4,LegExt
0,3,0.008581901911096044,0.015109407127299305,10.927452879559723,11.765787520112676,0.00022829418139555036,47,191,76.26193534374086,72.509765625,13.582948955717079,2.355821335067299,5.537426995644774,18,45.872932900213556,170.88027788881735,44.839090767502405,0.06353072760039445,2.7432432432432434,Subject_21,Trial_9,4,LegExt
0,2,0.007409385505320098,0.013372638944806382,11.558633438632901,12.507042732980326,0.00017882747138049302,63,229,74.17574977711149,71.2890625,17.7714977400518,3.0079671768480964,7.348124873232941,20,45.367144168302936,131.2025511526152,37.59349860433043,0.10210748608001745,3.3783783783783785,Subject_21,Trial_10,4,LegExt
0,2,0.011712799221714454,0.02127197274405317,19.240290051100633,19.853194680806,0.0004524968177956987,87,278,83.74005632215567,81.298828125,18.48641442187173,4.613728392848011,13.587585570903673,31,52.40714122648483,147.4490961753292,40.668243439983414,0.11129386615251302,3.391891891891892,Subject_21,Trial_1,5,LegExt
0,3,0.010035201694066014,0.0171916869196674,22.05252094325482,22.22797175235622,0.00029555409686227976,111,407,82.67355081693094,76.66015625,30.511072005925577,5.074277913439454,14.026161048785163,17,50.99406218564894,143.53254080850067,38.68487136274989,0.13897613312597462,4.4324324324324325,Subject_21,Trial_2,5,LegExt
0,2,0.008359750457471407,0.01406640956575953,16.9660019286026,17.839707476243984,0.00019786387490412736,103,360,78.61380056642328,76.171875,28.898355296668917,4.4261198048164125,10.227300518215428,33,53.57688716642871,130.82760536369767,35.08780273149233,0.13413333771479619,4.27027027027027,Subject_21,Trial_3,5,LegExt
0,3,0.010369272573889598,0.01656603101914613,14.006970879633329,14.42365815028043,0.00027443338070537085,70,270,80.40698326034487,73.73046875,19.08737757726231,4.119451464326434,10.942433967319522,33,62.058485383278025,150.9386486508151,45.75223940295384,0.13852057136520013,2.7837837837837838,Subject_21,Trial_4,5,LegExt
0,2,0.011543344490813715,0.019497494290573,18.887972454914205,19.48516550049355,0.0003801522765049165,85,289,81.38979118366368,75.927734375,31.558842495707324,3.9420130185095283,7.672737482222516,30,52.4465510735113,123.35826498712345,32.57883532864135,0.16699900693597527,3.3783783783783785,Subject_21,Trial_5,5,LegExt
0,3,0.00913267382650666,0.015259768317737671,17.972002735482377,18.502797172502493,0.00023286052677090428,102,359,82.92184282571858,76.171875,20.626409126990588,3.899532335319765,10.143971560769124,30,45.85211719345526,119.434211371194,36.03254951590693,0.11878392169021519,4.054054054054054,Subject_21,Trial_6,5,LegExt
0,3,0.01048254027303349,0.017518562323046282,18.208567102618158,18.333962937535574,0.0003069000243877615,90,317,82.44613363922775,78.857421875,25.46417573156174,4.652036870109444,12.897582451541734,35,52.44112013524331,167.12993423573948,43.720985527298076,0.12684839561377328,3.5,Subject_21,Trial_7,5,LegExt
0,3,0.012249319470622282,0.01987447997618444,20.400642688313056,20.848341738999125,0.0003949949540086445,79,314,80.0960144411709,71.044921875,25.613248713084467,4.85791216172218,13.393943621938158,17,56.22575896174013,152.04624459623014,36.5718901784159,0.11272915671870934,3.4054054054054053,Subject_21,Trial_8,5,LegExt
0,3,0.011497258604155543,0.019601103044718432,21.02221421692251,21.741316020458132,0.00038420323665341264,88,355,82.77216397965904,76.66015625,23.63905873496734,5.120827982510883,14.154670609789497,23,50.192604583355724,148.12403824020302,36.28531488590041,0.11771656157481833,3.7837837837837838,Subject_21,Trial_9,5,LegExt
0,3,0.008837372178109293,0.015082576130982267,17.37581481017918,17.789630194534006,0.00022748410259373263,99,348,81.91631085591773,71.044921875,23.23539056093321,4.699599717743844,13.943452499749716,20,52.27062998480062,151.92473784951494,37.4862416775457,0.11780955805535215,4.027027027027027,Subject_21,Trial_10,5,LegExt
0,3,0.010931478324436068,0.018342152353513993,24.057773418259266,24.289744836896944,0.00033643455166540307,120,383,84.26646722058113,78.0029296875,19.046601513857908,4.069586870379754,12.547269593042953,29,47.00874226841124,156.2288227991321,37.68755382251906,0.10814201572357136,4.445945945945946,Subject_21,Trial_11,5,LegExt
6,7,0.029577353811670145,0.06908604060341289,124.74719999741109,171.31203327719348,0.004772881006249318,61,395,55.80134156003293,45.47119140625,166.2092667976147,17.057057151435828,39.70360687281099,91,117.49388145495587,362.14253212725174,88.24820838085104,0.3422069589088415,11.594594594594595,Subject_21,Trial_1,6,Walking
2,3,0.01558148231909667,0.03191701336266355,59.53693552888416,68.57410368634444,0.0010186921337441343,78,491,72.60121156925493,62.744140625,164.81497179961974,19.936519483811544,49.2168952331713,54,150.75762709407215,424.62566668863116,103.28729864720002,0.4505684143602002,8.81081081081081,Subject_21,Trial_2,6,Walking
6,7,0.01712879727524051,0.028295475573785245,81.07170008275892,97.24018213154037,0.0008006334263272651,200,819,68.06449064857061,62.8662109375,143.49498842870108,13.104932699192924,27.888484109547548,152,123.61834005789072,344.44432250116245,77.30618193187398,0.33637657954117217,11.364864864864865,Subject_21,Trial_1,7,Walking
6,7,0.017746682117887602,0.029776921536095093,95.32102576179898,112.97537836247248,0.0008866648287801307,194,880,67.57866898077896,63.29345703125,150.5684976384905,15.821027462691497,38.77323992344766,101,112.39746903042658,356.76682526792973,81.42702202882845,0.35769181329458144,12.743243243243244,Subject_21,Trial_2,7,Walking
2,7,0.019803331348398352,0.03528499611847269,112.69116434445283,123.11731099299256,0.0012450309076566244,206,1021,73.92410279413498,67.7490234375,148.22584142697943,15.76545236783303,47.08736971679516,39,115.050147215086,337.6030569382409,80.0083141197374,0.35789058326081424,12.445945945945946,Subject_21,Trial_1,8,Walking
2,1,0.037972887076874955,0.056847194596904356,65.42534871679769,62.57931790268992,0.003231602560588056,118,432,86.48398933795912,84.47265625,62.80007783198491,10.745597590946858,27.76859748485643,18,53.66528047855217,209.7715012602347,40.44612644824554,0.09792716773506288,3.2972972972972974,Subject_22,Trial_1,0,Squat
2,1,0.03932304447192829,0.06490275039882983,76.44382362172621,73.57341620697783,0.004212366660285495,118,417,87.37895104335868,84.9609375,52.28348622743551,11.495543372057853,29.734715615235526,26,51.960360340525824,254.54688885087836,49.190159103215585,0.10984790418765708,3.7432432432432434,Subject_22,Trial_2,0,Squat
2,4,0.03936619097838974,0.0720891416762864,76.79380896723727,74.71703047698372,0.005196844345287614,108,345,87.13511498175914,81.0546875,70.28863828095271,7.469475356233236,16.11114452826419,59,53.723071422958284,187.92793290864404,49.24460412157398,0.05455173674091278,3.7972972972972974,Subject_22,Trial_3,0,Squat
2,1,0.04901168712159293,0.07899051411836984,89.88164187034594,83.76097329080231,0.0062395012426220186,125,430,92.59334884362978,87.646484375,41.41406321504178,12.246811531115036,32.25771858281908,38,45.54680204867052,141.00803793146483,35.2122251461385,0.07629063129428766,3.418918918918919,Subject_22,Trial_4,0,Squat
2,6,0.039982644491560956,0.067877159141922,72.4646328572206,66.9709295233646,0.004607304360843357,93,375,88.76292799755728,85.205078125,48.727478857745886,8.83956590860525,21.163995913308767,49,21.842450145724776,90.67285416140788,22.115964188247805,0.04996252600956076,3.3513513513513513,Subject_22,Trial_5,0,Squat
3,1,0.02647761104521758,0.17244924874344444,31.76449713062901,51.86964003758124,0.029738743390576788,2,6,47.33149559555699,38.57421875,41.28472324866583,11.712030447932948,31.14051682701021,39,42.75590206131108,170.0282550254517,42.70820191012879,0.09155684868846929,3.918918918918919,Subject_22,Trial_6,0,Squat
2,6,0.03748932428981155,0.06417818953806864,74.73778861318218,72.91673574368346,0.004118839516842506,117,385,84.34461782963974,83.0078125,67.03780457639998,7.8855814277038245,18.36466433381181,61,20.138877429866252,91.51222965232961,17.88895953468424,0.0608662944499038,3.891891891891892,Subject_22,Trial_7,0,Squat
2,6,0.04739148695039269,0.07798661767669754,81.0238294809534,76.82160034658655,0.0060819105107334055,95,348,86.05474530927928,83.0078125,54.76607504588415,7.572489120328918,18.38954489333424,25,19.28508273965157,84.02305145552259,16.70781801866482,0.0516572168524746,3.2432432432432434,Subject_22,Trial_8,0,Squat
2,0,0.03877499564937683,0.06647982485549997,66.61360971619361,63.90119283017302,0.0044195671124967,105,350,85.29435494146738,81.298828125,56.98417306415833,8.248221212924232,21.280044080421572,16,52.250253624335386,197.98153116304792,51.56893295425862,0.05001228226578745,3.2972972972972974,Subject_22,Trial_9,0,Squat
2,4,0.04263943808124987,0.07163138607057477,73.7296765134705,68.8200530631373,0.0051310432600849545,101,358,85.50403882213168,85.9375,46.098385063223255,6.5639287904617705,15.455177559391398,38,56.96857097001101,182.29191729817023,45.18214497746054,0.05212915490983571,3.22972972972973,Subject_22,Trial_10,0,Squat
2,5,0.04004392694236427,0.058448545439313326,56.27382467792314,56.54202484261835,0.0034162320742817586,95,373,82.86102241994416,78.369140625,59.455644352448275,16.059343448588997,39.69614883749117,19,66.53855681826677,180.15977305103465,42.09139909329855,0.09557415938158642,2.824324324324324,Subject_22,Trial_11,0,Squat
2,4,0.02854946642531459,0.04557744074814239,46.87655483916736,44.93686015344517,0.0020773031026224665,102,359,87.43167059205418,84.228515625,62.25767844779035,8.390013626824942,17.453396369290246,22,57.48096037987067,166.66296945145257,34.66122734694582,0.046786847956667904,3.1486486486486487,Subject_22,Trial_12,0,Squat
3,5,0.013267551091595563,0.06156585985579409,13.594620605140971,22.48849910025448,0.003790355085889645,1,4,37.5168133298386,31.005859375,46.3080569763185,15.187295565369368,38.113999200251214,4,59.04248630978108,131.14607108398334,39.22141610407624,0.06991133210384819,3.391891891891892,Subject_22,Trial_13,0,Squat
3,5,0.01333121911507699,0.06280551798207305,13.62324126938131,22.50309786624996,0.003944533085749248,1,9,37.14821894763661,30.517578125,43.31007585330934,15.04095040400481,36.63079209430573,13,60.29937252864005,160.79196634304495,42.788743391226305,0.07776093761466393,3.3783783783783785,Subject_22,Trial_14,0,Squat
3,5,0.015863234193849718,0.06864893691389641,15.205962858088633,24.20729537981467,0.004712676505410156,2,14,37.98634910156477,30.76171875,43.411072340063775,14.637805550655633,36.438933341469074,7,62.89812142935385,135.74513638667904,38.13872644204401,0.08242562234868525,3.054054054054054,Subject_22,Trial_15,0,Squat
3,5,0.015047469763367701,0.05824020052037972,15.334179061051689,25.309844141984474,0.003391920947858145,4,20,38.60575927661043,31.494140625,45.26521628252728,15.188876434060758,37.20735693153625,19,58.82754908396443,162.91915535731678,43.26550083619014,0.08680301216648935,3.364864864864865,Subject_22,Trial_16,0,Squat
2,4,0.03335147885802475,0.054872293914025747,56.28743200707173,56.29729631234578,0.003010968602198895,88,365,82.2821739686938,80.56640625,63.969172219833254,8.632579785812576,21.24588736408946,28,55.98957774311806,193.53683195058494,42.24986288152129,0.0758637859940866,3.3783783783783785,Subject_22,Trial_1,1,Squat
2,1,0.030894248177276516,0.05160208578105813,53.56297126507867,52.58201039772463,0.002662775244909002,102,371,83.58540173014968,78.61328125,50.387766414037586,10.77108709767163,26.25415326652696,11,54.807617846021394,216.41686014203557,47.114200363780895,0.10658976028248282,3.4054054054054053,Subject_22,Trial_2,1,Squat
5,4,0.018390948383068546,0.07841564147164021,15.116608981979871,30.050809657934003,0.006149012806955477,3,6,37.41187591178597,30.2734375,55.972607807530025,8.619672695149086,18.870357319897767,33,59.433916830416905,195.88763912022787,40.96718294758781,0.061735052745350724,3.27027027027027,Subject_22,Trial_3,1,Squat
2,5,0.03936286926267152,0.05809332131957811,65.95463247199018,62.193333435021,0.0033748337877849443,114,422,86.8151693514727,83.984375,44.62387995940613,14.492010047949497,38.10983653777261,21,65.83691603889534,166.35118164594238,40.07467276348278,0.07389104458289718,3.1621621621621623,Subject_22,Trial_4,1,Squat
6,4,0.030219650725102028,0.09691729821891269,34.521969954007076,48.38166081088835,0.009392962310063967,5,85,40.52857661100786,31.25,53.531839141153355,8.445770519829463,18.673914718900345,28,60.04406199367554,185.9489036008775,41.36085702410222,0.06208738090247965,3.2027027027027026,Subject_22,Trial_5,1,Squat
2,4,0.04235641604384272,0.06751106136961643,84.86950243200684,81.23960597209035,0.004557743263295699,123,444,85.95928297109131,82.275390625,47.21970495955497,5.883455893733236,13.71624421711836,48,48.88380572729963,176.10246581945387,43.4224371446449,0.048443556540956195,3.8378378378378377,Subject_22,Trial_6,1,Squat
3,4,0.01627447879188524,0.06868762144069858,16.65289771299971,28.024652479626383,0.004717989339168532,3,15,38.127048885037496,31.25,51.114007438713365,7.239151600632139,14.760133526080578,29,54.43683982184611,144.67482693778288,36.196342069676575,0.050723958158865205,3.445945945945946,Subject_22,Trial_7,1,Squat
3,0,0.012217297962124812,0.053821642087010596,11.734845271402337,20.378453000824187,0.0028967691568928576,1,8,36.42574749084381,30.2734375,64.96222798565398,6.792937386932121,15.913658983046918,56,51.763830484271935,228.72623322236967,45.21419352735486,0.05191590624411727,3.3378378378378377,Subject_22,Trial_8,1,Squat
3,4,0.012027476913832618,0.05160676613316428,11.908572330037881,20.146023830669634,0.002663258296954822,2,7,36.916827739327616,30.76171875,55.467814199611986,8.257980462970602,18.75725747060956,20,57.128722077484355,168.7115832800689,39.05354294878797,0.048275659139287455,3.3513513513513513,Subject_22,Trial_9,1,Squat
2,4,0.031700199165968376,0.049502491940000205,49.18952018467131,49.04020810975308,0.002450496702043811,92,359,82.6628052238255,80.078125,45.16654765992374,7.549940640321329,17.166017706800197,23,59.598027904969946,139.59756111212215,33.87014501039116,0.049966908338769045,3.0945945945945947,Subject_22,Trial_10,1,Squat
2,1,0.03680698233636342,0.062246967537820976,77.58458753472411,71.58958064422684,0.00387468390224807,115,448,90.78688359306543,87.890625,47.47974017985452,14.994207117381665,37.580738601469875,49,47.53717323448377,185.02692666545366,39.05573770940598,0.06275521479888649,3.891891891891892,Subject_22,Trial_1,2,Squat
2,4,0.02368060330228342,0.043162510919569554,51.99412130228039,51.9789242485121,0.0018630023095291888,109,399,81.79030128286901,78.9794921875,81.80154823345393,7.41484572166335,13.730877569191417,64,50.50399176118179,230.12738543667186,48.059536224751504,0.06353891639774606,4.391891891891892,Subject_22,Trial_2,2,Squat
2,0,0.030897407573222183,0.05513841021328466,67.3941177932335,65.10083775677914,0.0030402442706291026,111,411,85.01562218644047,79.58984375,55.86499530692335,10.217009282177825,24.58081988497156,32,43.87401640125528,190.2663314513117,46.65562319178596,0.0449027026882102,4.216216216216216,Subject_22,Trial_3,2,Squat
2,5,0.037820101324764745,0.06525898509970994,73.06328969222358,72.27421363162543,0.004258735134368669,96,408,81.88104201092749,79.1015625,57.1686125061549,8.457680016270299,22.217387766358495,16,50.219154235958285,180.58863578312503,39.53572193782284,0.08272323228856807,3.824324324324324,Subject_22,Trial_4,2,Squat
2,1,0.030904346337570054,0.05403081342563415,64.16284839417528,61.15970140205114,0.002919328786516994,107,388,86.7787200904625,82.763671875,50.96306213636909,13.840529912486803,35.06498339864848,44,47.78950623970692,142.4522206020556,41.29549773287337,0.06459504773150922,3.9594594594594597,Subject_22,Trial_5,2,Squat
2,0,0.03047301000096072,0.052602145027623184,60.12833521423007,60.306086791901265,0.0027669856613698196,111,385,83.62984671999156,79.833984375,70.99361782070869,10.431606206726872,25.09668139205679,58,45.01678057469271,245.22059620006948,52.04347270885096,0.05537772609219963,3.9594594594594597,Subject_22,Trial_6,2,Squat
2,6,0.03235659962824551,0.05855416750048202,65.23430810825411,61.83346188957717,0.0034285901711748968,94,392,85.27241119338063,79.58984375,62.57934783750576,7.726921177171728,19.003453420406096,23,17.845413364791742,82.183378183172,16.388041883073022,0.04017992037873906,3.824324324324324,Subject_22,Trial_7,2,Squat
2,4,0.03128783049326606,0.054274117672666475,73.3741645748284,71.21110220267356,0.0029456798478837928,126,415,86.38921112895845,85.44921875,52.5135458544112,5.98954970781489,12.990152819015002,61,48.00069590219277,234.95725282467419,46.589267815190695,0.05037585992381262,4.554054054054054,Subject_22,Trial_8,2,Squat
2,1,0.02997907061062811,0.05216444933204373,63.79739734947421,60.737597057132554,0.002721129512131539,115,411,86.41725961352101,85.44921875,52.51256147547823,15.107787333647467,37.81413126193162,35,49.56688477730214,182.49887068790366,44.30030210719398,0.06497811426738886,4.054054054054054,Subject_22,Trial_9,2,Squat
2,4,0.031767835036464104,0.053193262815864874,60.16181678720247,58.77049481745859,0.002829520576295966,115,386,85.48360010918792,82.51953125,59.32832326251193,7.067269160208736,15.597007125440113,44,57.16974992611556,233.20309102351953,48.56431377682211,0.05464197445836876,3.7027027027027026,Subject_22,Trial_10,2,Squat
2,3,0.05516452826140319,0.0781041374583155,96.79693698428375,92.78673653568016,0.006100256068979974,120,449,86.271285557027,80.322265625,72.25730849023012,6.930366304978312,13.440308888031579,35,59.439807702754315,226.4127016910741,67.16106273997514,0.16612950107219543,3.364864864864865,Subject_22,Trial_1,3,LegExt
2,3,0.052619004724423636,0.07332033693062225,77.95768738088,73.56136860474425,0.005375863651495092,103,418,85.82579112381269,81.298828125,90.42396302849411,8.840878125114996,13.66569008675571,47,67.39682916733383,197.1902095334743,59.98589342054342,0.18019863900077895,2.7972972972972974,Subject_22,Trial_2,3,LegExt
2,3,0.05725380225102384,0.0803461799912155,99.01580500326988,91.262560788132,0.006455506628849103,118,516,89.95498064529933,90.576171875,50.04797753079319,6.177739285331403,13.8744636693263,55,60.93495293495149,266.3476423322762,73.01960066138749,0.17951029923847292,3.189189189189189,Subject_22,Trial_3,3,LegExt
2,3,0.059361484918392424,0.08316743690703848,96.38738478566114,89.39839628709899,0.006916822394873656,97,440,87.88080467838797,84.9609375,50.392828230460175,6.195621543545623,15.396449413036938,58,61.50914121147785,239.64231985535113,66.2611320225585,0.15813732735713854,3.0135135135135136,Subject_22,Trial_4,3,LegExt
2,2,0.05795817155051089,0.08224311494132383,109.0868512613508,98.64480797896954,0.006763926648268297,109,539,89.62929694128376,85.205078125,34.33226241841249,9.319031957324212,23.078325744040477,22,56.59535927757027,177.56307250702073,54.01632583213926,0.08789769866333295,3.4054054054054053,Subject_22,Trial_5,3,LegExt
2,2,0.048462472268939405,0.07342415222452679,87.845945020945,83.45237724711366,0.005391105542871784,89,419,87.30902989402787,83.49609375,39.80771446750824,9.383206194513145,23.78705311854994,23,57.64021676537262,205.83211290247937,59.9435263646094,0.09768093744969053,3.445945945945946,Subject_22,Trial_6,3,LegExt
2,2,0.06050143388316425,0.08557222701705823,91.54992224962854,85.7910332463269,0.007322605256782988,106,431,86.63759583530631,83.740234375,36.49149424922111,8.340365741725195,22.154099784350034,23,62.59160412257642,189.34981576880085,53.85504728550816,0.10674568298275666,2.8378378378378377,Subject_22,Trial_7,3,LegExt
2,2,0.05776585787621134,0.08343007993087248,87.98681590922513,81.91198646846769,0.0069605781686486665,97,396,90.0774753534684,89.111328125,39.62977564037276,9.60499416303075,24.683411039990588,19,59.65592793378625,190.1777208212012,54.0172169506469,0.09607852235188044,2.8378378378378377,Subject_22,Trial_8,3,LegExt
2,3,0.05858354344628755,0.0825595247117834,85.71878372681408,79.90795326073622,0.006816075089100623,100,401,89.20332307610322,87.890625,44.81886016675759,4.9545946458511425,9.134848789363616,54,65.83562777107275,187.68434256794438,60.09325398024498,0.13605362252103653,2.72972972972973,Subject_22,Trial_9,3,LegExt
2,2,0.04344841479118213,0.06594485842532669,81.22395310761367,75.42644807749218,0.004348724225145432,118,441,88.63579897939574,86.669921875,52.52741730783962,9.824401658741557,24.131863988654572,23,57.12814391965401,212.71815601465525,55.40138029771523,0.09341913272767009,3.472972972972973,Subject_22,Trial_10,3,LegExt
2,2,0.02298987007010575,0.03266948466408951,29.02745992132244,29.978790571417896,0.0010672943247569473,76,307,79.44493204593233,74.951171875,45.79708149337877,7.166081280479957,16.772316849441562,22,59.27545604323949,194.51321494616397,52.59205190544105,0.18970086341036493,2.608108108108108,Subject_22,Trial_1,4,LegExt
2,2,0.02644371451269034,0.03668640173923438,26.752640073717387,27.87167509637562,0.001345891635732635,72,264,79.9297191800452,74.951171875,41.76010564529762,7.578694953857284,17.37905982115444,16,71.55124940436868,188.9758139662134,54.84984756482052,0.18578072936607207,2.108108108108108,Subject_22,Trial_2,4,LegExt
2,2,0.020742024631354303,0.029344915104839733,28.370797997035808,28.852156262213835,0.0008611237598414741,86,382,81.53464530861733,75.1953125,49.48896428300132,10.182883023484338,27.62360459417594,16,54.40959923873138,146.01728481255557,45.7364336682704,0.14270610282163862,2.7837837837837838,Subject_22,Trial_3,4,LegExt
2,2,0.01642644322308792,0.02242653750591898,25.954390190157497,27.72783616057241,0.0005029489950211095,80,416,77.07393888291595,73.2421875,57.04285760671618,8.794820663138966,22.640622111505735,23,48.42526846829001,192.57318977474688,49.6440331248894,0.18202398719706236,3.3783783783783785,Subject_22,Trial_4,4,LegExt
2,2,0.016108230400118582,0.02238627090449129,20.210151435366814,21.971626265761746,0.0005011443882320104,63,325,74.24876941595632,69.580078125,34.93129768083906,8.85466862019347,20.420142818961278,31,56.610454723624095,183.01424227012495,52.00762978501341,0.13240892673432447,2.72972972972973,Subject_22,Trial_5,4,LegExt
2,2,0.03068048405211938,0.047224262091079786,37.833122981484046,38.53468796946194,0.0022301309102871953,59,277,80.24930125976086,78.61328125,58.32538356999596,10.18164017374501,26.548344245422403,12,61.31193113741727,167.1995461266098,51.50617784206247,0.18508830223396622,2.5135135135135136,Subject_22,Trial_6,4,LegExt
2,2,0.021518736089507627,0.030836561521136143,27.443160330275767,28.64143773513465,0.0009508934247287673,54,339,77.26407796889019,72.509765625,44.57898888941193,8.121924808218147,20.731488370909275,22,51.75213223732076,165.89401670134353,46.35943153418818,0.16241453592099245,2.6621621621621623,Subject_22,Trial_7,4,LegExt
2,3,0.037228137872321265,0.05147223635607817,49.28876362926234,47.279735097848004,0.002649390986072084,90,388,85.27129080206083,77.880859375,79.5147742637308,5.5912913945238625,8.297953420340681,47,60.06669253295511,176.30684663813224,51.946373242510525,0.18354096298527267,2.5405405405405403,Subject_22,Trial_8,4,LegExt
2,2,0.02122013192020581,0.028844849672775598,28.159430757922195,29.962826271330602,0.0008320250613140503,85,379,78.05847998809408,72.265625,37.38122006843108,7.499248159330826,20.358759493959102,12,53.09130386284704,160.73706340200263,48.770562892375466,0.1680433381357852,2.824324324324324,Subject_22,Trial_9,4,LegExt
2,2,0.03528713414638818,0.053936978474922334,46.47175279901355,44.567650426888264,0.0029091972668527635,74,317,87.0468384301883,84.228515625,35.553807329134884,6.636311201734397,15.996042127551638,26,53.93556819470117,168.30842849557507,45.590349349438384,0.1408764079973132,2.527027027027027,Subject_22,Trial_10,4,LegExt
2,2,0.01739630373571891,0.02384728406911189,21.358168764408976,23.258858094656183,0.0005686921242739037,56,320,74.36646971478154,67.138671875,49.30890801952951,7.870399492578118,19.16399302213301,21,47.73771390091095,119.25745240408287,36.625217586298,0.17726316129985664,2.675675675675676,Subject_22,Trial_1,5,LegExt
0,2,0.011795833623904316,0.022086442401040383,13.458719272056697,15.452542047314655,0.0004878109346258886,44,180,70.68575374080368,60.302734375,45.49266138098551,8.687340276088543,18.62462654833587,20,63.08981529812999,188.9468818732389,54.96111839534315,0.21958141186372743,2.6216216216216215,Subject_22,Trial_2,5,LegExt
0,2,0.013732212377005948,0.02358072659672454,12.456254506229119,14.281500872086186,0.000556050650822074,48,160,72.0251377005571,64.697265625,47.91705683451803,9.565547039342349,23.550189816026236,8,72.76017008155455,184.35595640344863,61.17610000767507,0.20986369862543436,2.081081081081081,Subject_22,Trial_3,5,LegExt
2,2,0.02048017569196827,0.028420921909486082,25.86375065124455,28.078320873688497,0.0008077437308177367,61,331,75.67055879704489,72.75390625,40.27591882056482,8.670991472374338,22.575197806144295,17,62.376391392113554,165.75751866371306,50.6960947105917,0.21894527909041323,2.7432432432432434,Subject_22,Trial_4,5,LegExt
2,3,0.03249327822043524,0.0457459095543675,44.40045300014082,44.125871823351055,0.0020926882399436857,87,340,84.81468827028297,80.810546875,54.1444300242311,5.1991731210591485,9.700006707468328,52,73.73931748220745,177.21206590836965,55.748983008713644,0.11615999638015267,2.7162162162162162,Subject_22,Trial_5,5,LegExt
2,2,0.01674299810222047,0.0230157991875441,20.803939424272578,22.619790436099855,0.0005297267409601149,59,331,74.52712166087653,69.091796875,41.5817181471293,6.400945451493744,16.183802045008242,14,55.19241669650558,154.56113178990267,43.550626131551375,0.19273241518560755,2.7027027027027026,Subject_22,Trial_6,5,LegExt
2,2,0.018561228536504725,0.025235735342645345,24.895264144394954,25.317515723792447,0.0006368423105859271,72,364,79.17349801840732,74.70703125,32.39502577728638,6.971554685169685,14.774279855978577,16,57.77683755485994,185.11520400774305,51.35783301905358,0.17199681636283481,2.72972972972973,Subject_22,Trial_7,5,LegExt
2,2,0.019879733151348243,0.02733024411990821,24.34631490632879,26.042450428266196,0.0007469415035140012,66,321,76.82479910019518,71.2890625,51.788410815830304,7.770678564607855,18.68586037831531,24,73.32089344549212,176.59297651741102,54.40070496982519,0.2236422601916918,2.6216216216216215,Subject_22,Trial_8,5,LegExt
2,2,0.016229706482761574,0.022048638279120746,20.511604003881143,22.137319642486787,0.0004861419859205788,64,353,75.53750874978468,70.80078125,48.252648733985254,8.015242291484137,16.71554848672993,21,66.1293306672931,188.8917133930008,57.88201881730898,0.2119812339653347,2.72972972972973,Subject_22,Trial_9,5,LegExt
2,2,0.014924778913638746,0.0214766594064195,17.858772055734192,19.655933829262228,0.0004612466584286558,59,288,73.56922224761189,69.3359375,65.82471583111229,7.745339504464612,18.153538838243307,19,71.10042289865626,173.50158295122523,57.05153585850789,0.25055174371780786,2.635135135135135,Subject_22,Trial_10,5,LegExt
2,2,0.014863334587073892,0.020248443868446025,18.279453446646116,19.97632168502731,0.00040999847668797757,63,345,73.52928625990025,68.603515625,47.8425794341914,7.396112849490502,16.612599027276776,28,70.8123452165461,200.20779111688162,61.59627738862406,0.20978704765570486,2.689189189189189,Subject_22,Trial_11,5,LegExt
2,2,0.013993825006069773,0.01904182009130681,17.3565416517839,18.905657583200263,0.00036259090623710623,82,337,76.33604262142939,71.77734375,32.73893157225483,7.396992175247021,18.357785391297433,18,67.55316075049436,164.75491893903455,54.9994875618441,0.20871010525052008,2.7027027027027026,Subject_22,Trial_12,5,LegExt
0,2,0.010886928678717402,0.020996464102477966,12.238872860005486,14.12034649629647,0.00044085149526343353,42,173,70.96040117306939,62.744140625,48.00429267521254,7.711708436599682,16.263872828490296,18,67.8494943762501,172.94787531976547,57.18590238857147,0.25294328335067223,2.5945945945945947,Subject_22,Trial_13,5,LegExt
2,3,0.0227178054419476,0.03653228009142701,96.4618916985647,89.25825758141212,0.0013346074522803868,234,877,90.79082772745042,87.0361328125,145.4204656157906,21.472216024617683,49.34493823433375,118,137.4444920926996,362.7797200157826,98.54064194329578,0.44157939367792953,7.864864864864865,Subject_22,Trial_1,6,Walking
2,3,0.027456986963163506,0.044018091670067996,122.08428385473267,113.06787231430732,0.0019375923551098056,236,972,91.72860550885125,88.623046875,162.41436826912295,20.131017244621294,48.0504199993116,111,131.43886543786644,358.834528171037,97.95815091449984,0.4315813797190125,8.243243243243244,Subject_22,Trial_2,6,Walking
2,3,0.021417050774931487,0.03406657882727179,115.49296071610777,107.70634834713044,0.0011605317831631344,342,1157,92.0459093754114,89.84375,160.837366581293,18.31782655979647,41.093709874146874,157,114.29937165503912,358.1707723826081,88.63221932987696,0.3928019905599832,10.067567567567568,Subject_22,Trial_1,7,Walking
2,3,0.02158157341725478,0.0362512521998211,111.7442188354148,105.33965984962057,0.001314153275116953,279,1032,91.69848895687375,89.599609375,168.26898047726542,21.105011756319396,94.5471922476238,20,120.85225913263511,342.623182437489,86.6015778315838,0.392887512642118,9.77027027027027,Subject_22,Trial_2,7,Walking
1,3,0.016347820131595085,0.02871794901037144,54.94897978902445,80.23510120586867,0.0008247205896577825,99,570,45.216337016342926,31.79931640625,140.2968484278191,16.636240289509754,36.75589265597076,149,112.21833543868027,342.93086924878514,85.94132173367491,0.36328547155947793,9.824324324324325,Subject_22,Trial_1,8,Walking
5,0,0.010499376845640169,0.05154669542604354,10.54618771677666,18.85688081476974,0.002657061792929414,3,6,41.84325798218791,33.447265625,78.14448811371665,6.332347263814788,12.590821642261835,32,45.96820801873109,246.4100333923814,33.00462236588983,0.0946487429962041,3.5945945945945947,Subject_23,Trial_1,0,Squat
2,1,0.015389786194652168,0.0299706056790826,34.94979184035205,32.84180373938773,0.0008982372026589762,105,309,91.6924788680731,88.9892578125,56.004157812816516,5.395206067297151,13.89642270034536,72,43.85503595057184,403.1622754978224,49.960883384466364,0.1960908980290536,4.27027027027027,Subject_23,Trial_2,0,Squat
2,1,0.013836298896101471,0.02543294002758229,32.75763309723624,30.92412803278679,0.0006468344088782248,104,379,91.14719491844346,88.37890625,53.59136267063317,4.681416996395911,12.936254848507405,25,40.911719734568734,320.96760557006803,46.616677534644715,0.09078423869243993,4.472972972972973,Subject_23,Trial_3,0,Squat
2,0,0.011939751607968448,0.025114035851150004,26.698233039757632,26.768923105065262,0.0006307147945336258,96,270,84.38770080207368,84.47265625,69.15880953399503,5.164475310966594,12.371240719870224,104,37.615098307348816,277.2030268122661,39.3021730863819,0.08158634231312907,4.486486486486487,Subject_23,Trial_4,0,Squat
2,1,0.01288800791119552,0.027569681717055785,37.42593450950186,36.292630277926584,0.0007600873443831393,126,375,87.41139159007577,83.3740234375,70.52877935502792,4.648724825928411,11.805263330218501,51,35.05784114932214,398.16016886086965,43.208233499418135,0.1595178180254186,5.635135135135135,Subject_23,Trial_5,0,Squat
5,0,0.004970310872199888,0.019481647482118204,5.529857375739463,9.229867289675193,0.00037953458800296723,2,11,33.79258301285813,28.076171875,52.39017826129997,5.3899561015045325,13.208381258323305,29,46.575156142935185,185.70534808794142,35.62962058321234,0.09015553709331568,3.7162162162162162,Subject_23,Trial_1,1,Squat
2,4,0.019964076904623346,0.0366549826568773,41.00530147551554,38.151350964735215,0.001343587745325135,94,350,90.24419617587523,92.041015625,50.99472486474113,4.342085473277019,7.992347056023583,32,49.74417950958323,257.03976309467834,44.53263453993683,0.06686004534730348,3.824324324324324,Subject_23,Trial_2,1,Squat
0,4,0.015356004475155118,0.026144222086520712,21.4137292686826,25.721307495884822,0.0006835203468314693,52,260,59.24996860885078,54.6875,66.81432280261677,4.707045646849359,10.351514568829309,47,55.51920547037625,270.1895465341097,42.79429819184067,0.07157457443103195,3.3513513513513513,Subject_23,Trial_3,1,Squat
0,0,0.014469767831288555,0.024394373143335084,20.668776745805765,27.26104259414764,0.0005950854410401538,46,229,55.017763012874674,45.8984375,55.30134347133376,4.683087287560234,11.620448635582797,28,48.644445723498045,144.09344990765692,37.50325815591355,0.05249995188504535,3.77027027027027,Subject_23,Trial_4,1,Squat
5,0,0.010362216054951804,0.04901231214666127,10.826514603146979,19.594950559913862,0.0024022065381064067,5,5,42.51063484800643,33.935546875,51.55186572081735,4.781413513419544,11.969137543679997,20,45.01183253908286,297.67634668905674,37.76860366102588,0.10505805473076933,3.7837837837837838,Subject_23,Trial_5,1,Squat
2,5,0.012275805183993242,0.025536275978134532,34.55350630838157,31.16826936215884,0.0006521013862844138,118,351,95.47795963364312,99.609375,54.65153940277614,6.953009045118072,17.537905028547385,61,35.453767646857045,152.26281970725375,28.5666911810762,0.07272564000019577,5.081081081081081,Subject_23,Trial_6,1,Squat
2,5,0.019895064574659112,0.03499491189046185,48.3962517295941,45.14190151990152,0.001224643857262887,121,418,92.81912711889238,93.3837890625,41.667875801165046,6.448176372067272,12.957359505862259,24,43.626492162329654,288.9511530340148,47.493211331887814,0.06408647081723627,4.54054054054054,Subject_23,Trial_7,1,Squat
2,1,0.015124121530495822,0.03243805784552884,44.80908960562353,39.322715979289136,0.0010522275945974969,135,382,99.49145722249118,100.7080078125,38.60930935240009,4.142178769000218,11.24611273650171,49,33.350093363149995,277.9983606683738,40.84231442617427,0.0833393530602916,5.202702702702703,Subject_23,Trial_8,1,Squat
2,2,0.016471857469353524,0.030726482212569847,38.62400515636578,36.60046729690353,0.000944116708013801,111,370,90.9509293255302,90.6982421875,41.83345949575518,6.813327606007183,15.485752991485176,50,20.085030120022648,70.0651217995557,12.73293372706663,0.027632523888897382,4.445945945945946,Subject_23,Trial_9,1,Squat
2,1,0.015049047124785596,0.02969400312940853,35.32192795056009,34.25163125601202,0.000881733816706116,117,320,87.88409784152316,86.42578125,54.890078504598925,4.53679257328537,12.523796478958248,58,40.168973576627614,395.784091883535,47.097830285846406,0.17135734954516954,4.554054054054054,Subject_23,Trial_10,1,Squat
2,1,0.013478845403415957,0.02660601755215578,37.985177438856084,34.68106922298926,0.0007078801644738024,146,403,94.34627186695882,95.5810546875,44.729276641174096,3.9435942316630155,11.845322202545578,57,32.8268680204473,252.63070967209944,39.179372997755266,0.10271199543125019,5.148648648648648,Subject_23,Trial_11,1,Squat
2,0,0.015006131508195962,0.027571245449937276,38.92021420145521,36.7800283265883,0.0007601733723630317,109,435,90.39890514823846,86.669921875,81.12652063478319,5.349247717727968,10.706775754613698,55,42.71804268449497,300.44937220706623,38.0447877301685,0.09739731103596058,4.905405405405405,Subject_23,Trial_12,1,Squat
4,1,0.01418765420244524,0.05861289462388828,18.492003891024957,28.361120750688034,0.003435471415277836,6,20,44.61735477313623,36.1328125,68.62240217197771,5.2929457301110325,10.865407675539904,53,47.97499565333778,364.37659805624884,44.50913378778076,0.16978982220967914,4.0,Subject_23,Trial_13,1,Squat
2,0,0.019532530649569106,0.03676159592908625,41.0488638686805,39.31898419758261,0.0013514149346659076,105,332,89.0658607559894,84.47265625,82.80711387711406,6.552386038603973,15.359113979305562,43,44.12352820464065,257.12581673949705,32.61762229767551,0.09542738926310497,4.027027027027027,Subject_23,Trial_14,1,Squat
2,0,0.022662274928915392,0.04267671417273223,49.03173171651726,45.30188758290187,0.001821301932452446,117,354,91.9452205221092,93.26171875,51.638054243688075,5.772725452182502,11.072607107024176,37,52.96627540950993,261.9807984644212,49.75245018827418,0.11059151985632464,4.0,Subject_23,Trial_15,1,Squat
2,1,0.026344691028473064,0.04405031330880589,48.35010897579923,44.46983845606253,0.001940429796862803,101,358,91.57551354484812,89.111328125,106.41213707293656,6.997647644764415,12.771555971184837,30,47.73159577134908,275.1394072980618,47.08745225966124,0.150137082054593,3.3783783783783785,Subject_23,Trial_16,1,Squat
2,1,0.024298813515913745,0.04010654725111035,43.283397328265195,41.84255687440347,0.0016085351284104712,95,342,88.52065171697977,86.42578125,56.32003656561315,4.916381348679768,12.400388353017405,28,43.88275590152743,164.6849308290902,34.63786259746482,0.12354682475552345,3.445945945945946,Subject_23,Trial_17,1,Squat
2,1,0.022280902890357803,0.039562525478595435,39.73478855746786,37.92209671938898,0.0015651933857018393,91,307,87.83773218233743,86.669921875,79.05055325157468,6.562283448810021,13.531584776190924,43,49.73499530524461,357.00997599341207,50.25982597394889,0.2030530097776103,3.4054054054054053,Subject_23,Trial_18,1,Squat
2,1,0.023238159658343534,0.03893592122151403,42.642365995854846,39.85344381405916,0.0015160053018879963,106,378,88.48075970486543,89.599609375,77.60358799137397,5.240313291182428,9.213706762990876,40,50.100761998750556,393.7143660028252,48.59437755459056,0.15275864720541454,3.4324324324324325,Subject_23,Trial_19,1,Squat
4,1,0.016028473314499664,0.10514498703772492,19.132920282218084,31.832548002596333,0.011055456841686863,1,6,39.61943820139529,32.2265625,92.76228990353,7.021536657882681,12.064434494271055,47,40.142475995816405,301.911861295453,38.18455330797321,0.14415157660971178,3.972972972972973,Subject_23,Trial_20,1,Squat
4,0,0.010992362696635038,0.0469674972553808,14.061760565182414,21.083351652146003,0.0022059456117078493,3,29,41.44920594804399,32.470703125,103.2462179541668,6.751770290555442,16.51290443635761,38,47.54630909516368,252.5125724837963,40.692022887362064,0.11202292143099443,3.8378378378378377,Subject_23,Trial_21,1,Squat
2,2,0.0193820494825896,0.038167555133211364,40.80084143868571,36.90342221485059,0.0014567622556848942,114,318,93.52803678142672,89.84375,55.5625186774424,7.504354010129928,14.948027510081882,20,21.31818726320774,102.91497771365509,15.640278192733586,0.034258368230985374,3.810810810810811,Subject_23,Trial_1,2,Squat
4,5,0.008517626470923668,0.028408845735992838,14.62258061059357,18.52583757425898,0.0008070567503667709,20,121,53.56657791921624,42.724609375,44.43693968946605,6.257266727118488,16.181282048117776,28,42.26996107434527,118.78304710598036,30.535810967916294,0.06892084838941022,4.351351351351352,Subject_23,Trial_2,2,Squat
2,0,0.012340319160549772,0.024358834477285738,24.159956032169983,24.174685235517003,0.0005933527995266642,81,251,88.13802055836744,90.087890625,62.94565827694272,4.310361251370744,7.77030494976658,94,36.372103452451356,269.3368383931613,36.38750746950571,0.09153016833224006,3.918918918918919,Subject_23,Trial_3,2,Squat
2,0,0.014243784588896732,0.024840729364738537,32.039851170563736,31.934565048306474,0.0006170618353349129,104,425,84.14516392227372,77.392578125,84.41524572376682,4.5003471129165,7.091398916926016,49,36.494510710183334,207.67722578775127,37.08303530805241,0.06336975738685846,4.486486486486487,Subject_23,Trial_4,2,Squat
4,2,0.007797023246680281,0.02091510921841342,13.755871050293582,17.901965374377927,0.0004374417813918405,28,147,51.529694551019674,41.015625,57.59018167899239,8.806623909078745,20.002091762373517,15,21.389981405934993,113.56088775777485,16.47215101122756,0.04407647940907355,4.594594594594595,Subject_23,Trial_5,2,Squat
4,2,0.009700416249780769,0.025615996500018712,14.864793412363923,21.748333232008484,0.0006561792741583886,14,125,42.590232654455015,32.8369140625,62.04445048785732,8.55608795122318,19.196388676159327,19,21.307351580588442,112.66434193234996,17.234192418812825,0.04754961252399326,4.486486486486487,Subject_23,Trial_6,2,Squat
2,2,0.010389511031925645,0.0213349920705961,21.714517011239238,21.475119302990308,0.000455181875266147,85,226,86.53319076511495,83.1298828125,74.01438206728778,10.05278456778884,20.709612832522904,36,23.035191345284552,110.6987063495975,18.284261303038104,0.07082424314110414,4.135135135135135,Subject_23,Trial_7,2,Squat
2,2,0.008600631092739893,0.019379950285865727,16.101975363853153,16.09178077451634,0.0003755824728834796,55,163,87.40571411482065,85.9375,70.82452520207883,9.502344341955276,18.48878702968505,15,22.698567419276632,123.31745990542989,19.062997907936943,0.07744276492606776,3.7432432432432434,Subject_23,Trial_8,2,Squat
2,4,0.00849750515686019,0.016981192239287284,16.465267575256867,16.46816499399505,0.00028836088918926897,80,227,86.13035825747922,85.205078125,74.4017576433138,7.0831942245611765,13.099682613209803,62,47.916562788797535,295.2343163722474,44.746032439595645,0.14120487608421164,3.8783783783783785,Subject_23,Trial_9,2,Squat
6,6,0.005855114126797097,0.009805843736405218,10.188712207638302,11.031035014885731,9.615456904298697e-05,71,239,78.6039252531519,75.68359375,41.72016190574728,12.781559496954102,32.85682901838567,13,43.84098066604405,122.20460839492634,38.579180908301765,0.08308516220626432,3.77027027027027,Subject_23,Trial_1,3,LegExt
4,6,0.005500307468907561,0.009638469649716633,11.16035875614477,12.667208100894111,9.290009596221407e-05,71,305,68.6785502418631,63.720703125,38.15050448315475,12.626000435476909,32.64326178543259,22,38.62319197461361,124.11158146773101,31.061051122617833,0.07650344491549825,4.608108108108108,Subject_23,Trial_2,3,LegExt
4,6,0.004705511691025698,0.008275098994321333,9.770446474999138,10.963842240089877,6.847726326100996e-05,75,331,69.1171455514685,66.5283203125,41.183261212936884,12.631102258228152,32.74084246000649,21,37.01784809037656,117.77221079828227,31.07623959279739,0.05723788228718799,4.662162162162162,Subject_23,Trial_3,3,LegExt
4,7,0.005782443559265085,0.009809111502667564,9.866489755841373,11.009772536840721,9.621866791898023e-05,68,260,70.89459569016752,66.40625,30.338282507147472,4.619261238153222,11.420829909102718,25,39.80975754737998,129.64508314830894,32.4871627537506,0.09959386457323113,3.810810810810811,Subject_23,Trial_4,3,LegExt
6,6,0.007420788171884273,0.012607936096640132,11.784800295150227,13.832349152392284,0.00015896001373144795,65,228,69.04898625915733,64.697265625,29.06782802873428,9.280048199219186,24.096381449682674,14,35.8589000142639,150.08337281534705,35.55668128219311,0.09014346495561153,3.72972972972973,Subject_23,Trial_5,3,LegExt
6,6,0.006501290173746971,0.010790195787631325,10.964304841593412,13.087097119752652,0.00011642831782948547,76,208,72.79795463594247,68.603515625,30.956517410585743,8.761652368490521,22.560825845858368,23,31.494175993761225,79.3506934910016,24.422014036893703,0.07357190226272654,4.027027027027027,Subject_23,Trial_6,3,LegExt
4,6,0.006650082874357518,0.011534380950829698,11.574318801214524,13.113963428233024,0.00013304194228672833,60,268,70.62265235724134,64.94140625,32.623140860001186,9.853155088339763,26.87211853496701,30,33.242449887130796,118.59717106647717,29.487955043517047,0.07768498074161587,3.945945945945946,Subject_23,Trial_7,3,LegExt
6,6,0.006409375468168368,0.011570469084112536,11.568850258603282,13.248179092704017,0.00013387575472246412,70,206,74.96975826768605,73.6083984375,29.189922056889607,9.524192581775237,26.76693578202162,31,36.07871203640848,125.42805071140312,36.00060757199526,0.07376301178489078,4.135135135135135,Subject_23,Trial_8,3,LegExt
6,6,0.006780533612773813,0.011517802188891478,9.519886826487962,10.896317515727517,0.0001326597634769023,55,191,73.80330762700129,72.509765625,36.49832616895747,11.933077395050875,29.825843478955605,23,46.87659392370064,134.0459427037931,41.50260389851779,0.09420043363338887,3.2162162162162162,Subject_23,Trial_9,3,LegExt
4,6,0.006220807087042767,0.01181932259587213,9.488487275561729,10.712229803887645,0.0001396963797320729,52,207,69.92276577994015,63.720703125,42.99919500368128,12.798293029982661,34.39656294453033,6,48.17487643799716,175.11412441710337,48.68249865975675,0.09051654740465165,3.445945945945946,Subject_23,Trial_10,3,LegExt
6,6,0.007991452997570057,0.014139418075198458,11.641953231563406,12.578547018175271,0.00019992313504132308,75,207,79.27642304283974,71.2890625,29.060265994181194,9.724296992884673,24.330637287181485,26,30.939699246969006,104.9381129099999,29.116048854527175,0.038640407829914486,3.1486486486486487,Subject_23,Trial_1,4,LegExt
6,6,0.005768422239058645,0.008184899273991261,6.129563446208734,7.481643644059062,6.699257604654763e-05,40,228,68.00961883845194,62.744140625,25.13319106958632,8.776462725882155,23.15121605293124,21,32.64327084895195,69.28277493202275,20.40557575862622,0.0341972156976536,2.5945945945945947,Subject_23,Trial_2,4,LegExt
6,6,0.006161854096441416,0.010236811348078554,10.097206256874983,11.732170199624456,0.00010479230596164354,65,259,71.47003481311904,62.98828125,26.69687074230241,8.030109822665716,20.67978212477834,41,24.686187350785477,81.31429301374177,24.261987784859652,0.04425408149797604,3.810810810810811,Subject_23,Trial_3,4,LegExt
6,6,0.00995726444313853,0.015850818954509086,16.633981580984102,16.94726408222178,0.0002512484527754118,90,316,81.34260898872007,78.369140625,33.24521000886339,10.243812378840591,21.942218934252377,18,32.06428331052829,112.21009308593585,33.04961231550993,0.046819926177929586,3.4054054054054053,Subject_23,Trial_4,4,LegExt
6,6,0.004701029645944979,0.006502687251190505,6.765822260539574,7.841317449436225,4.228493742088178e-05,54,385,68.85965931344904,62.255859375,28.741942481156258,8.28936073661644,22.46125731879151,32,28.870374977487515,79.81192206304755,24.288519534433874,0.04171684930861229,3.3378378378378377,Subject_23,Trial_5,4,LegExt
6,6,0.004227368654964457,0.0054413013633269735,4.57239114190368,5.68158347227223,2.9607699124393854e-05,39,348,62.030591788686635,54.931640625,25.642939655555818,8.208271792614019,21.244026007364102,25,33.615391371206364,90.05806584940346,28.02112061785569,0.043061147815624555,2.689189189189189,Subject_23,Trial_6,4,LegExt
6,6,0.004251772750032153,0.005586241136276941,5.952434481728865,7.291790266305142,3.120607006177819e-05,60,450,63.33635993934858,54.931640625,27.737436317576858,8.863544573973586,23.175397709103493,46,28.054005642272255,96.16533106226687,26.252623829331245,0.03921633033593384,3.4324324324324325,Subject_23,Trial_7,4,LegExt
2,6,0.00439314223630658,0.00956552273079929,6.320454553724649,7.4771280861938,9.149848492705714e-05,10,130,68.1082128090632,55.419921875,24.880243374279996,7.641905379188987,19.31571415059189,20,25.205463143793146,94.89733039973127,23.870680241329456,0.03371161618065543,3.4054054054054053,Subject_23,Trial_8,4,LegExt
6,6,0.005807911091612587,0.008635027852034523,6.752572237505063,8.078804328433108,7.456369851853011e-05,35,251,69.10719416137525,62.98828125,24.810022332650096,7.891818665103511,21.1124798155333,20,28.345625202332123,58.75757559366217,19.91823876245107,0.03701207255489624,2.7837837837837838,Subject_23,Trial_9,4,LegExt
6,6,0.004085876168419088,0.005281144972855385,5.480267306084638,6.954161238649288,2.7890492143993556e-05,54,400,59.7953522299176,51.025390625,28.472646714540087,8.357345198566948,21.210868408667817,41,27.916371746990926,89.6049795814398,25.484515275194205,0.031032624369698128,3.4054054054054053,Subject_23,Trial_10,4,LegExt
4,6,0.005258534803761594,0.007278800417204526,11.143815883057725,12.573156715793973,5.298092488937317e-05,120,558,70.98607347909817,62.8662109375,36.63477259997659,9.870243988662857,27.660409124548057,21,31.42249537746781,84.00534308638332,24.39494083355708,0.04628846120961619,4.783783783783784,Subject_23,Trial_1,5,LegExt
6,7,0.005460893862874656,0.00815125429782997,8.605688238476212,10.217332417438481,6.644291456930824e-05,62,329,71.38264485591704,63.4765625,37.497222012885686,11.699061577461046,32.39391445211224,23,50.74668189777805,143.9762871695377,34.66447969524743,0.06745584966952144,3.7432432432432434,Subject_23,Trial_2,5,LegExt
6,5,0.0074100854308563075,0.011602115075768185,14.428382491956418,15.464848294197115,0.00013460893039729955,87,357,76.167281944886,75.1953125,46.149399967719035,12.44985506009832,33.49792694405862,30,31.4470365830213,244.53619604198988,28.770869109187952,0.042385737207183444,4.175675675675675,Subject_23,Trial_3,5,LegExt
6,7,0.005929929092827933,0.00866045356931034,11.83543486912802,13.893823864495848,7.50034558455402e-05,82,428,69.40611449549937,63.8427734375,41.87524008263092,12.500540832484024,34.22577862057418,24,43.22707979142582,117.10606236569396,26.18000736794508,0.059288385027497746,4.6891891891891895,Subject_23,Trial_4,5,LegExt
6,7,0.007120011937756014,0.011092635539041986,15.138379719828048,15.528746036245867,0.0001230465401871333,108,384,82.97722167467388,85.8154296875,45.26800336836446,13.253591397611146,38.7825758436655,11,45.393660061474606,125.66386273979602,32.66391059233125,0.06034106543600368,4.364864864864865,Subject_23,Trial_5,5,LegExt
0,7,0.012809284045309026,0.022741886342197985,40.81631354494589,72.372454855996,0.0005171933800631258,60,289,38.98464789179493,30.45654296875,146.10614646431412,19.537018229385023,42.00994358030196,85,106.9616595787896,343.14838344879286,84.94848290230563,0.24036078456738796,11.31081081081081,Subject_23,Trial_1,6,Walking
2,3,0.015372215294879227,0.025639733202504292,145.83241467062473,146.63556169785295,0.000657395915398625,437,1795,82.04576437387026,79.376220703125,119.02480646908035,11.093856915673072,34.778182888891436,69,74.90998258105311,331.07862205640026,71.11221151205488,0.24534781859554888,19.094594594594593,Subject_23,Trial_1,7,Walking
2,3,0.0121115665595544,0.021786996025331632,113.97184143731083,116.51327030291333,0.000474673195630171,364,1600,80.96838522496152,78.460693359375,101.42567700156775,9.805314795302,33.47300205854055,36,73.22755533309154,336.76583210326334,70.6887446019914,0.20633779128862437,19.256756756756758,Subject_23,Trial_1,8,Walking
2,5,0.026548365100970035,0.050471147100119934,41.73481110645747,37.11461441115611,0.002547336678153636,93,248,96.49219953781369,99.853515625,45.931461113268945,9.796595037967032,26.263493536027145,27,69.95103616478181,172.23538946380367,53.06218471517461,0.11904434276281267,2.7972972972972974,Subject_24,Trial_1,0,Squat
2,5,0.0203389810229657,0.043501584151446386,55.051638195687715,48.63050362591099,0.0018923878182606204,118,300,98.33728017394502,99.365234375,57.39982281282579,9.889921880219859,24.509091461869016,29,48.41212960304984,187.09937580802702,50.120315687297825,0.09957538085000059,4.783783783783784,Subject_24,Trial_2,0,Squat
2,5,0.026942240125204468,0.05127931274064519,44.82008785106811,38.39269217841637,0.0026295678992602285,93,248,101.66487384080718,100.830078125,71.05760601575805,9.79256706218583,24.11254851297182,38,69.77693753179815,199.7580152291999,55.950954667378944,0.13156282398122657,2.8513513513513513,Subject_24,Trial_3,0,Squat
2,5,0.03214588295677924,0.061099407367195414,54.329326412916004,45.58286203271296,0.0037331375805232624,103,303,100.01670286554776,99.853515625,54.0472492492269,10.17788825441038,26.618569132936063,22,70.33309360619475,190.20499196562065,56.42146476585326,0.12734659515506608,2.8378378378378377,Subject_24,Trial_4,0,Squat
2,6,0.035610358118763334,0.06508324998717811,55.27572529228411,49.32034599448722,0.004235829415156513,96,270,94.31562641021453,90.8203125,63.736527593569136,10.007611512995105,18.727892119339256,28,26.80369850843905,96.32026865004586,21.74016128680172,0.06456967275231637,2.77027027027027,Subject_24,Trial_5,0,Squat
2,5,0.03046924217676641,0.060546811089871096,50.804467386137404,44.66790903113956,0.003665916304816388,87,230,96.6121881090344,92.28515625,54.11551919246508,10.2979999606343,26.667666362481768,33,68.94886802457803,227.09289023510388,59.16591844945926,0.1364872071658571,2.9324324324324325,Subject_24,Trial_6,0,Squat
2,5,0.029191465607374706,0.05653709532501802,45.982486537707615,39.02898951705998,0.003196443139927245,65,234,98.065350335215,94.482421875,61.31530867472935,10.663599023140135,26.194150067414114,15,74.30778163940317,197.48802518255593,54.831302495986826,0.1288427188910008,2.675675675675676,Subject_24,Trial_7,0,Squat
2,5,0.029546967029071922,0.05571995383523222,51.83057295717671,44.34999751063695,0.003104713244658087,97,276,97.82630526241704,97.16796875,60.12559575285458,10.592283476453987,27.944929078369327,31,70.88213362553411,220.7936466008741,54.64294883250614,0.14074317722447194,3.0,Subject_24,Trial_8,0,Squat
5,5,0.0104238838634696,0.05148040262297273,10.662595161983095,20.555898978762052,0.00265023185372585,3,7,30.07794051153303,26.123046875,52.275797863340834,7.26796710761451,18.94359492969908,64,48.75683517045059,268.8513792222164,47.45679754520798,0.12369255844454083,3.945945945945946,Subject_24,Trial_9,0,Squat
5,5,0.00989966589742858,0.04159619717769376,10.052251213358995,18.581672889473445,0.0017302435955290898,6,13,29.874921478219996,25.634765625,44.77097283512246,6.857054618893653,16.580818507315733,43,49.388014648092096,273.41619390897836,46.75384259763053,0.1275851525171622,3.7567567567567566,Subject_24,Trial_10,0,Squat
2,5,0.01679155871554919,0.031857133524724024,37.22434148956542,33.23049469807185,0.0010148769437486806,126,349,95.4170645973053,92.041015625,48.07513859038464,8.897355449726295,20.77509457455573,48,44.02904503802487,221.5732875156931,42.240923519706854,0.10640484497966322,3.9594594594594597,Subject_24,Trial_11,0,Squat
2,5,0.02010247518459882,0.038292060435805665,45.967250114896345,39.240031560336895,0.0014662817037632246,131,364,98.46219200881107,101.5625,49.30975991462602,7.915014931882329,19.342525965092666,37,45.49563063975021,168.39299393826585,39.67539401987538,0.10203815300121577,3.9054054054054053,Subject_24,Trial_12,0,Squat
5,1,0.010603722103494933,0.051797776297959376,11.014643333411849,20.836313933367542,0.002683009629095516,4,7,29.94984263870416,23.681640625,45.355395359480184,7.153679626293899,19.230820513901328,56,48.8233626798456,188.84985672007377,50.3791722944922,0.1119469556143601,3.9324324324324325,Subject_24,Trial_13,0,Squat
5,1,0.00942410181041532,0.044689760971758086,9.31709678516973,17.37804373840585,0.0019971747346526425,4,7,27.792104831926924,24.4140625,45.28960793243267,7.817308086383923,20.66222650260133,52,51.82888349128152,205.23444554814958,50.87994884933873,0.11043562790225568,3.689189189189189,Subject_24,Trial_14,0,Squat
5,5,0.007838049420259804,0.03412216574982467,8.622669479041932,15.299872468347138,0.0011643221954304222,2,8,28.352034614945502,26.3671875,67.01384827728506,9.137030336220638,23.072794692333478,35,49.17535674004389,164.41107423165303,46.8372731604185,0.14689120039763706,3.9054054054054053,Subject_24,Trial_15,0,Squat
5,5,0.015432356532813373,0.07277589786441252,13.454163918190089,25.432523566076437,0.005296331309830773,2,9,31.098533762526163,26.611328125,53.94064370707112,7.299570653822788,17.669157796113236,52,53.17010422181729,252.64363720712248,46.680054593458394,0.13853793102138878,3.2972972972972974,Subject_24,Trial_16,0,Squat
5,5,0.011975792323580512,0.047534028288309584,10.941960729644302,20.14328268826242,0.0022594838012153875,4,6,32.42876613445689,25.146484375,52.16598169391262,7.918230682462209,20.098800419326988,28,53.05111938572432,213.35188448753013,48.971834410150215,0.1323095538437309,3.364864864864865,Subject_24,Trial_17,0,Squat
5,3,0.011436811194936733,0.04840551450342758,10.28912476500438,19.236716429883586,0.002343093830018788,4,8,31.402497211647507,25.146484375,50.109706661809696,6.014932908289293,13.116018112484324,71,23.852407916418343,89.85626112314037,18.81648902709887,0.042292624010393125,3.364864864864865,Subject_24,Trial_18,0,Squat
2,1,0.02568776874119615,0.042443009930839375,46.98868248381079,39.738978242630445,0.0018014072438776044,133,368,99.56115638076541,102.5390625,42.06279525944274,6.537283892915489,16.623468822263938,32,62.69191522897796,196.20587097294612,50.49423284934091,0.12317797176192227,3.0945945945945947,Subject_24,Trial_19,0,Squat
2,2,0.03331355184019777,0.04957832548002032,63.0237054709568,55.80019933233127,0.0024580103118234044,159,476,99.85981053209116,101.07421875,68.04519863502415,11.998433914583627,24.48738138446798,15,31.639124502924833,97.48930866206963,18.46789188022378,0.04465355332923272,3.3513513513513513,Subject_24,Trial_20,0,Squat
2,4,0.02717163438535069,0.046237903362776125,50.55045420245189,42.57795108184453,0.002137943259837359,130,373,105.00608807580255,104.98046875,57.91434729656703,6.137136579786939,11.677197195966084,33,54.113434422161795,182.0645362658947,41.38894940348774,0.0929984722435901,3.135135135135135,Subject_24,Trial_21,0,Squat
2,5,0.02546077345835126,0.0481975331851722,45.147241534379276,38.21662096098524,0.0023230021888996665,106,283,98.15605489493133,94.970703125,46.271370021877914,10.28554130224175,24.82163736581512,22,68.72493852847079,208.66410210123195,54.974332066293016,0.13697934763830555,3.0,Subject_24,Trial_1,1,Squat
2,5,0.04053232737050296,0.07786353609617964,60.68909476720272,56.38046737236962,0.006062730250705876,79,265,90.4370267641334,92.28515625,56.70307967784808,9.408974104694739,22.01405703139332,26,71.88211227018971,176.12697274174647,55.511553772717384,0.12087857637446336,2.7837837837837838,Subject_24,Trial_2,1,Squat
2,5,0.030207772226327728,0.06442407423973795,50.00761766029159,43.257529828101305,0.004150461334038314,77,240,91.59684270008233,82.51953125,63.214878940328134,11.140545848167173,29.33831245732603,24,71.62689014683038,229.16785045810107,59.35504981519615,0.14048136772074743,2.864864864864865,Subject_24,Trial_3,1,Squat
2,4,0.03845283041398558,0.07250233901622669,62.442187682976986,53.48788710585394,0.005256589161503494,104,259,101.2162749483099,102.5390625,49.34491139970775,7.191969696820144,17.2900497915346,40,59.26854843329595,147.62236202356195,44.21015198101386,0.11553040087541713,2.7837837837837838,Subject_24,Trial_4,1,Squat
2,2,0.03369575845840865,0.05264145319073057,53.23623595627331,44.84905450814192,0.0027711216912893006,115,372,101.31680543032029,100.5859375,49.79556797514329,10.301380315931073,20.367474537973496,23,31.63919923729223,83.90566799185406,19.47283551872321,0.046899065388984786,2.6621621621621623,Subject_24,Trial_5,1,Squat
2,2,0.03791431544856415,0.05854200703575037,58.13848774724957,48.15118061967647,0.003427166373533186,114,370,100.58712365123586,102.05078125,52.33178760775159,9.943345117899534,20.503432414509188,19,33.12762139823508,100.3969268362366,20.71463865787238,0.04800661472789781,2.5405405405405403,Subject_24,Trial_6,1,Squat
2,0,0.028667883288676976,0.04555267512906369,45.09618054391858,38.93098550602333,0.002075045341769888,118,361,97.9181957297032,97.16796875,51.116056450338625,7.508849308288375,19.04315491903806,10,56.568114613519946,138.91346775162603,40.78393037878709,0.05439218837983375,2.7162162162162162,Subject_24,Trial_7,1,Squat
2,5,0.025778678562021425,0.044091241085157135,49.59182001660248,42.12236077034301,0.0019440374268072536,113,413,101.49684476611885,99.365234375,43.60086217425229,8.062496763536046,24.31733865997394,6,61.453507465036736,185.5364836935151,49.38879323048038,0.10018793462671294,3.27027027027027,Subject_24,Trial_8,1,Squat
2,5,0.027979453293885903,0.04557277500993932,51.76087198861021,44.03965948457641,0.0020768778203095295,112,391,101.48014755599249,99.365234375,49.00061457876001,8.173648059880504,24.834977354116816,20,61.61611695365132,174.3308443148645,49.15841905148086,0.10297911697118674,3.1486486486486487,Subject_24,Trial_9,1,Squat
2,2,0.025129490666702257,0.04122448869997522,49.22743009523232,42.59448668006033,0.0016994584684072514,122,408,101.16805304389091,100.09765625,48.777984764931894,10.223577762033312,21.05978903606949,19,29.06272000017747,87.61455773420313,18.68697990392573,0.044465011590816055,3.391891891891892,Subject_24,Trial_10,1,Squat
2,2,0.023311649930098162,0.04134013004816844,42.60370055080105,36.52935544046382,0.001709006352398771,123,322,99.1402343903692,95.703125,48.59106523384766,9.892886173226113,20.105005430494813,29,30.689714173653076,84.71316577712143,17.288147306410817,0.0452834150475411,3.135135135135135,Subject_24,Trial_11,1,Squat
2,5,0.01795610230217514,0.03374993168014817,33.63025456945404,29.950778640028137,0.0011390578800601133,110,312,95.0654447206425,95.947265625,53.10112999778683,6.840962198514136,16.688732105156767,66,49.69726049613885,255.79058528762528,47.41683874653027,0.11772630586337877,3.3378378378378377,Subject_24,Trial_1,2,Squat
2,1,0.012271861613543699,0.024725917934969446,27.619989229294656,23.868770838342495,0.0006113710067266255,95,325,97.83186038609792,99.853515625,52.12175910376317,9.322562441584047,26.53529660961629,37,50.99218145531505,187.37684195171667,47.5658038334737,0.11245474987548561,3.891891891891892,Subject_24,Trial_2,2,Squat
2,5,0.018884949586346424,0.035238901830760776,35.9931804940682,31.764485204234685,0.001241780199144835,111,309,99.76171419111371,100.830078125,52.57536337399432,7.244729114610538,17.58605077753911,19,51.5670418188996,205.648648662383,47.36480986155547,0.1231239233429914,3.364864864864865,Subject_24,Trial_3,2,Squat
2,1,0.017224279488986433,0.03204234693794001,38.534485818848744,33.84570919585834,0.0010267119853613767,136,361,96.72100128583106,99.609375,62.73492486561567,9.808337304142427,26.576573501389394,34,51.2480218744798,213.42354172094755,52.12441870549863,0.12141179137237007,3.9324324324324325,Subject_24,Trial_4,2,Squat
2,5,0.016239727091787455,0.02821567953619446,31.02797781915721,27.201542878743986,0.0007961245418953749,114,365,97.31609170609693,95.703125,52.74645470477725,7.25534515385252,18.507225990247555,55,50.15389994993087,181.03752924860405,45.077023134791865,0.12030771102385097,3.3513513513513513,Subject_24,Trial_5,2,Squat
2,1,0.012664474210450615,0.024804852197904428,26.719760708442237,24.201810216171125,0.0006152806830918869,106,310,95.44466850159876,94.482421875,57.43967151922376,9.180514400658854,23.009298186156027,50,52.312939386012346,206.04859857502868,52.343472782129034,0.11959262160081105,3.824324324324324,Subject_24,Trial_6,2,Squat
2,4,0.015532200931155739,0.029678112079269243,34.10990905855982,30.629500236239117,0.0008807902923732953,113,352,93.94279544224281,89.35546875,49.16083236516348,10.322112414571002,26.11323758143526,21,45.10095629909452,184.9275783937162,41.534921273539894,0.07308567792774653,3.945945945945946,Subject_24,Trial_7,2,Squat
2,5,0.01282520569620844,0.024148317657151464,28.394392050711957,23.906183417732535,0.0005831412451253041,126,319,104.319989903222,109.619140625,52.39437670186883,7.567531591024748,19.01363966876223,54,47.69433299387386,184.32707743737632,45.513850648564926,0.11682004524216476,3.72972972972973,Subject_24,Trial_8,2,Squat
2,1,0.014003561196362872,0.02644127599172161,27.194943521215393,23.25991514715873,0.0006991410617462867,111,311,99.42137594537978,95.21484375,69.81330268825499,10.900063891446504,30.758254352473344,34,57.904980411943434,222.00155121518142,52.482508432039126,0.13787208899843578,3.324324324324324,Subject_24,Trial_9,2,Squat
2,5,0.01365369999119557,0.02488611647603132,27.29735847210385,22.96552338519095,0.0006193187907839833,125,346,100.97754576797949,100.5859375,64.14049976035217,8.017317785256566,20.529243480637717,35,51.68385900333122,235.64341617859805,49.03765956448395,0.13729535346571725,3.364864864864865,Subject_24,Trial_10,2,Squat
6,6,0.012595808913007541,0.02099909488033092,31.016456677376794,31.476926473605847,0.0004409619856256677,116,500,78.50663486494803,74.5849609375,43.255407344412454,14.460446033891307,37.54308529659888,24,38.28770459139456,133.12284710442708,35.824824656095814,0.057879282370889094,5.0,Subject_24,Trial_1,3,LegExt
6,6,0.012722057736815813,0.02102475667793441,33.35504988989463,33.24273686629972,0.0004420403930899278,152,514,82.75503567633321,79.1015625,40.33338754709519,12.647130674668901,33.94699586525058,12,35.99601889958262,142.39934215437694,33.03183366746994,0.04898997153964722,5.22972972972973,Subject_24,Trial_2,3,LegExt
6,6,0.0136781416245998,0.02309530429896742,25.089213946963483,27.3699613908242,0.0005333930201168559,91,356,73.78043196771246,72.021484375,40.36022020919315,13.187796933462538,34.49442659102001,10,43.81169584229131,185.1338128939427,46.51255256660365,0.07036142416719869,4.0,Subject_24,Trial_3,3,LegExt
6,6,0.012886853029742563,0.021403595942112916,30.025340601394262,31.67588474710722,0.00045811388291069855,123,434,75.1682848696931,71.77734375,40.23364335140305,13.164167422275291,34.41839236952243,20,38.07037096766627,141.64683901661473,35.38762981530363,0.05865019198411743,4.918918918918919,Subject_24,Trial_4,3,LegExt
6,6,0.01214267578126721,0.021169042813930467,15.32014260643723,17.54616650393112,0.0004481283675518792,60,205,72.59989753750777,69.3359375,63.40854742642224,14.746277106520271,38.255864983920375,16,65.56690253311956,232.3897718511434,73.8701255154154,0.15060844502138965,2.891891891891892,Subject_24,Trial_5,3,LegExt
6,6,0.010057526067275483,0.01869402965778341,19.487925877041285,21.191207423749443,0.0003494667438958331,81,300,74.30355451583313,69.7021484375,42.0233265037187,14.680992779313094,37.827636985287846,15,43.90023900926608,220.32460464837422,47.526469403600885,0.067454660695282,4.216216216216216,Subject_24,Trial_6,3,LegExt
6,6,0.008806267687885321,0.01397232778307309,16.988510875300456,17.779854461840465,0.00019522591766441,99,357,78.13156166518284,74.70703125,43.27220180338652,14.555139873977971,37.993493210480125,17,45.81567960100118,177.25606210426182,41.84644628108901,0.06628341467861852,4.04054054054054,Subject_24,Trial_7,3,LegExt
6,6,0.009498598946101033,0.015737082981529905,17.602797322171913,19.3106516574234,0.0002476557807576306,74,341,74.24212865396598,68.84765625,43.8981972651884,15.114720726217408,40.088522629157765,11,44.49946506542031,151.9689263332292,41.62261892881488,0.06260745367224378,4.0675675675675675,Subject_24,Trial_8,3,LegExt
6,6,0.012948874267281,0.02179449317010651,25.12458485457173,26.234419265511306,0.00047499991459289733,92,374,77.43136248282384,75.68359375,46.03817413129103,14.911304701090792,39.07856378687943,6,45.4700420557842,157.20707161764506,40.15005913331363,0.07428511745467797,4.054054054054054,Subject_24,Trial_9,3,LegExt
6,6,0.014066306734245141,0.023092712802845212,29.00899534171206,30.678614987388652,0.0005332724601560526,75,438,76.42440531539275,70.9228515625,43.15310441935502,14.531045329683023,37.41413035092175,21,42.029104147297815,149.74503653446948,37.38034919797545,0.05572025000351416,4.364864864864865,Subject_24,Trial_10,3,LegExt
6,6,0.013817443327034948,0.023254780111215796,31.50432496114566,31.91829408545073,0.0005407847978363587,102,461,80.17197599817764,79.9560546875,44.89394358941057,14.872456197315167,39.41510586820936,23,40.41217574457639,154.14308348072836,35.85959381292334,0.058504639733320825,4.621621621621622,Subject_24,Trial_11,3,LegExt
6,6,0.009291498302028668,0.014401874712830082,17.548829046353177,18.387875139714733,0.00020741399262325596,99,398,78.29557090611478,75.68359375,45.95118821446796,15.968934400592298,39.503306246910405,20,38.471053009804415,138.1615416560765,36.517768590164515,0.04475384252994715,3.9594594594594597,Subject_24,Trial_1,4,LegExt
7,6,0.004647192717167418,0.01182533844628106,4.660709056381986,7.876991655598774,0.00013983862010698511,3,19,36.10881282038029,29.052734375,48.530324037396674,16.11772944097414,44.88077952251099,10,46.347999053525726,121.57096563139231,32.00273482343494,0.04736910336283627,3.391891891891892,Subject_24,Trial_2,4,LegExt
6,6,0.008483049346360468,0.01294224884648357,15.158986676298424,15.354319316912445,0.00016750175821205704,96,382,82.43480660642047,78.369140625,44.86059101926258,15.200797930474506,38.43343562960791,25,42.287728474074974,122.8131982050944,36.975993044030595,0.04997677795693835,3.6216216216216215,Subject_24,Trial_3,4,LegExt
6,6,0.009171002388445848,0.013607271656285114,16.11538548532418,17.030551435343938,0.0001851578411750064,106,380,79.04923725779746,78.369140625,44.29266165491627,15.657669503243154,40.46266447770041,19,42.963142900136816,122.35525531958213,34.16397719772294,0.046747548923906104,3.7162162162162162,Subject_24,Trial_4,4,LegExt
6,6,0.00828564735523521,0.012816034838486152,13.986243638108405,14.044172267123681,0.00016425039585125806,68,378,80.91939020735508,78.369140625,46.733464702770256,15.920129282152082,42.41721345364036,18,47.24636546928586,113.57093730066826,31.924464602465452,0.04293149240969472,3.391891891891892,Subject_24,Trial_5,4,LegExt
6,6,0.008678804864989453,0.013196175453457748,14.862714730821304,15.352805806166344,0.0001741390430008241,98,373,78.25353319553514,75.439453125,51.24382782896185,16.317319721148714,44.774350201946234,5,46.9214579782961,107.28143029868409,32.28578905458896,0.04656100991736273,3.5405405405405403,Subject_24,Trial_6,4,LegExt
6,6,0.009289640774267967,0.013389825536526224,17.537206874963637,18.635019393181544,0.00017928742478856932,118,438,78.27428539284203,76.416015625,47.764255607707305,16.712383605832954,43.85720148802631,21,42.544615525964915,110.83160191362917,34.628957059483405,0.04658471715475729,4.013513513513513,Subject_24,Trial_7,4,LegExt
6,6,0.008714751743771619,0.013456943827466431,14.079160463305938,14.945799240568325,0.00018108933439176604,96,346,76.50838119044545,72.021484375,49.115802138689496,16.627625314081136,43.802230439054554,10,49.80776579342648,119.91111870384599,38.5485368827444,0.05114905621176122,3.4324324324324325,Subject_24,Trial_8,4,LegExt
6,6,0.008419546039273243,0.012887847693382097,13.64918092879058,14.271130536568148,0.00016609653633290625,89,344,77.71500672451361,74.462890625,47.730241122434606,16.105756855161918,43.13215359886355,3,46.424250202026194,108.49040282091666,31.964283294235855,0.046564451172567,3.391891891891892,Subject_24,Trial_9,4,LegExt
6,6,0.00813648517850106,0.012458085234632781,15.971616893788832,16.207878475574113,0.00015520386946196905,108,429,81.66743692979146,81.0546875,51.50823726421777,17.187375682020004,46.24710124538935,20,46.01324514850128,122.63701266943089,32.499150231648905,0.051264608688877944,3.9864864864864864,Subject_24,Trial_10,4,LegExt
7,7,0.004088794749710785,0.013474517295854964,5.572348003875323,8.144879141423884,0.00018156261243089026,4,18,40.440296513371926,34.66796875,57.80468039348601,20.17174494078192,51.60857011086893,7,53.8390207311346,167.00746437021684,44.34996570115047,0.08825587228620224,3.9864864864864864,Subject_24,Trial_1,5,LegExt
6,7,0.010200004093293422,0.016647176596048592,21.667743528901006,21.69540870643511,0.0002771284788305927,121,421,82.12181009910806,78.2470703125,66.35063224521251,21.19257212333748,54.39699500971077,21,55.8269956763635,143.43015601588456,43.29479294503307,0.08154624453861754,4.256756756756757,Subject_24,Trial_2,5,LegExt
6,7,0.010736734861418776,0.01653903294305315,19.575561073168345,19.798539084456223,0.0002735396081053348,98,375,81.36897030550718,76.416015625,65.9781922182354,21.713453495742158,59.45882148400967,9,62.901406569497404,148.41752657334968,46.315298083533314,0.08688333958100264,3.689189189189189,Subject_24,Trial_3,5,LegExt
6,7,0.011971317247914321,0.019611111017346573,23.605104063686902,23.77503605435784,0.0003845956656387457,96,403,79.89080869073894,76.66015625,59.67604139212325,20.032542234672658,51.64879844244064,12,60.37884127765145,155.01222447498785,45.90309704464341,0.07766577931395906,3.972972972972973,Subject_24,Trial_4,5,LegExt
6,7,0.011028826099849984,0.019100481148083426,22.48936937820907,25.399386507954514,0.0003648283739860729,70,356,69.26275486472821,62.8662109375,69.07521116500524,21.215229921459397,53.991683082594776,28,52.346754747713604,175.2587540253019,47.64826262272094,0.14673685229053496,4.608108108108108,Subject_24,Trial_5,5,LegExt
6,7,0.011272307375097474,0.017381978875293008,22.263124660474862,23.367493188577065,0.00030213287379409333,112,453,77.16894259330145,73.974609375,60.249499483711936,19.917908262153542,50.89088356465032,13,49.54702407073568,138.75345119922304,39.164164849225365,0.06202343583903668,4.148648648648648,Subject_24,Trial_6,5,LegExt
6,7,0.01041559966643018,0.015832885403554015,25.92261791738956,26.02858356640902,0.00025068025705587846,136,566,82.40570463952386,79.833984375,56.754623668905786,18.890609916305024,46.83342293590537,19,45.06991372432916,117.17435589643516,32.211059282886666,0.0536163283143099,5.0,Subject_24,Trial_7,5,LegExt
6,7,0.011262424256385859,0.01738148375593511,25.153544990295785,26.770782457429185,0.0003021159773986648,128,484,76.45461259639225,69.7021484375,58.240871096224836,20.557180769311564,49.4384338097571,15,47.90259572835151,144.07389142711202,40.756856314477325,0.07305728769076844,4.756756756756757,Subject_24,Trial_8,5,LegExt
6,7,0.01079403798983847,0.01669417695623818,20.482095985321514,21.28584291596146,0.0002786955373784208,103,416,79.49075851810238,74.21875,60.90171828832139,19.359798617416626,49.50947783055048,29,56.93674864936937,156.19202151059002,47.11004905011777,0.08044969542059666,3.945945945945946,Subject_24,Trial_9,5,LegExt
6,7,0.010472897727462304,0.017186868641105957,25.0510868794902,24.192393750437923,0.0002953884490274709,150,487,85.30539917610956,84.228515625,64.85358169381074,20.739288232981085,53.52387159086275,21,51.541292750485574,164.03487459472305,38.77081145253072,0.07313951529397252,4.621621621621622,Subject_24,Trial_10,5,LegExt
6,7,0.01254633744376526,0.021050092673935702,31.56861097670723,29.998292828042736,0.0004431064009597082,141,518,85.37958810266116,85.205078125,67.76629658437231,19.920984804176165,50.99500425458654,21,48.72141209165614,122.60729487081082,34.01743565823101,0.06858824169461707,4.783783783783784,Subject_24,Trial_11,5,LegExt
6,7,0.011388051716404873,0.019202381125461347,28.078456047491223,28.151263842952844,0.00036873144038654214,125,491,81.7399166546694,80.322265625,56.81515827286121,21.03843108087174,51.6140148212898,14,48.32589114676204,138.97722936625183,40.32032432883766,0.05841302987505624,4.945945945945946,Subject_24,Trial_12,5,LegExt
2,3,0.022833237321983765,0.03687082560071404,153.16799213316494,146.42955094588189,0.00135945757982393,331,1397,85.63958597694024,81.787109375,141.7138506503906,16.042915925771876,34.10855722868336,125,106.0139953644917,336.5213064876327,83.655362387894,0.2898660300631135,12.837837837837839,Subject_24,Trial_1,6,Walking
2,2,0.028211380682306258,0.04370364919768769,164.91421011465184,157.50413834931584,0.0019100089508492153,326,1354,87.06044499516791,82.763671875,117.09931577344918,16.605117050845248,47.37065117188855,33,115.42568557531831,360.8528962043971,82.7763393219439,0.1941941474617865,11.175675675675675,Subject_24,Trial_2,6,Walking
2,5,0.016685800656991632,0.03173504019625369,34.869780339613094,31.55284904237118,0.001007112776030787,107,341,95.4338378130601,93.017578125,40.782247592830224,12.059295159718241,30.205493481011352,24,49.53370135551984,123.68912220113879,37.89467244742201,0.07921347281778976,3.7837837837837838,Subject_25,Trial_1,0,Squat
2,5,0.0159087896916928,0.03682752076452982,38.86803327884506,35.66750648877526,0.0013562662700818365,81,279,94.9294143369444,96.923828125,43.18381274265932,11.488916850737464,30.902315148668833,27,47.67449772028719,128.43755379800908,37.08304350746351,0.07480622314846078,4.486486486486487,Subject_25,Trial_2,0,Squat
2,1,0.008639343139772623,0.02040504587725642,20.608154417981392,19.19662045657477,0.00041636589725117535,79,209,95.5839707160271,97.7783203125,39.521982205335476,11.821837056496515,31.587946019971756,30,44.20032590362204,141.09517340841802,38.16427219988593,0.08122688587592933,4.445945945945946,Subject_25,Trial_3,0,Squat
2,5,0.01107974978806578,0.025773490727897006,26.39570059981475,24.320050784804387,0.000664272812163362,86,262,95.10375590701675,95.21484375,43.572686774082435,11.371444322300583,27.863146045788643,35,43.614131520309144,114.46607054933499,33.89636153850721,0.07666833205637026,4.391891891891892,Subject_25,Trial_4,0,Squat
2,5,0.01346091284887895,0.03209249541492748,32.71343265356341,29.721695570324723,0.0010299282612128721,96,257,91.9604263344365,86.669921875,47.34878932338802,10.900397906069449,30.08911551527085,27,44.949183241055756,121.36105427979037,37.1156405050475,0.08044875601241452,4.418918918918919,Subject_25,Trial_5,0,Squat
2,5,0.016954454862109457,0.03915548284827516,37.23443691159884,32.97641470680289,0.0015331518314778553,95,254,98.17728646102869,99.853515625,44.70170672652064,12.342833630739392,31.9973841733772,18,51.93894419686819,135.45637052702764,39.46338190030876,0.09024375672375308,3.891891891891892,Subject_25,Trial_6,0,Squat
2,5,0.0072433016524371865,0.019045355359731023,18.080304553103176,17.99960460630641,0.0003627255554463702,73,185,92.408104469508,92.28515625,49.803884351444964,11.662461481391494,30.86198459383825,6,41.40796684404621,130.44551516587478,28.579410511321427,0.06273432581486076,4.972972972972973,Subject_25,Trial_1,1,Squat
2,6,0.009979874746862627,0.024517037048751775,24.037848566493004,21.566509327970138,0.0006010851023653317,95,224,96.66365501389446,98.0224609375,43.934042052438315,7.535294847626165,18.06108080163208,39,17.420480485928476,48.73048854810625,12.417818167860398,0.034484539298446346,4.324324324324325,Subject_25,Trial_2,1,Squat
2,1,0.013402248185035052,0.02888329428158002,27.708492119599217,25.89314349348772,0.0008342446823160301,84,257,94.50216448499059,98.388671875,44.96973042251934,11.471004598255906,29.484647581564,29,50.45157950983523,158.4366331372297,39.818324411174935,0.08833266291584066,3.864864864864865,Subject_25,Trial_3,1,Squat
2,5,0.01140334245190472,0.027561353246678123,25.078215205034972,25.030336681930862,0.0007596281877773862,69,215,89.79444630655759,85.9375,51.55912717121893,10.797214751541013,28.08072498788603,40,47.19426573413074,141.04552487735523,38.525611973530324,0.08810225572522684,4.391891891891892,Subject_25,Trial_4,1,Squat
6,1,0.01660028272482742,0.03376788696913367,36.50613742101368,31.39113463264865,0.0011402701840220008,106,293,97.87004049029171,98.14453125,41.680426825531306,10.865294799044294,29.416517505013537,24,46.237279358050905,152.03232753061647,37.571589748095796,0.07987315821081913,3.7837837837837838,Subject_25,Trial_1,2,Squat
2,5,0.01624044355326007,0.03620926879869232,33.38157960662769,30.710678759214794,0.0013111111465084887,93,252,90.96418883168089,88.37890625,45.66833749157913,12.987999274435392,33.56005914870263,21,50.963231053840026,129.5397432164581,37.401658913336504,0.08608924528196404,3.7837837837837838,Subject_25,Trial_2,2,Squat
6,5,0.01189044513756276,0.025358522409443297,24.923202103535516,22.639407541919493,0.0006430546584488714,90,233,95.75102248373517,89.599609375,44.069163567282715,11.528368949049957,31.221727652510193,40,49.020628405561084,121.32190958851129,38.31373513762321,0.09331700503745534,3.810810810810811,Subject_25,Trial_3,2,Squat
6,5,0.011478428314006268,0.02825010274036453,24.690074492332663,21.93527650806598,0.0007980682858123171,78,223,103.63303975751573,102.783203125,46.75574807302739,11.193582395646242,30.37548873515697,23,49.29249147351096,136.24767321480562,40.62353958390194,0.10048401161734521,3.824324324324324,Subject_25,Trial_4,2,Squat
6,5,0.012500545444449961,0.02545917814628447,26.957921371922296,24.401064707566324,0.0006481691874534231,100,290,95.50971185472042,92.28515625,45.92058214386322,12.020544595785774,33.20716482921806,17,47.63821688708001,125.53234555558055,37.241813608432295,0.09373295333408145,3.9054054054054053,Subject_25,Trial_5,2,Squat
6,5,0.010704003428809325,0.024327223017052133,26.76587979118866,23.923447663388842,0.0005918137780698195,93,271,101.40785453317328,104.4921875,49.274986618853106,11.859424192696238,32.68048013970237,36,45.005342350767606,152.40682678694986,38.19148019047482,0.08896172433191088,4.472972972972973,Subject_25,Trial_6,2,Squat
6,1,0.011260997997829347,0.026294795247849317,24.19239406220484,22.28551503770428,0.0006914162462085964,75,236,93.01781377283014,94.7265625,54.76585563494481,10.041405090347766,26.41067905488706,40,46.60838745801682,141.17545144013522,40.08623391264159,0.08422092481258678,3.9594594594594597,Subject_25,Trial_7,2,Squat
6,5,0.009944473267875504,0.019940218883870032,24.439292767417747,22.703232470559776,0.00039761232878579084,115,298,97.34543005713847,95.458984375,43.75114251626156,10.278218320922756,26.482964838044207,37,44.523383518359154,140.78423970413084,40.30950316477182,0.09200241495282795,4.5675675675675675,Subject_25,Trial_8,2,Squat
4,6,0.00996708018961249,0.01973821420363381,18.87313781825386,18.97732068102218,0.0003895970997468341,77,283,81.56751108726229,77.1484375,46.05244349697501,9.421547752711724,22.307980997145098,33,21.70802024793835,60.329929690592,16.103805322351704,0.03781423649886093,3.810810810810811,Subject_25,Trial_9,2,Squat
2,5,0.009544122269495052,0.022423726486967176,18.201980861662626,18.238817657005043,0.0005028235090313855,60,191,87.20179952918868,85.44921875,51.04994450902346,12.83976601137954,35.12125332914756,26,49.8349785483324,164.68975014149862,39.353496158617055,0.09900940914868438,3.824324324324324,Subject_25,Trial_10,2,Squat
2,4,0.022418607760812205,0.044184670090666504,41.195911517560404,35.57833051640897,0.0019522850662053706,104,291,96.27051854713443,94.23828125,31.871285818552543,3.986200829920235,9.403012338853394,34,44.959415661728414,206.89975538832746,34.0656373256779,0.06034963961292486,3.175675675675676,Subject_26,Trial_1,0,Squat
2,4,0.025801698824115656,0.050799697068646205,50.10732593470636,42.15997587860498,0.0025806092219504946,130,304,101.12596593716258,98.388671875,39.6745189902318,3.7264103690611408,7.797735995915305,20,43.490705502460976,180.2551715991285,33.249906305328565,0.056277069413817965,3.27027027027027,Subject_26,Trial_2,0,Squat
2,1,0.03143348628585707,0.06308849935978657,59.44677147007142,50.953681269374314,0.003980158751147995,96,291,98.80389786085254,97.16796875,26.111535881203228,6.52217899291229,19.002908384656084,21,44.683756257386115,115.07479819734853,32.667771659396344,0.05987006673253479,3.2432432432432434,Subject_26,Trial_3,0,Squat
2,6,0.024141273065355403,0.0509249344828077,52.30202442219178,46.95477611211626,0.0025933489505276706,107,309,97.79356212996747,94.482421875,22.299148252529214,5.396032338596077,12.15989441312491,37,16.178119850929953,51.64212797658391,11.284689793206324,0.02258333843482041,3.891891891891892,Subject_26,Trial_4,0,Squat
2,6,0.024049648391745764,0.05288146134829644,45.93688488593183,40.451508594916376,0.0027964489189678922,88,236,94.21272826136611,89.111328125,24.499124956082323,5.86887658730455,13.468503329101765,40,16.764712638019592,59.80739996107953,12.362935247380122,0.025113974335213826,3.364864864864865,Subject_26,Trial_5,0,Squat
2,4,0.0376358808878831,0.07109314549288734,76.2447088859031,64.8089868889347,0.005054235335816892,123,351,101.03218921555447,96.19140625,26.864774718811116,3.079358615935366,7.540553742185555,44,40.63418619091385,118.94452991384605,29.234289711165438,0.031570263792281186,3.445945945945946,Subject_26,Trial_6,0,Squat
2,4,0.02196214290523149,0.04964355027634769,48.125253310688564,41.53041223379275,0.0024644820839898394,103,270,97.3093758076445,98.388671875,32.69944221003829,2.999132544333808,6.6738251737035545,40,37.89575681437437,162.4761992138721,29.38005665303021,0.058912684919201236,3.7837837837837838,Subject_26,Trial_7,0,Squat
2,1,0.020642613565433968,0.043542805594700244,38.28461424477624,34.163525450793216,0.001895975918854043,90,256,91.71458124831825,90.33203125,29.321503672850906,6.31492462199381,16.257123071907145,25,41.905726082640825,150.9102256305439,35.27639558680106,0.06668242436868388,3.310810810810811,Subject_26,Trial_8,0,Squat
2,4,0.024425197237168978,0.0512032460519377,48.820757282126316,42.71966996780854,0.002621772405122981,98,287,93.22158694973156,87.40234375,46.80096984843692,3.2914810182634326,7.251599917674745,52,41.35180715083321,203.06774033608045,30.921552423935,0.06236371899815444,3.5,Subject_26,Trial_9,0,Squat
2,6,0.015824667355582547,0.031832120508449614,39.67330035147061,35.79539755832772,0.0010132838960438101,142,351,94.35277280738568,92.4072265625,23.57611057509899,6.492209871033456,15.643100693253118,85,16.265558388699304,51.71416539666565,12.195209964469614,0.02130149835810456,4.527027027027027,Subject_26,Trial_10,0,Squat
2,2,0.014856097075293383,0.029611971093860982,31.62892909532859,28.49399419041271,0.0008768688251494352,103,297,93.23286008369122,93.994140625,24.27458671709889,6.292968590544672,14.178432355454808,52,22.175588964953885,64.66291961811879,12.987471140323503,0.01913272453718809,3.8378378378378377,Subject_26,Trial_11,0,Squat
2,6,0.016839324349601573,0.03112526989167042,45.66935161515778,39.80816276245812,0.0009687824238608296,158,462,97.37886549918846,96.19140625,22.471879488655112,4.822365529066464,11.916246169146188,83,14.168482990279188,42.98959285295257,10.630907825540465,0.018729685925484116,4.72972972972973,Subject_26,Trial_12,0,Squat
2,2,0.009378269999900551,0.02171515531713269,28.010016872473646,25.5182726697294,0.00047154796969857237,133,298,92.55464376291759,86.9140625,26.983033060544606,7.101653903900383,17.49661302386405,85,21.13043328827266,69.51386766252296,12.51335249166608,0.018366871768529164,5.445945945945946,Subject_26,Trial_13,0,Squat
2,6,0.014167784973158572,0.02951824806082591,35.738878197497456,30.899939026458846,0.000871326955545106,126,347,97.40413150240622,97.16796875,23.59869019503153,5.692558753760958,14.00383389716001,58,14.44729820574205,49.992280459242814,11.80341626694277,0.020439743011736056,4.364864864864865,Subject_26,Trial_14,0,Squat
2,2,0.01394439326238991,0.029526733281293394,29.713355502240073,26.08995979393152,0.0008718279776286367,109,278,94.92608252940647,91.552734375,24.556646804174417,6.400849806271523,14.94613254395783,68,22.668187194318126,57.41729819788338,11.952161068294451,0.021816961229458694,3.7432432432432434,Subject_26,Trial_15,0,Squat
2,1,0.012668266236447219,0.027579464356633592,27.103761552509376,23.524970401082484,0.0007606268386248363,95,256,96.41093535431297,97.65625,30.054285220407174,3.2848535661144718,8.56111550322021,33,40.650465572643064,178.46867099122963,37.83635129583939,0.08637679509067374,3.7162162162162162,Subject_26,Trial_16,0,Squat
2,6,0.03156395651473699,0.06005433268820932,59.29035786081515,51.16517351038866,0.0036065228554880086,110,306,97.74904611146607,102.05078125,23.915258179528806,5.969168336787067,12.183629142888904,27,18.781992322247493,61.603371216738196,13.862833061723725,0.027027396804970825,3.2432432432432434,Subject_26,Trial_1,1,Squat
2,5,0.012095408886375024,0.026392255511379775,24.542590039190067,23.440902421794796,0.0006965511509717901,79,241,89.2373549965109,83.49609375,31.690740166830388,5.7466952444042505,14.146138672838315,44,40.446602658429754,151.61287598882865,35.480865285975405,0.06973882413618752,3.8783783783783785,Subject_26,Trial_2,1,Squat
2,2,0.01490477125825866,0.029521952556201395,38.21248493189021,34.519450234127056,0.0008715456812478642,138,380,90.61806166153255,86.669921875,28.062658927865726,6.949529267783269,18.272171095797734,29,22.68543311809518,56.217612815281164,11.775815597566389,0.019353399439360784,4.635135135135135,Subject_26,Trial_3,1,Squat
6,1,0.015009058329029818,0.025574263267694058,24.017776047669624,22.9038230100995,0.0006540429031846497,76,334,85.9221442752278,81.787109375,31.551198587522748,7.46432241066269,18.82018240061769,15,40.774706444705586,146.56132961717717,29.44617791348756,0.05109116563143869,3.054054054054054,Subject_26,Trial_4,1,Squat
6,4,0.010728287193949524,0.017351836811526442,20.298964219411623,17.969881049865453,0.00030108611857043586,128,433,93.67881671086835,95.21484375,42.32618744539551,4.203144451189043,10.484051511743429,22,38.34503441640794,129.59638485453257,25.435609468825398,0.04285728680287603,3.3513513513513513,Subject_26,Trial_5,1,Squat
4,2,0.014483830533026078,0.023614417008198885,22.11720848263187,23.767965904695792,0.000557640568261329,66,306,73.33958047818048,72.265625,25.647061715476422,7.3978202927114625,17.865790049115088,16,23.219680910016432,55.473461993551346,10.610869108002447,0.029095123089933735,3.2837837837837838,Subject_26,Trial_6,1,Squat
2,4,0.015432220985090664,0.031185157384203417,34.54435721976242,30.123695362896974,0.0009725140391061976,123,315,98.48688128393513,101.5625,22.712882580535762,3.308221519756312,8.28637345034844,43,32.2953290786685,111.82159034446786,23.027061922674037,0.03910219088022133,3.9054054054054053,Subject_26,Trial_7,1,Squat
6,1,0.015946837882827827,0.024102425381113055,27.59420940093664,25.100322827571,0.0005809269060022218,117,434,90.87472695635088,85.9375,24.759969541379366,6.979981117408276,17.652848349517797,33,40.1141499329107,94.0725626322682,25.021596713695942,0.05320177955741174,3.1486486486486487,Subject_26,Trial_8,1,Squat
2,4,0.012265653245615502,0.028828302758986388,23.138580659286998,20.544969186405964,0.0008310710384957405,79,191,95.7344351563566,93.26171875,25.618617335550827,3.8456274045787087,9.469327938041502,22,36.72301395861975,113.8194410882677,26.21700597840148,0.039692434932009454,3.3513513513513513,Subject_26,Trial_9,1,Squat
2,5,0.018262765216693167,0.03343610407945002,32.46258579601803,30.4622923814442,0.0011179730547991834,90,312,92.33721040686298,93.994140625,26.503052112952158,4.800166668867717,12.216266495919273,15,41.67392587398266,93.05005343404127,27.763581088713043,0.049060957058781114,3.3378378378378377,Subject_26,Trial_10,1,Squat
6,5,0.01601596980564076,0.022364883680265915,25.828345494129852,25.097024685439074,0.0005001877177734886,107,483,84.99918434139757,79.58984375,22.59884938867944,4.7242285217612245,12.001596219676244,13,44.25940754862516,99.42162350454132,30.28109840551425,0.05489951058490467,3.135135135135135,Subject_26,Trial_11,1,Squat
6,1,0.014975577077701061,0.021750017751988846,25.679738668160923,23.57155832030147,0.0004730632621628857,125,479,91.70298651920308,86.9140625,26.472849103897172,6.8725611519014995,18.50502119199568,40,42.198454204894794,112.19796421212226,27.9042645010222,0.05936396313663282,3.1486486486486487,Subject_26,Trial_12,1,Squat
6,1,0.00893846093097795,0.015257574532031267,17.17669858827254,17.018829612582017,0.0002327935522058782,96,374,86.34355778416645,85.44921875,30.96604996570263,7.377360161921715,18.790436294495304,34,36.67772627572271,114.23316675089114,28.041939300543753,0.05317251179194594,3.810810810810811,Subject_26,Trial_13,1,Squat
6,0,0.014683452804028517,0.05652552424462003,21.629712137825315,30.042344437042345,0.0031951347359643603,8,98,41.25259435750167,32.2265625,36.05573852377833,2.9225401183330986,6.45657320144135,41,25.329291841669683,86.2532793431797,26.10831354914663,0.037200444106527994,4.094594594594595,Subject_26,Trial_1,2,Squat
2,6,0.011956942561890928,0.0238449000971986,21.348327235777788,20.99639113868047,0.0005685792582190857,73,229,90.51321166819149,81.787109375,24.70774063971944,7.0591871080474515,18.029372411293007,42,19.432219180379818,52.987863452791636,15.184203302799256,0.024560776037437653,3.5135135135135136,Subject_26,Trial_2,2,Squat
2,6,0.012917006530239956,0.021994403459296194,23.0165296309572,23.7285409960508,0.0004837537413735868,82,259,88.88684574590368,81.54296875,29.403996354244654,7.053646776548129,16.400192122412367,44,18.921975142933988,62.52173988022372,15.470080820327944,0.029060153978128587,3.675675675675676,Subject_26,Trial_3,2,Squat
2,2,0.01276372813552846,0.020886084366821694,19.731927123098817,20.000761988373096,0.00043622836017565957,87,259,91.264435412147,87.646484375,25.65223298337108,6.529763661060535,15.677313394675945,49,23.82034257630161,54.410358504269304,11.516322231128227,0.018185119517735025,3.135135135135135,Subject_26,Trial_4,2,Squat
2,6,0.01692200853710222,0.028134985042676867,30.5639744040766,28.34436429964622,0.0007915773831512353,122,319,95.82645980692193,92.7734375,25.874439429614682,6.339979621857398,14.139369146063707,20,17.740634395744888,54.7018608984273,12.933168487766615,0.024370056093452424,3.3513513513513513,Subject_26,Trial_5,2,Squat
2,6,0.01475529434919265,0.028762867171739346,25.66094877026046,28.80233456962405,0.000827302380334461,66,271,68.13190258413658,50.78125,27.775441890966036,6.794295030338474,17.88725841522576,50,18.79601192991456,58.10483642465349,14.800119317481949,0.02580862672929687,3.9054054054054053,Subject_26,Trial_6,2,Squat
2,0,0.01150972735092589,0.023565904122450687,22.275228158071293,20.982232960737896,0.0005553518062790164,89,232,98.16507060728918,98.876953125,61.0575031463823,3.4406200520574064,5.286317511492743,48,30.419083641221896,144.77728236377558,30.19900770139528,0.04986960330887079,3.6486486486486487,Subject_26,Trial_7,2,Squat
2,5,0.012887660995783581,0.022641595238334557,25.20607541722808,23.764846876224922,0.0005126416866344279,114,324,94.26915775721947,87.890625,22.807225377260938,4.305925309018412,10.572371901657842,42,41.40418530849341,126.90174996208707,35.22528825351759,0.06593846913763635,3.689189189189189,Subject_26,Trial_8,2,Squat
2,1,0.014899409530822966,0.025623355280911447,23.77953295962302,21.335954448138487,0.0006565558980328245,95,291,96.07246130457914,99.609375,25.572999859657838,2.2606928065941068,5.196698861929139,49,36.360112659366045,140.78874121966575,36.0010426128852,0.07238220336342381,2.864864864864865,Subject_26,Trial_9,2,Squat
2,6,0.010741623910371085,0.021920797741291125,28.13676498398938,26.55329430643732,0.0004805213031867341,113,277,95.6119703326679,98.2666015625,26.31644953758427,5.623640507106984,14.233390230755669,61,15.076996962732963,53.14358655061001,12.379614504748554,0.02028665515382773,4.945945945945946,Subject_26,Trial_10,2,Squat
2,2,0.0232265059136915,0.03848559494749582,53.16916080363633,46.26719978007347,0.0014811409900259735,129,490,98.1477450527925,98.6328125,50.544772413358324,16.451452255304712,38.936786841296794,29,57.796346580954285,214.79810981997554,63.8732678581225,0.10133088741268105,3.9864864864864864,Subject_26,Trial_1,3,LegExt
2,2,0.015050841391530059,0.021647914153500283,24.775125059307726,23.37395668104618,0.00046863216901675916,116,446,86.2062654250967,83.0078125,46.15992512079782,16.547213219618865,40.599013455897875,26,71.68736631016974,209.7336933744356,66.74882008834642,0.10053747094519813,3.108108108108108,Subject_26,Trial_2,3,LegExt
2,2,0.021809976166557082,0.03735361257058425,45.31623557158831,40.06492621796536,0.0013952923704831888,106,419,95.78046075353531,91.064453125,58.776006572523784,16.669959857289708,40.4790759164792,41,61.76159319385626,271.3632126754404,71.65406255946431,0.13937237439761826,3.675675675675676,Subject_26,Trial_3,3,LegExt
2,2,0.02012519301330982,0.030297598382814355,42.51810440007028,37.51335977680951,0.0009179444460257646,144,545,95.76055599781927,97.16796875,50.30454221054719,17.299805381003925,41.963579880786135,30,62.384289998766825,252.2123908157182,71.09468842761513,0.10669966494891357,3.72972972972973,Subject_26,Trial_4,3,LegExt
2,2,0.017567213068075165,0.028986005367650607,43.370368569435975,38.43706219294846,0.0008401885013114588,143,548,95.3887260420605,93.505859375,46.85554466492554,15.752307182739276,40.766788573053745,16,54.30010709706699,200.39825331286156,62.028362782363374,0.08340278791763397,4.378378378378378,Subject_26,Trial_5,3,LegExt
2,2,0.015057406623682493,0.02278380432736326,31.690149829805087,28.880105904223022,0.0005191017191294624,138,512,89.03072939719772,89.111328125,51.99930597041145,16.912672406497755,41.97369203494292,25,61.43436106442774,201.1586298455926,65.7977281481047,0.09253668824628021,3.8378378378378377,Subject_26,Trial_6,3,LegExt
2,2,0.01550327339932591,0.022879782905030212,28.72165436599425,26.8051597074345,0.0005234843837999861,117,463,88.58437606036833,84.9609375,47.5917153932149,17.121470528754543,41.473762678936204,48,68.33319292115087,216.31817280843342,67.13581250438776,0.11042940823280596,3.4594594594594597,Subject_26,Trial_7,3,LegExt
2,2,0.016273577734417444,0.025690303975025235,31.301851022217782,28.13701590280776,0.0006599917178943583,98,482,90.62161888887107,85.44921875,48.8876064256814,16.625065049093855,43.58184028990406,32,65.73149572759908,186.3464512733112,59.97346298759313,0.08595298608802958,3.4594594594594597,Subject_26,Trial_8,3,LegExt
2,2,0.01370278047468315,0.02078486044849078,25.304601314698147,23.22621290458794,0.000432010422772858,116,454,88.8166055632708,86.9140625,43.106881567743116,15.932961676008288,39.982451263842506,24,67.07396847903392,204.2197627761111,68.00693614997725,0.10365053153838755,3.391891891891892,Subject_26,Trial_9,3,LegExt
2,2,0.013962657642765558,0.02110988042837202,25.534153963842883,23.568966100988263,0.00044562704009315897,120,439,88.40373204960731,86.181640625,47.58104192406838,16.725094466286812,42.781998993349205,35,66.06235447385001,211.8802895140118,67.28426284039922,0.10578761146100589,3.3783783783783785,Subject_26,Trial_10,3,LegExt
2,2,0.024224093354842758,0.03966519844857837,47.36109151915119,40.74492502284552,0.0015733279546153694,114,428,96.4522692539263,100.341796875,39.21653922655323,13.409632970127733,33.909688962544884,17,50.33463978773517,146.75781645120807,46.346323918582534,0.06044449883215925,3.364864864864865,Subject_26,Trial_1,4,LegExt
2,2,0.013403021566104388,0.018712403431667222,23.663242011718793,22.54388227418758,0.0003501540353748966,116,505,86.1688766065074,82.51953125,41.796499426009206,14.562838725141159,35.97921410397476,13,52.367452718457265,154.46426032323242,47.120598327262584,0.06618553375281144,3.364864864864865,Subject_26,Trial_2,4,LegExt
2,2,0.017582859315919373,0.02756423322809889,30.334030171491612,28.027077749575483,0.000759786882618606,112,391,91.55159116157517,86.669921875,41.00396248148182,13.531422146652657,34.51232917759125,20,52.5362576233688,148.61839716330934,48.844707937111025,0.06333937042091901,3.189189189189189,Subject_26,Trial_3,4,LegExt
2,2,0.01884425979129056,0.028674501288622763,33.06798356568321,29.265135455874237,0.0008222269266188673,115,438,94.22113064403851,94.7265625,36.48602892347034,12.571671124865105,32.14701447729453,23,49.30381531062603,125.41611233721743,41.22303727665206,0.04753838714301548,3.108108108108108,Subject_26,Trial_4,4,LegExt
2,2,0.0186002722855237,0.02743164391456944,32.23155120896701,28.774621225705165,0.0007524950836274908,111,446,92.9074366527344,93.017578125,36.69201354371421,12.577834468655144,32.84234334774878,15,52.459965836212895,133.62971083358272,41.47647874453506,0.06060516853914792,3.0945945945945947,Subject_26,Trial_5,4,LegExt
2,2,0.015159097966889641,0.02086700081093364,26.403301821690786,24.163602159222087,0.00043543130542750464,109,503,89.48882610259707,90.087890625,40.70873976602522,13.752570910927144,35.48245426120585,36,52.78091864739581,141.83176560535435,43.90994690101039,0.05048346539447164,3.189189189189189,Subject_26,Trial_6,4,LegExt
2,2,0.019897848206889383,0.03067600893229214,37.74140171554083,33.58756777322928,0.0009410175126961047,105,468,92.77877577933951,89.111328125,38.565930209006915,13.485818535249766,34.75989542803077,41,50.998342828664946,139.9613550112852,44.900285929469945,0.05401074036701103,3.3783783783783785,Subject_26,Trial_7,4,LegExt
2,2,0.014223103873332707,0.021312627222228223,24.42971858191541,22.95608965155899,0.0004542280624658977,102,434,86.23109672033647,84.228515625,41.3397236890018,13.603225274187375,35.12821835523358,38,51.28399456521779,165.61658027303588,49.99965757891068,0.05715648442715849,3.22972972972973,Subject_26,Trial_8,4,LegExt
2,2,0.01314610918174836,0.01961978236595295,34.08519526967845,31.603246472923058,0.0003849358463356747,161,682,89.7869739130097,88.8671875,39.970139278000595,12.721764204852182,34.36022341568041,15,39.65781316376569,167.00978348480803,42.60677875232198,0.05059582246391322,4.8108108108108105,Subject_26,Trial_9,4,LegExt
2,2,0.013589613813728505,0.01896895853473352,25.084264203063913,23.129522710965915,0.00035982135891810636,129,537,89.31708474442192,87.646484375,41.2247259588422,13.632584868019237,35.54215062845718,14,51.60622165922828,148.80408976672783,45.81278595380626,0.06301864485612672,3.4054054054054053,Subject_26,Trial_10,4,LegExt
2,2,0.011469067742763569,0.016901015051963002,18.801786339029572,18.430791862621057,0.0002856443031092927,104,393,85.01896219020868,82.03125,50.185012226269805,16.00229115908868,42.528984710272766,28,65.49107002402928,164.07178576814897,47.951571193834354,0.08924030186844291,3.2162162162162162,Subject_26,Trial_1,5,LegExt
2,2,0.012896485487774596,0.021536382448861965,25.94186431173644,24.477529455796184,0.00046381574654560427,105,393,89.03879103389463,85.9375,43.86625470922879,15.203386378341124,37.5909422354977,29,55.66143532230316,174.9983029631171,54.298328674704536,0.10039743156250569,3.7972972972972974,Subject_26,Trial_2,5,LegExt
2,2,0.01644531184639626,0.02573592837175328,32.29099761029348,29.97980349598038,0.0006623380086438197,133,445,89.58264604236375,91.30859375,35.679555275269784,13.068077249029894,32.35922887373093,23,56.58588626798769,195.65436615926293,55.4372167930525,0.1089655721135739,3.6486486486486487,Subject_26,Trial_3,5,LegExt
0,2,0.009195196716161298,0.014089225883880696,14.588119904250462,14.59277718854798,0.00019850628075145774,93,358,83.94319507617627,79.833984375,42.2087337518307,14.973040665990327,37.799620209394035,18,54.822646634661524,124.28921189867195,37.45544057364542,0.08423480639545998,3.175675675675676,Subject_26,Trial_4,5,LegExt
2,2,0.008519543861892262,0.014254851421166132,14.575555720927946,14.670654530178474,0.00020320076280542232,79,336,82.28855393332748,77.1484375,44.2926328094911,15.51963043884858,38.104276620951474,33,49.33757474060526,145.50081700091872,42.702337005398626,0.07114126745861081,3.445945945945946,Subject_26,Trial_5,5,LegExt
2,2,0.00826551122169251,0.013322601445590684,14.545410904613139,14.456379126740199,0.00017749170493202527,91,361,84.2806640708886,77.880859375,50.58807221428779,16.985343556247116,43.51490987909738,8,51.38010723131956,143.29176884684017,42.133110812728134,0.07956961846489449,3.5,Subject_26,Trial_6,5,LegExt
2,2,0.00829359049981597,0.012786802689873865,14.544447047190111,14.505489784178131,0.00016350213240379035,89,366,84.22050252972473,80.078125,45.35945968181752,16.76518794993657,42.451262143740315,20,58.445095063188084,166.9243188408629,52.44071546919875,0.09123374654246368,3.5,Subject_26,Trial_7,5,LegExt
2,2,0.014537862392568664,0.024706382742247842,29.379710956304017,27.491097784347343,0.000610405347961936,116,387,87.93619188550183,84.9609375,48.490237403725665,17.025984585526107,42.07962328677724,15,53.40475449406023,194.89836621865928,51.93106034116892,0.09929543028337708,3.7837837837837838,Subject_26,Trial_8,5,LegExt
2,2,0.012436902233887132,0.020504067094501054,27.60828382193949,26.117494691162975,0.00042041675365670037,131,449,90.40375161532658,86.669921875,44.14099689004282,17.251949549029163,41.83698341123767,23,51.19789527887566,193.12886642772298,51.94620579363142,0.08772284716192745,4.202702702702703,Subject_26,Trial_9,5,LegExt
2,2,0.01583729126452755,0.02682488821276558,36.23472183974383,33.36917269435955,0.0007195746191141816,112,463,90.2247856912415,90.33203125,43.57348803793291,15.72520863767638,37.37837666283793,12,50.63280920767446,171.0032656000198,45.987303759435974,0.07665868563933395,4.216216216216216,Subject_26,Trial_10,5,LegExt
2,2,0.017003255048987073,0.030081313191230582,34.930482098888056,32.850288754643024,0.0009048853324913192,103,374,89.76958999428106,86.181640625,43.839240704490734,15.153867277509665,37.04220909719759,36,53.24903998178265,182.4103425444265,51.90618460562857,0.0988360596416546,3.864864864864865,Subject_26,Trial_11,5,LegExt
2,3,0.022604996997113956,0.03525066391643098,104.91267706493106,88.34032826472134,0.0012426093064598646,313,1146,100.16589168987329,102.294921875,140.26895706719452,22.10645812168487,55.757355875537314,47,137.300328946107,358.07004514553375,96.80381342229036,0.4395827715245693,7.824324324324325,Subject_26,Trial_1,6,Walking
6,5,0.016010618821184056,0.02420139235265827,125.180810913957,120.51192786705238,0.0005857073860252969,422,1905,87.57158324002624,84.9609375,105.50278411282233,9.62679934327854,18.99662388730155,99,59.21117861170907,252.58315385037577,32.13133412099622,0.12650233443267042,15.067567567567568,Subject_26,Trial_1,7,Walking
6,7,0.01640695311716817,0.025368463203346354,148.22495630024522,142.44516696325405,0.0006435589237353316,461,2126,85.46113661275542,80.535888671875,92.23327660068938,10.46930144313473,23.54781692554466,146,78.12430134007887,306.1772989745465,58.627655276120485,0.1598872195434271,17.37837837837838,Subject_26,Trial_2,7,Walking
2,7,0.04274118298443667,0.0613081103342242,426.8361764747225,342.485099254291,0.003758684389532562,809,3043,104.8401347743369,105.65185546875,128.80059313162695,13.30301543318546,32.842255410340044,99,91.7501707461259,297.6216661340116,64.92135002431621,0.24960462814942977,16.04054054054054,Subject_26,Trial_1,8,Walking
2,7,0.03953605558607019,0.056305715887037325,372.22336571750856,304.2694837903962,0.0031703336415013048,791,2847,104.09064759007197,104.98046875,112.18620892284898,12.720386820388814,29.393796729682414,144,94.21182882565088,277.2856212972526,64.95485384005485,0.23286043809808024,15.405405405405405,Subject_26,Trial_2,8,Walking
2,0,0.021201117415652736,0.04239263132602477,42.051792985477704,35.6602794931279,0.0017971351885066038,106,291,101.79214848049449,99.853515625,48.738472990207896,8.214382660076367,19.928512689535136,23,61.87771472721126,173.68070236777035,42.4415940616107,0.05883289938726229,3.364864864864865,Subject_27,Trial_1,0,Squat
2,5,0.01961230694212392,0.04369295288246877,41.96889488738174,37.753690863588545,0.001909074127483819,95,279,95.80503448964336,94.23828125,43.57130814586145,10.11747236993149,26.840745474699627,28,55.65615822188932,188.174024668109,42.69058931570441,0.07586722778144714,3.8513513513513513,Subject_27,Trial_2,0,Squat
2,6,0.030673777808846732,0.057595759632563595,101.48724527380892,89.07665075689091,0.0033172715080276196,179,560,96.73864238363424,96.5576171875,40.936385626245375,4.662156211365496,8.947717230308145,71,15.600621579344875,75.83927864017734,11.12707549489407,0.03355816219870532,5.8108108108108105,Subject_27,Trial_3,0,Squat
2,5,0.027767722747715193,0.05767822906892277,74.62233656956576,62.25523440037746,0.0033267780768214197,121,377,100.40442351697824,101.4404296875,42.14750631890444,9.919144569613138,26.433751551918238,20,47.89925359861611,172.74940459721034,40.161494838361726,0.06248656119728095,4.486486486486487,Subject_27,Trial_4,0,Squat
2,5,0.023014364675734207,0.049252485497859225,58.6274517525008,50.194329357776304,0.002425807324710407,122,359,98.7584461895038,95.21484375,38.4327094246446,9.428903690226049,25.170163904097887,23,48.17993001923727,159.75413862603438,38.71010789023781,0.06323483971714297,4.364864864864865,Subject_27,Trial_5,0,Squat
2,0,0.019756181656062043,0.04480941139139058,49.99570361803505,43.50311200664862,0.0020078833202968006,106,289,99.5880823333871,97.2900390625,44.26315950905332,7.84744351249037,18.337172395933344,45,50.3651253443274,176.93228067401537,43.70297423262439,0.06354785769425335,4.405405405405405,Subject_27,Trial_6,0,Squat
2,5,0.020012347229488133,0.04199076419158097,55.62484461559946,49.05026305947541,0.0017632242753490449,145,355,98.5017373286514,93.3837890625,45.0380205879615,10.049903556655213,25.853856932913594,29,44.59246381091365,188.51844849909287,37.93423052704983,0.07038075305290155,4.905405405405405,Subject_27,Trial_7,0,Squat
2,0,0.01965304509459481,0.03963204939553563,41.984106068927154,37.301479589540946,0.0015706993262980527,105,281,99.61962288572872,99.853515625,47.14073661680184,7.938729057068737,19.755866705539844,22,58.51475205546003,169.2286344754978,44.39015107771158,0.06546363397636022,3.7972972972972974,Subject_27,Trial_8,0,Squat
2,0,0.02152334173595694,0.04414873701958268,45.0841232874819,40.270172387975435,0.001949110968404683,107,254,96.3755445106638,101.806640625,53.07343354120629,8.210898040522798,20.88573900081725,35,60.007958176338214,225.20334696308623,45.980795280296206,0.06991868584861012,3.7432432432432434,Subject_27,Trial_9,0,Squat
2,0,0.019655995318800645,0.042000837670244935,42.58713138758933,37.307079115083624,0.0017640701913815302,105,282,98.1765463674904,93.017578125,45.26951391466956,7.852933714146398,17.613940332138288,36,57.39730958363798,203.71229922683324,41.88731753781236,0.060527984288752223,3.7972972972972974,Subject_27,Trial_10,0,Squat
1,7,0.13150622644516588,0.4602021927913127,96.07021918629133,208.70038136847825,0.21178605616070328,4,17,32.32375819664153,29.052734375,94.91734339036384,5.424943183679866,8.717376496538149,52,26.2790625124669,84.71091320748604,16.46683631320264,0.1307023498826354,3.175675675675676,Subject_27,Trial_11,0,Squat
1,7,0.08010724966508403,0.21789366692727838,66.21863450631099,124.4065587298755,0.04747764992136155,9,25,42.07129483123478,34.66796875,74.92460303409744,5.215967319883343,8.72672435471972,30,27.052848180819844,100.44721743315047,19.156159609088675,0.12240151271808652,3.108108108108108,Subject_27,Trial_12,0,Squat
6,1,0.0322792805633686,0.062431135736156905,73.655750506825,63.42878630701931,0.003897646679128326,118,374,97.76230177518752,90.576171875,48.84539998360465,12.587058726956244,31.547271793979547,16,52.522413147785095,153.80216094199997,37.25647035044918,0.0927378001747999,3.9324324324324325,Subject_27,Trial_13,0,Squat
6,5,0.027001709423402017,0.05240017794739891,53.68169919479476,45.41687525016219,0.00274577845522766,100,293,98.49809638634667,98.14453125,55.06199877777281,11.711598874477286,28.77813982970823,27,62.49274855904948,187.02401457459155,49.77956463551873,0.09121030925096849,3.364864864864865,Subject_27,Trial_14,0,Squat
6,5,0.019096319134860255,0.03913139522444489,40.96446692725699,35.461864633435496,0.001531266014616029,88,308,95.86397674911922,88.8671875,57.927683288178024,12.071282685538614,28.140367558990167,14,57.78093721921621,173.39325226997045,49.76151269093572,0.09527676777459866,3.7162162162162162,Subject_27,Trial_15,0,Squat
6,2,0.023343570911975586,0.04486347312215804,46.51629630775421,38.77367128479145,0.002012731114191886,100,299,102.74465766375441,104.736328125,68.03068759333868,9.496540704374079,21.11180632345116,22,30.404541198503978,89.00327053914292,18.54411246302048,0.13608570700211772,3.324324324324324,Subject_27,Trial_16,0,Squat
6,2,0.021290171521525434,0.046105278206822316,45.5010509559053,39.96165194590324,0.002125696550964467,88,270,95.47099796537927,93.26171875,68.10490223546584,8.609985331080342,19.75572890589631,47,28.85670122497678,92.1125415212946,18.163026866000806,0.11994781819031328,3.7567567567567566,Subject_27,Trial_17,0,Squat
6,3,0.018756555132221867,0.03686100818105663,39.85340038541342,33.94936478932158,0.0013587338877455162,103,300,103.30257699322618,111.083984375,102.16790527391268,6.228495566587594,8.908057401533222,56,27.464127276431995,156.30646284703423,21.657839646536342,0.19098151677506323,3.6216216216216215,Subject_27,Trial_18,0,Squat
6,7,0.019186587596653027,0.038017432485360755,40.091215803819786,35.24576141505161,0.0014453251010499491,88,315,94.623981598313,91.552734375,86.7910107061166,4.719166600571233,8.404606056077629,52,26.964051117457565,89.81531784133765,16.564020305240472,0.11337122616199156,3.675675675675676,Subject_27,Trial_19,0,Squat
1,5,0.016485195494950457,0.039254344269152794,26.626641324330794,35.509111096123284,0.0015409028855601248,17,207,49.57960993051889,30.76171875,56.2847781168272,12.378684824657771,29.542180614492096,38,53.46034564624445,223.27480811688406,44.35124070319678,0.1027430900783103,4.3108108108108105,Subject_27,Trial_20,0,Squat
2,0,0.033037107959343656,0.05455388484038764,77.38485542207809,66.50369832215878,0.002976126346894251,156,507,98.38101442535736,95.21484375,51.48403889729197,10.400122153514682,25.733379332322016,23,50.88066098748421,130.7096412027656,41.23473150809147,0.056343906925310085,4.027027027027027,Subject_27,Trial_1,1,Squat
2,1,0.023065791344111658,0.04920894682800716,59.80119595297879,50.168096173442855,0.002421520416460148,111,385,99.71613060428936,99.7314453125,67.91808024106446,6.9656331991253575,17.94017625607221,44,57.729927030624665,200.71133104728094,43.91201264014876,0.11674287556371722,4.351351351351352,Subject_27,Trial_2,1,Squat
2,0,0.027755973850102363,0.05008583172866218,64.74560265939508,55.123364066303296,0.0025085904719144214,146,441,100.84709913570322,100.341796875,50.134589072466746,10.054707632959856,24.90321535595652,18,52.58818898814807,141.21008889697603,40.034882458812596,0.05310448432090446,3.972972972972973,Subject_27,Trial_3,1,Squat
2,1,0.026066525827105395,0.04914709904548603,58.02776989905895,49.99559653638815,0.002415437299792271,107,364,98.15406887748449,99.12109375,61.859720481354074,6.606509366175989,17.76268510192103,26,63.132630080838524,240.67315184349226,47.3714833630061,0.1158397751349312,3.8378378378378377,Subject_27,Trial_4,1,Squat
2,0,0.025823711819150892,0.04445507105237198,53.641944003296054,47.07662664631208,0.0019762533224038335,115,387,95.76273796444188,93.505859375,57.14124083200014,11.424686802466077,26.50614743612444,19,61.08036014519634,210.29978849765993,43.95116709432761,0.07816652211593247,3.6486486486486487,Subject_27,Trial_5,1,Squat
2,0,0.025270476481906355,0.05193095173961858,58.097777303742944,49.833379622319335,0.002696823746647928,107,352,99.13815138061429,99.365234375,54.930825672022394,11.02649209346494,25.344795178100846,39,59.068607937949025,243.877550273305,44.66704568667641,0.06890902617832981,3.945945945945946,Subject_27,Trial_6,1,Squat
2,0,0.026392656005084208,0.04925530690556474,63.20858691061185,55.424577610676835,0.00242608525809607,136,415,99.2947633725346,94.1162109375,46.64385963933036,10.497680801119715,25.46802158357847,13,53.420366290881006,137.6982131847699,37.92939416964825,0.055739031769061496,4.202702702702703,Subject_27,Trial_7,1,Squat
2,0,0.028593351293586488,0.05425475212416103,72.08840472981717,61.21836511956867,0.002943578114578395,145,420,102.6627188440378,106.4453125,66.76840993362667,12.450114069855605,29.031038218610576,30,52.52817342307557,199.5697576752619,42.41111239572269,0.08264377940782103,4.283783783783784,Subject_27,Trial_8,1,Squat
2,1,0.03357854386294774,0.06123013615927599,73.57109251066598,62.12030614645332,0.003749129572403246,137,379,101.64889286577218,100.830078125,71.2970789597209,7.360135839560833,17.82975692359143,41,66.2972780072197,183.42350779789328,40.39810360717695,0.12517952808743268,3.7027027027027026,Subject_27,Trial_9,1,Squat
2,1,0.026948204542345228,0.05097892532944957,60.16089419463317,50.58177992598199,0.0025988508273143964,133,360,98.52968184161791,97.900390625,68.333451558142,7.225909436951742,17.650916516943028,32,67.81081175306915,212.74760519787918,44.032672047999505,0.12654103055284638,3.7567567567567566,Subject_27,Trial_10,1,Squat
1,1,0.08201656833520121,0.3254719552827879,61.35298793615384,111.37849979920324,0.1059319846231008,5,15,42.429690293661935,34.423828125,67.7703018895603,13.808538016355001,36.68710080314654,9,68.96560855586887,372.83229164251844,63.97780392221027,0.18233972124455636,2.7162162162162162,Subject_27,Trial_1,2,Squat
1,1,0.20299130395901338,0.6363830028704385,186.66847482925255,361.93349495892085,0.4049833260114544,9,18,40.70243384821373,33.69140625,54.32748036266937,18.37636360990679,47.34299422466056,13,75.77241601717142,316.38069026592774,59.058684036155014,0.1379731568905418,3.5675675675675675,Subject_27,Trial_2,2,Squat
1,1,0.10377215110957805,0.5096617367522276,120.94749813184897,187.82759350833626,0.2597550859017684,6,10,52.05892780483089,45.166015625,68.56114794752021,13.279431903026241,29.486204950263737,43,84.86498297910816,404.02852384281573,83.63818253410808,0.2121716694392649,3.6216216216216215,Subject_27,Trial_3,2,Squat
1,1,0.02723620073154126,0.06082489062921371,20.84495991765634,48.916216513848106,0.003699667274732627,6,28,28.57461693660292,22.94921875,52.67766462829203,16.066658298525514,38.47503782277226,17,70.7470396941574,333.91155005818877,54.877882225977714,0.13081844324171168,3.5945945945945947,Subject_27,Trial_4,2,Squat
1,1,0.02485374929077382,0.07589897322789278,21.40179295411388,45.97943618793157,0.0057606541305709625,2,15,30.151521432901948,27.34375,57.23475840385549,17.823010591534675,45.96201261345008,23,73.63100561216204,317.0618977153216,57.97146079948565,0.1285794369695148,3.7027027027027026,Subject_27,Trial_5,2,Squat
1,1,0.024434723185665388,0.05589550321876855,18.063259213319,38.60686263335131,0.0031243067584898017,2,18,33.11246346275971,29.052734375,50.8107839894086,17.021618569942415,48.030718205213596,7,81.97076499625747,258.84525119203664,51.65638728909569,0.1359702074889012,3.1621621621621623,Subject_27,Trial_6,2,Squat
1,1,0.10305938725504896,0.40603914794406676,96.10338832819973,183.03347176496695,0.16486778963979024,6,14,45.02831901701171,38.0859375,53.58095513132674,17.893454448507143,46.57600250528792,9,78.02647066628896,268.6978563739751,55.462824704457276,0.12865175467634318,3.554054054054054,Subject_27,Trial_7,2,Squat
1,1,0.07937916021405253,0.3226514765510888,68.95843054290587,146.37517143471285,0.10410397506821303,4,6,38.531899837585925,31.494140625,51.81805240380817,18.48522292138592,46.28252766447889,12,73.62638141674708,311.6677126282858,56.726588500449786,0.11746487711464576,3.689189189189189,Subject_27,Trial_8,2,Squat
1,1,0.12733046324221994,0.39266653111964045,119.62367967733951,238.99927950564683,0.15418700461806104,8,32,41.82122568208669,35.64453125,64.87820367308154,16.77591963377261,44.86490416594314,17,87.26202528124482,433.24188539728476,76.16066355964362,0.19902982226994387,3.7567567567567566,Subject_27,Trial_9,2,Squat
1,1,0.168317752727419,0.5829842250518539,165.24125359042932,312.5660668148171,0.33987060661580804,8,19,45.13664393944647,36.865234375,58.39934583574753,18.750140851775488,49.200136020334874,16,81.99444535184138,279.3141213185638,65.55467815083001,0.14262739799634325,3.7162162162162162,Subject_27,Trial_10,2,Squat
6,6,0.025006594617137223,0.050658521324004585,46.55652234490404,40.36064371205948,0.0025662857826658737,93,287,98.38407694266438,102.05078125,67.55387428039295,21.016739688968762,54.1020150840704,31,51.37193293678136,163.7181971410305,52.01643112677742,0.0951674456836948,3.22972972972973,Subject_27,Trial_1,3,LegExt
6,6,0.026949693407234156,0.052095335081671565,48.47393419086215,42.418817422986564,0.0027139239261625286,93,295,96.32056586835289,93.75,65.01652731128412,22.41363430484123,55.69860205156757,22,53.55753674807657,166.422174935853,53.162415831923056,0.10419954297215729,3.1486486486486487,Subject_27,Trial_2,3,LegExt
6,6,0.032816268303897764,0.05976094306821872,80.2645144707364,70.91595580472307,0.003571370316189337,159,421,96.9898973815436,96.3134765625,54.14877005006755,18.981361397990884,45.9536334377043,34,37.135970624388754,160.9923097630043,41.003521580682325,0.062485528932261364,4.324324324324325,Subject_27,Trial_3,3,LegExt
6,6,0.038641591223669294,0.06928278756091621,83.73735773920437,72.29841717948526,0.004800104652114456,136,384,97.42028107212079,94.23828125,59.64227129919095,20.88727916042609,47.278500974691305,19,43.231603922795685,169.40973372367682,52.468957578771196,0.08230826436386392,3.7432432432432434,Subject_27,Trial_4,3,LegExt
6,6,0.03748259244536883,0.06485800679969671,85.25872757743979,72.41636860445257,0.004206561042210494,147,425,99.89766325141255,99.12109375,66.12863158549085,22.74879343040187,55.00744897725738,15,44.93185955641777,183.8754205074416,55.8936694711597,0.09516525011007337,3.864864864864865,Subject_27,Trial_5,3,LegExt
6,6,0.0243999562722344,0.050021012114679096,57.28659847722841,48.11671376884623,0.002502101647188147,112,329,99.80934098701664,103.759765625,61.29816151039805,21.764151248209043,57.270942855349084,11,43.15232978043707,177.97835340632042,52.09885531549654,0.08114953028590718,3.945945945945946,Subject_27,Trial_6,3,LegExt
6,6,0.03773820807333997,0.06691190841114959,85.32904341159994,73.929149615673,0.004477203487025807,142,429,95.73289711137107,98.6328125,58.40200625138439,21.880145181017784,50.534541895712955,14,42.7351893567505,165.42677241018114,52.620542437928734,0.09172585861342765,3.918918918918919,Subject_27,Trial_7,3,LegExt
6,6,0.032370112360422226,0.057645027955907216,64.20489965130655,54.86734045091567,0.0033229492268733044,128,366,97.85828455618605,96.923828125,62.57292407895733,21.98412669075047,54.39171320778329,15,50.1487315216202,171.46991509531279,52.89950407600798,0.09310613951731937,3.391891891891892,Subject_27,Trial_8,3,LegExt
6,6,0.027909047783155068,0.055128141988965894,54.363408993740705,47.864016948110944,0.0030391120388346938,97,307,95.11862477618318,91.796875,65.31256785686111,21.4256384681961,53.75550468216672,30,48.65661076748217,167.45352587167025,49.39328728765009,0.08630802088790093,3.4324324324324325,Subject_27,Trial_9,3,LegExt
6,6,0.028489253439971992,0.053600130004354554,55.809822424807116,47.91892428603289,0.002872973916422008,112,326,96.91587708430532,94.482421875,60.92399386842412,22.0736903467553,55.4226962647378,16,49.43879615415594,167.9426733125683,52.42951052336743,0.09319127887436049,3.364864864864865,Subject_27,Trial_10,3,LegExt
6,6,0.0030657393313459334,0.0059876742436730974,5.2435434417375255,5.009418067419255,3.585224272981815e-05,61,261,89.69992616788629,89.599609375,57.75621608592431,19.07028251950853,50.86823585028939,34,43.78461282320423,144.28531044657038,48.05795407558501,0.08885753655039005,3.27027027027027,Subject_27,Trial_1,4,LegExt
6,6,0.004076955099347959,0.007699576818684057,6.49989143353158,6.55166684465217,5.928348285449289e-05,53,251,83.27375101566699,80.078125,61.22014150758924,18.5915965792616,45.19956396239988,23,42.2366521121983,134.71464774013478,41.429613909658165,0.09189467032524658,3.2162162162162162,Subject_27,Trial_2,4,LegExt
6,6,0.0027568225940913004,0.005456011609377107,4.758627469715835,4.488107183180637,2.9768062529076647e-05,61,257,91.35411993636926,94.970703125,58.74584319908722,20.63487209412492,53.54547261285899,31,43.53678607199659,139.94934913015476,44.01298558156929,0.0860695794139498,3.2567567567567566,Subject_27,Trial_3,4,LegExt
6,6,0.0027098245759225796,0.005485430971485834,4.763289363122269,4.557924936701779,3.008995292743837e-05,56,252,88.58603227283801,89.35546875,62.21279255509389,20.65426697008266,53.72744118203028,38,42.633852875462324,146.36455750611108,46.52093190226326,0.1205080381930299,3.364864864864865,Subject_27,Trial_4,4,LegExt
6,6,0.003976198498489393,0.008358350648867731,5.5494359462764296,5.423534751939533,6.986202284153356e-05,48,206,86.9616472599706,80.810546875,58.522830806686954,21.177709566864717,53.72979199566691,24,52.07342450345641,147.05013615876743,47.32217706340729,0.09899740006650562,2.72972972972973,Subject_27,Trial_5,4,LegExt
6,6,0.0025287762759177187,0.005322012377602289,3.855872442700673,3.8260385054635084,2.8323815412379944e-05,43,210,85.084869371367,82.275390625,60.07678665215802,19.522737620606065,51.74242172255186,16,46.33115592081138,154.33743598909848,48.3803904355759,0.0858637735295407,3.027027027027027,Subject_27,Trial_6,4,LegExt
6,6,0.0027090955925390646,0.005780246943972111,4.298232579038679,4.280371036211722,3.3411251852453744e-05,46,198,83.0996617154223,81.298828125,60.31540539465396,20.123510416577712,52.52931259074504,22,45.56452161154445,163.55363980624796,49.68144466844183,0.10837819030114117,3.1621621621621623,Subject_27,Trial_7,4,LegExt
6,6,0.0031929092556658017,0.00639841519388526,5.39317024411697,5.153355538644604,4.0939716595469347e-05,69,236,88.7421489097154,87.646484375,57.30228566309972,20.44701079471451,51.65782473643141,25,44.58966065545974,166.66127203926231,50.2543976327828,0.07889255055414895,3.22972972972973,Subject_27,Trial_8,4,LegExt
6,6,0.0029842700034143424,0.0055880134728518134,4.695214167548658,4.736036495418562,3.1225893234910354e-05,66,241,85.76501782203104,85.693359375,56.6925808170748,20.291079062147215,53.57193083037242,28,46.3902893475373,166.77815825999386,50.71872942409476,0.10628029161399631,3.175675675675676,Subject_27,Trial_9,4,LegExt
6,6,0.004169281470080516,0.007405177317059423,10.857342056050076,10.277278823748471,5.483662810054397e-05,115,469,88.86733375063743,84.228515625,62.02311850218479,24.10150944418348,54.06716577064459,13,38.230009220823625,173.24610163955455,48.2772621122149,0.07371924174418294,4.9324324324324325,Subject_27,Trial_1,5,LegExt
4,6,0.005321165698623458,0.00915557414672107,10.772740165720293,11.286192446780355,8.38245291841406e-05,89,345,77.13497308359614,73.3642578125,64.03620001922039,24.97865528543238,57.66966156904703,49,49.84907988225827,191.54061041615392,58.89722884507123,0.11765307846121263,4.243243243243243,Subject_27,Trial_2,5,LegExt
6,6,0.0054183957899116095,0.01057690067633384,12.319611785586218,11.454488699873142,0.00011187082774277828,78,375,85.22659671906155,78.61328125,61.25007024258578,25.255976086346443,58.64858997555205,41,50.188866114255035,206.255085941008,61.80644501444294,0.11416189501339287,4.22972972972973,Subject_27,Trial_3,5,LegExt
4,6,0.00660500977604518,0.010583961712936392,12.30760376979061,12.939214151272507,0.00011202024553690616,83,357,76.39120305599535,71.044921875,64.51979867408235,24.123841748476558,56.28504600847217,34,53.345773192580836,172.4501803211179,55.896468528493244,0.11993930951974445,3.918918918918919,Subject_27,Trial_4,5,LegExt
6,6,0.006284171144003301,0.011126189691792158,12.315910450061612,11.588011589542088,0.0001237920969452441,105,340,89.60288209059442,86.669921875,63.709149333094636,24.241973105301955,57.013804584369616,25,52.267441063878266,178.67696387859473,56.40124265323124,0.10324900652994246,3.689189189189189,Subject_27,Trial_5,5,LegExt
6,6,0.0037535329368262047,0.006819330838320289,8.033429246912025,7.353171023242535,4.6503272587975465e-05,91,376,92.7236078868661,91.30859375,65.750057299631,24.61269610095879,56.30987000568968,9,49.79425115082013,185.70811290593676,55.14125421950958,0.08172587754960098,3.918918918918919,Subject_27,Trial_6,5,LegExt
6,6,0.004428069991104641,0.009394321096738925,8.829397142524922,8.820715422280445,8.825326883929797e-05,64,307,78.69416424928188,73.73046875,68.16422743744131,27.34126944110693,61.995362339237815,32,51.092179901125334,194.79331740882316,61.412086138060104,0.10918344999293318,3.9864864864864864,Subject_27,Trial_7,5,LegExt
6,6,0.004751722453390143,0.008693354992097755,9.718682815718942,8.985507159360761,7.557441968896363e-05,85,365,88.31367272707475,85.693359375,62.336600689676345,25.302393181230226,60.222049301149745,37,53.01281529053198,181.1162746577604,55.43125378192691,0.11489052293632182,3.7837837837837838,Subject_27,Trial_8,5,LegExt
4,6,0.006627226846220162,0.011781258530854889,12.040019158788546,12.127825128582895,0.00013879805121291676,75,288,78.97426832793619,76.416015625,64.68898062069509,25.29224163969954,58.715069861204185,21,56.479714918894956,206.69778784685658,63.88711298626352,0.11088112936704114,3.6621621621621623,Subject_27,Trial_9,5,LegExt
6,6,0.005972193976677122,0.011259102032735538,12.062479788688007,11.818971879844025,0.00012676737611953833,81,330,86.35262270091904,84.9609375,68.43111620782489,26.080239541895793,59.03987443538594,31,53.44687024981275,204.4085790676638,64.54365539722187,0.12685986045504777,3.9594594594594597,Subject_27,Trial_10,5,LegExt
6,6,0.004695251641247509,0.009111360091595315,9.290295899821114,9.038359409401455,8.301687917279951e-05,80,316,85.11168373278605,81.54296875,68.7013096491523,26.52052835694634,61.96951466865311,46,54.177885663441636,203.87200471816445,62.856716049105216,0.10984276269664549,3.8513513513513513,Subject_27,Trial_11,5,LegExt
6,6,0.004910979414043271,0.009242757209216986,10.501247821024162,9.8170478486725,8.54285607456881e-05,90,373,86.26530378461374,82.03125,64.68515873096678,25.711002035008462,60.01090611334254,51,52.56909766109096,203.50612530412374,61.877411721996936,0.11232496181503424,4.0,Subject_27,Trial_12,5,LegExt
6,7,0.01868760184330889,0.030372992894472203,134.04803123516052,108.61234191331127,0.0009225186306011674,442,1651,104.75597459912854,107.2998046875,141.47325647368748,15.494882611469896,44.914655107592274,66,105.98042817047927,312.1809181248116,74.74289060453962,0.26213988417916684,11.635135135135135,Subject_27,Trial_2,6,Walking
2,3,0.02040046839473601,0.03293961604325154,165.59707045182034,143.23168859944153,0.0010850183039084196,494,1845,98.77927567557296,98.388671875,157.3678721387624,18.167283451833015,55.257742766289674,71,95.38011111315227,373.00616280018187,88.03182313539484,0.3047084958729319,14.054054054054054,Subject_27,Trial_1,7,Walking
6,3,0.024723384900005686,0.03756150390295636,215.31656455668048,168.7371019425388,0.0014108665754456952,635,2316,108.31160621093295,108.70361328125,122.4538014137498,15.419142224771125,38.50470962576457,168,95.44200453211569,358.2258642583571,85.22824752155931,0.2745076674115317,13.662162162162161,Subject_27,Trial_1,8,Walking
2,0,0.02245505309255053,0.039782237168799875,44.66914514845121,42.754421088216205,0.0015826263751466594,96,360,87.94273885510113,83.0078125,33.88750774773464,9.88283611811908,26.992448118519185,12,49.70612390847031,112.71359225358026,31.95657727569837,0.03469047291864729,3.810810810810811,Subject_28,Trial_1,0,Squat
2,0,0.01920700421311692,0.032768091332304565,40.58685498552642,36.83903408075825,0.0010737477566256082,130,408,95.10286669067318,92.529296875,34.76778306727457,10.289234521800067,26.42699558850957,21,48.34295333098116,108.84692718472353,32.249562646254454,0.03369215210537686,3.8378378378378377,Subject_28,Trial_2,0,Squat
2,0,0.024250670232862075,0.0411377495023518,49.47392085238473,46.17327612336939,0.0016923143886996312,125,406,92.79092885381733,92.529296875,35.0738360206796,9.546802336493473,26.116156403080904,20,48.84115279415335,105.46718332539564,31.421364667660335,0.03503172747500418,3.810810810810811,Subject_28,Trial_3,0,Squat
2,0,0.025091458496883802,0.043209724259901446,51.94966784714964,47.44794801760727,0.001867080243517305,112,402,90.1729589202763,88.134765625,37.04569903150454,10.09263660671477,25.85967035820376,20,50.86000353102073,124.83342614160456,33.39202707912841,0.03552125171864735,3.7837837837837838,Subject_28,Trial_4,0,Squat
2,0,0.025224087291241384,0.041362917359794596,44.21800328746687,42.07377760179063,0.0017108908394651615,99,366,92.0201364837582,88.37890625,43.10507514166497,10.261170347502766,27.257106083135476,30,54.611937540318436,135.8018648602556,31.658801740555276,0.03376650935836961,3.3378378378378377,Subject_28,Trial_5,0,Squat
2,0,0.01882987697771732,0.034685952381778455,39.90079943675292,37.26432653890257,0.0012031152923332267,122,343,92.01477431980884,91.064453125,40.40873694339987,10.137502940970602,25.604834095393247,22,47.2190115352252,106.8806110875204,34.96293391730968,0.034752050580443616,3.9594594594594597,Subject_28,Trial_6,0,Squat
2,0,0.018143698900852597,0.032030298453709784,33.47498312011065,30.880575529251118,0.001025940010875586,106,347,93.27174312142117,90.33203125,43.60359301166201,10.589860689683523,29.122789978551992,20,51.053744985219936,107.08982673863672,32.366742962484004,0.035848962170888024,3.4054054054054053,Subject_28,Trial_7,0,Squat
2,6,0.01533581435307285,0.032115384545753654,36.54984859159915,34.27554507911782,0.0010313979222292963,106,293,87.64735139888113,87.890625,42.58747614809488,7.252133126436254,15.987774636784444,28,17.87946412339356,55.5872642200375,14.640464825548683,0.03718044791578077,4.472972972972973,Subject_28,Trial_8,0,Squat
2,5,0.029100651482759497,0.049150019119122396,58.896752765129406,48.94729579400148,0.002415716940737975,138,420,102.65776743390393,106.689453125,38.89274653062917,7.419400769604826,19.319654382650892,33,49.80713112623032,148.68750802696266,39.211455037646054,0.10037854574166151,3.364864864864865,Subject_28,Trial_9,0,Squat
2,5,0.013231773775415578,0.026559205718007333,25.51527968107341,25.28591968481917,0.0007053913990572405,91,267,81.9068980938021,76.416015625,37.893702691420955,8.307523939256708,22.844911843099325,27,47.001846667909646,112.7250927574806,33.62023313788948,0.08502253318241432,3.824324324324324,Subject_28,Trial_10,0,Squat
6,0,0.01615080960239973,0.02832813165987705,43.84944879146242,38.503530092120954,0.0008024830394525998,156,519,100.80407117853345,99.365234375,34.91672946643518,9.948011417201036,26.87822600303336,13,42.904530841181305,105.39426305314639,28.810503330891915,0.038661810659271954,4.77027027027027,Subject_28,Trial_11,0,Squat
6,0,0.016120371586286403,0.02793442663004361,42.611428174629935,36.80280833149186,0.0007803321811481961,155,491,98.2333933529682,98.14453125,38.59126994474732,10.725238031353395,27.443364990597818,10,42.98823747206591,108.52579834060093,26.286173695085356,0.04449530420662444,4.5675675675675675,Subject_28,Trial_12,0,Squat
6,4,0.016388430301594092,0.028583527385796375,42.91775185382132,37.070629342205834,0.0008170180355255041,155,466,102.00710455063165,99.609375,38.841352119172626,8.378615329282262,23.04132724663711,11,44.80280527381909,112.35297748229574,26.524271398350248,0.03559613307783919,4.527027027027027,Subject_28,Trial_13,0,Squat
6,0,0.018224629638195475,0.031868245077442584,49.76135306259908,41.84374964929681,0.0010155850339050334,149,536,101.16442230508692,99.4873046875,43.697333307392334,11.925807600779809,32.262820988362336,18,41.77456211477919,108.75989427069062,26.687409129029913,0.040733951983465314,4.594594594594595,Subject_28,Trial_14,0,Squat
6,0,0.020547092705095832,0.03324660421397437,50.697546937553916,43.29272432963692,0.0011053366863853352,142,526,101.56336469830684,104.4921875,37.97555769411647,10.791908878847238,29.29904164866167,16,44.8982119723614,105.37216822395156,28.80520481018265,0.04448649614534651,4.216216216216216,Subject_28,Trial_15,0,Squat
6,0,0.01944496212807338,0.03236310055849056,45.54510001362737,39.0065940289152,0.0010473702757311525,148,500,99.90156091550499,99.365234375,39.23274783180054,10.646698525715763,30.199830755667485,13,47.841899735227464,99.19860660217451,27.656937402804562,0.043999944364582294,4.013513513513513,Subject_28,Trial_16,0,Squat
6,0,0.019191055230278167,0.030866221798728513,43.11558202360076,38.631594178549946,0.0009527236427115653,142,501,92.83725889199894,89.111328125,35.64802284133159,10.597416345169686,30.45846866378246,13,43.76391274616895,98.41736873848403,24.6176621608636,0.03844586308709054,4.027027027027027,Subject_28,Trial_17,0,Squat
2,0,0.017166050822452057,0.03194291796355295,34.75705470208878,32.34083974949967,0.0010203500068235788,111,310,92.69285732302875,89.84375,39.88935074204307,10.375032916929129,25.96457783238307,18,49.03960151085601,120.06269997971323,34.99769512539441,0.03717128119113534,3.77027027027027,Subject_28,Trial_1,1,Squat
2,0,0.023392451597480674,0.03946266499268236,47.85963331338165,45.82581267946464,0.0015573019238233898,111,365,90.78472511832902,89.599609375,39.568119060580706,10.390941548242628,26.903654633975183,30,48.51855795016445,110.93403811799655,33.04698955046059,0.03281948348707054,3.918918918918919,Subject_28,Trial_2,1,Squat
2,0,0.024785177733140252,0.04021890093716883,43.261163494798126,41.34167645887794,0.0016175598198182942,97,338,91.03781958967659,91.30859375,34.163448703283755,9.761269752612217,27.674315134503388,17,50.13152838050354,103.93273745000381,32.344310520650836,0.03568251184176682,3.3378378378378377,Subject_28,Trial_3,1,Squat
2,0,0.019833628843786612,0.037419322385058684,40.34233202400158,37.64422754550699,0.0014002056841229404,102,363,90.80089020196321,89.35546875,35.170508290527465,9.536759984013008,25.2833810711661,21,50.03996859819,104.21104953358042,32.890766165551526,0.03641809702280229,3.7972972972972974,Subject_28,Trial_4,1,Squat
2,0,0.014258191050852832,0.028749583858997722,30.00887236079867,28.40231657329884,0.0008265385705519005,108,261,90.78592418839908,90.33203125,37.505831824054596,7.101026874068895,21.882010305424934,62,43.09721134953232,106.01904187137808,38.2570985061682,0.03690010249324452,3.9864864864864864,Subject_28,Trial_5,1,Squat
2,5,0.015799457320957406,0.02811917073972876,29.93786105768265,26.780080159022805,0.0007906877501617372,114,334,95.09242979087189,92.7734375,37.30628992180563,9.74410048098725,26.085725463942627,24,50.495858977074946,151.79784181659159,37.15431551530208,0.0989602581321296,3.391891891891892,Subject_28,Trial_6,1,Squat
2,0,0.015185806369669446,0.032018567302360905,37.495710811979365,34.86661142476105,0.001025188637528586,119,308,91.5709843418421,91.9189453125,43.076881121993836,6.628347908896233,18.365853083971192,84,38.966706584904536,143.93133357182296,41.89880595604727,0.038293485010254265,4.594594594594595,Subject_28,Trial_7,1,Squat
2,6,0.012865411366389178,0.026830738396051837,27.59515566485954,26.669997762524766,0.0007198884069392767,92,249,83.36203314625776,83.251953125,31.072046383396756,8.189659588804897,19.779775050747414,53,20.058376465160812,59.096536042582436,15.869873425071992,0.038069441761012075,4.148648648648648,Subject_28,Trial_8,1,Squat
2,0,0.011339021983482737,0.02601560647962544,22.90453377122399,22.58733179109761,0.0006768117724465438,67,214,82.30400151511043,74.951171875,39.321275009506124,7.233353596141743,21.341275088519545,52,43.33536122147409,123.99792481593845,40.527380240512606,0.03929244621937473,3.9864864864864864,Subject_28,Trial_9,1,Squat
2,0,0.012427956027885559,0.026030522033415694,29.56913131889909,28.534587040025244,0.000677588074202958,126,297,84.83082626156092,83.8623046875,39.613643247024896,6.932717144997191,19.352377394214184,81,39.01502709254066,139.8095856862062,40.85046053560156,0.038435646397757414,4.594594594594595,Subject_28,Trial_10,1,Squat
2,0,0.017551745655722206,0.03336578029910189,32.06595709350806,29.627346666859083,0.001113275294426948,113,287,88.58166070047938,87.158203125,37.90100053019958,7.365489804831161,20.438465703592346,52,50.669000044074984,116.36619700557868,39.305550131987346,0.045111972031430324,3.3783783783783785,Subject_28,Trial_11,1,Squat
6,0,0.01835544464723049,0.032443285850739266,46.38257756451375,41.02441878656015,0.0010525667950416577,135,480,98.12037915322908,97.412109375,40.04573342561382,11.218014838570694,33.00073634005929,6,43.52766946850228,142.77844636773966,28.7150815306132,0.04117701693344786,4.472972972972973,Subject_28,Trial_12,1,Squat
6,5,0.01747354448715433,0.0314726695475263,40.53445381550175,35.2790863195646,0.0009905289220594974,122,420,101.43309569902233,100.341796875,43.14983065940386,5.785758809754363,12.271383399193358,49,55.06115539530459,131.83946242787718,31.354854959581548,0.06693886206190024,4.04054054054054,Subject_28,Trial_13,1,Squat
6,5,0.014897663591517677,0.024993365100349104,33.47772861240441,29.378192602472858,0.0006246682948367852,119,454,97.48429451826992,96.6796875,47.1364630964328,6.116103845162875,13.370525093856427,38,53.326835901972466,178.97948823369987,31.465080279540473,0.06345164314245845,3.945945945945946,Subject_28,Trial_14,1,Squat
2,0,0.015746395403488603,0.029614627252727926,35.39207812576928,32.12264662311675,0.0008770261433596983,125,350,95.36986459240171,92.529296875,37.02353582620064,8.767568622910245,23.764152622979687,32,43.118018287428974,99.24295037145713,31.824781346872356,0.040930824067288034,4.081081081081081,Subject_28,Trial_1,2,Squat
2,6,0.02344989579843883,0.041400446934474255,48.027712889468035,45.14104941199475,0.001713996297659592,131,346,95.45088517954078,94.23828125,38.27032224729726,9.430374824163016,20.795691232662346,32,22.610383310257657,73.16518997505237,18.141525549325493,0.05469039530246493,3.8513513513513513,Subject_28,Trial_2,2,Squat
2,6,0.022137735161005468,0.03916128852528004,42.23278717178293,36.92574224855712,0.0015336065022493546,115,340,99.50757397917704,101.318359375,38.12395379866252,8.804661590257155,21.11703289901236,24,23.565182477665648,55.35695946294608,15.139357983143842,0.057332285361529525,3.3378378378378377,Subject_28,Trial_3,2,Squat
2,6,0.021836754569220976,0.035993151664531674,45.94871722623602,40.98758832642777,0.0012955063732607572,140,396,98.28524946976614,99.365234375,34.756887284983605,8.810467321441399,18.07896377255637,29,21.43823860559445,62.353170334007736,16.3024931279034,0.043937127441251216,3.7567567567567566,Subject_28,Trial_4,2,Squat
2,0,0.02105498275063127,0.03629164045185952,38.31376323685094,35.68819576232,0.0013170830254975482,104,354,91.80707725956344,89.111328125,37.9739412735187,9.60681450495432,27.673379858830604,23,48.837344846723,106.19321748191167,36.09702862173742,0.03619951919917398,3.391891891891892,Subject_28,Trial_5,2,Squat
2,6,0.02537831544499764,0.04053071867539465,47.84504805329706,42.68632657848603,0.0016427391460978494,115,403,94.65355202586449,88.8671875,35.948761551519794,8.404210446230806,19.280755173496065,27,23.645213073055565,69.01938485836293,17.062667616306936,0.04154100754629824,3.364864864864865,Subject_28,Trial_6,2,Squat
2,6,0.021044887750542418,0.035650336780188994,39.144459048976984,35.25018698215855,0.0012709464005107459,123,345,95.48471983318127,93.017578125,40.05268887415937,8.65822612937524,18.227935711542354,23,24.617882074280647,68.64616741041749,16.373217832993813,0.04590373966003335,3.3513513513513513,Subject_28,Trial_7,2,Squat
2,0,0.02357873748624325,0.037663668426025365,41.112423105819616,37.25440522826433,0.0014185518762404798,111,365,95.81681296022315,94.7265625,35.68691534467538,9.20612397126346,25.722418633309083,21,51.988201584998706,112.07027449863249,34.39321369120264,0.03908381687010012,3.1621621621621623,Subject_28,Trial_8,2,Squat
2,6,0.022764710945263177,0.03654123578754673,39.03278765309678,36.90159644227161,0.0013352619114300433,115,357,90.5501657219882,87.40234375,32.41263712560408,8.779670737119108,19.897095888301084,24,23.591016193384068,58.125974329964386,16.5218373547502,0.0460554791175641,3.2432432432432434,Subject_28,Trial_9,2,Squat
0,2,0.018446383887125117,0.029332527843525576,34.174920601303896,36.37626902541073,0.0008603971273702422,86,398,73.9859149333225,64.697265625,43.929140404829724,14.819591357492047,38.715228190513244,13,45.44136904647053,102.96966058117977,28.874551780998196,0.052156710300075466,3.945945945945946,Subject_28,Trial_1,3,LegExt
0,2,0.015994818422060905,0.02780152992916747,35.885302565608946,37.4758595628887,0.0007729250658501826,84,404,77.9474857372294,73.486328125,44.87272162592126,15.104575443849663,39.13852904642771,47,42.62996635388966,105.72816592777976,28.779759520122308,0.04623192389523535,4.6891891891891895,Subject_28,Trial_2,3,LegExt
0,2,0.015059877424745533,0.025259702429373258,35.36030778303892,39.4568788528333,0.0006380525479988897,107,428,73.62841395030964,65.5517578125,48.83291381313714,16.41698415937892,43.52206379024117,21,40.27196038959713,120.98013309557984,32.54139676532929,0.055352413511504814,5.243243243243243,Subject_28,Trial_3,3,LegExt
0,2,0.017727257833743373,0.02899018813263651,36.5873164549716,40.577693181438576,0.0008404309409176074,99,382,74.1213659828585,69.2138671875,50.854223125802385,15.83617903693548,42.14341778970546,31,44.749818780916904,121.37325676735693,31.14821743310654,0.05708968193458014,4.581081081081081,Subject_28,Trial_4,3,LegExt
0,2,0.015681062231791675,0.024662339479620494,30.36529823909518,33.03999812238506,0.0006082308835550284,112,402,74.0511201069649,67.0166015625,51.10763190478566,16.56058289007835,44.90627043453464,22,46.52438537993592,129.73100015740897,33.734682579311716,0.05664822856063989,4.216216216216216,Subject_28,Trial_5,3,LegExt
2,2,0.01782886065467463,0.02678306235751965,37.53931039293455,36.24607371095352,0.0007173323079318745,135,488,87.66228160528276,81.54296875,45.76800993124858,14.657554468464227,39.16767084654717,23,46.22292452306845,121.66992233043834,31.725304585705224,0.05631225874392773,4.0675675675675675,Subject_28,Trial_6,3,LegExt
0,2,0.018714875099847924,0.030536855756479478,35.841108033437706,38.421638579987786,0.0009324994194279708,91,352,76.61360989615062,69.82421875,50.1064103267043,14.873968599218305,37.90001119946526,15,46.20927651852528,126.37696935056478,31.909249564152987,0.05624278912882661,4.108108108108108,Subject_28,Trial_7,3,LegExt
2,2,0.019384979360965667,0.03089536597830467,38.89743510990949,39.4096630408432,0.0009545236387227188,98,424,80.90063201213525,75.927734375,48.8236636757281,15.354549722256456,39.2085689925701,20,46.04819595301612,140.4178242240598,33.59070985608288,0.0649849943231301,4.0675675675675675,Subject_28,Trial_8,3,LegExt
0,2,0.014521506908699055,0.026428975863088303,31.2007881501018,33.73346054890791,0.00069849076502822,87,355,73.06119688305235,65.91796875,43.96425308413855,15.119826247066916,39.940885777344015,17,41.17444130331868,120.56060194783323,31.135106124299966,0.046116758445998045,4.648648648648648,Subject_28,Trial_9,3,LegExt
0,2,0.015242328227829957,0.02520476719642436,30.669908252796446,32.32897817122734,0.0006352802877773112,83,396,76.95111612430289,72.8759765625,44.051328447887364,14.291332780915116,38.06046244075224,34,45.23066096111326,106.64655183059524,30.248374732761235,0.050048874417620515,4.243243243243243,Subject_28,Trial_10,3,LegExt
0,2,0.013161563769733577,0.02028959489423801,22.48671621543611,23.99353075222431,0.0004116676607017552,99,339,77.52717330987412,74.21875,34.98139449495045,12.25210347390042,31.113401563731117,24,44.41317142983781,161.35493307046633,41.28715814344914,0.07308516356705252,3.6486486486486487,Subject_28,Trial_1,4,LegExt
2,2,0.01401457693651532,0.023482274886139146,32.005822388054995,28.491634911935645,0.000551417223510598,127,443,94.40437496507482,89.599609375,39.08781742199101,13.166274164910828,35.13793478033024,25,40.0896519835266,98.35695457180883,26.12000991819405,0.042304927527544924,4.0675675675675675,Subject_28,Trial_2,4,LegExt
2,2,0.014558267236923508,0.022497298612699633,30.489951908075692,27.922756560419288,0.0005061284441153803,111,483,92.16246803359513,87.890625,39.743750355175536,13.887912250875525,36.64371310029557,17,40.6155402228436,120.24697496874484,29.072899878854845,0.04685695169167591,3.8378378378378377,Subject_28,Trial_3,4,LegExt
2,2,0.01360714429041412,0.021128126698980617,30.64183213746584,27.105431426504925,0.0004463977369964796,156,504,96.56537183508689,96.923828125,38.38993799825921,12.956774273683926,34.29385091706957,32,41.39717492149987,108.54010326230403,26.6684371972661,0.04446551058171321,3.9864864864864864,Subject_28,Trial_4,4,LegExt
0,2,0.01732539061073518,0.025780272962966817,27.09458729388883,29.245259350920985,0.000664622472680197,100,343,76.13536940638511,70.80078125,37.20054359489723,13.149308675792314,34.55987824874205,20,47.133037422459836,114.23814367900141,31.84480160304549,0.05441301122227298,3.3783783783783785,Subject_28,Trial_5,4,LegExt
0,2,0.0163986306501823,0.025856229007006997,30.956276472487062,32.56768047126205,0.0006685445738028679,99,348,79.58435053542486,76.904296875,35.55528963365113,12.887964989595716,32.53467585729737,37,40.29085394817034,104.99497253039205,27.56066636260427,0.049133447436525216,3.972972972972973,Subject_28,Trial_6,4,LegExt
0,2,0.01516299009729812,0.024949912673296364,30.170684751679104,33.176622332888286,0.0006224981420051806,102,343,75.81118799275477,71.2890625,39.36385369800664,13.159768814903765,33.566293390334295,42,40.264949664418815,103.80995460652933,26.409751585919967,0.05470741498085913,4.378378378378378,Subject_28,Trial_7,4,LegExt
2,2,0.014321959816559968,0.021311428376048224,31.074629187898598,28.443412195688097,0.0004541769076572875,141,539,89.75388858744613,86.9140625,35.511807386690656,12.946481269367869,33.22665910463333,17,41.04944555947815,112.79734159876668,28.67430081268166,0.050885804818143504,3.972972972972973,Subject_28,Trial_8,4,LegExt
0,2,0.01437813529306892,0.022578986861203867,28.02723565360167,29.02945515670615,0.0005098106467832698,111,370,80.73716518937555,79.345703125,36.53098256924106,12.674646264615056,31.26209217545118,28,41.22221114215525,105.13303515604154,27.109755526013362,0.049600501203611036,4.04054054054054,Subject_28,Trial_9,4,LegExt
2,2,0.01600354104469695,0.02618192989900387,41.01288401957859,36.31203463041738,0.0006854934364678314,174,503,97.79453697209212,94.3603515625,39.218712624368244,13.592497421967527,34.862576857732385,32,36.70027395647181,112.44328565278417,28.375825009271377,0.04681986530947167,4.54054054054054,Subject_28,Trial_10,4,LegExt
2,2,0.012214104252341314,0.018636364384643198,27.228861355414082,24.916772674776283,0.00034731395210136446,165,527,92.45122993224155,91.30859375,37.740536353274685,12.514965993199015,31.563016535384232,27,38.07546582717369,84.91361245704933,21.723569012377418,0.03783282369896967,4.081081081081081,Subject_28,Trial_11,4,LegExt
2,2,0.012463925909162137,0.01905954378948159,25.84088309524349,23.993057375137113,0.0003632660842165403,150,485,90.99572051832844,90.087890625,40.01805387108005,14.02268016388334,38.01244594343076,4,43.606606247888706,81.91767799990029,23.317801770536065,0.03985852786497748,3.8513513513513513,Subject_28,Trial_12,4,LegExt
0,2,0.01813803423736302,0.031197168495280207,38.80087545881493,41.155199684576694,0.0009732633220140077,101,363,76.97744458239258,70.6787109375,49.53732183169155,17.344554030402985,45.55793938034426,27,49.280120151783855,149.54509034883083,39.158862524183576,0.08104473742928588,4.54054054054054,Subject_28,Trial_1,5,LegExt
0,2,0.021051272455546388,0.03458594390500806,40.91474439624946,44.776056512947164,0.001196187504908461,86,393,73.24746931186337,63.5986328125,49.92840198955843,16.808947653773334,43.29347469979424,41,53.622293763848056,124.55718005123498,34.06567067733651,0.08197362312636707,4.256756756756757,Subject_28,Trial_2,5,LegExt
0,2,0.022846491916913257,0.03897310822143149,51.45641896925329,55.08289201167786,0.0015189031631666486,112,408,77.56349736211126,70.80078125,52.16083381732836,16.657207380790652,42.719660671185046,39,48.13514242120458,150.28003704930074,39.78505488869771,0.08529137309288348,4.824324324324325,Subject_28,Trial_3,5,LegExt
0,2,0.017888077058049952,0.030618883472880276,41.696584765855064,43.73634840693214,0.0009375160222253151,119,413,77.55833989220514,72.998046875,50.542694644525525,16.319116141355806,42.28381823023819,48,49.00760381085692,122.75224417925838,35.654978663035514,0.07126870045669885,4.891891891891892,Subject_28,Trial_4,5,LegExt
0,2,0.018458005817490717,0.030361498085560976,39.048393025921925,43.247107630380754,0.0009218205544216624,85,367,73.02253695131434,70.4345703125,48.32555906319673,16.46143843777453,43.51159277005961,14,46.70960055627589,140.63546214181554,34.91257891583145,0.07488707247135232,4.6891891891891895,Subject_28,Trial_5,5,LegExt
0,2,0.020542787598808194,0.03266034443968236,39.946660534971855,43.694509222665026,0.00106669809881684,109,366,75.96082441239169,72.998046875,47.90785906769987,17.188755861962562,45.268259445170926,16,50.080352358097265,162.90192753780488,40.660045112138285,0.07377719329507713,4.256756756756757,Subject_28,Trial_6,5,LegExt
0,2,0.019099439229795376,0.030585968933138318,34.10661274024753,37.415801451169145,0.0009355014836754679,88,355,74.47854909973026,70.80078125,44.97714426057097,15.077275761584982,40.813791415567806,37,51.53643648937138,149.98203267553328,40.40291470634996,0.08253571161416227,3.918918918918919,Subject_28,Trial_7,5,LegExt
0,2,0.02758605468687504,0.041911839943251435,47.85317696000708,52.165229412880706,0.0017566021117669467,106,364,74.94415069524239,68.603515625,40.52915116346451,13.546630793112351,35.44521866267877,27,48.268884749181616,118.9301524645598,34.72090043824408,0.08093479929207008,3.7837837837837838,Subject_28,Trial_8,5,LegExt
0,2,0.028980301691419238,0.044837409132176625,56.34977530137935,63.81462432450516,0.002010393244282117,96,400,70.7359935829108,64.208984375,49.230237504999984,15.59663912543129,40.603393984004796,28,49.36368117175577,132.1063647019437,38.38993905683886,0.08956431131635109,4.405405405405405,Subject_28,Trial_9,5,LegExt
0,2,0.02171528132654226,0.0354985994597523,43.967257668987074,47.23073688522942,0.0012601505630397778,107,383,77.72640271356866,73.2421875,47.967862503294825,16.131907787551242,42.2811070470645,31,50.86493017847303,137.72958347622023,37.80838462652546,0.07301503517979704,4.351351351351352,Subject_28,Trial_10,5,LegExt
0,2,0.028255818985895537,0.04406474756736874,53.88125158066542,57.641870731226895,0.0019417019464352317,106,397,76.5911683026715,72.021484375,48.37220610564245,16.64561194844374,44.007496212505544,12,51.943879952379284,153.70440522831498,37.80862702023547,0.09239089005449268,4.081081081081081,Subject_28,Trial_11,5,LegExt
0,2,0.02146907958523049,0.03554410486893584,38.32273478283626,42.186741384977914,0.0012633833868885835,78,326,74.23118192828674,69.3359375,48.78463291214439,15.892572218897872,40.84252188090255,31,55.02882954955217,186.61916008285968,44.744481017681636,0.08184844397758487,3.9324324324324325,Subject_28,Trial_12,5,LegExt
3,3,0.6457772153678165,1.2897340994391588,1757.9199134783435,3976.0503150196464,1.6634140469132863,18,134,33.573681099517565,26.91650390625,142.79515422172264,17.209832363101082,62.80121162251365,30,122.6776742182059,358.0324611581487,90.62926916329005,0.3473471250954235,12.324324324324325,Subject_28,Trial_1,6,Walking
3,7,0.16111549575926776,0.5315653380594955,321.8866147046682,792.8493546313566,0.2825617068533309,10,33,29.78714075109936,25.146484375,163.46183664440167,16.77833524251189,38.49740426878693,84,114.02201042311712,344.32036506450333,79.89170667413471,0.29796950083160423,9.85135135135135,Subject_28,Trial_2,6,Walking
2,5,0.02652662523810294,0.04973160109756523,71.63301422444762,59.287007407160075,0.002473232146951164,182,467,103.75925062340964,107.177734375,41.05007767773697,13.682694127059596,35.34325835639779,37,50.37385584871625,162.53512885475538,46.46098605400531,0.06596562925754852,4.472972972972973,Subject_29,Trial_1,0,Squat
2,5,0.03244831441749571,0.053432623123192226,63.602434270919574,51.94975138241063,0.0028550451906199097,134,443,101.6869123054903,105.712890625,46.73088715998579,12.981119635351408,38.13992884749754,1,67.00763023634659,176.12258384224717,47.663128381610626,0.08471781400649046,3.2027027027027026,Subject_29,Trial_2,0,Squat
2,5,0.037835751577061205,0.062058650706020145,75.55147902620902,65.15316421569939,0.0038512761235655877,144,444,98.52045967017084,96.19140625,40.36963135239567,12.854164000523749,34.20608034805465,9,60.859911813523375,174.53745450558657,48.435795034716655,0.07591997826664999,3.445945945945946,Subject_29,Trial_3,0,Squat
2,5,0.04055378227130745,0.06627027481710866,79.69181837530392,67.35983235264167,0.004391749321543043,141,438,100.34041278472883,101.5625,55.30677244473734,13.182227934820213,33.55485568042681,19,63.05808337013944,161.71447818855077,45.49010787452356,0.08148003945992464,3.324324324324324,Subject_29,Trial_4,0,Squat
2,5,0.037541059739208855,0.06292429806888868,88.17338487843689,74.29375722389433,0.003959467268951507,162,543,98.09200421710408,94.970703125,40.672545091145224,13.348301079654277,35.45380904579008,23,55.733590259014825,159.79091762187605,46.047755920028536,0.07074414238905687,3.9594594594594597,Subject_29,Trial_5,0,Squat
2,5,0.03976807778738869,0.06576041465311744,77.46256387595156,65.53779219361655,0.004324432135262731,164,435,103.01023598174062,103.515625,41.90279970591932,13.271630691985182,37.050648228159815,4,66.26524053567515,180.93834553083178,52.196610342019646,0.08726747773250305,3.2972972972972974,Subject_29,Trial_6,0,Squat
2,5,0.04150595742120116,0.06671152430872582,55.768351793448105,46.73570805627251,0.004450425805204764,100,320,102.20650617534936,104.00390625,42.70686546576667,14.8991321408463,36.52465245399008,9,44.58321422180335,169.87288180818447,40.878958755314684,0.0728140831185651,2.25,Subject_29,Trial_7,0,Squat
2,5,0.029171876702574,0.052267125855955276,67.53203008070388,54.95981570764941,0.0027318524393114526,147,426,105.71368415559216,105.46875,44.33791629422498,13.529483040321061,36.02260355815558,21,57.302054839249024,169.96693746123634,47.55532609670476,0.07562986357430683,3.77027027027027,Subject_29,Trial_8,0,Squat
2,5,0.03325425039534599,0.057078585830525566,62.2594216384209,52.54171562464667,0.003257964951628653,128,398,101.25191257196576,101.07421875,43.01733612869753,13.52051172767247,34.0107842151275,10,66.62498657714801,164.62660381341445,45.343829271158604,0.08531371488454109,3.1621621621621623,Subject_29,Trial_9,0,Squat
2,5,0.01733803097687311,0.03784846259250931,43.882243025117425,37.935611777398364,0.0014325060749133768,115,314,102.27604680478069,100.830078125,61.67710431925417,14.670760087410088,37.46593996469958,23,53.42012685839623,141.8029743864051,46.76941878449842,0.07567261731685994,4.378378378378378,Subject_29,Trial_10,0,Squat
2,5,0.019913602816475265,0.03884330374963075,50.96203846578965,43.03329568640305,0.001508802208195551,141,409,99.06712327978455,99.609375,53.541891851451616,14.28590260384309,36.18135732412608,25,54.527502100308496,161.7701233089239,43.99786961393544,0.06184270846752076,4.324324324324325,Subject_29,Trial_11,0,Squat
2,5,0.017506671825610772,0.03497232229725907,43.160789861168055,38.07701122070343,0.0012230633146957796,136,367,102.05365148842674,97.7783203125,55.20406456288681,14.334514897225995,38.212744780095065,26,53.686739091754205,152.38587264518063,48.485692047654034,0.07624121120480071,4.351351351351352,Subject_29,Trial_12,0,Squat
2,5,0.0276933509990745,0.04908242712068576,65.06120739235816,54.998995084161955,0.0024090845897978487,144,447,99.62786567912883,100.5859375,57.685697492623035,14.716897834179292,38.04397735187847,52,54.70659736579004,196.27554941654327,50.59705329339312,0.07711987325065563,3.972972972972973,Subject_29,Trial_13,0,Squat
2,5,0.026607819397016303,0.048387546189288116,68.90499169712402,58.21790884067167,0.002341354593285936,159,479,103.58288161114808,102.783203125,47.842259214932675,15.154598034125303,38.05372347010952,34,51.344111273993924,176.85981897587564,49.92655610015109,0.07029854080733135,4.378378378378378,Subject_29,Trial_14,0,Squat
2,1,0.021049502636659508,0.04279446013851637,48.16715247044415,39.23627291473332,0.0018313658165627046,120,335,108.80719113357574,111.328125,52.74678808292039,14.917060297144092,37.87132868300633,26,58.070416005192186,200.04619221658476,53.19836799926121,0.08436532071899296,3.72972972972973,Subject_29,Trial_15,0,Squat
2,5,0.020694673732082346,0.04216878123739996,52.266917308677186,44.72118993502995,0.0017782060866051218,129,380,100.11550258040334,105.712890625,49.72317548212448,13.915923177147059,38.10911960328167,47,52.32488480277759,154.46872451387185,49.19228198897613,0.06660640441461815,4.324324324324325,Subject_29,Trial_16,0,Squat
2,5,0.01924121402241141,0.03914001188336187,54.30183460462965,48.19924112614058,0.0015319405260419247,159,400,102.71874869188444,104.98046875,53.41387214554893,14.332674660780008,38.43632616162493,38,46.3102557197188,178.07236933336995,47.94748099883686,0.06586806984732126,5.013513513513513,Subject_29,Trial_17,0,Squat
2,5,0.02674675372726729,0.04406232446253553,57.828163037088665,49.133786596990014,0.0019414884321619366,144,481,97.80762442420448,97.16796875,43.25079188760548,12.350675785103077,34.674685546669764,18,57.138999827435434,121.43408272704228,38.268777868336215,0.059507586034494096,3.675675675675676,Subject_29,Trial_18,0,Squat
2,5,0.027852897999208058,0.0486061333057562,70.15759317449512,59.24311404431554,0.0023625561796409445,162,511,98.45797123816716,102.4169921875,45.21400379605463,13.575867921781857,34.47805455220334,29,52.438404665031634,118.87626056978327,33.92256631387561,0.0531932685910902,4.256756756756757,Subject_29,Trial_19,0,Squat
2,5,0.02582836617069193,0.04391689762546122,63.831023583247784,52.68986698821154,0.0019286938970250922,164,500,102.13412624496415,102.5390625,42.16050473644407,13.257649025247531,35.635345403614494,7,53.05380037375656,116.15448317610931,36.59740735741337,0.05750582038355934,4.081081081081081,Subject_29,Trial_20,0,Squat
2,5,0.01966074294743246,0.04039745180143042,45.786396342477175,42.48686550940155,0.0016319540905538066,119,359,93.06467317954348,90.4541015625,50.878295952082,13.992030608830511,36.63477177772142,51,52.729182833301635,163.11296512409368,46.61518558624414,0.06297450629625903,4.324324324324325,Subject_29,Trial_1,1,Squat
2,1,0.02224643366531111,0.04240490706766012,56.512380662853076,48.38599322205167,0.0017981761398135393,149,449,99.98706696049426,94.482421875,51.796669739116886,14.942697743673445,37.176793270881475,22,50.992139812148366,154.69222445366145,48.70672342110596,0.07489564733380437,4.351351351351352,Subject_29,Trial_2,1,Squat
2,5,0.0278789230192148,0.04741487214153063,74.59587059070918,63.81485479098268,0.002248170098985264,190,587,98.85135157903761,96.5576171875,44.97413558664809,13.858557011169793,34.614178629831365,24,48.99936377362547,123.08630783160751,35.90293707904547,0.05320575254699577,4.581081081081081,Subject_29,Trial_3,1,Squat
2,5,0.032421464495253544,0.052781205671222596,70.26118024682609,59.104329774847216,0.002785855672039027,159,515,99.61765092722086,97.900390625,44.029463449248304,13.242379125172935,34.79385978114093,18,57.52364086056044,136.87623283202973,38.83370088878915,0.06250993532578664,3.6486486486486487,Subject_29,Trial_4,1,Squat
2,5,0.02706990507731723,0.04833836266039627,70.31063678252139,58.30857553654131,0.002336597299544761,172,534,100.26043327373793,99.7314453125,50.3734885721053,13.45328763376255,33.735478073103685,16,52.38055427676894,118.48288669833897,34.897018492973466,0.05411862426215264,4.3108108108108105,Subject_29,Trial_5,1,Squat
2,5,0.029985727155423542,0.04946649707610391,65.80047360048043,57.09282450392642,0.002446934317334311,142,500,94.32617975925412,88.37890625,52.36215902118692,13.129839682094739,35.1036074328359,20,57.16097297769164,143.7483920226366,37.04786497473041,0.0669864049377378,3.810810810810811,Subject_29,Trial_6,1,Squat
2,5,0.028861396972822206,0.04729390103733213,68.47684250593369,58.27116048812803,0.002236712997746608,173,535,97.25439909884811,99.609375,42.68587568957404,12.741795564873721,33.742267605730866,26,53.94821728542658,121.36381906451732,35.10185278541301,0.05528672123742124,4.04054054054054,Subject_29,Trial_7,1,Squat
2,5,0.02241481751105689,0.040796483670058996,60.59531518194744,51.016124655165484,0.0016643530775524642,167,494,100.30055636016338,101.9287109375,42.70466959654682,12.657185960855523,32.77598030753626,12,55.24426560319184,130.3015393132707,35.0332357588523,0.058018932986488136,4.554054054054054,Subject_29,Trial_8,1,Squat
2,5,0.023332780046395912,0.04315341984863462,52.41465599466659,44.75227212898736,0.0018622176382214635,139,404,102.13543555974798,100.830078125,60.266179358529264,15.627828540618227,42.137097149453474,27,58.214946301382135,169.7828641925973,51.58094425957528,0.08178916647154344,3.8378378378378377,Subject_29,Trial_1,2,Squat
2,5,0.01648192005785208,0.033360749942394186,41.7042026452221,36.95246476970436,0.0011129395996127111,127,385,94.40943154894927,92.1630859375,55.88043540977654,13.364382251581496,37.362104841195034,63,50.92657157804677,157.1319635925725,45.06635561926217,0.07719454766350374,4.486486486486487,Subject_29,Trial_2,2,Squat
2,5,0.018874804476314837,0.03638940245436022,42.16405704414981,36.201874985571855,0.0013241886038964422,127,370,97.90985620206231,94.7265625,48.10869175456145,14.579665017386878,39.280824141984624,41,56.480609761803144,181.40218617385506,49.55153236051978,0.07303673346533367,3.8378378378378377,Subject_29,Trial_3,2,Squat
2,5,0.019152681934555816,0.03749850555284532,44.829189663407654,38.286211187177074,0.0014061379121033037,168,365,103.67286090357838,106.93359375,52.23339972169321,13.954497165031343,37.76157273508688,57,55.5749657454437,161.60025820059096,47.64065674306353,0.07927543672147755,4.0,Subject_29,Trial_4,2,Squat
2,5,0.019123455919738196,0.03780799905066203,44.51012182160783,38.610257501951416,0.0014294447766317287,121,362,96.28745368848425,96.435546875,67.06866745932419,14.326896175962279,37.32172449960957,41,55.39087601659283,152.82796153235034,45.11431595019178,0.0842345179366501,4.04054054054054,Subject_29,Trial_5,2,Squat
2,5,0.020991353570056808,0.038513279735735616,48.02806182365758,41.54188871514242,0.0014832727137569451,141,373,97.83895867662366,94.23828125,57.08783045119985,14.744644085539898,39.03748908583496,38,54.23491008478594,158.0154607572065,47.129665838760744,0.08875665204820385,3.9594594594594597,Subject_29,Trial_6,2,Squat
2,5,0.016971614365028313,0.0339757938545851,43.84556349763018,39.085627882660205,0.0011543545679563697,144,375,98.7080559714384,94.6044921875,62.4569570087137,14.367750106092398,40.638425212399945,45,51.34225643442458,165.95364434288055,49.03153223777386,0.09074556873514356,4.608108108108108,Subject_29,Trial_7,2,Squat
2,5,0.018227612751429104,0.03498161116072997,41.71572291350082,35.58030009078961,0.0012237130690960045,127,379,99.35783170451282,100.341796875,60.4186354016302,14.192529270106203,40.912059831715844,22,57.34438249608892,149.91990018033673,48.49999262826103,0.10003108119553024,3.9054054054054053,Subject_29,Trial_8,2,Squat
2,5,0.0191130223544859,0.035592128372164855,47.165696719445585,41.57082362100683,0.0012667996020215501,144,422,96.66120554278679,97.16796875,59.05099488538319,14.103496855447805,38.32171999913585,32,52.87246298132785,149.63087006353985,45.722091515485566,0.07896902821774404,4.351351351351352,Subject_29,Trial_9,2,Squat
2,1,0.017053512693472578,0.03337452091485819,46.66393510897933,39.49593539808249,0.0011138586339219444,157,411,102.71382664171466,106.0791015625,54.78590057097661,15.316872091634547,40.28376313657678,76,47.50489284238178,145.04231765180975,44.90682354975881,0.06521068803693886,4.635135135135135,Subject_29,Trial_10,2,Squat
2,2,0.024425413417182518,0.04466775315716321,85.56719019836984,72.39692536852898,0.001995208172053859,228,657,99.01668577605486,98.9990234375,33.836118928916754,9.344352159879652,23.02373867960907,47,36.30625505530171,122.90336100412966,29.258940566008192,0.05770259629296582,5.9324324324324325,Subject_29,Trial_1,3,LegExt
2,2,0.027929964471382414,0.04591038853778446,76.69829917207419,63.17757963426702,0.0021077637722464863,196,610,102.0412351166708,104.98046875,41.22891042252979,11.151199495714412,26.90000719838826,46,46.59654446631905,140.82225835632747,33.714096896374826,0.0706883985104612,4.527027027027027,Subject_29,Trial_2,3,LegExt
2,2,0.023802214025116716,0.039025837820768836,70.85668130148535,58.6724575719127,0.0015230160164526202,201,655,102.44907206739464,102.294921875,36.832941987611306,11.539493668913336,27.951925673820483,29,44.507447881921024,159.22272599086025,36.3069384726981,0.06511567845261079,4.9324324324324325,Subject_29,Trial_3,3,LegExt
2,2,0.026500686773882322,0.04179774675208424,84.54072773756552,69.43179934757168,0.0017470516330542996,239,764,102.9682745375646,106.201171875,39.67577597608936,11.243393587013392,28.19237297778193,17,39.46889321896226,121.89712133276234,27.61446664563675,0.06647228811566663,5.243243243243243,Subject_29,Trial_4,3,LegExt
2,2,0.03170989750316595,0.050283416218456944,87.71751219553599,73.02789394979118,0.002528421946594524,204,644,102.79753757567451,101.9287109375,36.34254478394934,10.296477645656966,25.391928140750764,49,45.72100679890572,120.64599573573159,29.42170058138451,0.07650070442279827,4.608108108108108,Subject_29,Trial_5,3,LegExt
2,2,0.02386185668578814,0.040288862887621936,66.15232343062027,54.95385594737008,0.001623192464943616,183,590,99.89602071169185,99.9755859375,36.70047045119127,10.090577642693304,25.455982769255854,31,46.33625604393052,152.83876899867204,34.12488612851558,0.07708960424015032,4.608108108108108,Subject_29,Trial_6,3,LegExt
2,2,0.029061653286591438,0.04842404146646086,85.36840897377562,71.05574228571606,0.002344887791839614,204,663,99.66002153827164,101.6845703125,30.910816105313366,9.14499472829564,23.39922329782697,34,41.81545778941833,136.23615530637454,31.5354445943247,0.07162366403482935,4.891891891891892,Subject_29,Trial_7,3,LegExt
2,2,0.03290050680945212,0.05318423436272645,94.14023886866568,78.2045046860677,0.002828562784359769,230,656,101.7902558698724,103.1494140625,38.00536621146121,9.704626938945934,24.400075773372194,33,46.438604149316895,149.4052173320822,31.007810506650696,0.09160810127177627,4.756756756756757,Subject_29,Trial_8,3,LegExt
2,4,0.02509679613050326,0.04270187095691487,71.08118940350491,59.83076197511977,0.001823449783175392,168,588,98.84735559494264,96.923828125,42.32324537083924,2.1606747730030476,2.786758552676178,48,13.367462679550451,140.84766051269165,9.375492961057189,0.03602775630851785,4.77027027027027,Subject_29,Trial_9,3,LegExt
2,2,0.023150136324776444,0.0373008214024161,55.09069756670747,46.32342278587766,0.0013913512321926914,161,538,99.22367169013478,94.970703125,33.22053759946971,10.358521554593368,27.422868869743255,31,28.570646885020494,72.86555129047743,21.24178826614332,0.03488829964355183,4.0,Subject_29,Trial_1,4,LegExt
2,2,0.022525096818071213,0.038752429442460976,50.07438993706484,42.27960672751966,0.0015017507856286887,130,443,100.086330001888,99.609375,23.915992280040456,6.988184286954993,18.065996142832287,48,33.85971953086502,80.04383503993327,24.076764160247613,0.05633373335751491,3.7567567567567566,Subject_29,Trial_2,4,LegExt
2,2,0.01898608595506467,0.032007538749676955,53.33887869773781,44.61730199440198,0.001024482511576976,196,606,100.79302381113298,102.4169921875,28.35796103219674,8.057052892198284,21.908542244180488,14,27.21490815502175,65.66740710247632,13.890998421866987,0.03888297184864676,4.702702702702703,Subject_29,Trial_3,4,LegExt
2,2,0.019679830343337798,0.0331741262355992,49.22398778562338,42.52811337195298,0.0011005226514927823,146,514,95.7142035051315,94.23828125,25.565910448087507,7.429635918481854,19.643222321723925,20,28.990691832741515,70.10086587206445,16.264277511336484,0.05219489141369089,4.324324324324325,Subject_29,Trial_4,4,LegExt
2,2,0.021082117638398668,0.03671479671144823,55.28252332855752,46.27524821628508,0.001347976297054331,175,532,102.63983409459385,103.759765625,28.20260766887571,7.242511614886231,20.013946418987,22,28.814259139258066,64.00813774534723,17.461167271693043,0.053031132131309056,4.391891891891892,Subject_29,Trial_5,4,LegExt
2,2,0.02471888450193127,0.04259727211884577,61.86375080911009,51.761344147044085,0.0018145275918743317,151,525,101.14300069258972,100.09765625,24.3462895649339,7.217550484607692,19.6945604697439,32,30.227275085824417,68.9575403325658,16.711280041615424,0.04522534068654376,4.1891891891891895,Subject_29,Trial_6,4,LegExt
2,2,0.022391638904559495,0.0376264390111339,54.29720349731393,45.81329319872873,0.0014157489122422176,165,509,101.7490720549074,103.515625,26.311558767264017,7.0905639536799505,18.028456523453706,37,30.910745252165192,74.63987456005422,20.688385280336096,0.05383948776146884,4.094594594594595,Subject_29,Trial_7,4,LegExt
2,3,0.022621957964479297,0.03624862395609007,49.722549841579216,42.16732964578941,0.001313962737918146,149,513,99.5457282881343,103.02734375,32.221174132566254,2.262525553761425,4.198176375363781,41,34.31436253698161,69.93870806850664,21.503626899943967,0.06492531957979387,3.72972972972973,Subject_29,Trial_8,4,LegExt
2,2,0.022223349407527578,0.03905451376153825,60.177107542274314,49.224718937673586,0.0015252550451464294,192,565,104.09318376919134,101.806640625,25.093149276227603,6.895302380215852,18.39269297462402,44,29.154422497681463,80.51148112415035,20.755745302096535,0.049687155853747667,4.4324324324324325,Subject_29,Trial_9,4,LegExt
2,2,0.022547959870044487,0.03399874475007053,62.18913640551288,51.31915666422125,0.0011559146445582942,206,736,99.54821572887236,98.14453125,30.44116231233052,7.1102026440355655,21.655089265122992,9,40.22626781462441,128.2353221341639,31.57607890676546,0.07430864409732683,4.554054054054054,Subject_29,Trial_1,5,LegExt
2,2,0.028610757602076715,0.046200366606562425,75.05381171738168,61.25563202604625,0.0021344738682035347,201,631,102.71867184919527,106.201171875,33.01021136498693,10.6090777718476,26.34910155619713,31,39.121957762532375,131.99219273065944,32.7195614622568,0.09476005815968241,4.283783783783784,Subject_29,Trial_2,5,LegExt
2,2,0.021678366962238887,0.03881156556796349,71.61199028762931,60.02739811843948,0.001506337619813232,202,666,98.75032794457553,97.16796875,35.394370113518214,10.504674879925348,25.336376743313025,32,34.954019294511724,105.43550174056293,27.206273863904403,0.08373656840467343,5.54054054054054,Subject_29,Trial_3,5,LegExt
2,3,0.016072144755895353,0.023928369454946405,41.148278284349104,35.71230564759947,0.0005725668634784048,185,659,96.75332916798068,96.8017578125,24.13602685687988,4.883884904169161,12.04369635683997,19,34.58840760852724,72.91426330198162,19.167570407610086,0.0520283638158861,4.445945945945946,Subject_29,Trial_4,5,LegExt
1,3,0.004805080652191946,0.03716525821577302,7.72835290157703,11.291939532651073,0.0013812534589522877,1,3,74.77578294394806,67.7490234375,24.897729493617682,5.29026905478345,15.432025494735749,31,27.983660445976955,68.43096294274962,16.360639668914963,0.05452113688095977,4.702702702702703,Subject_29,Trial_5,5,LegExt
2,1,0.017091236297067172,0.0274522792208847,53.745874545939614,45.94124316651656,0.0007536276248748546,221,703,99.00118916667607,97.2900390625,27.675215018477495,7.210309003325539,18.627944435901608,39,21.7952064219421,46.617307876574145,11.33875475734884,0.03208948234755317,5.378378378378378,Subject_29,Trial_6,5,LegExt
2,3,0.023168656709109395,0.037523782407433925,75.78842893896072,63.20409550245043,0.001408034230521208,242,759,100.51494563311479,100.341796875,31.445595594289358,5.008014136516291,13.851893469649683,42,28.463404429383914,61.861531751982426,16.071807976069184,0.07500668465389171,5.45945945945946,Subject_29,Trial_7,5,LegExt
2,2,0.027685455318206015,0.043614462442077055,74.40864606580163,63.01209630423689,0.0019022212819733585,203,676,98.17392235175446,99.9755859375,33.20119995434628,9.357329606554329,23.80943792961983,51,38.56250627874226,114.63439308675743,28.936996981166615,0.06674426443037114,4.554054054054054,Subject_29,Trial_8,5,LegExt
2,2,0.02617429659749315,0.042877158346873334,82.45853389597653,69.10014301738191,0.0018384506952368327,216,767,101.880744757158,99.7314453125,36.15574162277708,10.052944773486342,23.442813855336173,22,35.582911025634765,113.97630495772717,25.957305087164478,0.07106820742362513,5.283783783783784,Subject_29,Trial_9,5,LegExt
2,4,0.02738960202101255,0.044085531048171145,90.57337843494625,76.389600036604,0.0019435340387366849,235,762,101.95700130563982,98.0224609375,39.736648952955534,1.918514629984145,3.6227638827016118,22,12.999719595328251,92.57366900276628,5.503124128837394,0.022287606241863645,5.581081081081081,Subject_29,Trial_10,5,LegExt
2,2,0.025561565111096703,0.041557701506920536,73.01914316281537,60.427539922632604,0.001727042547585729,191,693,99.51212371779843,97.16796875,33.83916602259666,10.617985404386928,26.449434250699202,35,37.213491155394884,128.30538277602125,31.693827189165688,0.07312575410411959,4.72972972972973,Subject_29,Trial_11,5,LegExt
2,3,0.02524860666886131,0.042088277618992795,175.36334007455707,159.87417742722982,0.0017714231038209454,398,1416,92.8719704762043,93.75,159.1444613890144,17.105304691305996,42.0537574762084,167,102.9078137994661,417.3143692345964,88.17421747696228,0.31802701782522846,12.675675675675675,Subject_29,Trial_1,6,Walking
2,7,0.019912223539827276,0.03235121796655532,177.5535709898687,168.69635782941668,0.0010466013031824783,467,1773,89.11772096539924,86.944580078125,141.91238464900835,13.686741500630012,31.45336098026477,236,81.1021226290532,323.4136292478808,65.42371685563549,0.20871511908614732,16.95945945945946,Subject_29,Trial_1,7,Walking
3,7,0.02421024966216339,0.07801739089126421,118.27991980039008,184.02210768210392,0.006086713280862537,18,164,43.09123431404329,34.5458984375,132.39204864231624,13.51006718289025,74.37457125222488,2,88.0576380996002,298.1653036327306,66.65652427860245,0.21189805855239616,15.216216216216216,Subject_29,Trial_1,8,Walking
2,5,0.018910625521559442,0.03765659666294225,35.44296536284774,31.032336480879046,0.0014180191760322363,98,277,98.32380963459144,102.05078125,89.03986775937649,16.70329530126536,37.21660316409217,7,68.59581618645494,260.7603997365653,50.769313577095616,0.10028358450986409,3.2837837837837838,Subject_30,Trial_1,0,Squat
2,0,0.01836786134116746,0.0393590494216945,32.86733319313239,29.02122091904459,0.0015491347417266252,86,236,98.54380276323367,95.947265625,82.34216502299446,7.453089759722204,13.505048035596785,24,62.87438889651022,206.00963357486305,48.75357447072404,0.06387325561130182,3.1621621621621623,Subject_30,Trial_2,0,Squat
3,5,0.01054673799089651,0.04629929365388954,11.928282366095937,20.15481630060323,0.0021436243102422527,3,22,32.40126926055972,28.076171875,60.5498910921903,15.876537770807303,40.6119241823107,16,55.62560933799588,151.3608240147616,41.269023100326386,0.06621106973506882,3.824324324324324,Subject_30,Trial_3,0,Squat
2,5,0.023681166765353267,0.042195673877986006,41.87781260580476,38.22140315928017,0.001780474831117191,107,322,91.94401156576365,87.646484375,72.12073634131414,16.654768212004686,41.556806506419534,7,64.7037370028946,235.63893264789178,51.03808555223943,0.08347856436464297,3.22972972972973,Subject_30,Trial_4,0,Squat
3,5,0.027378577004501234,0.1365916809700712,24.4027388158734,45.85911648253957,0.01865728726657305,3,4,38.61933954834321,31.494140625,82.68499960784763,18.112645254524338,41.09720673600758,15,69.21064865016118,263.3017521533472,54.050013125644284,0.11276179801152661,3.3513513513513513,Subject_30,Trial_5,0,Squat
4,0,0.02326898945509601,0.05114770287250518,28.447802459095172,38.81267441110015,0.0026160875065075707,27,151,51.83979691657688,41.748046875,66.51635233298892,6.2950467119938525,13.388500125827303,43,58.33431010578667,169.92501580109027,47.46882929842948,0.06237909862111714,3.3378378378378377,Subject_30,Trial_6,0,Squat
4,0,0.030493063410342126,0.05861451267227066,31.74069123338232,48.39249163221295,0.003435661088167087,30,133,48.72307936025965,39.306640625,73.97222880702347,6.259511000040793,12.840806746637151,44,62.53625689837208,170.66185961885284,46.03717598722755,0.06648384650018871,3.175675675675676,Subject_30,Trial_7,0,Squat
2,1,0.0210197575311707,0.04018102018640121,35.80026192039158,30.87802381328976,0.0016145143826202207,107,259,97.99428495281254,101.5625,84.45187622772181,9.860122796056974,24.016734166870958,14,77.31102112878158,324.805864291313,63.26635744159635,0.1446324325401048,2.939189189189189,Subject_30,Trial_8,0,Squat
6,2,0.02099911778257729,0.04402373178133469,30.904961219026212,28.51680194873996,0.0019380889481071418,71,190,94.99089575997871,100.09765625,72.40914940171024,11.99608816481101,23.079216722872474,9,36.350542021364724,94.99652775542214,20.537879579312367,0.05702751157134385,2.7162162162162162,Subject_30,Trial_9,0,Squat
2,1,0.0285689925776834,0.05058964725965879,59.2209059937349,51.709876565606955,0.002559312408479363,130,404,100.92364424785549,104.736328125,61.72138432616431,15.15077751473343,38.96129057566215,12,59.25982345454805,199.5497357191377,47.86879585968151,0.10446143763207959,3.6216216216216215,Subject_30,Trial_10,0,Squat
2,1,0.02154857648156133,0.044129850084432994,55.768024977603105,48.613588542402354,0.0019474436678010459,135,347,100.67887616764233,103.3935546875,47.79369539132169,14.468047349957324,36.186942875962856,34,47.921035777727326,243.35027231641087,44.82619962140416,0.07819461656751536,4.513513513513513,Subject_30,Trial_11,0,Squat
2,1,0.02287525260945826,0.046925495602935276,64.02348168446677,56.22737091404841,0.002202002137575081,150,375,106.13997716768249,110.107421875,38.063661293229636,13.228171372768045,33.36480774599899,22,42.24677092685165,121.3996655684155,32.92849778543113,0.061175967131962904,4.918918918918919,Subject_30,Trial_12,0,Squat
2,6,0.015481001146048645,0.03361589817908497,42.76382797008981,38.36192083990854,0.0011300286095798778,133,298,101.5139263902319,109.619140625,56.858484919840535,5.611291139385969,12.36344004352199,52,18.602059634935532,113.16454721287955,14.635322766018891,0.05936257134874211,4.95945945945946,Subject_30,Trial_13,0,Squat
2,1,0.01847774655697709,0.037515682082382776,44.58965409040357,40.29996524076703,0.001407426392637927,114,326,95.4735111038015,93.75,48.74792076462657,13.990203758936145,33.622908154282214,23,48.830385509042976,185.51514312849017,43.73479656150716,0.07739631127566847,4.364864864864865,Subject_30,Trial_14,0,Squat
2,1,0.022518389213041622,0.04428221894319742,52.67177193328003,48.81986781387424,0.001960914912927897,121,327,96.31547291091816,95.3369140625,63.91179629934849,14.665303128461469,34.87624517212939,19,51.98853854470209,246.66595415984628,46.108292792698194,0.0850447648170882,4.337837837837838,Subject_30,Trial_15,0,Squat
2,1,0.02546291866889402,0.047548919502177434,55.98014652276815,47.79389834151408,0.002260899723561597,133,337,102.61917562606688,104.00390625,52.33795005736448,14.094435372845062,36.2250995067661,7,50.33161470691322,170.51012944347002,43.59711656645708,0.08490910422018969,3.7567567567567566,Subject_30,Trial_16,0,Squat
2,1,0.022686242474921285,0.04620189868825066,48.92637010837382,43.51221306689902,0.002134615442373965,94,302,98.99022790070943,93.994140625,50.02580590242734,13.749555117350033,33.029363460924465,16,53.92461237841607,186.231685292087,44.143229855518825,0.07982765355876449,3.8378378378378377,Subject_30,Trial_17,0,Squat
2,1,0.023812213680026825,0.045852214694101646,60.43443928821109,51.93443803613851,0.002102425062143675,158,368,103.892565333567,106.201171875,60.540710408599864,15.464663786718061,37.9243657319352,25,50.42472966846602,188.32807433762207,46.87732134717979,0.08578755181675483,4.364864864864865,Subject_30,Trial_18,0,Squat
2,5,0.019437866567674458,0.03588678416627104,44.10387431731006,38.85629526878124,0.001287861276194574,108,381,96.0916850745438,94.970703125,58.95126912212361,17.031501190290946,46.12054164794931,3,53.63263967968646,160.42277612707156,35.877695141818165,0.07219531080937289,4.0,Subject_30,Trial_19,0,Squat
2,0,0.02261584411957959,0.04373278846947796,41.83609563566857,35.73303370893575,0.0019125567826894084,92,315,97.16532161466279,94.482421875,78.85963800143858,8.100984777961171,16.986673828571966,39,62.362463757532524,153.0912672379811,35.93256936974661,0.07050220846379777,3.1621621621621623,Subject_30,Trial_20,0,Squat
2,5,0.013837150513560976,0.02683434119974398,35.40900659018662,31.866957632730927,0.0007200818668018439,112,411,93.36554790826958,87.890625,77.31022361882857,18.123708026226158,47.645609460400166,11,51.425976744864805,200.56633925927542,38.578168819202766,0.07261073537407538,4.608108108108108,Subject_30,Trial_21,0,Squat
2,2,0.015127788035587768,0.031451981651128995,44.087669041083785,39.12045986002997,0.0009892271469299917,142,352,97.77457550687163,97.7783203125,71.85578764530408,7.072078027124994,17.693782428645612,30,24.826937732868025,101.35648341056141,15.09653021168549,0.059118908814607594,5.175675675675675,Subject_30,Trial_22,0,Squat
2,5,0.018282122998969988,0.03463935727125408,50.5001258051859,45.687025374426,0.0011998850718550498,136,448,93.93955702611679,93.505859375,55.505786500361026,17.08411727221748,42.13318665692734,19,46.80745888367777,145.27384183083657,39.60150275253412,0.06564863992838592,5.0,Subject_30,Trial_23,0,Squat
2,1,0.015287102933337196,0.02991026036714904,38.48324222962491,34.07495243840861,0.0008946236704389677,121,365,95.52716628777755,94.3603515625,81.51848411152663,11.84273018936219,30.863613518979264,15,57.237270947923335,195.77246241605582,46.43076925776761,0.10518485543358315,4.45945945945946,Subject_30,Trial_24,0,Squat
2,1,0.01855683686566554,0.032113789847208044,43.11990408856019,37.72604934789804,0.0010312954951739225,143,446,101.16825412085555,104.4921875,93.83222964194444,13.130657418637135,32.79886877927834,7,65.07961154314413,235.26701787498362,47.46631769091882,0.12898647521180978,4.0675675675675675,Subject_30,Trial_25,0,Squat
2,1,0.02209943534506406,0.038981071342024505,51.712511319247064,44.02207520736761,0.0015195239090150256,122,455,98.70924707694803,98.6328125,76.61561106456818,13.068538400152734,33.22948943024075,13,64.72237663838061,254.7386791359406,49.32094054571911,0.13619921568858023,3.9864864864864864,Subject_30,Trial_26,0,Squat
2,4,0.021796822929502687,0.04077056684960271,38.59881588782589,33.850466009517675,0.001662239119234607,89,303,95.72429752149102,90.33203125,70.34532717304927,5.61537964776242,12.278022463253935,38,66.52595883750449,189.09613392588562,37.59987482305734,0.08855762744807849,3.108108108108108,Subject_30,Trial_27,0,Squat
2,1,0.013930827848163432,0.02807781440504149,36.03277734737087,31.98518073938324,0.0007883636565421423,123,367,96.0514633480204,95.947265625,73.87893603636215,11.767003620538844,28.812522997743134,13,57.0181668912971,245.14799014977447,53.26528951680793,0.12238905204133484,4.594594594594595,Subject_30,Trial_1,1,Squat
2,1,0.029915988619434966,0.06208951094377242,61.08594584025149,49.69045709688148,0.003855107309998461,114,284,105.09172771637827,110.3515625,60.26719454127759,16.08763208316707,40.25495823510802,20,67.93786982587123,261.5504589153988,55.81487840860295,0.11295418574220721,3.324324324324324,Subject_30,Trial_1,2,Squat
2,1,0.026843576841762775,0.059384831084742865,52.93862027525722,50.03642723304581,0.0035265581629425713,80,230,88.3481294976455,83.740234375,68.3449514487506,16.098129653671784,38.20642020939981,37,58.604326672036,215.18278477385502,47.151164069052946,0.10201843592220654,3.72972972972973,Subject_30,Trial_2,2,Squat
4,7,0.02283120304081896,0.03710099691973653,44.52667240724507,45.959211721168565,0.0013764839395678926,103,423,80.23672336364955,74.70703125,58.43407886470927,12.34617230593161,28.072353874630405,15,55.58787639337076,234.6918917487667,56.07110313700971,0.13338542040019627,4.027027027027027,Subject_30,Trial_1,3,LegExt
4,7,0.029701986130181553,0.04992349028273941,60.84042757374219,61.57221724786636,0.0024923548760865943,129,403,82.91295319804998,78.857421875,67.36056261071505,16.206803824045192,37.712910985699956,24,61.892196991383,251.0762568951422,75.51606215824383,0.17698703447654274,4.148648648648648,Subject_30,Trial_2,3,LegExt
4,7,0.0379209417528501,0.06493524531227014,85.31573822387216,86.57351002175677,0.004216586074054421,103,437,81.80225108250113,79.7119140625,47.89570226353024,12.972662468618168,31.672083017559455,25,47.33025465817194,236.52784731392242,56.4765630543766,0.10970180760460106,4.5675675675675675,Subject_30,Trial_3,3,LegExt
4,7,0.03327640834220676,0.05623258957025865,61.499908854330954,63.824151200352574,0.0031621041163104424,90,343,78.51253846878033,72.021484375,51.695318032520575,13.864210265183791,35.750635037825276,14,58.50799465954748,255.16067753922442,67.55527192254911,0.14446934186225777,3.8378378378378377,Subject_30,Trial_4,3,LegExt
4,7,0.03416701711035664,0.05917982555879312,51.74435991522047,51.9338660077421,0.003502251702235299,72,288,81.13840240543547,78.125,47.854743508550015,12.955505218926284,32.540098337182705,32,69.89141781565922,248.31873650303572,74.08903654197218,0.12963773746718485,3.0405405405405403,Subject_30,Trial_5,3,LegExt
4,7,0.03750070725082298,0.06782284383144588,68.75773989577957,71.92635650707848,0.004599938138880487,87,329,78.76577913269149,71.77734375,52.538520469092504,15.050625195065777,38.90528379134145,7,60.26023726722044,263.88413734578575,74.30632843154562,0.1209083085827585,3.8378378378378377,Subject_30,Trial_6,3,LegExt
4,4,0.039806649485573754,0.06998988554717223,64.60940377556608,63.96928572331703,0.004898584059065255,83,294,83.59119635169183,82.51953125,55.44772447352903,7.341864603882851,16.29495364062454,40,28.403794271932664,112.42913044449715,23.43037184615107,0.1265024955927133,3.2162162162162162,Subject_30,Trial_7,3,LegExt
4,7,0.03921543483488194,0.06975580976831726,66.95303429463402,67.01917813281324,0.0048658729957126775,92,344,82.21941120786147,79.1015625,57.36086802725795,13.107024763778412,33.04400015717677,15,67.27450274953162,237.32809785607316,70.6199720966127,0.16506360957630187,3.418918918918919,Subject_30,Trial_8,3,LegExt
4,7,0.04201949718154426,0.06735690697643279,63.53129228196241,65.00416213984897,0.0045369529103479675,88,310,81.76121636993282,78.369140625,56.47053032957325,13.895533604385342,32.87759918147492,14,72.28863334692612,259.4522654709889,80.45230337651914,0.15541885907878686,3.0945945945945947,Subject_30,Trial_9,3,LegExt
4,7,0.038252895505613956,0.06735883117401878,64.88982280450051,65.60371579212793,0.0045372120971556035,89,304,84.1461674907191,83.251953125,67.09192278345495,15.182537249694441,36.68520070276443,18,69.50988325706012,260.5958177985865,78.00617457063235,0.171546165749162,3.4324324324324325,Subject_30,Trial_10,3,LegExt
4,7,0.011040117322548487,0.01872918010497952,16.314683429362645,17.079061497982508,0.0003507821859274528,64,263,78.13620500066867,75.439453125,44.388194091841044,9.140938296044272,17.258147472829553,17,51.968911859466296,170.0448900418365,46.47010006977863,0.09019982934218283,3.0945945945945947,Subject_30,Trial_1,4,LegExt
4,7,0.014684442136637426,0.022456576702715565,19.2471930720285,18.94293035626228,0.0005042977752196713,82,290,82.45890173083266,79.833984375,46.42904673357907,9.808515269398358,25.03578837939885,10,63.99466059889288,210.8590314254197,60.483050979429734,0.10107730465869907,2.581081081081081,Subject_30,Trial_2,4,LegExt
4,7,0.013312804755379883,0.022170192957011593,22.37267237124467,22.75158332694422,0.0004915174549026876,98,311,80.91790139362826,75.68359375,41.13482360495561,9.617848983248601,24.938863729423908,17,49.79755655039545,182.43486876340128,53.038655829480845,0.09186718394629699,3.418918918918919,Subject_30,Trial_3,4,LegExt
2,6,0.012181904245349399,0.04115489440269919,7.948913025331111,16.61611739065658,0.0016937252982789325,4,6,33.50990649595735,28.076171875,34.280511543052356,10.026123850935031,26.072566072022028,12,53.71844153659818,207.6560461439438,54.64931494202497,0.090700530234549,2.72972972972973,Subject_30,Trial_4,4,LegExt
2,7,0.006661722649703403,0.02289174925963242,5.643049091941604,10.165788763447393,0.000524032184146973,4,12,33.47909385226017,27.83203125,44.82540606938743,9.41415364229327,21.21191747482281,10,51.89529934559841,179.36475569776275,50.49980647689539,0.11002164275482844,3.054054054054054,Subject_30,Trial_5,4,LegExt
2,6,0.009639582084365996,0.03533669444932075,6.664796491891916,12.888121246797336,0.0012486819735680484,2,7,35.469612200488406,29.78515625,38.19462986493205,10.07523561017685,22.404534077505534,12,50.98863339153841,158.61473929086654,45.50096957787318,0.08115134005594635,2.675675675675676,Subject_30,Trial_6,4,LegExt
4,7,0.014305881445944864,0.021669612800908553,19.650545583968537,19.813645802633637,0.00046957193141364685,81,322,80.7878592011472,78.125,49.430425355839226,10.225184928301056,25.35185850137085,10,57.45585436960626,192.43810438606116,56.44160886473669,0.10097859881069222,2.77027027027027,Subject_30,Trial_7,4,LegExt
2,7,0.008865293888338758,0.03070404213840288,6.252863655290174,12.154317920912439,0.0009427382019594862,2,7,34.1344695797789,29.052734375,41.53329074028202,9.350536037296857,22.474407793749442,21,58.69954912700468,185.42293064392132,51.31140757206706,0.13353111017129604,2.7432432432432434,Subject_30,Trial_8,4,LegExt
4,6,0.014014543038073177,0.023299336659604947,23.872957385661902,24.13304311156201,0.0005428590730147913,97,312,82.76951490269774,80.078125,35.79446801424461,11.267822377992424,24.358419311075945,17,45.22054460697254,188.5250883012606,56.1259860784461,0.06713710330543933,3.445945945945946,Subject_30,Trial_9,4,LegExt
4,3,0.013292939775055775,0.02249643687048667,23.441357149390797,23.794362197349837,0.0005060886187756606,105,348,80.78728390345675,77.1484375,97.69189787687806,6.581086336434564,13.641191379550369,15,21.912673058020587,182.6122461190904,26.830931667009043,0.14113508522020768,3.581081081081081,Subject_30,Trial_10,4,LegExt
4,7,0.015126750082129745,0.02332341972332602,20.67252947436337,20.33035211038238,0.0005439816792044324,83,302,82.68253343974492,76.904296875,48.72277238421239,10.491781637685659,26.74421670334642,30,57.18545017942047,159.29005835117232,47.866551636524775,0.12524614612013285,2.689189189189189,Subject_30,Trial_11,4,LegExt
4,7,0.021887098671647672,0.032336668611778106,32.12556482198863,28.97851864126152,0.0010456544172990309,91,385,89.79981841866737,85.693359375,32.0033370719418,10.177489565722771,26.628864044506873,2,29.636694680512033,127.12779592496636,28.956698759780718,0.05603258455121979,2.6486486486486487,Subject_30,Trial_1,5,LegExt
4,4,0.015245013299613924,0.02382827692419063,25.89217594586789,26.053727729040197,0.0005677867788500919,99,397,79.49765871765847,77.392578125,43.1736970054439,7.914847387983913,20.33096515876149,13,27.33844823646003,87.58628932213458,18.34460224956431,0.11653965836788532,3.418918918918919,Subject_30,Trial_2,5,LegExt
4,4,0.01681368197064321,0.02604277495852819,23.788617707452637,23.959496808166573,0.0006782261174786582,75,336,79.73787743336084,76.171875,55.18621987063599,7.686255573122473,16.609265796822992,10,24.65215074640815,136.016033215627,18.486242237159782,0.11371560873441419,2.8513513513513513,Subject_30,Trial_3,5,LegExt
4,6,0.02169143133588786,0.03402085655955166,42.42678789624999,41.4523252828817,0.0011574186808908005,115,422,83.49607517261975,80.56640625,36.26556850033859,10.473726981500501,21.95940287812668,10,35.23294896834283,176.20753327936345,40.64019819348945,0.08516547320349539,3.824324324324324,Subject_30,Trial_4,5,LegExt
4,7,0.019590568216572443,0.029664526928437684,30.5763908543849,29.89520709848955,0.0008799841474206578,93,380,82.33389944007209,80.810546875,39.38822114294936,9.283274591580629,22.578336200758855,14,44.078571681774704,118.4616818118448,34.20584265654577,0.10971928635123143,3.054054054054054,Subject_30,Trial_5,5,LegExt
4,7,0.017802224268182645,0.027971431810529787,33.48834713673044,33.18334603589245,0.0007824009855863628,114,420,81.11925097299117,75.68359375,43.20432322064205,11.976153381803119,29.49777838810034,19,48.95339213785625,168.82251556331616,47.73732227538896,0.09312376701382591,3.72972972972973,Subject_30,Trial_6,5,LegExt
4,7,0.020139198059537265,0.031187806056427736,33.75312289194627,32.90744962928389,0.0009726792434306642,96,379,81.9635289385885,79.1015625,36.36429865856709,11.499957250317298,30.499928465901473,27,53.54517190409448,175.38634512352,47.40730578861102,0.09940290827882846,3.27027027027027,Subject_30,Trial_7,5,LegExt
4,4,0.026321353801247217,0.03874183583883166,36.13690063746408,35.9023265849012,0.0015009298440405274,82,330,82.13073029238937,79.58984375,43.806065934149345,6.094535883432299,14.4233480057816,10,26.019478613025292,63.037210101926725,9.409947481682167,0.07395271255060074,2.72972972972973,Subject_30,Trial_8,5,LegExt
4,6,0.028443667640536154,0.040904959023130426,48.04157724646255,46.67605859811983,0.0016732156679343368,113,459,83.89104214621425,80.810546875,39.807988998452444,9.710158993171607,22.727798898458264,4,46.16963215256093,183.9325995136877,50.310452243134556,0.11997075873485863,3.2837837837837838,Subject_30,Trial_9,5,LegExt
4,7,0.02258323495482153,0.031109470200465766,25.916073140825723,24.570559630845825,0.0009677969104044284,64,348,84.34691281265206,81.0546875,43.77253675454986,10.122057954178292,29.318028635314803,2,64.27937261450799,181.71854679000802,51.675135933630266,0.08230612110339011,2.175675675675676,Subject_30,Trial_10,5,LegExt
4,4,0.020390778641763058,0.029632401700985266,27.57984698792201,28.649043991677097,0.0008780791001821763,86,322,78.71486796054394,72.021484375,47.96501965578145,4.887794544005476,11.196357159021938,7,20.573898827209085,142.7044403539781,16.408983025192455,0.08849469712198269,2.810810810810811,Subject_30,Trial_11,5,LegExt
2,3,0.02314603765397612,0.08209474708500795,74.9489527885544,86.86707931537238,0.006739547493212752,27,277,44.43632291497922,34.1796875,172.52658543306978,20.454211695932308,46.18867479507488,80,135.2373798171533,372.98682305935085,104.02372778145062,0.4073168689863675,7.513513513513513,Subject_30,Trial_1,6,Walking
2,3,0.015578564008150051,0.02731138587658083,101.83475234520746,96.96098238672592,0.0007459117976376038,341,1129,92.53076325787406,91.796875,151.99171911543993,15.226049945040165,41.36596974757697,68,93.69898794533019,367.846786035194,82.91130397883597,0.29709748951785175,12.45945945945946,Subject_30,Trial_1,8,Walking
2,1,0.01172058709189434,0.021019064958035145,26.64686155980492,22.96063011302101,0.0004418010867998784,142,442,99.9494582304482,101.07421875,35.98197676657839,8.418348784798166,21.930663415557973,24,49.983963147780955,146.69591033219464,37.98456228690162,0.07954509113438217,3.918918918918919,Subject_31,Trial_1,0,Squat
4,5,0.014204231414224043,0.02774598628570968,22.372935184169897,27.44257509228085,0.0007698395915426758,32,275,56.944960830627764,47.36328125,43.83741819559067,12.640422675866589,31.113646404342386,31,48.58128986589015,150.9458824283401,36.03861737498457,0.06876844047166235,3.864864864864865,Subject_31,Trial_2,0,Squat
2,5,0.016495150061673774,0.03917174645714266,39.96164062764898,44.55340031658086,0.0015344257171061694,78,319,65.86529324798988,54.931640625,44.92508913595109,12.069456932028903,29.93958937741158,10,38.23593777847611,125.70398659247208,32.669059272425294,0.06312295066358936,5.405405405405405,Subject_31,Trial_3,0,Squat
2,5,0.00939189876108781,0.02095824616015469,28.20439241549446,25.367518553698176,0.0004392480816802819,136,325,94.848054395053,93.75,45.23258241481427,13.172725827312798,32.07532189799614,16,38.46096684668275,131.26884069519522,34.459705614820265,0.0695944878096758,5.405405405405405,Subject_31,Trial_4,0,Squat
2,1,0.010438241496084754,0.0195317983002115,24.648820953339456,21.784610002328883,0.0003814911440290464,114,415,95.51695181689053,98.14453125,85.78754420800139,8.210370638827468,20.731977596914696,22,47.229730645113634,209.31578230691542,37.82359219865506,0.10660365804322684,4.175675675675675,Subject_31,Trial_1,1,Squat
2,1,0.012507721673077035,0.0224304859345787,27.92668087521223,24.84033524273099,0.0005031266992441457,98,468,93.27416377300138,93.505859375,32.61042342783633,7.838566625710607,22.134489794439535,13,49.2380787368161,147.86773622474178,38.21426182646353,0.07976985679679177,3.972972972972973,Subject_31,Trial_2,1,Squat
2,1,0.01173456235590316,0.021780157764708933,27.580904600665406,24.572173573261217,0.0004743752648516776,126,392,94.5948346107701,90.576171875,58.80694701436609,8.682130743520204,23.272929015480248,22,48.23837081952791,175.2332128170145,38.00432924999419,0.09523387951432913,4.1891891891891895,Subject_31,Trial_3,1,Squat
2,1,0.011409348108562166,0.019796201004681505,26.79722750653292,23.891174939329176,0.00039188957421698025,120,465,92.97001918830358,90.576171875,64.00396034080846,8.126937516336705,22.44708273923966,21,47.999149878357876,174.91748080136992,36.14504404072838,0.08018225284712331,4.1891891891891895,Subject_31,Trial_4,1,Squat
2,1,0.010445835383673501,0.01874070655587388,22.230343812132794,20.88122493196333,0.00035121407435921066,91,415,90.52052761471353,83.740234375,91.54965125005208,8.282363691582272,22.516680146656768,10,50.70637132556003,197.60888880832076,40.82693381240393,0.09938179518347713,4.0,Subject_31,Trial_5,1,Squat
2,1,0.009616313287740819,0.017421706083904358,20.96875075074518,18.963369803424893,0.00030351583361989536,117,413,90.67777860404476,92.28515625,75.73893906419288,7.992480023151578,20.922197145432726,20,50.32461125135821,161.21693286409203,40.72459282604722,0.08884187216258661,3.945945945945946,Subject_31,Trial_6,1,Squat
2,1,0.010799830031233087,0.019551258546239802,24.504616014548134,21.804856833059603,0.00038225169972699624,120,466,95.23819557108982,94.482421875,64.96008045756108,8.166242049939234,22.01650639744904,31,49.89832628320748,187.13046206092972,37.37159620635308,0.09703453648657209,4.04054054054054,Subject_31,Trial_7,1,Squat
2,5,0.009320740808182133,0.015795202533632882,21.144799150539267,19.13548087919792,0.00024948842278186466,127,465,93.90222855060172,94.970703125,40.95232627693061,7.792031053405138,21.773600282636934,10,47.352016016554764,115.76624132255024,32.231455775734695,0.06261469940550397,4.108108108108108,Subject_31,Trial_8,1,Squat
2,1,0.011540601918945214,0.020361700124771065,24.791165870916593,21.742494015292785,0.00041459883057091604,116,434,97.83175350325146,95.947265625,70.68098939772298,8.112619770990054,22.604461183741257,22,53.526788815527205,157.7980612029374,35.23169666015043,0.09127972563830801,3.77027027027027,Subject_31,Trial_9,1,Squat
5,1,0.009854315057008383,0.02458139664711643,17.416256105822157,21.364155043594174,0.0006042450560397876,39,187,54.08419345993529,41.50390625,61.69312698576221,5.008848048336121,11.46030235977534,70,45.899752305291834,251.84341912876823,45.79735910246602,0.11621918828445202,4.337837837837838,Subject_31,Trial_10,1,Squat
2,5,0.011038019479772643,0.025247807501267917,24.569172949024008,24.073920485384136,0.00063745176456394,87,299,77.3210640718688,74.462890625,85.8018963078176,15.282846303229062,33.51368705695263,14,50.68856749979484,269.05674486535986,44.89592279060503,0.11980474484356915,4.364864864864865,Subject_31,Trial_11,1,Squat
6,6,0.010463569170195908,0.02735684665298511,17.49879303142164,19.786609300840464,0.0007483970506428018,20,239,46.20493816088236,33.935546875,54.802394660423644,5.0513121266131655,10.689142863539224,40,17.821288672072175,61.95559423361454,13.047241099308993,0.038633033202375204,3.7837837837837838,Subject_31,Trial_12,1,Squat
4,5,0.012896187046188026,0.030483281172976266,21.883359064239105,27.778386897489007,0.0009292297999201487,26,241,51.55921694786101,40.52734375,53.19612151525113,13.919617510835586,32.58819205183359,51,47.80815935966502,177.90184092651637,39.489187674795865,0.07865321471724158,4.3108108108108105,Subject_31,Trial_13,1,Squat
6,1,0.008372584691515908,0.013128613333387126,19.921297684503806,18.151763611206487,0.0001723604564873867,149,553,90.5618535130253,86.0595703125,35.044597932136455,8.537035936309628,23.831609196089666,22,47.38983177618477,110.99975942878827,28.0499811586285,0.07116928935331455,4.337837837837838,Subject_31,Trial_14,1,Squat
4,1,0.012129285502443084,0.018718191381192253,22.020551861070164,24.088761007851964,0.00035037044777137035,87,416,70.60025085231099,62.5,32.29128509256907,6.604011250094031,19.32993155998544,9,51.281757281597805,136.5859257152824,35.35876686833951,0.08009917247530542,3.972972972972973,Subject_31,Trial_15,1,Squat
6,0,0.010507348628209299,0.015942037803793968,27.18120759887821,23.767622597009435,0.0002541484512078027,169,632,94.88170595399482,94.970703125,39.35779747256835,7.537815857261922,15.780565903668776,16,42.05932642454655,112.18146946125671,32.35736339232288,0.05428311054247923,4.527027027027027,Subject_31,Trial_16,1,Squat
4,1,0.008643913831073966,0.013235713121649749,19.099490291942622,19.967440949780862,0.00017518404272543996,125,505,77.50047057892368,72.998046875,39.57489089962927,6.9617323274770815,20.03730947289294,24,45.09274950368364,190.02879312773848,32.370940630688814,0.08571693471644379,4.621621621621622,Subject_31,Trial_17,1,Squat
4,3,0.008850336295778305,0.013429422290113128,19.00043327839224,20.382324489177435,0.00018034937880463315,103,482,74.1677294387177,66.5283203125,33.53630087703529,8.000551183248342,17.417629947674705,33,18.224326980001276,42.73953595498546,9.434852011118995,0.023019952086772173,4.608108108108108,Subject_31,Trial_18,1,Squat
4,1,0.007714051494358967,0.011825580135031476,16.351132200743386,17.765460591508702,0.00013984434481797392,112,463,73.68851355821431,68.7255859375,43.84415345923362,6.895936699710644,23.025748778118807,19,46.22726803937955,139.45207562264355,31.234016464866766,0.07301163771635696,4.608108108108108,Subject_31,Trial_19,1,Squat
4,6,0.00931666218909109,0.01421221969335898,20.60745509616339,22.024589415011338,0.00020198718818573044,98,488,76.06428806069907,69.82421875,34.959080714269234,4.406976160723647,8.214266022263178,40,14.213195749339533,32.71879717104033,6.614333574121664,0.019513355373053095,4.72972972972973,Subject_31,Trial_20,1,Squat
4,1,0.010603670801418623,0.015534031484093668,23.869300450934965,24.780778662915324,0.0002413061314368566,135,573,77.26235738132232,72.021484375,34.49102765239293,6.9616777168599855,20.521207249984325,11,43.337701789746276,163.86088330213434,32.28285889684102,0.060576577836786716,4.675675675675675,Subject_31,Trial_21,1,Squat
4,0,0.008647950141290306,0.012862127039481749,16.835676020528634,18.04827194487287,0.00016543430718717902,106,466,72.64906122124222,65.5517578125,31.364523651262687,5.443810193198668,12.548281108166814,38,43.40207930756009,121.35325185490092,31.373897851681964,0.037491494947261006,4.175675675675675,Subject_31,Trial_22,1,Squat
4,1,0.008777406343782674,0.01357667143120668,18.05362421908181,20.09148312091854,0.00018432600372941436,98,441,70.09147450090543,62.744140625,30.93492426443895,7.024434737186484,20.955670145984797,11,44.2384366208691,138.19429975648723,30.82927615771239,0.06567352450199561,4.581081081081081,Subject_31,Trial_23,1,Squat
4,5,0.01497588793233143,0.023630699359892603,25.57459859069984,30.236317735377156,0.0005584099522179136,82,326,65.6664140519961,58.349609375,39.31840871645279,10.821359153894996,27.298623793025055,16,49.04111239458772,151.78026246953473,36.75904049642498,0.07420636182826468,4.04054054054054,Subject_31,Trial_1,2,Squat
6,5,0.01287082100923188,0.032814837520946924,27.262265679972934,28.68906002957786,0.0010768134922882313,46,273,59.276091807212914,46.5087890625,52.45018448396635,8.500665954852442,23.999409449065716,34,52.291206392606966,354.5148863530175,61.95925677803162,0.1463282645452319,4.45945945945946,Subject_31,Trial_2,2,Squat
6,5,0.013757326317708872,0.02699004421165133,26.01838246432904,27.69349787754796,0.0007284624832843757,72,375,64.8036239166086,53.22265625,48.9494506291897,11.13245882931997,29.743315633981602,7,51.854196047574646,136.11561459510162,32.943476358430786,0.07248242749292444,4.027027027027027,Subject_31,Trial_3,2,Squat
2,5,0.01070141364946785,0.02107162394689138,23.943589714637653,24.495535843631906,0.0004440133017388416,95,386,73.38138010943489,68.4814453125,50.636975547135485,10.615624868987174,28.749442002184246,35,49.675285351426915,167.78485281331373,37.14760049307541,0.07142017302611639,4.581081081081081,Subject_31,Trial_4,2,Squat
6,5,0.015043802743248933,0.039465156599711816,25.931606597021432,29.77168562888964,0.0015574985837962874,32,205,58.769866880091065,46.630859375,44.56033793252931,10.356330207446273,28.365326907819917,16,56.82997547476116,173.61304065866213,43.02572621915912,0.08328428813424797,3.9594594594594597,Subject_31,Trial_5,2,Squat
0,2,0.0076556379487707155,0.012747561874397653,14.933243124678553,14.476811361125423,0.00016250033294988264,118,386,84.9115081566983,82.03125,43.07327028234627,14.87233545784575,31.743130550180144,9,50.334978300435694,235.25697415659405,58.49165860589819,0.07264937434598313,3.7837837837837838,Subject_31,Trial_1,3,LegExt
0,2,0.00853985046599682,0.014731789334410734,11.753763186608875,11.537337979561705,0.00021702561688090096,79,229,83.20792920453782,76.416015625,77.56513038039813,24.720903581491267,62.543188819828245,33,82.18804870735116,263.71911932223975,82.63880779582462,0.12589576707976152,2.7027027027027026,Subject_31,Trial_2,3,LegExt
2,2,0.007022696627799161,0.011133540989991258,12.307065534423145,12.093083593070155,0.00012395572528161336,102,378,85.4012409030694,82.03125,54.2840739310762,18.396585157755425,40.06307810870414,5,57.6844599674165,231.23436321413726,62.38739155547789,0.08391760394942947,3.445945945945946,Subject_31,Trial_3,3,LegExt
2,2,0.013303627244347112,0.03514286877140205,20.816395074947245,23.095096896186586,0.001235021223474991,27,212,58.69476186425364,48.095703125,63.002728145501514,21.586516661683493,49.49636904582547,33,62.533586405914356,235.16117439549058,64.99279251005883,0.07453866113020297,3.472972972972973,Subject_31,Trial_4,3,LegExt
2,2,0.01417072240918714,0.025505500853054086,20.71595449113,23.73596003538846,0.0006505305727870232,50,296,65.80258924566243,57.861328125,65.02087184330018,22.91262862207036,55.91370324813163,12,64.78582612665672,259.83532660595716,74.11020107970467,0.09363525750410898,3.3513513513513513,Subject_31,Trial_5,3,LegExt
2,2,0.12169295387314623,0.4386921469097284,79.73145344649835,168.54474111430753,0.19245079957976008,2,9,31.89994606859975,25.146484375,63.54731144603885,22.867510370012983,56.97264707098571,23,75.70061081917423,239.56104313296836,74.62776844837691,0.13244072632854176,2.77027027027027,Subject_31,Trial_6,3,LegExt
2,2,0.01656451790588965,0.04004516159675375,23.12966788486235,28.076857850482952,0.0016036149314174882,24,196,39.56651642044741,27.587890625,63.585610984368316,22.15469899841627,55.04262792435129,17,62.72227568891452,261.2485753758153,76.27570200831009,0.12534984018825499,3.391891891891892,Subject_31,Trial_7,3,LegExt
2,2,0.010956309440123492,0.016715476027019015,16.575664410109866,15.393614763373506,0.00027940713747626953,78,440,81.99368069847078,81.298828125,74.2784919685747,23.84268534006782,57.54142786214304,18,75.130610496344,254.67280455454076,81.4315172441893,0.11602437466040323,2.810810810810811,Subject_31,Trial_8,3,LegExt
2,2,0.01304498786628939,0.019278846777771145,18.571830085414252,17.793363449618727,0.0003716738719763701,95,391,83.89239741037913,83.49609375,68.66340868902844,24.563489394124176,62.876767038229666,28,80.28047133241905,264.40270816656175,83.71354884088211,0.14923143468223515,2.72972972972973,Subject_31,Trial_9,3,LegExt
2,2,0.012022226623595237,0.017782696311236842,16.510908220093523,16.07371699574683,0.000316224273718613,85,427,82.993132203393,74.462890625,76.00773629615985,25.531085864226675,63.27611329798184,13,79.67523064433227,266.536864008444,83.91948144152519,0.12769117050835357,2.675675675675676,Subject_31,Trial_10,3,LegExt
0,2,0.0040495462643865224,0.007139389004862599,5.982757492695432,6.26464807100595,5.097087525139693e-05,82,212,77.66420211831755,75.68359375,50.874924003644686,14.106006020352009,35.09398117524407,24,43.653533026516335,190.5456298147553,47.47604787382686,0.06751527045983044,3.0945945945945947,Subject_31,Trial_1,4,LegExt
0,2,0.005093600035347199,0.009684456694214917,6.664095596829587,7.156508049662815,9.378870105926844e-05,57,192,72.33897064588511,64.697265625,63.64595596327255,18.059992366256598,53.779479484040635,30,64.19253392025786,216.67863753393598,68.15386316204419,0.11290071284724539,2.810810810810811,Subject_31,Trial_2,4,LegExt
0,2,0.005578996582312492,0.010420566930065066,7.0777490268965355,7.386591474981739,0.00010858821413317984,53,195,72.57729077413516,68.359375,71.20008708567326,20.218169171013866,56.611053522938796,22,71.7210503445834,240.54516852617306,73.96025534572368,0.1219462310299454,2.6486486486486487,Subject_31,Trial_3,4,LegExt
0,2,0.004237970484144024,0.007665924658546453,5.664976601081799,6.009442146516226,5.876640086400121e-05,56,200,73.60287378167153,69.82421875,56.02736733885078,15.333371635335613,41.45908500450545,15,51.8568382226155,194.1182406985472,53.3428759768759,0.06768745276725667,2.8378378378378377,Subject_31,Trial_4,4,LegExt
0,2,0.005023555417463847,0.009642578538183219,6.240772033339088,6.6160224847998865,9.297931744506831e-05,57,177,75.53052603602961,69.091796875,56.715613179495946,16.459908313350958,43.49415565829064,12,56.422804757548896,201.25521788093167,57.620137452663705,0.08095078568398587,2.635135135135135,Subject_31,Trial_5,4,LegExt
0,2,0.004598450477461632,0.009294489945767847,5.922602896356292,6.244695748392897,8.638754290003047e-05,44,162,74.25644389962754,67.138671875,54.89197019573133,15.602684941674386,45.407719709312474,33,55.34772135193882,184.39114077818465,53.36225826774003,0.07518022188328533,2.7162162162162162,Subject_31,Trial_6,4,LegExt
0,2,0.002592163168488664,0.0060560007604144855,7.229227732638336,7.52764184129108,3.667514471857087e-05,77,222,75.91242814085552,75.68359375,55.95825394694703,12.589841970349573,41.34202340196843,11,34.50631832436302,199.20707726870353,42.62155970853541,0.061105570151758506,5.8108108108108105,Subject_31,Trial_7,4,LegExt
0,2,0.005416135459738827,0.010021707392792687,5.8323247128078615,6.071487850367225,0.0001004346139786463,40,181,77.9689158405244,77.392578125,62.92567781078524,17.577440536633063,48.19304223144012,12,70.51972180839495,227.52515286406052,66.10821376217083,0.0856522463774198,2.2432432432432434,Subject_31,Trial_8,4,LegExt
0,2,0.0049660002471739,0.009185207370978742,6.721673636890673,6.977230347279329,8.436803402914139e-05,57,201,77.33898759036802,72.998046875,65.73661478373792,18.588648427889407,53.0713304330338,26,63.288432534806745,227.21668996653423,66.9421954365495,0.08449293900389215,2.810810810810811,Subject_31,Trial_9,4,LegExt
0,2,0.004805360323463196,0.008620644942509347,6.297331667191621,6.395934590529514,7.431551652422049e-05,67,205,80.16086392956649,83.251953125,68.33940952138192,19.468694058266426,54.255355098123495,19,64.74491481467672,222.2604371828727,64.70718241933926,0.08901756650046576,2.6621621621621623,Subject_31,Trial_10,4,LegExt
0,2,0.00457447742196188,0.008269634238746068,6.062364143563322,6.363098093948975,6.838685028204535e-05,53,211,76.4824365200549,77.880859375,65.70588608249044,18.917705278082757,54.70176016061103,35,65.93010524374598,216.41804209026552,66.98879393973796,0.1143281230732893,2.7837837837837838,Subject_31,Trial_11,4,LegExt
2,2,0.006142214950397547,0.015280525382839036,5.671898036704785,11.657923975854544,0.00023349445023303637,4,19,34.36447096634389,23.92578125,90.8702830517912,21.22127302177363,50.595661515663025,21,59.70124021494859,272.9265137430589,66.43477438171192,0.15140743977559298,3.7972972972972974,Subject_31,Trial_1,5,LegExt
2,2,0.010093721496370705,0.03686697749346698,7.87358128524105,16.220610444667724,0.0013591740284209274,2,6,50.652688334254236,39.306640625,82.70887838550858,25.059657761706163,63.70259899252051,23,77.6148473322238,258.20070393599417,77.75795228705084,0.17022621238873786,3.2162162162162162,Subject_31,Trial_2,5,LegExt
2,2,0.008722907495974251,0.030134096899240397,6.91868670218998,13.843254196111136,0.0009080637956960465,2,6,46.44854555585006,37.109375,81.2207705636451,22.522540772257297,59.00326292859011,17,80.88394248339087,313.13328746226017,88.14521069792306,0.1897324015643967,3.175675675675676,Subject_31,Trial_3,5,LegExt
0,2,0.010231768205008726,0.017494320799039318,14.122535092276316,13.751496467531727,0.0003060512595903603,70,268,84.95099570206361,79.833984375,66.56133734222028,22.858296492800946,60.96470849195686,11,73.60918823932516,246.11914163892058,72.35668537750276,0.17949751387725804,2.689189189189189,Subject_31,Trial_4,5,LegExt
0,2,0.010791438631770883,0.01902914324228818,15.707105678676038,15.086431207215693,0.00036210829119097626,86,268,84.83027854146353,83.0078125,70.32194101089848,21.086862146031027,44.84533967413847,16,77.25638755159692,227.3126554211753,70.75910566868794,0.165741488146405,2.7972972972972974,Subject_31,Trial_5,5,LegExt
2,2,0.008524169054943083,0.016750148165440362,5.398351606286743,13.46818710681007,0.0002805674481540175,4,23,28.595689779937118,21.728515625,86.02012874931499,23.227161109812066,58.718750116685854,11,76.12175929359695,255.21539822563028,74.48450240100067,0.1795315179472531,3.1621621621621623,Subject_31,Trial_6,5,LegExt
6,2,0.010075818865566567,0.01718741821943252,21.163694637552453,16.947527331882966,0.00029540734479872134,153,452,107.32634866716437,111.572265625,74.30347479756934,23.025237955344846,55.62342162094293,18,73.01172383524076,299.56741068652434,85.57114292866802,0.18219291847334734,3.364864864864865,Subject_31,Trial_7,5,LegExt
2,2,0.007716085999101665,0.02671317674950268,7.683787560128795,14.382784302325504,0.0007135938065910496,4,15,45.92437242355942,36.1328125,72.55034513504413,22.971199022984013,57.0227749118326,34,69.45325123266963,299.4004310578545,80.43705645918742,0.15618813276050852,3.72972972972973,Subject_31,Trial_8,5,LegExt
2,2,0.006727905199902686,0.023155805227856267,6.788969221142933,12.62827806021734,0.000536191315486421,4,14,47.00804394637512,35.15625,68.37078559712336,21.110410055938452,58.003534804826614,71,69.53065378799326,311.99460591419154,85.82412219479212,0.16970670110689035,3.7567567567567566,Subject_31,Trial_9,5,LegExt
2,2,0.006471932607206443,0.018133581367992865,6.348585298968869,12.018378851582364,0.0003288267728036089,3,17,51.127908418871854,40.52734375,74.44703341030004,19.42630269796452,53.80679769443367,42,67.62875482789963,302.10851996375555,86.2810821788894,0.1733754882065754,3.7162162162162162,Subject_31,Trial_10,5,LegExt
2,2,0.009627158367622948,0.02829107643538322,6.146637621573111,12.351644185660243,0.0008003849796581638,5,10,52.96065088098885,42.236328125,74.5252659401285,24.050402586315652,61.2161853177017,13,91.28290421814683,290.1278091797294,89.66366686723819,0.21270935739586472,2.5675675675675675,Subject_31,Trial_11,5,LegExt
5,7,0.016329770221408607,0.030984182529414594,60.208413152164816,93.48793451756427,0.0009600195575275056,85,422,46.78651494172008,35.7666015625,134.69578859338685,16.87282169727386,42.585650588991534,85,104.5897954291374,362.15968960826143,84.80763889847235,0.31038517896414286,11.45945945945946,Subject_31,Trial_1,6,Walking
6,4,0.01044434185830602,0.01802233513792357,110.05216266190588,105.69673960605691,0.0003248045638104564,446,1892,91.76315111691018,89.752197265625,104.24409867979708,8.27505563725537,15.738376428414231,187,47.75425812710231,191.6874336232843,26.12991946258802,0.18456863548438665,20.256756756756758,Subject_31,Trial_1,7,Walking
6,6,0.01738057665735647,0.028640136293505664,172.7014995718294,159.10179872144113,0.0008202573979062815,529,2061,94.55434827086813,95.245361328125,132.43880858999253,13.884010908247873,43.729857837901164,47,69.50918543899866,266.2234359338019,56.487727185590984,0.16759794198194228,18.324324324324323,Subject_31,Trial_1,8,Walking
