host_time,seq,angle_or_ch1,emg,fatigue,rms,zc,status
1778760448.736,4147,-30,614619,0,26097,26,STAND/UNKNOWN/#0/LOW_FORCE/OK/act=1/mav=63570/base=435495/th=56455
1778760448.736,4148,-30,611381,0,26097,26,STAND/UNKNOWN/#0/LOW_FORCE/OK/act=1/mav=63570/base=435495/th=56455
1778760448.816,4149,-30,609986,0,26097,26,STAND/UNKNOWN/#0/LOW_FORCE/OK/act=1/mav=63570/base=435495/th=56455
1778760448.817,4150,-30,606498,0,26097,26,STAND/UNKNOWN/#0/LOW_FORCE/OK/act=1/mav=63570/base=435495/th=56455
1778760448.817,4151,-30,606764,0,26097,26,STAND/UNKNOWN/#0/LOW_FORCE/OK/act=1/mav=63570/base=435495/th=56455
1778760448.817,4152,-30,608188,0,26097,26,STAND/UNKNOWN/#0/LOW_FORCE/OK/act=1/mav=63570/base=435495/th=56455
1778760448.883,4153,-30,609476,0,26097,26,STAND/UNKNOWN/#0/LOW_FORCE/OK/act=1/mav=63570/base=435495/th=56455
1778760448.884,4154,-30,616049,0,26097,26,STAND/UNKNOWN/#0/LOW_FORCE/OK/act=1/mav=63570/base=435495/th=56455
1778760448.884,4155,-30,619792,0,26097,26,STAND/UNKNOWN/#0/LOW_FORCE/OK/act=1/mav=63570/base=435495/th=56455
1778760448.966,4156,-30,619835,0,21844,26,STAND/UNKNOWN/#0/LOW_FORCE/OK/act=1/mav=62058/base=435495/th=56455
1778760448.966,4157,-30,620809,0,21844,26,STAND/UNKNOWN/#0/LOW_FORCE/OK/act=1/mav=62058/base=435495/th=56455
1778760448.966,4158,-30,627433,0,21844,26,STAND/UNKNOWN/#0/LOW_FORCE/OK/act=1/mav=62058/base=435495/th=56455
1778760448.966,4159,-30,630864,0,21844,26,STAND/UNKNOWN/#0/LOW_FORCE/OK/act=1/mav=62058/base=435495/th=56455
1778760448.966,4160,-30,634222,0,21844,26,STAND/UNKNOWN/#0/LOW_FORCE/OK/act=1/mav=62058/base=435495/th=56455
1778760449.036,4161,-30,636376,0,21844,26,STAND/UNKNOWN/#0/LOW_FORCE/OK/act=1/mav=62058/base=435495/th=56455
1778760449.036,4162,-30,639354,0,21844,26,STAND/UNKNOWN/#0/LOW_FORCE/OK/act=1/mav=62058/base=435495/th=56455
1778760449.036,4163,-30,644014,0,21844,26,STAND/UNKNOWN/#0/LOW_FORCE/OK/act=1/mav=62058/base=435495/th=56455
1778760449.104,4164,-30,645093,0,21844,26,STAND/UNKNOWN/#0/LOW_FORCE/OK/act=1/mav=62058/base=435495/th=56455
1778760449.105,4165,-30,643108,0,21844,26,STAND/UNKNOWN/#0/LOW_FORCE/OK/act=1/mav=62058/base=435495/th=56455
1778760449.105,4166,-30,640056,0,21844,26,STAND/UNKNOWN/#0/LOW_FORCE/OK/act=1/mav=62058/base=435495/th=56455
1778760449.173,4167,-30,638315,0,21844,26,STAND/UNKNOWN/#0/LOW_FORCE/OK/act=1/mav=62058/base=435495/th=56455
1778760449.173,4168,-30,635193,0,21844,26,STAND/UNKNOWN/#0/LOW_FORCE/OK/act=1/mav=62058/base=435495/th=56455
1778760449.173,4169,-30,635059,0,44502,28,STAND/UNKNOWN/#0/LOW_FORCE/OK/act=1/mav=70374/base=435495/th=56455
1778760449.173,4170,-30,638266,0,44502,28,STAND/UNKNOWN/#0/LOW_FORCE/OK/act=1/mav=70374/base=435495/th=56455
1778760449.232,4171,-30,642409,0,44502,28,STAND/UNKNOWN/#0/LOW_FORCE/OK/act=1/mav=70374/base=435495/th=56455
1778760449.232,4172,-30,643040,0,44502,28,STAND/UNKNOWN/#0/LOW_FORCE/OK/act=1/mav=70374/base=435495/th=56455
1778760449.232,4173,-30,639653,0,44502,28,STAND/UNKNOWN/#0/LOW_FORCE/OK/act=1/mav=70374/base=435495/th=56455
1778760449.290,4174,-30,636611,0,44502,28,STAND/UNKNOWN/#0/LOW_FORCE/OK/act=1/mav=70374/base=435495/th=56455
1778760449.290,4175,-30,634588,0,44502,28,STAND/UNKNOWN/#0/LOW_FORCE/OK/act=1/mav=70374/base=435495/th=56455
1778760449.290,4176,-30,632363,0,44502,28,STAND/UNKNOWN/#0/LOW_FORCE/OK/act=1/mav=70374/base=435495/th=56455
1778760449.350,4177,-30,632852,0,44502,28,STAND/UNKNOWN/#0/LOW_FORCE/OK/act=1/mav=70374/base=435495/th=56455
1778760449.350,4178,-30,633803,0,44502,28,STAND/UNKNOWN/#0/LOW_FORCE/OK/act=1/mav=70374/base=435495/th=56455
1778760449.350,4179,-30,636028,0,44502,28,STAND/UNKNOWN/#0/LOW_FORCE/OK/act=1/mav=70374/base=435495/th=56455
1778760449.408,4180,-30,636833,0,44502,28,STAND/UNKNOWN/#0/LOW_FORCE/OK/act=1/mav=70374/base=435495/th=56455
1778760449.408,4181,-30,640466,0,44502,28,STAND/UNKNOWN/#0/LOW_FORCE/OK/act=1/mav=70374/base=435495/th=56455
1778760449.408,4182,-30,636973,0,63516,36,STAND/UNKNOWN/#0/LOW_FORCE/OK/act=1/mav=82095/base=435495/th=56455
1778760449.471,4183,-30,635188,0,63516,36,STAND/UNKNOWN/#0/LOW_FORCE/OK/act=1/mav=82095/base=435495/th=56455
1778760449.471,4184,-30,633728,0,63516,36,STAND/UNKNOWN/#0/LOW_FORCE/OK/act=1/mav=82095/base=435495/th=56455
1778760449.472,4185,-30,631894,0,63516,36,STAND/UNKNOWN/#0/LOW_FORCE/OK/act=1/mav=82095/base=435495/th=56455
1778760449.534,4186,-30,632083,0,63516,36,STAND/UNKNOWN/#0/LOW_FORCE/OK/act=1/mav=82095/base=435495/th=56455
1778760449.535,4187,-30,634105,0,63516,36,STAND/UNKNOWN/#0/LOW_FORCE/OK/act=1/mav=82095/base=435495/th=56455
1778760449.535,4188,-30,637935,0,63516,36,STAND/UNKNOWN/#0/LOW_FORCE/OK/act=1/mav=82095/base=435495/th=56455
1778760449.597,4189,-30,643036,0,63516,36,STAND/UNKNOWN/#0/LOW_FORCE/OK/act=1/mav=82095/base=435495/th=56455
1778760449.598,4190,-30,643971,0,63516,36,STAND/UNKNOWN/#0/LOW_FORCE/OK/act=1/mav=82095/base=435495/th=56455
1778760449.598,4191,-30,642855,0,63516,36,STAND/UNKNOWN/#0/LOW_FORCE/OK/act=1/mav=82095/base=435495/th=56455
1778760449.665,4192,-30,637699,0,63516,36,STAND/UNKNOWN/#0/LOW_FORCE/OK/act=1/mav=82095/base=435495/th=56455
1778760449.665,4193,-30,636881,0,63516,36,STAND/UNKNOWN/#0/LOW_FORCE/OK/act=1/mav=82095/base=435495/th=56455
1778760449.665,4194,-30,632009,0,63516,36,STAND/UNKNOWN/#0/LOW_FORCE/OK/act=1/mav=82095/base=435495/th=56455
1778760449.722,4195,-30,633291,0,65535,47,STAND/UNKNOWN/#0/LOW_FORCE/OK/act=1/mav=86122/base=435495/th=56455
1778760449.722,4196,-30,632304,0,65535,47,STAND/UNKNOWN/#0/LOW_FORCE/OK/act=1/mav=86122/base=435495/th=56455
1778760449.722,4197,-30,635562,0,65535,47,STAND/UNKNOWN/#0/LOW_FORCE/OK/act=1/mav=86122/base=435495/th=56455
1778760449.777,4198,-30,639653,0,65535,47,STAND/UNKNOWN/#0/LOW_FORCE/OK/act=1/mav=86122/base=435495/th=56455
1778760449.777,4199,-30,641460,0,65535,47,STAND/UNKNOWN/#0/LOW_FORCE/OK/act=1/mav=86122/base=435495/th=56455
1778760449.777,4200,-30,636699,0,65535,47,STAND/UNKNOWN/#0/LOW_FORCE/OK/act=1/mav=86122/base=435495/th=56455
1778760449.838,4201,-30,634538,0,65535,47,STAND/UNKNOWN/#0/LOW_FORCE/OK/act=1/mav=86122/base=435495/th=56455
1778760449.838,4202,-30,634223,0,65535,47,STAND/UNKNOWN/#0/LOW_FORCE/OK/act=1/mav=86122/base=435495/th=56455
1778760449.838,4203,-30,630301,0,65535,47,STAND/UNKNOWN/#0/LOW_FORCE/OK/act=1/mav=86122/base=435495/th=56455
1778760449.895,4204,-30,630368,0,65535,47,STAND/UNKNOWN/#0/LOW_FORCE/OK/act=1/mav=86122/base=435495/th=56455
1778760449.895,4205,-30,629853,0,65535,47,STAND/UNKNOWN/#0/LOW_FORCE/OK/act=1/mav=86122/base=435495/th=56455
1778760449.895,4206,-30,631381,0,65535,47,STAND/UNKNOWN/#0/LOW_FORCE/OK/act=1/mav=86122/base=435495/th=56455
1778760449.953,4207,-30,634879,0,65535,47,STAND/UNKNOWN/#0/LOW_FORCE/OK/act=1/mav=86122/base=435495/th=56455
1778760449.954,4208,-30,634521,0,65535,52,STAND/UNKNOWN/#0/LOW_FORCE/OK/act=1/mav=86420/base=435495/th=56455
1778760449.954,4209,-30,630998,0,65535,52,STAND/UNKNOWN/#0/LOW_FORCE/OK/act=1/mav=86420/base=435495/th=56455
1778760450.010,4210,-30,626602,0,65535,52,STAND/UNKNOWN/#0/LOW_FORCE/OK/act=1/mav=86420/base=435495/th=56455
1778760450.010,4211,-30,626828,0,65535,52,STAND/UNKNOWN/#0/LOW_FORCE/OK/act=1/mav=86420/base=435495/th=56455
1778760450.010,4212,-30,622964,0,65535,52,STAND/UNKNOWN/#0/LOW_FORCE/OK/act=1/mav=86420/base=435495/th=56455
1778760450.075,4213,-30,623523,0,65535,52,STAND/UNKNOWN/#0/LOW_FORCE/OK/act=1/mav=86420/base=435495/th=56455
1778760450.075,4214,-30,623937,0,65535,52,STAND/UNKNOWN/#0/LOW_FORCE/OK/act=1/mav=86420/base=435495/th=56455
1778760450.075,4215,-30,625694,0,65535,52,STAND/UNKNOWN/#0/LOW_FORCE/OK/act=1/mav=86420/base=435495/th=56455
1778760450.134,4216,-30,629359,0,65535,52,STAND/UNKNOWN/#0/LOW_FORCE/OK/act=1/mav=86420/base=435495/th=56455
1778760450.134,4217,-30,629332,0,65535,52,STAND/UNKNOWN/#0/LOW_FORCE/OK/act=1/mav=86420/base=435495/th=56455
1778760450.134,4218,-30,625443,0,65535,52,STAND/UNKNOWN/#0/LOW_FORCE/OK/act=1/mav=86420/base=435495/th=56455
1778760450.198,4219,-30,623561,0,65535,52,STAND/UNKNOWN/#0/LOW_FORCE/OK/act=1/mav=86420/base=435495/th=56455
1778760450.198,4220,-30,622626,0,65535,51,STAND/UNKNOWN/#0/LOW_FORCE/OK/act=1/mav=84960/base=435495/th=56455
1778760450.198,4221,-30,620713,0,65535,51,STAND/UNKNOWN/#0/LOW_FORCE/OK/act=1/mav=84960/base=435495/th=56455
1778760450.260,4222,-30,619237,0,65535,51,STAND/UNKNOWN/#0/LOW_FORCE/OK/act=1/mav=84960/base=435495/th=56455
1778760450.260,4223,-30,619624,0,65535,51,STAND/UNKNOWN/#0/LOW_FORCE/OK/act=1/mav=84960/base=435495/th=56455
1778760450.260,4224,-30,620548,0,65535,51,STAND/UNKNOWN/#0/LOW_FORCE/OK/act=1/mav=84960/base=435495/th=56455
1778760450.327,4225,-30,620849,0,65535,51,STAND/UNKNOWN/#0/LOW_FORCE/OK/act=1/mav=84960/base=435495/th=56455
1778760450.327,4226,-30,620892,0,65535,51,STAND/UNKNOWN/#0/LOW_FORCE/OK/act=1/mav=84960/base=435495/th=56455
1778760450.327,4227,-30,618083,0,65535,51,STAND/UNKNOWN/#0/LOW_FORCE/OK/act=1/mav=84960/base=435495/th=56455
1778760450.328,4228,-30,613281,0,65535,51,STAND/UNKNOWN/#0/LOW_FORCE/OK/act=1/mav=84960/base=435495/th=56455
1778760450.391,4229,-30,611362,0,65535,51,STAND/UNKNOWN/#0/LOW_FORCE/OK/act=1/mav=84960/base=435495/th=56455
1778760450.391,4230,-30,608031,0,65535,51,STAND/UNKNOWN/#0/LOW_FORCE/OK/act=1/mav=84960/base=435495/th=56455
1778760450.391,4231,-30,608561,0,65535,51,STAND/UNKNOWN/#0/LOW_FORCE/OK/act=1/mav=84960/base=435495/th=56455
1778760450.465,4232,-30,609446,0,65535,51,STAND/UNKNOWN/#0/LOW_FORCE/OK/act=1/mav=84960/base=435495/th=56455
1778760450.465,4233,-30,607235,0,61449,51,STAND/UNKNOWN/#0/LOW_FORCE/OK/act=1/mav=82378/base=435495/th=56455
1778760450.465,4234,-30,610150,0,61449,51,STAND/UNKNOWN/#0/LOW_FORCE/OK/act=1/mav=82378/base=435495/th=56455
1778760450.529,4235,-30,608066,0,61449,51,STAND/UNKNOWN/#0/LOW_FORCE/OK/act=1/mav=82378/base=435495/th=56455
1778760450.529,4236,-30,605439,0,61449,51,STAND/UNKNOWN/#0/LOW_FORCE/OK/act=1/mav=82378/base=435495/th=56455
1778760450.529,4237,-30,599707,0,61449,51,STAND/UNKNOWN/#0/LOW_FORCE/OK/act=1/mav=82378/base=435495/th=56455
1778760450.529,4238,-30,603431,0,61449,51,STAND/UNKNOWN/#0/LOW_FORCE/OK/act=1/mav=82378/base=435495/th=56455
1778760450.581,4239,-30,600038,0,61449,51,STAND/UNKNOWN/#0/LOW_FORCE/OK/act=1/mav=82378/base=435495/th=56455
1778760450.581,4240,-30,599166,0,61449,51,STAND/UNKNOWN/#0/LOW_FORCE/OK/act=1/mav=82378/base=435495/th=56455
1778760450.636,4241,-30,598849,0,61449,51,STAND/UNKNOWN/#0/LOW_FORCE/OK/act=1/mav=82378/base=435495/th=56455
1778760450.637,4242,-30,600966,0,61449,51,STAND/UNKNOWN/#0/LOW_FORCE/OK/act=1/mav=82378/base=435495/th=56455
1778760450.637,4243,-30,605953,0,61449,51,STAND/UNKNOWN/#0/LOW_FORCE/OK/act=1/mav=82378/base=435495/th=56455
1778760450.707,4244,-30,606221,0,61449,51,STAND/UNKNOWN/#0/LOW_FORCE/OK/act=1/mav=82378/base=435495/th=56455
1778760450.707,4245,-30,602953,0,61449,51,STAND/UNKNOWN/#0/LOW_FORCE/OK/act=1/mav=82378/base=435495/th=56455
1778760450.707,4246,-30,599082,0,55446,51,STAND/UNKNOWN/#0/LOW_FORCE/OK/act=1/mav=79025/base=435495/th=56455
1778760450.707,4247,-30,597148,0,55446,51,STAND/UNKNOWN/#0/LOW_FORCE/OK/act=1/mav=79025/base=435495/th=56455
1778760450.773,4248,-30,592819,0,55446,51,STAND/UNKNOWN/#0/LOW_FORCE/OK/act=1/mav=79025/base=435495/th=56455
1778760450.774,4249,-30,593048,0,55446,51,STAND/UNKNOWN/#0/LOW_FORCE/OK/act=1/mav=79025/base=435495/th=56455
1778760450.774,4250,-30,596521,0,55446,51,STAND/UNKNOWN/#0/LOW_FORCE/OK/act=1/mav=79025/base=435495/th=56455
1778760450.836,4251,-30,596877,0,55446,51,STAND/UNKNOWN/#0/LOW_FORCE/OK/act=1/mav=79025/base=435495/th=56455
1778760450.836,4252,-30,600671,0,55446,51,STAND/UNKNOWN/#0/LOW_FORCE/OK/act=1/mav=79025/base=435495/th=56455
1778760450.837,4253,-30,599507,0,55446,51,STAND/UNKNOWN/#0/LOW_FORCE/OK/act=1/mav=79025/base=435495/th=56455
1778760450.892,4254,-30,597468,0,55446,51,STAND/UNKNOWN/#0/LOW_FORCE/OK/act=1/mav=79025/base=435495/th=56455
1778760450.892,4255,-30,591723,0,55446,51,STAND/UNKNOWN/#0/LOW_FORCE/OK/act=1/mav=79025/base=435495/th=56455
1778760450.892,4256,-30,590404,0,55446,51,STAND/UNKNOWN/#0/LOW_FORCE/OK/act=1/mav=79025/base=435495/th=56455
1778760450.951,4257,-30,588160,0,55446,51,STAND/UNKNOWN/#0/LOW_FORCE/OK/act=1/mav=79025/base=435495/th=56455
1778760450.952,4258,-30,588902,0,55446,51,STAND/UNKNOWN/#0/LOW_FORCE/OK/act=1/mav=79025/base=435495/th=56455
1778760450.952,4259,-30,590388,0,48612,51,STAND/UNKNOWN/#0/LOW_FORCE/OK/act=1/mav=74995/base=435495/th=56455
1778760451.010,4260,-30,589196,0,48612,51,STAND/UNKNOWN/#0/LOW_FORCE/OK/act=1/mav=74995/base=435495/th=56455
1778760451.010,4261,-30,595206,0,48612,51,STAND/UNKNOWN/#0/LOW_FORCE/OK/act=1/mav=74995/base=435495/th=56455
1778760451.010,4262,-30,594985,0,48612,51,STAND/UNKNOWN/#0/LOW_FORCE/OK/act=1/mav=74995/base=435495/th=56455
1778760451.071,4263,-30,592248,0,48612,51,STAND/UNKNOWN/#0/LOW_FORCE/OK/act=1/mav=74995/base=435495/th=56455
1778760451.072,4264,-30,586895,0,48612,51,STAND/UNKNOWN/#0/LOW_FORCE/OK/act=1/mav=74995/base=435495/th=56455
1778760451.072,4265,-30,586061,0,48612,51,STAND/UNKNOWN/#0/LOW_FORCE/OK/act=1/mav=74995/base=435495/th=56455
1778760451.134,4266,-30,584339,0,48612,51,STAND/UNKNOWN/#0/LOW_FORCE/OK/act=1/mav=74995/base=435495/th=56455
1778760451.134,4267,-30,584122,0,48612,51,STAND/UNKNOWN/#0/LOW_FORCE/OK/act=1/mav=74995/base=435495/th=56455
1778760451.134,4268,-30,584291,0,48612,51,STAND/UNKNOWN/#0/LOW_FORCE/OK/act=1/mav=74995/base=435495/th=56455
1778760451.197,4269,-30,586136,0,48612,51,STAND/UNKNOWN/#0/LOW_FORCE/OK/act=1/mav=74995/base=435495/th=56455
1778760451.197,4270,-30,589098,0,48612,51,STAND/UNKNOWN/#0/LOW_FORCE/OK/act=1/mav=74995/base=435495/th=56455
1778760451.197,4271,-30,591324,0,48612,51,STAND/UNKNOWN/#0/LOW_FORCE/OK/act=1/mav=74995/base=435495/th=56455
1778760451.269,4272,-30,588061,0,40195,52,STAND/UNKNOWN/#0/LOW_FORCE/OK/act=1/mav=70134/base=435495/th=56455
1778760451.270,4273,-30,586643,0,40195,52,STAND/UNKNOWN/#0/LOW_FORCE/OK/act=1/mav=70134/base=435495/th=56455
1778760451.270,4274,-30,583011,0,40195,52,STAND/UNKNOWN/#0/LOW_FORCE/OK/act=1/mav=70134/base=435495/th=56455
1778760451.270,4275,-30,581445,0,40195,52,STAND/UNKNOWN/#0/LOW_FORCE/OK/act=1/mav=70134/base=435495/th=56455
1778760451.353,4276,-30,579783,0,40195,52,STAND/UNKNOWN/#0/LOW_FORCE/OK/act=1/mav=70134/base=435495/th=56455
1778760451.354,4277,-30,579949,0,40195,52,STAND/UNKNOWN/#0/LOW_FORCE/OK/act=1/mav=70134/base=435495/th=56455
1778760451.354,4278,-30,578821,0,40195,52,STAND/UNKNOWN/#0/LOW_FORCE/OK/act=1/mav=70134/base=435495/th=56455
1778760451.354,4279,-30,583844,0,40195,52,STAND/UNKNOWN/#0/LOW_FORCE/OK/act=1/mav=70134/base=435495/th=56455
1778760451.427,4280,-30,582581,0,40195,52,STAND/UNKNOWN/#0/LOW_FORCE/OK/act=1/mav=70134/base=435495/th=56455
1778760451.428,4281,-30,580724,0,40195,52,STAND/UNKNOWN/#0/LOW_FORCE/OK/act=1/mav=70134/base=435495/th=56455
1778760451.428,4282,-30,578934,0,40195,52,STAND/UNKNOWN/#0/LOW_FORCE/OK/act=1/mav=70134/base=435495/th=56455
1778760451.428,4283,-30,578510,0,40195,52,STAND/UNKNOWN/#0/LOW_FORCE/OK/act=1/mav=70134/base=435495/th=56455
1778760451.508,4284,-30,576223,0,30574,51,STAND/UNKNOWN/#0/LOW_FORCE/OK/act=1/mav=65369/base=435495/th=56455
1778760451.508,4285,-30,576941,0,30574,51,STAND/UNKNOWN/#0/LOW_FORCE/OK/act=1/mav=65369/base=435495/th=56455
1778760451.508,4286,-30,581789,0,30574,51,STAND/UNKNOWN/#0/LOW_FORCE/OK/act=1/mav=65369/base=435495/th=56455
1778760451.509,4287,-30,583929,0,30574,51,STAND/UNKNOWN/#0/LOW_FORCE/OK/act=1/mav=65369/base=435495/th=56455
1778760451.586,4288,-30,585784,0,30574,51,STAND/UNKNOWN/#0/LOW_FORCE/OK/act=1/mav=65369/base=435495/th=56455
1778760451.586,4289,-30,581953,0,30574,51,STAND/UNKNOWN/#0/LOW_FORCE/OK/act=1/mav=65369/base=435495/th=56455
1778760451.586,4290,-30,579821,0,30574,51,STAND/UNKNOWN/#0/LOW_FORCE/OK/act=1/mav=65369/base=435495/th=56455
1778760451.586,4291,-30,579284,0,30574,51,STAND/UNKNOWN/#0/LOW_FORCE/OK/act=1/mav=65369/base=435495/th=56455
1778760451.654,4292,-30,575981,0,30574,51,STAND/UNKNOWN/#0/LOW_FORCE/OK/act=1/mav=65369/base=435495/th=56455
1778760451.654,4293,-30,575306,0,30574,51,STAND/UNKNOWN/#0/LOW_FORCE/OK/act=1/mav=65369/base=435495/th=56455
1778760451.654,4294,-30,576125,0,30574,51,STAND/UNKNOWN/#0/LOW_FORCE/OK/act=1/mav=65369/base=435495/th=56455
1778760451.721,4295,-30,578158,0,30574,51,STAND/UNKNOWN/#0/LOW_FORCE/OK/act=1/mav=65369/base=435495/th=56455
1778760451.721,4296,-30,582756,0,30574,51,STAND/UNKNOWN/#0/LOW_FORCE/OK/act=1/mav=65369/base=435495/th=56455
1778760451.721,4297,-30,582210,0,16376,51,STAND/UNKNOWN/#0/LOW_FORCE/OK/act=1/mav=60295/base=435495/th=56455
1778760451.796,4298,-30,578732,0,16376,51,STAND/UNKNOWN/#0/LOW_FORCE/OK/act=1/mav=60295/base=435495/th=56455
1778760451.796,4299,-30,575111,0,16376,51,STAND/UNKNOWN/#0/LOW_FORCE/OK/act=1/mav=60295/base=435495/th=56455
1778760451.796,4300,-30,572839,0,16376,51,STAND/UNKNOWN/#0/LOW_FORCE/OK/act=1/mav=60295/base=435495/th=56455
1778760451.796,4301,-30,569111,0,16376,51,STAND/UNKNOWN/#0/LOW_FORCE/OK/act=1/mav=60295/base=435495/th=56455
1778760451.868,4302,-30,569330,0,16376,51,STAND/UNKNOWN/#0/LOW_FORCE/OK/act=1/mav=60295/base=435495/th=56455
1778760451.868,4303,-30,567618,0,16376,51,STAND/UNKNOWN/#0/LOW_FORCE/OK/act=1/mav=60295/base=435495/th=56455
1778760451.868,4304,-30,568018,0,16376,51,STAND/UNKNOWN/#0/LOW_FORCE/OK/act=1/mav=60295/base=435495/th=56455
1778760451.868,4305,-30,571213,0,16376,51,STAND/UNKNOWN/#0/LOW_FORCE/OK/act=1/mav=60295/base=435495/th=56455
1778760451.930,4306,-30,570329,0,16376,51,STAND/UNKNOWN/#0/LOW_FORCE/OK/act=1/mav=60295/base=435495/th=56455
1778760451.930,4307,-30,565011,0,16376,51,STAND/UNKNOWN/#0/LOW_FORCE/OK/act=1/mav=60295/base=435495/th=56455
1778760451.931,4308,-30,565486,0,16376,51,STAND/UNKNOWN/#0/LOW_FORCE/OK/act=1/mav=60295/base=435495/th=56455
1778760451.997,4309,-30,565524,0,16376,51,STAND/UNKNOWN/#0/LOW_FORCE/OK/act=1/mav=60295/base=435495/th=56455
1778760451.997,4310,-30,561724,0,63684,51,STAND/UNKNOWN/#0/LOW_FORCE/REST/act=0/mav=56336/base=435495/th=56455
1778760451.997,4311,-30,560703,0,63684,51,STAND/UNKNOWN/#0/LOW_FORCE/REST/act=0/mav=56336/base=435495/th=56455
1778760452.066,4312,-30,563214,0,63684,51,STAND/UNKNOWN/#0/LOW_FORCE/REST/act=0/mav=56336/base=435495/th=56455
1778760452.066,4313,-30,567989,0,63684,51,STAND/UNKNOWN/#0/LOW_FORCE/REST/act=0/mav=56336/base=435495/th=56455
1778760452.066,4314,-30,569721,0,63684,51,STAND/UNKNOWN/#0/LOW_FORCE/REST/act=0/mav=56336/base=435495/th=56455
1778760452.066,4315,-30,566986,0,63684,51,STAND/UNKNOWN/#0/LOW_FORCE/REST/act=0/mav=56336/base=435495/th=56455
1778760452.129,4316,-30,564154,0,63684,51,STAND/UNKNOWN/#0/LOW_FORCE/REST/act=0/mav=56336/base=435495/th=56455
1778760452.129,4317,-30,563364,0,63684,51,STAND/UNKNOWN/#0/LOW_FORCE/REST/act=0/mav=56336/base=435495/th=56455
1778760452.129,4318,-30,561251,0,63684,51,STAND/UNKNOWN/#0/LOW_FORCE/REST/act=0/mav=56336/base=435495/th=56455
1778760452.208,4319,-30,563120,0,63684,51,STAND/UNKNOWN/#0/LOW_FORCE/REST/act=0/mav=56336/base=435495/th=56455
1778760452.208,4320,-30,564396,0,63684,51,STAND/UNKNOWN/#0/LOW_FORCE/REST/act=0/mav=56336/base=435495/th=56455
1778760452.208,4321,-30,568253,0,63684,51,STAND/UNKNOWN/#0/LOW_FORCE/REST/act=0/mav=56336/base=435495/th=56455
1778760452.208,4322,-30,570081,0,63684,51,STAND/UNKNOWN/#0/LOW_FORCE/REST/act=0/mav=56336/base=435495/th=56455
1778760452.297,4323,-30,564851,0,60485,45,STAND/UNKNOWN/#0/LOW_FORCE/REST/act=0/mav=52656/base=435495/th=56455
1778760452.297,4324,-30,563533,0,60485,45,STAND/UNKNOWN/#0/LOW_FORCE/REST/act=0/mav=52656/base=435495/th=56455
1778760452.297,4325,-30,561743,0,60485,45,STAND/UNKNOWN/#0/LOW_FORCE/REST/act=0/mav=52656/base=435495/th=56455
1778760452.297,4326,-30,558019,0,60485,45,STAND/UNKNOWN/#0/LOW_FORCE/REST/act=0/mav=52656/base=435495/th=56455
1778760452.377,4327,-30,558569,0,60485,45,STAND/UNKNOWN/#0/LOW_FORCE/REST/act=0/mav=52656/base=435495/th=56455
1778760452.378,4328,-30,560533,0,60485,45,STAND/UNKNOWN/#0/LOW_FORCE/REST/act=0/mav=52656/base=435495/th=56455
1778760452.378,4329,-30,563290,0,60485,45,STAND/UNKNOWN/#0/LOW_FORCE/REST/act=0/mav=52656/base=435495/th=56455
1778760452.378,4330,-30,564408,0,60485,45,STAND/UNKNOWN/#0/LOW_FORCE/REST/act=0/mav=52656/base=435495/th=56455
1778760452.450,4331,-30,559181,0,60485,45,STAND/UNKNOWN/#0/LOW_FORCE/REST/act=0/mav=52656/base=435495/th=56455
1778760452.451,4332,-30,557133,0,60485,45,STAND/UNKNOWN/#0/LOW_FORCE/REST/act=0/mav=52656/base=435495/th=56455
1778760452.451,4333,-30,555127,0,60485,45,STAND/UNKNOWN/#0/LOW_FORCE/REST/act=0/mav=52656/base=435495/th=56455
1778760452.451,4334,-30,550870,0,60485,45,STAND/UNKNOWN/#0/LOW_FORCE/REST/act=0/mav=52656/base=435495/th=56455
1778760452.523,4335,-30,551228,0,60485,45,STAND/UNKNOWN/#0/LOW_FORCE/REST/act=0/mav=52656/base=435495/th=56455
1778760452.523,4336,-30,553933,0,56206,32,STAND/UNKNOWN/#0/LOW_FORCE/REST/act=0/mav=47334/base=435495/th=56455
1778760452.523,4337,-30,554994,0,56206,32,STAND/UNKNOWN/#0/LOW_FORCE/REST/act=0/mav=47334/base=435495/th=56455
1778760452.601,4338,-30,555135,0,56206,32,STAND/UNKNOWN/#0/LOW_FORCE/REST/act=0/mav=47334/base=435495/th=56455
1778760452.601,4339,-30,548832,0,56206,32,STAND/UNKNOWN/#0/LOW_FORCE/REST/act=0/mav=47334/base=435495/th=56455
1778760452.601,4340,-30,547274,0,56206,32,STAND/UNKNOWN/#0/LOW_FORCE/REST/act=0/mav=47334/base=435495/th=56455
1778760452.602,4341,-30,543372,0,56206,32,STAND/UNKNOWN/#0/LOW_FORCE/REST/act=0/mav=47334/base=435495/th=56455
1778760452.688,4342,-30,542351,0,56206,32,STAND/UNKNOWN/#0/LOW_FORCE/REST/act=0/mav=47334/base=435495/th=56455
1778760452.689,4343,-30,543114,0,56206,32,STAND/UNKNOWN/#0/LOW_FORCE/REST/act=0/mav=47334/base=435495/th=56455
1778760452.689,4344,-30,544780,0,56206,32,STAND/UNKNOWN/#0/LOW_FORCE/REST/act=0/mav=47334/base=435495/th=56455
1778760452.689,4345,-30,550628,0,56206,32,STAND/UNKNOWN/#0/LOW_FORCE/REST/act=0/mav=47334/base=435495/th=56455
1778760452.689,4346,-30,551539,0,56206,32,STAND/UNKNOWN/#0/LOW_FORCE/REST/act=0/mav=47334/base=435495/th=56455
1778760452.770,4347,-30,548529,0,56206,32,STAND/UNKNOWN/#0/LOW_FORCE/REST/act=0/mav=47334/base=435495/th=56455
1778760452.771,4348,-30,545825,0,52791,16,STAND/UNKNOWN/#0/LOW_FORCE/REST/act=0/mav=43510/base=435495/th=56455
1778760452.771,4349,-30,546511,0,52791,16,STAND/UNKNOWN/#0/LOW_FORCE/REST/act=0/mav=43510/base=435495/th=56455
1778760452.771,4350,-30,541269,0,52791,16,STAND/UNKNOWN/#0/LOW_FORCE/REST/act=0/mav=43510/base=435495/th=56455
1778760452.863,4351,-30,542027,0,52791,16,STAND/UNKNOWN/#0/LOW_FORCE/REST/act=0/mav=43510/base=435495/th=56455
1778760452.864,4352,-30,543793,0,52791,16,STAND/UNKNOWN/#0/LOW_FORCE/REST/act=0/mav=43510/base=435495/th=56455
1778760452.864,4353,-30,548044,0,52791,16,STAND/UNKNOWN/#0/LOW_FORCE/REST/act=0/mav=43510/base=435495/th=56455
1778760452.865,4354,-30,548983,0,52791,16,STAND/UNKNOWN/#0/LOW_FORCE/REST/act=0/mav=43510/base=435495/th=56455
1778760452.953,4355,-30,543953,0,52791,16,STAND/UNKNOWN/#0/LOW_FORCE/REST/act=0/mav=43510/base=435495/th=56455
1778760452.953,4356,-30,542854,0,52791,16,STAND/UNKNOWN/#0/LOW_FORCE/REST/act=0/mav=43510/base=435495/th=56455
1778760452.953,4357,-30,541183,0,52791,16,STAND/UNKNOWN/#0/LOW_FORCE/REST/act=0/mav=43510/base=435495/th=56455
1778760452.953,4358,-30,538218,0,52791,16,STAND/UNKNOWN/#0/LOW_FORCE/REST/act=0/mav=43510/base=435495/th=56455
1778760452.953,4359,-30,539622,0,52791,16,STAND/UNKNOWN/#0/LOW_FORCE/REST/act=0/mav=43510/base=435495/th=56455
1778760453.026,4360,-30,540259,0,52791,16,STAND/UNKNOWN/#0/LOW_FORCE/REST/act=0/mav=43510/base=435495/th=56455
1778760453.026,4361,-30,542628,0,49702,6,STAND/UNKNOWN/#0/LOW_FORCE/REST/act=0/mav=40796/base=435495/th=56455
1778760453.026,4362,-30,542676,0,49702,6,STAND/UNKNOWN/#0/LOW_FORCE/REST/act=0/mav=40796/base=435495/th=56455
1778760453.026,4363,-30,540850,0,49702,6,STAND/UNKNOWN/#0/LOW_FORCE/REST/act=0/mav=40796/base=435495/th=56455
1778760453.100,4364,-30,537354,0,49702,6,STAND/UNKNOWN/#0/LOW_FORCE/REST/act=0/mav=40796/base=435495/th=56455
1778760453.100,4365,-30,535166,0,49702,6,STAND/UNKNOWN/#0/LOW_FORCE/REST/act=0/mav=40796/base=435495/th=56455
1778760453.101,4366,-30,533034,0,49702,6,STAND/UNKNOWN/#0/LOW_FORCE/REST/act=0/mav=40796/base=435495/th=56455
1778760453.179,4367,-30,533204,0,49702,6,STAND/UNKNOWN/#0/LOW_FORCE/REST/act=0/mav=40796/base=435495/th=56455
1778760453.179,4368,-30,534525,0,49702,6,STAND/UNKNOWN/#0/LOW_FORCE/REST/act=0/mav=40796/base=435495/th=56455
1778760453.180,4369,-30,539159,0,49702,6,STAND/UNKNOWN/#0/LOW_FORCE/REST/act=0/mav=40796/base=435495/th=56455
1778760453.180,4370,-30,538810,0,49702,6,STAND/UNKNOWN/#0/LOW_FORCE/REST/act=0/mav=40796/base=435495/th=56455
1778760453.248,4371,-30,534839,0,49702,6,STAND/UNKNOWN/#0/LOW_FORCE/REST/act=0/mav=40796/base=435495/th=56455
1778760453.248,4372,-30,532161,0,49702,6,STAND/UNKNOWN/#0/LOW_FORCE/REST/act=0/mav=40796/base=435495/th=56455
1778760453.248,4373,-30,531156,0,49702,6,STAND/UNKNOWN/#0/LOW_FORCE/REST/act=0/mav=40796/base=435495/th=56455
1778760453.248,4374,-30,529485,0,46608,11,STAND/UNKNOWN/#0/LOW_FORCE/REST/act=0/mav=38759/base=435495/th=56455
1778760453.309,4375,-30,529461,0,46608,11,STAND/UNKNOWN/#0/LOW_FORCE/REST/act=0/mav=38759/base=435495/th=56455
1778760453.309,4376,-30,531994,0,46608,11,STAND/UNKNOWN/#0/LOW_FORCE/REST/act=0/mav=38759/base=435495/th=56455
1778760453.309,4377,-30,537304,0,46608,11,STAND/UNKNOWN/#0/LOW_FORCE/REST/act=0/mav=38759/base=435495/th=56455
1778760453.373,4378,-30,535310,0,46608,11,STAND/UNKNOWN/#0/LOW_FORCE/REST/act=0/mav=38759/base=435495/th=56455
1778760453.374,4379,-30,531387,0,46608,11,STAND/UNKNOWN/#0/LOW_FORCE/REST/act=0/mav=38759/base=435495/th=56455
1778760453.374,4380,-30,527461,0,46608,11,STAND/UNKNOWN/#0/LOW_FORCE/REST/act=0/mav=38759/base=435495/th=56455
1778760453.433,4381,-30,525341,0,46608,11,STAND/UNKNOWN/#0/LOW_FORCE/REST/act=0/mav=38759/base=435495/th=56455
1778760453.433,4382,-30,522394,0,46608,11,STAND/UNKNOWN/#0/LOW_FORCE/REST/act=0/mav=38759/base=435495/th=56455
1778760453.433,4383,-30,523315,0,46608,11,STAND/UNKNOWN/#0/LOW_FORCE/REST/act=0/mav=38759/base=435495/th=56455
1778760453.494,4384,-30,525573,0,46608,11,STAND/UNKNOWN/#0/LOW_FORCE/REST/act=0/mav=38759/base=435495/th=56455
1778760453.494,4385,-30,529129,0,46608,11,STAND/UNKNOWN/#0/LOW_FORCE/REST/act=0/mav=38759/base=435495/th=56455
1778760453.494,4386,-30,529287,0,46608,11,STAND/UNKNOWN/#0/LOW_FORCE/REST/act=0/mav=38759/base=435495/th=56455
1778760453.555,4387,-30,524736,0,44534,22,STAND/UNKNOWN/#0/LOW_FORCE/REST/act=0/mav=37890/base=435495/th=56455
1778760453.555,4388,-30,522166,0,44534,22,STAND/UNKNOWN/#0/LOW_FORCE/REST/act=0/mav=37890/base=435495/th=56455
1778760453.556,4389,-30,519697,0,44534,22,STAND/UNKNOWN/#0/LOW_FORCE/REST/act=0/mav=37890/base=435495/th=56455
1778760453.621,4390,-30,515723,0,44534,22,STAND/UNKNOWN/#0/LOW_FORCE/REST/act=0/mav=37890/base=435495/th=56455
1778760453.622,4391,-30,515901,0,44534,22,STAND/UNKNOWN/#0/LOW_FORCE/REST/act=0/mav=37890/base=435495/th=56455
1778760453.623,4392,-30,518516,0,44534,22,STAND/UNKNOWN/#0/LOW_FORCE/REST/act=0/mav=37890/base=435495/th=56455
1778760453.696,4393,-30,524097,0,44534,22,STAND/UNKNOWN/#0/LOW_FORCE/REST/act=0/mav=37890/base=435495/th=56455
1778760453.697,4394,-30,525516,0,44534,22,STAND/UNKNOWN/#0/LOW_FORCE/REST/act=0/mav=37890/base=435495/th=56455
1778760453.697,4395,-30,524089,0,44534,22,STAND/UNKNOWN/#0/LOW_FORCE/REST/act=0/mav=37890/base=435495/th=56455
1778760453.697,4396,-30,523537,0,44534,22,STAND/UNKNOWN/#0/LOW_FORCE/REST/act=0/mav=37890/base=435495/th=56455
1778760453.758,4397,-30,522146,0,44534,22,STAND/UNKNOWN/#0/LOW_FORCE/REST/act=0/mav=37890/base=435495/th=56455
1778760453.758,4398,-30,519099,0,44534,22,STAND/UNKNOWN/#0/LOW_FORCE/REST/act=0/mav=37890/base=435495/th=56455
1778760453.759,4399,-30,518434,0,44534,22,STAND/UNKNOWN/#0/LOW_FORCE/REST/act=0/mav=37890/base=435495/th=56455
1778760453.829,4400,-30,522962,0,42263,25,STAND/UNKNOWN/#0/LOW_FORCE/REST/act=0/mav=36931/base=435495/th=56455
1778760453.829,4401,-30,526399,0,42263,25,STAND/UNKNOWN/#0/LOW_FORCE/REST/act=0/mav=36931/base=435495/th=56455
1778760453.829,4402,-30,525728,0,42263,25,STAND/UNKNOWN/#0/LOW_FORCE/REST/act=0/mav=36931/base=435495/th=56455
1778760453.829,4403,-30,523080,0,42263,25,STAND/UNKNOWN/#0/LOW_FORCE/REST/act=0/mav=36931/base=435495/th=56455
1778760453.896,4404,-30,518738,0,42263,25,STAND/UNKNOWN/#0/LOW_FORCE/REST/act=0/mav=36931/base=435495/th=56455
1778760453.896,4405,-30,516671,0,42263,25,STAND/UNKNOWN/#0/LOW_FORCE/REST/act=0/mav=36931/base=435495/th=56455
1778760453.896,4406,-30,513772,0,42263,25,STAND/UNKNOWN/#0/LOW_FORCE/REST/act=0/mav=36931/base=435495/th=56455
1778760453.965,4407,-30,514183,0,42263,25,STAND/UNKNOWN/#0/LOW_FORCE/REST/act=0/mav=36931/base=435495/th=56455
1778760453.966,4408,-30,515234,0,42263,25,STAND/UNKNOWN/#0/LOW_FORCE/REST/act=0/mav=36931/base=435495/th=56455
1778760453.966,4409,-30,518431,0,42263,25,STAND/UNKNOWN/#0/LOW_FORCE/REST/act=0/mav=36931/base=435495/th=56455
1778760454.033,4410,-30,519307,0,42263,25,STAND/UNKNOWN/#0/LOW_FORCE/REST/act=0/mav=36931/base=435495/th=56455
1778760454.033,4411,-30,515736,0,42263,25,STAND/UNKNOWN/#0/LOW_FORCE/REST/act=0/mav=36931/base=435495/th=56455
1778760454.033,4412,-30,511670,0,40657,25,STAND/UNKNOWN/#0/LOW_FORCE/REST/act=0/mav=36619/base=435495/th=56455
1778760454.033,4413,-30,509234,0,40657,25,STAND/UNKNOWN/#0/LOW_FORCE/REST/act=0/mav=36619/base=435495/th=56455
1778760454.099,4414,-30,506447,0,40657,25,STAND/UNKNOWN/#0/LOW_FORCE/REST/act=0/mav=36619/base=435495/th=56455
1778760454.099,4415,-30,507852,0,40657,25,STAND/UNKNOWN/#0/LOW_FORCE/REST/act=0/mav=36619/base=435495/th=56455
1778760454.099,4416,-30,509014,0,40657,25,STAND/UNKNOWN/#0/LOW_FORCE/REST/act=0/mav=36619/base=435495/th=56455
1778760454.162,4417,-30,512163,0,40657,25,STAND/UNKNOWN/#0/LOW_FORCE/REST/act=0/mav=36619/base=435495/th=56455
1778760454.162,4418,-30,513909,0,40657,25,STAND/UNKNOWN/#0/LOW_FORCE/REST/act=0/mav=36619/base=435495/th=56455
1778760454.162,4419,-30,509595,0,40657,25,STAND/UNKNOWN/#0/LOW_FORCE/REST/act=0/mav=36619/base=435495/th=56455
1778760454.224,4420,-30,506564,0,40657,25,STAND/UNKNOWN/#0/LOW_FORCE/REST/act=0/mav=36619/base=435495/th=56455
1778760454.224,4421,-30,504946,0,40657,25,STAND/UNKNOWN/#0/LOW_FORCE/REST/act=0/mav=36619/base=435495/th=56455
1778760454.224,4422,-30,502086,0,40657,25,STAND/UNKNOWN/#0/LOW_FORCE/REST/act=0/mav=36619/base=435495/th=56455
1778760454.285,4423,-30,503743,0,40657,25,STAND/UNKNOWN/#0/LOW_FORCE/REST/act=0/mav=36619/base=435495/th=56455
1778760454.285,4424,-30,505628,0,40657,25,STAND/UNKNOWN/#0/LOW_FORCE/REST/act=0/mav=36619/base=435495/th=56455
1778760454.285,4425,-30,510733,0,39172,30,STAND/UNKNOWN/#0/LOW_FORCE/REST/act=0/mav=36369/base=435495/th=56455
1778760454.361,4426,-30,510590,0,39172,30,STAND/UNKNOWN/#0/LOW_FORCE/REST/act=0/mav=36369/base=435495/th=56455
1778760454.361,4427,-30,507865,0,39172,30,STAND/UNKNOWN/#0/LOW_FORCE/REST/act=0/mav=36369/base=435495/th=56455
1778760454.361,4428,-30,504048,0,39172,30,STAND/UNKNOWN/#0/LOW_FORCE/REST/act=0/mav=36369/base=435495/th=56455
1778760454.361,4429,-30,503806,0,39172,30,STAND/UNKNOWN/#0/LOW_FORCE/REST/act=0/mav=36369/base=435495/th=56455
1778760454.427,4430,-30,500194,0,39172,30,STAND/UNKNOWN/#0/LOW_FORCE/REST/act=0/mav=36369/base=435495/th=56455
1778760454.427,4431,-30,500657,0,39172,30,STAND/UNKNOWN/#0/LOW_FORCE/REST/act=0/mav=36369/base=435495/th=56455
1778760454.427,4432,-30,503688,0,39172,30,STAND/UNKNOWN/#0/LOW_FORCE/REST/act=0/mav=36369/base=435495/th=56455
1778760454.427,4433,-30,505919,0,39172,30,STAND/UNKNOWN/#0/LOW_FORCE/REST/act=0/mav=36369/base=435495/th=56455
1778760454.492,4434,-30,507735,0,39172,30,STAND/UNKNOWN/#0/LOW_FORCE/REST/act=0/mav=36369/base=435495/th=56455
1778760454.493,4435,-30,503202,0,39172,30,STAND/UNKNOWN/#0/LOW_FORCE/REST/act=0/mav=36369/base=435495/th=56455
1778760454.493,4436,-30,499363,0,39172,30,STAND/UNKNOWN/#0/LOW_FORCE/REST/act=0/mav=36369/base=435495/th=56455
1778760454.561,4437,-30,497959,0,39172,30,STAND/UNKNOWN/#0/LOW_FORCE/REST/act=0/mav=36369/base=435495/th=56455
1778760454.561,4438,-30,494851,0,38606,40,STAND/UNKNOWN/#0/LOW_FORCE/REST/act=0/mav=36291/base=435495/th=56455
1778760454.561,4439,-30,495711,0,38606,40,STAND/UNKNOWN/#0/LOW_FORCE/REST/act=0/mav=36291/base=435495/th=56455
1778760454.627,4440,-30,496870,0,38606,40,STAND/UNKNOWN/#0/LOW_FORCE/REST/act=0/mav=36291/base=435495/th=56455
1778760454.627,4441,-30,499920,0,38606,40,STAND/UNKNOWN/#0/LOW_FORCE/REST/act=0/mav=36291/base=435495/th=56455
1778760454.627,4442,-30,500407,0,38606,40,STAND/UNKNOWN/#0/LOW_FORCE/REST/act=0/mav=36291/base=435495/th=56455
1778760454.627,4443,-30,496116,0,38606,40,STAND/UNKNOWN/#0/LOW_FORCE/REST/act=0/mav=36291/base=435495/th=56455
1778760454.688,4444,-30,493576,0,38606,40,STAND/UNKNOWN/#0/LOW_FORCE/REST/act=0/mav=36291/base=435495/th=56455
1778760454.689,4445,-30,490124,0,38606,40,STAND/UNKNOWN/#0/LOW_FORCE/REST/act=0/mav=36291/base=435495/th=56455
1778760454.689,4446,-30,488689,0,38606,40,STAND/UNKNOWN/#0/LOW_FORCE/REST/act=0/mav=36291/base=435495/th=56455
1778760454.753,4447,-30,487913,0,38606,40,STAND/UNKNOWN/#0/LOW_FORCE/REST/act=0/mav=36291/base=435495/th=56455
1778760454.753,4448,-30,489042,0,38606,40,STAND/UNKNOWN/#0/LOW_FORCE/REST/act=0/mav=36291/base=435495/th=56455
1778760454.753,4449,-30,496667,0,38606,40,STAND/UNKNOWN/#0/LOW_FORCE/REST/act=0/mav=36291/base=435495/th=56455
1778760454.818,4450,-30,497162,0,38606,40,STAND/UNKNOWN/#0/LOW_FORCE/REST/act=0/mav=36291/base=435495/th=56455
1778760454.818,4451,-30,493928,0,38918,48,STAND/UNKNOWN/#0/LOW_FORCE/REST/act=0/mav=36094/base=435495/th=56455
1778760454.818,4452,-30,490290,0,38918,48,STAND/UNKNOWN/#0/LOW_FORCE/REST/act=0/mav=36094/base=435495/th=56455
1778760454.881,4453,-30,489896,0,38918,48,STAND/UNKNOWN/#0/LOW_FORCE/REST/act=0/mav=36094/base=435495/th=56455
1778760454.882,4454,-30,486011,0,38918,48,STAND/UNKNOWN/#0/LOW_FORCE/REST/act=0/mav=36094/base=435495/th=56455
1778760454.882,4455,-30,486777,0,38918,48,STAND/UNKNOWN/#0/LOW_FORCE/REST/act=0/mav=36094/base=435495/th=56455
1778760454.948,4456,-30,488802,0,38918,48,STAND/UNKNOWN/#0/LOW_FORCE/REST/act=0/mav=36094/base=435495/th=56455
1778760454.948,4457,-30,491828,0,38918,48,STAND/UNKNOWN/#0/LOW_FORCE/REST/act=0/mav=36094/base=435495/th=56455
1778760454.948,4458,-30,493024,0,38918,48,STAND/UNKNOWN/#0/LOW_FORCE/REST/act=0/mav=36094/base=435495/th=56455
1778760454.948,4459,-30,489144,0,38918,48,STAND/UNKNOWN/#0/LOW_FORCE/REST/act=0/mav=36094/base=435495/th=56455
1778760455.014,4460,-30,486595,0,38918,48,STAND/UNKNOWN/#0/LOW_FORCE/REST/act=0/mav=36094/base=435495/th=56455
1778760455.014,4461,-30,484623,0,38918,48,STAND/UNKNOWN/#0/LOW_FORCE/REST/act=0/mav=36094/base=435495/th=56455
1778760455.014,4462,-30,482127,0,38918,48,STAND/UNKNOWN/#0/LOW_FORCE/REST/act=0/mav=36094/base=435495/th=56455
1778760455.083,4463,-30,482176,0,38918,48,STAND/UNKNOWN/#0/LOW_FORCE/REST/act=0/mav=36094/base=435495/th=56455
1778760455.083,4464,-30,484051,0,39449,38,STAND/UNKNOWN/#0/LOW_FORCE/REST/act=0/mav=35257/base=435495/th=56455
1778760455.083,4465,-30,489726,0,39449,38,STAND/UNKNOWN/#0/LOW_FORCE/REST/act=0/mav=35257/base=435495/th=56455
1778760455.148,4466,-30,486604,0,39449,38,STAND/UNKNOWN/#0/LOW_FORCE/REST/act=0/mav=35257/base=435495/th=56455
1778760455.148,4467,-30,483718,0,39449,38,STAND/UNKNOWN/#0/LOW_FORCE/REST/act=0/mav=35257/base=435495/th=56455
1778760455.148,4468,-30,481074,0,39449,38,STAND/UNKNOWN/#0/LOW_FORCE/REST/act=0/mav=35257/base=435495/th=56455
1778760455.148,4469,-30,480069,0,39449,38,STAND/UNKNOWN/#0/LOW_FORCE/REST/act=0/mav=35257/base=435495/th=56455
1778760455.212,4470,-30,478561,0,39449,38,STAND/UNKNOWN/#0/LOW_FORCE/REST/act=0/mav=35257/base=435495/th=56455
1778760455.212,4471,-30,476821,0,39449,38,STAND/UNKNOWN/#0/LOW_FORCE/REST/act=0/mav=35257/base=435495/th=56455
1778760455.212,4472,-30,478594,0,39449,38,STAND/UNKNOWN/#0/LOW_FORCE/REST/act=0/mav=35257/base=435495/th=56455
1778760455.281,4473,-30,482568,0,39449,38,STAND/UNKNOWN/#0/LOW_FORCE/REST/act=0/mav=35257/base=435495/th=56455
1778760455.281,4474,-30,483966,0,39449,38,STAND/UNKNOWN/#0/LOW_FORCE/REST/act=0/mav=35257/base=435495/th=56455
1778760455.281,4475,-30,480512,0,39449,38,STAND/UNKNOWN/#0/LOW_FORCE/REST/act=0/mav=35257/base=435495/th=56455
1778760455.347,4476,-30,477264,0,40362,19,STAND/UNKNOWN/#0/LOW_FORCE/REST/act=0/mav=34008/base=435495/th=56455
1778760455.348,4477,-30,474926,0,40362,19,STAND/UNKNOWN/#0/LOW_FORCE/REST/act=0/mav=34008/base=435495/th=56455
1778760455.348,4478,-30,471885,0,40362,19,STAND/UNKNOWN/#0/LOW_FORCE/REST/act=0/mav=34008/base=435495/th=56455
1778760455.348,4479,-30,472664,0,40362,19,STAND/UNKNOWN/#0/LOW_FORCE/REST/act=0/mav=34008/base=435495/th=56455
1778760455.414,4480,-30,475462,0,40362,19,STAND/UNKNOWN/#0/LOW_FORCE/REST/act=0/mav=34008/base=435495/th=56455
1778760455.414,4481,-30,479673,0,40362,19,STAND/UNKNOWN/#0/LOW_FORCE/REST/act=0/mav=34008/base=435495/th=56455
1778760455.414,4482,-30,480899,0,40362,19,STAND/UNKNOWN/#0/LOW_FORCE/REST/act=0/mav=34008/base=435495/th=56455
1778760455.479,4483,-30,475871,0,40362,19,STAND/UNKNOWN/#0/LOW_FORCE/REST/act=0/mav=34008/base=435495/th=56455
1778760455.479,4484,-30,472042,0,40362,19,STAND/UNKNOWN/#0/LOW_FORCE/REST/act=0/mav=34008/base=435495/th=56455
1778760455.479,4485,-30,470296,0,40362,19,STAND/UNKNOWN/#0/LOW_FORCE/REST/act=0/mav=34008/base=435495/th=56455
1778760455.547,4486,-30,467363,0,40362,19,STAND/UNKNOWN/#0/LOW_FORCE/REST/act=0/mav=34008/base=435495/th=56455
1778760455.547,4487,-30,467684,0,40362,19,STAND/UNKNOWN/#0/LOW_FORCE/REST/act=0/mav=34008/base=435495/th=56455
1778760455.547,4488,-30,470778,0,40362,19,STAND/UNKNOWN/#0/LOW_FORCE/REST/act=0/mav=34008/base=435495/th=56455
1778760455.547,4489,-30,475819,0,42048,6,STAND/UNKNOWN/#0/LOW_FORCE/REST/act=0/mav=33276/base=435495/th=56455
1778760455.614,4490,-30,475609,0,42048,6,STAND/UNKNOWN/#0/LOW_FORCE/REST/act=0/mav=33276/base=435495/th=56455
1778760455.614,4491,-30,469885,0,42048,6,STAND/UNKNOWN/#0/LOW_FORCE/REST/act=0/mav=33276/base=435495/th=56455
1778760455.614,4492,-30,467991,0,42048,6,STAND/UNKNOWN/#0/LOW_FORCE/REST/act=0/mav=33276/base=435495/th=56455
1778760455.682,4493,-30,467350,0,42048,6,STAND/UNKNOWN/#0/LOW_FORCE/REST/act=0/mav=33276/base=435495/th=56455
1778760455.683,4494,-30,464851,0,42048,6,STAND/UNKNOWN/#0/LOW_FORCE/REST/act=0/mav=33276/base=435495/th=56455
1778760455.683,4495,-30,464448,0,42048,6,STAND/UNKNOWN/#0/LOW_FORCE/REST/act=0/mav=33276/base=435495/th=56455
1778760455.748,4496,-30,465381,0,42048,6,STAND/UNKNOWN/#0/LOW_FORCE/REST/act=0/mav=33276/base=435495/th=56455
1778760455.748,4497,-30,471677,0,42048,6,STAND/UNKNOWN/#0/LOW_FORCE/REST/act=0/mav=33276/base=435495/th=56455
1778760455.748,4498,-30,470149,0,42048,6,STAND/UNKNOWN/#0/LOW_FORCE/REST/act=0/mav=33276/base=435495/th=56455
1778760455.748,4499,-30,464948,0,42048,6,STAND/UNKNOWN/#0/LOW_FORCE/REST/act=0/mav=33276/base=435495/th=56455
1778760455.814,4500,-30,463670,0,42048,6,STAND/UNKNOWN/#0/LOW_FORCE/REST/act=0/mav=33276/base=435495/th=56455
1778760455.814,4501,-30,463398,0,42048,6,STAND/UNKNOWN/#0/LOW_FORCE/REST/act=0/mav=33276/base=435495/th=56455
1778760455.814,4502,-30,461148,0,44330,0,STAND/UNKNOWN/#0/LOW_FORCE/REST/act=0/mav=34221/base=435495/th=56455
1778760455.880,4503,-30,460023,0,44330,0,STAND/UNKNOWN/#0/LOW_FORCE/REST/act=0/mav=34221/base=435495/th=56455
1778760455.880,4504,-30,464303,0,44330,0,STAND/UNKNOWN/#0/LOW_FORCE/REST/act=0/mav=34221/base=435495/th=56455
1778760455.880,4505,-30,468173,0,44330,0,STAND/UNKNOWN/#0/LOW_FORCE/REST/act=0/mav=34221/base=435495/th=56455
1778760455.942,4506,-30,468633,0,44330,0,STAND/UNKNOWN/#0/LOW_FORCE/REST/act=0/mav=34221/base=435495/th=56455
1778760455.942,4507,-30,463197,0,44330,0,STAND/UNKNOWN/#0/LOW_FORCE/REST/act=0/mav=34221/base=435495/th=56455
1778760455.942,4508,-30,460554,0,44330,0,STAND/UNKNOWN/#0/LOW_FORCE/REST/act=0/mav=34221/base=435495/th=56455
1778760456.006,4509,-30,458151,0,44330,0,STAND/UNKNOWN/#0/LOW_FORCE/REST/act=0/mav=34221/base=435495/th=56455
1778760456.007,4510,-30,455186,0,44330,0,STAND/UNKNOWN/#0/LOW_FORCE/REST/act=0/mav=34221/base=435495/th=56455
1778760456.007,4511,-30,456799,0,44330,0,STAND/UNKNOWN/#0/LOW_FORCE/REST/act=0/mav=34221/base=435495/th=56455
1778760456.007,4512,-30,458850,0,44330,0,STAND/UNKNOWN/#0/LOW_FORCE/REST/act=0/mav=34221/base=435495/th=56455
1778760456.075,4513,-30,462923,0,44330,0,STAND/UNKNOWN/#0/LOW_FORCE/REST/act=0/mav=34221/base=435495/th=56455
1778760456.075,4514,-30,462986,0,44330,0,STAND/UNKNOWN/#0/LOW_FORCE/REST/act=0/mav=34221/base=435495/th=56455
1778760456.075,4515,-30,459146,0,46573,4,STAND/UNKNOWN/#0/LOW_FORCE/REST/act=0/mav=36844/base=435495/th=56455
1778760456.140,4516,-30,456102,0,46573,4,STAND/UNKNOWN/#0/LOW_FORCE/REST/act=0/mav=36844/base=435495/th=56455
1778760456.141,4517,-30,454539,0,46573,4,STAND/UNKNOWN/#0/LOW_FORCE/REST/act=0/mav=36844/base=435495/th=56455
1778760456.141,4518,-30,451484,0,46573,4,STAND/UNKNOWN/#0/LOW_FORCE/REST/act=0/mav=36844/base=435495/th=56455
1778760456.204,4519,-30,449608,0,46573,4,STAND/UNKNOWN/#0/LOW_FORCE/REST/act=0/mav=36844/base=435495/th=56455
1778760456.204,4520,-30,454194,0,46573,4,STAND/UNKNOWN/#0/LOW_FORCE/REST/act=0/mav=36844/base=435495/th=56455
1778760456.204,4521,-30,458118,0,46573,4,STAND/UNKNOWN/#0/LOW_FORCE/REST/act=0/mav=36844/base=435495/th=56455
1778760456.271,4522,-30,460200,0,46573,4,STAND/UNKNOWN/#0/LOW_FORCE/REST/act=0/mav=36844/base=435495/th=56455
1778760456.271,4523,-30,455663,0,46573,4,STAND/UNKNOWN/#0/LOW_FORCE/REST/act=0/mav=36844/base=435495/th=56455
1778760456.271,4524,-30,452069,0,46573,4,STAND/UNKNOWN/#0/LOW_FORCE/REST/act=0/mav=36844/base=435495/th=56455
1778760456.271,4525,-30,451148,0,46573,4,STAND/UNKNOWN/#0/LOW_FORCE/REST/act=0/mav=36844/base=435495/th=56455
1778760456.339,4526,-30,448846,0,46573,4,STAND/UNKNOWN/#0/LOW_FORCE/REST/act=0/mav=36844/base=435495/th=56455
1778760456.339,4527,-30,448624,0,46573,4,STAND/UNKNOWN/#0/LOW_FORCE/REST/act=0/mav=36844/base=435495/th=56455
1778760456.339,4528,-30,450859,0,49524,27,STAND/UNKNOWN/#0/LOW_FORCE/REST/act=0/mav=41002/base=435495/th=56455
1778760456.404,4529,-30,455580,0,49524,27,STAND/UNKNOWN/#0/LOW_FORCE/REST/act=0/mav=41002/base=435495/th=56455
1778760456.404,4530,-30,456309,0,49524,27,STAND/UNKNOWN/#0/LOW_FORCE/REST/act=0/mav=41002/base=435495/th=56455
1778760456.404,4531,-30,453379,0,49524,27,STAND/UNKNOWN/#0/LOW_FORCE/REST/act=0/mav=41002/base=435495/th=56455
1778760456.470,4532,-30,449733,0,49524,27,STAND/UNKNOWN/#0/LOW_FORCE/REST/act=0/mav=41002/base=435495/th=56455
1778760456.470,4533,-30,448710,0,49524,27,STAND/UNKNOWN/#0/LOW_FORCE/REST/act=0/mav=41002/base=435495/th=56455
1778760456.470,4534,-30,446095,0,49524,27,STAND/UNKNOWN/#0/LOW_FORCE/REST/act=0/mav=41002/base=435495/th=56455
1778760456.470,4535,-30,447505,0,49524,27,STAND/UNKNOWN/#0/LOW_FORCE/REST/act=0/mav=41002/base=435495/th=56455
1778760456.535,4536,-30,449367,0,49524,27,STAND/UNKNOWN/#0/LOW_FORCE/REST/act=0/mav=41002/base=435495/th=56455
1778760456.536,4537,-30,453626,0,49524,27,STAND/UNKNOWN/#0/LOW_FORCE/REST/act=0/mav=41002/base=435495/th=56455
1778760456.536,4538,-30,454539,0,49524,27,STAND/UNKNOWN/#0/LOW_FORCE/REST/act=0/mav=41002/base=435495/th=56455
1778760456.599,4539,-30,450656,0,49524,27,STAND/UNKNOWN/#0/LOW_FORCE/REST/act=0/mav=41002/base=435495/th=56455
1778760456.599,4540,-30,448417,0,51581,48,STAND/UNKNOWN/#0/LOW_FORCE/REST/act=0/mav=44126/base=435495/th=56455
1778760456.599,4541,-30,445743,0,51581,48,STAND/UNKNOWN/#0/LOW_FORCE/REST/act=0/mav=44126/base=435495/th=56455
1778760456.668,4542,-30,443408,0,51581,48,STAND/UNKNOWN/#0/LOW_FORCE/REST/act=0/mav=44126/base=435495/th=56455
1778760456.668,4543,-30,443321,0,51581,48,STAND/UNKNOWN/#0/LOW_FORCE/REST/act=0/mav=44126/base=435495/th=56455
1778760456.668,4544,-30,445649,0,51581,48,STAND/UNKNOWN/#0/LOW_FORCE/REST/act=0/mav=44126/base=435495/th=56455
1778760456.669,4545,-30,450574,0,51581,48,STAND/UNKNOWN/#0/LOW_FORCE/REST/act=0/mav=44126/base=435495/th=56455
1778760456.734,4546,-30,451806,0,51581,48,STAND/UNKNOWN/#0/LOW_FORCE/REST/act=0/mav=44126/base=435495/th=56455
1778760456.734,4547,-30,447932,0,51581,48,STAND/UNKNOWN/#0/LOW_FORCE/REST/act=0/mav=44126/base=435495/th=56455
1778760456.735,4548,-30,444899,0,51581,48,STAND/UNKNOWN/#0/LOW_FORCE/REST/act=0/mav=44126/base=435495/th=56455
1778760456.802,4549,-30,445018,0,51581,48,STAND/UNKNOWN/#0/LOW_FORCE/REST/act=0/mav=44126/base=435495/th=56455
1778760456.802,4550,-30,440718,0,51581,48,STAND/UNKNOWN/#0/LOW_FORCE/REST/act=0/mav=44126/base=435495/th=56455
1778760456.802,4551,-30,442436,0,51581,48,STAND/UNKNOWN/#0/LOW_FORCE/REST/act=0/mav=44126/base=435495/th=56455
1778760456.871,4552,-30,442896,0,51581,48,STAND/UNKNOWN/#0/LOW_FORCE/REST/act=0/mav=44126/base=435495/th=56455
1778760456.871,4553,-30,447469,0,54190,51,STAND/UNKNOWN/#0/LOW_FORCE/REST/act=0/mav=47098/base=435495/th=56455
1778760456.871,4554,-30,446516,0,54190,51,STAND/UNKNOWN/#0/LOW_FORCE/REST/act=0/mav=47098/base=435495/th=56455
1778760456.871,4555,-30,445826,0,54190,51,STAND/UNKNOWN/#0/LOW_FORCE/REST/act=0/mav=47098/base=435495/th=56455
1778760456.938,4556,-30,442926,0,54190,51,STAND/UNKNOWN/#0/LOW_FORCE/REST/act=0/mav=47098/base=435495/th=56455
1778760456.938,4557,-30,439938,0,54190,51,STAND/UNKNOWN/#0/LOW_FORCE/REST/act=0/mav=47098/base=435495/th=56455
1778760456.938,4558,-30,438106,0,54190,51,STAND/UNKNOWN/#0/LOW_FORCE/REST/act=0/mav=47098/base=435495/th=56455
1778760457.013,4559,-30,439410,0,54190,51,STAND/UNKNOWN/#0/LOW_FORCE/REST/act=0/mav=47098/base=435495/th=56455
1778760457.014,4560,-30,441357,0,54190,51,STAND/UNKNOWN/#0/LOW_FORCE/REST/act=0/mav=47098/base=435495/th=56455
1778760457.014,4561,-30,445619,0,54190,51,STAND/UNKNOWN/#0/LOW_FORCE/REST/act=0/mav=47098/base=435495/th=56455
1778760457.014,4562,-30,445574,0,54190,51,STAND/UNKNOWN/#0/LOW_FORCE/REST/act=0/mav=47098/base=435495/th=56455
1778760457.095,4563,-30,442859,0,54190,51,STAND/UNKNOWN/#0/LOW_FORCE/REST/act=0/mav=47098/base=435495/th=56455
1778760457.095,4564,-30,440635,0,54190,51,STAND/UNKNOWN/#0/LOW_FORCE/REST/act=0/mav=47098/base=435495/th=56455
1778760457.095,4565,-30,438947,0,54190,51,STAND/UNKNOWN/#0/LOW_FORCE/REST/act=0/mav=47098/base=435495/th=56455
1778760457.095,4566,-30,435329,0,57520,52,STAND/UNKNOWN/#0/LOW_FORCE/REST/act=0/mav=50546/base=435495/th=56455
1778760457.162,4567,-30,435244,0,57520,52,STAND/UNKNOWN/#0/LOW_FORCE/REST/act=0/mav=50546/base=435495/th=56455
1778760457.163,4568,-30,436917,0,57520,52,STAND/UNKNOWN/#0/LOW_FORCE/REST/act=0/mav=50546/base=435495/th=56455
1778760457.163,4569,-30,443299,0,57520,52,STAND/UNKNOWN/#0/LOW_FORCE/REST/act=0/mav=50546/base=435495/th=56455
1778760457.230,4570,-30,443758,0,57520,52,STAND/UNKNOWN/#0/LOW_FORCE/REST/act=0/mav=50546/base=435495/th=56455
1778760457.231,4571,-30,440224,0,57520,52,STAND/UNKNOWN/#0/LOW_FORCE/REST/act=0/mav=50546/base=435495/th=56455
1778760457.231,4572,-30,437913,0,57520,52,STAND/UNKNOWN/#0/LOW_FORCE/REST/act=0/mav=50546/base=435495/th=56455
1778760457.231,4573,-30,437025,0,57520,52,STAND/UNKNOWN/#0/LOW_FORCE/REST/act=0/mav=50546/base=435495/th=56455
1778760457.298,4574,-30,432914,0,57520,52,STAND/UNKNOWN/#0/LOW_FORCE/REST/act=0/mav=50546/base=435495/th=56455
1778760457.298,4575,-30,435527,0,57520,52,STAND/UNKNOWN/#0/LOW_FORCE/REST/act=0/mav=50546/base=435495/th=56455
1778760457.299,4576,-30,436404,0,57520,52,STAND/UNKNOWN/#0/LOW_FORCE/REST/act=0/mav=50546/base=435495/th=56455
1778760457.368,4577,-30,442959,0,57520,52,STAND/UNKNOWN/#0/LOW_FORCE/REST/act=0/mav=50546/base=435495/th=56455
1778760457.368,4578,-30,443063,0,57520,52,STAND/UNKNOWN/#0/LOW_FORCE/REST/act=0/mav=50546/base=435495/th=56455
1778760457.368,4579,-30,440326,0,60154,51,STAND/UNKNOWN/#0/LOW_FORCE/REST/act=0/mav=53188/base=435495/th=56455
1778760457.368,4580,-30,437213,0,60154,51,STAND/UNKNOWN/#0/LOW_FORCE/REST/act=0/mav=53188/base=435495/th=56455
1778760457.437,4581,-30,435159,0,60154,51,STAND/UNKNOWN/#0/LOW_FORCE/REST/act=0/mav=53188/base=435495/th=56455
1778760457.437,4582,-30,432076,0,60154,51,STAND/UNKNOWN/#0/LOW_FORCE/REST/act=0/mav=53188/base=435495/th=56455
1778760457.437,4583,-30,432663,0,60154,51,STAND/UNKNOWN/#0/LOW_FORCE/REST/act=0/mav=53188/base=435495/th=56455
1778760457.506,4584,-30,435384,0,60154,51,STAND/UNKNOWN/#0/LOW_FORCE/REST/act=0/mav=53188/base=435495/th=56455
1778760457.506,4585,-30,440302,0,60154,51,STAND/UNKNOWN/#0/LOW_FORCE/REST/act=0/mav=53188/base=435495/th=56455
1778760457.506,4586,-30,441581,0,60154,51,STAND/UNKNOWN/#0/LOW_FORCE/REST/act=0/mav=53188/base=435495/th=56455
1778760457.572,4587,-30,437189,0,60154,51,STAND/UNKNOWN/#0/LOW_FORCE/REST/act=0/mav=53188/base=435495/th=56455
1778760457.572,4588,-30,433495,0,60154,51,STAND/UNKNOWN/#0/LOW_FORCE/REST/act=0/mav=53188/base=435495/th=56455
1778760457.572,4589,-30,433734,0,60154,51,STAND/UNKNOWN/#0/LOW_FORCE/REST/act=0/mav=53188/base=435495/th=56455
1778760457.572,4590,-30,430570,0,60154,51,STAND/UNKNOWN/#0/LOW_FORCE/REST/act=0/mav=53188/base=435495/th=56455
1778760457.647,4591,-30,431943,0,60154,51,STAND/UNKNOWN/#0/LOW_FORCE/REST/act=0/mav=53188/base=435495/th=56455
1778760457.648,4592,-30,433381,0,63098,49,STAND/UNKNOWN/#0/LOW_FORCE/REST/act=0/mav=55863/base=435495/th=56455
1778760457.648,4593,-30,437151,0,63098,49,STAND/UNKNOWN/#0/LOW_FORCE/REST/act=0/mav=55863/base=435495/th=56455
1778760457.726,4594,-30,438123,0,63098,49,STAND/UNKNOWN/#0/LOW_FORCE/REST/act=0/mav=55863/base=435495/th=56455
1778760457.727,4595,-30,434364,0,63098,49,STAND/UNKNOWN/#0/LOW_FORCE/REST/act=0/mav=55863/base=435495/th=56455
1778760457.727,4596,-30,431383,0,63098,49,STAND/UNKNOWN/#0/LOW_FORCE/REST/act=0/mav=55863/base=435495/th=56455
1778760457.727,4597,-30,430394,0,63098,49,STAND/UNKNOWN/#0/LOW_FORCE/REST/act=0/mav=55863/base=435495/th=56455
1778760457.727,4598,-30,427701,0,63098,49,STAND/UNKNOWN/#0/LOW_FORCE/REST/act=0/mav=55863/base=435495/th=56455
1778760457.786,4599,-30,429617,0,63098,49,STAND/UNKNOWN/#0/LOW_FORCE/REST/act=0/mav=55863/base=435495/th=56455
1778760457.786,4600,-30,430452,0,63098,49,STAND/UNKNOWN/#0/LOW_FORCE/REST/act=0/mav=55863/base=435495/th=56455
1778760457.786,4601,-30,435964,0,63098,49,STAND/UNKNOWN/#0/LOW_FORCE/REST/act=0/mav=55863/base=435495/th=56455
1778760457.859,4602,-30,436103,0,63098,49,STAND/UNKNOWN/#0/LOW_FORCE/REST/act=0/mav=55863/base=435495/th=56455
1778760457.859,4603,-30,433658,0,63098,49,STAND/UNKNOWN/#0/LOW_FORCE/REST/act=0/mav=55863/base=435495/th=56455
1778760457.860,4604,-30,430126,0,65024,45,STAND/UNKNOWN/#0/LOW_FORCE/OK/act=1/mav=57596/base=435495/th=56455
1778760457.923,4605,-30,429995,0,65024,45,STAND/UNKNOWN/#0/LOW_FORCE/OK/act=1/mav=57596/base=435495/th=56455
1778760457.923,4606,-30,426629,0,65024,45,STAND/UNKNOWN/#0/LOW_FORCE/OK/act=1/mav=57596/base=435495/th=56455
1778760457.923,4607,-30,427668,0,65024,45,STAND/UNKNOWN/#0/LOW_FORCE/OK/act=1/mav=57596/base=435495/th=56455
1778760457.986,4608,-30,429584,0,65024,45,STAND/UNKNOWN/#0/LOW_FORCE/OK/act=1/mav=57596/base=435495/th=56455
1778760457.986,4609,-30,434719,0,65024,45,STAND/UNKNOWN/#0/LOW_FORCE/OK/act=1/mav=57596/base=435495/th=56455
1778760457.986,4610,-30,434284,0,65024,45,STAND/UNKNOWN/#0/LOW_FORCE/OK/act=1/mav=57596/base=435495/th=56455
1778760457.986,4611,-30,431670,0,65024,45,STAND/UNKNOWN/#0/LOW_FORCE/OK/act=1/mav=57596/base=435495/th=56455
1778760458.068,4612,-30,427396,0,65024,45,STAND/UNKNOWN/#0/LOW_FORCE/OK/act=1/mav=57596/base=435495/th=56455
1778760458.069,4613,-30,427641,0,65024,45,STAND/UNKNOWN/#0/LOW_FORCE/OK/act=1/mav=57596/base=435495/th=56455
1778760458.069,4614,-30,425003,0,65024,45,STAND/UNKNOWN/#0/LOW_FORCE/OK/act=1/mav=57596/base=435495/th=56455
1778760458.069,4615,-30,425109,0,65024,45,STAND/UNKNOWN/#0/LOW_FORCE/OK/act=1/mav=57596/base=435495/th=56455
1778760458.141,4616,-30,426183,0,65024,45,STAND/UNKNOWN/#0/LOW_FORCE/OK/act=1/mav=57596/base=435495/th=56455
1778760458.141,4617,-30,427351,0,15035,34,STAND/UNKNOWN/#0/LOW_FORCE/OK/act=1/mav=59178/base=435495/th=56455
1778760458.141,4618,-30,432289,0,15035,34,STAND/UNKNOWN/#0/LOW_FORCE/OK/act=1/mav=59178/base=435495/th=56455
1778760458.214,4619,-30,432839,0,15035,34,STAND/UNKNOWN/#0/LOW_FORCE/OK/act=1/mav=59178/base=435495/th=56455
1778760458.215,4620,-30,429274,0,15035,34,STAND/UNKNOWN/#0/LOW_FORCE/OK/act=1/mav=59178/base=435495/th=56455
1778760458.215,4621,-30,426731,0,15035,34,STAND/UNKNOWN/#0/LOW_FORCE/OK/act=1/mav=59178/base=435495/th=56455
1778760458.215,4622,-30,425075,0,15035,34,STAND/UNKNOWN/#0/LOW_FORCE/OK/act=1/mav=59178/base=435495/th=56455
1778760458.275,4623,-30,423144,0,15035,34,STAND/UNKNOWN/#0/LOW_FORCE/OK/act=1/mav=59178/base=435495/th=56455
1778760458.275,4624,-30,425073,0,15035,34,STAND/UNKNOWN/#0/LOW_FORCE/OK/act=1/mav=59178/base=435495/th=56455
1778760458.275,4625,-30,424754,0,15035,34,STAND/UNKNOWN/#0/LOW_FORCE/OK/act=1/mav=59178/base=435495/th=56455
1778760458.330,4626,-30,425674,0,15035,34,STAND/UNKNOWN/#0/LOW_FORCE/OK/act=1/mav=59178/base=435495/th=56455
1778760458.331,4627,-30,431095,0,15035,34,STAND/UNKNOWN/#0/LOW_FORCE/OK/act=1/mav=59178/base=435495/th=56455
1778760458.331,4628,-30,431523,0,15035,34,STAND/UNKNOWN/#0/LOW_FORCE/OK/act=1/mav=59178/base=435495/th=56455
1778760458.386,4629,-30,428728,0,15035,34,STAND/UNKNOWN/#0/LOW_FORCE/OK/act=1/mav=59178/base=435495/th=56455
1778760458.386,4630,-30,423941,0,24385,26,STAND/UNKNOWN/#0/LOW_FORCE/OK/act=1/mav=60957/base=435495/th=56455
1778760458.386,4631,-30,423691,0,24385,26,STAND/UNKNOWN/#0/LOW_FORCE/OK/act=1/mav=60957/base=435495/th=56455
1778760458.454,4632,-30,423596,0,24385,26,STAND/UNKNOWN/#0/LOW_FORCE/OK/act=1/mav=60957/base=435495/th=56455
1778760458.454,4633,-30,422121,0,24385,26,STAND/UNKNOWN/#0/LOW_FORCE/OK/act=1/mav=60957/base=435495/th=56455
1778760458.454,4634,-30,421908,0,24385,26,STAND/UNKNOWN/#0/LOW_FORCE/OK/act=1/mav=60957/base=435495/th=56455
1778760458.520,4635,-30,424778,0,24385,26,STAND/UNKNOWN/#0/LOW_FORCE/OK/act=1/mav=60957/base=435495/th=56455
1778760458.520,4636,-30,429827,0,24385,26,STAND/UNKNOWN/#0/LOW_FORCE/OK/act=1/mav=60957/base=435495/th=56455
1778760458.520,4637,-30,430843,0,24385,26,STAND/UNKNOWN/#0/LOW_FORCE/OK/act=1/mav=60957/base=435495/th=56455
1778760458.580,4638,-30,427686,0,24385,26,STAND/UNKNOWN/#0/LOW_FORCE/OK/act=1/mav=60957/base=435495/th=56455
1778760458.580,4639,-30,424169,0,24385,26,STAND/UNKNOWN/#0/LOW_FORCE/OK/act=1/mav=60957/base=435495/th=56455
1778760458.580,4640,-30,421733,0,24385,26,STAND/UNKNOWN/#0/LOW_FORCE/OK/act=1/mav=60957/base=435495/th=56455
1778760458.636,4641,-30,419167,0,24385,26,STAND/UNKNOWN/#0/LOW_FORCE/OK/act=1/mav=60957/base=435495/th=56455
1778760458.636,4642,-30,420936,0,24385,26,STAND/UNKNOWN/#0/LOW_FORCE/OK/act=1/mav=60957/base=435495/th=56455
1778760458.636,4643,-30,420196,0,30645,26,STAND/UNKNOWN/#0/LOW_FORCE/OK/act=1/mav=63027/base=435495/th=56455
1778760458.689,4644,-30,422381,0,30645,26,STAND/UNKNOWN/#0/LOW_FORCE/OK/act=1/mav=63027/base=435495/th=56455
1778760458.690,4645,-30,426969,0,30645,26,STAND/UNKNOWN/#0/LOW_FORCE/OK/act=1/mav=63027/base=435495/th=56455
1778760458.690,4646,-30,428008,0,30645,26,STAND/UNKNOWN/#0/LOW_FORCE/OK/act=1/mav=63027/base=435495/th=56455
1778760458.747,4647,-30,424631,0,30645,26,STAND/UNKNOWN/#0/LOW_FORCE/OK/act=1/mav=63027/base=435495/th=56455
1778760458.747,4648,-30,420579,0,30645,26,STAND/UNKNOWN/#0/LOW_FORCE/OK/act=1/mav=63027/base=435495/th=56455
1778760458.747,4649,-30,418288,0,30645,26,STAND/UNKNOWN/#0/LOW_FORCE/OK/act=1/mav=63027/base=435495/th=56455
1778760458.804,4650,-30,417781,0,30645,26,STAND/UNKNOWN/#0/LOW_FORCE/OK/act=1/mav=63027/base=435495/th=56455
1778760458.804,4651,-30,419182,0,30645,26,STAND/UNKNOWN/#0/LOW_FORCE/OK/act=1/mav=63027/base=435495/th=56455
1778760458.861,4652,-30,420159,0,30645,26,STAND/UNKNOWN/#0/LOW_FORCE/OK/act=1/mav=63027/base=435495/th=56455
1778760458.861,4653,-30,420784,0,30645,26,STAND/UNKNOWN/#0/LOW_FORCE/OK/act=1/mav=63027/base=435495/th=56455
1778760458.861,4654,-30,426895,0,30645,26,STAND/UNKNOWN/#0/LOW_FORCE/OK/act=1/mav=63027/base=435495/th=56455
1778760458.917,4655,-30,426768,0,30645,26,STAND/UNKNOWN/#0/LOW_FORCE/OK/act=1/mav=63027/base=435495/th=56455
1778760458.917,4656,-30,424296,0,35015,26,STAND/UNKNOWN/#0/LOW_FORCE/OK/act=1/mav=64531/base=435495/th=56455
1778760458.917,4657,-30,420680,0,35015,26,STAND/UNKNOWN/#0/LOW_FORCE/OK/act=1/mav=64531/base=435495/th=56455
1778760458.979,4658,-30,420151,0,35015,26,STAND/UNKNOWN/#0/LOW_FORCE/OK/act=1/mav=64531/base=435495/th=56455
1778760458.979,4659,-30,414666,0,35015,26,STAND/UNKNOWN/#0/LOW_FORCE/OK/act=1/mav=64531/base=435495/th=56455
1778760458.979,4660,-30,417460,0,35015,26,STAND/UNKNOWN/#0/LOW_FORCE/OK/act=1/mav=64531/base=435495/th=56455
1778760459.050,4661,-30,418816,0,35015,26,STAND/UNKNOWN/#0/LOW_FORCE/OK/act=1/mav=64531/base=435495/th=56455
1778760459.051,4662,-30,420853,0,35015,26,STAND/UNKNOWN/#0/LOW_FORCE/OK/act=1/mav=64531/base=435495/th=56455
1778760459.051,4663,-30,426899,0,35015,26,STAND/UNKNOWN/#0/LOW_FORCE/OK/act=1/mav=64531/base=435495/th=56455
1778760459.051,4664,-30,425839,0,35015,26,STAND/UNKNOWN/#0/LOW_FORCE/OK/act=1/mav=64531/base=435495/th=56455
1778760459.123,4665,-30,422263,0,35015,26,STAND/UNKNOWN/#0/LOW_FORCE/OK/act=1/mav=64531/base=435495/th=56455
1778760459.123,4666,-30,420724,0,35015,26,STAND/UNKNOWN/#0/LOW_FORCE/OK/act=1/mav=64531/base=435495/th=56455
1778760459.123,4667,-30,418695,0,35015,26,STAND/UNKNOWN/#0/LOW_FORCE/OK/act=1/mav=64531/base=435495/th=56455
1778760459.188,4668,-30,418013,0,36928,25,STAND/UNKNOWN/#0/LOW_FORCE/OK/act=1/mav=65247/base=435495/th=56455
1778760459.188,4669,-30,418324,0,36928,25,STAND/UNKNOWN/#0/LOW_FORCE/OK/act=1/mav=65247/base=435495/th=56455
1778760459.189,4670,-30,421485,0,36928,25,STAND/UNKNOWN/#0/LOW_FORCE/OK/act=1/mav=65247/base=435495/th=56455
1778760459.189,4671,-30,426008,0,36928,25,STAND/UNKNOWN/#0/LOW_FORCE/OK/act=1/mav=65247/base=435495/th=56455
1778760459.258,4672,-30,427449,0,36928,25,STAND/UNKNOWN/#0/LOW_FORCE/OK/act=1/mav=65247/base=435495/th=56455
1778760459.258,4673,-30,421819,0,36928,25,STAND/UNKNOWN/#0/LOW_FORCE/OK/act=1/mav=65247/base=435495/th=56455
1778760459.258,4674,-30,421035,0,36928,25,STAND/UNKNOWN/#0/LOW_FORCE/OK/act=1/mav=65247/base=435495/th=56455
1778760459.316,4675,-30,419405,0,36928,25,STAND/UNKNOWN/#0/LOW_FORCE/OK/act=1/mav=65247/base=435495/th=56455
1778760459.316,4676,-30,414724,0,36928,25,STAND/UNKNOWN/#0/LOW_FORCE/OK/act=1/mav=65247/base=435495/th=56455
1778760459.316,4677,-30,416394,0,36928,25,STAND/UNKNOWN/#0/LOW_FORCE/OK/act=1/mav=65247/base=435495/th=56455
1778760459.378,4678,-30,417789,0,36928,25,STAND/UNKNOWN/#0/LOW_FORCE/OK/act=1/mav=65247/base=435495/th=56455
1778760459.378,4679,-30,420448,0,36928,25,STAND/UNKNOWN/#0/LOW_FORCE/OK/act=1/mav=65247/base=435495/th=56455
1778760459.379,4680,-30,424451,0,36928,25,STAND/UNKNOWN/#0/LOW_FORCE/OK/act=1/mav=65247/base=435495/th=56455
1778760459.436,4681,-30,426737,0,39029,25,STAND/UNKNOWN/#0/LOW_FORCE/OK/act=1/mav=66684/base=435495/th=56455
1778760459.436,4682,-30,422103,0,39029,25,STAND/UNKNOWN/#0/LOW_FORCE/OK/act=1/mav=66684/base=435495/th=56455
1778760459.436,4683,-30,419060,0,39029,25,STAND/UNKNOWN/#0/LOW_FORCE/OK/act=1/mav=66684/base=435495/th=56455
1778760459.493,4684,-30,420948,0,39029,25,STAND/UNKNOWN/#0/LOW_FORCE/OK/act=1/mav=66684/base=435495/th=56455
1778760459.493,4685,-30,416624,0,39029,25,STAND/UNKNOWN/#0/LOW_FORCE/OK/act=1/mav=66684/base=435495/th=56455
1778760459.493,4686,-30,417814,0,39029,25,STAND/UNKNOWN/#0/LOW_FORCE/OK/act=1/mav=66684/base=435495/th=56455
1778760459.551,4687,-30,418139,0,39029,25,STAND/UNKNOWN/#0/LOW_FORCE/OK/act=1/mav=66684/base=435495/th=56455
1778760459.551,4688,-30,421106,0,39029,25,STAND/UNKNOWN/#0/LOW_FORCE/OK/act=1/mav=66684/base=435495/th=56455
1778760459.551,4689,-30,424351,0,39029,25,STAND/UNKNOWN/#0/LOW_FORCE/OK/act=1/mav=66684/base=435495/th=56455
1778760459.612,4690,-30,425858,0,39029,25,STAND/UNKNOWN/#0/LOW_FORCE/OK/act=1/mav=66684/base=435495/th=56455
1778760459.612,4691,-30,424604,0,39029,25,STAND/UNKNOWN/#0/LOW_FORCE/OK/act=1/mav=66684/base=435495/th=56455
1778760459.612,4692,-30,419614,0,39029,25,STAND/UNKNOWN/#0/LOW_FORCE/OK/act=1/mav=66684/base=435495/th=56455
1778760459.669,4693,-30,418972,0,39029,25,STAND/UNKNOWN/#0/LOW_FORCE/OK/act=1/mav=66684/base=435495/th=56455
1778760459.669,4694,-30,417491,0,41603,27,STAND/UNKNOWN/#0/LOW_FORCE/OK/act=1/mav=68505/base=435495/th=56455
1778760459.670,4695,-30,419079,0,41603,27,STAND/UNKNOWN/#0/LOW_FORCE/OK/act=1/mav=68505/base=435495/th=56455
1778760459.730,4696,-30,419830,0,41603,27,STAND/UNKNOWN/#0/LOW_FORCE/OK/act=1/mav=68505/base=435495/th=56455
1778760459.731,4697,-30,420584,0,41603,27,STAND/UNKNOWN/#0/LOW_FORCE/OK/act=1/mav=68505/base=435495/th=56455
1778760459.731,4698,-30,425258,0,41603,27,STAND/UNKNOWN/#0/LOW_FORCE/OK/act=1/mav=68505/base=435495/th=56455
1778760459.789,4699,-30,426302,0,41603,27,STAND/UNKNOWN/#0/LOW_FORCE/OK/act=1/mav=68505/base=435495/th=56455
1778760459.789,4700,-30,422879,0,41603,27,STAND/UNKNOWN/#0/LOW_FORCE/OK/act=1/mav=68505/base=435495/th=56455
1778760459.789,4701,-30,420758,0,41603,27,STAND/UNKNOWN/#0/LOW_FORCE/OK/act=1/mav=68505/base=435495/th=56455
1778760459.847,4702,-30,419376,0,41603,27,STAND/UNKNOWN/#0/LOW_FORCE/OK/act=1/mav=68505/base=435495/th=56455
1778760459.847,4703,-30,417494,0,41603,27,STAND/UNKNOWN/#0/LOW_FORCE/OK/act=1/mav=68505/base=435495/th=56455
1778760459.847,4704,-30,419468,0,41603,27,STAND/UNKNOWN/#0/LOW_FORCE/OK/act=1/mav=68505/base=435495/th=56455
1778760459.902,4705,-30,419894,0,41603,27,STAND/UNKNOWN/#0/LOW_FORCE/OK/act=1/mav=68505/base=435495/th=56455
1778760459.902,4706,-30,421944,0,41603,27,STAND/UNKNOWN/#0/LOW_FORCE/OK/act=1/mav=68505/base=435495/th=56455
1778760459.957,4707,-30,426119,0,43910,30,STAND/UNKNOWN/#0/LOW_FORCE/OK/act=1/mav=70336/base=435495/th=56455
1778760459.957,4708,-30,426806,0,43910,30,STAND/UNKNOWN/#0/LOW_FORCE/OK/act=1/mav=70336/base=435495/th=56455
1778760459.958,4709,-30,424187,0,43910,30,STAND/UNKNOWN/#0/LOW_FORCE/OK/act=1/mav=70336/base=435495/th=56455
1778760460.017,4710,-30,421300,0,43910,30,STAND/UNKNOWN/#0/LOW_FORCE/OK/act=1/mav=70336/base=435495/th=56455
1778760460.018,4711,-30,420765,0,43910,30,STAND/UNKNOWN/#0/LOW_FORCE/OK/act=1/mav=70336/base=435495/th=56455
1778760460.018,4712,-30,418818,0,43910,30,STAND/UNKNOWN/#0/LOW_FORCE/OK/act=1/mav=70336/base=435495/th=56455
1778760460.074,4713,-30,418663,0,43910,30,STAND/UNKNOWN/#0/LOW_FORCE/OK/act=1/mav=70336/base=435495/th=56455
1778760460.074,4714,-30,419941,0,43910,30,STAND/UNKNOWN/#0/LOW_FORCE/OK/act=1/mav=70336/base=435495/th=56455
1778760460.074,4715,-30,423066,0,43910,30,STAND/UNKNOWN/#0/LOW_FORCE/OK/act=1/mav=70336/base=435495/th=56455
1778760460.134,4716,-30,426299,0,43910,30,STAND/UNKNOWN/#0/LOW_FORCE/OK/act=1/mav=70336/base=435495/th=56455
1778760460.134,4717,-30,428207,0,43910,30,STAND/UNKNOWN/#0/LOW_FORCE/OK/act=1/mav=70336/base=435495/th=56455
1778760460.134,4718,-30,425510,0,43910,30,STAND/UNKNOWN/#0/LOW_FORCE/OK/act=1/mav=70336/base=435495/th=56455
1778760460.194,4719,-30,422556,0,43910,30,STAND/UNKNOWN/#0/LOW_FORCE/OK/act=1/mav=70336/base=435495/th=56455
1778760460.194,4720,-30,422764,0,44325,33,STAND/UNKNOWN/#0/LOW_FORCE/OK/act=1/mav=70790/base=435495/th=56455
1778760460.194,4721,-30,420161,0,44325,33,STAND/UNKNOWN/#0/LOW_FORCE/OK/act=1/mav=70790/base=435495/th=56455
1778760460.250,4722,-30,419893,0,44325,33,STAND/UNKNOWN/#0/LOW_FORCE/OK/act=1/mav=70790/base=435495/th=56455
1778760460.250,4723,-30,422328,0,44325,33,STAND/UNKNOWN/#0/LOW_FORCE/OK/act=1/mav=70790/base=435495/th=56455
1778760460.250,4724,-30,424033,0,44325,33,STAND/UNKNOWN/#0/LOW_FORCE/OK/act=1/mav=70790/base=435495/th=56455
1778760460.307,4725,-30,429218,0,44325,33,STAND/UNKNOWN/#0/LOW_FORCE/OK/act=1/mav=70790/base=435495/th=56455
1778760460.307,4726,-30,431241,0,44325,33,STAND/UNKNOWN/#0/LOW_FORCE/OK/act=1/mav=70790/base=435495/th=56455
1778760460.307,4727,-30,427420,0,44325,33,STAND/UNKNOWN/#0/LOW_FORCE/OK/act=1/mav=70790/base=435495/th=56455
1778760460.365,4728,-30,424258,0,44325,33,STAND/UNKNOWN/#0/LOW_FORCE/OK/act=1/mav=70790/base=435495/th=56455
1778760460.365,4729,-30,424641,0,44325,33,STAND/UNKNOWN/#0/LOW_FORCE/OK/act=1/mav=70790/base=435495/th=56455
1778760460.428,4730,-30,421758,0,44325,33,STAND/UNKNOWN/#0/LOW_FORCE/OK/act=1/mav=70790/base=435495/th=56455
1778760460.428,4731,-30,422999,0,44325,33,STAND/UNKNOWN/#0/LOW_FORCE/OK/act=1/mav=70790/base=435495/th=56455
1778760460.428,4732,-30,423624,0,43949,42,STAND/UNKNOWN/#0/LOW_FORCE/OK/act=1/mav=70571/base=435495/th=56455
1778760460.428,4733,-30,426039,0,43949,42,STAND/UNKNOWN/#0/LOW_FORCE/OK/act=1/mav=70571/base=435495/th=56455
1778760460.483,4734,-30,430589,0,43949,42,STAND/UNKNOWN/#0/LOW_FORCE/OK/act=1/mav=70571/base=435495/th=56455
1778760460.483,4735,-30,432500,0,43949,42,STAND/UNKNOWN/#0/LOW_FORCE/OK/act=1/mav=70571/base=435495/th=56455
1778760460.539,4736,-30,430574,0,43949,42,STAND/UNKNOWN/#0/LOW_FORCE/OK/act=1/mav=70571/base=435495/th=56455
1778760460.539,4737,-30,427937,0,43949,42,STAND/UNKNOWN/#0/LOW_FORCE/OK/act=1/mav=70571/base=435495/th=56455
1778760460.539,4738,-30,427217,0,43949,42,STAND/UNKNOWN/#0/LOW_FORCE/OK/act=1/mav=70571/base=435495/th=56455
1778760460.593,4739,-30,425526,0,43949,42,STAND/UNKNOWN/#0/LOW_FORCE/OK/act=1/mav=70571/base=435495/th=56455
1778760460.593,4740,-30,426838,0,43949,42,STAND/UNKNOWN/#0/LOW_FORCE/OK/act=1/mav=70571/base=435495/th=56455
1778760460.593,4741,-30,426098,0,43949,42,STAND/UNKNOWN/#0/LOW_FORCE/OK/act=1/mav=70571/base=435495/th=56455
1778760460.649,4742,-30,430315,0,43949,42,STAND/UNKNOWN/#0/LOW_FORCE/OK/act=1/mav=70571/base=435495/th=56455
1778760460.649,4743,-30,433486,0,43949,42,STAND/UNKNOWN/#0/LOW_FORCE/OK/act=1/mav=70571/base=435495/th=56455
1778760460.649,4744,-30,434499,0,43949,42,STAND/UNKNOWN/#0/LOW_FORCE/OK/act=1/mav=70571/base=435495/th=56455
1778760460.709,4745,-30,432086,0,43175,51,STAND/UNKNOWN/#0/LOW_FORCE/OK/act=1/mav=70327/base=435495/th=56455
1778760460.709,4746,-30,428686,0,43175,51,STAND/UNKNOWN/#0/LOW_FORCE/OK/act=1/mav=70327/base=435495/th=56455
1778760460.709,4747,-30,429249,0,43175,51,STAND/UNKNOWN/#0/LOW_FORCE/OK/act=1/mav=70327/base=435495/th=56455
1778760460.773,4748,-30,427302,0,43175,51,STAND/UNKNOWN/#0/LOW_FORCE/OK/act=1/mav=70327/base=435495/th=56455
1778760460.773,4749,-30,429638,0,43175,51,STAND/UNKNOWN/#0/LOW_FORCE/OK/act=1/mav=70327/base=435495/th=56455
1778760460.774,4750,-30,429940,0,43175,51,STAND/UNKNOWN/#0/LOW_FORCE/OK/act=1/mav=70327/base=435495/th=56455
1778760460.838,4751,-30,431223,0,43175,51,STAND/UNKNOWN/#0/LOW_FORCE/OK/act=1/mav=70327/base=435495/th=56455
1778760460.838,4752,-30,436834,0,43175,51,STAND/UNKNOWN/#0/LOW_FORCE/OK/act=1/mav=70327/base=435495/th=56455
1778760460.838,4753,-30,438127,0,43175,51,STAND/UNKNOWN/#0/LOW_FORCE/OK/act=1/mav=70327/base=435495/th=56455
1778760460.901,4754,-30,432016,0,43175,51,STAND/UNKNOWN/#0/LOW_FORCE/OK/act=1/mav=70327/base=435495/th=56455
1778760460.901,4755,-30,431919,0,43175,51,STAND/UNKNOWN/#0/LOW_FORCE/OK/act=1/mav=70327/base=435495/th=56455
1778760460.901,4756,-30,430188,0,43175,51,STAND/UNKNOWN/#0/LOW_FORCE/OK/act=1/mav=70327/base=435495/th=56455
1778760460.967,4757,-30,429718,0,43175,51,STAND/UNKNOWN/#0/LOW_FORCE/OK/act=1/mav=70327/base=435495/th=56455
1778760460.967,4758,-30,430709,0,43720,51,STAND/UNKNOWN/#0/LOW_FORCE/OK/act=1/mav=70790/base=435495/th=56455
1778760460.967,4759,-30,430053,0,43720,51,STAND/UNKNOWN/#0/LOW_FORCE/OK/act=1/mav=70790/base=435495/th=56455
1778760460.967,4760,-30,432263,0,43720,51,STAND/UNKNOWN/#0/LOW_FORCE/OK/act=1/mav=70790/base=435495/th=56455
1778760461.035,4761,-30,437001,0,43720,51,STAND/UNKNOWN/#0/LOW_FORCE/OK/act=1/mav=70790/base=435495/th=56455
1778760461.035,4762,-30,438242,0,43720,51,STAND/UNKNOWN/#0/LOW_FORCE/OK/act=1/mav=70790/base=435495/th=56455
1778760461.035,4763,-30,435386,0,43720,51,STAND/UNKNOWN/#0/LOW_FORCE/OK/act=1/mav=70790/base=435495/th=56455
1778760461.097,4764,-30,433264,0,43720,51,STAND/UNKNOWN/#0/LOW_FORCE/OK/act=1/mav=70790/base=435495/th=56455
1778760461.097,4765,-30,433027,0,43720,51,STAND/UNKNOWN/#0/LOW_FORCE/OK/act=1/mav=70790/base=435495/th=56455
1778760461.097,4766,-30,429804,0,43720,51,STAND/UNKNOWN/#0/LOW_FORCE/OK/act=1/mav=70790/base=435495/th=56455
1778760461.167,4767,-30,430277,0,43720,51,STAND/UNKNOWN/#0/LOW_FORCE/OK/act=1/mav=70790/base=435495/th=56455
1778760461.168,4768,-30,433842,0,43720,51,STAND/UNKNOWN/#0/LOW_FORCE/OK/act=1/mav=70790/base=435495/th=56455
1778760461.168,4769,-30,436193,0,43720,51,STAND/UNKNOWN/#0/LOW_FORCE/OK/act=1/mav=70790/base=435495/th=56455
1778760461.168,4770,-30,439089,0,43720,51,STAND/UNKNOWN/#0/LOW_FORCE/OK/act=1/mav=70790/base=435495/th=56455
1778760461.224,4771,-30,441966,0,44240,51,STAND/UNKNOWN/#0/LOW_FORCE/OK/act=1/mav=71146/base=435495/th=56455
1778760461.224,4772,-30,437886,0,44240,51,STAND/UNKNOWN/#0/LOW_FORCE/OK/act=1/mav=71146/base=435495/th=56455
1778760461.290,4773,-30,435849,0,44240,51,STAND/UNKNOWN/#0/LOW_FORCE/OK/act=1/mav=71146/base=435495/th=56455
1778760461.290,4774,-30,434774,0,44240,51,STAND/UNKNOWN/#0/LOW_FORCE/OK/act=1/mav=71146/base=435495/th=56455
1778760461.290,4775,-30,433414,0,44240,51,STAND/UNKNOWN/#0/LOW_FORCE/OK/act=1/mav=71146/base=435495/th=56455
1778760461.290,4776,-30,434183,0,44240,51,STAND/UNKNOWN/#0/LOW_FORCE/OK/act=1/mav=71146/base=435495/th=56455
1778760461.349,4777,-30,435522,0,44240,51,STAND/UNKNOWN/#0/LOW_FORCE/OK/act=1/mav=71146/base=435495/th=56455
1778760461.349,4778,-30,438283,0,44240,51,STAND/UNKNOWN/#0/LOW_FORCE/OK/act=1/mav=71146/base=435495/th=56455
1778760461.349,4779,-30,443178,0,44240,51,STAND/UNKNOWN/#0/LOW_FORCE/OK/act=1/mav=71146/base=435495/th=56455
1778760461.411,4780,-30,442984,0,44240,51,STAND/UNKNOWN/#0/LOW_FORCE/OK/act=1/mav=71146/base=435495/th=56455
1778760461.411,4781,-30,440164,0,44240,51,STAND/UNKNOWN/#0/LOW_FORCE/OK/act=1/mav=71146/base=435495/th=56455
1778760461.411,4782,-30,438169,0,44240,51,STAND/UNKNOWN/#0/LOW_FORCE/OK/act=1/mav=71146/base=435495/th=56455
1778760461.479,4783,-30,438741,0,44240,51,STAND/UNKNOWN/#0/LOW_FORCE/OK/act=1/mav=71146/base=435495/th=56455
1778760461.480,4784,-30,435685,0,42065,52,STAND/UNKNOWN/#0/LOW_FORCE/OK/act=1/mav=69850/base=435495/th=56455
1778760461.480,4785,-30,435982,0,42065,52,STAND/UNKNOWN/#0/LOW_FORCE/OK/act=1/mav=69850/base=435495/th=56455
1778760461.538,4786,-30,437846,0,42065,52,STAND/UNKNOWN/#0/LOW_FORCE/OK/act=1/mav=69850/base=435495/th=56455
1778760461.539,4787,-30,439795,0,42065,52,STAND/UNKNOWN/#0/LOW_FORCE/OK/act=1/mav=69850/base=435495/th=56455
1778760461.539,4788,-30,445005,0,42065,52,STAND/UNKNOWN/#0/LOW_FORCE/OK/act=1/mav=69850/base=435495/th=56455
1778760461.599,4789,-30,446513,0,42065,52,STAND/UNKNOWN/#0/LOW_FORCE/OK/act=1/mav=69850/base=435495/th=56455
1778760461.599,4790,-30,445463,0,42065,52,STAND/UNKNOWN/#0/LOW_FORCE/OK/act=1/mav=69850/base=435495/th=56455
1778760461.599,4791,-30,442588,0,42065,52,STAND/UNKNOWN/#0/LOW_FORCE/OK/act=1/mav=69850/base=435495/th=56455
1778760461.665,4792,-30,441908,0,42065,52,STAND/UNKNOWN/#0/LOW_FORCE/OK/act=1/mav=69850/base=435495/th=56455
1778760461.665,4793,-30,439574,0,42065,52,STAND/UNKNOWN/#0/LOW_FORCE/OK/act=1/mav=69850/base=435495/th=56455
1778760461.665,4794,-30,443014,0,42065,52,STAND/UNKNOWN/#0/LOW_FORCE/OK/act=1/mav=69850/base=435495/th=56455
1778760461.734,4795,-30,443523,0,42065,52,STAND/UNKNOWN/#0/LOW_FORCE/OK/act=1/mav=69850/base=435495/th=56455
1778760461.734,4796,-30,446231,0,39528,51,STAND/UNKNOWN/#0/LOW_FORCE/OK/act=1/mav=68438/base=435495/th=56455
1778760461.734,4797,-30,449893,0,39528,51,STAND/UNKNOWN/#0/LOW_FORCE/OK/act=1/mav=68438/base=435495/th=56455
1778760461.734,4798,-30,452999,0,39528,51,STAND/UNKNOWN/#0/LOW_FORCE/OK/act=1/mav=68438/base=435495/th=56455
1778760461.825,4799,-30,450105,0,39528,51,STAND/UNKNOWN/#0/LOW_FORCE/OK/act=1/mav=68438/base=435495/th=56455
1778760461.825,4800,-30,446941,0,39528,51,STAND/UNKNOWN/#0/LOW_FORCE/OK/act=1/mav=68438/base=435495/th=56455
1778760461.825,4801,-30,447380,0,39528,51,STAND/UNKNOWN/#0/LOW_FORCE/OK/act=1/mav=68438/base=435495/th=56455
1778760461.825,4802,-30,445279,0,39528,51,STAND/UNKNOWN/#0/LOW_FORCE/OK/act=1/mav=68438/base=435495/th=56455
1778760461.903,4803,-30,444910,0,39528,51,STAND/UNKNOWN/#0/LOW_FORCE/OK/act=1/mav=68438/base=435495/th=56455
1778760461.904,4804,-30,444652,0,39528,51,STAND/UNKNOWN/#0/LOW_FORCE/OK/act=1/mav=68438/base=435495/th=56455
1778760461.904,4805,-30,448718,0,39528,51,STAND/UNKNOWN/#0/LOW_FORCE/OK/act=1/mav=68438/base=435495/th=56455
1778760461.904,4806,-30,454396,0,39528,51,STAND/UNKNOWN/#0/LOW_FORCE/OK/act=1/mav=68438/base=435495/th=56455
1778760461.972,4807,-30,456905,0,39528,51,STAND/UNKNOWN/#0/LOW_FORCE/OK/act=1/mav=68438/base=435495/th=56455
1778760461.972,4808,-30,452813,0,39528,51,STAND/UNKNOWN/#0/LOW_FORCE/OK/act=1/mav=68438/base=435495/th=56455
1778760461.972,4809,-30,449261,0,35386,51,STAND/UNKNOWN/#0/LOW_FORCE/OK/act=1/mav=66653/base=435495/th=56455
1778760461.972,4810,-30,451603,0,35386,51,STAND/UNKNOWN/#0/LOW_FORCE/OK/act=1/mav=66653/base=435495/th=56455
1778760462.034,4811,-30,449863,0,35386,51,STAND/UNKNOWN/#0/LOW_FORCE/OK/act=1/mav=66653/base=435495/th=56455
1778760462.034,4812,-30,451119,0,35386,51,STAND/UNKNOWN/#0/LOW_FORCE/OK/act=1/mav=66653/base=435495/th=56455
1778760462.034,4813,-30,452879,0,35386,51,STAND/UNKNOWN/#0/LOW_FORCE/OK/act=1/mav=66653/base=435495/th=56455
1778760462.103,4814,-30,453607,0,35386,51,STAND/UNKNOWN/#0/LOW_FORCE/OK/act=1/mav=66653/base=435495/th=56455
1778760462.104,4815,-30,460558,0,35386,51,STAND/UNKNOWN/#0/LOW_FORCE/OK/act=1/mav=66653/base=435495/th=56455
1778760462.104,4816,-30,462982,0,35386,51,STAND/UNKNOWN/#0/LOW_FORCE/OK/act=1/mav=66653/base=435495/th=56455
1778760462.169,4817,-30,458380,0,35386,51,STAND/UNKNOWN/#0/LOW_FORCE/OK/act=1/mav=66653/base=435495/th=56455
1778760462.169,4818,-30,457253,0,35386,51,STAND/UNKNOWN/#0/LOW_FORCE/OK/act=1/mav=66653/base=435495/th=56455
1778760462.169,4819,-30,454954,0,35386,51,STAND/UNKNOWN/#0/LOW_FORCE/OK/act=1/mav=66653/base=435495/th=56455
1778760462.169,4820,-30,453648,0,35386,51,STAND/UNKNOWN/#0/LOW_FORCE/OK/act=1/mav=66653/base=435495/th=56455
1778760462.233,4821,-30,455118,0,35386,51,STAND/UNKNOWN/#0/LOW_FORCE/OK/act=1/mav=66653/base=435495/th=56455
1778760462.233,4822,-30,457191,0,32684,51,STAND/UNKNOWN/#0/LOW_FORCE/OK/act=1/mav=65747/base=435495/th=56455
1778760462.233,4823,-30,459650,0,32684,51,STAND/UNKNOWN/#0/LOW_FORCE/OK/act=1/mav=65747/base=435495/th=56455
1778760462.292,4824,-30,464119,0,32684,51,STAND/UNKNOWN/#0/LOW_FORCE/OK/act=1/mav=65747/base=435495/th=56455
1778760462.292,4825,-30,464571,0,32684,51,STAND/UNKNOWN/#0/LOW_FORCE/OK/act=1/mav=65747/base=435495/th=56455
1778760462.292,4826,-30,462283,0,32684,51,STAND/UNKNOWN/#0/LOW_FORCE/OK/act=1/mav=65747/base=435495/th=56455
1778760462.357,4827,-30,459789,0,32684,51,STAND/UNKNOWN/#0/LOW_FORCE/OK/act=1/mav=65747/base=435495/th=56455
1778760462.357,4828,-30,460180,0,32684,51,STAND/UNKNOWN/#0/LOW_FORCE/OK/act=1/mav=65747/base=435495/th=56455
1778760462.357,4829,-30,457089,0,32684,51,STAND/UNKNOWN/#0/LOW_FORCE/OK/act=1/mav=65747/base=435495/th=56455
1778760462.416,4830,-30,459098,0,32684,51,STAND/UNKNOWN/#0/LOW_FORCE/OK/act=1/mav=65747/base=435495/th=56455
1778760462.417,4831,-30,459660,0,32684,51,STAND/UNKNOWN/#0/LOW_FORCE/OK/act=1/mav=65747/base=435495/th=56455
1778760462.417,4832,-30,462944,0,32684,51,STAND/UNKNOWN/#0/LOW_FORCE/OK/act=1/mav=65747/base=435495/th=56455
1778760462.488,4833,-30,467681,0,32684,51,STAND/UNKNOWN/#0/LOW_FORCE/OK/act=1/mav=65747/base=435495/th=56455
1778760462.488,4834,-30,468898,0,32684,51,STAND/UNKNOWN/#0/LOW_FORCE/OK/act=1/mav=65747/base=435495/th=56455
1778760462.488,4835,-30,466382,0,29707,51,STAND/UNKNOWN/#0/LOW_FORCE/OK/act=1/mav=64495/base=435495/th=56455
1778760462.488,4836,-30,464353,0,29707,51,STAND/UNKNOWN/#0/LOW_FORCE/OK/act=1/mav=64495/base=435495/th=56455
1778760462.551,4837,-30,464777,0,29707,51,STAND/UNKNOWN/#0/LOW_FORCE/OK/act=1/mav=64495/base=435495/th=56455
1778760462.551,4838,-30,463166,0,29707,51,STAND/UNKNOWN/#0/LOW_FORCE/OK/act=1/mav=64495/base=435495/th=56455
1778760462.551,4839,-30,462427,0,29707,51,STAND/UNKNOWN/#0/LOW_FORCE/OK/act=1/mav=64495/base=435495/th=56455
1778760462.609,4840,-30,463774,0,29707,51,STAND/UNKNOWN/#0/LOW_FORCE/OK/act=1/mav=64495/base=435495/th=56455
1778760462.610,4841,-30,466766,0,29707,51,STAND/UNKNOWN/#0/LOW_FORCE/OK/act=1/mav=64495/base=435495/th=56455
1778760462.610,4842,-30,471604,0,29707,51,STAND/UNKNOWN/#0/LOW_FORCE/OK/act=1/mav=64495/base=435495/th=56455
1778760462.668,4843,-30,474699,0,29707,51,STAND/UNKNOWN/#0/LOW_FORCE/OK/act=1/mav=64495/base=435495/th=56455
1778760462.668,4844,-30,472116,0,29707,51,STAND/UNKNOWN/#0/LOW_FORCE/OK/act=1/mav=64495/base=435495/th=56455
1778760462.668,4845,-30,468929,0,29707,51,STAND/UNKNOWN/#0/LOW_FORCE/OK/act=1/mav=64495/base=435495/th=56455
1778760462.728,4846,-30,469186,0,29707,51,STAND/UNKNOWN/#0/LOW_FORCE/OK/act=1/mav=64495/base=435495/th=56455
1778760462.728,4847,-30,466991,0,29707,51,STAND/UNKNOWN/#0/LOW_FORCE/OK/act=1/mav=64495/base=435495/th=56455
1778760462.728,4848,-30,468695,0,23273,52,STAND/UNKNOWN/#0/LOW_FORCE/OK/act=1/mav=62147/base=435495/th=56455
1778760462.789,4849,-30,470003,0,23273,52,STAND/UNKNOWN/#0/LOW_FORCE/OK/act=1/mav=62147/base=435495/th=56455
1778760462.790,4850,-30,472616,0,23273,52,STAND/UNKNOWN/#0/LOW_FORCE/OK/act=1/mav=62147/base=435495/th=56455
1778760462.790,4851,-30,477487,0,23273,52,STAND/UNKNOWN/#0/LOW_FORCE/OK/act=1/mav=62147/base=435495/th=56455
1778760462.850,4852,-30,479588,0,23273,52,STAND/UNKNOWN/#0/LOW_FORCE/OK/act=1/mav=62147/base=435495/th=56455
1778760462.850,4853,-30,476632,0,23273,52,STAND/UNKNOWN/#0/LOW_FORCE/OK/act=1/mav=62147/base=435495/th=56455
1778760462.850,4854,-30,475491,0,23273,52,STAND/UNKNOWN/#0/LOW_FORCE/OK/act=1/mav=62147/base=435495/th=56455
1778760462.909,4855,-30,475653,0,23273,52,STAND/UNKNOWN/#0/LOW_FORCE/OK/act=1/mav=62147/base=435495/th=56455
1778760462.909,4856,-30,473509,0,23273,52,STAND/UNKNOWN/#0/LOW_FORCE/OK/act=1/mav=62147/base=435495/th=56455
1778760462.909,4857,-30,473787,0,23273,52,STAND/UNKNOWN/#0/LOW_FORCE/OK/act=1/mav=62147/base=435495/th=56455
1778760462.968,4858,-30,476400,0,23273,52,STAND/UNKNOWN/#0/LOW_FORCE/OK/act=1/mav=62147/base=435495/th=56455
1778760462.968,4859,-30,477498,0,23273,52,STAND/UNKNOWN/#0/LOW_FORCE/OK/act=1/mav=62147/base=435495/th=56455
1778760462.968,4860,-30,483394,0,15022,51,STAND/UNKNOWN/#0/LOW_FORCE/OK/act=1/mav=59941/base=435495/th=56455
1778760463.027,4861,-30,485608,0,15022,51,STAND/UNKNOWN/#0/LOW_FORCE/OK/act=1/mav=59941/base=435495/th=56455
1778760463.027,4862,-30,482175,0,15022,51,STAND/UNKNOWN/#0/LOW_FORCE/OK/act=1/mav=59941/base=435495/th=56455
1778760463.027,4863,-30,480943,0,15022,51,STAND/UNKNOWN/#0/LOW_FORCE/OK/act=1/mav=59941/base=435495/th=56455
1778760463.090,4864,-30,479451,0,15022,51,STAND/UNKNOWN/#0/LOW_FORCE/OK/act=1/mav=59941/base=435495/th=56455
1778760463.090,4865,-30,479124,0,15022,51,STAND/UNKNOWN/#0/LOW_FORCE/OK/act=1/mav=59941/base=435495/th=56455
1778760463.090,4866,-30,479361,0,15022,51,STAND/UNKNOWN/#0/LOW_FORCE/OK/act=1/mav=59941/base=435495/th=56455
1778760463.157,4867,-30,479926,0,15022,51,STAND/UNKNOWN/#0/LOW_FORCE/OK/act=1/mav=59941/base=435495/th=56455
1778760463.157,4868,-30,483990,0,15022,51,STAND/UNKNOWN/#0/LOW_FORCE/OK/act=1/mav=59941/base=435495/th=56455
1778760463.157,4869,-30,489356,0,15022,51,STAND/UNKNOWN/#0/LOW_FORCE/OK/act=1/mav=59941/base=435495/th=56455
1778760463.217,4870,-30,490741,0,15022,51,STAND/UNKNOWN/#0/LOW_FORCE/OK/act=1/mav=59941/base=435495/th=56455
1778760463.217,4871,-30,488280,0,15022,51,STAND/UNKNOWN/#0/LOW_FORCE/OK/act=1/mav=59941/base=435495/th=56455
1778760463.217,4872,-30,486315,0,15022,51,STAND/UNKNOWN/#0/LOW_FORCE/OK/act=1/mav=59941/base=435495/th=56455
1778760463.285,4873,-30,483924,0,63912,51,STAND/UNKNOWN/#0/LOW_FORCE/OK/act=1/mav=56923/base=435495/th=56455
1778760463.285,4874,-30,483489,0,63912,51,STAND/UNKNOWN/#0/LOW_FORCE/OK/act=1/mav=56923/base=435495/th=56455
1778760463.285,4875,-30,484861,0,63912,51,STAND/UNKNOWN/#0/LOW_FORCE/OK/act=1/mav=56923/base=435495/th=56455
1778760463.356,4876,-30,487023,0,63912,51,STAND/UNKNOWN/#0/LOW_FORCE/OK/act=1/mav=56923/base=435495/th=56455
1778760463.356,4877,-30,489823,0,63912,51,STAND/UNKNOWN/#0/LOW_FORCE/OK/act=1/mav=56923/base=435495/th=56455
1778760463.356,4878,-30,493375,0,63912,51,STAND/UNKNOWN/#0/LOW_FORCE/OK/act=1/mav=56923/base=435495/th=56455
1778760463.356,4879,-30,495821,0,63912,51,STAND/UNKNOWN/#0/LOW_FORCE/OK/act=1/mav=56923/base=435495/th=56455
1778760463.425,4880,-30,494458,0,63912,51,STAND/UNKNOWN/#0/LOW_FORCE/OK/act=1/mav=56923/base=435495/th=56455
1778760463.425,4881,-30,492576,0,63912,51,STAND/UNKNOWN/#0/LOW_FORCE/OK/act=1/mav=56923/base=435495/th=56455
1778760463.425,4882,-30,492066,0,63912,51,STAND/UNKNOWN/#0/LOW_FORCE/OK/act=1/mav=56923/base=435495/th=56455
1778760463.484,4883,-30,489489,0,63912,51,STAND/UNKNOWN/#0/LOW_FORCE/OK/act=1/mav=56923/base=435495/th=56455
1778760463.484,4884,-30,490936,0,63912,51,STAND/UNKNOWN/#0/LOW_FORCE/OK/act=1/mav=56923/base=435495/th=56455
1778760463.484,4885,-30,491270,0,63912,51,STAND/UNKNOWN/#0/LOW_FORCE/OK/act=1/mav=56923/base=435495/th=56455
1778760463.539,4886,-30,495408,0,61548,50,STAND/UNKNOWN/#0/LOW_FORCE/REST/act=0/mav=54780/base=435495/th=56455
1778760463.540,4887,-30,501428,0,61548,50,STAND/UNKNOWN/#0/LOW_FORCE/REST/act=0/mav=54780/base=435495/th=56455
1778760463.540,4888,-30,501903,0,61548,50,STAND/UNKNOWN/#0/LOW_FORCE/REST/act=0/mav=54780/base=435495/th=56455
1778760463.595,4889,-30,499518,0,61548,50,STAND/UNKNOWN/#0/LOW_FORCE/REST/act=0/mav=54780/base=435495/th=56455
1778760463.595,4890,-30,496459,0,61548,50,STAND/UNKNOWN/#0/LOW_FORCE/REST/act=0/mav=54780/base=435495/th=56455
1778760463.595,4891,-30,496684,0,61548,50,STAND/UNKNOWN/#0/LOW_FORCE/REST/act=0/mav=54780/base=435495/th=56455
1778760463.658,4892,-30,495091,0,61548,50,STAND/UNKNOWN/#0/LOW_FORCE/REST/act=0/mav=54780/base=435495/th=56455
1778760463.658,4893,-30,496973,0,61548,50,STAND/UNKNOWN/#0/LOW_FORCE/REST/act=0/mav=54780/base=435495/th=56455
1778760463.658,4894,-30,499686,0,61548,50,STAND/UNKNOWN/#0/LOW_FORCE/REST/act=0/mav=54780/base=435495/th=56455
1778760463.715,4895,-30,504510,0,61548,50,STAND/UNKNOWN/#0/LOW_FORCE/REST/act=0/mav=54780/base=435495/th=56455
1778760463.715,4896,-30,506686,0,61548,50,STAND/UNKNOWN/#0/LOW_FORCE/REST/act=0/mav=54780/base=435495/th=56455
1778760463.715,4897,-30,503589,0,61548,50,STAND/UNKNOWN/#0/LOW_FORCE/REST/act=0/mav=54780/base=435495/th=56455
1778760463.782,4898,-30,502573,0,61548,50,STAND/UNKNOWN/#0/LOW_FORCE/REST/act=0/mav=54780/base=435495/th=56455
1778760463.782,4899,-30,502654,0,59087,47,STAND/UNKNOWN/#0/LOW_FORCE/REST/act=0/mav=52144/base=435495/th=56455
1778760463.782,4900,-30,500473,0,59087,47,STAND/UNKNOWN/#0/LOW_FORCE/REST/act=0/mav=52144/base=435495/th=56455
1778760463.849,4901,-30,501981,0,59087,47,STAND/UNKNOWN/#0/LOW_FORCE/REST/act=0/mav=52144/base=435495/th=56455
1778760463.849,4902,-30,504969,0,59087,47,STAND/UNKNOWN/#0/LOW_FORCE/REST/act=0/mav=52144/base=435495/th=56455
1778760463.849,4903,-30,510435,0,59087,47,STAND/UNKNOWN/#0/LOW_FORCE/REST/act=0/mav=52144/base=435495/th=56455
1778760463.850,4904,-30,511759,0,59087,47,STAND/UNKNOWN/#0/LOW_FORCE/REST/act=0/mav=52144/base=435495/th=56455
1778760463.919,4905,-30,509353,0,59087,47,STAND/UNKNOWN/#0/LOW_FORCE/REST/act=0/mav=52144/base=435495/th=56455
1778760463.919,4906,-30,507929,0,59087,47,STAND/UNKNOWN/#0/LOW_FORCE/REST/act=0/mav=52144/base=435495/th=56455
1778760463.990,4907,-30,507539,0,59087,47,STAND/UNKNOWN/#0/LOW_FORCE/REST/act=0/mav=52144/base=435495/th=56455
1778760463.991,4908,-30,504476,0,59087,47,STAND/UNKNOWN/#0/LOW_FORCE/REST/act=0/mav=52144/base=435495/th=56455
1778760463.991,4909,-30,505822,0,59087,47,STAND/UNKNOWN/#0/LOW_FORCE/REST/act=0/mav=52144/base=435495/th=56455
1778760463.991,4910,-30,509310,0,59087,47,STAND/UNKNOWN/#0/LOW_FORCE/REST/act=0/mav=52144/base=435495/th=56455
1778760463.991,4911,-30,515968,0,59087,47,STAND/UNKNOWN/#0/LOW_FORCE/REST/act=0/mav=52144/base=435495/th=56455
1778760464.050,4912,-30,516824,0,55667,40,STAND/UNKNOWN/#0/LOW_FORCE/REST/act=0/mav=48581/base=435495/th=56455
1778760464.050,4913,-30,514843,0,55667,40,STAND/UNKNOWN/#0/LOW_FORCE/REST/act=0/mav=48581/base=435495/th=56455
1778760464.050,4914,-30,510603,0,55667,40,STAND/UNKNOWN/#0/LOW_FORCE/REST/act=0/mav=48581/base=435495/th=56455
1778760464.113,4915,-30,512203,0,55667,40,STAND/UNKNOWN/#0/LOW_FORCE/REST/act=0/mav=48581/base=435495/th=56455
1778760464.114,4916,-30,509544,0,55667,40,STAND/UNKNOWN/#0/LOW_FORCE/REST/act=0/mav=48581/base=435495/th=56455
1778760464.114,4917,-30,511341,0,55667,40,STAND/UNKNOWN/#0/LOW_FORCE/REST/act=0/mav=48581/base=435495/th=56455
1778760464.180,4918,-30,513825,0,55667,40,STAND/UNKNOWN/#0/LOW_FORCE/REST/act=0/mav=48581/base=435495/th=56455
1778760464.180,4919,-30,518173,0,55667,40,STAND/UNKNOWN/#0/LOW_FORCE/REST/act=0/mav=48581/base=435495/th=56455
1778760464.180,4920,-30,520078,0,55667,40,STAND/UNKNOWN/#0/LOW_FORCE/REST/act=0/mav=48581/base=435495/th=56455
1778760464.244,4921,-30,518377,0,55667,40,STAND/UNKNOWN/#0/LOW_FORCE/REST/act=0/mav=48581/base=435495/th=56455
1778760464.244,4922,-30,515744,0,55667,40,STAND/UNKNOWN/#0/LOW_FORCE/REST/act=0/mav=48581/base=435495/th=56455
1778760464.244,4923,-30,517216,0,55667,40,STAND/UNKNOWN/#0/LOW_FORCE/REST/act=0/mav=48581/base=435495/th=56455
1778760464.306,4924,-30,515400,0,53033,29,STAND/UNKNOWN/#0/LOW_FORCE/REST/act=0/mav=45819/base=435495/th=56455
1778760464.306,4925,-30,517318,0,53033,29,STAND/UNKNOWN/#0/LOW_FORCE/REST/act=0/mav=45819/base=435495/th=56455
1778760464.306,4926,-30,517287,0,53033,29,STAND/UNKNOWN/#0/LOW_FORCE/REST/act=0/mav=45819/base=435495/th=56455
1778760464.306,4927,-30,523973,0,53033,29,STAND/UNKNOWN/#0/LOW_FORCE/REST/act=0/mav=45819/base=435495/th=56455
1778760464.373,4928,-30,526333,0,53033,29,STAND/UNKNOWN/#0/LOW_FORCE/REST/act=0/mav=45819/base=435495/th=56455
1778760464.373,4929,-30,522228,0,53033,29,STAND/UNKNOWN/#0/LOW_FORCE/REST/act=0/mav=45819/base=435495/th=56455
1778760464.443,4930,-30,520441,0,53033,29,STAND/UNKNOWN/#0/LOW_FORCE/REST/act=0/mav=45819/base=435495/th=56455
1778760464.443,4931,-30,520426,0,53033,29,STAND/UNKNOWN/#0/LOW_FORCE/REST/act=0/mav=45819/base=435495/th=56455
1778760464.443,4932,-30,518322,0,53033,29,STAND/UNKNOWN/#0/LOW_FORCE/REST/act=0/mav=45819/base=435495/th=56455
1778760464.443,4933,-30,520148,0,53033,29,STAND/UNKNOWN/#0/LOW_FORCE/REST/act=0/mav=45819/base=435495/th=56455
1778760464.510,4934,-30,523300,0,53033,29,STAND/UNKNOWN/#0/LOW_FORCE/REST/act=0/mav=45819/base=435495/th=56455
1778760464.510,4935,-30,528285,0,53033,29,STAND/UNKNOWN/#0/LOW_FORCE/REST/act=0/mav=45819/base=435495/th=56455
1778760464.510,4936,-30,529539,0,53033,29,STAND/UNKNOWN/#0/LOW_FORCE/REST/act=0/mav=45819/base=435495/th=56455
1778760464.510,4937,-30,526628,0,49679,25,STAND/UNKNOWN/#0/LOW_FORCE/REST/act=0/mav=42211/base=435495/th=56455
1778760464.578,4938,-30,525106,0,49679,25,STAND/UNKNOWN/#0/LOW_FORCE/REST/act=0/mav=42211/base=435495/th=56455
1778760464.578,4939,-30,526409,0,49679,25,STAND/UNKNOWN/#0/LOW_FORCE/REST/act=0/mav=42211/base=435495/th=56455
1778760464.578,4940,-30,523310,0,49679,25,STAND/UNKNOWN/#0/LOW_FORCE/REST/act=0/mav=42211/base=435495/th=56455
1778760464.653,4941,-30,525441,0,49679,25,STAND/UNKNOWN/#0/LOW_FORCE/REST/act=0/mav=42211/base=435495/th=56455
1778760464.653,4942,-30,528149,0,49679,25,STAND/UNKNOWN/#0/LOW_FORCE/REST/act=0/mav=42211/base=435495/th=56455
1778760464.653,4943,-30,532691,0,49679,25,STAND/UNKNOWN/#0/LOW_FORCE/REST/act=0/mav=42211/base=435495/th=56455
1778760464.653,4944,-30,534003,0,49679,25,STAND/UNKNOWN/#0/LOW_FORCE/REST/act=0/mav=42211/base=435495/th=56455
1778760464.728,4945,-30,533179,0,49679,25,STAND/UNKNOWN/#0/LOW_FORCE/REST/act=0/mav=42211/base=435495/th=56455
1778760464.728,4946,-30,530965,0,49679,25,STAND/UNKNOWN/#0/LOW_FORCE/REST/act=0/mav=42211/base=435495/th=56455
1778760464.728,4947,-30,530603,0,49679,25,STAND/UNKNOWN/#0/LOW_FORCE/REST/act=0/mav=42211/base=435495/th=56455
1778760464.728,4948,-30,527969,0,49679,25,STAND/UNKNOWN/#0/LOW_FORCE/REST/act=0/mav=42211/base=435495/th=56455
1778760464.795,4949,-30,529434,0,49679,25,STAND/UNKNOWN/#0/LOW_FORCE/REST/act=0/mav=42211/base=435495/th=56455
1778760464.796,4950,-30,532768,0,47093,23,STAND/UNKNOWN/#0/LOW_FORCE/REST/act=0/mav=39155/base=435495/th=56455
1778760464.796,4951,-30,538191,0,47093,23,STAND/UNKNOWN/#0/LOW_FORCE/REST/act=0/mav=39155/base=435495/th=56455
1778760464.864,4952,-30,538286,0,47093,23,STAND/UNKNOWN/#0/LOW_FORCE/REST/act=0/mav=39155/base=435495/th=56455
1778760464.864,4953,-30,537932,0,47093,23,STAND/UNKNOWN/#0/LOW_FORCE/REST/act=0/mav=39155/base=435495/th=56455
1778760464.864,4954,-30,535021,0,47093,23,STAND/UNKNOWN/#0/LOW_FORCE/REST/act=0/mav=39155/base=435495/th=56455
1778760464.934,4955,-30,534477,0,47093,23,STAND/UNKNOWN/#0/LOW_FORCE/REST/act=0/mav=39155/base=435495/th=56455
1778760464.934,4956,-30,532081,0,47093,23,STAND/UNKNOWN/#0/LOW_FORCE/REST/act=0/mav=39155/base=435495/th=56455
1778760464.934,4957,-30,536216,0,47093,23,STAND/UNKNOWN/#0/LOW_FORCE/REST/act=0/mav=39155/base=435495/th=56455
1778760464.934,4958,-30,537573,0,47093,23,STAND/UNKNOWN/#0/LOW_FORCE/REST/act=0/mav=39155/base=435495/th=56455
1778760464.999,4959,-30,542225,0,47093,23,STAND/UNKNOWN/#0/LOW_FORCE/REST/act=0/mav=39155/base=435495/th=56455
1778760465.000,4960,-30,544503,0,47093,23,STAND/UNKNOWN/#0/LOW_FORCE/REST/act=0/mav=39155/base=435495/th=56455
1778760465.000,4961,-30,540836,0,47093,23,STAND/UNKNOWN/#0/LOW_FORCE/REST/act=0/mav=39155/base=435495/th=56455
1778760465.065,4962,-30,540408,0,47093,23,STAND/UNKNOWN/#0/LOW_FORCE/REST/act=0/mav=39155/base=435495/th=56455
1778760465.065,4963,-30,540146,0,44882,10,STAND/UNKNOWN/#0/LOW_FORCE/REST/act=0/mav=36087/base=435495/th=56455
1778760465.065,4964,-30,536464,0,44882,10,STAND/UNKNOWN/#0/LOW_FORCE/REST/act=0/mav=36087/base=435495/th=56455
1778760465.151,4965,-30,539201,0,44882,10,STAND/UNKNOWN/#0/LOW_FORCE/REST/act=0/mav=36087/base=435495/th=56455
1778760465.151,4966,-30,541310,0,44882,10,STAND/UNKNOWN/#0/LOW_FORCE/REST/act=0/mav=36087/base=435495/th=56455
1778760465.151,4967,-30,547670,0,44882,10,STAND/UNKNOWN/#0/LOW_FORCE/REST/act=0/mav=36087/base=435495/th=56455
1778760465.151,4968,-30,547950,0,44882,10,STAND/UNKNOWN/#0/LOW_FORCE/REST/act=0/mav=36087/base=435495/th=56455
1778760465.151,4969,-30,546344,0,44882,10,STAND/UNKNOWN/#0/LOW_FORCE/REST/act=0/mav=36087/base=435495/th=56455
1778760465.215,4970,-30,542909,0,44882,10,STAND/UNKNOWN/#0/LOW_FORCE/REST/act=0/mav=36087/base=435495/th=56455
1778760465.216,4971,-30,543826,0,44882,10,STAND/UNKNOWN/#0/LOW_FORCE/REST/act=0/mav=36087/base=435495/th=56455
1778760465.216,4972,-30,541898,0,44882,10,STAND/UNKNOWN/#0/LOW_FORCE/REST/act=0/mav=36087/base=435495/th=56455
1778760465.273,4973,-30,543237,0,44882,10,STAND/UNKNOWN/#0/LOW_FORCE/REST/act=0/mav=36087/base=435495/th=56455
1778760465.274,4974,-30,546236,0,44882,10,STAND/UNKNOWN/#0/LOW_FORCE/REST/act=0/mav=36087/base=435495/th=56455
1778760465.274,4975,-30,551759,0,44882,10,STAND/UNKNOWN/#0/LOW_FORCE/REST/act=0/mav=36087/base=435495/th=56455
1778760465.336,4976,-30,553743,0,42355,0,STAND/UNKNOWN/#0/LOW_FORCE/REST/act=0/mav=32779/base=435495/th=56455
1778760465.336,4977,-30,550724,0,42355,0,STAND/UNKNOWN/#0/LOW_FORCE/REST/act=0/mav=32779/base=435495/th=56455
1778760465.336,4978,-30,548734,0,42355,0,STAND/UNKNOWN/#0/LOW_FORCE/REST/act=0/mav=32779/base=435495/th=56455
1778760465.408,4979,-30,548576,0,42355,0,STAND/UNKNOWN/#0/LOW_FORCE/REST/act=0/mav=32779/base=435495/th=56455
1778760465.408,4980,-30,545569,0,42355,0,STAND/UNKNOWN/#0/LOW_FORCE/REST/act=0/mav=32779/base=435495/th=56455
1778760465.409,4981,-30,548457,0,42355,0,STAND/UNKNOWN/#0/LOW_FORCE/REST/act=0/mav=32779/base=435495/th=56455
1778760465.409,4982,-30,551205,0,42355,0,STAND/UNKNOWN/#0/LOW_FORCE/REST/act=0/mav=32779/base=435495/th=56455
1778760465.474,4983,-30,556110,0,42355,0,STAND/UNKNOWN/#0/LOW_FORCE/REST/act=0/mav=32779/base=435495/th=56455
1778760465.474,4984,-30,557689,0,42355,0,STAND/UNKNOWN/#0/LOW_FORCE/REST/act=0/mav=32779/base=435495/th=56455
1778760465.474,4985,-30,555578,0,42355,0,STAND/UNKNOWN/#0/LOW_FORCE/REST/act=0/mav=32779/base=435495/th=56455
1778760465.537,4986,-30,551608,0,42355,0,STAND/UNKNOWN/#0/LOW_FORCE/REST/act=0/mav=32779/base=435495/th=56455
1778760465.538,4987,-30,553862,0,42355,0,STAND/UNKNOWN/#0/LOW_FORCE/REST/act=0/mav=32779/base=435495/th=56455
1778760465.538,4988,-30,551157,0,40490,0,STAND/UNKNOWN/#0/LOW_FORCE/REST/act=0/mav=31584/base=435495/th=56455
1778760465.600,4989,-30,552833,0,40490,0,STAND/UNKNOWN/#0/LOW_FORCE/REST/act=0/mav=31584/base=435495/th=56455
1778760465.600,4990,-30,556253,0,40490,0,STAND/UNKNOWN/#0/LOW_FORCE/REST/act=0/mav=31584/base=435495/th=56455
1778760465.601,4991,-30,560766,0,40490,0,STAND/UNKNOWN/#0/LOW_FORCE/REST/act=0/mav=31584/base=435495/th=56455
1778760465.661,4992,-30,562080,0,40490,0,STAND/UNKNOWN/#0/LOW_FORCE/REST/act=0/mav=31584/base=435495/th=56455
1778760465.661,4993,-30,559894,0,40490,0,STAND/UNKNOWN/#0/LOW_FORCE/REST/act=0/mav=31584/base=435495/th=56455
1778760465.661,4994,-30,556438,0,40490,0,STAND/UNKNOWN/#0/LOW_FORCE/REST/act=0/mav=31584/base=435495/th=56455
1778760465.715,4995,-30,557036,0,40490,0,STAND/UNKNOWN/#0/LOW_FORCE/REST/act=0/mav=31584/base=435495/th=56455
1778760465.715,4996,-30,555591,0,40490,0,STAND/UNKNOWN/#0/LOW_FORCE/REST/act=0/mav=31584/base=435495/th=56455
1778760465.715,4997,-30,556349,0,40490,0,STAND/UNKNOWN/#0/LOW_FORCE/REST/act=0/mav=31584/base=435495/th=56455
1778760465.781,4998,-30,559399,0,40490,0,STAND/UNKNOWN/#0/LOW_FORCE/REST/act=0/mav=31584/base=435495/th=56455
1778760465.782,4999,-30,565546,0,40490,0,STAND/UNKNOWN/#0/LOW_FORCE/REST/act=0/mav=31584/base=435495/th=56455
1778760465.782,5000,-30,565838,0,40490,0,STAND/UNKNOWN/#0/LOW_FORCE/REST/act=0/mav=31584/base=435495/th=56455
1778760465.841,5001,-30,562228,0,38347,4,STAND/UNKNOWN/#0/LOW_FORCE/REST/act=0/mav=31607/base=435495/th=56455
1778760465.841,5002,-30,560346,0,38347,4,STAND/UNKNOWN/#0/LOW_FORCE/REST/act=0/mav=31607/base=435495/th=56455
1778760465.841,5003,-30,560849,0,38347,4,STAND/UNKNOWN/#0/LOW_FORCE/REST/act=0/mav=31607/base=435495/th=56455
1778760465.900,5004,-30,559169,0,38347,4,STAND/UNKNOWN/#0/LOW_FORCE/REST/act=0/mav=31607/base=435495/th=56455
1778760465.900,5005,-30,560993,0,38347,4,STAND/UNKNOWN/#0/LOW_FORCE/REST/act=0/mav=31607/base=435495/th=56455
1778760465.900,5006,-30,563250,0,38347,4,STAND/UNKNOWN/#0/LOW_FORCE/REST/act=0/mav=31607/base=435495/th=56455
1778760465.956,5007,-30,568796,0,38347,4,STAND/UNKNOWN/#0/LOW_FORCE/REST/act=0/mav=31607/base=435495/th=56455
1778760465.957,5008,-30,570363,0,38347,4,STAND/UNKNOWN/#0/LOW_FORCE/REST/act=0/mav=31607/base=435495/th=56455
1778760465.957,5009,-30,567064,0,38347,4,STAND/UNKNOWN/#0/LOW_FORCE/REST/act=0/mav=31607/base=435495/th=56455
1778760466.015,5010,-30,566829,0,38347,4,STAND/UNKNOWN/#0/LOW_FORCE/REST/act=0/mav=31607/base=435495/th=56455
1778760466.015,5011,-30,564787,0,38347,4,STAND/UNKNOWN/#0/LOW_FORCE/REST/act=0/mav=31607/base=435495/th=56455
1778760466.015,5012,-30,563918,0,38347,4,STAND/UNKNOWN/#0/LOW_FORCE/REST/act=0/mav=31607/base=435495/th=56455
1778760466.078,5013,-30,564034,0,38347,4,STAND/UNKNOWN/#0/LOW_FORCE/REST/act=0/mav=31607/base=435495/th=56455
1778760466.078,5014,-30,568308,0,37349,19,STAND/UNKNOWN/#0/LOW_FORCE/REST/act=0/mav=32584/base=435495/th=56455
1778760466.078,5015,-30,573014,0,37349,19,STAND/UNKNOWN/#0/LOW_FORCE/REST/act=0/mav=32584/base=435495/th=56455
1778760466.135,5016,-30,573753,0,37349,19,STAND/UNKNOWN/#0/LOW_FORCE/REST/act=0/mav=32584/base=435495/th=56455
1778760466.135,5017,-30,572019,0,37349,19,STAND/UNKNOWN/#0/LOW_FORCE/REST/act=0/mav=32584/base=435495/th=56455
1778760466.135,5018,-30,569714,0,37349,19,STAND/UNKNOWN/#0/LOW_FORCE/REST/act=0/mav=32584/base=435495/th=56455
1778760466.192,5019,-30,568194,0,37349,19,STAND/UNKNOWN/#0/LOW_FORCE/REST/act=0/mav=32584/base=435495/th=56455
1778760466.192,5020,-30,568209,0,37349,19,STAND/UNKNOWN/#0/LOW_FORCE/REST/act=0/mav=32584/base=435495/th=56455
1778760466.193,5021,-30,568433,0,37349,19,STAND/UNKNOWN/#0/LOW_FORCE/REST/act=0/mav=32584/base=435495/th=56455
1778760466.256,5022,-30,572290,0,37349,19,STAND/UNKNOWN/#0/LOW_FORCE/REST/act=0/mav=32584/base=435495/th=56455
1778760466.256,5023,-30,577839,0,37349,19,STAND/UNKNOWN/#0/LOW_FORCE/REST/act=0/mav=32584/base=435495/th=56455
1778760466.256,5024,-30,578813,0,37349,19,STAND/UNKNOWN/#0/LOW_FORCE/REST/act=0/mav=32584/base=435495/th=56455
1778760466.316,5025,-30,574936,0,37349,19,STAND/UNKNOWN/#0/LOW_FORCE/REST/act=0/mav=32584/base=435495/th=56455
1778760466.316,5026,-30,573154,0,37349,19,STAND/UNKNOWN/#0/LOW_FORCE/REST/act=0/mav=32584/base=435495/th=56455
1778760466.316,5027,-30,572824,0,36552,36,STAND/UNKNOWN/#0/LOW_FORCE/REST/act=0/mav=33264/base=435495/th=56455
1778760466.377,5028,-30,570086,0,36552,36,STAND/UNKNOWN/#0/LOW_FORCE/REST/act=0/mav=33264/base=435495/th=56455
1778760466.377,5029,-30,572434,0,36552,36,STAND/UNKNOWN/#0/LOW_FORCE/REST/act=0/mav=33264/base=435495/th=56455
1778760466.377,5030,-30,574936,0,36552,36,STAND/UNKNOWN/#0/LOW_FORCE/REST/act=0/mav=33264/base=435495/th=56455
1778760466.450,5031,-30,580446,0,36552,36,STAND/UNKNOWN/#0/LOW_FORCE/REST/act=0/mav=33264/base=435495/th=56455
1778760466.450,5032,-30,580386,0,36552,36,STAND/UNKNOWN/#0/LOW_FORCE/REST/act=0/mav=33264/base=435495/th=56455
1778760466.450,5033,-30,578736,0,36552,36,STAND/UNKNOWN/#0/LOW_FORCE/REST/act=0/mav=33264/base=435495/th=56455
1778760466.450,5034,-30,576761,0,36552,36,STAND/UNKNOWN/#0/LOW_FORCE/REST/act=0/mav=33264/base=435495/th=56455
1778760466.518,5035,-30,577709,0,36552,36,STAND/UNKNOWN/#0/LOW_FORCE/REST/act=0/mav=33264/base=435495/th=56455
1778760466.518,5036,-30,576919,0,36552,36,STAND/UNKNOWN/#0/LOW_FORCE/REST/act=0/mav=33264/base=435495/th=56455
1778760466.518,5037,-30,578168,0,36552,36,STAND/UNKNOWN/#0/LOW_FORCE/REST/act=0/mav=33264/base=435495/th=56455
1778760466.583,5038,-30,580748,0,36552,36,STAND/UNKNOWN/#0/LOW_FORCE/REST/act=0/mav=33264/base=435495/th=56455
1778760466.583,5039,-30,584838,0,36552,36,STAND/UNKNOWN/#0/LOW_FORCE/REST/act=0/mav=33264/base=435495/th=56455
1778760466.583,5040,-30,586484,0,35995,46,STAND/UNKNOWN/#0/LOW_FORCE/REST/act=0/mav=33821/base=435495/th=56455
1778760466.654,5041,-30,585434,0,35995,46,STAND/UNKNOWN/#0/LOW_FORCE/REST/act=0/mav=33821/base=435495/th=56455
1778760466.654,5042,-30,581504,0,35995,46,STAND/UNKNOWN/#0/LOW_FORCE/REST/act=0/mav=33821/base=435495/th=56455
1778760466.654,5043,-30,582177,0,35995,46,STAND/UNKNOWN/#0/LOW_FORCE/REST/act=0/mav=33821/base=435495/th=56455
1778760466.654,5044,-30,578333,0,35995,46,STAND/UNKNOWN/#0/LOW_FORCE/REST/act=0/mav=33821/base=435495/th=56455
1778760466.723,5045,-30,579941,0,35995,46,STAND/UNKNOWN/#0/LOW_FORCE/REST/act=0/mav=33821/base=435495/th=56455
1778760466.723,5046,-30,583003,0,35995,46,STAND/UNKNOWN/#0/LOW_FORCE/REST/act=0/mav=33821/base=435495/th=56455
1778760466.723,5047,-30,588437,0,35995,46,STAND/UNKNOWN/#0/LOW_FORCE/REST/act=0/mav=33821/base=435495/th=56455
1778760466.794,5048,-30,588906,0,35995,46,STAND/UNKNOWN/#0/LOW_FORCE/REST/act=0/mav=33821/base=435495/th=56455
1778760466.794,5049,-30,585628,0,35995,46,STAND/UNKNOWN/#0/LOW_FORCE/REST/act=0/mav=33821/base=435495/th=56455
1778760466.794,5050,-30,583473,0,35995,46,STAND/UNKNOWN/#0/LOW_FORCE/REST/act=0/mav=33821/base=435495/th=56455
1778760466.794,5051,-30,583776,0,35995,46,STAND/UNKNOWN/#0/LOW_FORCE/REST/act=0/mav=33821/base=435495/th=56455
1778760466.870,5052,-30,581208,0,36161,49,STAND/UNKNOWN/#0/LOW_FORCE/REST/act=0/mav=34323/base=435495/th=56455
1778760466.870,5053,-30,583691,0,36161,49,STAND/UNKNOWN/#0/LOW_FORCE/REST/act=0/mav=34323/base=435495/th=56455
1778760466.870,5054,-30,587323,0,36161,49,STAND/UNKNOWN/#0/LOW_FORCE/REST/act=0/mav=34323/base=435495/th=56455
1778760466.870,5055,-30,592282,0,36161,49,STAND/UNKNOWN/#0/LOW_FORCE/REST/act=0/mav=34323/base=435495/th=56455
1778760466.933,5056,-30,592997,0,36161,49,STAND/UNKNOWN/#0/LOW_FORCE/REST/act=0/mav=34323/base=435495/th=56455
1778760466.933,5057,-30,591016,0,36161,49,STAND/UNKNOWN/#0/LOW_FORCE/REST/act=0/mav=34323/base=435495/th=56455
1778760466.933,5058,-30,589316,0,36161,49,STAND/UNKNOWN/#0/LOW_FORCE/REST/act=0/mav=34323/base=435495/th=56455
1778760466.993,5059,-30,588924,0,36161,49,STAND/UNKNOWN/#0/LOW_FORCE/REST/act=0/mav=34323/base=435495/th=56455
1778760466.993,5060,-30,586158,0,36161,49,STAND/UNKNOWN/#0/LOW_FORCE/REST/act=0/mav=34323/base=435495/th=56455
1778760466.993,5061,-30,588063,0,36161,49,STAND/UNKNOWN/#0/LOW_FORCE/REST/act=0/mav=34323/base=435495/th=56455
1778760467.058,5062,-30,592233,0,36161,49,STAND/UNKNOWN/#0/LOW_FORCE/REST/act=0/mav=34323/base=435495/th=56455
1778760467.058,5063,-30,593948,0,36161,49,STAND/UNKNOWN/#0/LOW_FORCE/REST/act=0/mav=34323/base=435495/th=56455
1778760467.058,5064,-30,596349,0,36161,49,STAND/UNKNOWN/#0/LOW_FORCE/REST/act=0/mav=34323/base=435495/th=56455
1778760467.117,5065,-30,594009,0,36658,38,STAND/UNKNOWN/#0/LOW_FORCE/REST/act=0/mav=34613/base=435495/th=56455
1778760467.117,5066,-30,590851,0,36658,38,STAND/UNKNOWN/#0/LOW_FORCE/REST/act=0/mav=34613/base=435495/th=56455
1778760467.118,5067,-30,590953,0,36658,38,STAND/UNKNOWN/#0/LOW_FORCE/REST/act=0/mav=34613/base=435495/th=56455
1778760467.175,5068,-30,589603,0,36658,38,STAND/UNKNOWN/#0/LOW_FORCE/REST/act=0/mav=34613/base=435495/th=56455
1778760467.175,5069,-30,591407,0,36658,38,STAND/UNKNOWN/#0/LOW_FORCE/REST/act=0/mav=34613/base=435495/th=56455
1778760467.175,5070,-30,593335,0,36658,38,STAND/UNKNOWN/#0/LOW_FORCE/REST/act=0/mav=34613/base=435495/th=56455
1778760467.230,5071,-30,598539,0,36658,38,STAND/UNKNOWN/#0/LOW_FORCE/REST/act=0/mav=34613/base=435495/th=56455
1778760467.230,5072,-30,599891,0,36658,38,STAND/UNKNOWN/#0/LOW_FORCE/REST/act=0/mav=34613/base=435495/th=56455
1778760467.230,5073,-30,598056,0,36658,38,STAND/UNKNOWN/#0/LOW_FORCE/REST/act=0/mav=34613/base=435495/th=56455
1778760467.290,5074,-30,594693,0,36658,38,STAND/UNKNOWN/#0/LOW_FORCE/REST/act=0/mav=34613/base=435495/th=56455
1778760467.290,5075,-30,595463,0,36658,38,STAND/UNKNOWN/#0/LOW_FORCE/REST/act=0/mav=34613/base=435495/th=56455
1778760467.290,5076,-30,593216,0,36658,38,STAND/UNKNOWN/#0/LOW_FORCE/REST/act=0/mav=34613/base=435495/th=56455
1778760467.348,5077,-30,596116,0,36658,38,STAND/UNKNOWN/#0/LOW_FORCE/REST/act=0/mav=34613/base=435495/th=56455
1778760467.348,5078,-30,598119,0,38051,27,STAND/UNKNOWN/#0/LOW_FORCE/REST/act=0/mav=35307/base=435495/th=56455
1778760467.348,5079,-30,604493,0,38051,27,STAND/UNKNOWN/#0/LOW_FORCE/REST/act=0/mav=35307/base=435495/th=56455
1778760467.406,5080,-30,605320,0,38051,27,STAND/UNKNOWN/#0/LOW_FORCE/REST/act=0/mav=35307/base=435495/th=56455
1778760467.407,5081,-30,602341,0,38051,27,STAND/UNKNOWN/#0/LOW_FORCE/REST/act=0/mav=35307/base=435495/th=56455
1778760467.407,5082,-30,599921,0,38051,27,STAND/UNKNOWN/#0/LOW_FORCE/REST/act=0/mav=35307/base=435495/th=56455
1778760467.461,5083,-30,600429,0,38051,27,STAND/UNKNOWN/#0/LOW_FORCE/REST/act=0/mav=35307/base=435495/th=56455
1778760467.461,5084,-30,597746,0,38051,27,STAND/UNKNOWN/#0/LOW_FORCE/REST/act=0/mav=35307/base=435495/th=56455
1778760467.521,5085,-30,599556,0,38051,27,STAND/UNKNOWN/#0/LOW_FORCE/REST/act=0/mav=35307/base=435495/th=56455
1778760467.521,5086,-30,602545,0,38051,27,STAND/UNKNOWN/#0/LOW_FORCE/REST/act=0/mav=35307/base=435495/th=56455
1778760467.521,5087,-30,607550,0,38051,27,STAND/UNKNOWN/#0/LOW_FORCE/REST/act=0/mav=35307/base=435495/th=56455
1778760467.578,5088,-30,608995,0,38051,27,STAND/UNKNOWN/#0/LOW_FORCE/REST/act=0/mav=35307/base=435495/th=56455
1778760467.578,5089,-30,606713,0,38051,27,STAND/UNKNOWN/#0/LOW_FORCE/REST/act=0/mav=35307/base=435495/th=56455
1778760467.578,5090,-30,602525,0,38051,27,STAND/UNKNOWN/#0/LOW_FORCE/REST/act=0/mav=35307/base=435495/th=56455
1778760467.639,5091,-30,604339,0,39532,26,STAND/UNKNOWN/#0/LOW_FORCE/REST/act=0/mav=35520/base=435495/th=56455
1778760467.640,5092,-30,600597,0,39532,26,STAND/UNKNOWN/#0/LOW_FORCE/REST/act=0/mav=35520/base=435495/th=56455
1778760467.640,5093,-30,602947,0,39532,26,STAND/UNKNOWN/#0/LOW_FORCE/REST/act=0/mav=35520/base=435495/th=56455
1778760467.698,5094,-30,606227,0,39532,26,STAND/UNKNOWN/#0/LOW_FORCE/REST/act=0/mav=35520/base=435495/th=56455
1778760467.698,5095,-30,611713,0,39532,26,STAND/UNKNOWN/#0/LOW_FORCE/REST/act=0/mav=35520/base=435495/th=56455
1778760467.698,5096,-30,612454,0,39532,26,STAND/UNKNOWN/#0/LOW_FORCE/REST/act=0/mav=35520/base=435495/th=56455
1778760467.753,5097,-30,609627,0,39532,26,STAND/UNKNOWN/#0/LOW_FORCE/REST/act=0/mav=35520/base=435495/th=56455
1778760467.753,5098,-30,607291,0,39532,26,STAND/UNKNOWN/#0/LOW_FORCE/REST/act=0/mav=35520/base=435495/th=56455
1778760467.753,5099,-30,607116,0,39532,26,STAND/UNKNOWN/#0/LOW_FORCE/REST/act=0/mav=35520/base=435495/th=56455
1778760467.811,5100,-30,607184,0,39532,26,STAND/UNKNOWN/#0/LOW_FORCE/REST/act=0/mav=35520/base=435495/th=56455
1778760467.811,5101,-30,607269,0,39532,26,STAND/UNKNOWN/#0/LOW_FORCE/REST/act=0/mav=35520/base=435495/th=56455
1778760467.811,5102,-30,610448,0,39532,26,STAND/UNKNOWN/#0/LOW_FORCE/REST/act=0/mav=35520/base=435495/th=56455
1778760467.868,5103,-30,615358,0,39532,26,STAND/UNKNOWN/#0/LOW_FORCE/REST/act=0/mav=35520/base=435495/th=56455
1778760467.868,5104,-30,616504,0,41592,25,STAND/UNKNOWN/#0/LOW_FORCE/REST/act=0/mav=35943/base=435495/th=56455
1778760467.869,5105,-30,613164,0,41592,25,STAND/UNKNOWN/#0/LOW_FORCE/REST/act=0/mav=35943/base=435495/th=56455
1778760467.926,5106,-30,612373,0,41592,25,STAND/UNKNOWN/#0/LOW_FORCE/REST/act=0/mav=35943/base=435495/th=56455
1778760467.927,5107,-30,611999,0,41592,25,STAND/UNKNOWN/#0/LOW_FORCE/REST/act=0/mav=35943/base=435495/th=56455
1778760467.927,5108,-30,609658,0,41592,25,STAND/UNKNOWN/#0/LOW_FORCE/REST/act=0/mav=35943/base=435495/th=56455
1778760467.982,5109,-30,610156,0,41592,25,STAND/UNKNOWN/#0/LOW_FORCE/REST/act=0/mav=35943/base=435495/th=56455
1778760467.983,5110,-30,613581,0,41592,25,STAND/UNKNOWN/#0/LOW_FORCE/REST/act=0/mav=35943/base=435495/th=56455
1778760468.038,5111,-30,616868,0,41592,25,STAND/UNKNOWN/#0/LOW_FORCE/REST/act=0/mav=35943/base=435495/th=56455
1778760468.038,5112,-30,619669,0,41592,25,STAND/UNKNOWN/#0/LOW_FORCE/REST/act=0/mav=35943/base=435495/th=56455
1778760468.038,5113,-30,616146,0,41592,25,STAND/UNKNOWN/#0/LOW_FORCE/REST/act=0/mav=35943/base=435495/th=56455
1778760468.093,5114,-30,614009,0,41592,25,STAND/UNKNOWN/#0/LOW_FORCE/REST/act=0/mav=35943/base=435495/th=56455
1778760468.093,5115,-30,615201,0,41592,25,STAND/UNKNOWN/#0/LOW_FORCE/REST/act=0/mav=35943/base=435495/th=56455
1778760468.093,5116,-30,613354,0,43356,16,STAND/UNKNOWN/#0/LOW_FORCE/REST/act=0/mav=35993/base=435495/th=56455
1778760468.150,5117,-30,613247,0,43356,16,STAND/UNKNOWN/#0/LOW_FORCE/REST/act=0/mav=35993/base=435495/th=56455
1778760468.150,5118,-30,616010,0,43356,16,STAND/UNKNOWN/#0/LOW_FORCE/REST/act=0/mav=35993/base=435495/th=56455
1778760468.150,5119,-30,620091,0,43356,16,STAND/UNKNOWN/#0/LOW_FORCE/REST/act=0/mav=35993/base=435495/th=56455
1778760468.211,5120,-30,622895,0,43356,16,STAND/UNKNOWN/#0/LOW_FORCE/REST/act=0/mav=35993/base=435495/th=56455
1778760468.211,5121,-30,621236,0,43356,16,STAND/UNKNOWN/#0/LOW_FORCE/REST/act=0/mav=35993/base=435495/th=56455
1778760468.212,5122,-30,618693,0,43356,16,STAND/UNKNOWN/#0/LOW_FORCE/REST/act=0/mav=35993/base=435495/th=56455
1778760468.287,5123,-30,619275,0,43356,16,STAND/UNKNOWN/#0/LOW_FORCE/REST/act=0/mav=35993/base=435495/th=56455
1778760468.287,5124,-30,616380,0,43356,16,STAND/UNKNOWN/#0/LOW_FORCE/REST/act=0/mav=35993/base=435495/th=56455
1778760468.287,5125,-30,617719,0,43356,16,STAND/UNKNOWN/#0/LOW_FORCE/REST/act=0/mav=35993/base=435495/th=56455
1778760468.287,5126,-30,619326,0,43356,16,STAND/UNKNOWN/#0/LOW_FORCE/REST/act=0/mav=35993/base=435495/th=56455
1778760468.351,5127,-30,624727,0,43356,16,STAND/UNKNOWN/#0/LOW_FORCE/REST/act=0/mav=35993/base=435495/th=56455
1778760468.351,5128,-30,625256,0,43356,16,STAND/UNKNOWN/#0/LOW_FORCE/REST/act=0/mav=35993/base=435495/th=56455
1778760468.351,5129,-30,624663,0,46372,7,STAND/UNKNOWN/#0/LOW_FORCE/REST/act=0/mav=37368/base=435495/th=56455
1778760468.409,5130,-30,628959,0,46372,7,STAND/UNKNOWN/#0/LOW_FORCE/REST/act=0/mav=37368/base=435495/th=56455
1778760468.409,5131,-30,627431,0,46372,7,STAND/UNKNOWN/#0/LOW_FORCE/REST/act=0/mav=37368/base=435495/th=56455
1778760468.409,5132,-30,627059,0,46372,7,STAND/UNKNOWN/#0/LOW_FORCE/REST/act=0/mav=37368/base=435495/th=56455
1778760468.478,5133,-30,628083,0,46372,7,STAND/UNKNOWN/#0/LOW_FORCE/REST/act=0/mav=37368/base=435495/th=56455
1778760468.478,5134,-30,630695,0,46372,7,STAND/UNKNOWN/#0/LOW_FORCE/REST/act=0/mav=37368/base=435495/th=56455
1778760468.478,5135,-30,637348,0,46372,7,STAND/UNKNOWN/#0/LOW_FORCE/REST/act=0/mav=37368/base=435495/th=56455
1778760468.543,5136,-30,639558,0,46372,7,STAND/UNKNOWN/#0/LOW_FORCE/REST/act=0/mav=37368/base=435495/th=56455
1778760468.543,5137,-30,639319,0,46372,7,STAND/UNKNOWN/#0/LOW_FORCE/REST/act=0/mav=37368/base=435495/th=56455
1778760468.543,5138,-30,638246,0,46372,7,STAND/UNKNOWN/#0/LOW_FORCE/REST/act=0/mav=37368/base=435495/th=56455
1778760468.613,5139,-30,637669,0,46372,7,STAND/UNKNOWN/#0/LOW_FORCE/REST/act=0/mav=37368/base=435495/th=56455
1778760468.613,5140,-30,637818,0,46372,7,STAND/UNKNOWN/#0/LOW_FORCE/REST/act=0/mav=37368/base=435495/th=56455
1778760468.613,5141,-30,639712,0,46372,7,STAND/UNKNOWN/#0/LOW_FORCE/REST/act=0/mav=37368/base=435495/th=56455
1778760468.613,5142,-30,642006,0,54061,18,STAND/UNKNOWN/#0/LOW_FORCE/REST/act=0/mav=43642/base=435495/th=56455
1778760468.677,5143,-30,644714,0,54061,18,STAND/UNKNOWN/#0/LOW_FORCE/REST/act=0/mav=43642/base=435495/th=56455
1778760468.678,5144,-30,646626,0,54061,18,STAND/UNKNOWN/#0/LOW_FORCE/REST/act=0/mav=43642/base=435495/th=56455
1778760468.678,5145,-30,643669,0,54061,18,STAND/UNKNOWN/#0/LOW_FORCE/REST/act=0/mav=43642/base=435495/th=56455
1778760468.742,5146,-30,642321,0,54061,18,STAND/UNKNOWN/#0/LOW_FORCE/REST/act=0/mav=43642/base=435495/th=56455
1778760468.742,5147,-30,643005,0,54061,18,STAND/UNKNOWN/#0/LOW_FORCE/REST/act=0/mav=43642/base=435495/th=56455
1778760468.742,5148,-30,640867,0,54061,18,STAND/UNKNOWN/#0/LOW_FORCE/REST/act=0/mav=43642/base=435495/th=56455
1778760468.803,5149,-30,641053,0,54061,18,STAND/UNKNOWN/#0/LOW_FORCE/REST/act=0/mav=43642/base=435495/th=56455
1778760468.804,5150,-30,644658,0,54061,18,STAND/UNKNOWN/#0/LOW_FORCE/REST/act=0/mav=43642/base=435495/th=56455
1778760468.804,5151,-30,649134,0,54061,18,STAND/UNKNOWN/#0/LOW_FORCE/REST/act=0/mav=43642/base=435495/th=56455
1778760468.875,5152,-30,651681,0,54061,18,STAND/UNKNOWN/#0/LOW_FORCE/REST/act=0/mav=43642/base=435495/th=56455
1778760468.875,5153,-30,648229,0,54061,18,STAND/UNKNOWN/#0/LOW_FORCE/REST/act=0/mav=43642/base=435495/th=56455
1778760468.875,5154,-30,645976,0,54061,18,STAND/UNKNOWN/#0/LOW_FORCE/REST/act=0/mav=43642/base=435495/th=56455
1778760468.875,5155,-30,647824,0,61616,40,STAND/UNKNOWN/#0/LOW_FORCE/REST/act=0/mav=51342/base=435495/th=56455
1778760468.937,5156,-30,644409,0,61616,40,STAND/UNKNOWN/#0/LOW_FORCE/REST/act=0/mav=51342/base=435495/th=56455
1778760468.937,5157,-30,645137,0,61616,40,STAND/UNKNOWN/#0/LOW_FORCE/REST/act=0/mav=51342/base=435495/th=56455
1778760468.937,5158,-30,645771,0,61616,40,STAND/UNKNOWN/#0/LOW_FORCE/REST/act=0/mav=51342/base=435495/th=56455
1778760469.000,5159,-30,651971,0,61616,40,STAND/UNKNOWN/#0/LOW_FORCE/REST/act=0/mav=51342/base=435495/th=56455
1778760469.000,5160,-30,653619,0,61616,40,STAND/UNKNOWN/#0/LOW_FORCE/REST/act=0/mav=51342/base=435495/th=56455
1778760469.000,5161,-30,651280,0,61616,40,STAND/UNKNOWN/#0/LOW_FORCE/REST/act=0/mav=51342/base=435495/th=56455
1778760469.055,5162,-30,648701,0,61616,40,STAND/UNKNOWN/#0/LOW_FORCE/REST/act=0/mav=51342/base=435495/th=56455
1778760469.056,5163,-30,647086,0,61616,40,STAND/UNKNOWN/#0/LOW_FORCE/REST/act=0/mav=51342/base=435495/th=56455
1778760469.056,5164,-30,647092,0,61616,40,STAND/UNKNOWN/#0/LOW_FORCE/REST/act=0/mav=51342/base=435495/th=56455
1778760469.119,5165,-30,648089,0,61616,40,STAND/UNKNOWN/#0/LOW_FORCE/REST/act=0/mav=51342/base=435495/th=56455
1778760469.119,5166,-30,652134,0,61616,40,STAND/UNKNOWN/#0/LOW_FORCE/REST/act=0/mav=51342/base=435495/th=56455
1778760469.119,5167,-30,656453,0,61616,40,STAND/UNKNOWN/#0/LOW_FORCE/REST/act=0/mav=51342/base=435495/th=56455
1778760469.175,5168,-30,658691,0,8277,51,STAND/UNKNOWN/#0/LOW_FORCE/OK/act=1/mav=56481/base=435495/th=56455
1778760469.175,5169,-30,653094,0,8277,51,STAND/UNKNOWN/#0/LOW_FORCE/OK/act=1/mav=56481/base=435495/th=56455
1778760469.175,5170,-30,651686,0,8277,51,STAND/UNKNOWN/#0/LOW_FORCE/OK/act=1/mav=56481/base=435495/th=56455
1778760469.237,5171,-30,653302,0,8277,51,STAND/UNKNOWN/#0/LOW_FORCE/OK/act=1/mav=56481/base=435495/th=56455
1778760469.237,5172,-30,649516,0,8277,51,STAND/UNKNOWN/#0/LOW_FORCE/OK/act=1/mav=56481/base=435495/th=56455
1778760469.237,5173,-30,649942,0,8277,51,STAND/UNKNOWN/#0/LOW_FORCE/OK/act=1/mav=56481/base=435495/th=56455
1778760469.292,5174,-30,651701,0,8277,51,STAND/UNKNOWN/#0/LOW_FORCE/OK/act=1/mav=56481/base=435495/th=56455
1778760469.292,5175,-30,656144,0,8277,51,STAND/UNKNOWN/#0/LOW_FORCE/OK/act=1/mav=56481/base=435495/th=56455
1778760469.292,5176,-30,660288,0,8277,51,STAND/UNKNOWN/#0/LOW_FORCE/OK/act=1/mav=56481/base=435495/th=56455
1778760469.355,5177,-30,660568,0,8277,51,STAND/UNKNOWN/#0/LOW_FORCE/OK/act=1/mav=56481/base=435495/th=56455
1778760469.355,5178,-30,657501,0,8277,51,STAND/UNKNOWN/#0/LOW_FORCE/OK/act=1/mav=56481/base=435495/th=56455
1778760469.355,5179,-30,655338,0,8277,51,STAND/UNKNOWN/#0/LOW_FORCE/OK/act=1/mav=56481/base=435495/th=56455
1778760469.416,5180,-30,654824,0,22106,51,STAND/UNKNOWN/#0/LOW_FORCE/OK/act=1/mav=59979/base=435495/th=56455
1778760469.416,5181,-30,655395,0,22106,51,STAND/UNKNOWN/#0/LOW_FORCE/OK/act=1/mav=59979/base=435495/th=56455
1778760469.417,5182,-30,656286,0,22106,51,STAND/UNKNOWN/#0/LOW_FORCE/OK/act=1/mav=59979/base=435495/th=56455
1778760469.475,5183,-30,659119,0,22106,51,STAND/UNKNOWN/#0/LOW_FORCE/OK/act=1/mav=59979/base=435495/th=56455
1778760469.475,5184,-30,662374,0,22106,51,STAND/UNKNOWN/#0/LOW_FORCE/OK/act=1/mav=59979/base=435495/th=56455
1778760469.475,5185,-30,664388,0,22106,51,STAND/UNKNOWN/#0/LOW_FORCE/OK/act=1/mav=59979/base=435495/th=56455
1778760469.541,5186,-30,661181,0,22106,51,STAND/UNKNOWN/#0/LOW_FORCE/OK/act=1/mav=59979/base=435495/th=56455
1778760469.541,5187,-30,658404,0,22106,51,STAND/UNKNOWN/#0/LOW_FORCE/OK/act=1/mav=59979/base=435495/th=56455
1778760469.541,5188,-30,658938,0,22106,51,STAND/UNKNOWN/#0/LOW_FORCE/OK/act=1/mav=59979/base=435495/th=56455
1778760469.600,5189,-30,656151,0,22106,51,STAND/UNKNOWN/#0/LOW_FORCE/OK/act=1/mav=59979/base=435495/th=56455
1778760469.601,5190,-30,655743,0,22106,51,STAND/UNKNOWN/#0/LOW_FORCE/OK/act=1/mav=59979/base=435495/th=56455
1778760469.601,5191,-30,659089,0,22106,51,STAND/UNKNOWN/#0/LOW_FORCE/OK/act=1/mav=59979/base=435495/th=56455
1778760469.661,5192,-30,659947,0,22106,51,STAND/UNKNOWN/#0/LOW_FORCE/OK/act=1/mav=59979/base=435495/th=56455
1778760469.661,5193,-30,665255,0,31900,51,STAND/UNKNOWN/#0/LOW_FORCE/OK/act=1/mav=63942/base=435495/th=56455
1778760469.661,5194,-30,667556,0,31900,51,STAND/UNKNOWN/#0/LOW_FORCE/OK/act=1/mav=63942/base=435495/th=56455
1778760469.724,5195,-30,664388,0,31900,51,STAND/UNKNOWN/#0/LOW_FORCE/OK/act=1/mav=63942/base=435495/th=56455
1778760469.724,5196,-30,663272,0,31900,51,STAND/UNKNOWN/#0/LOW_FORCE/OK/act=1/mav=63942/base=435495/th=56455
1778760469.724,5197,-30,662554,0,31900,51,STAND/UNKNOWN/#0/LOW_FORCE/OK/act=1/mav=63942/base=435495/th=56455
1778760469.786,5198,-30,661176,0,31900,51,STAND/UNKNOWN/#0/LOW_FORCE/OK/act=1/mav=63942/base=435495/th=56455
1778760469.786,5199,-30,661899,0,31900,51,STAND/UNKNOWN/#0/LOW_FORCE/OK/act=1/mav=63942/base=435495/th=56455
1778760469.786,5200,-30,662546,0,31900,51,STAND/UNKNOWN/#0/LOW_FORCE/OK/act=1/mav=63942/base=435495/th=56455
1778760469.786,5201,-30,664767,0,31900,51,STAND/UNKNOWN/#0/LOW_FORCE/OK/act=1/mav=63942/base=435495/th=56455
1778760469.850,5202,-30,669873,0,31900,51,STAND/UNKNOWN/#0/LOW_FORCE/OK/act=1/mav=63942/base=435495/th=56455
1778760469.850,5203,-30,669998,0,31900,51,STAND/UNKNOWN/#0/LOW_FORCE/OK/act=1/mav=63942/base=435495/th=56455
1778760469.850,5204,-30,667576,0,31900,51,STAND/UNKNOWN/#0/LOW_FORCE/OK/act=1/mav=63942/base=435495/th=56455
1778760469.912,5205,-30,665313,0,31900,51,STAND/UNKNOWN/#0/LOW_FORCE/OK/act=1/mav=63942/base=435495/th=56455
1778760469.913,5206,-30,665103,0,40280,52,STAND/UNKNOWN/#0/LOW_FORCE/OK/act=1/mav=68115/base=435495/th=56455
1778760469.913,5207,-30,660787,0,40280,52,STAND/UNKNOWN/#0/LOW_FORCE/OK/act=1/mav=68115/base=435495/th=56455
1778760469.977,5208,-30,662571,0,40280,52,STAND/UNKNOWN/#0/LOW_FORCE/OK/act=1/mav=68115/base=435495/th=56455
1778760469.977,5209,-30,663348,0,40280,52,STAND/UNKNOWN/#0/LOW_FORCE/OK/act=1/mav=68115/base=435495/th=56455
1778760469.977,5210,-30,664871,0,40280,52,STAND/UNKNOWN/#0/LOW_FORCE/OK/act=1/mav=68115/base=435495/th=56455
1778760470.040,5211,-30,671293,0,40280,52,STAND/UNKNOWN/#0/LOW_FORCE/OK/act=1/mav=68115/base=435495/th=56455
1778760470.040,5212,-30,671884,0,40280,52,STAND/UNKNOWN/#0/LOW_FORCE/OK/act=1/mav=68115/base=435495/th=56455
1778760470.040,5213,-30,667954,0,40280,52,STAND/UNKNOWN/#0/LOW_FORCE/OK/act=1/mav=68115/base=435495/th=56455
1778760470.103,5214,-30,665327,0,40280,52,STAND/UNKNOWN/#0/LOW_FORCE/OK/act=1/mav=68115/base=435495/th=56455
1778760470.103,5215,-30,664419,0,40280,52,STAND/UNKNOWN/#0/LOW_FORCE/OK/act=1/mav=68115/base=435495/th=56455
1778760470.103,5216,-30,660573,0,40280,52,STAND/UNKNOWN/#0/LOW_FORCE/OK/act=1/mav=68115/base=435495/th=56455
1778760470.166,5217,-30,662131,0,40280,52,STAND/UNKNOWN/#0/LOW_FORCE/OK/act=1/mav=68115/base=435495/th=56455
1778760470.166,5218,-30,662321,0,40280,52,STAND/UNKNOWN/#0/LOW_FORCE/OK/act=1/mav=68115/base=435495/th=56455
1778760470.166,5219,-30,664485,0,44367,51,STAND/UNKNOWN/#0/LOW_FORCE/OK/act=1/mav=70488/base=435495/th=56455
1778760470.167,5220,-30,670498,0,44367,51,STAND/UNKNOWN/#0/LOW_FORCE/OK/act=1/mav=70488/base=435495/th=56455
1778760470.239,5221,-30,672086,0,44367,51,STAND/UNKNOWN/#0/LOW_FORCE/OK/act=1/mav=70488/base=435495/th=56455
1778760470.239,5222,-30,669881,0,44367,51,STAND/UNKNOWN/#0/LOW_FORCE/OK/act=1/mav=70488/base=435495/th=56455
1778760470.239,5223,-30,668636,0,44367,51,STAND/UNKNOWN/#0/LOW_FORCE/OK/act=1/mav=70488/base=435495/th=56455
1778760470.305,5224,-30,667251,0,44367,51,STAND/UNKNOWN/#0/LOW_FORCE/OK/act=1/mav=70488/base=435495/th=56455
1778760470.305,5225,-30,666544,0,44367,51,STAND/UNKNOWN/#0/LOW_FORCE/OK/act=1/mav=70488/base=435495/th=56455
1778760470.305,5226,-30,667529,0,44367,51,STAND/UNKNOWN/#0/LOW_FORCE/OK/act=1/mav=70488/base=435495/th=56455
1778760470.375,5227,-30,666736,0,44367,51,STAND/UNKNOWN/#0/LOW_FORCE/OK/act=1/mav=70488/base=435495/th=56455
1778760470.375,5228,-30,671798,0,44367,51,STAND/UNKNOWN/#0/LOW_FORCE/OK/act=1/mav=70488/base=435495/th=56455
1778760470.375,5229,-30,676576,0,44367,51,STAND/UNKNOWN/#0/LOW_FORCE/OK/act=1/mav=70488/base=435495/th=56455
1778760470.375,5230,-30,676073,0,44367,51,STAND/UNKNOWN/#0/LOW_FORCE/OK/act=1/mav=70488/base=435495/th=56455
1778760470.444,5231,-30,674813,0,44367,51,STAND/UNKNOWN/#0/LOW_FORCE/OK/act=1/mav=70488/base=435495/th=56455
1778760470.444,5232,-30,672126,0,47934,51,STAND/UNKNOWN/#0/LOW_FORCE/OK/act=1/mav=72808/base=435495/th=56455
1778760470.444,5233,-30,671040,0,47934,51,STAND/UNKNOWN/#0/LOW_FORCE/OK/act=1/mav=72808/base=435495/th=56455
1778760470.505,5234,-30,669419,0,47934,51,STAND/UNKNOWN/#0/LOW_FORCE/OK/act=1/mav=72808/base=435495/th=56455
1778760470.506,5235,-30,670563,0,47934,51,STAND/UNKNOWN/#0/LOW_FORCE/OK/act=1/mav=72808/base=435495/th=56455
1778760470.506,5236,-30,672259,0,47934,51,STAND/UNKNOWN/#0/LOW_FORCE/OK/act=1/mav=72808/base=435495/th=56455
1778760470.506,5237,-30,674812,0,47934,51,STAND/UNKNOWN/#0/LOW_FORCE/OK/act=1/mav=72808/base=435495/th=56455
1778760470.566,5238,-30,681149,0,47934,51,STAND/UNKNOWN/#0/LOW_FORCE/OK/act=1/mav=72808/base=435495/th=56455
1778760470.566,5239,-30,680224,0,47934,51,STAND/UNKNOWN/#0/LOW_FORCE/OK/act=1/mav=72808/base=435495/th=56455
1778760470.566,5240,-30,677889,0,47934,51,STAND/UNKNOWN/#0/LOW_FORCE/OK/act=1/mav=72808/base=435495/th=56455
1778760470.625,5241,-30,676163,0,47934,51,STAND/UNKNOWN/#0/LOW_FORCE/OK/act=1/mav=72808/base=435495/th=56455
1778760470.625,5242,-30,677209,0,47934,51,STAND/UNKNOWN/#0/LOW_FORCE/OK/act=1/mav=72808/base=435495/th=56455
1778760470.685,5243,-30,673445,0,47934,51,STAND/UNKNOWN/#0/LOW_FORCE/OK/act=1/mav=72808/base=435495/th=56455
1778760470.686,5244,-30,672958,0,52268,51,STAND/UNKNOWN/#0/LOW_FORCE/OK/act=1/mav=75819/base=435495/th=56455
1778760470.686,5245,-30,677324,0,52268,51,STAND/UNKNOWN/#0/LOW_FORCE/OK/act=1/mav=75819/base=435495/th=56455
1778760470.686,5246,-30,682374,0,52268,51,STAND/UNKNOWN/#0/LOW_FORCE/OK/act=1/mav=75819/base=435495/th=56455
1778760470.757,5247,-30,683672,0,52268,51,STAND/UNKNOWN/#0/LOW_FORCE/OK/act=1/mav=75819/base=435495/th=56455
1778760470.757,5248,-30,679997,0,52268,51,STAND/UNKNOWN/#0/LOW_FORCE/OK/act=1/mav=75819/base=435495/th=56455
1778760470.757,5249,-30,676799,0,52268,51,STAND/UNKNOWN/#0/LOW_FORCE/OK/act=1/mav=75819/base=435495/th=56455
1778760470.817,5250,-30,675730,0,52268,51,STAND/UNKNOWN/#0/LOW_FORCE/OK/act=1/mav=75819/base=435495/th=56455
1778760470.818,5251,-30,673798,0,52268,51,STAND/UNKNOWN/#0/LOW_FORCE/OK/act=1/mav=75819/base=435495/th=56455
1778760470.818,5252,-30,674853,0,52268,51,STAND/UNKNOWN/#0/LOW_FORCE/OK/act=1/mav=75819/base=435495/th=56455
1778760470.877,5253,-30,676825,0,52268,51,STAND/UNKNOWN/#0/LOW_FORCE/OK/act=1/mav=75819/base=435495/th=56455
1778760470.877,5254,-30,678569,0,52268,51,STAND/UNKNOWN/#0/LOW_FORCE/OK/act=1/mav=75819/base=435495/th=56455
1778760470.877,5255,-30,683281,0,52268,51,STAND/UNKNOWN/#0/LOW_FORCE/OK/act=1/mav=75819/base=435495/th=56455
1778760470.935,5256,-30,683433,0,52268,51,STAND/UNKNOWN/#0/LOW_FORCE/OK/act=1/mav=75819/base=435495/th=56455
1778760470.935,5257,-30,680629,0,58251,51,STAND/UNKNOWN/#0/LOW_FORCE/OK/act=1/mav=79475/base=435495/th=56455
1778760470.935,5258,-30,677609,0,58251,51,STAND/UNKNOWN/#0/LOW_FORCE/OK/act=1/mav=79475/base=435495/th=56455
1778760470.994,5259,-30,678407,0,58251,51,STAND/UNKNOWN/#0/LOW_FORCE/OK/act=1/mav=79475/base=435495/th=56455
1778760470.995,5260,-30,676006,0,58251,51,STAND/UNKNOWN/#0/LOW_FORCE/OK/act=1/mav=79475/base=435495/th=56455
1778760470.995,5261,-30,678521,0,58251,51,STAND/UNKNOWN/#0/LOW_FORCE/OK/act=1/mav=79475/base=435495/th=56455
1778760471.054,5262,-30,676328,0,58251,51,STAND/UNKNOWN/#0/LOW_FORCE/OK/act=1/mav=79475/base=435495/th=56455
1778760471.054,5263,-30,679673,0,58251,51,STAND/UNKNOWN/#0/LOW_FORCE/OK/act=1/mav=79475/base=435495/th=56455
1778760471.054,5264,-30,685153,0,58251,51,STAND/UNKNOWN/#0/LOW_FORCE/OK/act=1/mav=79475/base=435495/th=56455
1778760471.119,5265,-30,685663,0,58251,51,STAND/UNKNOWN/#0/LOW_FORCE/OK/act=1/mav=79475/base=435495/th=56455
1778760471.119,5266,-30,682121,0,58251,51,STAND/UNKNOWN/#0/LOW_FORCE/OK/act=1/mav=79475/base=435495/th=56455
1778760471.119,5267,-30,680081,0,58251,51,STAND/UNKNOWN/#0/LOW_FORCE/OK/act=1/mav=79475/base=435495/th=56455
1778760471.184,5268,-30,678071,0,58251,51,STAND/UNKNOWN/#0/LOW_FORCE/OK/act=1/mav=79475/base=435495/th=56455
1778760471.185,5269,-30,677743,0,58251,51,STAND/UNKNOWN/#0/LOW_FORCE/OK/act=1/mav=79475/base=435495/th=56455
1778760471.185,5270,-30,678681,0,63483,52,STAND/UNKNOWN/#0/LOW_FORCE/OK/act=1/mav=82653/base=435495/th=56455
1778760471.241,5271,-30,680078,0,63483,52,STAND/UNKNOWN/#0/LOW_FORCE/OK/act=1/mav=82653/base=435495/th=56455
1778760471.241,5272,-30,684148,0,63483,52,STAND/UNKNOWN/#0/LOW_FORCE/OK/act=1/mav=82653/base=435495/th=56455
1778760471.241,5273,-30,686856,0,63483,52,STAND/UNKNOWN/#0/LOW_FORCE/OK/act=1/mav=82653/base=435495/th=56455
1778760471.297,5274,-30,689279,0,63483,52,STAND/UNKNOWN/#0/LOW_FORCE/OK/act=1/mav=82653/base=435495/th=56455
1778760471.298,5275,-30,686972,0,63483,52,STAND/UNKNOWN/#0/LOW_FORCE/OK/act=1/mav=82653/base=435495/th=56455
1778760471.298,5276,-30,683866,0,63483,52,STAND/UNKNOWN/#0/LOW_FORCE/OK/act=1/mav=82653/base=435495/th=56455
1778760471.364,5277,-30,683324,0,63483,52,STAND/UNKNOWN/#0/LOW_FORCE/OK/act=1/mav=82653/base=435495/th=56455
1778760471.364,5278,-30,680473,0,63483,52,STAND/UNKNOWN/#0/LOW_FORCE/OK/act=1/mav=82653/base=435495/th=56455
1778760471.364,5279,-30,681564,0,63483,52,STAND/UNKNOWN/#0/LOW_FORCE/OK/act=1/mav=82653/base=435495/th=56455
1778760471.424,5280,-30,682624,0,63483,52,STAND/UNKNOWN/#0/LOW_FORCE/OK/act=1/mav=82653/base=435495/th=56455
1778760471.424,5281,-30,685226,0,63483,52,STAND/UNKNOWN/#0/LOW_FORCE/OK/act=1/mav=82653/base=435495/th=56455
1778760471.424,5282,-30,689128,0,63483,52,STAND/UNKNOWN/#0/LOW_FORCE/OK/act=1/mav=82653/base=435495/th=56455
1778760471.487,5283,-30,690790,0,65535,51,STAND/UNKNOWN/#0/LOW_FORCE/OK/act=1/mav=85869/base=435495/th=56455
1778760471.487,5284,-30,688186,0,65535,51,STAND/UNKNOWN/#0/LOW_FORCE/OK/act=1/mav=85869/base=435495/th=56455
1778760471.487,5285,-30,685943,0,65535,51,STAND/UNKNOWN/#0/LOW_FORCE/OK/act=1/mav=85869/base=435495/th=56455
1778760471.487,5286,-30,684774,0,65535,51,STAND/UNKNOWN/#0/LOW_FORCE/OK/act=1/mav=85869/base=435495/th=56455
1778760471.548,5287,-30,683490,0,65535,51,STAND/UNKNOWN/#0/LOW_FORCE/OK/act=1/mav=85869/base=435495/th=56455
1778760471.548,5288,-30,682826,0,65535,51,STAND/UNKNOWN/#0/LOW_FORCE/OK/act=1/mav=85869/base=435495/th=56455
1778760471.548,5289,-30,683257,0,65535,51,STAND/UNKNOWN/#0/LOW_FORCE/OK/act=1/mav=85869/base=435495/th=56455
1778760471.611,5290,-30,686097,0,65535,51,STAND/UNKNOWN/#0/LOW_FORCE/OK/act=1/mav=85869/base=435495/th=56455
1778760471.611,5291,-30,689821,0,65535,51,STAND/UNKNOWN/#0/LOW_FORCE/OK/act=1/mav=85869/base=435495/th=56455
1778760471.611,5292,-30,691499,0,65535,51,STAND/UNKNOWN/#0/LOW_FORCE/OK/act=1/mav=85869/base=435495/th=56455
1778760471.677,5293,-30,688764,0,65535,51,STAND/UNKNOWN/#0/LOW_FORCE/OK/act=1/mav=85869/base=435495/th=56455
1778760471.677,5294,-30,684353,0,65535,51,STAND/UNKNOWN/#0/LOW_FORCE/OK/act=1/mav=85869/base=435495/th=56455
1778760471.677,5295,-30,685223,0,65535,51,STAND/UNKNOWN/#0/LOW_FORCE/OK/act=1/mav=85869/base=435495/th=56455
1778760471.739,5296,-30,682786,0,65535,51,STAND/UNKNOWN/#0/LOW_FORCE/OK/act=1/mav=88901/base=435495/th=56455
1778760471.740,5297,-30,684439,0,65535,51,STAND/UNKNOWN/#0/LOW_FORCE/OK/act=1/mav=88901/base=435495/th=56455
1778760471.740,5298,-30,687331,0,65535,51,STAND/UNKNOWN/#0/LOW_FORCE/OK/act=1/mav=88901/base=435495/th=56455
1778760471.800,5299,-30,692836,0,65535,51,STAND/UNKNOWN/#0/LOW_FORCE/OK/act=1/mav=88901/base=435495/th=56455
1778760471.800,5300,-30,692336,0,65535,51,STAND/UNKNOWN/#0/LOW_FORCE/OK/act=1/mav=88901/base=435495/th=56455
1778760471.800,5301,-30,690199,0,65535,51,STAND/UNKNOWN/#0/LOW_FORCE/OK/act=1/mav=88901/base=435495/th=56455
1778760471.861,5302,-30,687889,0,65535,51,STAND/UNKNOWN/#0/LOW_FORCE/OK/act=1/mav=88901/base=435495/th=56455
1778760471.861,5303,-30,686908,0,65535,51,STAND/UNKNOWN/#0/LOW_FORCE/OK/act=1/mav=88901/base=435495/th=56455
1778760471.861,5304,-30,685982,0,65535,51,STAND/UNKNOWN/#0/LOW_FORCE/OK/act=1/mav=88901/base=435495/th=56455
1778760471.921,5305,-30,686245,0,65535,51,STAND/UNKNOWN/#0/LOW_FORCE/OK/act=1/mav=88901/base=435495/th=56455
1778760471.921,5306,-30,686551,0,65535,51,STAND/UNKNOWN/#0/LOW_FORCE/OK/act=1/mav=88901/base=435495/th=56455
1778760471.922,5307,-30,689658,0,65535,51,STAND/UNKNOWN/#0/LOW_FORCE/OK/act=1/mav=88901/base=435495/th=56455
1778760471.980,5308,-30,693012,0,65535,51,STAND/UNKNOWN/#0/LOW_FORCE/OK/act=1/mav=90003/base=435495/th=56455
1778760471.980,5309,-30,693308,0,65535,51,STAND/UNKNOWN/#0/LOW_FORCE/OK/act=1/mav=90003/base=435495/th=56455
1778760471.980,5310,-30,691004,0,65535,51,STAND/UNKNOWN/#0/LOW_FORCE/OK/act=1/mav=90003/base=435495/th=56455
1778760472.042,5311,-30,687459,0,65535,51,STAND/UNKNOWN/#0/LOW_FORCE/OK/act=1/mav=90003/base=435495/th=56455
1778760472.042,5312,-30,688375,0,65535,51,STAND/UNKNOWN/#0/LOW_FORCE/OK/act=1/mav=90003/base=435495/th=56455
1778760472.042,5313,-30,685247,0,65535,51,STAND/UNKNOWN/#0/LOW_FORCE/OK/act=1/mav=90003/base=435495/th=56455
1778760472.109,5314,-30,686380,0,65535,51,STAND/UNKNOWN/#0/LOW_FORCE/OK/act=1/mav=90003/base=435495/th=56455
1778760472.110,5315,-30,688323,0,65535,51,STAND/UNKNOWN/#0/LOW_FORCE/OK/act=1/mav=90003/base=435495/th=56455
1778760472.110,5316,-30,689802,0,65535,51,STAND/UNKNOWN/#0/LOW_FORCE/OK/act=1/mav=90003/base=435495/th=56455
1778760472.110,5317,-30,693608,0,65535,51,STAND/UNKNOWN/#0/LOW_FORCE/OK/act=1/mav=90003/base=435495/th=56455
1778760472.175,5318,-30,694199,0,65535,51,STAND/UNKNOWN/#0/LOW_FORCE/OK/act=1/mav=90003/base=435495/th=56455
1778760472.175,5319,-30,690906,0,65535,51,STAND/UNKNOWN/#0/LOW_FORCE/OK/act=1/mav=90003/base=435495/th=56455
1778760472.175,5320,-30,689357,0,65535,51,STAND/UNKNOWN/#0/LOW_FORCE/OK/act=1/mav=90003/base=435495/th=56455
1778760472.248,5321,-30,690031,0,65535,51,STAND/UNKNOWN/#0/LOW_FORCE/OK/act=1/mav=91837/base=435495/th=56455
1778760472.248,5322,-30,686242,0,65535,51,STAND/UNKNOWN/#0/LOW_FORCE/OK/act=1/mav=91837/base=435495/th=56455
1778760472.248,5323,-30,687288,0,65535,51,STAND/UNKNOWN/#0/LOW_FORCE/OK/act=1/mav=91837/base=435495/th=56455
1778760472.248,5324,-30,687582,0,65535,51,STAND/UNKNOWN/#0/LOW_FORCE/OK/act=1/mav=91837/base=435495/th=56455
1778760472.315,5325,-30,690139,0,65535,51,STAND/UNKNOWN/#0/LOW_FORCE/OK/act=1/mav=91837/base=435495/th=56455
1778760472.315,5326,-30,695079,0,65535,51,STAND/UNKNOWN/#0/LOW_FORCE/OK/act=1/mav=91837/base=435495/th=56455
1778760472.316,5327,-30,694740,0,65535,51,STAND/UNKNOWN/#0/LOW_FORCE/OK/act=1/mav=91837/base=435495/th=56455
1778760472.379,5328,-30,691318,0,65535,51,STAND/UNKNOWN/#0/LOW_FORCE/OK/act=1/mav=91837/base=435495/th=56455
1778760472.379,5329,-30,689049,0,65535,51,STAND/UNKNOWN/#0/LOW_FORCE/OK/act=1/mav=91837/base=435495/th=56455
1778760472.379,5330,-30,688642,0,65535,51,STAND/UNKNOWN/#0/LOW_FORCE/OK/act=1/mav=91837/base=435495/th=56455
1778760472.439,5331,-30,687276,0,65535,51,STAND/UNKNOWN/#0/LOW_FORCE/OK/act=1/mav=91837/base=435495/th=56455
1778760472.439,5332,-30,688457,0,65535,51,STAND/UNKNOWN/#0/LOW_FORCE/OK/act=1/mav=91837/base=435495/th=56455
1778760472.439,5333,-30,690172,0,65535,51,STAND/UNKNOWN/#0/LOW_FORCE/OK/act=1/mav=91837/base=435495/th=56455
1778760472.498,5334,-30,692011,0,65535,52,STAND/UNKNOWN/#0/LOW_FORCE/OK/act=1/mav=94018/base=435495/th=56455
1778760472.499,5335,-30,696325,0,65535,52,STAND/UNKNOWN/#0/LOW_FORCE/OK/act=1/mav=94018/base=435495/th=56455
1778760472.499,5336,-30,696420,0,65535,52,STAND/UNKNOWN/#0/LOW_FORCE/OK/act=1/mav=94018/base=435495/th=56455
1778760472.568,5337,-30,691824,0,65535,52,STAND/UNKNOWN/#0/LOW_FORCE/OK/act=1/mav=94018/base=435495/th=56455
1778760472.569,5338,-30,691286,0,65535,52,STAND/UNKNOWN/#0/LOW_FORCE/OK/act=1/mav=94018/base=435495/th=56455
1778760472.569,5339,-30,692034,0,65535,52,STAND/UNKNOWN/#0/LOW_FORCE/OK/act=1/mav=94018/base=435495/th=56455
1778760472.634,5340,-30,687616,0,65535,52,STAND/UNKNOWN/#0/LOW_FORCE/OK/act=1/mav=94018/base=435495/th=56455
1778760472.634,5341,-30,688538,0,65535,52,STAND/UNKNOWN/#0/LOW_FORCE/OK/act=1/mav=94018/base=435495/th=56455
1778760472.634,5342,-30,689762,0,65535,52,STAND/UNKNOWN/#0/LOW_FORCE/OK/act=1/mav=94018/base=435495/th=56455
1778760472.634,5343,-30,690124,0,65535,52,STAND/UNKNOWN/#0/LOW_FORCE/OK/act=1/mav=94018/base=435495/th=56455
1778760472.697,5344,-30,696665,0,65535,52,STAND/UNKNOWN/#0/LOW_FORCE/OK/act=1/mav=94018/base=435495/th=56455
1778760472.697,5345,-30,697897,0,65535,52,STAND/UNKNOWN/#0/LOW_FORCE/OK/act=1/mav=94018/base=435495/th=56455
1778760472.697,5346,-30,694753,0,65535,52,STAND/UNKNOWN/#0/LOW_FORCE/OK/act=1/mav=94018/base=435495/th=56455
1778760472.768,5347,-30,692350,0,65535,51,STAND/UNKNOWN/#0/LOW_FORCE/OK/act=1/mav=96333/base=435495/th=56455
1778760472.768,5348,-30,691634,0,65535,51,STAND/UNKNOWN/#0/LOW_FORCE/OK/act=1/mav=96333/base=435495/th=56455
1778760472.768,5349,-30,689490,0,65535,51,STAND/UNKNOWN/#0/LOW_FORCE/OK/act=1/mav=96333/base=435495/th=56455
1778760472.768,5350,-30,690929,0,65535,51,STAND/UNKNOWN/#0/LOW_FORCE/OK/act=1/mav=96333/base=435495/th=56455
1778760472.829,5351,-30,690196,0,65535,51,STAND/UNKNOWN/#0/LOW_FORCE/OK/act=1/mav=96333/base=435495/th=56455
1778760472.830,5352,-30,692534,0,65535,51,STAND/UNKNOWN/#0/LOW_FORCE/OK/act=1/mav=96333/base=435495/th=56455
1778760472.830,5353,-30,697090,0,65535,51,STAND/UNKNOWN/#0/LOW_FORCE/OK/act=1/mav=96333/base=435495/th=56455
1778760472.895,5354,-30,699163,0,65535,51,STAND/UNKNOWN/#0/LOW_FORCE/OK/act=1/mav=96333/base=435495/th=56455
1778760472.895,5355,-30,695274,0,65535,51,STAND/UNKNOWN/#0/LOW_FORCE/OK/act=1/mav=96333/base=435495/th=56455
1778760472.895,5356,-30,693771,0,65535,51,STAND/UNKNOWN/#0/LOW_FORCE/OK/act=1/mav=96333/base=435495/th=56455
1778760472.958,5357,-30,690340,0,65535,51,STAND/UNKNOWN/#0/LOW_FORCE/OK/act=1/mav=96333/base=435495/th=56455
1778760472.958,5358,-30,690110,0,65535,51,STAND/UNKNOWN/#0/LOW_FORCE/OK/act=1/mav=96333/base=435495/th=56455
1778760472.958,5359,-30,690070,0,65535,51,STAND/UNKNOWN/#0/LOW_FORCE/OK/act=1/mav=96333/base=435495/th=56455
1778760473.016,5360,-30,691606,0,65535,51,STAND/UNKNOWN/#0/LOW_FORCE/OK/act=1/mav=98110/base=435495/th=56455
1778760473.016,5361,-30,693296,0,65535,51,STAND/UNKNOWN/#0/LOW_FORCE/OK/act=1/mav=98110/base=435495/th=56455
1778760473.016,5362,-30,698197,0,65535,51,STAND/UNKNOWN/#0/LOW_FORCE/OK/act=1/mav=98110/base=435495/th=56455
1778760473.081,5363,-30,698038,0,65535,51,STAND/UNKNOWN/#0/LOW_FORCE/OK/act=1/mav=98110/base=435495/th=56455
1778760473.081,5364,-30,696270,0,65535,51,STAND/UNKNOWN/#0/LOW_FORCE/OK/act=1/mav=98110/base=435495/th=56455
1778760473.082,5365,-30,694172,0,65535,51,STAND/UNKNOWN/#0/LOW_FORCE/OK/act=1/mav=98110/base=435495/th=56455
1778760473.136,5366,-30,693777,0,65535,51,STAND/UNKNOWN/#0/LOW_FORCE/OK/act=1/mav=98110/base=435495/th=56455
1778760473.136,5367,-30,690823,0,65535,51,STAND/UNKNOWN/#0/LOW_FORCE/OK/act=1/mav=98110/base=435495/th=56455
1778760473.137,5368,-30,691049,0,65535,51,STAND/UNKNOWN/#0/LOW_FORCE/OK/act=1/mav=98110/base=435495/th=56455
1778760473.194,5369,-30,693248,0,65535,51,STAND/UNKNOWN/#0/LOW_FORCE/OK/act=1/mav=98110/base=435495/th=56455
1778760473.194,5370,-30,695541,0,65535,51,STAND/UNKNOWN/#0/LOW_FORCE/OK/act=1/mav=98110/base=435495/th=56455
1778760473.195,5371,-30,699708,0,65535,51,STAND/UNKNOWN/#0/LOW_FORCE/OK/act=1/mav=98110/base=435495/th=56455
1778760473.252,5372,-30,700748,0,65535,51,STAND/UNKNOWN/#0/LOW_FORCE/OK/act=1/mav=98411/base=435495/th=56455
1778760473.252,5373,-30,697249,0,65535,51,STAND/UNKNOWN/#0/LOW_FORCE/OK/act=1/mav=98411/base=435495/th=56455
1778760473.252,5374,-30,694563,0,65535,51,STAND/UNKNOWN/#0/LOW_FORCE/OK/act=1/mav=98411/base=435495/th=56455
1778760473.305,5375,-30,693968,0,65535,51,STAND/UNKNOWN/#0/LOW_FORCE/OK/act=1/mav=98411/base=435495/th=56455
1778760473.305,5376,-30,691558,0,65535,51,STAND/UNKNOWN/#0/LOW_FORCE/OK/act=1/mav=98411/base=435495/th=56455
1778760473.358,5377,-30,692013,0,65535,51,STAND/UNKNOWN/#0/LOW_FORCE/OK/act=1/mav=98411/base=435495/th=56455
1778760473.358,5378,-30,693310,0,65535,51,STAND/UNKNOWN/#0/LOW_FORCE/OK/act=1/mav=98411/base=435495/th=56455
1778760473.358,5379,-30,695012,0,65535,51,STAND/UNKNOWN/#0/LOW_FORCE/OK/act=1/mav=98411/base=435495/th=56455
1778760473.411,5380,-30,699301,0,65535,51,STAND/UNKNOWN/#0/LOW_FORCE/OK/act=1/mav=98411/base=435495/th=56455
1778760473.411,5381,-30,700936,0,65535,51,STAND/UNKNOWN/#0/LOW_FORCE/OK/act=1/mav=98411/base=435495/th=56455
1778760473.411,5382,-30,698881,0,65535,51,STAND/UNKNOWN/#0/LOW_FORCE/OK/act=1/mav=98411/base=435495/th=56455
1778760473.469,5383,-30,696096,0,65535,51,STAND/UNKNOWN/#0/LOW_FORCE/OK/act=1/mav=98411/base=435495/th=56455
1778760473.469,5384,-30,694482,0,65535,51,STAND/UNKNOWN/#0/LOW_FORCE/OK/act=1/mav=98411/base=435495/th=56455
1778760473.470,5385,-30,692731,0,65535,51,STAND/UNKNOWN/#0/LOW_FORCE/OK/act=1/mav=99233/base=435495/th=56455
1778760473.528,5386,-30,693516,0,65535,51,STAND/UNKNOWN/#0/LOW_FORCE/OK/act=1/mav=99233/base=435495/th=56455
1778760473.528,5387,-30,693284,0,65535,51,STAND/UNKNOWN/#0/LOW_FORCE/OK/act=1/mav=99233/base=435495/th=56455
1778760473.528,5388,-30,696896,0,65535,51,STAND/UNKNOWN/#0/LOW_FORCE/OK/act=1/mav=99233/base=435495/th=56455
1778760473.587,5389,-30,701779,0,65535,51,STAND/UNKNOWN/#0/LOW_FORCE/OK/act=1/mav=99233/base=435495/th=56455
1778760473.587,5390,-30,701656,0,65535,51,STAND/UNKNOWN/#0/LOW_FORCE/OK/act=1/mav=99233/base=435495/th=56455
1778760473.588,5391,-30,700733,0,65535,51,STAND/UNKNOWN/#0/LOW_FORCE/OK/act=1/mav=99233/base=435495/th=56455
1778760473.644,5392,-30,697614,0,65535,51,STAND/UNKNOWN/#0/LOW_FORCE/OK/act=1/mav=99233/base=435495/th=56455
1778760473.644,5393,-30,696679,0,65535,51,STAND/UNKNOWN/#0/LOW_FORCE/OK/act=1/mav=99233/base=435495/th=56455
1778760473.699,5394,-30,693854,0,65535,51,STAND/UNKNOWN/#0/LOW_FORCE/OK/act=1/mav=99233/base=435495/th=56455
1778760473.700,5395,-30,694520,0,65535,51,STAND/UNKNOWN/#0/LOW_FORCE/OK/act=1/mav=99233/base=435495/th=56455
1778760473.700,5396,-30,694635,0,65535,51,STAND/UNKNOWN/#0/LOW_FORCE/OK/act=1/mav=99233/base=435495/th=56455
1778760473.757,5397,-30,698728,0,65535,51,STAND/UNKNOWN/#0/LOW_FORCE/OK/act=1/mav=99233/base=435495/th=56455
1778760473.757,5398,-30,700998,0,65535,52,STAND/UNKNOWN/#0/LOW_FORCE/OK/act=1/mav=100843/base=435495/th=56455
1778760473.757,5399,-30,702776,0,65535,52,STAND/UNKNOWN/#0/LOW_FORCE/OK/act=1/mav=100843/base=435495/th=56455
1778760473.815,5400,-30,699877,0,65535,52,STAND/UNKNOWN/#0/LOW_FORCE/OK/act=1/mav=100843/base=435495/th=56455
1778760473.815,5401,-30,698826,0,65535,52,STAND/UNKNOWN/#0/LOW_FORCE/OK/act=1/mav=100843/base=435495/th=56455
1778760473.815,5402,-30,696729,0,65535,52,STAND/UNKNOWN/#0/LOW_FORCE/OK/act=1/mav=100843/base=435495/th=56455
1778760473.871,5403,-30,694383,0,65535,52,STAND/UNKNOWN/#0/LOW_FORCE/OK/act=1/mav=100843/base=435495/th=56455
1778760473.871,5404,-30,695819,0,65535,52,STAND/UNKNOWN/#0/LOW_FORCE/OK/act=1/mav=100843/base=435495/th=56455
1778760473.871,5405,-30,697588,0,65535,52,STAND/UNKNOWN/#0/LOW_FORCE/OK/act=1/mav=100843/base=435495/th=56455
1778760473.934,5406,-30,702563,0,65535,52,STAND/UNKNOWN/#0/LOW_FORCE/OK/act=1/mav=100843/base=435495/th=56455
1778760473.934,5407,-30,702379,0,65535,52,STAND/UNKNOWN/#0/LOW_FORCE/OK/act=1/mav=100843/base=435495/th=56455
1778760473.988,5408,-30,699880,0,65535,52,STAND/UNKNOWN/#0/LOW_FORCE/OK/act=1/mav=100843/base=435495/th=56455
1778760473.988,5409,-30,696833,0,65535,52,STAND/UNKNOWN/#0/LOW_FORCE/OK/act=1/mav=100843/base=435495/th=56455
1778760473.988,5410,-30,695856,0,65535,52,STAND/UNKNOWN/#0/LOW_FORCE/OK/act=1/mav=100843/base=435495/th=56455
1778760474.040,5411,-30,693778,0,65535,49,STAND/UNKNOWN/#0/LOW_FORCE/OK/act=1/mav=102529/base=435495/th=56455
1778760474.040,5412,-30,694886,0,65535,49,STAND/UNKNOWN/#0/LOW_FORCE/OK/act=1/mav=102529/base=435495/th=56455
1778760474.040,5413,-30,695734,0,65535,49,STAND/UNKNOWN/#0/LOW_FORCE/OK/act=1/mav=102529/base=435495/th=56455
1778760474.095,5414,-30,701473,0,65535,49,STAND/UNKNOWN/#0/LOW_FORCE/OK/act=1/mav=102529/base=435495/th=56455
1778760474.095,5415,-30,702216,0,65535,49,STAND/UNKNOWN/#0/LOW_FORCE/OK/act=1/mav=102529/base=435495/th=56455
1778760474.095,5416,-30,698853,0,65535,49,STAND/UNKNOWN/#0/LOW_FORCE/OK/act=1/mav=102529/base=435495/th=56455
1778760474.171,5417,-30,696586,0,65535,49,STAND/UNKNOWN/#0/LOW_FORCE/OK/act=1/mav=102529/base=435495/th=56455
1778760474.171,5418,-30,695144,0,65535,49,STAND/UNKNOWN/#0/LOW_FORCE/OK/act=1/mav=102529/base=435495/th=56455
1778760474.171,5419,-30,694042,0,65535,49,STAND/UNKNOWN/#0/LOW_FORCE/OK/act=1/mav=102529/base=435495/th=56455
1778760474.171,5420,-30,695256,0,65535,49,STAND/UNKNOWN/#0/LOW_FORCE/OK/act=1/mav=102529/base=435495/th=56455
1778760474.241,5421,-30,697522,0,65535,49,STAND/UNKNOWN/#0/LOW_FORCE/OK/act=1/mav=102529/base=435495/th=56455
1778760474.241,5422,-30,702134,0,65535,49,STAND/UNKNOWN/#0/LOW_FORCE/OK/act=1/mav=102529/base=435495/th=56455
1778760474.241,5423,-30,701568,0,65535,49,STAND/UNKNOWN/#0/LOW_FORCE/OK/act=1/mav=102529/base=435495/th=56455
1778760474.300,5424,-30,697002,0,65535,42,STAND/UNKNOWN/#0/LOW_FORCE/OK/act=1/mav=103368/base=435495/th=56455
1778760474.301,5425,-30,696608,0,65535,42,STAND/UNKNOWN/#0/LOW_FORCE/OK/act=1/mav=103368/base=435495/th=56455
1778760474.301,5426,-30,695954,0,65535,42,STAND/UNKNOWN/#0/LOW_FORCE/OK/act=1/mav=103368/base=435495/th=56455
1778760474.355,5427,-30,694139,0,65535,42,STAND/UNKNOWN/#0/LOW_FORCE/OK/act=1/mav=103368/base=435495/th=56455
1778760474.355,5428,-30,695834,0,65535,42,STAND/UNKNOWN/#0/LOW_FORCE/OK/act=1/mav=103368/base=435495/th=56455
1778760474.355,5429,-30,697033,0,65535,42,STAND/UNKNOWN/#0/LOW_FORCE/OK/act=1/mav=103368/base=435495/th=56455
1778760474.409,5430,-30,703740,0,65535,42,STAND/UNKNOWN/#0/LOW_FORCE/OK/act=1/mav=103368/base=435495/th=56455
1778760474.409,5431,-30,703019,0,65535,42,STAND/UNKNOWN/#0/LOW_FORCE/OK/act=1/mav=103368/base=435495/th=56455
1778760474.410,5432,-30,699859,0,65535,42,STAND/UNKNOWN/#0/LOW_FORCE/OK/act=1/mav=103368/base=435495/th=56455
1778760474.462,5433,-30,698069,0,65535,42,STAND/UNKNOWN/#0/LOW_FORCE/OK/act=1/mav=103368/base=435495/th=56455
1778760474.462,5434,-30,697272,0,65535,42,STAND/UNKNOWN/#0/LOW_FORCE/OK/act=1/mav=103368/base=435495/th=56455
1778760474.535,5435,-30,695190,0,65535,42,STAND/UNKNOWN/#0/LOW_FORCE/OK/act=1/mav=103368/base=435495/th=56455
1778760474.535,5436,-30,694637,0,65535,35,STAND/UNKNOWN/#0/LOW_FORCE/OK/act=1/mav=103157/base=435495/th=56455
1778760474.535,5437,-30,696584,0,65535,35,STAND/UNKNOWN/#0/LOW_FORCE/OK/act=1/mav=103157/base=435495/th=56455
1778760474.535,5438,-30,702192,0,65535,35,STAND/UNKNOWN/#0/LOW_FORCE/OK/act=1/mav=103157/base=435495/th=56455
1778760474.610,5439,-30,701760,0,65535,35,STAND/UNKNOWN/#0/LOW_FORCE/OK/act=1/mav=103157/base=435495/th=56455
1778760474.610,5440,-30,698911,0,65535,35,STAND/UNKNOWN/#0/LOW_FORCE/OK/act=1/mav=103157/base=435495/th=56455
1778760474.611,5441,-30,697384,0,65535,35,STAND/UNKNOWN/#0/LOW_FORCE/OK/act=1/mav=103157/base=435495/th=56455
1778760474.611,5442,-30,696745,0,65535,35,STAND/UNKNOWN/#0/LOW_FORCE/OK/act=1/mav=103157/base=435495/th=56455
1778760474.686,5443,-30,692909,0,65535,35,STAND/UNKNOWN/#0/LOW_FORCE/OK/act=1/mav=103157/base=435495/th=56455
1778760474.686,5444,-30,695663,0,65535,35,STAND/UNKNOWN/#0/LOW_FORCE/OK/act=1/mav=103157/base=435495/th=56455
1778760474.686,5445,-30,698564,0,65535,35,STAND/UNKNOWN/#0/LOW_FORCE/OK/act=1/mav=103157/base=435495/th=56455
1778760474.686,5446,-30,702255,0,65535,35,STAND/UNKNOWN/#0/LOW_FORCE/OK/act=1/mav=103157/base=435495/th=56455
1778760474.773,5447,-30,701764,0,65535,35,STAND/UNKNOWN/#0/LOW_FORCE/OK/act=1/mav=103157/base=435495/th=56455
1778760474.773,5448,-30,699236,0,65535,35,STAND/UNKNOWN/#0/LOW_FORCE/OK/act=1/mav=103157/base=435495/th=56455
1778760474.773,5449,-30,696087,0,65535,30,STAND/UNKNOWN/#0/LOW_FORCE/OK/act=1/mav=103479/base=435495/th=56455
1778760474.773,5450,-30,697234,0,65535,30,STAND/UNKNOWN/#0/LOW_FORCE/OK/act=1/mav=103479/base=435495/th=56455
1778760474.856,5451,-30,692664,0,65535,30,STAND/UNKNOWN/#0/LOW_FORCE/OK/act=1/mav=103479/base=435495/th=56455
1778760474.856,5452,-30,694693,0,65535,30,STAND/UNKNOWN/#0/LOW_FORCE/OK/act=1/mav=103479/base=435495/th=56455
1778760474.856,5453,-30,697985,0,65535,30,STAND/UNKNOWN/#0/LOW_FORCE/OK/act=1/mav=103479/base=435495/th=56455
1778760474.934,5454,-30,702879,0,65535,30,STAND/UNKNOWN/#0/LOW_FORCE/OK/act=1/mav=103479/base=435495/th=56455
1778760474.934,5455,-30,703116,0,65535,30,STAND/UNKNOWN/#0/LOW_FORCE/OK/act=1/mav=103479/base=435495/th=56455
1778760474.934,5456,-30,698801,0,65535,30,STAND/UNKNOWN/#0/LOW_FORCE/OK/act=1/mav=103479/base=435495/th=56455
1778760474.934,5457,-30,697149,0,65535,30,STAND/UNKNOWN/#0/LOW_FORCE/OK/act=1/mav=103479/base=435495/th=56455
1778760474.934,5458,-30,697578,0,65535,30,STAND/UNKNOWN/#0/LOW_FORCE/OK/act=1/mav=103479/base=435495/th=56455
1778760474.999,5459,-30,693890,0,65535,30,STAND/UNKNOWN/#0/LOW_FORCE/OK/act=1/mav=103479/base=435495/th=56455
1778760474.999,5460,-30,694069,0,65535,30,STAND/UNKNOWN/#0/LOW_FORCE/OK/act=1/mav=103479/base=435495/th=56455
1778760474.999,5461,-30,696229,0,65535,30,STAND/UNKNOWN/#0/LOW_FORCE/OK/act=1/mav=103479/base=435495/th=56455
1778760475.056,5462,-30,702353,0,65535,29,STAND/UNKNOWN/#0/LOW_FORCE/OK/act=1/mav=104379/base=435495/th=56455
1778760475.056,5463,-30,702589,0,65535,29,STAND/UNKNOWN/#0/LOW_FORCE/OK/act=1/mav=104379/base=435495/th=56455
1778760475.056,5464,-30,699121,0,65535,29,STAND/UNKNOWN/#0/LOW_FORCE/OK/act=1/mav=104379/base=435495/th=56455
1778760475.115,5465,-30,695973,0,65535,29,STAND/UNKNOWN/#0/LOW_FORCE/OK/act=1/mav=104379/base=435495/th=56455
1778760475.116,5466,-30,696192,0,65535,29,STAND/UNKNOWN/#0/LOW_FORCE/OK/act=1/mav=104379/base=435495/th=56455
1778760475.116,5467,-30,692951,0,65535,29,STAND/UNKNOWN/#0/LOW_FORCE/OK/act=1/mav=104379/base=435495/th=56455
1778760475.174,5468,-30,694323,0,65535,29,STAND/UNKNOWN/#0/LOW_FORCE/OK/act=1/mav=104379/base=435495/th=56455
1778760475.174,5469,-30,697409,0,65535,29,STAND/UNKNOWN/#0/LOW_FORCE/OK/act=1/mav=104379/base=435495/th=56455
1778760475.174,5470,-30,700039,0,65535,29,STAND/UNKNOWN/#0/LOW_FORCE/OK/act=1/mav=104379/base=435495/th=56455
1778760475.231,5471,-30,699966,0,65535,29,STAND/UNKNOWN/#0/LOW_FORCE/OK/act=1/mav=104379/base=435495/th=56455
1778760475.231,5472,-30,696640,0,65535,29,STAND/UNKNOWN/#0/LOW_FORCE/OK/act=1/mav=104379/base=435495/th=56455
1778760475.231,5473,-30,694609,0,65535,29,STAND/UNKNOWN/#0/LOW_FORCE/OK/act=1/mav=104379/base=435495/th=56455
1778760475.293,5474,-30,695115,0,65535,29,STAND/UNKNOWN/#0/LOW_FORCE/OK/act=1/mav=104379/base=435495/th=56455
1778760475.293,5475,-30,691545,0,65535,28,STAND/UNKNOWN/#0/LOW_FORCE/OK/act=1/mav=105760/base=435495/th=56455
1778760475.293,5476,-30,693569,0,65535,28,STAND/UNKNOWN/#0/LOW_FORCE/OK/act=1/mav=105760/base=435495/th=56455
1778760475.357,5477,-30,695463,0,65535,28,STAND/UNKNOWN/#0/LOW_FORCE/OK/act=1/mav=105760/base=435495/th=56455
1778760475.357,5478,-30,699468,0,65535,28,STAND/UNKNOWN/#0/LOW_FORCE/OK/act=1/mav=105760/base=435495/th=56455
1778760475.357,5479,-30,701226,0,65535,28,STAND/UNKNOWN/#0/LOW_FORCE/OK/act=1/mav=105760/base=435495/th=56455
1778760475.416,5480,-30,698893,0,65535,28,STAND/UNKNOWN/#0/LOW_FORCE/OK/act=1/mav=105760/base=435495/th=56455
1778760475.417,5481,-30,695245,0,65535,28,STAND/UNKNOWN/#0/LOW_FORCE/OK/act=1/mav=105760/base=435495/th=56455
1778760475.417,5482,-30,695794,0,65535,28,STAND/UNKNOWN/#0/LOW_FORCE/OK/act=1/mav=105760/base=435495/th=56455
1778760475.483,5483,-30,693868,0,65535,28,STAND/UNKNOWN/#0/LOW_FORCE/OK/act=1/mav=105760/base=435495/th=56455
1778760475.483,5484,-30,693772,0,65535,28,STAND/UNKNOWN/#0/LOW_FORCE/OK/act=1/mav=105760/base=435495/th=56455
1778760475.483,5485,-30,699273,0,65535,28,STAND/UNKNOWN/#0/LOW_FORCE/OK/act=1/mav=105760/base=435495/th=56455
1778760475.548,5486,-30,701139,0,65535,28,STAND/UNKNOWN/#0/LOW_FORCE/OK/act=1/mav=105760/base=435495/th=56455
1778760475.548,5487,-30,702039,0,65535,28,STAND/UNKNOWN/#0/LOW_FORCE/OK/act=1/mav=105760/base=435495/th=56455
1778760475.548,5488,-30,699064,0,65535,26,STAND/UNKNOWN/#0/LOW_FORCE/OK/act=1/mav=106405/base=435495/th=56455
1778760475.602,5489,-30,694845,0,65535,26,STAND/UNKNOWN/#0/LOW_FORCE/OK/act=1/mav=106405/base=435495/th=56455
1778760475.602,5490,-30,693300,0,65535,26,STAND/UNKNOWN/#0/LOW_FORCE/OK/act=1/mav=106405/base=435495/th=56455
1778760475.602,5491,-30,690000,0,65535,26,STAND/UNKNOWN/#0/LOW_FORCE/OK/act=1/mav=106405/base=435495/th=56455
1778760475.659,5492,-30,692414,0,65535,26,STAND/UNKNOWN/#0/LOW_FORCE/OK/act=1/mav=106405/base=435495/th=56455
1778760475.660,5493,-30,698073,0,65535,26,STAND/UNKNOWN/#0/LOW_FORCE/OK/act=1/mav=106405/base=435495/th=56455
1778760475.660,5494,-30,703638,0,65535,26,STAND/UNKNOWN/#0/LOW_FORCE/OK/act=1/mav=106405/base=435495/th=56455
1778760475.720,5495,-30,704341,0,65535,26,STAND/UNKNOWN/#0/LOW_FORCE/OK/act=1/mav=106405/base=435495/th=56455
1778760475.720,5496,-30,700334,0,65535,26,STAND/UNKNOWN/#0/LOW_FORCE/OK/act=1/mav=106405/base=435495/th=56455
1778760475.720,5497,-30,695984,0,65535,26,STAND/UNKNOWN/#0/LOW_FORCE/OK/act=1/mav=106405/base=435495/th=56455
1778760475.790,5498,-30,692112,0,65535,26,STAND/UNKNOWN/#0/LOW_FORCE/OK/act=1/mav=106405/base=435495/th=56455
1778760475.790,5499,-30,687949,0,65535,26,STAND/UNKNOWN/#0/LOW_FORCE/OK/act=1/mav=106405/base=435495/th=56455
1778760475.790,5500,-30,687774,0,65535,25,STAND/UNKNOWN/#0/LOW_FORCE/OK/act=1/mav=105624/base=435495/th=56455
1778760475.790,5501,-30,690170,0,65535,25,STAND/UNKNOWN/#0/LOW_FORCE/OK/act=1/mav=105624/base=435495/th=56455
1778760475.869,5502,-30,695308,0,65535,25,STAND/UNKNOWN/#0/LOW_FORCE/OK/act=1/mav=105624/base=435495/th=56455
1778760475.869,5503,-30,694599,0,65535,25,STAND/UNKNOWN/#0/LOW_FORCE/OK/act=1/mav=105624/base=435495/th=56455
1778760475.870,5504,-30,692218,0,65535,25,STAND/UNKNOWN/#0/LOW_FORCE/OK/act=1/mav=105624/base=435495/th=56455
1778760475.870,5505,-30,688364,0,65535,25,STAND/UNKNOWN/#0/LOW_FORCE/OK/act=1/mav=105624/base=435495/th=56455
1778760475.950,5506,-30,687119,0,65535,25,STAND/UNKNOWN/#0/LOW_FORCE/OK/act=1/mav=105624/base=435495/th=56455
1778760475.951,5507,-30,686023,0,65535,25,STAND/UNKNOWN/#0/LOW_FORCE/OK/act=1/mav=105624/base=435495/th=56455
1778760475.951,5508,-30,686540,0,65535,25,STAND/UNKNOWN/#0/LOW_FORCE/OK/act=1/mav=105624/base=435495/th=56455
1778760475.952,5509,-30,688326,0,65535,25,STAND/UNKNOWN/#0/LOW_FORCE/OK/act=1/mav=105624/base=435495/th=56455
1778760476.035,5510,-30,694417,0,65535,25,STAND/UNKNOWN/#0/LOW_FORCE/OK/act=1/mav=105624/base=435495/th=56455
1778760476.035,5511,-30,695425,0,65535,25,STAND/UNKNOWN/#0/LOW_FORCE/OK/act=1/mav=105624/base=435495/th=56455
1778760476.035,5512,-30,693546,0,65535,25,STAND/UNKNOWN/#0/LOW_FORCE/OK/act=1/mav=105624/base=435495/th=56455
1778760476.035,5513,-30,693906,0,65535,25,STAND/UNKNOWN/#0/LOW_FORCE/OK/act=1/mav=105905/base=435495/th=56455
1778760476.099,5514,-30,690651,0,65535,25,STAND/UNKNOWN/#0/LOW_FORCE/OK/act=1/mav=105905/base=435495/th=56455
1778760476.099,5515,-30,686531,0,65535,25,STAND/UNKNOWN/#0/LOW_FORCE/OK/act=1/mav=105905/base=435495/th=56455
1778760476.099,5516,-30,686423,0,65535,25,STAND/UNKNOWN/#0/LOW_FORCE/OK/act=1/mav=105905/base=435495/th=56455
1778760476.158,5517,-30,688123,0,65535,25,STAND/UNKNOWN/#0/LOW_FORCE/OK/act=1/mav=105905/base=435495/th=56455
1778760476.158,5518,-30,691411,0,65535,25,STAND/UNKNOWN/#0/LOW_FORCE/OK/act=1/mav=105905/base=435495/th=56455
1778760476.158,5519,-30,690876,0,65535,25,STAND/UNKNOWN/#0/LOW_FORCE/OK/act=1/mav=105905/base=435495/th=56455
1778760476.217,5520,-30,689708,0,65535,25,STAND/UNKNOWN/#0/LOW_FORCE/OK/act=1/mav=105905/base=435495/th=56455
1778760476.217,5521,-30,688906,0,65535,25,STAND/UNKNOWN/#0/LOW_FORCE/OK/act=1/mav=105905/base=435495/th=56455
1778760476.217,5522,-30,689149,0,65535,25,STAND/UNKNOWN/#0/LOW_FORCE/OK/act=1/mav=105905/base=435495/th=56455
1778760476.278,5523,-30,688647,0,65535,25,STAND/UNKNOWN/#0/LOW_FORCE/OK/act=1/mav=105905/base=435495/th=56455
1778760476.278,5524,-30,697549,0,65535,25,STAND/UNKNOWN/#0/LOW_FORCE/OK/act=1/mav=105905/base=435495/th=56455
1778760476.278,5525,-30,704233,0,65535,25,STAND/UNKNOWN/#0/LOW_FORCE/OK/act=1/mav=105905/base=435495/th=56455
1778760476.345,5526,-30,699911,0,65535,27,STAND/UNKNOWN/#0/LOW_FORCE/OK/act=1/mav=107886/base=435495/th=56455
1778760476.345,5527,-30,687507,0,65535,27,STAND/UNKNOWN/#0/LOW_FORCE/OK/act=1/mav=107886/base=435495/th=56455
1778760476.345,5528,-30,668993,0,65535,27,STAND/UNKNOWN/#0/LOW_FORCE/OK/act=1/mav=107886/base=435495/th=56455
1778760476.404,5529,-30,667657,0,65535,27,STAND/UNKNOWN/#0/LOW_FORCE/OK/act=1/mav=107886/base=435495/th=56455
1778760476.405,5530,-30,674023,0,65535,27,STAND/UNKNOWN/#0/LOW_FORCE/OK/act=1/mav=107886/base=435495/th=56455
1778760476.405,5531,-30,675511,0,65535,27,STAND/UNKNOWN/#0/LOW_FORCE/OK/act=1/mav=107886/base=435495/th=56455
1778760476.463,5532,-30,684884,0,65535,27,STAND/UNKNOWN/#0/LOW_FORCE/OK/act=1/mav=107886/base=435495/th=56455
1778760476.463,5533,-30,695659,0,65535,27,STAND/UNKNOWN/#0/LOW_FORCE/OK/act=1/mav=107886/base=435495/th=56455
1778760476.463,5534,-30,706499,0,65535,27,STAND/UNKNOWN/#0/LOW_FORCE/OK/act=1/mav=107886/base=435495/th=56455
1778760476.523,5535,-30,710009,0,65535,27,STAND/UNKNOWN/#0/LOW_FORCE/OK/act=1/mav=107886/base=435495/th=56455
1778760476.523,5536,-30,711037,0,65535,27,STAND/UNKNOWN/#0/LOW_FORCE/OK/act=1/mav=107886/base=435495/th=56455
1778760476.523,5537,-30,707917,0,65535,27,STAND/UNKNOWN/#0/LOW_FORCE/OK/act=1/mav=107886/base=435495/th=56455
1778760476.581,5538,-30,707399,0,65535,27,STAND/UNKNOWN/#0/LOW_FORCE/OK/act=1/mav=107886/base=435495/th=56455
1778760476.581,5539,-30,705308,0,65535,34,STAND/UNKNOWN/#0/LOW_FORCE/OK/act=1/mav=111388/base=435495/th=56455
1778760476.581,5540,-30,708208,0,65535,34,STAND/UNKNOWN/#0/LOW_FORCE/OK/act=1/mav=111388/base=435495/th=56455
1778760476.640,5541,-30,711702,0,65535,34,STAND/UNKNOWN/#0/LOW_FORCE/OK/act=1/mav=111388/base=435495/th=56455
1778760476.640,5542,-30,716676,0,65535,34,STAND/UNKNOWN/#0/LOW_FORCE/OK/act=1/mav=111388/base=435495/th=56455
1778760476.640,5543,-30,716381,0,65535,34,STAND/UNKNOWN/#0/LOW_FORCE/OK/act=1/mav=111388/base=435495/th=56455
1778760476.701,5544,-30,714083,0,65535,34,STAND/UNKNOWN/#0/LOW_FORCE/OK/act=1/mav=111388/base=435495/th=56455
1778760476.701,5545,-30,712383,0,65535,34,STAND/UNKNOWN/#0/LOW_FORCE/OK/act=1/mav=111388/base=435495/th=56455
1778760476.701,5546,-30,711436,0,65535,34,STAND/UNKNOWN/#0/LOW_FORCE/OK/act=1/mav=111388/base=435495/th=56455
1778760476.760,5547,-30,708203,0,65535,34,STAND/UNKNOWN/#0/LOW_FORCE/OK/act=1/mav=111388/base=435495/th=56455
1778760476.761,5548,-30,707583,0,65535,34,STAND/UNKNOWN/#0/LOW_FORCE/OK/act=1/mav=111388/base=435495/th=56455
1778760476.761,5549,-30,710223,0,65535,34,STAND/UNKNOWN/#0/LOW_FORCE/OK/act=1/mav=111388/base=435495/th=56455
1778760476.824,5550,-30,714988,0,65535,34,STAND/UNKNOWN/#0/LOW_FORCE/OK/act=1/mav=111388/base=435495/th=56455
1778760476.824,5551,-30,716954,0,65535,34,STAND/UNKNOWN/#0/LOW_FORCE/OK/act=1/mav=111388/base=435495/th=56455
1778760476.824,5552,-30,719038,0,65535,43,STAND/UNKNOWN/#0/LOW_FORCE/OK/act=1/mav=112934/base=435495/th=56455
1778760476.887,5553,-30,716995,0,65535,43,STAND/UNKNOWN/#0/LOW_FORCE/OK/act=1/mav=112934/base=435495/th=56455
1778760476.887,5554,-30,718615,0,65535,43,STAND/UNKNOWN/#0/LOW_FORCE/OK/act=1/mav=112934/base=435495/th=56455
1778760476.887,5555,-30,710593,0,65535,43,STAND/UNKNOWN/#0/LOW_FORCE/OK/act=1/mav=112934/base=435495/th=56455
1778760476.887,5556,-30,707396,0,65535,43,STAND/UNKNOWN/#0/LOW_FORCE/OK/act=1/mav=112934/base=435495/th=56455
1778760476.951,5557,-30,706248,0,65535,43,STAND/UNKNOWN/#0/LOW_FORCE/OK/act=1/mav=112934/base=435495/th=56455
1778760476.951,5558,-30,707521,0,65535,43,STAND/UNKNOWN/#0/LOW_FORCE/OK/act=1/mav=112934/base=435495/th=56455
1778760476.951,5559,-30,704276,0,65535,43,STAND/UNKNOWN/#0/LOW_FORCE/OK/act=1/mav=112934/base=435495/th=56455
1778760477.015,5560,-30,699306,0,65535,43,STAND/UNKNOWN/#0/LOW_FORCE/OK/act=1/mav=112934/base=435495/th=56455
1778760477.016,5561,-30,697344,0,65535,43,STAND/UNKNOWN/#0/LOW_FORCE/OK/act=1/mav=112934/base=435495/th=56455
1778760477.016,5562,-30,697614,0,65535,43,STAND/UNKNOWN/#0/LOW_FORCE/OK/act=1/mav=112934/base=435495/th=56455
1778760477.076,5563,-30,694278,0,65535,43,STAND/UNKNOWN/#0/LOW_FORCE/OK/act=1/mav=112934/base=435495/th=56455
1778760477.076,5564,-30,696768,0,65535,37,STAND/UNKNOWN/#0/LOW_FORCE/OK/act=1/mav=109343/base=435495/th=56455
1778760477.076,5565,-30,701424,0,65535,37,STAND/UNKNOWN/#0/LOW_FORCE/OK/act=1/mav=109343/base=435495/th=56455
1778760477.139,5566,-30,705799,0,65535,37,STAND/UNKNOWN/#0/LOW_FORCE/OK/act=1/mav=109343/base=435495/th=56455
1778760477.139,5567,-30,705104,0,65535,37,STAND/UNKNOWN/#0/LOW_FORCE/OK/act=1/mav=109343/base=435495/th=56455
1778760477.139,5568,-30,701901,0,65535,37,STAND/UNKNOWN/#0/LOW_FORCE/OK/act=1/mav=109343/base=435495/th=56455
1778760477.198,5569,-30,699189,0,65535,37,STAND/UNKNOWN/#0/LOW_FORCE/OK/act=1/mav=109343/base=435495/th=56455
1778760477.198,5570,-30,697028,0,65535,37,STAND/UNKNOWN/#0/LOW_FORCE/OK/act=1/mav=109343/base=435495/th=56455
1778760477.198,5571,-30,695438,0,65535,37,STAND/UNKNOWN/#0/LOW_FORCE/OK/act=1/mav=109343/base=435495/th=56455
1778760477.257,5572,-30,696056,0,65535,37,STAND/UNKNOWN/#0/LOW_FORCE/OK/act=1/mav=109343/base=435495/th=56455
1778760477.257,5573,-30,697604,0,65535,37,STAND/UNKNOWN/#0/LOW_FORCE/OK/act=1/mav=109343/base=435495/th=56455
1778760477.257,5574,-30,701713,0,65535,37,STAND/UNKNOWN/#0/LOW_FORCE/OK/act=1/mav=109343/base=435495/th=56455
1778760477.316,5575,-30,700902,0,65535,37,STAND/UNKNOWN/#0/LOW_FORCE/OK/act=1/mav=109343/base=435495/th=56455
1778760477.316,5576,-30,695907,0,65535,37,STAND/UNKNOWN/#0/LOW_FORCE/OK/act=1/mav=109343/base=435495/th=56455
1778760477.317,5577,-30,690506,0,65535,27,STAND/UNKNOWN/#0/LOW_FORCE/OK/act=1/mav=105432/base=435495/th=56455
1778760477.376,5578,-30,690168,0,65535,27,STAND/UNKNOWN/#0/LOW_FORCE/OK/act=1/mav=105432/base=435495/th=56455
1778760477.376,5579,-30,686052,0,65535,27,STAND/UNKNOWN/#0/LOW_FORCE/OK/act=1/mav=105432/base=435495/th=56455
1778760477.376,5580,-30,686981,0,65535,27,STAND/UNKNOWN/#0/LOW_FORCE/OK/act=1/mav=105432/base=435495/th=56455
1778760477.438,5581,-30,690072,0,65535,27,STAND/UNKNOWN/#0/LOW_FORCE/OK/act=1/mav=105432/base=435495/th=56455
1778760477.438,5582,-30,697832,0,65535,27,STAND/UNKNOWN/#0/LOW_FORCE/OK/act=1/mav=105432/base=435495/th=56455
1778760477.438,5583,-30,697312,0,65535,27,STAND/UNKNOWN/#0/LOW_FORCE/OK/act=1/mav=105432/base=435495/th=56455
1778760477.499,5584,-30,691064,0,65535,27,STAND/UNKNOWN/#0/LOW_FORCE/OK/act=1/mav=105432/base=435495/th=56455
1778760477.499,5585,-30,690708,0,65535,27,STAND/UNKNOWN/#0/LOW_FORCE/OK/act=1/mav=105432/base=435495/th=56455
1778760477.499,5586,-30,688348,0,65535,27,STAND/UNKNOWN/#0/LOW_FORCE/OK/act=1/mav=105432/base=435495/th=56455
1778760477.562,5587,-30,686779,0,65535,27,STAND/UNKNOWN/#0/LOW_FORCE/OK/act=1/mav=105432/base=435495/th=56455
1778760477.562,5588,-30,685811,0,65535,27,STAND/UNKNOWN/#0/LOW_FORCE/OK/act=1/mav=105432/base=435495/th=56455
1778760477.562,5589,-30,689022,0,65535,27,STAND/UNKNOWN/#0/LOW_FORCE/OK/act=1/mav=105432/base=435495/th=56455
1778760477.624,5590,-30,695599,0,65535,26,STAND/UNKNOWN/#0/LOW_FORCE/OK/act=1/mav=103389/base=435495/th=56455
1778760477.624,5591,-30,693334,0,65535,26,STAND/UNKNOWN/#0/LOW_FORCE/OK/act=1/mav=103389/base=435495/th=56455
1778760477.624,5592,-30,690843,0,65535,26,STAND/UNKNOWN/#0/LOW_FORCE/OK/act=1/mav=103389/base=435495/th=56455
1778760477.683,5593,-30,690928,0,65535,26,STAND/UNKNOWN/#0/LOW_FORCE/OK/act=1/mav=103389/base=435495/th=56455
1778760477.683,5594,-30,688007,0,65535,26,STAND/UNKNOWN/#0/LOW_FORCE/OK/act=1/mav=103389/base=435495/th=56455
1778760477.684,5595,-30,686408,0,65535,26,STAND/UNKNOWN/#0/LOW_FORCE/OK/act=1/mav=103389/base=435495/th=56455
1778760477.744,5596,-30,689574,0,65535,26,STAND/UNKNOWN/#0/LOW_FORCE/OK/act=1/mav=103389/base=435495/th=56455
1778760477.745,5597,-30,691119,0,65535,26,STAND/UNKNOWN/#0/LOW_FORCE/OK/act=1/mav=103389/base=435495/th=56455
1778760477.745,5598,-30,695102,0,65535,26,STAND/UNKNOWN/#0/LOW_FORCE/OK/act=1/mav=103389/base=435495/th=56455
1778760477.814,5599,-30,694409,0,65535,26,STAND/UNKNOWN/#0/LOW_FORCE/OK/act=1/mav=103389/base=435495/th=56455
1778760477.814,5600,-30,691441,0,65535,26,STAND/UNKNOWN/#0/LOW_FORCE/OK/act=1/mav=103389/base=435495/th=56455
1778760477.814,5601,-30,690446,0,65535,26,STAND/UNKNOWN/#0/LOW_FORCE/OK/act=1/mav=103389/base=435495/th=56455
1778760477.814,5602,-30,690281,0,65535,26,STAND/UNKNOWN/#0/LOW_FORCE/OK/act=1/mav=103389/base=435495/th=56455
1778760477.889,5603,-30,686322,0,65535,26,STAND/UNKNOWN/#0/LOW_FORCE/OK/act=1/mav=103451/base=435495/th=56455
1778760477.889,5604,-30,687714,0,65535,26,STAND/UNKNOWN/#0/LOW_FORCE/OK/act=1/mav=103451/base=435495/th=56455
1778760477.889,5605,-30,691634,0,65535,26,STAND/UNKNOWN/#0/LOW_FORCE/OK/act=1/mav=103451/base=435495/th=56455
1778760477.889,5606,-30,693324,0,65535,26,STAND/UNKNOWN/#0/LOW_FORCE/OK/act=1/mav=103451/base=435495/th=56455
1778760477.956,5607,-30,694717,0,65535,26,STAND/UNKNOWN/#0/LOW_FORCE/OK/act=1/mav=103451/base=435495/th=56455
1778760477.956,5608,-30,692513,0,65535,26,STAND/UNKNOWN/#0/LOW_FORCE/OK/act=1/mav=103451/base=435495/th=56455
1778760477.956,5609,-30,690067,0,65535,26,STAND/UNKNOWN/#0/LOW_FORCE/OK/act=1/mav=103451/base=435495/th=56455
1778760478.018,5610,-30,688592,0,65535,26,STAND/UNKNOWN/#0/LOW_FORCE/OK/act=1/mav=103451/base=435495/th=56455
1778760478.018,5611,-30,687339,0,65535,26,STAND/UNKNOWN/#0/LOW_FORCE/OK/act=1/mav=103451/base=435495/th=56455
1778760478.018,5612,-30,687942,0,65535,26,STAND/UNKNOWN/#0/LOW_FORCE/OK/act=1/mav=103451/base=435495/th=56455
1778760478.080,5613,-30,691733,0,65535,26,STAND/UNKNOWN/#0/LOW_FORCE/OK/act=1/mav=103451/base=435495/th=56455
1778760478.080,5614,-30,696584,0,65535,26,STAND/UNKNOWN/#0/LOW_FORCE/OK/act=1/mav=103451/base=435495/th=56455
1778760478.080,5615,-30,695237,0,65535,26,STAND/UNKNOWN/#0/LOW_FORCE/OK/act=1/mav=103451/base=435495/th=56455
1778760478.141,5616,-30,692275,0,65535,26,STAND/UNKNOWN/#0/LOW_FORCE/OK/act=1/mav=104098/base=435495/th=56455
1778760478.141,5617,-30,690400,0,65535,26,STAND/UNKNOWN/#0/LOW_FORCE/OK/act=1/mav=104098/base=435495/th=56455
1778760478.141,5618,-30,688329,0,65535,26,STAND/UNKNOWN/#0/LOW_FORCE/OK/act=1/mav=104098/base=435495/th=56455
1778760478.204,5619,-30,686458,0,65535,26,STAND/UNKNOWN/#0/LOW_FORCE/OK/act=1/mav=104098/base=435495/th=56455
1778760478.204,5620,-30,687323,0,65535,26,STAND/UNKNOWN/#0/LOW_FORCE/OK/act=1/mav=104098/base=435495/th=56455
1778760478.204,5621,-30,689381,0,65535,26,STAND/UNKNOWN/#0/LOW_FORCE/OK/act=1/mav=104098/base=435495/th=56455
1778760478.264,5622,-30,693657,0,65535,26,STAND/UNKNOWN/#0/LOW_FORCE/OK/act=1/mav=104098/base=435495/th=56455
1778760478.264,5623,-30,694187,0,65535,26,STAND/UNKNOWN/#0/LOW_FORCE/OK/act=1/mav=104098/base=435495/th=56455
1778760478.264,5624,-30,691496,0,65535,26,STAND/UNKNOWN/#0/LOW_FORCE/OK/act=1/mav=104098/base=435495/th=56455
1778760478.325,5625,-30,689156,0,65535,26,STAND/UNKNOWN/#0/LOW_FORCE/OK/act=1/mav=104098/base=435495/th=56455
1778760478.325,5626,-30,688380,0,65535,26,STAND/UNKNOWN/#0/LOW_FORCE/OK/act=1/mav=104098/base=435495/th=56455
1778760478.325,5627,-30,684918,0,65535,26,STAND/UNKNOWN/#0/LOW_FORCE/OK/act=1/mav=104098/base=435495/th=56455
1778760478.383,5628,-30,687010,0,65535,25,STAND/UNKNOWN/#0/LOW_FORCE/OK/act=1/mav=103116/base=435495/th=56455
1778760478.384,5629,-30,689192,0,65535,25,STAND/UNKNOWN/#0/LOW_FORCE/OK/act=1/mav=103116/base=435495/th=56455
1778760478.384,5630,-30,693253,0,65535,25,STAND/UNKNOWN/#0/LOW_FORCE/OK/act=1/mav=103116/base=435495/th=56455
1778760478.440,5631,-30,692737,0,65535,25,STAND/UNKNOWN/#0/LOW_FORCE/OK/act=1/mav=103116/base=435495/th=56455
1778760478.440,5632,-30,689936,0,65535,25,STAND/UNKNOWN/#0/LOW_FORCE/OK/act=1/mav=103116/base=435495/th=56455
1778760478.440,5633,-30,686725,0,65535,25,STAND/UNKNOWN/#0/LOW_FORCE/OK/act=1/mav=103116/base=435495/th=56455
1778760478.496,5634,-30,685833,0,65535,25,STAND/UNKNOWN/#0/LOW_FORCE/OK/act=1/mav=103116/base=435495/th=56455
1778760478.496,5635,-30,685436,0,65535,25,STAND/UNKNOWN/#0/LOW_FORCE/OK/act=1/mav=103116/base=435495/th=56455
1778760478.496,5636,-30,685890,0,65535,25,STAND/UNKNOWN/#0/LOW_FORCE/OK/act=1/mav=103116/base=435495/th=56455
1778760478.552,5637,-30,688509,0,65535,25,STAND/UNKNOWN/#0/LOW_FORCE/OK/act=1/mav=103116/base=435495/th=56455
1778760478.553,5638,-30,691709,0,65535,25,STAND/UNKNOWN/#0/LOW_FORCE/OK/act=1/mav=103116/base=435495/th=56455
1778760478.553,5639,-30,692443,0,65535,25,STAND/UNKNOWN/#0/LOW_FORCE/OK/act=1/mav=103116/base=435495/th=56455
1778760478.613,5640,-30,688689,0,65535,25,STAND/UNKNOWN/#0/LOW_FORCE/OK/act=1/mav=103116/base=435495/th=56455
1778760478.613,5641,-30,687544,0,65535,25,STAND/UNKNOWN/#0/LOW_FORCE/OK/act=1/mav=102663/base=435495/th=56455
1778760478.613,5642,-30,686858,0,65535,25,STAND/UNKNOWN/#0/LOW_FORCE/OK/act=1/mav=102663/base=435495/th=56455
1778760478.676,5643,-30,684441,0,65535,25,STAND/UNKNOWN/#0/LOW_FORCE/OK/act=1/mav=102663/base=435495/th=56455
1778760478.676,5644,-30,688078,0,65535,25,STAND/UNKNOWN/#0/LOW_FORCE/OK/act=1/mav=102663/base=435495/th=56455
1778760478.676,5645,-30,688062,0,65535,25,STAND/UNKNOWN/#0/LOW_FORCE/OK/act=1/mav=102663/base=435495/th=56455
1778760478.735,5646,-30,692066,0,65535,25,STAND/UNKNOWN/#0/LOW_FORCE/OK/act=1/mav=102663/base=435495/th=56455
1778760478.736,5647,-30,692181,0,65535,25,STAND/UNKNOWN/#0/LOW_FORCE/OK/act=1/mav=102663/base=435495/th=56455
1778760478.736,5648,-30,688833,0,65535,25,STAND/UNKNOWN/#0/LOW_FORCE/OK/act=1/mav=102663/base=435495/th=56455
1778760478.795,5649,-30,686751,0,65535,25,STAND/UNKNOWN/#0/LOW_FORCE/OK/act=1/mav=102663/base=435495/th=56455
1778760478.795,5650,-30,684964,0,65535,25,STAND/UNKNOWN/#0/LOW_FORCE/OK/act=1/mav=102663/base=435495/th=56455
1778760478.795,5651,-30,682448,0,65535,25,STAND/UNKNOWN/#0/LOW_FORCE/OK/act=1/mav=102663/base=435495/th=56455
1778760478.855,5652,-30,685326,0,65535,25,STAND/UNKNOWN/#0/LOW_FORCE/OK/act=1/mav=102663/base=435495/th=56455
1778760478.855,5653,-30,685451,0,65535,25,STAND/UNKNOWN/#0/LOW_FORCE/OK/act=1/mav=102663/base=435495/th=56455
1778760478.855,5654,-30,691241,0,65535,26,STAND/UNKNOWN/#0/LOW_FORCE/OK/act=1/mav=102682/base=435495/th=56455
1778760478.911,5655,-30,690052,0,65535,26,STAND/UNKNOWN/#0/LOW_FORCE/OK/act=1/mav=102682/base=435495/th=56455
1778760478.911,5656,-30,687392,0,65535,26,STAND/UNKNOWN/#0/LOW_FORCE/OK/act=1/mav=102682/base=435495/th=56455
1778760478.911,5657,-30,685434,0,65535,26,STAND/UNKNOWN/#0/LOW_FORCE/OK/act=1/mav=102682/base=435495/th=56455
1778760478.970,5658,-30,685016,0,65535,26,STAND/UNKNOWN/#0/LOW_FORCE/OK/act=1/mav=102682/base=435495/th=56455
1778760478.970,5659,-30,682161,0,65535,26,STAND/UNKNOWN/#0/LOW_FORCE/OK/act=1/mav=102682/base=435495/th=56455
1778760478.970,5660,-30,684879,0,65535,26,STAND/UNKNOWN/#0/LOW_FORCE/OK/act=1/mav=102682/base=435495/th=56455
1778760479.032,5661,-30,692828,0,65535,26,STAND/UNKNOWN/#0/LOW_FORCE/OK/act=1/mav=102682/base=435495/th=56455
1778760479.032,5662,-30,694720,0,65535,26,STAND/UNKNOWN/#0/LOW_FORCE/OK/act=1/mav=102682/base=435495/th=56455
1778760479.033,5663,-30,696136,0,65535,26,STAND/UNKNOWN/#0/LOW_FORCE/OK/act=1/mav=102682/base=435495/th=56455
1778760479.094,5664,-30,693971,0,65535,26,STAND/UNKNOWN/#0/LOW_FORCE/OK/act=1/mav=102682/base=435495/th=56455
1778760479.094,5665,-30,690531,0,65535,26,STAND/UNKNOWN/#0/LOW_FORCE/OK/act=1/mav=102682/base=435495/th=56455
1778760479.094,5666,-30,689593,0,65535,26,STAND/UNKNOWN/#0/LOW_FORCE/OK/act=1/mav=102682/base=435495/th=56455
1778760479.155,5667,-30,687001,0,65535,26,STAND/UNKNOWN/#0/LOW_FORCE/OK/act=1/mav=104174/base=435495/th=56455
1778760479.156,5668,-30,688513,0,65535,26,STAND/UNKNOWN/#0/LOW_FORCE/OK/act=1/mav=104174/base=435495/th=56455
1778760479.156,5669,-30,688914,0,65535,26,STAND/UNKNOWN/#0/LOW_FORCE/OK/act=1/mav=104174/base=435495/th=56455
1778760479.221,5670,-30,693468,0,65535,26,STAND/UNKNOWN/#0/LOW_FORCE/OK/act=1/mav=104174/base=435495/th=56455
1778760479.221,5671,-30,694876,0,65535,26,STAND/UNKNOWN/#0/LOW_FORCE/OK/act=1/mav=104174/base=435495/th=56455
1778760479.221,5672,-30,690927,0,65535,26,STAND/UNKNOWN/#0/LOW_FORCE/OK/act=1/mav=104174/base=435495/th=56455
1778760479.281,5673,-30,688554,0,65535,26,STAND/UNKNOWN/#0/LOW_FORCE/OK/act=1/mav=104174/base=435495/th=56455
1778760479.281,5674,-30,688967,0,65535,26,STAND/UNKNOWN/#0/LOW_FORCE/OK/act=1/mav=104174/base=435495/th=56455
1778760479.281,5675,-30,686093,0,65535,26,STAND/UNKNOWN/#0/LOW_FORCE/OK/act=1/mav=104174/base=435495/th=56455
1778760479.343,5676,-30,688006,0,65535,26,STAND/UNKNOWN/#0/LOW_FORCE/OK/act=1/mav=104174/base=435495/th=56455
1778760479.343,5677,-30,692578,0,65535,26,STAND/UNKNOWN/#0/LOW_FORCE/OK/act=1/mav=104174/base=435495/th=56455
1778760479.343,5678,-30,696733,0,65535,26,STAND/UNKNOWN/#0/LOW_FORCE/OK/act=1/mav=104174/base=435495/th=56455
1778760479.402,5679,-30,696581,0,65535,26,STAND/UNKNOWN/#0/LOW_FORCE/OK/act=1/mav=104174/base=435495/th=56455
1778760479.402,5680,-30,691573,0,65535,26,STAND/UNKNOWN/#0/LOW_FORCE/OK/act=1/mav=105486/base=435495/th=56455
1778760479.402,5681,-30,689498,0,65535,26,STAND/UNKNOWN/#0/LOW_FORCE/OK/act=1/mav=105486/base=435495/th=56455
1778760479.481,5682,-30,689474,0,65535,26,STAND/UNKNOWN/#0/LOW_FORCE/OK/act=1/mav=105486/base=435495/th=56455
1778760479.481,5683,-30,687518,0,65535,26,STAND/UNKNOWN/#0/LOW_FORCE/OK/act=1/mav=105486/base=435495/th=56455
1778760479.481,5684,-30,688479,0,65535,26,STAND/UNKNOWN/#0/LOW_FORCE/OK/act=1/mav=105486/base=435495/th=56455
1778760479.481,5685,-30,691041,0,65535,26,STAND/UNKNOWN/#0/LOW_FORCE/OK/act=1/mav=105486/base=435495/th=56455
1778760479.552,5686,-30,695833,0,65535,26,STAND/UNKNOWN/#0/LOW_FORCE/OK/act=1/mav=105486/base=435495/th=56455
1778760479.552,5687,-30,696187,0,65535,26,STAND/UNKNOWN/#0/LOW_FORCE/OK/act=1/mav=105486/base=435495/th=56455
1778760479.552,5688,-30,693056,0,65535,26,STAND/UNKNOWN/#0/LOW_FORCE/OK/act=1/mav=105486/base=435495/th=56455
1778760479.552,5689,-30,690804,0,65535,26,STAND/UNKNOWN/#0/LOW_FORCE/OK/act=1/mav=105486/base=435495/th=56455
1778760479.620,5690,-30,690119,0,65535,26,STAND/UNKNOWN/#0/LOW_FORCE/OK/act=1/mav=105486/base=435495/th=56455
1778760479.621,5691,-30,687100,0,65535,26,STAND/UNKNOWN/#0/LOW_FORCE/OK/act=1/mav=105486/base=435495/th=56455
1778760479.621,5692,-30,688151,0,65535,25,STAND/UNKNOWN/#0/LOW_FORCE/OK/act=1/mav=104833/base=435495/th=56455
1778760479.686,5693,-30,689873,0,65535,25,STAND/UNKNOWN/#0/LOW_FORCE/OK/act=1/mav=104833/base=435495/th=56455
1778760479.686,5694,-30,694989,0,65535,25,STAND/UNKNOWN/#0/LOW_FORCE/OK/act=1/mav=104833/base=435495/th=56455
1778760479.686,5695,-30,694158,0,65535,25,STAND/UNKNOWN/#0/LOW_FORCE/OK/act=1/mav=104833/base=435495/th=56455
1778760479.686,5696,-30,692811,0,65535,25,STAND/UNKNOWN/#0/LOW_FORCE/OK/act=1/mav=104833/base=435495/th=56455
1778760479.747,5697,-30,688801,0,65535,25,STAND/UNKNOWN/#0/LOW_FORCE/OK/act=1/mav=104833/base=435495/th=56455
1778760479.747,5698,-30,687539,0,65535,25,STAND/UNKNOWN/#0/LOW_FORCE/OK/act=1/mav=104833/base=435495/th=56455
1778760479.747,5699,-30,685548,0,65535,25,STAND/UNKNOWN/#0/LOW_FORCE/OK/act=1/mav=104833/base=435495/th=56455
1778760479.816,5700,-30,687893,0,65535,25,STAND/UNKNOWN/#0/LOW_FORCE/OK/act=1/mav=104833/base=435495/th=56455
1778760479.816,5701,-30,690269,0,65535,25,STAND/UNKNOWN/#0/LOW_FORCE/OK/act=1/mav=104833/base=435495/th=56455
1778760479.816,5702,-30,694631,0,65535,25,STAND/UNKNOWN/#0/LOW_FORCE/OK/act=1/mav=104833/base=435495/th=56455
1778760479.881,5703,-30,695084,0,65535,25,STAND/UNKNOWN/#0/LOW_FORCE/OK/act=1/mav=104833/base=435495/th=56455
1778760479.881,5704,-30,691894,0,65535,25,STAND/UNKNOWN/#0/LOW_FORCE/OK/act=1/mav=104833/base=435495/th=56455
1778760479.881,5705,-30,690501,0,65535,25,STAND/UNKNOWN/#0/LOW_FORCE/OK/act=1/mav=104491/base=435495/th=56455
1778760479.947,5706,-30,689145,0,65535,25,STAND/UNKNOWN/#0/LOW_FORCE/OK/act=1/mav=104491/base=435495/th=56455
1778760479.947,5707,-30,687958,0,65535,25,STAND/UNKNOWN/#0/LOW_FORCE/OK/act=1/mav=104491/base=435495/th=56455
1778760479.947,5708,-30,688825,0,65535,25,STAND/UNKNOWN/#0/LOW_FORCE/OK/act=1/mav=104491/base=435495/th=56455
1778760479.947,5709,-30,690709,0,65535,25,STAND/UNKNOWN/#0/LOW_FORCE/OK/act=1/mav=104491/base=435495/th=56455
1778760480.009,5710,-30,695812,0,65535,25,STAND/UNKNOWN/#0/LOW_FORCE/OK/act=1/mav=104491/base=435495/th=56455
1778760480.009,5711,-30,695792,0,65535,25,STAND/UNKNOWN/#0/LOW_FORCE/OK/act=1/mav=104491/base=435495/th=56455
1778760480.009,5712,-30,690851,0,65535,25,STAND/UNKNOWN/#0/LOW_FORCE/OK/act=1/mav=104491/base=435495/th=56455
1778760480.080,5713,-30,690439,0,65535,25,STAND/UNKNOWN/#0/LOW_FORCE/OK/act=1/mav=104491/base=435495/th=56455
1778760480.080,5714,-30,688496,0,65535,25,STAND/UNKNOWN/#0/LOW_FORCE/OK/act=1/mav=104491/base=435495/th=56455
1778760480.080,5715,-30,687434,0,65535,25,STAND/UNKNOWN/#0/LOW_FORCE/OK/act=1/mav=104491/base=435495/th=56455
1778760480.143,5716,-30,688844,0,65535,25,STAND/UNKNOWN/#0/LOW_FORCE/OK/act=1/mav=104491/base=435495/th=56455
1778760480.143,5717,-30,690469,0,65535,25,STAND/UNKNOWN/#0/LOW_FORCE/OK/act=1/mav=104491/base=435495/th=56455
1778760480.143,5718,-30,694658,0,65535,26,STAND/UNKNOWN/#0/LOW_FORCE/OK/act=1/mav=104995/base=435495/th=56455
1778760480.205,5719,-30,694478,0,65535,26,STAND/UNKNOWN/#0/LOW_FORCE/OK/act=1/mav=104995/base=435495/th=56455
1778760480.205,5720,-30,692101,0,65535,26,STAND/UNKNOWN/#0/LOW_FORCE/OK/act=1/mav=104995/base=435495/th=56455
1778760480.205,5721,-30,690349,0,65535,26,STAND/UNKNOWN/#0/LOW_FORCE/OK/act=1/mav=104995/base=435495/th=56455
1778760480.265,5722,-30,689068,0,65535,26,STAND/UNKNOWN/#0/LOW_FORCE/OK/act=1/mav=104995/base=435495/th=56455
1778760480.266,5723,-30,686932,0,65535,26,STAND/UNKNOWN/#0/LOW_FORCE/OK/act=1/mav=104995/base=435495/th=56455
1778760480.266,5724,-30,686974,0,65535,26,STAND/UNKNOWN/#0/LOW_FORCE/OK/act=1/mav=104995/base=435495/th=56455
1778760480.266,5725,-30,691423,0,65535,26,STAND/UNKNOWN/#0/LOW_FORCE/OK/act=1/mav=104995/base=435495/th=56455
1778760480.323,5726,-30,696398,0,65535,26,STAND/UNKNOWN/#0/LOW_FORCE/OK/act=1/mav=104995/base=435495/th=56455
1778760480.323,5727,-30,695559,0,65535,26,STAND/UNKNOWN/#0/LOW_FORCE/OK/act=1/mav=104995/base=435495/th=56455
1778760480.387,5728,-30,694184,0,65535,26,STAND/UNKNOWN/#0/LOW_FORCE/OK/act=1/mav=104995/base=435495/th=56455
1778760480.388,5729,-30,689549,0,65535,26,STAND/UNKNOWN/#0/LOW_FORCE/OK/act=1/mav=104995/base=435495/th=56455
1778760480.388,5730,-30,690273,0,65535,26,STAND/UNKNOWN/#0/LOW_FORCE/OK/act=1/mav=104995/base=435495/th=56455
1778760480.388,5731,-30,686751,0,65535,26,STAND/UNKNOWN/#0/LOW_FORCE/OK/act=1/mav=106323/base=435495/th=56455
1778760480.455,5732,-30,689180,0,65535,26,STAND/UNKNOWN/#0/LOW_FORCE/OK/act=1/mav=106323/base=435495/th=56455
1778760480.455,5733,-30,692301,0,65535,26,STAND/UNKNOWN/#0/LOW_FORCE/OK/act=1/mav=106323/base=435495/th=56455
1778760480.455,5734,-30,695418,0,65535,26,STAND/UNKNOWN/#0/LOW_FORCE/OK/act=1/mav=106323/base=435495/th=56455
1778760480.519,5735,-30,696774,0,65535,26,STAND/UNKNOWN/#0/LOW_FORCE/OK/act=1/mav=106323/base=435495/th=56455
1778760480.520,5736,-30,693427,0,65535,26,STAND/UNKNOWN/#0/LOW_FORCE/OK/act=1/mav=106323/base=435495/th=56455
1778760480.520,5737,-30,691097,0,65535,26,STAND/UNKNOWN/#0/LOW_FORCE/OK/act=1/mav=106323/base=435495/th=56455
1778760480.581,5738,-30,690537,0,65535,26,STAND/UNKNOWN/#0/LOW_FORCE/OK/act=1/mav=106323/base=435495/th=56455
1778760480.581,5739,-30,688010,0,65535,26,STAND/UNKNOWN/#0/LOW_FORCE/OK/act=1/mav=106323/base=435495/th=56455
1778760480.581,5740,-30,689616,0,65535,26,STAND/UNKNOWN/#0/LOW_FORCE/OK/act=1/mav=106323/base=435495/th=56455
1778760480.651,5741,-30,693350,0,65535,26,STAND/UNKNOWN/#0/LOW_FORCE/OK/act=1/mav=106323/base=435495/th=56455
1778760480.651,5742,-30,697126,0,65535,26,STAND/UNKNOWN/#0/LOW_FORCE/OK/act=1/mav=106323/base=435495/th=56455
1778760480.651,5743,-30,697246,0,65535,26,STAND/UNKNOWN/#0/LOW_FORCE/OK/act=1/mav=106323/base=435495/th=56455
1778760480.728,5744,-30,693556,0,65535,26,STAND/UNKNOWN/#0/LOW_FORCE/OK/act=1/mav=106378/base=435495/th=56455
1778760480.728,5745,-30,689899,0,65535,26,STAND/UNKNOWN/#0/LOW_FORCE/OK/act=1/mav=106378/base=435495/th=56455
1778760480.728,5746,-30,689910,0,65535,26,STAND/UNKNOWN/#0/LOW_FORCE/OK/act=1/mav=106378/base=435495/th=56455
1778760480.728,5747,-30,687693,0,65535,26,STAND/UNKNOWN/#0/LOW_FORCE/OK/act=1/mav=106378/base=435495/th=56455
1778760480.728,5748,-30,687966,0,65535,26,STAND/UNKNOWN/#0/LOW_FORCE/OK/act=1/mav=106378/base=435495/th=56455
1778760480.793,5749,-30,690941,0,65535,26,STAND/UNKNOWN/#0/LOW_FORCE/OK/act=1/mav=106378/base=435495/th=56455
1778760480.794,5750,-30,695013,0,65535,26,STAND/UNKNOWN/#0/LOW_FORCE/OK/act=1/mav=106378/base=435495/th=56455
1778760480.794,5751,-30,695565,0,65535,26,STAND/UNKNOWN/#0/LOW_FORCE/OK/act=1/mav=106378/base=435495/th=56455
1778760480.853,5752,-30,690788,0,65535,26,STAND/UNKNOWN/#0/LOW_FORCE/OK/act=1/mav=106378/base=435495/th=56455
1778760480.853,5753,-30,690159,0,65535,26,STAND/UNKNOWN/#0/LOW_FORCE/OK/act=1/mav=106378/base=435495/th=56455
1778760480.854,5754,-30,688523,0,65535,26,STAND/UNKNOWN/#0/LOW_FORCE/OK/act=1/mav=106378/base=435495/th=56455
1778760480.915,5755,-30,684584,0,65535,26,STAND/UNKNOWN/#0/LOW_FORCE/OK/act=1/mav=106378/base=435495/th=56455
1778760480.916,5756,-30,685568,0,65535,25,STAND/UNKNOWN/#0/LOW_FORCE/OK/act=1/mav=104494/base=435495/th=56455
1778760480.916,5757,-30,687944,0,65535,25,STAND/UNKNOWN/#0/LOW_FORCE/OK/act=1/mav=104494/base=435495/th=56455
1778760480.977,5758,-30,693014,0,65535,25,STAND/UNKNOWN/#0/LOW_FORCE/OK/act=1/mav=104494/base=435495/th=56455
1778760480.977,5759,-30,692887,0,65535,25,STAND/UNKNOWN/#0/LOW_FORCE/OK/act=1/mav=104494/base=435495/th=56455
1778760480.977,5760,-30,688635,0,65535,25,STAND/UNKNOWN/#0/LOW_FORCE/OK/act=1/mav=104494/base=435495/th=56455
1778760481.039,5761,-30,687127,0,65535,25,STAND/UNKNOWN/#0/LOW_FORCE/OK/act=1/mav=104494/base=435495/th=56455
1778760481.039,5762,-30,684658,0,65535,25,STAND/UNKNOWN/#0/LOW_FORCE/OK/act=1/mav=104494/base=435495/th=56455
1778760481.039,5763,-30,683933,0,65535,25,STAND/UNKNOWN/#0/LOW_FORCE/OK/act=1/mav=104494/base=435495/th=56455
1778760481.098,5764,-30,684287,0,65535,25,STAND/UNKNOWN/#0/LOW_FORCE/OK/act=1/mav=104494/base=435495/th=56455
1778760481.099,5765,-30,687729,0,65535,25,STAND/UNKNOWN/#0/LOW_FORCE/OK/act=1/mav=104494/base=435495/th=56455
1778760481.099,5766,-30,691889,0,65535,25,STAND/UNKNOWN/#0/LOW_FORCE/OK/act=1/mav=104494/base=435495/th=56455
1778760481.163,5767,-30,690728,0,65535,25,STAND/UNKNOWN/#0/LOW_FORCE/OK/act=1/mav=104494/base=435495/th=56455
1778760481.164,5768,-30,689056,0,65535,25,STAND/UNKNOWN/#0/LOW_FORCE/OK/act=1/mav=104494/base=435495/th=56455
1778760481.164,5769,-30,686159,0,65535,25,STAND/UNKNOWN/#0/LOW_FORCE/OK/act=1/mav=102843/base=435495/th=56455
1778760481.226,5770,-30,683586,0,65535,25,STAND/UNKNOWN/#0/LOW_FORCE/OK/act=1/mav=102843/base=435495/th=56455
1778760481.226,5771,-30,680909,0,65535,25,STAND/UNKNOWN/#0/LOW_FORCE/OK/act=1/mav=102843/base=435495/th=56455
1778760481.226,5772,-30,682287,0,65535,25,STAND/UNKNOWN/#0/LOW_FORCE/OK/act=1/mav=102843/base=435495/th=56455
1778760481.226,5773,-30,686596,0,65535,25,STAND/UNKNOWN/#0/LOW_FORCE/OK/act=1/mav=102843/base=435495/th=56455
1778760481.286,5774,-30,690373,0,65535,25,STAND/UNKNOWN/#0/LOW_FORCE/OK/act=1/mav=102843/base=435495/th=56455
1778760481.287,5775,-30,689704,0,65535,25,STAND/UNKNOWN/#0/LOW_FORCE/OK/act=1/mav=102843/base=435495/th=56455
1778760481.287,5776,-30,685836,0,65535,25,STAND/UNKNOWN/#0/LOW_FORCE/OK/act=1/mav=102843/base=435495/th=56455
1778760481.344,5777,-30,683136,0,65535,25,STAND/UNKNOWN/#0/LOW_FORCE/OK/act=1/mav=102843/base=435495/th=56455
1778760481.344,5778,-30,682254,0,65535,25,STAND/UNKNOWN/#0/LOW_FORCE/OK/act=1/mav=102843/base=435495/th=56455
1778760481.408,5779,-30,678979,0,65535,25,STAND/UNKNOWN/#0/LOW_FORCE/OK/act=1/mav=102843/base=435495/th=56455
1778760481.408,5780,-30,681632,0,65535,25,STAND/UNKNOWN/#0/LOW_FORCE/OK/act=1/mav=102843/base=435495/th=56455
1778760481.408,5781,-30,684759,0,65535,25,STAND/UNKNOWN/#0/LOW_FORCE/OK/act=1/mav=102843/base=435495/th=56455
1778760481.408,5782,-30,690203,0,65535,26,STAND/UNKNOWN/#0/LOW_FORCE/OK/act=1/mav=101805/base=435495/th=56455
1778760481.467,5783,-30,690484,0,65535,26,STAND/UNKNOWN/#0/LOW_FORCE/OK/act=1/mav=101805/base=435495/th=56455
1778760481.467,5784,-30,686916,0,65535,26,STAND/UNKNOWN/#0/LOW_FORCE/OK/act=1/mav=101805/base=435495/th=56455
1778760481.467,5785,-30,685234,0,65535,26,STAND/UNKNOWN/#0/LOW_FORCE/OK/act=1/mav=101805/base=435495/th=56455
1778760481.526,5786,-30,684578,0,65535,26,STAND/UNKNOWN/#0/LOW_FORCE/OK/act=1/mav=101805/base=435495/th=56455
1778760481.526,5787,-30,683296,0,65535,26,STAND/UNKNOWN/#0/LOW_FORCE/OK/act=1/mav=101805/base=435495/th=56455
1778760481.526,5788,-30,684518,0,65535,26,STAND/UNKNOWN/#0/LOW_FORCE/OK/act=1/mav=101805/base=435495/th=56455
1778760481.585,5789,-30,684807,0,65535,26,STAND/UNKNOWN/#0/LOW_FORCE/OK/act=1/mav=101805/base=435495/th=56455
1778760481.585,5790,-30,692891,0,65535,26,STAND/UNKNOWN/#0/LOW_FORCE/OK/act=1/mav=101805/base=435495/th=56455
1778760481.644,5791,-30,692044,0,65535,26,STAND/UNKNOWN/#0/LOW_FORCE/OK/act=1/mav=101805/base=435495/th=56455
1778760481.644,5792,-30,688078,0,65535,26,STAND/UNKNOWN/#0/LOW_FORCE/OK/act=1/mav=101805/base=435495/th=56455
1778760481.644,5793,-30,685316,0,65535,26,STAND/UNKNOWN/#0/LOW_FORCE/OK/act=1/mav=101805/base=435495/th=56455
1778760481.706,5794,-30,685545,0,65535,26,STAND/UNKNOWN/#0/LOW_FORCE/OK/act=1/mav=101805/base=435495/th=56455
1778760481.706,5795,-30,683748,0,65535,26,STAND/UNKNOWN/#0/LOW_FORCE/OK/act=1/mav=102227/base=435495/th=56455
1778760481.706,5796,-30,687468,0,65535,26,STAND/UNKNOWN/#0/LOW_FORCE/OK/act=1/mav=102227/base=435495/th=56455
1778760481.706,5797,-30,688269,0,65535,26,STAND/UNKNOWN/#0/LOW_FORCE/OK/act=1/mav=102227/base=435495/th=56455
1778760481.767,5798,-30,692766,0,65535,26,STAND/UNKNOWN/#0/LOW_FORCE/OK/act=1/mav=102227/base=435495/th=56455
1778760481.768,5799,-30,690530,0,65535,26,STAND/UNKNOWN/#0/LOW_FORCE/OK/act=1/mav=102227/base=435495/th=56455
1778760481.768,5800,-30,688019,0,65535,26,STAND/UNKNOWN/#0/LOW_FORCE/OK/act=1/mav=102227/base=435495/th=56455
1778760481.826,5801,-30,687159,0,65535,26,STAND/UNKNOWN/#0/LOW_FORCE/OK/act=1/mav=102227/base=435495/th=56455
1778760481.827,5802,-30,684721,0,65535,26,STAND/UNKNOWN/#0/LOW_FORCE/OK/act=1/mav=102227/base=435495/th=56455
1778760481.827,5803,-30,681182,0,65535,26,STAND/UNKNOWN/#0/LOW_FORCE/OK/act=1/mav=102227/base=435495/th=56455
1778760481.884,5804,-30,682873,0,65535,26,STAND/UNKNOWN/#0/LOW_FORCE/OK/act=1/mav=102227/base=435495/th=56455
1778760481.885,5805,-30,686336,0,65535,26,STAND/UNKNOWN/#0/LOW_FORCE/OK/act=1/mav=102227/base=435495/th=56455
1778760481.939,5806,-30,691208,0,65535,26,STAND/UNKNOWN/#0/LOW_FORCE/OK/act=1/mav=102227/base=435495/th=56455
1778760481.940,5807,-30,691761,0,65535,26,STAND/UNKNOWN/#0/LOW_FORCE/OK/act=1/mav=102227/base=435495/th=56455
1778760481.940,5808,-30,687227,0,65535,26,STAND/UNKNOWN/#0/LOW_FORCE/OK/act=1/mav=102891/base=435495/th=56455
1778760482.005,5809,-30,686083,0,65535,26,STAND/UNKNOWN/#0/LOW_FORCE/OK/act=1/mav=102891/base=435495/th=56455
1778760482.005,5810,-30,686840,0,65535,26,STAND/UNKNOWN/#0/LOW_FORCE/OK/act=1/mav=102891/base=435495/th=56455
1778760482.005,5811,-30,683015,0,65535,26,STAND/UNKNOWN/#0/LOW_FORCE/OK/act=1/mav=102891/base=435495/th=56455
1778760482.065,5812,-30,684752,0,65535,26,STAND/UNKNOWN/#0/LOW_FORCE/OK/act=1/mav=102891/base=435495/th=56455
1778760482.065,5813,-30,687910,0,65535,26,STAND/UNKNOWN/#0/LOW_FORCE/OK/act=1/mav=102891/base=435495/th=56455
1778760482.065,5814,-30,691361,0,65535,26,STAND/UNKNOWN/#0/LOW_FORCE/OK/act=1/mav=102891/base=435495/th=56455
1778760482.065,5815,-30,692418,0,65535,26,STAND/UNKNOWN/#0/LOW_FORCE/OK/act=1/mav=102891/base=435495/th=56455
1778760482.126,5816,-30,687479,0,65535,26,STAND/UNKNOWN/#0/LOW_FORCE/OK/act=1/mav=102891/base=435495/th=56455
1778760482.126,5817,-30,685338,0,65535,26,STAND/UNKNOWN/#0/LOW_FORCE/OK/act=1/mav=102891/base=435495/th=56455
1778760482.187,5818,-30,684799,0,65535,26,STAND/UNKNOWN/#0/LOW_FORCE/OK/act=1/mav=102891/base=435495/th=56455
1778760482.187,5819,-30,681442,0,65535,26,STAND/UNKNOWN/#0/LOW_FORCE/OK/act=1/mav=102891/base=435495/th=56455
1778760482.187,5820,-30,683646,0,65535,25,STAND/UNKNOWN/#0/LOW_FORCE/OK/act=1/mav=101849/base=435495/th=56455
1778760482.187,5821,-30,684606,0,65535,25,STAND/UNKNOWN/#0/LOW_FORCE/OK/act=1/mav=101849/base=435495/th=56455
1778760482.247,5822,-30,690314,0,65535,25,STAND/UNKNOWN/#0/LOW_FORCE/OK/act=1/mav=101849/base=435495/th=56455
1778760482.248,5823,-30,688973,0,65535,25,STAND/UNKNOWN/#0/LOW_FORCE/OK/act=1/mav=101849/base=435495/th=56455
1778760482.248,5824,-30,686617,0,65535,25,STAND/UNKNOWN/#0/LOW_FORCE/OK/act=1/mav=101849/base=435495/th=56455
1778760482.307,5825,-30,684277,0,65535,25,STAND/UNKNOWN/#0/LOW_FORCE/OK/act=1/mav=101849/base=435495/th=56455
1778760482.307,5826,-30,685138,0,65535,25,STAND/UNKNOWN/#0/LOW_FORCE/OK/act=1/mav=101849/base=435495/th=56455
1778760482.307,5827,-30,682511,0,65535,25,STAND/UNKNOWN/#0/LOW_FORCE/OK/act=1/mav=101849/base=435495/th=56455
1778760482.366,5828,-30,682981,0,65535,25,STAND/UNKNOWN/#0/LOW_FORCE/OK/act=1/mav=101849/base=435495/th=56455
1778760482.366,5829,-30,684973,0,65535,25,STAND/UNKNOWN/#0/LOW_FORCE/OK/act=1/mav=101849/base=435495/th=56455
1778760482.366,5830,-30,691105,0,65535,25,STAND/UNKNOWN/#0/LOW_FORCE/OK/act=1/mav=101849/base=435495/th=56455
1778760482.425,5831,-30,690778,0,65535,25,STAND/UNKNOWN/#0/LOW_FORCE/OK/act=1/mav=101849/base=435495/th=56455
1778760482.425,5832,-30,687643,0,65535,25,STAND/UNKNOWN/#0/LOW_FORCE/OK/act=1/mav=101849/base=435495/th=56455
1778760482.482,5833,-30,686026,0,65535,26,STAND/UNKNOWN/#0/LOW_FORCE/OK/act=1/mav=101264/base=435495/th=56455
1778760482.482,5834,-30,684871,0,65535,26,STAND/UNKNOWN/#0/LOW_FORCE/OK/act=1/mav=101264/base=435495/th=56455
1778760482.482,5835,-30,683114,0,65535,26,STAND/UNKNOWN/#0/LOW_FORCE/OK/act=1/mav=101264/base=435495/th=56455
1778760482.540,5836,-30,684523,0,65535,26,STAND/UNKNOWN/#0/LOW_FORCE/OK/act=1/mav=101264/base=435495/th=56455
1778760482.540,5837,-30,691089,0,65535,26,STAND/UNKNOWN/#0/LOW_FORCE/OK/act=1/mav=101264/base=435495/th=56455
1778760482.540,5838,-30,695969,0,65535,26,STAND/UNKNOWN/#0/LOW_FORCE/OK/act=1/mav=101264/base=435495/th=56455
1778760482.609,5839,-30,696041,0,65535,26,STAND/UNKNOWN/#0/LOW_FORCE/OK/act=1/mav=101264/base=435495/th=56455
1778760482.609,5840,-30,692128,0,65535,26,STAND/UNKNOWN/#0/LOW_FORCE/OK/act=1/mav=101264/base=435495/th=56455
1778760482.609,5841,-30,690523,0,65535,26,STAND/UNKNOWN/#0/LOW_FORCE/OK/act=1/mav=101264/base=435495/th=56455
1778760482.609,5842,-30,690388,0,65535,26,STAND/UNKNOWN/#0/LOW_FORCE/OK/act=1/mav=101264/base=435495/th=56455
1778760482.665,5843,-30,687029,0,65535,26,STAND/UNKNOWN/#0/LOW_FORCE/OK/act=1/mav=101264/base=435495/th=56455
1778760482.666,5844,-30,686529,0,65535,26,STAND/UNKNOWN/#0/LOW_FORCE/OK/act=1/mav=101264/base=435495/th=56455
1778760482.666,5845,-30,689841,0,65535,26,STAND/UNKNOWN/#0/LOW_FORCE/OK/act=1/mav=101264/base=435495/th=56455
1778760482.728,5846,-30,693301,0,65535,27,STAND/UNKNOWN/#0/LOW_FORCE/OK/act=1/mav=102203/base=435495/th=56455
1778760482.728,5847,-30,691958,0,65535,27,STAND/UNKNOWN/#0/LOW_FORCE/OK/act=1/mav=102203/base=435495/th=56455
1778760482.729,5848,-30,689263,0,65535,27,STAND/UNKNOWN/#0/LOW_FORCE/OK/act=1/mav=102203/base=435495/th=56455
1778760482.787,5849,-30,687742,0,65535,27,STAND/UNKNOWN/#0/LOW_FORCE/OK/act=1/mav=102203/base=435495/th=56455
1778760482.787,5850,-30,687083,0,65535,27,STAND/UNKNOWN/#0/LOW_FORCE/OK/act=1/mav=102203/base=435495/th=56455
1778760482.787,5851,-30,685531,0,65535,27,STAND/UNKNOWN/#0/LOW_FORCE/OK/act=1/mav=102203/base=435495/th=56455
1778760482.848,5852,-30,685173,0,65535,27,STAND/UNKNOWN/#0/LOW_FORCE/OK/act=1/mav=102203/base=435495/th=56455
1778760482.849,5853,-30,689636,0,65535,27,STAND/UNKNOWN/#0/LOW_FORCE/OK/act=1/mav=102203/base=435495/th=56455
1778760482.849,5854,-30,696151,0,65535,27,STAND/UNKNOWN/#0/LOW_FORCE/OK/act=1/mav=102203/base=435495/th=56455
1778760482.910,5855,-30,695795,0,65535,27,STAND/UNKNOWN/#0/LOW_FORCE/OK/act=1/mav=102203/base=435495/th=56455
1778760482.910,5856,-30,691468,0,65535,27,STAND/UNKNOWN/#0/LOW_FORCE/OK/act=1/mav=102203/base=435495/th=56455
1778760482.910,5857,-30,691086,0,65535,27,STAND/UNKNOWN/#0/LOW_FORCE/OK/act=1/mav=102203/base=435495/th=56455
1778760482.970,5858,-30,689297,0,65535,27,STAND/UNKNOWN/#0/LOW_FORCE/OK/act=1/mav=102203/base=435495/th=56455
1778760482.971,5859,-30,687552,0,65535,27,STAND/UNKNOWN/#0/LOW_FORCE/OK/act=1/mav=103762/base=435495/th=56455
1778760482.971,5860,-30,689700,0,65535,27,STAND/UNKNOWN/#0/LOW_FORCE/OK/act=1/mav=103762/base=435495/th=56455
1778760483.031,5861,-30,690396,0,65535,27,STAND/UNKNOWN/#0/LOW_FORCE/OK/act=1/mav=103762/base=435495/th=56455
1778760483.032,5862,-30,695571,0,65535,27,STAND/UNKNOWN/#0/LOW_FORCE/OK/act=1/mav=103762/base=435495/th=56455
1778760483.032,5863,-30,695678,0,65535,27,STAND/UNKNOWN/#0/LOW_FORCE/OK/act=1/mav=103762/base=435495/th=56455
1778760483.097,5864,-30,692511,0,65535,27,STAND/UNKNOWN/#0/LOW_FORCE/OK/act=1/mav=103762/base=435495/th=56455
1778760483.097,5865,-30,689243,0,65535,27,STAND/UNKNOWN/#0/LOW_FORCE/OK/act=1/mav=103762/base=435495/th=56455
1778760483.097,5866,-30,690323,0,65535,27,STAND/UNKNOWN/#0/LOW_FORCE/OK/act=1/mav=103762/base=435495/th=56455
1778760483.159,5867,-30,688147,0,65535,27,STAND/UNKNOWN/#0/LOW_FORCE/OK/act=1/mav=103762/base=435495/th=56455
1778760483.159,5868,-30,687343,0,65535,27,STAND/UNKNOWN/#0/LOW_FORCE/OK/act=1/mav=103762/base=435495/th=56455
1778760483.159,5869,-30,691813,0,65535,27,STAND/UNKNOWN/#0/LOW_FORCE/OK/act=1/mav=103762/base=435495/th=56455
1778760483.225,5870,-30,697016,0,65535,27,STAND/UNKNOWN/#0/LOW_FORCE/OK/act=1/mav=103762/base=435495/th=56455
1778760483.225,5871,-30,697116,0,65535,27,STAND/UNKNOWN/#0/LOW_FORCE/OK/act=1/mav=103762/base=435495/th=56455
1778760483.225,5872,-30,693003,0,65535,30,STAND/UNKNOWN/#0/LOW_FORCE/OK/act=1/mav=104360/base=435495/th=56455
1778760483.293,5873,-30,691093,0,65535,30,STAND/UNKNOWN/#0/LOW_FORCE/OK/act=1/mav=104360/base=435495/th=56455
1778760483.293,5874,-30,689534,0,65535,30,STAND/UNKNOWN/#0/LOW_FORCE/OK/act=1/mav=104360/base=435495/th=56455
1778760483.293,5875,-30,688565,0,65535,30,STAND/UNKNOWN/#0/LOW_FORCE/OK/act=1/mav=104360/base=435495/th=56455
1778760483.293,5876,-30,689362,0,65535,30,STAND/UNKNOWN/#0/LOW_FORCE/OK/act=1/mav=104360/base=435495/th=56455
1778760483.355,5877,-30,691189,0,65535,30,STAND/UNKNOWN/#0/LOW_FORCE/OK/act=1/mav=104360/base=435495/th=56455
1778760483.355,5878,-30,696748,0,65535,30,STAND/UNKNOWN/#0/LOW_FORCE/OK/act=1/mav=104360/base=435495/th=56455
1778760483.355,5879,-30,696520,0,65535,30,STAND/UNKNOWN/#0/LOW_FORCE/OK/act=1/mav=104360/base=435495/th=56455
1778760483.417,5880,-30,692391,0,65535,30,STAND/UNKNOWN/#0/LOW_FORCE/OK/act=1/mav=104360/base=435495/th=56455
1778760483.417,5881,-30,691043,0,65535,30,STAND/UNKNOWN/#0/LOW_FORCE/OK/act=1/mav=104360/base=435495/th=56455
1778760483.417,5882,-30,691199,0,65535,30,STAND/UNKNOWN/#0/LOW_FORCE/OK/act=1/mav=104360/base=435495/th=56455
1778760483.479,5883,-30,688608,0,65535,30,STAND/UNKNOWN/#0/LOW_FORCE/OK/act=1/mav=104360/base=435495/th=56455
1778760483.479,5884,-30,689080,0,65535,32,STAND/UNKNOWN/#0/LOW_FORCE/OK/act=1/mav=103551/base=435495/th=56455
1778760483.479,5885,-30,693542,0,65535,32,STAND/UNKNOWN/#0/LOW_FORCE/OK/act=1/mav=103551/base=435495/th=56455
1778760483.542,5886,-30,696939,0,65535,32,STAND/UNKNOWN/#0/LOW_FORCE/OK/act=1/mav=103551/base=435495/th=56455
1778760483.542,5887,-30,696523,0,65535,32,STAND/UNKNOWN/#0/LOW_FORCE/OK/act=1/mav=103551/base=435495/th=56455
1778760483.543,5888,-30,694930,0,65535,32,STAND/UNKNOWN/#0/LOW_FORCE/OK/act=1/mav=103551/base=435495/th=56455
1778760483.629,5889,-30,690652,0,65535,32,STAND/UNKNOWN/#0/LOW_FORCE/OK/act=1/mav=103551/base=435495/th=56455
1778760483.629,5890,-30,692239,0,65535,32,STAND/UNKNOWN/#0/LOW_FORCE/OK/act=1/mav=103551/base=435495/th=56455
1778760483.629,5891,-30,688954,0,65535,32,STAND/UNKNOWN/#0/LOW_FORCE/OK/act=1/mav=103551/base=435495/th=56455
1778760483.629,5892,-30,691535,0,65535,32,STAND/UNKNOWN/#0/LOW_FORCE/OK/act=1/mav=103551/base=435495/th=56455
1778760483.629,5893,-30,694383,0,65535,32,STAND/UNKNOWN/#0/LOW_FORCE/OK/act=1/mav=103551/base=435495/th=56455
1778760483.694,5894,-30,700609,0,65535,32,STAND/UNKNOWN/#0/LOW_FORCE/OK/act=1/mav=103551/base=435495/th=56455
1778760483.695,5895,-30,700085,0,65535,32,STAND/UNKNOWN/#0/LOW_FORCE/OK/act=1/mav=103551/base=435495/th=56455
1778760483.695,5896,-30,696379,0,65535,32,STAND/UNKNOWN/#0/LOW_FORCE/OK/act=1/mav=103551/base=435495/th=56455
1778760483.769,5897,-30,694787,0,65535,32,STAND/UNKNOWN/#0/LOW_FORCE/OK/act=1/mav=103391/base=435495/th=56455
1778760483.769,5898,-30,694110,0,65535,32,STAND/UNKNOWN/#0/LOW_FORCE/OK/act=1/mav=103391/base=435495/th=56455
1778760483.769,5899,-30,689824,0,65535,32,STAND/UNKNOWN/#0/LOW_FORCE/OK/act=1/mav=103391/base=435495/th=56455
1778760483.769,5900,-30,691901,0,65535,32,STAND/UNKNOWN/#0/LOW_FORCE/OK/act=1/mav=103391/base=435495/th=56455
1778760483.833,5901,-30,694604,0,65535,32,STAND/UNKNOWN/#0/LOW_FORCE/OK/act=1/mav=103391/base=435495/th=56455
1778760483.834,5902,-30,699876,0,65535,32,STAND/UNKNOWN/#0/LOW_FORCE/OK/act=1/mav=103391/base=435495/th=56455
1778760483.834,5903,-30,699951,0,65535,32,STAND/UNKNOWN/#0/LOW_FORCE/OK/act=1/mav=103391/base=435495/th=56455
1778760483.906,5904,-30,696157,0,65535,32,STAND/UNKNOWN/#0/LOW_FORCE/OK/act=1/mav=103391/base=435495/th=56455
1778760483.906,5905,-30,693742,0,65535,32,STAND/UNKNOWN/#0/LOW_FORCE/OK/act=1/mav=103391/base=435495/th=56455
1778760483.906,5906,-30,693604,0,65535,32,STAND/UNKNOWN/#0/LOW_FORCE/OK/act=1/mav=103391/base=435495/th=56455
1778760483.906,5907,-30,692551,0,65535,32,STAND/UNKNOWN/#0/LOW_FORCE/OK/act=1/mav=103391/base=435495/th=56455
1778760483.964,5908,-30,694181,0,65535,32,STAND/UNKNOWN/#0/LOW_FORCE/OK/act=1/mav=103391/base=435495/th=56455
1778760483.964,5909,-30,696802,0,65535,32,STAND/UNKNOWN/#0/LOW_FORCE/OK/act=1/mav=103391/base=435495/th=56455
1778760484.028,5910,-30,700923,0,65535,37,STAND/UNKNOWN/#0/LOW_FORCE/OK/act=1/mav=103943/base=435495/th=56455
1778760484.028,5911,-30,701024,0,65535,37,STAND/UNKNOWN/#0/LOW_FORCE/OK/act=1/mav=103943/base=435495/th=56455
1778760484.028,5912,-30,694418,0,65535,37,STAND/UNKNOWN/#0/LOW_FORCE/OK/act=1/mav=103943/base=435495/th=56455
1778760484.029,5913,-30,691971,0,65535,37,STAND/UNKNOWN/#0/LOW_FORCE/OK/act=1/mav=103943/base=435495/th=56455
1778760484.089,5914,-30,693372,0,65535,37,STAND/UNKNOWN/#0/LOW_FORCE/OK/act=1/mav=103943/base=435495/th=56455
1778760484.089,5915,-30,690124,0,65535,37,STAND/UNKNOWN/#0/LOW_FORCE/OK/act=1/mav=103943/base=435495/th=56455
1778760484.089,5916,-30,691760,0,65535,37,STAND/UNKNOWN/#0/LOW_FORCE/OK/act=1/mav=103943/base=435495/th=56455
1778760484.142,5917,-30,693921,0,65535,37,STAND/UNKNOWN/#0/LOW_FORCE/OK/act=1/mav=103943/base=435495/th=56455
1778760484.142,5918,-30,699881,0,65535,37,STAND/UNKNOWN/#0/LOW_FORCE/OK/act=1/mav=103943/base=435495/th=56455
1778760484.199,5919,-30,698871,0,65535,37,STAND/UNKNOWN/#0/LOW_FORCE/OK/act=1/mav=103943/base=435495/th=56455
1778760484.199,5920,-30,695067,0,65535,37,STAND/UNKNOWN/#0/LOW_FORCE/OK/act=1/mav=103943/base=435495/th=56455
1778760484.199,5921,-30,692441,0,65535,37,STAND/UNKNOWN/#0/LOW_FORCE/OK/act=1/mav=103943/base=435495/th=56455
1778760484.257,5922,-30,694323,0,65535,37,STAND/UNKNOWN/#0/LOW_FORCE/OK/act=1/mav=103943/base=435495/th=56455
1778760484.257,5923,-30,690614,0,65535,45,STAND/UNKNOWN/#0/LOW_FORCE/OK/act=1/mav=104517/base=435495/th=56455
1778760484.257,5924,-30,690646,0,65535,45,STAND/UNKNOWN/#0/LOW_FORCE/OK/act=1/mav=104517/base=435495/th=56455
1778760484.323,5925,-30,693924,0,65535,45,STAND/UNKNOWN/#0/LOW_FORCE/OK/act=1/mav=104517/base=435495/th=56455
1778760484.323,5926,-30,697321,0,65535,45,STAND/UNKNOWN/#0/LOW_FORCE/OK/act=1/mav=104517/base=435495/th=56455
1778760484.323,5927,-30,699313,0,65535,45,STAND/UNKNOWN/#0/LOW_FORCE/OK/act=1/mav=104517/base=435495/th=56455
1778760484.376,5928,-30,695714,0,65535,45,STAND/UNKNOWN/#0/LOW_FORCE/OK/act=1/mav=104517/base=435495/th=56455
1778760484.376,5929,-30,696024,0,65535,45,STAND/UNKNOWN/#0/LOW_FORCE/OK/act=1/mav=104517/base=435495/th=56455
1778760484.376,5930,-30,693366,0,65535,45,STAND/UNKNOWN/#0/LOW_FORCE/OK/act=1/mav=104517/base=435495/th=56455
1778760484.431,5931,-30,691343,0,65535,45,STAND/UNKNOWN/#0/LOW_FORCE/OK/act=1/mav=104517/base=435495/th=56455
1778760484.431,5932,-30,691516,0,65535,45,STAND/UNKNOWN/#0/LOW_FORCE/OK/act=1/mav=104517/base=435495/th=56455
1778760484.431,5933,-30,692011,0,65535,45,STAND/UNKNOWN/#0/LOW_FORCE/OK/act=1/mav=104517/base=435495/th=56455
1778760484.484,5934,-30,699438,0,65535,45,STAND/UNKNOWN/#0/LOW_FORCE/OK/act=1/mav=104517/base=435495/th=56455
1778760484.484,5935,-30,699869,0,65535,45,STAND/UNKNOWN/#0/LOW_FORCE/OK/act=1/mav=104517/base=435495/th=56455
1778760484.543,5936,-30,696648,0,65535,49,STAND/UNKNOWN/#0/LOW_FORCE/OK/act=1/mav=104113/base=435495/th=56455
1778760484.544,5937,-30,692995,0,65535,49,STAND/UNKNOWN/#0/LOW_FORCE/OK/act=1/mav=104113/base=435495/th=56455
1778760484.544,5938,-30,693149,0,65535,49,STAND/UNKNOWN/#0/LOW_FORCE/OK/act=1/mav=104113/base=435495/th=56455
1778760484.607,5939,-30,689084,0,65535,49,STAND/UNKNOWN/#0/LOW_FORCE/OK/act=1/mav=104113/base=435495/th=56455
1778760484.607,5940,-30,692331,0,65535,49,STAND/UNKNOWN/#0/LOW_FORCE/OK/act=1/mav=104113/base=435495/th=56455
1778760484.607,5941,-30,694404,0,65535,49,STAND/UNKNOWN/#0/LOW_FORCE/OK/act=1/mav=104113/base=435495/th=56455
1778760484.607,5942,-30,698763,0,65535,49,STAND/UNKNOWN/#0/LOW_FORCE/OK/act=1/mav=104113/base=435495/th=56455
1778760484.666,5943,-30,698883,0,65535,49,STAND/UNKNOWN/#0/LOW_FORCE/OK/act=1/mav=104113/base=435495/th=56455
1778760484.667,5944,-30,695892,0,65535,49,STAND/UNKNOWN/#0/LOW_FORCE/OK/act=1/mav=104113/base=435495/th=56455
1778760484.667,5945,-30,695940,0,65535,49,STAND/UNKNOWN/#0/LOW_FORCE/OK/act=1/mav=104113/base=435495/th=56455
1778760484.730,5946,-30,695396,0,65535,49,STAND/UNKNOWN/#0/LOW_FORCE/OK/act=1/mav=104113/base=435495/th=56455
1778760484.730,5947,-30,692514,0,65535,49,STAND/UNKNOWN/#0/LOW_FORCE/OK/act=1/mav=104113/base=435495/th=56455
1778760484.730,5948,-30,694336,0,65535,50,STAND/UNKNOWN/#0/LOW_FORCE/OK/act=1/mav=102247/base=435495/th=56455
1778760484.795,5949,-30,695416,0,65535,50,STAND/UNKNOWN/#0/LOW_FORCE/OK/act=1/mav=102247/base=435495/th=56455
1778760484.795,5950,-30,701952,0,65535,50,STAND/UNKNOWN/#0/LOW_FORCE/OK/act=1/mav=102247/base=435495/th=56455
1778760484.795,5951,-30,701169,0,65535,50,STAND/UNKNOWN/#0/LOW_FORCE/OK/act=1/mav=102247/base=435495/th=56455
1778760484.855,5952,-30,698061,0,65535,50,STAND/UNKNOWN/#0/LOW_FORCE/OK/act=1/mav=102247/base=435495/th=56455
1778760484.856,5953,-30,694711,0,65535,50,STAND/UNKNOWN/#0/LOW_FORCE/OK/act=1/mav=102247/base=435495/th=56455
1778760484.856,5954,-30,691808,0,65535,50,STAND/UNKNOWN/#0/LOW_FORCE/OK/act=1/mav=102247/base=435495/th=56455
1778760484.917,5955,-30,691261,0,65535,50,STAND/UNKNOWN/#0/LOW_FORCE/OK/act=1/mav=102247/base=435495/th=56455
1778760484.917,5956,-30,695959,0,65535,50,STAND/UNKNOWN/#0/LOW_FORCE/OK/act=1/mav=102247/base=435495/th=56455
1778760484.917,5957,-30,698999,0,65535,50,STAND/UNKNOWN/#0/LOW_FORCE/OK/act=1/mav=102247/base=435495/th=56455
1778760484.978,5958,-30,701124,0,65535,50,STAND/UNKNOWN/#0/LOW_FORCE/OK/act=1/mav=102247/base=435495/th=56455
1778760484.978,5959,-30,700318,0,65535,50,STAND/UNKNOWN/#0/LOW_FORCE/OK/act=1/mav=102247/base=435495/th=56455
1778760484.979,5960,-30,696744,0,65535,50,STAND/UNKNOWN/#0/LOW_FORCE/OK/act=1/mav=102247/base=435495/th=56455
1778760485.041,5961,-30,696294,0,65535,51,STAND/UNKNOWN/#0/LOW_FORCE/OK/act=1/mav=101729/base=435495/th=56455
1778760485.042,5962,-30,696793,0,65535,51,STAND/UNKNOWN/#0/LOW_FORCE/OK/act=1/mav=101729/base=435495/th=56455
1778760485.042,5963,-30,692156,0,65535,51,STAND/UNKNOWN/#0/LOW_FORCE/OK/act=1/mav=101729/base=435495/th=56455
1778760485.107,5964,-30,693228,0,65535,51,STAND/UNKNOWN/#0/LOW_FORCE/OK/act=1/mav=101729/base=435495/th=56455
1778760485.107,5965,-30,695187,0,65535,51,STAND/UNKNOWN/#0/LOW_FORCE/OK/act=1/mav=101729/base=435495/th=56455
1778760485.107,5966,-30,700928,0,65535,51,STAND/UNKNOWN/#0/LOW_FORCE/OK/act=1/mav=101729/base=435495/th=56455
1778760485.107,5967,-30,684533,0,65535,51,STAND/UNKNOWN/#0/LOW_FORCE/OK/act=1/mav=101729/base=435495/th=56455
1778760485.172,5968,-30,675606,0,65535,51,STAND/UNKNOWN/#0/LOW_FORCE/OK/act=1/mav=101729/base=435495/th=56455
1778760485.172,5969,-30,673523,0,65535,51,STAND/UNKNOWN/#0/LOW_FORCE/OK/act=1/mav=101729/base=435495/th=56455
1778760485.172,5970,-30,672034,0,65535,51,STAND/UNKNOWN/#0/LOW_FORCE/OK/act=1/mav=101729/base=435495/th=56455
1778760485.231,5971,-30,670778,0,65535,51,STAND/UNKNOWN/#0/LOW_FORCE/OK/act=1/mav=101729/base=435495/th=56455
1778760485.231,5972,-30,672251,0,65535,51,STAND/UNKNOWN/#0/LOW_FORCE/OK/act=1/mav=101729/base=435495/th=56455
1778760485.231,5973,-30,678628,0,65535,51,STAND/UNKNOWN/#0/LOW_FORCE/OK/act=1/mav=101729/base=435495/th=56455
1778760485.291,5974,-30,688419,0,65535,52,STAND/UNKNOWN/#0/LOW_FORCE/OK/act=1/mav=97525/base=435495/th=56455
1778760485.291,5975,-30,689937,0,65535,52,STAND/UNKNOWN/#0/LOW_FORCE/OK/act=1/mav=97525/base=435495/th=56455
1778760485.291,5976,-30,686653,0,65535,52,STAND/UNKNOWN/#0/LOW_FORCE/OK/act=1/mav=97525/base=435495/th=56455
1778760485.350,5977,-30,684566,0,65535,52,STAND/UNKNOWN/#0/LOW_FORCE/OK/act=1/mav=97525/base=435495/th=56455
1778760485.350,5978,-30,682694,0,65535,52,STAND/UNKNOWN/#0/LOW_FORCE/OK/act=1/mav=97525/base=435495/th=56455
1778760485.350,5979,-30,680953,0,65535,52,STAND/UNKNOWN/#0/LOW_FORCE/OK/act=1/mav=97525/base=435495/th=56455
1778760485.410,5980,-30,682752,0,65535,52,STAND/UNKNOWN/#0/LOW_FORCE/OK/act=1/mav=97525/base=435495/th=56455
1778760485.410,5981,-30,683351,0,65535,52,STAND/UNKNOWN/#0/LOW_FORCE/OK/act=1/mav=97525/base=435495/th=56455
1778760485.410,5982,-30,685303,0,65535,52,STAND/UNKNOWN/#0/LOW_FORCE/OK/act=1/mav=97525/base=435495/th=56455
1778760485.471,5983,-30,689173,0,65535,52,STAND/UNKNOWN/#0/LOW_FORCE/OK/act=1/mav=97525/base=435495/th=56455
1778760485.471,5984,-30,689584,0,65535,52,STAND/UNKNOWN/#0/LOW_FORCE/OK/act=1/mav=97525/base=435495/th=56455
1778760485.471,5985,-30,686017,0,65535,52,STAND/UNKNOWN/#0/LOW_FORCE/OK/act=1/mav=97525/base=435495/th=56455
1778760485.533,5986,-30,684187,0,65535,52,STAND/UNKNOWN/#0/LOW_FORCE/OK/act=1/mav=97525/base=435495/th=56455
1778760485.534,5987,-30,682181,0,65535,51,STAND/UNKNOWN/#0/LOW_FORCE/OK/act=1/mav=92005/base=435495/th=56455
1778760485.534,5988,-30,681049,0,65535,51,STAND/UNKNOWN/#0/LOW_FORCE/OK/act=1/mav=92005/base=435495/th=56455
1778760485.595,5989,-30,681573,0,65535,51,STAND/UNKNOWN/#0/LOW_FORCE/OK/act=1/mav=92005/base=435495/th=56455
1778760485.595,5990,-30,682594,0,65535,51,STAND/UNKNOWN/#0/LOW_FORCE/OK/act=1/mav=92005/base=435495/th=56455
1778760485.595,5991,-30,687429,0,65535,51,STAND/UNKNOWN/#0/LOW_FORCE/OK/act=1/mav=92005/base=435495/th=56455
1778760485.656,5992,-30,691179,0,65535,51,STAND/UNKNOWN/#0/LOW_FORCE/OK/act=1/mav=92005/base=435495/th=56455
1778760485.656,5993,-30,691398,0,65535,51,STAND/UNKNOWN/#0/LOW_FORCE/OK/act=1/mav=92005/base=435495/th=56455
1778760485.656,5994,-30,687321,0,65535,51,STAND/UNKNOWN/#0/LOW_FORCE/OK/act=1/mav=92005/base=435495/th=56455
1778760485.717,5995,-30,682289,0,65535,51,STAND/UNKNOWN/#0/LOW_FORCE/OK/act=1/mav=92005/base=435495/th=56455
1778760485.718,5996,-30,682157,0,65535,51,STAND/UNKNOWN/#0/LOW_FORCE/OK/act=1/mav=92005/base=435495/th=56455
1778760485.718,5997,-30,680494,0,65535,51,STAND/UNKNOWN/#0/LOW_FORCE/OK/act=1/mav=92005/base=435495/th=56455
1778760485.777,5998,-30,679951,0,65535,51,STAND/UNKNOWN/#0/LOW_FORCE/OK/act=1/mav=92005/base=435495/th=56455
1778760485.777,5999,-30,679923,0,65535,51,STAND/UNKNOWN/#0/LOW_FORCE/OK/act=1/mav=92005/base=435495/th=56455
1778760485.777,6000,-30,684673,0,65535,51,STAND/UNKNOWN/#0/LOW_FORCE/OK/act=1/mav=90552/base=435495/th=56455
1778760485.838,6001,-30,687622,0,65535,51,STAND/UNKNOWN/#0/LOW_FORCE/OK/act=1/mav=90552/base=435495/th=56455
1778760485.839,6002,-30,688392,0,65535,51,STAND/UNKNOWN/#0/LOW_FORCE/OK/act=1/mav=90552/base=435495/th=56455
1778760485.839,6003,-30,684421,0,65535,51,STAND/UNKNOWN/#0/LOW_FORCE/OK/act=1/mav=90552/base=435495/th=56455
1778760485.901,6004,-30,680869,0,65535,51,STAND/UNKNOWN/#0/LOW_FORCE/OK/act=1/mav=90552/base=435495/th=56455
1778760485.901,6005,-30,678761,0,65535,51,STAND/UNKNOWN/#0/LOW_FORCE/OK/act=1/mav=90552/base=435495/th=56455
1778760485.901,6006,-30,675458,0,65535,51,STAND/UNKNOWN/#0/LOW_FORCE/OK/act=1/mav=90552/base=435495/th=56455
1778760485.958,6007,-30,678003,0,65535,51,STAND/UNKNOWN/#0/LOW_FORCE/OK/act=1/mav=90552/base=435495/th=56455
1778760485.958,6008,-30,677658,0,65535,51,STAND/UNKNOWN/#0/LOW_FORCE/OK/act=1/mav=90552/base=435495/th=56455
1778760485.958,6009,-30,682878,0,65535,51,STAND/UNKNOWN/#0/LOW_FORCE/OK/act=1/mav=90552/base=435495/th=56455
1778760486.022,6010,-30,686645,0,65535,51,STAND/UNKNOWN/#0/LOW_FORCE/OK/act=1/mav=90552/base=435495/th=56455
1778760486.022,6011,-30,686264,0,65535,51,STAND/UNKNOWN/#0/LOW_FORCE/OK/act=1/mav=90552/base=435495/th=56455
1778760486.022,6012,-30,680353,0,65535,51,STAND/UNKNOWN/#0/LOW_FORCE/OK/act=1/mav=87552/base=435495/th=56455
1778760486.084,6013,-30,680223,0,65535,51,STAND/UNKNOWN/#0/LOW_FORCE/OK/act=1/mav=87552/base=435495/th=56455
1778760486.085,6014,-30,677149,0,65535,51,STAND/UNKNOWN/#0/LOW_FORCE/OK/act=1/mav=87552/base=435495/th=56455
1778760486.085,6015,-30,676634,0,65535,51,STAND/UNKNOWN/#0/LOW_FORCE/OK/act=1/mav=87552/base=435495/th=56455
1778760486.145,6016,-30,676534,0,65535,51,STAND/UNKNOWN/#0/LOW_FORCE/OK/act=1/mav=87552/base=435495/th=56455
1778760486.146,6017,-30,678101,0,65535,51,STAND/UNKNOWN/#0/LOW_FORCE/OK/act=1/mav=87552/base=435495/th=56455
1778760486.146,6018,-30,679573,0,65535,51,STAND/UNKNOWN/#0/LOW_FORCE/OK/act=1/mav=87552/base=435495/th=56455
1778760486.146,6019,-30,684870,0,65535,51,STAND/UNKNOWN/#0/LOW_FORCE/OK/act=1/mav=87552/base=435495/th=56455
1778760486.206,6020,-30,684242,0,65535,51,STAND/UNKNOWN/#0/LOW_FORCE/OK/act=1/mav=87552/base=435495/th=56455
1778760486.206,6021,-30,679631,0,65535,51,STAND/UNKNOWN/#0/LOW_FORCE/OK/act=1/mav=87552/base=435495/th=56455
1778760486.206,6022,-30,679289,0,65535,51,STAND/UNKNOWN/#0/LOW_FORCE/OK/act=1/mav=87552/base=435495/th=56455
1778760486.265,6023,-30,676828,0,65535,51,STAND/UNKNOWN/#0/LOW_FORCE/OK/act=1/mav=87552/base=435495/th=56455
1778760486.266,6024,-30,675003,0,65535,51,STAND/UNKNOWN/#0/LOW_FORCE/OK/act=1/mav=87552/base=435495/th=56455
1778760486.266,6025,-30,675984,0,63991,51,STAND/UNKNOWN/#0/LOW_FORCE/OK/act=1/mav=84216/base=435495/th=56455
1778760486.336,6026,-30,676043,0,63991,51,STAND/UNKNOWN/#0/LOW_FORCE/OK/act=1/mav=84216/base=435495/th=56455
1778760486.336,6027,-30,679999,0,63991,51,STAND/UNKNOWN/#0/LOW_FORCE/OK/act=1/mav=84216/base=435495/th=56455
1778760486.336,6028,-30,683804,0,63991,51,STAND/UNKNOWN/#0/LOW_FORCE/OK/act=1/mav=84216/base=435495/th=56455
1778760486.402,6029,-30,682183,0,63991,51,STAND/UNKNOWN/#0/LOW_FORCE/OK/act=1/mav=84216/base=435495/th=56455
1778760486.402,6030,-30,681386,0,63991,51,STAND/UNKNOWN/#0/LOW_FORCE/OK/act=1/mav=84216/base=435495/th=56455
1778760486.402,6031,-30,679555,0,63991,51,STAND/UNKNOWN/#0/LOW_FORCE/OK/act=1/mav=84216/base=435495/th=56455
1778760486.460,6032,-30,681018,0,63991,51,STAND/UNKNOWN/#0/LOW_FORCE/OK/act=1/mav=84216/base=435495/th=56455
1778760486.460,6033,-30,677743,0,63991,51,STAND/UNKNOWN/#0/LOW_FORCE/OK/act=1/mav=84216/base=435495/th=56455
1778760486.460,6034,-30,677414,0,63991,51,STAND/UNKNOWN/#0/LOW_FORCE/OK/act=1/mav=84216/base=435495/th=56455
1778760486.518,6035,-30,678826,0,63991,51,STAND/UNKNOWN/#0/LOW_FORCE/OK/act=1/mav=84216/base=435495/th=56455
1778760486.518,6036,-30,680046,0,63991,51,STAND/UNKNOWN/#0/LOW_FORCE/OK/act=1/mav=84216/base=435495/th=56455
1778760486.518,6037,-30,684786,0,63991,51,STAND/UNKNOWN/#0/LOW_FORCE/OK/act=1/mav=84216/base=435495/th=56455
1778760486.588,6038,-30,684700,0,61744,52,STAND/UNKNOWN/#0/LOW_FORCE/OK/act=1/mav=82811/base=435495/th=56455
1778760486.588,6039,-30,681819,0,61744,52,STAND/UNKNOWN/#0/LOW_FORCE/OK/act=1/mav=82811/base=435495/th=56455
1778760486.588,6040,-30,679138,0,61744,52,STAND/UNKNOWN/#0/LOW_FORCE/OK/act=1/mav=82811/base=435495/th=56455
1778760486.588,6041,-30,678643,0,61744,52,STAND/UNKNOWN/#0/LOW_FORCE/OK/act=1/mav=82811/base=435495/th=56455
1778760486.655,6042,-30,676761,0,61744,52,STAND/UNKNOWN/#0/LOW_FORCE/OK/act=1/mav=82811/base=435495/th=56455
1778760486.655,6043,-30,677414,0,61744,52,STAND/UNKNOWN/#0/LOW_FORCE/OK/act=1/mav=82811/base=435495/th=56455
1778760486.655,6044,-30,678574,0,61744,52,STAND/UNKNOWN/#0/LOW_FORCE/OK/act=1/mav=82811/base=435495/th=56455
1778760486.726,6045,-30,681355,0,61744,52,STAND/UNKNOWN/#0/LOW_FORCE/OK/act=1/mav=82811/base=435495/th=56455
1778760486.726,6046,-30,686021,0,61744,52,STAND/UNKNOWN/#0/LOW_FORCE/OK/act=1/mav=82811/base=435495/th=56455
1778760486.726,6047,-30,685608,0,61744,52,STAND/UNKNOWN/#0/LOW_FORCE/OK/act=1/mav=82811/base=435495/th=56455
1778760486.726,6048,-30,680127,0,61744,52,STAND/UNKNOWN/#0/LOW_FORCE/OK/act=1/mav=82811/base=435495/th=56455
1778760486.791,6049,-30,678213,0,61744,52,STAND/UNKNOWN/#0/LOW_FORCE/OK/act=1/mav=82811/base=435495/th=56455
1778760486.791,6050,-30,678317,0,61744,52,STAND/UNKNOWN/#0/LOW_FORCE/OK/act=1/mav=82811/base=435495/th=56455
1778760486.792,6051,-30,674806,0,60158,51,STAND/UNKNOWN/#0/LOW_FORCE/OK/act=1/mav=82060/base=435495/th=56455
1778760486.856,6052,-30,675916,0,60158,51,STAND/UNKNOWN/#0/LOW_FORCE/OK/act=1/mav=82060/base=435495/th=56455
1778760486.856,6053,-30,675881,0,60158,51,STAND/UNKNOWN/#0/LOW_FORCE/OK/act=1/mav=82060/base=435495/th=56455
1778760486.856,6054,-30,680381,0,60158,51,STAND/UNKNOWN/#0/LOW_FORCE/OK/act=1/mav=82060/base=435495/th=56455
1778760486.915,6055,-30,682810,0,60158,51,STAND/UNKNOWN/#0/LOW_FORCE/OK/act=1/mav=82060/base=435495/th=56455
1778760486.915,6056,-30,683868,0,60158,51,STAND/UNKNOWN/#0/LOW_FORCE/OK/act=1/mav=82060/base=435495/th=56455
1778760486.916,6057,-30,679849,0,60158,51,STAND/UNKNOWN/#0/LOW_FORCE/OK/act=1/mav=82060/base=435495/th=56455
1778760486.972,6058,-30,675954,0,60158,51,STAND/UNKNOWN/#0/LOW_FORCE/OK/act=1/mav=82060/base=435495/th=56455
1778760486.972,6059,-30,677092,0,60158,51,STAND/UNKNOWN/#0/LOW_FORCE/OK/act=1/mav=82060/base=435495/th=56455
1778760486.973,6060,-30,674841,0,60158,51,STAND/UNKNOWN/#0/LOW_FORCE/OK/act=1/mav=82060/base=435495/th=56455
1778760487.053,6061,-30,673619,0,60158,51,STAND/UNKNOWN/#0/LOW_FORCE/OK/act=1/mav=82060/base=435495/th=56455
1778760487.054,6062,-30,675961,0,60158,51,STAND/UNKNOWN/#0/LOW_FORCE/OK/act=1/mav=82060/base=435495/th=56455
1778760487.054,6063,-30,678452,0,60158,51,STAND/UNKNOWN/#0/LOW_FORCE/OK/act=1/mav=82060/base=435495/th=56455
1778760487.054,6064,-30,680956,0,57090,51,STAND/UNKNOWN/#0/LOW_FORCE/OK/act=1/mav=80289/base=435495/th=56455
1778760487.127,6065,-30,682094,0,57090,51,STAND/UNKNOWN/#0/LOW_FORCE/OK/act=1/mav=80289/base=435495/th=56455
1778760487.127,6066,-30,676898,0,57090,51,STAND/UNKNOWN/#0/LOW_FORCE/OK/act=1/mav=80289/base=435495/th=56455
1778760487.127,6067,-30,673803,0,57090,51,STAND/UNKNOWN/#0/LOW_FORCE/OK/act=1/mav=80289/base=435495/th=56455
1778760487.127,6068,-30,675530,0,57090,51,STAND/UNKNOWN/#0/LOW_FORCE/OK/act=1/mav=80289/base=435495/th=56455
1778760487.208,6069,-30,672414,0,57090,51,STAND/UNKNOWN/#0/LOW_FORCE/OK/act=1/mav=80289/base=435495/th=56455
1778760487.208,6070,-30,673839,0,57090,51,STAND/UNKNOWN/#0/LOW_FORCE/OK/act=1/mav=80289/base=435495/th=56455
1778760487.295,6071,-30,674747,0,57090,51,STAND/UNKNOWN/#0/LOW_FORCE/OK/act=1/mav=80289/base=435495/th=56455
1778760487.295,6072,-30,675259,0,57090,51,STAND/UNKNOWN/#0/LOW_FORCE/OK/act=1/mav=80289/base=435495/th=56455
1778760487.295,6073,-30,681181,0,57090,51,STAND/UNKNOWN/#0/LOW_FORCE/OK/act=1/mav=80289/base=435495/th=56455
1778760487.295,6074,-30,679018,0,57090,51,STAND/UNKNOWN/#0/LOW_FORCE/OK/act=1/mav=80289/base=435495/th=56455
1778760487.370,6075,-30,676098,0,57090,51,STAND/UNKNOWN/#0/LOW_FORCE/OK/act=1/mav=80289/base=435495/th=56455
1778760487.370,6076,-30,675354,0,51440,51,STAND/UNKNOWN/#0/LOW_FORCE/OK/act=1/mav=76836/base=435495/th=56455
1778760487.371,6077,-30,673498,0,51440,51,STAND/UNKNOWN/#0/LOW_FORCE/OK/act=1/mav=76836/base=435495/th=56455
1778760487.371,6078,-30,670476,0,51440,51,STAND/UNKNOWN/#0/LOW_FORCE/OK/act=1/mav=76836/base=435495/th=56455
1778760487.436,6079,-30,670725,0,51440,51,STAND/UNKNOWN/#0/LOW_FORCE/OK/act=1/mav=76836/base=435495/th=56455
1778760487.437,6080,-30,670819,0,51440,51,STAND/UNKNOWN/#0/LOW_FORCE/OK/act=1/mav=76836/base=435495/th=56455
1778760487.437,6081,-30,675591,0,51440,51,STAND/UNKNOWN/#0/LOW_FORCE/OK/act=1/mav=76836/base=435495/th=56455
1778760487.499,6082,-30,677678,0,51440,51,STAND/UNKNOWN/#0/LOW_FORCE/OK/act=1/mav=76836/base=435495/th=56455
1778760487.500,6083,-30,677113,0,51440,51,STAND/UNKNOWN/#0/LOW_FORCE/OK/act=1/mav=76836/base=435495/th=56455
1778760487.500,6084,-30,674476,0,51440,51,STAND/UNKNOWN/#0/LOW_FORCE/OK/act=1/mav=76836/base=435495/th=56455
1778760487.500,6085,-30,671881,0,51440,51,STAND/UNKNOWN/#0/LOW_FORCE/OK/act=1/mav=76836/base=435495/th=56455
1778760487.500,6086,-30,670642,0,51440,51,STAND/UNKNOWN/#0/LOW_FORCE/OK/act=1/mav=76836/base=435495/th=56455
1778760487.566,6087,-30,667298,0,51440,51,STAND/UNKNOWN/#0/LOW_FORCE/OK/act=1/mav=76836/base=435495/th=56455
1778760487.566,6088,-30,668918,0,51440,51,STAND/UNKNOWN/#0/LOW_FORCE/OK/act=1/mav=76836/base=435495/th=56455
1778760487.566,6089,-30,668201,0,46296,51,STAND/UNKNOWN/#0/LOW_FORCE/OK/act=1/mav=73868/base=435495/th=56455
1778760487.566,6090,-30,672274,0,46296,51,STAND/UNKNOWN/#0/LOW_FORCE/OK/act=1/mav=73868/base=435495/th=56455
1778760487.631,6091,-30,675715,0,46296,51,STAND/UNKNOWN/#0/LOW_FORCE/OK/act=1/mav=73868/base=435495/th=56455
1778760487.631,6092,-30,676043,0,46296,51,STAND/UNKNOWN/#0/LOW_FORCE/OK/act=1/mav=73868/base=435495/th=56455
1778760487.631,6093,-30,670584,0,46296,51,STAND/UNKNOWN/#0/LOW_FORCE/OK/act=1/mav=73868/base=435495/th=56455
1778760487.691,6094,-30,669519,0,46296,51,STAND/UNKNOWN/#0/LOW_FORCE/OK/act=1/mav=73868/base=435495/th=56455
1778760487.691,6095,-30,668131,0,46296,51,STAND/UNKNOWN/#0/LOW_FORCE/OK/act=1/mav=73868/base=435495/th=56455
1778760487.751,6096,-30,665940,0,46296,51,STAND/UNKNOWN/#0/LOW_FORCE/OK/act=1/mav=73868/base=435495/th=56455
1778760487.751,6097,-30,667828,0,46296,51,STAND/UNKNOWN/#0/LOW_FORCE/OK/act=1/mav=73868/base=435495/th=56455
1778760487.751,6098,-30,668352,0,46296,51,STAND/UNKNOWN/#0/LOW_FORCE/OK/act=1/mav=73868/base=435495/th=56455
1778760487.751,6099,-30,669114,0,46296,51,STAND/UNKNOWN/#0/LOW_FORCE/OK/act=1/mav=73868/base=435495/th=56455
1778760487.813,6100,-30,673168,0,46296,51,STAND/UNKNOWN/#0/LOW_FORCE/OK/act=1/mav=73868/base=435495/th=56455
1778760487.814,6101,-30,671631,0,46296,51,STAND/UNKNOWN/#0/LOW_FORCE/OK/act=1/mav=73868/base=435495/th=56455
1778760487.881,6102,-30,668948,0,42370,52,STAND/UNKNOWN/#0/LOW_FORCE/OK/act=1/mav=71633/base=435495/th=56455
1778760487.881,6103,-30,666215,0,42370,52,STAND/UNKNOWN/#0/LOW_FORCE/OK/act=1/mav=71633/base=435495/th=56455
1778760487.881,6104,-30,664199,0,42370,52,STAND/UNKNOWN/#0/LOW_FORCE/OK/act=1/mav=71633/base=435495/th=56455
1778760487.881,6105,-30,662257,0,42370,52,STAND/UNKNOWN/#0/LOW_FORCE/OK/act=1/mav=71633/base=435495/th=56455
1778760487.935,6106,-30,661601,0,42370,52,STAND/UNKNOWN/#0/LOW_FORCE/OK/act=1/mav=71633/base=435495/th=56455
1778760487.935,6107,-30,665819,0,42370,52,STAND/UNKNOWN/#0/LOW_FORCE/OK/act=1/mav=71633/base=435495/th=56455
1778760487.935,6108,-30,670180,0,42370,52,STAND/UNKNOWN/#0/LOW_FORCE/OK/act=1/mav=71633/base=435495/th=56455
1778760488.002,6109,-30,667741,0,42370,52,STAND/UNKNOWN/#0/LOW_FORCE/OK/act=1/mav=71633/base=435495/th=56455
1778760488.002,6110,-30,664308,0,42370,52,STAND/UNKNOWN/#0/LOW_FORCE/OK/act=1/mav=71633/base=435495/th=56455
1778760488.002,6111,-30,663241,0,42370,52,STAND/UNKNOWN/#0/LOW_FORCE/OK/act=1/mav=71633/base=435495/th=56455
1778760488.060,6112,-30,661698,0,42370,52,STAND/UNKNOWN/#0/LOW_FORCE/OK/act=1/mav=71633/base=435495/th=56455
1778760488.060,6113,-30,657640,0,42370,52,STAND/UNKNOWN/#0/LOW_FORCE/OK/act=1/mav=71633/base=435495/th=56455
1778760488.060,6114,-30,659413,0,42370,52,STAND/UNKNOWN/#0/LOW_FORCE/OK/act=1/mav=71633/base=435495/th=56455
1778760488.122,6115,-30,661246,0,36149,51,STAND/UNKNOWN/#0/LOW_FORCE/OK/act=1/mav=68403/base=435495/th=56455
1778760488.122,6116,-30,663378,0,36149,51,STAND/UNKNOWN/#0/LOW_FORCE/OK/act=1/mav=68403/base=435495/th=56455
1778760488.122,6117,-30,667076,0,36149,51,STAND/UNKNOWN/#0/LOW_FORCE/OK/act=1/mav=68403/base=435495/th=56455
1778760488.179,6118,-30,665866,0,36149,51,STAND/UNKNOWN/#0/LOW_FORCE/OK/act=1/mav=68403/base=435495/th=56455
1778760488.180,6119,-30,662896,0,36149,51,STAND/UNKNOWN/#0/LOW_FORCE/OK/act=1/mav=68403/base=435495/th=56455
1778760488.180,6120,-30,659724,0,36149,51,STAND/UNKNOWN/#0/LOW_FORCE/OK/act=1/mav=68403/base=435495/th=56455
1778760488.238,6121,-30,657054,0,36149,51,STAND/UNKNOWN/#0/LOW_FORCE/OK/act=1/mav=68403/base=435495/th=56455
1778760488.238,6122,-30,655789,0,36149,51,STAND/UNKNOWN/#0/LOW_FORCE/OK/act=1/mav=68403/base=435495/th=56455
1778760488.238,6123,-30,656541,0,36149,51,STAND/UNKNOWN/#0/LOW_FORCE/OK/act=1/mav=68403/base=435495/th=56455
1778760488.293,6124,-30,657374,0,36149,51,STAND/UNKNOWN/#0/LOW_FORCE/OK/act=1/mav=68403/base=435495/th=56455
1778760488.294,6125,-30,661011,0,36149,51,STAND/UNKNOWN/#0/LOW_FORCE/OK/act=1/mav=68403/base=435495/th=56455
1778760488.294,6126,-30,662673,0,36149,51,STAND/UNKNOWN/#0/LOW_FORCE/OK/act=1/mav=68403/base=435495/th=56455
1778760488.354,6127,-30,662089,0,36149,51,STAND/UNKNOWN/#0/LOW_FORCE/OK/act=1/mav=68403/base=435495/th=56455
1778760488.355,6128,-30,658320,0,28146,51,STAND/UNKNOWN/#0/LOW_FORCE/OK/act=1/mav=64806/base=435495/th=56455
1778760488.355,6129,-30,655926,0,28146,51,STAND/UNKNOWN/#0/LOW_FORCE/OK/act=1/mav=64806/base=435495/th=56455
1778760488.412,6130,-30,654428,0,28146,51,STAND/UNKNOWN/#0/LOW_FORCE/OK/act=1/mav=64806/base=435495/th=56455
1778760488.413,6131,-30,650551,0,28146,51,STAND/UNKNOWN/#0/LOW_FORCE/OK/act=1/mav=64806/base=435495/th=56455
1778760488.413,6132,-30,650361,0,28146,51,STAND/UNKNOWN/#0/LOW_FORCE/OK/act=1/mav=64806/base=435495/th=56455
1778760488.466,6133,-30,649861,0,28146,51,STAND/UNKNOWN/#0/LOW_FORCE/OK/act=1/mav=64806/base=435495/th=56455
1778760488.466,6134,-30,653771,0,28146,51,STAND/UNKNOWN/#0/LOW_FORCE/OK/act=1/mav=64806/base=435495/th=56455
1778760488.466,6135,-30,658788,0,28146,51,STAND/UNKNOWN/#0/LOW_FORCE/OK/act=1/mav=64806/base=435495/th=56455
1778760488.520,6136,-30,657638,0,28146,51,STAND/UNKNOWN/#0/LOW_FORCE/OK/act=1/mav=64806/base=435495/th=56455
1778760488.520,6137,-30,653029,0,28146,51,STAND/UNKNOWN/#0/LOW_FORCE/OK/act=1/mav=64806/base=435495/th=56455
1778760488.576,6138,-30,651356,0,28146,51,STAND/UNKNOWN/#0/LOW_FORCE/OK/act=1/mav=64806/base=435495/th=56455
1778760488.576,6139,-30,648151,0,28146,51,STAND/UNKNOWN/#0/LOW_FORCE/OK/act=1/mav=64806/base=435495/th=56455
1778760488.576,6140,-30,647048,0,10494,51,STAND/UNKNOWN/#0/LOW_FORCE/OK/act=1/mav=59565/base=435495/th=56455
1778760488.635,6141,-30,648294,0,10494,51,STAND/UNKNOWN/#0/LOW_FORCE/OK/act=1/mav=59565/base=435495/th=56455
1778760488.636,6142,-30,647373,0,10494,51,STAND/UNKNOWN/#0/LOW_FORCE/OK/act=1/mav=59565/base=435495/th=56455
1778760488.636,6143,-30,656026,0,10494,51,STAND/UNKNOWN/#0/LOW_FORCE/OK/act=1/mav=59565/base=435495/th=56455
1778760488.692,6144,-30,653314,0,10494,51,STAND/UNKNOWN/#0/LOW_FORCE/OK/act=1/mav=59565/base=435495/th=56455
1778760488.692,6145,-30,655921,0,10494,51,STAND/UNKNOWN/#0/LOW_FORCE/OK/act=1/mav=59565/base=435495/th=56455
1778760488.692,6146,-30,650540,0,10494,51,STAND/UNKNOWN/#0/LOW_FORCE/OK/act=1/mav=59565/base=435495/th=56455
1778760488.749,6147,-30,648078,0,10494,51,STAND/UNKNOWN/#0/LOW_FORCE/OK/act=1/mav=59565/base=435495/th=56455
1778760488.749,6148,-30,647603,0,10494,51,STAND/UNKNOWN/#0/LOW_FORCE/OK/act=1/mav=59565/base=435495/th=56455
1778760488.808,6149,-30,643874,0,10494,51,STAND/UNKNOWN/#0/LOW_FORCE/OK/act=1/mav=59565/base=435495/th=56455
1778760488.808,6150,-30,644127,0,10494,51,STAND/UNKNOWN/#0/LOW_FORCE/OK/act=1/mav=59565/base=435495/th=56455
1778760488.808,6151,-30,648310,0,10494,51,STAND/UNKNOWN/#0/LOW_FORCE/OK/act=1/mav=59565/base=435495/th=56455
1778760488.808,6152,-30,651324,0,10494,51,STAND/UNKNOWN/#0/LOW_FORCE/OK/act=1/mav=59565/base=435495/th=56455
1778760488.866,6153,-30,657109,0,64470,51,STAND/UNKNOWN/#0/LOW_FORCE/OK/act=1/mav=56928/base=435495/th=56455
1778760488.867,6154,-30,655338,0,64470,51,STAND/UNKNOWN/#0/LOW_FORCE/OK/act=1/mav=56928/base=435495/th=56455
1778760488.867,6155,-30,652268,0,64470,51,STAND/UNKNOWN/#0/LOW_FORCE/OK/act=1/mav=56928/base=435495/th=56455
1778760488.926,6156,-30,649930,0,64470,51,STAND/UNKNOWN/#0/LOW_FORCE/OK/act=1/mav=56928/base=435495/th=56455
1778760488.926,6157,-30,648034,0,64470,51,STAND/UNKNOWN/#0/LOW_FORCE/OK/act=1/mav=56928/base=435495/th=56455
1778760488.926,6158,-30,644261,0,64470,51,STAND/UNKNOWN/#0/LOW_FORCE/OK/act=1/mav=56928/base=435495/th=56455
1778760488.981,6159,-30,645422,0,64470,51,STAND/UNKNOWN/#0/LOW_FORCE/OK/act=1/mav=56928/base=435495/th=56455
1778760488.981,6160,-30,646923,0,64470,51,STAND/UNKNOWN/#0/LOW_FORCE/OK/act=1/mav=56928/base=435495/th=56455
1778760489.034,6161,-30,650901,0,64470,51,STAND/UNKNOWN/#0/LOW_FORCE/OK/act=1/mav=56928/base=435495/th=56455
1778760489.034,6162,-30,656873,0,64470,51,STAND/UNKNOWN/#0/LOW_FORCE/OK/act=1/mav=56928/base=435495/th=56455
1778760489.034,6163,-30,654316,0,64470,51,STAND/UNKNOWN/#0/LOW_FORCE/OK/act=1/mav=56928/base=435495/th=56455
1778760489.094,6164,-30,650008,0,64470,51,STAND/UNKNOWN/#0/LOW_FORCE/OK/act=1/mav=56928/base=435495/th=56455
1778760489.094,6165,-30,648417,0,64470,51,STAND/UNKNOWN/#0/LOW_FORCE/OK/act=1/mav=56928/base=435495/th=56455
1778760489.094,6166,-30,648265,0,65426,52,STAND/UNKNOWN/#0/LOW_FORCE/OK/act=1/mav=57386/base=435495/th=56455
1778760489.147,6167,-30,645980,0,65426,52,STAND/UNKNOWN/#0/LOW_FORCE/OK/act=1/mav=57386/base=435495/th=56455
1778760489.147,6168,-30,648126,0,65426,52,STAND/UNKNOWN/#0/LOW_FORCE/OK/act=1/mav=57386/base=435495/th=56455
1778760489.147,6169,-30,647754,0,65426,52,STAND/UNKNOWN/#0/LOW_FORCE/OK/act=1/mav=57386/base=435495/th=56455
1778760489.203,6170,-30,651064,0,65426,52,STAND/UNKNOWN/#0/LOW_FORCE/OK/act=1/mav=57386/base=435495/th=56455
1778760489.203,6171,-30,654957,0,65426,52,STAND/UNKNOWN/#0/LOW_FORCE/OK/act=1/mav=57386/base=435495/th=56455
1778760489.259,6172,-30,651542,0,65426,52,STAND/UNKNOWN/#0/LOW_FORCE/OK/act=1/mav=57386/base=435495/th=56455
1778760489.259,6173,-30,648957,0,65426,52,STAND/UNKNOWN/#0/LOW_FORCE/OK/act=1/mav=57386/base=435495/th=56455
1778760489.259,6174,-30,647369,0,65426,52,STAND/UNKNOWN/#0/LOW_FORCE/OK/act=1/mav=57386/base=435495/th=56455
1778760489.318,6175,-30,646100,0,65426,52,STAND/UNKNOWN/#0/LOW_FORCE/OK/act=1/mav=57386/base=435495/th=56455
1778760489.318,6176,-30,644851,0,65426,52,STAND/UNKNOWN/#0/LOW_FORCE/OK/act=1/mav=57386/base=435495/th=56455
1778760489.318,6177,-30,644074,0,65426,52,STAND/UNKNOWN/#0/LOW_FORCE/OK/act=1/mav=57386/base=435495/th=56455
1778760489.377,6178,-30,644633,0,65426,52,STAND/UNKNOWN/#0/LOW_FORCE/OK/act=1/mav=57386/base=435495/th=56455
1778760489.377,6179,-30,647789,0,64652,51,STAND/UNKNOWN/#0/LOW_FORCE/REST/act=0/mav=56278/base=435495/th=56455
1778760489.377,6180,-30,650989,0,64652,51,STAND/UNKNOWN/#0/LOW_FORCE/REST/act=0/mav=56278/base=435495/th=56455
1778760489.436,6181,-30,650516,0,64652,51,STAND/UNKNOWN/#0/LOW_FORCE/REST/act=0/mav=56278/base=435495/th=56455
1778760489.436,6182,-30,647065,0,64652,51,STAND/UNKNOWN/#0/LOW_FORCE/REST/act=0/mav=56278/base=435495/th=56455
1778760489.436,6183,-30,645912,0,64652,51,STAND/UNKNOWN/#0/LOW_FORCE/REST/act=0/mav=56278/base=435495/th=56455
1778760489.502,6184,-30,643762,0,64652,51,STAND/UNKNOWN/#0/LOW_FORCE/REST/act=0/mav=56278/base=435495/th=56455
1778760489.502,6185,-30,641651,0,64652,51,STAND/UNKNOWN/#0/LOW_FORCE/REST/act=0/mav=56278/base=435495/th=56455
1778760489.502,6186,-30,643941,0,64652,51,STAND/UNKNOWN/#0/LOW_FORCE/REST/act=0/mav=56278/base=435495/th=56455
1778760489.572,6187,-30,644454,0,64652,51,STAND/UNKNOWN/#0/LOW_FORCE/REST/act=0/mav=56278/base=435495/th=56455
1778760489.573,6188,-30,648018,0,64652,51,STAND/UNKNOWN/#0/LOW_FORCE/REST/act=0/mav=56278/base=435495/th=56455
1778760489.573,6189,-30,647272,0,64652,51,STAND/UNKNOWN/#0/LOW_FORCE/REST/act=0/mav=56278/base=435495/th=56455
1778760489.573,6190,-30,643498,0,64652,51,STAND/UNKNOWN/#0/LOW_FORCE/REST/act=0/mav=56278/base=435495/th=56455
1778760489.634,6191,-30,641213,0,64652,51,STAND/UNKNOWN/#0/LOW_FORCE/REST/act=0/mav=56278/base=435495/th=56455
1778760489.634,6192,-30,641148,0,62874,41,STAND/UNKNOWN/#0/LOW_FORCE/REST/act=0/mav=53759/base=435495/th=56455
1778760489.634,6193,-30,638313,0,62874,41,STAND/UNKNOWN/#0/LOW_FORCE/REST/act=0/mav=53759/base=435495/th=56455
1778760489.706,6194,-30,638397,0,62874,41,STAND/UNKNOWN/#0/LOW_FORCE/REST/act=0/mav=53759/base=435495/th=56455
1778760489.706,6195,-30,641416,0,62874,41,STAND/UNKNOWN/#0/LOW_FORCE/REST/act=0/mav=53759/base=435495/th=56455
1778760489.706,6196,-30,644535,0,62874,41,STAND/UNKNOWN/#0/LOW_FORCE/REST/act=0/mav=53759/base=435495/th=56455
1778760489.706,6197,-30,643416,0,62874,41,STAND/UNKNOWN/#0/LOW_FORCE/REST/act=0/mav=53759/base=435495/th=56455
1778760489.791,6198,-30,638246,0,62874,41,STAND/UNKNOWN/#0/LOW_FORCE/REST/act=0/mav=53759/base=435495/th=56455
1778760489.791,6199,-30,636141,0,62874,41,STAND/UNKNOWN/#0/LOW_FORCE/REST/act=0/mav=53759/base=435495/th=56455
1778760489.791,6200,-30,636161,0,62874,41,STAND/UNKNOWN/#0/LOW_FORCE/REST/act=0/mav=53759/base=435495/th=56455
1778760489.870,6201,-30,632698,0,62874,41,STAND/UNKNOWN/#0/LOW_FORCE/REST/act=0/mav=53759/base=435495/th=56455
1778760489.871,6202,-30,633875,0,62874,41,STAND/UNKNOWN/#0/LOW_FORCE/REST/act=0/mav=53759/base=435495/th=56455
1778760489.871,6203,-30,636827,0,62874,41,STAND/UNKNOWN/#0/LOW_FORCE/REST/act=0/mav=53759/base=435495/th=56455
1778760489.871,6204,-30,639734,0,58904,16,STAND/UNKNOWN/#0/LOW_FORCE/REST/act=0/mav=48793/base=435495/th=56455
1778760489.871,6205,-30,639399,0,58904,16,STAND/UNKNOWN/#0/LOW_FORCE/REST/act=0/mav=48793/base=435495/th=56455
1778760489.937,6206,-30,634077,0,58904,16,STAND/UNKNOWN/#0/LOW_FORCE/REST/act=0/mav=48793/base=435495/th=56455
1778760489.937,6207,-30,632115,0,58904,16,STAND/UNKNOWN/#0/LOW_FORCE/REST/act=0/mav=48793/base=435495/th=56455
1778760489.937,6208,-30,631488,0,58904,16,STAND/UNKNOWN/#0/LOW_FORCE/REST/act=0/mav=48793/base=435495/th=56455
1778760490.006,6209,-30,628398,0,58904,16,STAND/UNKNOWN/#0/LOW_FORCE/REST/act=0/mav=48793/base=435495/th=56455
1778760490.007,6210,-30,629724,0,58904,16,STAND/UNKNOWN/#0/LOW_FORCE/REST/act=0/mav=48793/base=435495/th=56455
1778760490.007,6211,-30,631461,0,58904,16,STAND/UNKNOWN/#0/LOW_FORCE/REST/act=0/mav=48793/base=435495/th=56455
1778760490.063,6212,-30,637175,0,58904,16,STAND/UNKNOWN/#0/LOW_FORCE/REST/act=0/mav=48793/base=435495/th=56455
1778760490.063,6213,-30,635817,0,58904,16,STAND/UNKNOWN/#0/LOW_FORCE/REST/act=0/mav=48793/base=435495/th=56455
1778760490.063,6214,-30,631419,0,58904,16,STAND/UNKNOWN/#0/LOW_FORCE/REST/act=0/mav=48793/base=435495/th=56455
1778760490.120,6215,-30,628829,0,58904,16,STAND/UNKNOWN/#0/LOW_FORCE/REST/act=0/mav=48793/base=435495/th=56455
1778760490.120,6216,-30,625790,0,58904,16,STAND/UNKNOWN/#0/LOW_FORCE/REST/act=0/mav=48793/base=435495/th=56455
1778760490.120,6217,-30,624231,0,55133,0,STAND/UNKNOWN/#0/LOW_FORCE/REST/act=0/mav=43982/base=435495/th=56455
1778760490.177,6218,-30,625303,0,55133,0,STAND/UNKNOWN/#0/LOW_FORCE/REST/act=0/mav=43982/base=435495/th=56455
1778760490.177,6219,-30,627473,0,55133,0,STAND/UNKNOWN/#0/LOW_FORCE/REST/act=0/mav=43982/base=435495/th=56455
1778760490.177,6220,-30,631046,0,55133,0,STAND/UNKNOWN/#0/LOW_FORCE/REST/act=0/mav=43982/base=435495/th=56455
1778760490.233,6221,-30,630721,0,55133,0,STAND/UNKNOWN/#0/LOW_FORCE/REST/act=0/mav=43982/base=435495/th=56455
1778760490.234,6222,-30,626941,0,55133,0,STAND/UNKNOWN/#0/LOW_FORCE/REST/act=0/mav=43982/base=435495/th=56455
1778760490.234,6223,-30,623572,0,55133,0,STAND/UNKNOWN/#0/LOW_FORCE/REST/act=0/mav=43982/base=435495/th=56455
1778760490.294,6224,-30,622260,0,55133,0,STAND/UNKNOWN/#0/LOW_FORCE/REST/act=0/mav=43982/base=435495/th=56455
1778760490.294,6225,-30,618936,0,55133,0,STAND/UNKNOWN/#0/LOW_FORCE/REST/act=0/mav=43982/base=435495/th=56455
1778760490.294,6226,-30,620382,0,55133,0,STAND/UNKNOWN/#0/LOW_FORCE/REST/act=0/mav=43982/base=435495/th=56455
1778760490.357,6227,-30,623274,0,55133,0,STAND/UNKNOWN/#0/LOW_FORCE/REST/act=0/mav=43982/base=435495/th=56455
1778760490.358,6228,-30,624851,0,55133,0,STAND/UNKNOWN/#0/LOW_FORCE/REST/act=0/mav=43982/base=435495/th=56455
1778760490.358,6229,-30,625673,0,55133,0,STAND/UNKNOWN/#0/LOW_FORCE/REST/act=0/mav=43982/base=435495/th=56455
1778760490.419,6230,-30,622688,0,52165,0,STAND/UNKNOWN/#0/LOW_FORCE/REST/act=0/mav=41031/base=435495/th=56455
1778760490.419,6231,-30,617722,0,52165,0,STAND/UNKNOWN/#0/LOW_FORCE/REST/act=0/mav=41031/base=435495/th=56455
1778760490.419,6232,-30,617631,0,52165,0,STAND/UNKNOWN/#0/LOW_FORCE/REST/act=0/mav=41031/base=435495/th=56455
1778760490.478,6233,-30,613451,0,52165,0,STAND/UNKNOWN/#0/LOW_FORCE/REST/act=0/mav=41031/base=435495/th=56455
1778760490.479,6234,-30,614681,0,52165,0,STAND/UNKNOWN/#0/LOW_FORCE/REST/act=0/mav=41031/base=435495/th=56455
1778760490.479,6235,-30,616419,0,52165,0,STAND/UNKNOWN/#0/LOW_FORCE/REST/act=0/mav=41031/base=435495/th=56455
1778760490.536,6236,-30,619673,0,52165,0,STAND/UNKNOWN/#0/LOW_FORCE/REST/act=0/mav=41031/base=435495/th=56455
1778760490.537,6237,-30,618838,0,52165,0,STAND/UNKNOWN/#0/LOW_FORCE/REST/act=0/mav=41031/base=435495/th=56455
1778760490.537,6238,-30,613902,0,52165,0,STAND/UNKNOWN/#0/LOW_FORCE/REST/act=0/mav=41031/base=435495/th=56455
1778760490.593,6239,-30,611926,0,52165,0,STAND/UNKNOWN/#0/LOW_FORCE/REST/act=0/mav=41031/base=435495/th=56455
1778760490.593,6240,-30,609961,0,52165,0,STAND/UNKNOWN/#0/LOW_FORCE/REST/act=0/mav=41031/base=435495/th=56455
1778760490.593,6241,-30,606671,0,52165,0,STAND/UNKNOWN/#0/LOW_FORCE/REST/act=0/mav=41031/base=435495/th=56455
1778760490.650,6242,-30,607756,0,52165,0,STAND/UNKNOWN/#0/LOW_FORCE/REST/act=0/mav=41031/base=435495/th=56455
1778760490.651,6243,-30,609119,0,48614,11,STAND/UNKNOWN/#0/LOW_FORCE/REST/act=0/mav=39486/base=435495/th=56455
1778760490.651,6244,-30,614129,0,48614,11,STAND/UNKNOWN/#0/LOW_FORCE/REST/act=0/mav=39486/base=435495/th=56455
1778760490.709,6245,-30,611455,0,48614,11,STAND/UNKNOWN/#0/LOW_FORCE/REST/act=0/mav=39486/base=435495/th=56455
1778760490.710,6246,-30,607784,0,48614,11,STAND/UNKNOWN/#0/LOW_FORCE/REST/act=0/mav=39486/base=435495/th=56455
1778760490.710,6247,-30,605706,0,48614,11,STAND/UNKNOWN/#0/LOW_FORCE/REST/act=0/mav=39486/base=435495/th=56455
1778760490.767,6248,-30,604530,0,48614,11,STAND/UNKNOWN/#0/LOW_FORCE/REST/act=0/mav=39486/base=435495/th=56455
1778760490.767,6249,-30,600914,0,48614,11,STAND/UNKNOWN/#0/LOW_FORCE/REST/act=0/mav=39486/base=435495/th=56455
1778760490.767,6250,-30,603656,0,48614,11,STAND/UNKNOWN/#0/LOW_FORCE/REST/act=0/mav=39486/base=435495/th=56455
1778760490.830,6251,-30,602988,0,48614,11,STAND/UNKNOWN/#0/LOW_FORCE/REST/act=0/mav=39486/base=435495/th=56455
1778760490.830,6252,-30,608148,0,48614,11,STAND/UNKNOWN/#0/LOW_FORCE/REST/act=0/mav=39486/base=435495/th=56455
1778760490.830,6253,-30,608783,0,48614,11,STAND/UNKNOWN/#0/LOW_FORCE/REST/act=0/mav=39486/base=435495/th=56455
1778760490.892,6254,-30,603591,0,48614,11,STAND/UNKNOWN/#0/LOW_FORCE/REST/act=0/mav=39486/base=435495/th=56455
1778760490.892,6255,-30,601264,0,48614,11,STAND/UNKNOWN/#0/LOW_FORCE/REST/act=0/mav=39486/base=435495/th=56455
1778760490.892,6256,-30,601003,0,45203,24,STAND/UNKNOWN/#0/LOW_FORCE/REST/act=0/mav=39394/base=435495/th=56455
1778760490.957,6257,-30,597988,0,45203,24,STAND/UNKNOWN/#0/LOW_FORCE/REST/act=0/mav=39394/base=435495/th=56455
1778760490.957,6258,-30,598351,0,45203,24,STAND/UNKNOWN/#0/LOW_FORCE/REST/act=0/mav=39394/base=435495/th=56455
1778760490.957,6259,-30,600244,0,45203,24,STAND/UNKNOWN/#0/LOW_FORCE/REST/act=0/mav=39394/base=435495/th=56455
1778760491.022,6260,-30,604466,0,45203,24,STAND/UNKNOWN/#0/LOW_FORCE/REST/act=0/mav=39394/base=435495/th=56455
1778760491.022,6261,-30,603271,0,45203,24,STAND/UNKNOWN/#0/LOW_FORCE/REST/act=0/mav=39394/base=435495/th=56455
1778760491.023,6262,-30,599132,0,45203,24,STAND/UNKNOWN/#0/LOW_FORCE/REST/act=0/mav=39394/base=435495/th=56455
1778760491.087,6263,-30,597014,0,45203,24,STAND/UNKNOWN/#0/LOW_FORCE/REST/act=0/mav=39394/base=435495/th=56455
1778760491.087,6264,-30,595859,0,45203,24,STAND/UNKNOWN/#0/LOW_FORCE/REST/act=0/mav=39394/base=435495/th=56455
1778760491.087,6265,-30,591886,0,45203,24,STAND/UNKNOWN/#0/LOW_FORCE/REST/act=0/mav=39394/base=435495/th=56455
1778760491.087,6266,-30,593128,0,45203,24,STAND/UNKNOWN/#0/LOW_FORCE/REST/act=0/mav=39394/base=435495/th=56455
1778760491.152,6267,-30,595544,0,45203,24,STAND/UNKNOWN/#0/LOW_FORCE/REST/act=0/mav=39394/base=435495/th=56455
1778760491.152,6268,-30,598360,0,42351,30,STAND/UNKNOWN/#0/LOW_FORCE/REST/act=0/mav=38963/base=435495/th=56455
1778760491.152,6269,-30,597984,0,42351,30,STAND/UNKNOWN/#0/LOW_FORCE/REST/act=0/mav=38963/base=435495/th=56455
1778760491.216,6270,-30,594165,0,42351,30,STAND/UNKNOWN/#0/LOW_FORCE/REST/act=0/mav=38963/base=435495/th=56455
1778760491.216,6271,-30,590416,0,42351,30,STAND/UNKNOWN/#0/LOW_FORCE/REST/act=0/mav=38963/base=435495/th=56455
1778760491.216,6272,-30,590923,0,42351,30,STAND/UNKNOWN/#0/LOW_FORCE/REST/act=0/mav=38963/base=435495/th=56455
1778760491.281,6273,-30,589182,0,42351,30,STAND/UNKNOWN/#0/LOW_FORCE/REST/act=0/mav=38963/base=435495/th=56455
1778760491.281,6274,-30,588935,0,42351,30,STAND/UNKNOWN/#0/LOW_FORCE/REST/act=0/mav=38963/base=435495/th=56455
1778760491.281,6275,-30,591246,0,42351,30,STAND/UNKNOWN/#0/LOW_FORCE/REST/act=0/mav=38963/base=435495/th=56455
1778760491.347,6276,-30,593999,0,42351,30,STAND/UNKNOWN/#0/LOW_FORCE/REST/act=0/mav=38963/base=435495/th=56455
1778760491.347,6277,-30,592761,0,42351,30,STAND/UNKNOWN/#0/LOW_FORCE/REST/act=0/mav=38963/base=435495/th=56455
1778760491.347,6278,-30,587160,0,42351,30,STAND/UNKNOWN/#0/LOW_FORCE/REST/act=0/mav=38963/base=435495/th=56455
1778760491.347,6279,-30,585289,0,42351,30,STAND/UNKNOWN/#0/LOW_FORCE/REST/act=0/mav=38963/base=435495/th=56455
1778760491.406,6280,-30,585670,0,42351,30,STAND/UNKNOWN/#0/LOW_FORCE/REST/act=0/mav=38963/base=435495/th=56455
1778760491.406,6281,-30,581955,0,40451,42,STAND/UNKNOWN/#0/LOW_FORCE/REST/act=0/mav=38147/base=435495/th=56455
1778760491.406,6282,-30,582229,0,40451,42,STAND/UNKNOWN/#0/LOW_FORCE/REST/act=0/mav=38147/base=435495/th=56455
1778760491.465,6283,-30,584086,0,40451,42,STAND/UNKNOWN/#0/LOW_FORCE/REST/act=0/mav=38147/base=435495/th=56455
1778760491.465,6284,-30,588180,0,40451,42,STAND/UNKNOWN/#0/LOW_FORCE/REST/act=0/mav=38147/base=435495/th=56455
1778760491.523,6285,-30,586432,0,40451,42,STAND/UNKNOWN/#0/LOW_FORCE/REST/act=0/mav=38147/base=435495/th=56455
1778760491.523,6286,-30,582633,0,40451,42,STAND/UNKNOWN/#0/LOW_FORCE/REST/act=0/mav=38147/base=435495/th=56455
1778760491.523,6287,-30,579685,0,40451,42,STAND/UNKNOWN/#0/LOW_FORCE/REST/act=0/mav=38147/base=435495/th=56455
1778760491.583,6288,-30,578558,0,40451,42,STAND/UNKNOWN/#0/LOW_FORCE/REST/act=0/mav=38147/base=435495/th=56455
1778760491.583,6289,-30,576545,0,40451,42,STAND/UNKNOWN/#0/LOW_FORCE/REST/act=0/mav=38147/base=435495/th=56455
1778760491.583,6290,-30,576904,0,40451,42,STAND/UNKNOWN/#0/LOW_FORCE/REST/act=0/mav=38147/base=435495/th=56455
1778760491.642,6291,-30,580559,0,40451,42,STAND/UNKNOWN/#0/LOW_FORCE/REST/act=0/mav=38147/base=435495/th=56455
1778760491.642,6292,-30,585746,0,40451,42,STAND/UNKNOWN/#0/LOW_FORCE/REST/act=0/mav=38147/base=435495/th=56455
1778760491.642,6293,-30,585439,0,40451,42,STAND/UNKNOWN/#0/LOW_FORCE/REST/act=0/mav=38147/base=435495/th=56455
1778760491.714,6294,-30,581596,0,39690,50,STAND/UNKNOWN/#0/LOW_FORCE/REST/act=0/mav=37600/base=435495/th=56455
1778760491.715,6295,-30,572591,0,39690,50,STAND/UNKNOWN/#0/LOW_FORCE/REST/act=0/mav=37600/base=435495/th=56455
1778760491.715,6296,-30,572651,0,39690,50,STAND/UNKNOWN/#0/LOW_FORCE/REST/act=0/mav=37600/base=435495/th=56455
1778760491.715,6297,-30,571509,0,39690,50,STAND/UNKNOWN/#0/LOW_FORCE/REST/act=0/mav=37600/base=435495/th=56455
1778760491.790,6298,-30,573404,0,39690,50,STAND/UNKNOWN/#0/LOW_FORCE/REST/act=0/mav=37600/base=435495/th=56455
1778760491.790,6299,-30,575358,0,39690,50,STAND/UNKNOWN/#0/LOW_FORCE/REST/act=0/mav=37600/base=435495/th=56455
1778760491.790,6300,-30,576985,0,39690,50,STAND/UNKNOWN/#0/LOW_FORCE/REST/act=0/mav=37600/base=435495/th=56455
1778760491.790,6301,-30,575475,0,39690,50,STAND/UNKNOWN/#0/LOW_FORCE/REST/act=0/mav=37600/base=435495/th=56455
1778760491.880,6302,-30,569307,0,39690,50,STAND/UNKNOWN/#0/LOW_FORCE/REST/act=0/mav=37600/base=435495/th=56455
1778760491.880,6303,-30,566293,0,39690,50,STAND/UNKNOWN/#0/LOW_FORCE/REST/act=0/mav=37600/base=435495/th=56455
1778760491.880,6304,-30,564211,0,39690,50,STAND/UNKNOWN/#0/LOW_FORCE/REST/act=0/mav=37600/base=435495/th=56455
1778760491.880,6305,-30,561789,0,39690,50,STAND/UNKNOWN/#0/LOW_FORCE/REST/act=0/mav=37600/base=435495/th=56455
1778760491.951,6306,-30,561790,0,39690,50,STAND/UNKNOWN/#0/LOW_FORCE/REST/act=0/mav=37600/base=435495/th=56455
1778760491.951,6307,-30,564019,0,36957,29,STAND/UNKNOWN/#0/LOW_FORCE/REST/act=0/mav=32773/base=435495/th=56455
1778760491.951,6308,-30,566670,0,36957,29,STAND/UNKNOWN/#0/LOW_FORCE/REST/act=0/mav=32773/base=435495/th=56455
1778760491.951,6309,-30,566994,0,36957,29,STAND/UNKNOWN/#0/LOW_FORCE/REST/act=0/mav=32773/base=435495/th=56455
1778760492.038,6310,-30,560439,0,36957,29,STAND/UNKNOWN/#0/LOW_FORCE/REST/act=0/mav=32773/base=435495/th=56455
1778760492.038,6311,-30,560180,0,36957,29,STAND/UNKNOWN/#0/LOW_FORCE/REST/act=0/mav=32773/base=435495/th=56455
1778760492.038,6312,-30,556158,0,36957,29,STAND/UNKNOWN/#0/LOW_FORCE/REST/act=0/mav=32773/base=435495/th=56455
1778760492.039,6313,-30,554966,0,36957,29,STAND/UNKNOWN/#0/LOW_FORCE/REST/act=0/mav=32773/base=435495/th=56455
1778760492.131,6314,-30,556234,0,36957,29,STAND/UNKNOWN/#0/LOW_FORCE/REST/act=0/mav=32773/base=435495/th=56455
1778760492.132,6315,-30,559211,0,36957,29,STAND/UNKNOWN/#0/LOW_FORCE/REST/act=0/mav=32773/base=435495/th=56455
1778760492.132,6316,-30,563400,0,36957,29,STAND/UNKNOWN/#0/LOW_FORCE/REST/act=0/mav=32773/base=435495/th=56455
1778760492.132,6317,-30,563071,0,36957,29,STAND/UNKNOWN/#0/LOW_FORCE/REST/act=0/mav=32773/base=435495/th=56455
1778760492.132,6318,-30,557609,0,36957,29,STAND/UNKNOWN/#0/LOW_FORCE/REST/act=0/mav=32773/base=435495/th=56455
1778760492.203,6319,-30,555023,0,36957,29,STAND/UNKNOWN/#0/LOW_FORCE/REST/act=0/mav=32773/base=435495/th=56455
1778760492.203,6320,-30,566216,0,35229,4,STAND/UNKNOWN/#0/LOW_FORCE/REST/act=0/mav=28477/base=435495/th=56455
1778760492.203,6321,-30,564913,0,35229,4,STAND/UNKNOWN/#0/LOW_FORCE/REST/act=0/mav=28477/base=435495/th=56455
1778760492.267,6322,-30,566749,0,35229,4,STAND/UNKNOWN/#0/LOW_FORCE/REST/act=0/mav=28477/base=435495/th=56455
1778760492.268,6323,-31,570519,0,35229,4,STAND/UNKNOWN/#0/LOW_FORCE/REST/act=0/mav=28477/base=435495/th=56455
1778760492.268,6324,-31,573826,0,35229,4,STAND/UNKNOWN/#0/LOW_FORCE/REST/act=0/mav=28477/base=435495/th=56455
1778760492.268,6325,-31,572253,0,35229,4,STAND/UNKNOWN/#0/LOW_FORCE/REST/act=0/mav=28477/base=435495/th=56455
1778760492.344,6326,-31,569180,0,35229,4,STAND/UNKNOWN/#0/LOW_FORCE/REST/act=0/mav=28477/base=435495/th=56455
1778760492.344,6327,-31,568599,0,35229,4,STAND/UNKNOWN/#0/LOW_FORCE/REST/act=0/mav=28477/base=435495/th=56455
1778760492.344,6328,-31,567416,0,35229,4,STAND/UNKNOWN/#0/LOW_FORCE/REST/act=0/mav=28477/base=435495/th=56455
1778760492.408,6329,-31,562192,0,35229,4,STAND/UNKNOWN/#0/LOW_FORCE/REST/act=0/mav=28477/base=435495/th=56455
1778760492.408,6330,-31,562893,0,35229,4,STAND/UNKNOWN/#0/LOW_FORCE/REST/act=0/mav=28477/base=435495/th=56455
1778760492.408,6331,-31,566098,0,35229,4,STAND/UNKNOWN/#0/LOW_FORCE/REST/act=0/mav=28477/base=435495/th=56455
1778760492.408,6332,-31,567418,0,32705,1,STAND/UNKNOWN/#0/LOW_FORCE/REST/act=0/mav=25773/base=435495/th=56455
1778760492.471,6333,-31,566080,0,32705,1,STAND/UNKNOWN/#0/LOW_FORCE/REST/act=0/mav=25773/base=435495/th=56455
1778760492.471,6334,-31,561656,0,32705,1,STAND/UNKNOWN/#0/LOW_FORCE/REST/act=0/mav=25773/base=435495/th=56455
1778760492.471,6335,-31,557708,0,32705,1,STAND/UNKNOWN/#0/LOW_FORCE/REST/act=0/mav=25773/base=435495/th=56455
1778760492.531,6336,-31,557266,0,32705,1,STAND/UNKNOWN/#0/LOW_FORCE/REST/act=0/mav=25773/base=435495/th=56455
1778760492.531,6337,-31,555313,0,32705,1,STAND/UNKNOWN/#0/LOW_FORCE/REST/act=0/mav=25773/base=435495/th=56455
1778760492.531,6338,-31,558533,0,32705,1,STAND/UNKNOWN/#0/LOW_FORCE/REST/act=0/mav=25773/base=435495/th=56455
1778760492.597,6339,-31,561732,0,32705,1,STAND/UNKNOWN/#0/LOW_FORCE/REST/act=0/mav=25773/base=435495/th=56455
1778760492.597,6340,-31,566853,0,32705,1,STAND/UNKNOWN/#0/LOW_FORCE/REST/act=0/mav=25773/base=435495/th=56455
1778760492.598,6341,-31,566923,0,32705,1,STAND/UNKNOWN/#0/LOW_FORCE/REST/act=0/mav=25773/base=435495/th=56455
1778760492.669,6342,-31,561943,0,32705,1,STAND/UNKNOWN/#0/LOW_FORCE/REST/act=0/mav=25773/base=435495/th=56455
1778760492.670,6343,-31,560109,0,32705,1,STAND/UNKNOWN/#0/LOW_FORCE/REST/act=0/mav=25773/base=435495/th=56455
1778760492.670,6344,-31,557940,0,32705,1,STAND/UNKNOWN/#0/LOW_FORCE/REST/act=0/mav=25773/base=435495/th=56455
1778760492.670,6345,-31,556099,0,28744,1,STAND/UNKNOWN/#0/LOW_FORCE/REST/act=0/mav=23067/base=435495/th=56455
1778760492.758,6346,-31,555801,0,28744,1,STAND/UNKNOWN/#0/LOW_FORCE/REST/act=0/mav=23067/base=435495/th=56455
1778760492.758,6347,-31,561669,0,28744,1,STAND/UNKNOWN/#0/LOW_FORCE/REST/act=0/mav=23067/base=435495/th=56455
1778760492.758,6348,-31,563346,0,28744,1,STAND/UNKNOWN/#0/LOW_FORCE/REST/act=0/mav=23067/base=435495/th=56455
1778760492.758,6349,-31,562531,0,28744,1,STAND/UNKNOWN/#0/LOW_FORCE/REST/act=0/mav=23067/base=435495/th=56455
1778760492.851,6350,-31,558507,0,28744,1,STAND/UNKNOWN/#0/LOW_FORCE/REST/act=0/mav=23067/base=435495/th=56455
1778760492.852,6351,-31,557273,0,28744,1,STAND/UNKNOWN/#0/LOW_FORCE/REST/act=0/mav=23067/base=435495/th=56455
1778760492.852,6352,-31,554926,0,28744,1,STAND/UNKNOWN/#0/LOW_FORCE/REST/act=0/mav=23067/base=435495/th=56455
1778760492.852,6353,-31,553789,0,28744,1,STAND/UNKNOWN/#0/LOW_FORCE/REST/act=0/mav=23067/base=435495/th=56455
1778760492.852,6354,-31,554419,0,28744,1,STAND/UNKNOWN/#0/LOW_FORCE/REST/act=0/mav=23067/base=435495/th=56455
1778760492.923,6355,-31,556899,0,28744,1,STAND/UNKNOWN/#0/LOW_FORCE/REST/act=0/mav=23067/base=435495/th=56455
1778760492.923,6356,-31,560844,0,28744,1,STAND/UNKNOWN/#0/LOW_FORCE/REST/act=0/mav=23067/base=435495/th=56455
1778760492.923,6357,-31,559374,0,28744,1,STAND/UNKNOWN/#0/LOW_FORCE/REST/act=0/mav=23067/base=435495/th=56455
1778760492.990,6358,-31,554649,0,28416,0,STAND/UNKNOWN/#0/LOW_FORCE/REST/act=0/mav=23042/base=435495/th=56455
1778760492.991,6359,-31,551984,0,28416,0,STAND/UNKNOWN/#0/LOW_FORCE/REST/act=0/mav=23042/base=435495/th=56455
1778760492.991,6360,-31,550679,0,28416,0,STAND/UNKNOWN/#0/LOW_FORCE/REST/act=0/mav=23042/base=435495/th=56455
1778760492.991,6361,-31,547117,0,28416,0,STAND/UNKNOWN/#0/LOW_FORCE/REST/act=0/mav=23042/base=435495/th=56455
1778760493.062,6362,-31,548021,0,28416,0,STAND/UNKNOWN/#0/LOW_FORCE/REST/act=0/mav=23042/base=435495/th=56455
1778760493.063,6363,-31,552356,0,28416,0,STAND/UNKNOWN/#0/LOW_FORCE/REST/act=0/mav=23042/base=435495/th=56455
1778760493.063,6364,-31,556475,0,28416,0,STAND/UNKNOWN/#0/LOW_FORCE/REST/act=0/mav=23042/base=435495/th=56455
1778760493.130,6365,-31,554029,0,28416,0,STAND/UNKNOWN/#0/LOW_FORCE/REST/act=0/mav=23042/base=435495/th=56455
1778760493.130,6366,-31,550355,0,28416,0,STAND/UNKNOWN/#0/LOW_FORCE/REST/act=0/mav=23042/base=435495/th=56455
1778760493.130,6367,-31,549336,0,28416,0,STAND/UNKNOWN/#0/LOW_FORCE/REST/act=0/mav=23042/base=435495/th=56455
1778760493.130,6368,-31,547538,0,28416,0,STAND/UNKNOWN/#0/LOW_FORCE/REST/act=0/mav=23042/base=435495/th=56455
1778760493.205,6369,-31,546676,0,28416,0,STAND/UNKNOWN/#0/LOW_FORCE/REST/act=0/mav=23042/base=435495/th=56455
1778760493.205,6370,-31,546473,0,28416,0,STAND/UNKNOWN/#0/LOW_FORCE/REST/act=0/mav=23042/base=435495/th=56455
1778760493.205,6371,-31,549732,0,29048,0,STAND/UNKNOWN/#0/LOW_FORCE/REST/act=0/mav=22707/base=435495/th=56455
1778760493.280,6372,-31,553494,0,29048,0,STAND/UNKNOWN/#0/LOW_FORCE/REST/act=0/mav=22707/base=435495/th=56455
1778760493.280,6373,-31,552682,0,29048,0,STAND/UNKNOWN/#0/LOW_FORCE/REST/act=0/mav=22707/base=435495/th=56455
1778760493.281,6374,-31,548086,0,29048,0,STAND/UNKNOWN/#0/LOW_FORCE/REST/act=0/mav=22707/base=435495/th=56455
1778760493.281,6375,-31,545857,0,29048,0,STAND/UNKNOWN/#0/LOW_FORCE/REST/act=0/mav=22707/base=435495/th=56455
1778760493.349,6376,-31,543929,0,29048,0,STAND/UNKNOWN/#0/LOW_FORCE/REST/act=0/mav=22707/base=435495/th=56455
1778760493.349,6377,-31,539688,0,29048,0,STAND/UNKNOWN/#0/LOW_FORCE/REST/act=0/mav=22707/base=435495/th=56455
1778760493.349,6378,-31,543174,0,29048,0,STAND/UNKNOWN/#0/LOW_FORCE/REST/act=0/mav=22707/base=435495/th=56455
1778760493.349,6379,-31,543653,0,29048,0,STAND/UNKNOWN/#0/LOW_FORCE/REST/act=0/mav=22707/base=435495/th=56455
1778760493.422,6380,-31,547306,0,29048,0,STAND/UNKNOWN/#0/LOW_FORCE/REST/act=0/mav=22707/base=435495/th=56455
1778760493.423,6381,-31,545494,0,29048,0,STAND/UNKNOWN/#0/LOW_FORCE/REST/act=0/mav=22707/base=435495/th=56455
1778760493.423,6382,-31,542438,0,29048,0,STAND/UNKNOWN/#0/LOW_FORCE/REST/act=0/mav=22707/base=435495/th=56455
1778760493.489,6383,-31,539406,0,29048,0,STAND/UNKNOWN/#0/LOW_FORCE/REST/act=0/mav=22707/base=435495/th=56455
1778760493.490,6384,-31,538315,0,30459,0,STAND/UNKNOWN/#0/LOW_FORCE/REST/act=0/mav=22496/base=435495/th=56455
1778760493.490,6385,-31,537832,0,30459,0,STAND/UNKNOWN/#0/LOW_FORCE/REST/act=0/mav=22496/base=435495/th=56455
1778760493.490,6386,-31,537907,0,30459,0,STAND/UNKNOWN/#0/LOW_FORCE/REST/act=0/mav=22496/base=435495/th=56455
1778760493.556,6387,-31,541001,0,30459,0,STAND/UNKNOWN/#0/LOW_FORCE/REST/act=0/mav=22496/base=435495/th=56455
1778760493.556,6388,-31,544015,0,30459,0,STAND/UNKNOWN/#0/LOW_FORCE/REST/act=0/mav=22496/base=435495/th=56455
1778760493.556,6389,-31,542301,0,30459,0,STAND/UNKNOWN/#0/LOW_FORCE/REST/act=0/mav=22496/base=435495/th=56455
1778760493.625,6390,-31,538389,0,30459,0,STAND/UNKNOWN/#0/LOW_FORCE/REST/act=0/mav=22496/base=435495/th=56455
1778760493.625,6391,-31,535489,0,30459,0,STAND/UNKNOWN/#0/LOW_FORCE/REST/act=0/mav=22496/base=435495/th=56455
1778760493.625,6392,-31,535919,0,30459,0,STAND/UNKNOWN/#0/LOW_FORCE/REST/act=0/mav=22496/base=435495/th=56455
1778760493.625,6393,-31,531586,0,30459,0,STAND/UNKNOWN/#0/LOW_FORCE/REST/act=0/mav=22496/base=435495/th=56455
1778760493.691,6394,-31,533628,0,30459,0,STAND/UNKNOWN/#0/LOW_FORCE/REST/act=0/mav=22496/base=435495/th=56455
1778760493.692,6395,-31,536263,0,30459,0,STAND/UNKNOWN/#0/LOW_FORCE/REST/act=0/mav=22496/base=435495/th=56455
1778760493.692,6396,-31,538514,0,32205,0,STAND/UNKNOWN/#0/LOW_FORCE/REST/act=0/mav=23721/base=435495/th=56455
1778760493.762,6397,-31,538000,0,32205,0,STAND/UNKNOWN/#0/LOW_FORCE/REST/act=0/mav=23721/base=435495/th=56455
1778760493.762,6398,-31,534222,0,32205,0,STAND/UNKNOWN/#0/LOW_FORCE/REST/act=0/mav=23721/base=435495/th=56455
1778760493.762,6399,-31,531586,0,32205,0,STAND/UNKNOWN/#0/LOW_FORCE/REST/act=0/mav=23721/base=435495/th=56455
1778760493.846,6400,-31,529523,0,32205,0,STAND/UNKNOWN/#0/LOW_FORCE/REST/act=0/mav=23721/base=435495/th=56455
1778760493.846,6401,-31,528478,0,32205,0,STAND/UNKNOWN/#0/LOW_FORCE/REST/act=0/mav=23721/base=435495/th=56455
1778760493.846,6402,-31,530431,0,32205,0,STAND/UNKNOWN/#0/LOW_FORCE/REST/act=0/mav=23721/base=435495/th=56455
1778760493.846,6403,-31,532701,0,32205,0,STAND/UNKNOWN/#0/LOW_FORCE/REST/act=0/mav=23721/base=435495/th=56455
1778760493.846,6404,-31,533876,0,32205,0,STAND/UNKNOWN/#0/LOW_FORCE/REST/act=0/mav=23721/base=435495/th=56455
1778760493.915,6405,-31,533851,0,32205,0,STAND/UNKNOWN/#0/LOW_FORCE/REST/act=0/mav=23721/base=435495/th=56455
1778760493.916,6406,-31,530186,0,32205,0,STAND/UNKNOWN/#0/LOW_FORCE/REST/act=0/mav=23721/base=435495/th=56455
1778760493.916,6407,-31,528241,0,32205,0,STAND/UNKNOWN/#0/LOW_FORCE/REST/act=0/mav=23721/base=435495/th=56455
1778760493.988,6408,-31,527113,0,32205,0,STAND/UNKNOWN/#0/LOW_FORCE/REST/act=0/mav=23721/base=435495/th=56455
1778760493.988,6409,-31,524288,0,33659,0,STAND/UNKNOWN/#0/LOW_FORCE/REST/act=0/mav=25484/base=435495/th=56455
1778760493.988,6410,-31,527208,0,33659,0,STAND/UNKNOWN/#0/LOW_FORCE/REST/act=0/mav=25484/base=435495/th=56455
1778760493.988,6411,-31,529138,0,33659,0,STAND/UNKNOWN/#0/LOW_FORCE/REST/act=0/mav=25484/base=435495/th=56455
1778760494.061,6412,-31,530989,0,33659,0,STAND/UNKNOWN/#0/LOW_FORCE/REST/act=0/mav=25484/base=435495/th=56455
1778760494.061,6413,-31,531126,0,33659,0,STAND/UNKNOWN/#0/LOW_FORCE/REST/act=0/mav=25484/base=435495/th=56455
1778760494.061,6414,-31,526034,0,33659,0,STAND/UNKNOWN/#0/LOW_FORCE/REST/act=0/mav=25484/base=435495/th=56455
1778760494.138,6415,-31,523534,0,33659,0,STAND/UNKNOWN/#0/LOW_FORCE/REST/act=0/mav=25484/base=435495/th=56455
1778760494.138,6416,-31,522432,0,33659,0,STAND/UNKNOWN/#0/LOW_FORCE/REST/act=0/mav=25484/base=435495/th=56455
1778760494.138,6417,-31,519213,0,33659,0,STAND/UNKNOWN/#0/LOW_FORCE/REST/act=0/mav=25484/base=435495/th=56455
1778760494.138,6418,-31,521579,0,33659,0,STAND/UNKNOWN/#0/LOW_FORCE/REST/act=0/mav=25484/base=435495/th=56455
1778760494.204,6419,-31,524113,0,33659,0,STAND/UNKNOWN/#0/LOW_FORCE/REST/act=0/mav=25484/base=435495/th=56455
1778760494.204,6420,-31,528352,0,33659,0,STAND/UNKNOWN/#0/LOW_FORCE/REST/act=0/mav=25484/base=435495/th=56455
1778760494.205,6421,-31,527560,0,33659,0,STAND/UNKNOWN/#0/LOW_FORCE/REST/act=0/mav=25484/base=435495/th=56455
1778760494.266,6422,-31,522449,0,35488,6,STAND/UNKNOWN/#0/LOW_FORCE/REST/act=0/mav=27622/base=435495/th=56455
1778760494.266,6423,-31,518679,0,35488,6,STAND/UNKNOWN/#0/LOW_FORCE/REST/act=0/mav=27622/base=435495/th=56455
1778760494.266,6424,-31,519190,0,35488,6,STAND/UNKNOWN/#0/LOW_FORCE/REST/act=0/mav=27622/base=435495/th=56455
1778760494.266,6425,-31,515993,0,35488,6,STAND/UNKNOWN/#0/LOW_FORCE/REST/act=0/mav=27622/base=435495/th=56455
1778760494.328,6426,-31,518014,0,35488,6,STAND/UNKNOWN/#0/LOW_FORCE/REST/act=0/mav=27622/base=435495/th=56455
1778760494.328,6427,-31,519430,0,35488,6,STAND/UNKNOWN/#0/LOW_FORCE/REST/act=0/mav=27622/base=435495/th=56455
1778760494.328,6428,-31,524352,0,35488,6,STAND/UNKNOWN/#0/LOW_FORCE/REST/act=0/mav=27622/base=435495/th=56455
1778760494.389,6429,-31,522312,0,35488,6,STAND/UNKNOWN/#0/LOW_FORCE/REST/act=0/mav=27622/base=435495/th=56455
1778760494.389,6430,-31,518528,0,35488,6,STAND/UNKNOWN/#0/LOW_FORCE/REST/act=0/mav=27622/base=435495/th=56455
1778760494.389,6431,-31,516430,0,35488,6,STAND/UNKNOWN/#0/LOW_FORCE/REST/act=0/mav=27622/base=435495/th=56455
1778760494.453,6432,-31,515886,0,35488,6,STAND/UNKNOWN/#0/LOW_FORCE/REST/act=0/mav=27622/base=435495/th=56455
1778760494.453,6433,-31,510907,0,35488,6,STAND/UNKNOWN/#0/LOW_FORCE/REST/act=0/mav=27622/base=435495/th=56455
1778760494.453,6434,-31,513718,0,35488,6,STAND/UNKNOWN/#0/LOW_FORCE/REST/act=0/mav=27622/base=435495/th=56455
1778760494.514,6435,-31,516645,0,38390,19,STAND/UNKNOWN/#0/LOW_FORCE/REST/act=0/mav=30744/base=435495/th=56455
1778760494.514,6436,-31,520078,0,38390,19,STAND/UNKNOWN/#0/LOW_FORCE/REST/act=0/mav=30744/base=435495/th=56455
1778760494.514,6437,-31,519688,0,38390,19,STAND/UNKNOWN/#0/LOW_FORCE/REST/act=0/mav=30744/base=435495/th=56455
1778760494.576,6438,-31,514753,0,38390,19,STAND/UNKNOWN/#0/LOW_FORCE/REST/act=0/mav=30744/base=435495/th=56455
1778760494.576,6439,-31,512583,0,38390,19,STAND/UNKNOWN/#0/LOW_FORCE/REST/act=0/mav=30744/base=435495/th=56455
1778760494.576,6440,-31,512612,0,38390,19,STAND/UNKNOWN/#0/LOW_FORCE/REST/act=0/mav=30744/base=435495/th=56455
1778760494.642,6441,-31,508096,0,38390,19,STAND/UNKNOWN/#0/LOW_FORCE/REST/act=0/mav=30744/base=435495/th=56455
1778760494.642,6442,-31,508219,0,38390,19,STAND/UNKNOWN/#0/LOW_FORCE/REST/act=0/mav=30744/base=435495/th=56455
1778760494.642,6443,-31,512293,0,38390,19,STAND/UNKNOWN/#0/LOW_FORCE/REST/act=0/mav=30744/base=435495/th=56455
1778760494.700,6444,-31,517449,0,38390,19,STAND/UNKNOWN/#0/LOW_FORCE/REST/act=0/mav=30744/base=435495/th=56455
1778760494.700,6445,-31,515681,0,38390,19,STAND/UNKNOWN/#0/LOW_FORCE/REST/act=0/mav=30744/base=435495/th=56455
1778760494.700,6446,-31,509516,0,38390,19,STAND/UNKNOWN/#0/LOW_FORCE/REST/act=0/mav=30744/base=435495/th=56455
1778760494.764,6447,-31,507805,0,38390,19,STAND/UNKNOWN/#0/LOW_FORCE/REST/act=0/mav=30744/base=435495/th=56455
1778760494.764,6448,-31,506658,0,40588,28,STAND/UNKNOWN/#0/LOW_FORCE/REST/act=0/mav=33142/base=435495/th=56455
1778760494.764,6449,-31,504703,0,40588,28,STAND/UNKNOWN/#0/LOW_FORCE/REST/act=0/mav=33142/base=435495/th=56455
1778760494.820,6450,-31,505354,0,40588,28,STAND/UNKNOWN/#0/LOW_FORCE/REST/act=0/mav=33142/base=435495/th=56455
1778760494.820,6451,-31,509169,0,40588,28,STAND/UNKNOWN/#0/LOW_FORCE/REST/act=0/mav=33142/base=435495/th=56455
1778760494.820,6452,-31,511643,0,40588,28,STAND/UNKNOWN/#0/LOW_FORCE/REST/act=0/mav=33142/base=435495/th=56455
1778760494.889,6453,-31,512574,0,40588,28,STAND/UNKNOWN/#0/LOW_FORCE/REST/act=0/mav=33142/base=435495/th=56455
1778760494.889,6454,-31,507599,0,40588,28,STAND/UNKNOWN/#0/LOW_FORCE/REST/act=0/mav=33142/base=435495/th=56455
1778760494.889,6455,-31,504647,0,40588,28,STAND/UNKNOWN/#0/LOW_FORCE/REST/act=0/mav=33142/base=435495/th=56455
1778760494.889,6456,-31,505628,0,40588,28,STAND/UNKNOWN/#0/LOW_FORCE/REST/act=0/mav=33142/base=435495/th=56455
1778760494.955,6457,-31,501701,0,40588,28,STAND/UNKNOWN/#0/LOW_FORCE/REST/act=0/mav=33142/base=435495/th=56455
1778760494.955,6458,-31,502359,0,40588,28,STAND/UNKNOWN/#0/LOW_FORCE/REST/act=0/mav=33142/base=435495/th=56455
1778760494.955,6459,-31,505722,0,40588,28,STAND/UNKNOWN/#0/LOW_FORCE/REST/act=0/mav=33142/base=435495/th=56455
1778760495.022,6460,-31,507562,0,42768,36,STAND/UNKNOWN/#0/LOW_FORCE/REST/act=0/mav=35419/base=435495/th=56455
1778760495.022,6461,-31,506624,0,42768,36,STAND/UNKNOWN/#0/LOW_FORCE/REST/act=0/mav=35419/base=435495/th=56455
1778760495.022,6462,-31,503518,0,42768,36,STAND/UNKNOWN/#0/LOW_FORCE/REST/act=0/mav=35419/base=435495/th=56455
1778760495.080,6463,-31,499347,0,42768,36,STAND/UNKNOWN/#0/LOW_FORCE/REST/act=0/mav=35419/base=435495/th=56455
1778760495.081,6464,-31,499470,0,42768,36,STAND/UNKNOWN/#0/LOW_FORCE/REST/act=0/mav=35419/base=435495/th=56455
1778760495.081,6465,-31,495938,0,42768,36,STAND/UNKNOWN/#0/LOW_FORCE/REST/act=0/mav=35419/base=435495/th=56455
1778760495.139,6466,-31,499986,0,42768,36,STAND/UNKNOWN/#0/LOW_FORCE/REST/act=0/mav=35419/base=435495/th=56455
1778760495.140,6467,-31,502997,0,42768,36,STAND/UNKNOWN/#0/LOW_FORCE/REST/act=0/mav=35419/base=435495/th=56455
1778760495.140,6468,-31,505068,0,42768,36,STAND/UNKNOWN/#0/LOW_FORCE/REST/act=0/mav=35419/base=435495/th=56455
1778760495.194,6469,-31,505045,0,42768,36,STAND/UNKNOWN/#0/LOW_FORCE/REST/act=0/mav=35419/base=435495/th=56455
1778760495.194,6470,-31,501203,0,42768,36,STAND/UNKNOWN/#0/LOW_FORCE/REST/act=0/mav=35419/base=435495/th=56455
1778760495.194,6471,-31,498180,0,42768,36,STAND/UNKNOWN/#0/LOW_FORCE/REST/act=0/mav=35419/base=435495/th=56455
1778760495.249,6472,-31,496649,0,42768,36,STAND/UNKNOWN/#0/LOW_FORCE/REST/act=0/mav=35419/base=435495/th=56455
1778760495.249,6473,-31,494364,0,44578,44,STAND/UNKNOWN/#0/LOW_FORCE/REST/act=0/mav=37448/base=435495/th=56455
1778760495.249,6474,-31,495690,0,44578,44,STAND/UNKNOWN/#0/LOW_FORCE/REST/act=0/mav=37448/base=435495/th=56455
1778760495.303,6475,-31,499190,0,44578,44,STAND/UNKNOWN/#0/LOW_FORCE/REST/act=0/mav=37448/base=435495/th=56455
1778760495.303,6476,-31,500777,0,44578,44,STAND/UNKNOWN/#0/LOW_FORCE/REST/act=0/mav=37448/base=435495/th=56455
1778760495.371,6477,-31,500348,0,44578,44,STAND/UNKNOWN/#0/LOW_FORCE/REST/act=0/mav=37448/base=435495/th=56455
1778760495.371,6478,-31,495574,0,44578,44,STAND/UNKNOWN/#0/LOW_FORCE/REST/act=0/mav=37448/base=435495/th=56455
1778760495.371,6479,-31,494259,0,44578,44,STAND/UNKNOWN/#0/LOW_FORCE/REST/act=0/mav=37448/base=435495/th=56455
1778760495.372,6480,-31,494009,0,44578,44,STAND/UNKNOWN/#0/LOW_FORCE/REST/act=0/mav=37448/base=435495/th=56455
1778760495.434,6481,-31,489966,0,44578,44,STAND/UNKNOWN/#0/LOW_FORCE/REST/act=0/mav=37448/base=435495/th=56455
1778760495.435,6482,-31,493758,0,44578,44,STAND/UNKNOWN/#0/LOW_FORCE/REST/act=0/mav=37448/base=435495/th=56455
1778760495.435,6483,-31,496986,0,44578,44,STAND/UNKNOWN/#0/LOW_FORCE/REST/act=0/mav=37448/base=435495/th=56455
1778760495.499,6484,-31,499754,0,44578,44,STAND/UNKNOWN/#0/LOW_FORCE/REST/act=0/mav=37448/base=435495/th=56455
1778760495.499,6485,-31,498690,0,44578,44,STAND/UNKNOWN/#0/LOW_FORCE/REST/act=0/mav=37448/base=435495/th=56455
1778760495.499,6486,-31,493021,0,46593,41,STAND/UNKNOWN/#0/LOW_FORCE/REST/act=0/mav=39589/base=435495/th=56455
1778760495.560,6487,-31,492735,0,46593,41,STAND/UNKNOWN/#0/LOW_FORCE/REST/act=0/mav=39589/base=435495/th=56455
1778760495.560,6488,-31,491520,0,46593,41,STAND/UNKNOWN/#0/LOW_FORCE/REST/act=0/mav=39589/base=435495/th=56455
1778760495.560,6489,-31,488559,0,46593,41,STAND/UNKNOWN/#0/LOW_FORCE/REST/act=0/mav=39589/base=435495/th=56455
1778760495.619,6490,-31,489478,0,46593,41,STAND/UNKNOWN/#0/LOW_FORCE/REST/act=0/mav=39589/base=435495/th=56455
1778760495.620,6491,-31,492722,0,46593,41,STAND/UNKNOWN/#0/LOW_FORCE/REST/act=0/mav=39589/base=435495/th=56455
1778760495.620,6492,-31,497668,0,46593,41,STAND/UNKNOWN/#0/LOW_FORCE/REST/act=0/mav=39589/base=435495/th=56455
1778760495.680,6493,-31,493905,0,46593,41,STAND/UNKNOWN/#0/LOW_FORCE/REST/act=0/mav=39589/base=435495/th=56455
1778760495.680,6494,-31,490990,0,46593,41,STAND/UNKNOWN/#0/LOW_FORCE/REST/act=0/mav=39589/base=435495/th=56455
1778760495.680,6495,-31,488580,0,46593,41,STAND/UNKNOWN/#0/LOW_FORCE/REST/act=0/mav=39589/base=435495/th=56455
1778760495.741,6496,-31,487702,0,46593,41,STAND/UNKNOWN/#0/LOW_FORCE/REST/act=0/mav=39589/base=435495/th=56455
1778760495.741,6497,-31,485917,0,46593,41,STAND/UNKNOWN/#0/LOW_FORCE/REST/act=0/mav=39589/base=435495/th=56455
1778760495.741,6498,-31,488281,0,46593,41,STAND/UNKNOWN/#0/LOW_FORCE/REST/act=0/mav=39589/base=435495/th=56455
1778760495.803,6499,-31,490474,0,49049,37,STAND/UNKNOWN/#0/LOW_FORCE/REST/act=0/mav=41990/base=435495/th=56455
1778760495.804,6500,-31,494447,0,49049,37,STAND/UNKNOWN/#0/LOW_FORCE/REST/act=0/mav=41990/base=435495/th=56455
1778760495.804,6501,-31,493485,0,49049,37,STAND/UNKNOWN/#0/LOW_FORCE/REST/act=0/mav=41990/base=435495/th=56455
1778760495.881,6502,-31,488790,0,49049,37,STAND/UNKNOWN/#0/LOW_FORCE/REST/act=0/mav=41990/base=435495/th=56455
1778760495.881,6503,-31,486454,0,49049,37,STAND/UNKNOWN/#0/LOW_FORCE/REST/act=0/mav=41990/base=435495/th=56455
1778760495.881,6504,-31,487255,0,49049,37,STAND/UNKNOWN/#0/LOW_FORCE/REST/act=0/mav=41990/base=435495/th=56455
1778760495.881,6505,-31,484214,0,49049,37,STAND/UNKNOWN/#0/LOW_FORCE/REST/act=0/mav=41990/base=435495/th=56455
1778760495.947,6506,-31,485345,0,49049,37,STAND/UNKNOWN/#0/LOW_FORCE/REST/act=0/mav=41990/base=435495/th=56455
1778760495.947,6507,-31,488186,0,49049,37,STAND/UNKNOWN/#0/LOW_FORCE/REST/act=0/mav=41990/base=435495/th=56455
1778760495.948,6508,-31,492134,0,49049,37,STAND/UNKNOWN/#0/LOW_FORCE/REST/act=0/mav=41990/base=435495/th=56455
1778760495.948,6509,-31,489918,0,49049,37,STAND/UNKNOWN/#0/LOW_FORCE/REST/act=0/mav=41990/base=435495/th=56455
1778760496.007,6510,-31,486947,0,49049,37,STAND/UNKNOWN/#0/LOW_FORCE/REST/act=0/mav=41990/base=435495/th=56455
1778760496.007,6511,-31,485741,0,49049,37,STAND/UNKNOWN/#0/LOW_FORCE/REST/act=0/mav=41990/base=435495/th=56455
1778760496.078,6512,-31,482688,0,50065,32,STAND/UNKNOWN/#0/LOW_FORCE/REST/act=0/mav=43008/base=435495/th=56455
1778760496.078,6513,-31,479794,0,50065,32,STAND/UNKNOWN/#0/LOW_FORCE/REST/act=0/mav=43008/base=435495/th=56455
1778760496.078,6514,-31,483214,0,50065,32,STAND/UNKNOWN/#0/LOW_FORCE/REST/act=0/mav=43008/base=435495/th=56455
1778760496.078,6515,-31,486439,0,50065,32,STAND/UNKNOWN/#0/LOW_FORCE/REST/act=0/mav=43008/base=435495/th=56455
1778760496.138,6516,-31,490513,0,50065,32,STAND/UNKNOWN/#0/LOW_FORCE/REST/act=0/mav=43008/base=435495/th=56455
1778760496.139,6517,-31,488126,0,50065,32,STAND/UNKNOWN/#0/LOW_FORCE/REST/act=0/mav=43008/base=435495/th=56455
1778760496.139,6518,-31,483312,0,50065,32,STAND/UNKNOWN/#0/LOW_FORCE/REST/act=0/mav=43008/base=435495/th=56455
1778760496.199,6519,-31,483019,0,50065,32,STAND/UNKNOWN/#0/LOW_FORCE/REST/act=0/mav=43008/base=435495/th=56455
1778760496.199,6520,-31,480017,0,50065,32,STAND/UNKNOWN/#0/LOW_FORCE/REST/act=0/mav=43008/base=435495/th=56455
1778760496.199,6521,-31,478883,0,50065,32,STAND/UNKNOWN/#0/LOW_FORCE/REST/act=0/mav=43008/base=435495/th=56455
1778760496.265,6522,-31,481260,0,50065,32,STAND/UNKNOWN/#0/LOW_FORCE/REST/act=0/mav=43008/base=435495/th=56455
1778760496.265,6523,-31,483909,0,50065,32,STAND/UNKNOWN/#0/LOW_FORCE/REST/act=0/mav=43008/base=435495/th=56455
1778760496.265,6524,-31,487404,0,50922,25,STAND/UNKNOWN/#0/LOW_FORCE/REST/act=0/mav=43804/base=435495/th=56455
1778760496.328,6525,-31,484924,0,50922,25,STAND/UNKNOWN/#0/LOW_FORCE/REST/act=0/mav=43804/base=435495/th=56455
1778760496.329,6526,-31,482603,0,50922,25,STAND/UNKNOWN/#0/LOW_FORCE/REST/act=0/mav=43804/base=435495/th=56455
1778760496.329,6527,-31,480801,0,50922,25,STAND/UNKNOWN/#0/LOW_FORCE/REST/act=0/mav=43804/base=435495/th=56455
1778760496.329,6528,-31,477636,0,50922,25,STAND/UNKNOWN/#0/LOW_FORCE/REST/act=0/mav=43804/base=435495/th=56455
1778760496.390,6529,-31,477725,0,50922,25,STAND/UNKNOWN/#0/LOW_FORCE/REST/act=0/mav=43804/base=435495/th=56455
1778760496.390,6530,-31,478963,0,50922,25,STAND/UNKNOWN/#0/LOW_FORCE/REST/act=0/mav=43804/base=435495/th=56455
1778760496.390,6531,-31,482023,0,50922,25,STAND/UNKNOWN/#0/LOW_FORCE/REST/act=0/mav=43804/base=435495/th=56455
1778760496.456,6532,-31,485512,0,50922,25,STAND/UNKNOWN/#0/LOW_FORCE/REST/act=0/mav=43804/base=435495/th=56455
1778760496.456,6533,-31,484467,0,50922,25,STAND/UNKNOWN/#0/LOW_FORCE/REST/act=0/mav=43804/base=435495/th=56455
1778760496.456,6534,-31,480528,0,50922,25,STAND/UNKNOWN/#0/LOW_FORCE/REST/act=0/mav=43804/base=435495/th=56455
1778760496.516,6535,-31,479071,0,50922,25,STAND/UNKNOWN/#0/LOW_FORCE/REST/act=0/mav=43804/base=435495/th=56455
1778760496.517,6536,-31,478779,0,50922,25,STAND/UNKNOWN/#0/LOW_FORCE/REST/act=0/mav=43804/base=435495/th=56455
1778760496.517,6537,-31,475811,0,51746,25,STAND/UNKNOWN/#0/LOW_FORCE/REST/act=0/mav=44791/base=435495/th=56455
1778760496.573,6538,-31,476966,0,51746,25,STAND/UNKNOWN/#0/LOW_FORCE/REST/act=0/mav=44791/base=435495/th=56455
1778760496.573,6539,-31,481738,0,51746,25,STAND/UNKNOWN/#0/LOW_FORCE/REST/act=0/mav=44791/base=435495/th=56455
1778760496.573,6540,-31,484401,0,51746,25,STAND/UNKNOWN/#0/LOW_FORCE/REST/act=0/mav=44791/base=435495/th=56455
1778760496.632,6541,-31,482241,0,51746,25,STAND/UNKNOWN/#0/LOW_FORCE/REST/act=0/mav=44791/base=435495/th=56455
1778760496.632,6542,-31,479611,0,51746,25,STAND/UNKNOWN/#0/LOW_FORCE/REST/act=0/mav=44791/base=435495/th=56455
1778760496.632,6543,-31,478574,0,51746,25,STAND/UNKNOWN/#0/LOW_FORCE/REST/act=0/mav=44791/base=435495/th=56455
1778760496.691,6544,-31,475904,0,51746,25,STAND/UNKNOWN/#0/LOW_FORCE/REST/act=0/mav=44791/base=435495/th=56455
1778760496.691,6545,-31,475491,0,51746,25,STAND/UNKNOWN/#0/LOW_FORCE/REST/act=0/mav=44791/base=435495/th=56455
1778760496.691,6546,-31,476793,0,51746,25,STAND/UNKNOWN/#0/LOW_FORCE/REST/act=0/mav=44791/base=435495/th=56455
1778760496.748,6547,-31,478754,0,51746,25,STAND/UNKNOWN/#0/LOW_FORCE/REST/act=0/mav=44791/base=435495/th=56455
1778760496.748,6548,-31,483421,0,51746,25,STAND/UNKNOWN/#0/LOW_FORCE/REST/act=0/mav=44791/base=435495/th=56455
1778760496.748,6549,-31,482393,0,51746,25,STAND/UNKNOWN/#0/LOW_FORCE/REST/act=0/mav=44791/base=435495/th=56455
1778760496.810,6550,-31,479358,0,52416,26,STAND/UNKNOWN/#0/LOW_FORCE/REST/act=0/mav=45561/base=435495/th=56455
1778760496.810,6551,-31,476291,0,52416,26,STAND/UNKNOWN/#0/LOW_FORCE/REST/act=0/mav=45561/base=435495/th=56455
1778760496.810,6552,-31,475713,0,52416,26,STAND/UNKNOWN/#0/LOW_FORCE/REST/act=0/mav=45561/base=435495/th=56455
1778760496.870,6553,-31,473008,0,52416,26,STAND/UNKNOWN/#0/LOW_FORCE/REST/act=0/mav=45561/base=435495/th=56455
1778760496.870,6554,-31,474829,0,52416,26,STAND/UNKNOWN/#0/LOW_FORCE/REST/act=0/mav=45561/base=435495/th=56455
1778760496.870,6555,-31,477858,0,52416,26,STAND/UNKNOWN/#0/LOW_FORCE/REST/act=0/mav=45561/base=435495/th=56455
1778760496.926,6556,-31,481660,0,52416,26,STAND/UNKNOWN/#0/LOW_FORCE/REST/act=0/mav=45561/base=435495/th=56455
1778760496.926,6557,-31,479193,0,52416,26,STAND/UNKNOWN/#0/LOW_FORCE/REST/act=0/mav=45561/base=435495/th=56455
1778760496.926,6558,-31,475689,0,52416,26,STAND/UNKNOWN/#0/LOW_FORCE/REST/act=0/mav=45561/base=435495/th=56455
1778760496.990,6559,-31,474654,0,52416,26,STAND/UNKNOWN/#0/LOW_FORCE/REST/act=0/mav=45561/base=435495/th=56455
1778760496.990,6560,-31,473543,0,52416,26,STAND/UNKNOWN/#0/LOW_FORCE/REST/act=0/mav=45561/base=435495/th=56455
1778760496.990,6561,-31,472111,0,52416,26,STAND/UNKNOWN/#0/LOW_FORCE/REST/act=0/mav=45561/base=435495/th=56455
1778760497.050,6562,-31,474999,0,52416,26,STAND/UNKNOWN/#0/LOW_FORCE/REST/act=0/mav=45561/base=435495/th=56455
1778760497.050,6563,-31,477002,0,53575,26,STAND/UNKNOWN/#0/LOW_FORCE/REST/act=0/mav=46698/base=435495/th=56455
1778760497.050,6564,-31,480146,0,53575,26,STAND/UNKNOWN/#0/LOW_FORCE/REST/act=0/mav=46698/base=435495/th=56455
1778760497.111,6565,-31,480404,0,53575,26,STAND/UNKNOWN/#0/LOW_FORCE/REST/act=0/mav=46698/base=435495/th=56455
1778760497.112,6566,-31,475787,0,53575,26,STAND/UNKNOWN/#0/LOW_FORCE/REST/act=0/mav=46698/base=435495/th=56455
1778760497.112,6567,-31,473750,0,53575,26,STAND/UNKNOWN/#0/LOW_FORCE/REST/act=0/mav=46698/base=435495/th=56455
1778760497.175,6568,-31,473981,0,53575,26,STAND/UNKNOWN/#0/LOW_FORCE/REST/act=0/mav=46698/base=435495/th=56455
1778760497.175,6569,-31,470462,0,53575,26,STAND/UNKNOWN/#0/LOW_FORCE/REST/act=0/mav=46698/base=435495/th=56455
1778760497.175,6570,-31,473127,0,53575,26,STAND/UNKNOWN/#0/LOW_FORCE/REST/act=0/mav=46698/base=435495/th=56455
1778760497.233,6571,-31,476426,0,53575,26,STAND/UNKNOWN/#0/LOW_FORCE/REST/act=0/mav=46698/base=435495/th=56455
1778760497.233,6572,-31,480754,0,53575,26,STAND/UNKNOWN/#0/LOW_FORCE/REST/act=0/mav=46698/base=435495/th=56455
1778760497.233,6573,-31,477323,0,53575,26,STAND/UNKNOWN/#0/LOW_FORCE/REST/act=0/mav=46698/base=435495/th=56455
1778760497.294,6574,-31,473560,0,53575,26,STAND/UNKNOWN/#0/LOW_FORCE/REST/act=0/mav=46698/base=435495/th=56455
1778760497.294,6575,-31,473893,0,53575,26,STAND/UNKNOWN/#0/LOW_FORCE/REST/act=0/mav=46698/base=435495/th=56455
1778760497.294,6576,-31,471594,0,53958,26,STAND/UNKNOWN/#0/LOW_FORCE/REST/act=0/mav=47096/base=435495/th=56455
1778760497.355,6577,-31,469900,0,53958,26,STAND/UNKNOWN/#0/LOW_FORCE/REST/act=0/mav=47096/base=435495/th=56455
1778760497.355,6578,-31,471375,0,53958,26,STAND/UNKNOWN/#0/LOW_FORCE/REST/act=0/mav=47096/base=435495/th=56455
1778760497.355,6579,-31,476311,0,53958,26,STAND/UNKNOWN/#0/LOW_FORCE/REST/act=0/mav=47096/base=435495/th=56455
1778760497.416,6580,-31,478786,0,53958,26,STAND/UNKNOWN/#0/LOW_FORCE/REST/act=0/mav=47096/base=435495/th=56455
1778760497.416,6581,-31,476038,0,53958,26,STAND/UNKNOWN/#0/LOW_FORCE/REST/act=0/mav=47096/base=435495/th=56455
1778760497.416,6582,-31,473110,0,53958,26,STAND/UNKNOWN/#0/LOW_FORCE/REST/act=0/mav=47096/base=435495/th=56455
1778760497.472,6583,-31,471137,0,53958,26,STAND/UNKNOWN/#0/LOW_FORCE/REST/act=0/mav=47096/base=435495/th=56455
1778760497.472,6584,-31,470449,0,53958,26,STAND/UNKNOWN/#0/LOW_FORCE/REST/act=0/mav=47096/base=435495/th=56455
1778760497.473,6585,-31,467170,0,53958,26,STAND/UNKNOWN/#0/LOW_FORCE/REST/act=0/mav=47096/base=435495/th=56455
1778760497.533,6586,-31,470838,0,53958,26,STAND/UNKNOWN/#0/LOW_FORCE/REST/act=0/mav=47096/base=435495/th=56455
1778760497.533,6587,-31,474982,0,53958,26,STAND/UNKNOWN/#0/LOW_FORCE/REST/act=0/mav=47096/base=435495/th=56455
1778760497.533,6588,-31,478763,0,54026,25,STAND/UNKNOWN/#0/LOW_FORCE/REST/act=0/mav=46959/base=435495/th=56455
1778760497.599,6589,-31,477650,0,54026,25,STAND/UNKNOWN/#0/LOW_FORCE/REST/act=0/mav=46959/base=435495/th=56455
1778760497.600,6590,-31,473214,0,54026,25,STAND/UNKNOWN/#0/LOW_FORCE/REST/act=0/mav=46959/base=435495/th=56455
1778760497.600,6591,-31,469034,0,54026,25,STAND/UNKNOWN/#0/LOW_FORCE/REST/act=0/mav=46959/base=435495/th=56455
1778760497.658,6592,-31,470160,0,54026,25,STAND/UNKNOWN/#0/LOW_FORCE/REST/act=0/mav=46959/base=435495/th=56455
1778760497.658,6593,-31,467074,0,54026,25,STAND/UNKNOWN/#0/LOW_FORCE/REST/act=0/mav=46959/base=435495/th=56455
1778760497.658,6594,-31,470332,0,54026,25,STAND/UNKNOWN/#0/LOW_FORCE/REST/act=0/mav=46959/base=435495/th=56455
1778760497.716,6595,-31,472618,0,54026,25,STAND/UNKNOWN/#0/LOW_FORCE/REST/act=0/mav=46959/base=435495/th=56455
1778760497.716,6596,-31,476872,0,54026,25,STAND/UNKNOWN/#0/LOW_FORCE/REST/act=0/mav=46959/base=435495/th=56455
1778760497.716,6597,-31,475971,0,54026,25,STAND/UNKNOWN/#0/LOW_FORCE/REST/act=0/mav=46959/base=435495/th=56455
1778760497.782,6598,-31,469883,0,54026,25,STAND/UNKNOWN/#0/LOW_FORCE/REST/act=0/mav=46959/base=435495/th=56455
1778760497.782,6599,-31,470584,0,54026,25,STAND/UNKNOWN/#0/LOW_FORCE/REST/act=0/mav=46959/base=435495/th=56455
1778760497.783,6600,-31,468493,0,54026,25,STAND/UNKNOWN/#0/LOW_FORCE/REST/act=0/mav=46959/base=435495/th=56455
1778760497.839,6601,-31,466940,0,54441,25,STAND/UNKNOWN/#0/LOW_FORCE/REST/act=0/mav=47230/base=435495/th=56455
1778760497.839,6602,-31,469069,0,54441,25,STAND/UNKNOWN/#0/LOW_FORCE/REST/act=0/mav=47230/base=435495/th=56455
1778760497.839,6603,-31,471894,0,54441,25,STAND/UNKNOWN/#0/LOW_FORCE/REST/act=0/mav=47230/base=435495/th=56455
1778760497.898,6604,-31,475048,0,54441,25,STAND/UNKNOWN/#0/LOW_FORCE/REST/act=0/mav=47230/base=435495/th=56455
1778760497.898,6605,-31,474800,0,54441,25,STAND/UNKNOWN/#0/LOW_FORCE/REST/act=0/mav=47230/base=435495/th=56455
1778760497.898,6606,-31,470424,0,54441,25,STAND/UNKNOWN/#0/LOW_FORCE/REST/act=0/mav=47230/base=435495/th=56455
1778760497.959,6607,-31,469606,0,54441,25,STAND/UNKNOWN/#0/LOW_FORCE/REST/act=0/mav=47230/base=435495/th=56455
1778760497.959,6608,-31,468163,0,54441,25,STAND/UNKNOWN/#0/LOW_FORCE/REST/act=0/mav=47230/base=435495/th=56455
1778760497.960,6609,-31,465773,0,54441,25,STAND/UNKNOWN/#0/LOW_FORCE/REST/act=0/mav=47230/base=435495/th=56455
1778760498.019,6610,-31,466969,0,54441,25,STAND/UNKNOWN/#0/LOW_FORCE/REST/act=0/mav=47230/base=435495/th=56455
1778760498.020,6611,-31,469971,0,54441,25,STAND/UNKNOWN/#0/LOW_FORCE/REST/act=0/mav=47230/base=435495/th=56455
1778760498.020,6612,-31,474324,0,54441,25,STAND/UNKNOWN/#0/LOW_FORCE/REST/act=0/mav=47230/base=435495/th=56455
1778760498.081,6613,-31,474046,0,54441,25,STAND/UNKNOWN/#0/LOW_FORCE/REST/act=0/mav=47230/base=435495/th=56455
1778760498.082,6614,-31,468699,0,54899,26,STAND/UNKNOWN/#0/LOW_FORCE/REST/act=0/mav=47456/base=435495/th=56455
1778760498.082,6615,-31,467917,0,54899,26,STAND/UNKNOWN/#0/LOW_FORCE/REST/act=0/mav=47456/base=435495/th=56455
1778760498.152,6616,-31,466621,0,54899,26,STAND/UNKNOWN/#0/LOW_FORCE/REST/act=0/mav=47456/base=435495/th=56455
1778760498.152,6617,-31,464934,0,54899,26,STAND/UNKNOWN/#0/LOW_FORCE/REST/act=0/mav=47456/base=435495/th=56455
1778760498.152,6618,-31,465396,0,54899,26,STAND/UNKNOWN/#0/LOW_FORCE/REST/act=0/mav=47456/base=435495/th=56455
1778760498.152,6619,-31,468733,0,54899,26,STAND/UNKNOWN/#0/LOW_FORCE/REST/act=0/mav=47456/base=435495/th=56455
1778760498.217,6620,-31,472350,0,54899,26,STAND/UNKNOWN/#0/LOW_FORCE/REST/act=0/mav=47456/base=435495/th=56455
1778760498.218,6621,-31,471138,0,54899,26,STAND/UNKNOWN/#0/LOW_FORCE/REST/act=0/mav=47456/base=435495/th=56455
1778760498.218,6622,-31,467699,0,54899,26,STAND/UNKNOWN/#0/LOW_FORCE/REST/act=0/mav=47456/base=435495/th=56455
1778760498.278,6623,-31,465629,0,54899,26,STAND/UNKNOWN/#0/LOW_FORCE/REST/act=0/mav=47456/base=435495/th=56455
1778760498.278,6624,-31,466166,0,54899,26,STAND/UNKNOWN/#0/LOW_FORCE/REST/act=0/mav=47456/base=435495/th=56455
1778760498.278,6625,-31,463058,0,54899,26,STAND/UNKNOWN/#0/LOW_FORCE/REST/act=0/mav=47456/base=435495/th=56455
1778760498.337,6626,-31,465834,0,54899,26,STAND/UNKNOWN/#0/LOW_FORCE/REST/act=0/mav=47456/base=435495/th=56455
1778760498.337,6627,-31,469033,0,55709,26,STAND/UNKNOWN/#0/LOW_FORCE/REST/act=0/mav=48207/base=435495/th=56455
1778760498.337,6628,-31,472904,0,55709,26,STAND/UNKNOWN/#0/LOW_FORCE/REST/act=0/mav=48207/base=435495/th=56455
1778760498.412,6629,-31,472240,0,55709,26,STAND/UNKNOWN/#0/LOW_FORCE/REST/act=0/mav=48207/base=435495/th=56455
1778760498.412,6630,-31,466653,0,55709,26,STAND/UNKNOWN/#0/LOW_FORCE/REST/act=0/mav=48207/base=435495/th=56455
1778760498.413,6631,-31,465844,0,55709,26,STAND/UNKNOWN/#0/LOW_FORCE/REST/act=0/mav=48207/base=435495/th=56455
1778760498.413,6632,-31,464667,0,55709,26,STAND/UNKNOWN/#0/LOW_FORCE/REST/act=0/mav=48207/base=435495/th=56455
1778760498.488,6633,-31,462861,0,55709,26,STAND/UNKNOWN/#0/LOW_FORCE/REST/act=0/mav=48207/base=435495/th=56455
1778760498.488,6634,-31,464302,0,55709,26,STAND/UNKNOWN/#0/LOW_FORCE/REST/act=0/mav=48207/base=435495/th=56455
1778760498.489,6635,-31,468231,0,55709,26,STAND/UNKNOWN/#0/LOW_FORCE/REST/act=0/mav=48207/base=435495/th=56455
1778760498.489,6636,-31,473549,0,55709,26,STAND/UNKNOWN/#0/LOW_FORCE/REST/act=0/mav=48207/base=435495/th=56455
1778760498.574,6637,-31,471481,0,55709,26,STAND/UNKNOWN/#0/LOW_FORCE/REST/act=0/mav=48207/base=435495/th=56455
1778760498.574,6638,-31,468510,0,55709,26,STAND/UNKNOWN/#0/LOW_FORCE/REST/act=0/mav=48207/base=435495/th=56455
1778760498.574,6639,-31,464614,0,55709,26,STAND/UNKNOWN/#0/LOW_FORCE/REST/act=0/mav=48207/base=435495/th=56455
1778760498.574,6640,-31,466172,0,55680,26,STAND/UNKNOWN/#0/LOW_FORCE/REST/act=0/mav=48393/base=435495/th=56455
1778760498.662,6641,-31,463024,0,55680,26,STAND/UNKNOWN/#0/LOW_FORCE/REST/act=0/mav=48393/base=435495/th=56455
1778760498.662,6642,-31,466028,0,55680,26,STAND/UNKNOWN/#0/LOW_FORCE/REST/act=0/mav=48393/base=435495/th=56455
1778760498.662,6643,-31,468873,0,55680,26,STAND/UNKNOWN/#0/LOW_FORCE/REST/act=0/mav=48393/base=435495/th=56455
1778760498.663,6644,-31,471414,0,55680,26,STAND/UNKNOWN/#0/LOW_FORCE/REST/act=0/mav=48393/base=435495/th=56455
1778760498.746,6645,-31,472633,0,55680,26,STAND/UNKNOWN/#0/LOW_FORCE/REST/act=0/mav=48393/base=435495/th=56455
1778760498.747,6646,-31,468931,0,55680,26,STAND/UNKNOWN/#0/LOW_FORCE/REST/act=0/mav=48393/base=435495/th=56455
1778760498.747,6647,-31,467274,0,55680,26,STAND/UNKNOWN/#0/LOW_FORCE/REST/act=0/mav=48393/base=435495/th=56455
1778760498.747,6648,-31,467389,0,55680,26,STAND/UNKNOWN/#0/LOW_FORCE/REST/act=0/mav=48393/base=435495/th=56455
1778760498.825,6649,-31,463394,0,55680,26,STAND/UNKNOWN/#0/LOW_FORCE/REST/act=0/mav=48393/base=435495/th=56455
1778760498.825,6650,-31,465956,0,55680,26,STAND/UNKNOWN/#0/LOW_FORCE/REST/act=0/mav=48393/base=435495/th=56455
1778760498.825,6651,-31,468322,0,55680,26,STAND/UNKNOWN/#0/LOW_FORCE/REST/act=0/mav=48393/base=435495/th=56455
1778760498.825,6652,-31,470792,0,54351,25,STAND/UNKNOWN/#0/LOW_FORCE/REST/act=0/mav=47359/base=435495/th=56455
1778760498.911,6653,-31,471042,0,54351,25,STAND/UNKNOWN/#0/LOW_FORCE/REST/act=0/mav=47359/base=435495/th=56455
1778760498.912,6654,-31,467299,0,54351,25,STAND/UNKNOWN/#0/LOW_FORCE/REST/act=0/mav=47359/base=435495/th=56455
1778760498.912,6655,-31,466255,0,54351,25,STAND/UNKNOWN/#0/LOW_FORCE/REST/act=0/mav=47359/base=435495/th=56455
1778760498.912,6656,-31,465161,0,54351,25,STAND/UNKNOWN/#0/LOW_FORCE/REST/act=0/mav=47359/base=435495/th=56455
1778760498.987,6657,-31,462293,0,54351,25,STAND/UNKNOWN/#0/LOW_FORCE/REST/act=0/mav=47359/base=435495/th=56455
1778760498.987,6658,-31,465689,0,54351,25,STAND/UNKNOWN/#0/LOW_FORCE/REST/act=0/mav=47359/base=435495/th=56455
1778760498.987,6659,-31,469143,0,54351,25,STAND/UNKNOWN/#0/LOW_FORCE/REST/act=0/mav=47359/base=435495/th=56455
1778760498.987,6660,-31,471393,0,54351,25,STAND/UNKNOWN/#0/LOW_FORCE/REST/act=0/mav=47359/base=435495/th=56455
1778760498.988,6661,-31,471264,0,54351,25,STAND/UNKNOWN/#0/LOW_FORCE/REST/act=0/mav=47359/base=435495/th=56455
1778760499.053,6662,-31,468296,0,54351,25,STAND/UNKNOWN/#0/LOW_FORCE/REST/act=0/mav=47359/base=435495/th=56455
1778760499.053,6663,-31,465971,0,54351,25,STAND/UNKNOWN/#0/LOW_FORCE/REST/act=0/mav=47359/base=435495/th=56455
1778760499.054,6664,-31,465844,0,54351,25,STAND/UNKNOWN/#0/LOW_FORCE/REST/act=0/mav=47359/base=435495/th=56455
1778760499.121,6665,-31,463814,0,53511,25,STAND/UNKNOWN/#0/LOW_FORCE/REST/act=0/mav=47049/base=435495/th=56455
1778760499.121,6666,-31,465794,0,53511,25,STAND/UNKNOWN/#0/LOW_FORCE/REST/act=0/mav=47049/base=435495/th=56455
1778760499.121,6667,-31,469280,0,53511,25,STAND/UNKNOWN/#0/LOW_FORCE/REST/act=0/mav=47049/base=435495/th=56455
1778760499.203,6668,-31,471657,0,53511,25,STAND/UNKNOWN/#0/LOW_FORCE/REST/act=0/mav=47049/base=435495/th=56455
1778760499.203,6669,-31,470787,0,53511,25,STAND/UNKNOWN/#0/LOW_FORCE/REST/act=0/mav=47049/base=435495/th=56455
1778760499.203,6670,-31,468314,0,53511,25,STAND/UNKNOWN/#0/LOW_FORCE/REST/act=0/mav=47049/base=435495/th=56455
1778760499.204,6671,-31,464794,0,53511,25,STAND/UNKNOWN/#0/LOW_FORCE/REST/act=0/mav=47049/base=435495/th=56455
1778760499.273,6672,-31,465313,0,53511,25,STAND/UNKNOWN/#0/LOW_FORCE/REST/act=0/mav=47049/base=435495/th=56455
1778760499.274,6673,-31,461728,0,53511,25,STAND/UNKNOWN/#0/LOW_FORCE/REST/act=0/mav=47049/base=435495/th=56455
1778760499.274,6674,-31,466036,0,53511,25,STAND/UNKNOWN/#0/LOW_FORCE/REST/act=0/mav=47049/base=435495/th=56455
1778760499.274,6675,-31,466858,0,53511,25,STAND/UNKNOWN/#0/LOW_FORCE/REST/act=0/mav=47049/base=435495/th=56455
1778760499.343,6676,-31,472856,0,53511,25,STAND/UNKNOWN/#0/LOW_FORCE/REST/act=0/mav=47049/base=435495/th=56455
1778760499.343,6677,-31,471281,0,53511,25,STAND/UNKNOWN/#0/LOW_FORCE/REST/act=0/mav=47049/base=435495/th=56455
1778760499.343,6678,-31,464879,0,53273,26,STAND/UNKNOWN/#0/LOW_FORCE/REST/act=0/mav=47246/base=435495/th=56455
1778760499.413,6679,-31,465724,0,53273,26,STAND/UNKNOWN/#0/LOW_FORCE/REST/act=0/mav=47246/base=435495/th=56455
1778760499.414,6680,-31,464979,0,53273,26,STAND/UNKNOWN/#0/LOW_FORCE/REST/act=0/mav=47246/base=435495/th=56455
1778760499.414,6681,-31,463579,0,53273,26,STAND/UNKNOWN/#0/LOW_FORCE/REST/act=0/mav=47246/base=435495/th=56455
1778760499.414,6682,-31,466138,0,53273,26,STAND/UNKNOWN/#0/LOW_FORCE/REST/act=0/mav=47246/base=435495/th=56455
1778760499.489,6683,-31,468115,0,53273,26,STAND/UNKNOWN/#0/LOW_FORCE/REST/act=0/mav=47246/base=435495/th=56455
1778760499.489,6684,-31,470961,0,53273,26,STAND/UNKNOWN/#0/LOW_FORCE/REST/act=0/mav=47246/base=435495/th=56455
1778760499.490,6685,-31,470282,0,53273,26,STAND/UNKNOWN/#0/LOW_FORCE/REST/act=0/mav=47246/base=435495/th=56455
1778760499.490,6686,-31,467241,0,53273,26,STAND/UNKNOWN/#0/LOW_FORCE/REST/act=0/mav=47246/base=435495/th=56455
1778760499.550,6687,-31,465092,0,53273,26,STAND/UNKNOWN/#0/LOW_FORCE/REST/act=0/mav=47246/base=435495/th=56455
1778760499.550,6688,-31,464593,0,53273,26,STAND/UNKNOWN/#0/LOW_FORCE/REST/act=0/mav=47246/base=435495/th=56455
1778760499.550,6689,-31,461753,0,53273,26,STAND/UNKNOWN/#0/LOW_FORCE/REST/act=0/mav=47246/base=435495/th=56455
1778760499.616,6690,-31,464970,0,53273,26,STAND/UNKNOWN/#0/LOW_FORCE/REST/act=0/mav=47246/base=435495/th=56455
1778760499.616,6691,-31,468505,0,53261,26,STAND/UNKNOWN/#0/LOW_FORCE/REST/act=0/mav=47723/base=435495/th=56455
1778760499.616,6692,-31,472293,0,53261,26,STAND/UNKNOWN/#0/LOW_FORCE/REST/act=0/mav=47723/base=435495/th=56455
1778760499.688,6693,-31,469834,0,53261,26,STAND/UNKNOWN/#0/LOW_FORCE/REST/act=0/mav=47723/base=435495/th=56455
1778760499.688,6694,-31,468326,0,53261,26,STAND/UNKNOWN/#0/LOW_FORCE/REST/act=0/mav=47723/base=435495/th=56455
1778760499.688,6695,-31,466015,0,53261,26,STAND/UNKNOWN/#0/LOW_FORCE/REST/act=0/mav=47723/base=435495/th=56455
1778760499.688,6696,-31,465573,0,53261,26,STAND/UNKNOWN/#0/LOW_FORCE/REST/act=0/mav=47723/base=435495/th=56455
1778760499.768,6697,-31,463341,0,53261,26,STAND/UNKNOWN/#0/LOW_FORCE/REST/act=0/mav=47723/base=435495/th=56455
1778760499.768,6698,-31,464918,0,53261,26,STAND/UNKNOWN/#0/LOW_FORCE/REST/act=0/mav=47723/base=435495/th=56455
1778760499.768,6699,-31,468974,0,53261,26,STAND/UNKNOWN/#0/LOW_FORCE/REST/act=0/mav=47723/base=435495/th=56455
1778760499.768,6700,-31,472603,0,53261,26,STAND/UNKNOWN/#0/LOW_FORCE/REST/act=0/mav=47723/base=435495/th=56455
1778760499.851,6701,-31,470918,0,53261,26,STAND/UNKNOWN/#0/LOW_FORCE/REST/act=0/mav=47723/base=435495/th=56455
1778760499.851,6702,-31,467295,0,53261,26,STAND/UNKNOWN/#0/LOW_FORCE/REST/act=0/mav=47723/base=435495/th=56455
1778760499.851,6703,-31,465601,0,53261,26,STAND/UNKNOWN/#0/LOW_FORCE/REST/act=0/mav=47723/base=435495/th=56455
1778760499.851,6704,-31,466355,0,52575,30,STAND/UNKNOWN/#0/LOW_FORCE/REST/act=0/mav=47557/base=435495/th=56455
1778760499.973,6705,-31,463814,0,52575,30,STAND/UNKNOWN/#0/LOW_FORCE/REST/act=0/mav=47557/base=435495/th=56455
1778760499.974,6706,-31,465048,0,52575,30,STAND/UNKNOWN/#0/LOW_FORCE/REST/act=0/mav=47557/base=435495/th=56455
1778760499.974,6707,-31,470190,0,52575,30,STAND/UNKNOWN/#0/LOW_FORCE/REST/act=0/mav=47557/base=435495/th=56455
1778760499.974,6708,-31,471734,0,52575,30,STAND/UNKNOWN/#0/LOW_FORCE/REST/act=0/mav=47557/base=435495/th=56455
1778760499.974,6709,-31,469768,0,52575,30,STAND/UNKNOWN/#0/LOW_FORCE/REST/act=0/mav=47557/base=435495/th=56455
1778760499.974,6710,-31,468309,0,52575,30,STAND/UNKNOWN/#0/LOW_FORCE/REST/act=0/mav=47557/base=435495/th=56455
1778760500.055,6711,-31,465498,0,52575,30,STAND/UNKNOWN/#0/LOW_FORCE/REST/act=0/mav=47557/base=435495/th=56455
1778760500.055,6712,-31,466577,0,52575,30,STAND/UNKNOWN/#0/LOW_FORCE/REST/act=0/mav=47557/base=435495/th=56455
1778760500.055,6713,-31,463530,0,52575,30,STAND/UNKNOWN/#0/LOW_FORCE/REST/act=0/mav=47557/base=435495/th=56455
1778760500.055,6714,-31,466330,0,52575,30,STAND/UNKNOWN/#0/LOW_FORCE/REST/act=0/mav=47557/base=435495/th=56455
1778760500.229,6715,-31,468734,0,52575,30,STAND/UNKNOWN/#0/LOW_FORCE/REST/act=0/mav=47557/base=435495/th=56455
1778760500.230,6716,-31,471253,0,50978,38,STAND/UNKNOWN/#0/LOW_FORCE/REST/act=0/mav=46316/base=435495/th=56455
1778760500.230,6717,-31,472509,0,50978,38,STAND/UNKNOWN/#0/LOW_FORCE/REST/act=0/mav=46316/base=435495/th=56455
1778760500.230,6718,-31,468293,0,50978,38,STAND/UNKNOWN/#0/LOW_FORCE/REST/act=0/mav=46316/base=435495/th=56455
1778760500.231,6719,-31,466581,0,50978,38,STAND/UNKNOWN/#0/LOW_FORCE/REST/act=0/mav=46316/base=435495/th=56455
1778760500.231,6720,-31,466066,0,50978,38,STAND/UNKNOWN/#0/LOW_FORCE/REST/act=0/mav=46316/base=435495/th=56455
1778760500.231,6721,-31,464251,0,50978,38,STAND/UNKNOWN/#0/LOW_FORCE/REST/act=0/mav=46316/base=435495/th=56455
1778760500.231,6722,-31,465588,0,50978,38,STAND/UNKNOWN/#0/LOW_FORCE/REST/act=0/mav=46316/base=435495/th=56455
1778760500.232,6723,-31,469654,0,50978,38,STAND/UNKNOWN/#0/LOW_FORCE/REST/act=0/mav=46316/base=435495/th=56455
1778760500.338,6724,-31,473365,0,50978,38,STAND/UNKNOWN/#0/LOW_FORCE/REST/act=0/mav=46316/base=435495/th=56455
1778760500.339,6725,-31,471933,0,50978,38,STAND/UNKNOWN/#0/LOW_FORCE/REST/act=0/mav=46316/base=435495/th=56455
1778760500.339,6726,-31,470555,0,50978,38,STAND/UNKNOWN/#0/LOW_FORCE/REST/act=0/mav=46316/base=435495/th=56455
1778760500.339,6727,-31,467638,0,50978,38,STAND/UNKNOWN/#0/LOW_FORCE/REST/act=0/mav=46316/base=435495/th=56455
1778760500.339,6728,-31,468578,0,50978,38,STAND/UNKNOWN/#0/LOW_FORCE/REST/act=0/mav=46316/base=435495/th=56455
1778760500.418,6729,-31,467173,0,49740,47,STAND/UNKNOWN/#0/LOW_FORCE/REST/act=0/mav=45373/base=435495/th=56455
1778760500.418,6730,-31,469063,0,49740,47,STAND/UNKNOWN/#0/LOW_FORCE/REST/act=0/mav=45373/base=435495/th=56455
1778760500.418,6731,-31,474433,0,49740,47,STAND/UNKNOWN/#0/LOW_FORCE/REST/act=0/mav=45373/base=435495/th=56455
1778760500.418,6732,-31,478320,0,49740,47,STAND/UNKNOWN/#0/LOW_FORCE/REST/act=0/mav=45373/base=435495/th=56455
1778760500.485,6733,-31,477392,0,49740,47,STAND/UNKNOWN/#0/LOW_FORCE/REST/act=0/mav=45373/base=435495/th=56455
1778760500.485,6734,-31,474996,0,49740,47,STAND/UNKNOWN/#0/LOW_FORCE/REST/act=0/mav=45373/base=435495/th=56455
1778760500.485,6735,-31,470781,0,49740,47,STAND/UNKNOWN/#0/LOW_FORCE/REST/act=0/mav=45373/base=435495/th=56455
1778760500.601,6736,-31,471686,0,49740,47,STAND/UNKNOWN/#0/LOW_FORCE/REST/act=0/mav=45373/base=435495/th=56455
1778760500.602,6737,-31,474411,0,49740,47,STAND/UNKNOWN/#0/LOW_FORCE/REST/act=0/mav=45373/base=435495/th=56455
1778760500.602,6738,-31,474820,0,49740,47,STAND/UNKNOWN/#0/LOW_FORCE/REST/act=0/mav=45373/base=435495/th=56455
1778760500.602,6739,-31,473401,0,49740,47,STAND/UNKNOWN/#0/LOW_FORCE/REST/act=0/mav=45373/base=435495/th=56455
1778760500.602,6740,-31,476404,0,49740,47,STAND/UNKNOWN/#0/LOW_FORCE/REST/act=0/mav=45373/base=435495/th=56455
1778760500.602,6741,-31,478729,0,49740,47,STAND/UNKNOWN/#0/LOW_FORCE/REST/act=0/mav=45373/base=435495/th=56455
1778760500.747,6742,-31,482042,0,47347,50,STAND/UNKNOWN/#0/LOW_FORCE/REST/act=0/mav=43199/base=435495/th=56455
1778760500.747,6743,-31,478368,0,47347,50,STAND/UNKNOWN/#0/LOW_FORCE/REST/act=0/mav=43199/base=435495/th=56455
1778760500.748,6744,-31,473040,0,47347,50,STAND/UNKNOWN/#0/LOW_FORCE/REST/act=0/mav=43199/base=435495/th=56455
1778760500.748,6745,-31,469954,0,47347,50,STAND/UNKNOWN/#0/LOW_FORCE/REST/act=0/mav=43199/base=435495/th=56455
1778760500.748,6746,-31,467718,0,47347,50,STAND/UNKNOWN/#0/LOW_FORCE/REST/act=0/mav=43199/base=435495/th=56455
1778760500.748,6747,-31,467216,0,47347,50,STAND/UNKNOWN/#0/LOW_FORCE/REST/act=0/mav=43199/base=435495/th=56455
1778760500.748,6748,-31,460682,0,47347,50,STAND/UNKNOWN/#0/LOW_FORCE/REST/act=0/mav=43199/base=435495/th=56455
1778760500.748,6749,-31,513769,0,47347,50,STAND/UNKNOWN/#0/LOW_FORCE/REST/act=0/mav=43199/base=435495/th=56455
1778760500.863,6750,-31,481386,0,47347,50,STAND/UNKNOWN/#0/LOW_FORCE/REST/act=0/mav=43199/base=435495/th=56455
1778760500.864,6751,-31,435091,0,47347,50,STAND/UNKNOWN/#0/LOW_FORCE/REST/act=0/mav=43199/base=435495/th=56455
1778760500.864,6752,-31,443303,0,47347,50,STAND/UNKNOWN/#0/LOW_FORCE/REST/act=0/mav=43199/base=435495/th=56455
1778760500.864,6753,-31,442614,0,47347,50,STAND/UNKNOWN/#0/LOW_FORCE/REST/act=0/mav=43199/base=435495/th=56455
1778760500.864,6754,-31,443106,0,47347,50,STAND/UNKNOWN/#0/LOW_FORCE/REST/act=0/mav=43199/base=435495/th=56455
1778760500.955,6755,-31,446093,0,52507,43,STAND/UNKNOWN/#0/LOW_FORCE/REST/act=0/mav=46501/base=435495/th=56455
1778760500.956,6756,-31,449901,0,52507,43,STAND/UNKNOWN/#0/LOW_FORCE/REST/act=0/mav=46501/base=435495/th=56455
1778760500.956,6757,-31,448768,0,52507,43,STAND/UNKNOWN/#0/LOW_FORCE/REST/act=0/mav=46501/base=435495/th=56455
1778760500.956,6758,-31,443921,0,52507,43,STAND/UNKNOWN/#0/LOW_FORCE/REST/act=0/mav=46501/base=435495/th=56455
1778760500.956,6759,-31,443871,0,52507,43,STAND/UNKNOWN/#0/LOW_FORCE/REST/act=0/mav=46501/base=435495/th=56455
1778760501.029,6760,-31,444624,0,52507,43,STAND/UNKNOWN/#0/LOW_FORCE/REST/act=0/mav=46501/base=435495/th=56455
1778760501.030,6761,-31,442421,0,52507,43,STAND/UNKNOWN/#0/LOW_FORCE/REST/act=0/mav=46501/base=435495/th=56455
1778760501.030,6762,-31,445587,0,52507,43,STAND/UNKNOWN/#0/LOW_FORCE/REST/act=0/mav=46501/base=435495/th=56455
1778760501.030,6763,-31,449198,0,52507,43,STAND/UNKNOWN/#0/LOW_FORCE/REST/act=0/mav=46501/base=435495/th=56455
1778760501.115,6764,-31,453134,0,52507,43,STAND/UNKNOWN/#0/LOW_FORCE/REST/act=0/mav=46501/base=435495/th=56455
1778760501.116,6765,-31,452346,0,52507,43,STAND/UNKNOWN/#0/LOW_FORCE/REST/act=0/mav=46501/base=435495/th=56455
1778760501.116,6766,-31,447488,0,52507,43,STAND/UNKNOWN/#0/LOW_FORCE/REST/act=0/mav=46501/base=435495/th=56455
1778760501.116,6767,-31,447309,0,52507,43,STAND/UNKNOWN/#0/LOW_FORCE/REST/act=0/mav=46501/base=435495/th=56455
1778760501.224,6768,-31,446289,0,59813,45,STAND/UNKNOWN/#0/LOW_FORCE/REST/act=0/mav=54152/base=435495/th=56455
1778760501.224,6769,-31,444619,0,59813,45,STAND/UNKNOWN/#0/LOW_FORCE/REST/act=0/mav=54152/base=435495/th=56455
1778760501.224,6770,-31,448313,0,59813,45,STAND/UNKNOWN/#0/LOW_FORCE/REST/act=0/mav=54152/base=435495/th=56455
1778760501.225,6771,-31,449953,0,59813,45,STAND/UNKNOWN/#0/LOW_FORCE/REST/act=0/mav=54152/base=435495/th=56455
1778760501.225,6772,-31,454526,0,59813,45,STAND/UNKNOWN/#0/LOW_FORCE/REST/act=0/mav=54152/base=435495/th=56455
1778760501.341,6773,-31,453819,0,59813,45,STAND/UNKNOWN/#0/LOW_FORCE/REST/act=0/mav=54152/base=435495/th=56455
1778760501.341,6774,-31,451248,0,59813,45,STAND/UNKNOWN/#0/LOW_FORCE/REST/act=0/mav=54152/base=435495/th=56455
1778760501.341,6775,-31,450386,0,59813,45,STAND/UNKNOWN/#0/LOW_FORCE/REST/act=0/mav=54152/base=435495/th=56455
1778760501.341,6776,-31,448939,0,59813,45,STAND/UNKNOWN/#0/LOW_FORCE/REST/act=0/mav=54152/base=435495/th=56455
1778760501.341,6777,-31,446978,0,59813,45,STAND/UNKNOWN/#0/LOW_FORCE/REST/act=0/mav=54152/base=435495/th=56455
1778760501.341,6778,-31,449279,0,59813,45,STAND/UNKNOWN/#0/LOW_FORCE/REST/act=0/mav=54152/base=435495/th=56455
1778760501.431,6779,-31,453728,0,59813,45,STAND/UNKNOWN/#0/LOW_FORCE/REST/act=0/mav=54152/base=435495/th=56455
1778760501.431,6780,-31,456694,0,58644,51,STAND/UNKNOWN/#0/LOW_FORCE/REST/act=0/mav=54225/base=435495/th=56455
1778760501.432,6781,-31,457275,0,58644,51,STAND/UNKNOWN/#0/LOW_FORCE/REST/act=0/mav=54225/base=435495/th=56455
1778760501.432,6782,-31,452149,0,58644,51,STAND/UNKNOWN/#0/LOW_FORCE/REST/act=0/mav=54225/base=435495/th=56455
1778760501.432,6783,-31,450508,0,58644,51,STAND/UNKNOWN/#0/LOW_FORCE/REST/act=0/mav=54225/base=435495/th=56455
1778760501.498,6784,-31,450013,0,58644,51,STAND/UNKNOWN/#0/LOW_FORCE/REST/act=0/mav=54225/base=435495/th=56455
1778760501.498,6785,-31,448667,0,58644,51,STAND/UNKNOWN/#0/LOW_FORCE/REST/act=0/mav=54225/base=435495/th=56455
1778760501.498,6786,-31,451959,0,58644,51,STAND/UNKNOWN/#0/LOW_FORCE/REST/act=0/mav=54225/base=435495/th=56455
1778760501.559,6787,-31,454363,0,58644,51,STAND/UNKNOWN/#0/LOW_FORCE/REST/act=0/mav=54225/base=435495/th=56455
1778760501.559,6788,-31,457711,0,58644,51,STAND/UNKNOWN/#0/LOW_FORCE/REST/act=0/mav=54225/base=435495/th=56455
1778760501.559,6789,-31,458503,0,58644,51,STAND/UNKNOWN/#0/LOW_FORCE/REST/act=0/mav=54225/base=435495/th=56455
1778760501.624,6790,-31,453168,0,58644,51,STAND/UNKNOWN/#0/LOW_FORCE/REST/act=0/mav=54225/base=435495/th=56455
1778760501.624,6791,-31,452773,0,58644,51,STAND/UNKNOWN/#0/LOW_FORCE/REST/act=0/mav=54225/base=435495/th=56455
1778760501.624,6792,-31,453815,0,58644,51,STAND/UNKNOWN/#0/LOW_FORCE/REST/act=0/mav=54225/base=435495/th=56455
1778760501.691,6793,-31,451035,0,56103,51,STAND/UNKNOWN/#0/LOW_FORCE/REST/act=0/mav=51195/base=435495/th=56455
1778760501.691,6794,-31,451783,0,56103,51,STAND/UNKNOWN/#0/LOW_FORCE/REST/act=0/mav=51195/base=435495/th=56455
1778760501.691,6795,-31,457629,0,56103,51,STAND/UNKNOWN/#0/LOW_FORCE/REST/act=0/mav=51195/base=435495/th=56455
1778760501.691,6796,-31,460916,0,56103,51,STAND/UNKNOWN/#0/LOW_FORCE/REST/act=0/mav=51195/base=435495/th=56455
1778760501.771,6797,-31,460471,0,56103,51,STAND/UNKNOWN/#0/LOW_FORCE/REST/act=0/mav=51195/base=435495/th=56455
1778760501.772,6798,-31,457049,0,56103,51,STAND/UNKNOWN/#0/LOW_FORCE/REST/act=0/mav=51195/base=435495/th=56455
1778760501.772,6799,-31,456040,0,56103,51,STAND/UNKNOWN/#0/LOW_FORCE/REST/act=0/mav=51195/base=435495/th=56455
1778760501.772,6800,-31,455981,0,56103,51,STAND/UNKNOWN/#0/LOW_FORCE/REST/act=0/mav=51195/base=435495/th=56455
1778760501.851,6801,-31,454628,0,56103,51,STAND/UNKNOWN/#0/LOW_FORCE/REST/act=0/mav=51195/base=435495/th=56455
1778760501.851,6802,-31,455947,0,56103,51,STAND/UNKNOWN/#0/LOW_FORCE/REST/act=0/mav=51195/base=435495/th=56455
1778760501.852,6803,-31,461039,0,56103,51,STAND/UNKNOWN/#0/LOW_FORCE/REST/act=0/mav=51195/base=435495/th=56455
1778760501.852,6804,-31,464663,0,56103,51,STAND/UNKNOWN/#0/LOW_FORCE/REST/act=0/mav=51195/base=435495/th=56455
1778760501.920,6805,-31,465516,0,56103,51,STAND/UNKNOWN/#0/LOW_FORCE/REST/act=0/mav=51195/base=435495/th=56455
1778760501.920,6806,-31,460620,0,54568,52,STAND/UNKNOWN/#0/LOW_FORCE/REST/act=0/mav=48969/base=435495/th=56455
1778760501.920,6807,-31,459186,0,54568,52,STAND/UNKNOWN/#0/LOW_FORCE/REST/act=0/mav=48969/base=435495/th=56455
1778760501.983,6808,-31,460240,0,54568,52,STAND/UNKNOWN/#0/LOW_FORCE/REST/act=0/mav=48969/base=435495/th=56455
1778760501.984,6809,-31,456934,0,54568,52,STAND/UNKNOWN/#0/LOW_FORCE/REST/act=0/mav=48969/base=435495/th=56455
1778760501.984,6810,-31,459808,0,54568,52,STAND/UNKNOWN/#0/LOW_FORCE/REST/act=0/mav=48969/base=435495/th=56455
1778760502.048,6811,-31,462139,0,54568,52,STAND/UNKNOWN/#0/LOW_FORCE/REST/act=0/mav=48969/base=435495/th=56455
1778760502.049,6812,-31,467206,0,54568,52,STAND/UNKNOWN/#0/LOW_FORCE/REST/act=0/mav=48969/base=435495/th=56455
1778760502.049,6813,-31,465616,0,54568,52,STAND/UNKNOWN/#0/LOW_FORCE/REST/act=0/mav=48969/base=435495/th=56455
1778760502.049,6814,-31,462894,0,54568,52,STAND/UNKNOWN/#0/LOW_FORCE/REST/act=0/mav=48969/base=435495/th=56455
1778760502.122,6815,-31,461438,0,54568,52,STAND/UNKNOWN/#0/LOW_FORCE/REST/act=0/mav=48969/base=435495/th=56455
1778760502.122,6816,-31,461385,0,54568,52,STAND/UNKNOWN/#0/LOW_FORCE/REST/act=0/mav=48969/base=435495/th=56455
1778760502.122,6817,-31,458851,0,54568,52,STAND/UNKNOWN/#0/LOW_FORCE/REST/act=0/mav=48969/base=435495/th=56455
1778760502.191,6818,-31,463821,0,54568,52,STAND/UNKNOWN/#0/LOW_FORCE/REST/act=0/mav=48969/base=435495/th=56455
1778760502.191,6819,-31,466154,0,52161,48,STAND/UNKNOWN/#0/LOW_FORCE/REST/act=0/mav=45913/base=435495/th=56455
1778760502.192,6820,-31,470198,0,52161,48,STAND/UNKNOWN/#0/LOW_FORCE/REST/act=0/mav=45913/base=435495/th=56455
1778760502.192,6821,-31,467506,0,52161,48,STAND/UNKNOWN/#0/LOW_FORCE/REST/act=0/mav=45913/base=435495/th=56455
1778760502.281,6822,-31,465233,0,52161,48,STAND/UNKNOWN/#0/LOW_FORCE/REST/act=0/mav=45913/base=435495/th=56455
1778760502.281,6823,-31,463493,0,52161,48,STAND/UNKNOWN/#0/LOW_FORCE/REST/act=0/mav=45913/base=435495/th=56455
1778760502.281,6824,-31,463476,0,52161,48,STAND/UNKNOWN/#0/LOW_FORCE/REST/act=0/mav=45913/base=435495/th=56455
1778760502.282,6825,-31,461634,0,52161,48,STAND/UNKNOWN/#0/LOW_FORCE/REST/act=0/mav=45913/base=435495/th=56455
1778760502.366,6826,-31,464101,0,52161,48,STAND/UNKNOWN/#0/LOW_FORCE/REST/act=0/mav=45913/base=435495/th=56455
1778760502.367,6827,-31,468457,0,52161,48,STAND/UNKNOWN/#0/LOW_FORCE/REST/act=0/mav=45913/base=435495/th=56455
1778760502.367,6828,-31,472424,0,52161,48,STAND/UNKNOWN/#0/LOW_FORCE/REST/act=0/mav=45913/base=435495/th=56455
1778760502.367,6829,-31,471186,0,52161,48,STAND/UNKNOWN/#0/LOW_FORCE/REST/act=0/mav=45913/base=435495/th=56455
1778760502.367,6830,-31,467975,0,52161,48,STAND/UNKNOWN/#0/LOW_FORCE/REST/act=0/mav=45913/base=435495/th=56455
1778760502.431,6831,-31,466670,0,52161,48,STAND/UNKNOWN/#0/LOW_FORCE/REST/act=0/mav=45913/base=435495/th=56455
1778760502.431,6832,-31,467034,0,50060,33,STAND/UNKNOWN/#0/LOW_FORCE/REST/act=0/mav=43153/base=435495/th=56455
1778760502.432,6833,-31,465247,0,50060,33,STAND/UNKNOWN/#0/LOW_FORCE/REST/act=0/mav=43153/base=435495/th=56455
1778760502.497,6834,-31,467216,0,50060,33,STAND/UNKNOWN/#0/LOW_FORCE/REST/act=0/mav=43153/base=435495/th=56455
1778760502.498,6835,-31,470891,0,50060,33,STAND/UNKNOWN/#0/LOW_FORCE/REST/act=0/mav=43153/base=435495/th=56455
1778760502.498,6836,-31,476159,0,50060,33,STAND/UNKNOWN/#0/LOW_FORCE/REST/act=0/mav=43153/base=435495/th=56455
1778760502.558,6837,-31,474079,0,50060,33,STAND/UNKNOWN/#0/LOW_FORCE/REST/act=0/mav=43153/base=435495/th=56455
1778760502.558,6838,-31,470522,0,50060,33,STAND/UNKNOWN/#0/LOW_FORCE/REST/act=0/mav=43153/base=435495/th=56455
1778760502.559,6839,-31,470028,0,50060,33,STAND/UNKNOWN/#0/LOW_FORCE/REST/act=0/mav=43153/base=435495/th=56455
1778760502.623,6840,-31,470552,0,50060,33,STAND/UNKNOWN/#0/LOW_FORCE/REST/act=0/mav=43153/base=435495/th=56455
1778760502.624,6841,-31,465329,0,50060,33,STAND/UNKNOWN/#0/LOW_FORCE/REST/act=0/mav=43153/base=435495/th=56455
1778760502.624,6842,-31,471073,0,50060,33,STAND/UNKNOWN/#0/LOW_FORCE/REST/act=0/mav=43153/base=435495/th=56455
1778760502.705,6843,-31,474524,0,50060,33,STAND/UNKNOWN/#0/LOW_FORCE/REST/act=0/mav=43153/base=435495/th=56455
1778760502.706,6844,-31,478318,0,47576,15,STAND/UNKNOWN/#0/LOW_FORCE/REST/act=0/mav=39702/base=435495/th=56455
1778760502.706,6845,-31,476552,0,47576,15,STAND/UNKNOWN/#0/LOW_FORCE/REST/act=0/mav=39702/base=435495/th=56455
1778760502.706,6846,-31,473272,0,47576,15,STAND/UNKNOWN/#0/LOW_FORCE/REST/act=0/mav=39702/base=435495/th=56455
1778760502.706,6847,-31,472931,0,47576,15,STAND/UNKNOWN/#0/LOW_FORCE/REST/act=0/mav=39702/base=435495/th=56455
1778760502.793,6848,-31,473755,0,47576,15,STAND/UNKNOWN/#0/LOW_FORCE/REST/act=0/mav=39702/base=435495/th=56455
1778760502.794,6849,-31,469846,0,47576,15,STAND/UNKNOWN/#0/LOW_FORCE/REST/act=0/mav=39702/base=435495/th=56455
1778760502.794,6850,-31,472229,0,47576,15,STAND/UNKNOWN/#0/LOW_FORCE/REST/act=0/mav=39702/base=435495/th=56455
1778760502.794,6851,-31,476304,0,47576,15,STAND/UNKNOWN/#0/LOW_FORCE/REST/act=0/mav=39702/base=435495/th=56455
1778760502.877,6852,-31,480952,0,47576,15,STAND/UNKNOWN/#0/LOW_FORCE/REST/act=0/mav=39702/base=435495/th=56455
1778760502.878,6853,-31,479943,0,47576,15,STAND/UNKNOWN/#0/LOW_FORCE/REST/act=0/mav=39702/base=435495/th=56455
1778760502.878,6854,-31,475381,0,47576,15,STAND/UNKNOWN/#0/LOW_FORCE/REST/act=0/mav=39702/base=435495/th=56455
1778760502.878,6855,-31,476185,0,47576,15,STAND/UNKNOWN/#0/LOW_FORCE/REST/act=0/mav=39702/base=435495/th=56455
1778760502.959,6856,-31,474887,0,47576,15,STAND/UNKNOWN/#0/LOW_FORCE/REST/act=0/mav=39702/base=435495/th=56455
1778760502.959,6857,-31,470623,0,45869,4,STAND/UNKNOWN/#0/LOW_FORCE/REST/act=0/mav=36859/base=435495/th=56455
1778760502.959,6858,-31,475953,0,45869,4,STAND/UNKNOWN/#0/LOW_FORCE/REST/act=0/mav=36859/base=435495/th=56455
1778760502.959,6859,-31,478826,0,45869,4,STAND/UNKNOWN/#0/LOW_FORCE/REST/act=0/mav=36859/base=435495/th=56455
1778760503.038,6860,-31,483003,0,45869,4,STAND/UNKNOWN/#0/LOW_FORCE/REST/act=0/mav=36859/base=435495/th=56455
1778760503.038,6861,-31,482504,0,45869,4,STAND/UNKNOWN/#0/LOW_FORCE/REST/act=0/mav=36859/base=435495/th=56455
1778760503.038,6862,-31,478003,0,45869,4,STAND/UNKNOWN/#0/LOW_FORCE/REST/act=0/mav=36859/base=435495/th=56455
1778760503.038,6863,-31,476756,0,45869,4,STAND/UNKNOWN/#0/LOW_FORCE/REST/act=0/mav=36859/base=435495/th=56455
1778760503.116,6864,-31,475743,0,45869,4,STAND/UNKNOWN/#0/LOW_FORCE/REST/act=0/mav=36859/base=435495/th=56455
1778760503.117,6865,-31,474779,0,45869,4,STAND/UNKNOWN/#0/LOW_FORCE/REST/act=0/mav=36859/base=435495/th=56455
1778760503.117,6866,-31,477746,0,45869,4,STAND/UNKNOWN/#0/LOW_FORCE/REST/act=0/mav=36859/base=435495/th=56455
1778760503.117,6867,-31,480731,0,45869,4,STAND/UNKNOWN/#0/LOW_FORCE/REST/act=0/mav=36859/base=435495/th=56455
1778760503.186,6868,-31,485963,0,45869,4,STAND/UNKNOWN/#0/LOW_FORCE/REST/act=0/mav=36859/base=435495/th=56455
1778760503.186,6869,-31,486364,0,45869,4,STAND/UNKNOWN/#0/LOW_FORCE/REST/act=0/mav=36859/base=435495/th=56455
1778760503.187,6870,-31,480958,0,44632,0,STAND/UNKNOWN/#0/LOW_FORCE/REST/act=0/mav=34551/base=435495/th=56455
1778760503.187,6871,-31,479020,0,44632,0,STAND/UNKNOWN/#0/LOW_FORCE/REST/act=0/mav=34551/base=435495/th=56455
1778760503.260,6872,-31,478416,0,44632,0,STAND/UNKNOWN/#0/LOW_FORCE/REST/act=0/mav=34551/base=435495/th=56455
1778760503.260,6873,-31,478082,0,44632,0,STAND/UNKNOWN/#0/LOW_FORCE/REST/act=0/mav=34551/base=435495/th=56455
1778760503.261,6874,-31,478884,0,44632,0,STAND/UNKNOWN/#0/LOW_FORCE/REST/act=0/mav=34551/base=435495/th=56455
1778760503.322,6875,-31,481376,0,44632,0,STAND/UNKNOWN/#0/LOW_FORCE/REST/act=0/mav=34551/base=435495/th=56455
1778760503.322,6876,-31,479412,0,44632,0,STAND/UNKNOWN/#0/LOW_FORCE/REST/act=0/mav=34551/base=435495/th=56455
1778760503.322,6877,-31,471393,0,44632,0,STAND/UNKNOWN/#0/LOW_FORCE/REST/act=0/mav=34551/base=435495/th=56455
1778760503.385,6878,-31,463453,0,44632,0,STAND/UNKNOWN/#0/LOW_FORCE/REST/act=0/mav=34551/base=435495/th=56455
1778760503.386,6879,-31,466306,0,44632,0,STAND/UNKNOWN/#0/LOW_FORCE/REST/act=0/mav=34551/base=435495/th=56455
1778760503.386,6880,-31,466871,0,44632,0,STAND/UNKNOWN/#0/LOW_FORCE/REST/act=0/mav=34551/base=435495/th=56455
1778760503.386,6881,-31,465388,0,44632,0,STAND/UNKNOWN/#0/LOW_FORCE/REST/act=0/mav=34551/base=435495/th=56455
1778760503.451,6882,-31,470241,0,44632,0,STAND/UNKNOWN/#0/LOW_FORCE/REST/act=0/mav=34551/base=435495/th=56455
1778760503.451,6883,-31,473745,0,43098,6,STAND/UNKNOWN/#0/LOW_FORCE/REST/act=0/mav=33892/base=435495/th=56455
1778760503.451,6884,-31,477839,0,43098,6,STAND/UNKNOWN/#0/LOW_FORCE/REST/act=0/mav=33892/base=435495/th=56455
1778760503.525,6885,-31,481353,0,43098,6,STAND/UNKNOWN/#0/LOW_FORCE/REST/act=0/mav=33892/base=435495/th=56455
1778760503.526,6886,-31,479463,0,43098,6,STAND/UNKNOWN/#0/LOW_FORCE/REST/act=0/mav=33892/base=435495/th=56455
1778760503.526,6887,-31,479201,0,43098,6,STAND/UNKNOWN/#0/LOW_FORCE/REST/act=0/mav=33892/base=435495/th=56455
1778760503.526,6888,-31,480825,0,43098,6,STAND/UNKNOWN/#0/LOW_FORCE/REST/act=0/mav=33892/base=435495/th=56455
1778760503.603,6889,-31,475039,0,43098,6,STAND/UNKNOWN/#0/LOW_FORCE/REST/act=0/mav=33892/base=435495/th=56455
1778760503.604,6890,-31,479777,0,43098,6,STAND/UNKNOWN/#0/LOW_FORCE/REST/act=0/mav=33892/base=435495/th=56455
1778760503.604,6891,-31,486557,0,43098,6,STAND/UNKNOWN/#0/LOW_FORCE/REST/act=0/mav=33892/base=435495/th=56455
1778760503.690,6892,-31,492394,0,43098,6,STAND/UNKNOWN/#0/LOW_FORCE/REST/act=0/mav=33892/base=435495/th=56455
1778760503.690,6893,-31,491862,0,43098,6,STAND/UNKNOWN/#0/LOW_FORCE/REST/act=0/mav=33892/base=435495/th=56455
1778760503.690,6894,-31,489151,0,43098,6,STAND/UNKNOWN/#0/LOW_FORCE/REST/act=0/mav=33892/base=435495/th=56455
1778760503.690,6895,-31,488098,0,43098,6,STAND/UNKNOWN/#0/LOW_FORCE/REST/act=0/mav=33892/base=435495/th=56455
1778760503.785,6896,-31,487974,0,42168,11,STAND/UNKNOWN/#0/LOW_FORCE/REST/act=0/mav=34635/base=435495/th=56455
1778760503.785,6897,-31,486028,0,42168,11,STAND/UNKNOWN/#0/LOW_FORCE/REST/act=0/mav=34635/base=435495/th=56455
1778760503.785,6898,-31,489482,0,42168,11,STAND/UNKNOWN/#0/LOW_FORCE/REST/act=0/mav=34635/base=435495/th=56455
1778760503.786,6899,-31,494763,0,42168,11,STAND/UNKNOWN/#0/LOW_FORCE/REST/act=0/mav=34635/base=435495/th=56455
1778760503.874,6900,-31,499993,0,42168,11,STAND/UNKNOWN/#0/LOW_FORCE/REST/act=0/mav=34635/base=435495/th=56455
1778760503.875,6901,-31,498255,0,42168,11,STAND/UNKNOWN/#0/LOW_FORCE/REST/act=0/mav=34635/base=435495/th=56455
1778760503.875,6902,-31,493846,0,42168,11,STAND/UNKNOWN/#0/LOW_FORCE/REST/act=0/mav=34635/base=435495/th=56455
1778760503.875,6903,-31,493491,0,42168,11,STAND/UNKNOWN/#0/LOW_FORCE/REST/act=0/mav=34635/base=435495/th=56455
1778760503.875,6904,-31,492372,0,42168,11,STAND/UNKNOWN/#0/LOW_FORCE/REST/act=0/mav=34635/base=435495/th=56455
1778760503.943,6905,-31,491073,0,42168,11,STAND/UNKNOWN/#0/LOW_FORCE/REST/act=0/mav=34635/base=435495/th=56455
1778760503.944,6906,-31,493330,0,42168,11,STAND/UNKNOWN/#0/LOW_FORCE/REST/act=0/mav=34635/base=435495/th=56455
1778760503.944,6907,-31,497302,0,42168,11,STAND/UNKNOWN/#0/LOW_FORCE/REST/act=0/mav=34635/base=435495/th=56455
1778760503.944,6908,-31,499155,0,40483,17,STAND/UNKNOWN/#0/LOW_FORCE/REST/act=0/mav=33910/base=435495/th=56455
1778760504.007,6909,-31,502432,0,40483,17,STAND/UNKNOWN/#0/LOW_FORCE/REST/act=0/mav=33910/base=435495/th=56455
1778760504.008,6910,-31,496553,0,40483,17,STAND/UNKNOWN/#0/LOW_FORCE/REST/act=0/mav=33910/base=435495/th=56455
1778760504.008,6911,-31,497088,0,40483,17,STAND/UNKNOWN/#0/LOW_FORCE/REST/act=0/mav=33910/base=435495/th=56455
1778760504.008,6912,-31,497303,0,40483,17,STAND/UNKNOWN/#0/LOW_FORCE/REST/act=0/mav=33910/base=435495/th=56455
1778760504.070,6913,-31,495206,0,40483,17,STAND/UNKNOWN/#0/LOW_FORCE/REST/act=0/mav=33910/base=435495/th=56455
1778760504.070,6914,-31,497181,0,40483,17,STAND/UNKNOWN/#0/LOW_FORCE/REST/act=0/mav=33910/base=435495/th=56455
1778760504.071,6915,-31,502456,0,40483,17,STAND/UNKNOWN/#0/LOW_FORCE/REST/act=0/mav=33910/base=435495/th=56455
1778760504.136,6916,-31,505906,0,40483,17,STAND/UNKNOWN/#0/LOW_FORCE/REST/act=0/mav=33910/base=435495/th=56455
1778760504.136,6917,-31,505769,0,40483,17,STAND/UNKNOWN/#0/LOW_FORCE/REST/act=0/mav=33910/base=435495/th=56455
1778760504.136,6918,-31,501869,0,40483,17,STAND/UNKNOWN/#0/LOW_FORCE/REST/act=0/mav=33910/base=435495/th=56455
1778760504.205,6919,-31,500948,0,40483,17,STAND/UNKNOWN/#0/LOW_FORCE/REST/act=0/mav=33910/base=435495/th=56455
1778760504.205,6920,-31,501318,0,40483,17,STAND/UNKNOWN/#0/LOW_FORCE/REST/act=0/mav=33910/base=435495/th=56455
1778760504.205,6921,-31,497768,0,39289,32,STAND/UNKNOWN/#0/LOW_FORCE/REST/act=0/mav=34306/base=435495/th=56455
1778760504.275,6922,-31,503008,0,39289,32,STAND/UNKNOWN/#0/LOW_FORCE/REST/act=0/mav=34306/base=435495/th=56455
1778760504.275,6923,-31,506474,0,39289,32,STAND/UNKNOWN/#0/LOW_FORCE/REST/act=0/mav=34306/base=435495/th=56455
1778760504.275,6924,-31,510324,0,39289,32,STAND/UNKNOWN/#0/LOW_FORCE/REST/act=0/mav=34306/base=435495/th=56455
1778760504.276,6925,-31,509616,0,39289,32,STAND/UNKNOWN/#0/LOW_FORCE/REST/act=0/mav=34306/base=435495/th=56455
1778760504.340,6926,-31,505349,0,39289,32,STAND/UNKNOWN/#0/LOW_FORCE/REST/act=0/mav=34306/base=435495/th=56455
1778760504.340,6927,-31,504593,0,39289,32,STAND/UNKNOWN/#0/LOW_FORCE/REST/act=0/mav=34306/base=435495/th=56455
1778760504.340,6928,-31,505064,0,39289,32,STAND/UNKNOWN/#0/LOW_FORCE/REST/act=0/mav=34306/base=435495/th=56455
1778760504.401,6929,-31,502966,0,39289,32,STAND/UNKNOWN/#0/LOW_FORCE/REST/act=0/mav=34306/base=435495/th=56455
1778760504.402,6930,-31,505431,0,39289,32,STAND/UNKNOWN/#0/LOW_FORCE/REST/act=0/mav=34306/base=435495/th=56455
1778760504.402,6931,-31,509819,0,39289,32,STAND/UNKNOWN/#0/LOW_FORCE/REST/act=0/mav=34306/base=435495/th=56455
1778760504.468,6932,-31,513228,0,39289,32,STAND/UNKNOWN/#0/LOW_FORCE/REST/act=0/mav=34306/base=435495/th=56455
1778760504.468,6933,-31,512381,0,39289,32,STAND/UNKNOWN/#0/LOW_FORCE/REST/act=0/mav=34306/base=435495/th=56455
1778760504.468,6934,-31,507278,0,39120,43,STAND/UNKNOWN/#0/LOW_FORCE/REST/act=0/mav=35702/base=435495/th=56455
1778760504.468,6935,-31,508241,0,39120,43,STAND/UNKNOWN/#0/LOW_FORCE/REST/act=0/mav=35702/base=435495/th=56455
1778760504.545,6936,-31,506864,0,39120,43,STAND/UNKNOWN/#0/LOW_FORCE/REST/act=0/mav=35702/base=435495/th=56455
1778760504.546,6937,-31,505239,0,39120,43,STAND/UNKNOWN/#0/LOW_FORCE/REST/act=0/mav=35702/base=435495/th=56455
1778760504.546,6938,-31,506127,0,39120,43,STAND/UNKNOWN/#0/LOW_FORCE/REST/act=0/mav=35702/base=435495/th=56455
1778760504.546,6939,-31,512337,0,39120,43,STAND/UNKNOWN/#0/LOW_FORCE/REST/act=0/mav=35702/base=435495/th=56455
1778760504.609,6940,-31,515274,0,39120,43,STAND/UNKNOWN/#0/LOW_FORCE/REST/act=0/mav=35702/base=435495/th=56455
1778760504.610,6941,-31,515186,0,39120,43,STAND/UNKNOWN/#0/LOW_FORCE/REST/act=0/mav=35702/base=435495/th=56455
1778760504.610,6942,-31,510205,0,39120,43,STAND/UNKNOWN/#0/LOW_FORCE/REST/act=0/mav=35702/base=435495/th=56455
1778760504.673,6943,-31,510936,0,39120,43,STAND/UNKNOWN/#0/LOW_FORCE/REST/act=0/mav=35702/base=435495/th=56455
1778760504.673,6944,-31,508059,0,39120,43,STAND/UNKNOWN/#0/LOW_FORCE/REST/act=0/mav=35702/base=435495/th=56455
1778760504.673,6945,-31,508293,0,39120,43,STAND/UNKNOWN/#0/LOW_FORCE/REST/act=0/mav=35702/base=435495/th=56455
1778760504.734,6946,-31,513619,0,39120,43,STAND/UNKNOWN/#0/LOW_FORCE/REST/act=0/mav=35702/base=435495/th=56455
1778760504.735,6947,-31,518874,0,38599,45,STAND/UNKNOWN/#0/LOW_FORCE/REST/act=0/mav=36180/base=435495/th=56455
1778760504.735,6948,-31,520839,0,38599,45,STAND/UNKNOWN/#0/LOW_FORCE/REST/act=0/mav=36180/base=435495/th=56455
1778760504.809,6949,-31,521819,0,38599,45,STAND/UNKNOWN/#0/LOW_FORCE/REST/act=0/mav=36180/base=435495/th=56455
1778760504.810,6950,-31,519564,0,38599,45,STAND/UNKNOWN/#0/LOW_FORCE/REST/act=0/mav=36180/base=435495/th=56455
1778760504.810,6951,-31,519074,0,38599,45,STAND/UNKNOWN/#0/LOW_FORCE/REST/act=0/mav=36180/base=435495/th=56455
1778760504.810,6952,-31,520536,0,38599,45,STAND/UNKNOWN/#0/LOW_FORCE/REST/act=0/mav=36180/base=435495/th=56455
1778760504.888,6953,-31,516554,0,38599,45,STAND/UNKNOWN/#0/LOW_FORCE/REST/act=0/mav=36180/base=435495/th=56455
1778760504.889,6954,-31,519114,0,38599,45,STAND/UNKNOWN/#0/LOW_FORCE/REST/act=0/mav=36180/base=435495/th=56455
1778760504.889,6955,-31,523098,0,38599,45,STAND/UNKNOWN/#0/LOW_FORCE/REST/act=0/mav=36180/base=435495/th=56455
1778760504.889,6956,-31,525601,0,38599,45,STAND/UNKNOWN/#0/LOW_FORCE/REST/act=0/mav=36180/base=435495/th=56455
1778760504.968,6957,-31,523634,0,38599,45,STAND/UNKNOWN/#0/LOW_FORCE/REST/act=0/mav=36180/base=435495/th=56455
1778760504.968,6958,-31,522993,0,38599,45,STAND/UNKNOWN/#0/LOW_FORCE/REST/act=0/mav=36180/base=435495/th=56455
1778760504.968,6959,-31,521143,0,38599,45,STAND/UNKNOWN/#0/LOW_FORCE/REST/act=0/mav=36180/base=435495/th=56455
1778760505.048,6960,-31,520312,0,38925,34,STAND/UNKNOWN/#0/LOW_FORCE/REST/act=0/mav=36543/base=435495/th=56455
1778760505.049,6961,-31,519499,0,38925,34,STAND/UNKNOWN/#0/LOW_FORCE/REST/act=0/mav=36543/base=435495/th=56455
1778760505.049,6962,-31,521316,0,38925,34,STAND/UNKNOWN/#0/LOW_FORCE/REST/act=0/mav=36543/base=435495/th=56455
1778760505.049,6963,-31,525521,0,38925,34,STAND/UNKNOWN/#0/LOW_FORCE/REST/act=0/mav=36543/base=435495/th=56455
1778760505.049,6964,-31,528578,0,38925,34,STAND/UNKNOWN/#0/LOW_FORCE/REST/act=0/mav=36543/base=435495/th=56455
1778760505.120,6965,-31,527093,0,38925,34,STAND/UNKNOWN/#0/LOW_FORCE/REST/act=0/mav=36543/base=435495/th=56455
1778760505.121,6966,-31,522804,0,38925,34,STAND/UNKNOWN/#0/LOW_FORCE/REST/act=0/mav=36543/base=435495/th=56455
1778760505.121,6967,-31,520869,0,38925,34,STAND/UNKNOWN/#0/LOW_FORCE/REST/act=0/mav=36543/base=435495/th=56455
1778760505.188,6968,-31,521361,0,38925,34,STAND/UNKNOWN/#0/LOW_FORCE/REST/act=0/mav=36543/base=435495/th=56455
1778760505.189,6969,-31,518185,0,38925,34,STAND/UNKNOWN/#0/LOW_FORCE/REST/act=0/mav=36543/base=435495/th=56455
1778760505.189,6970,-31,522477,0,38925,34,STAND/UNKNOWN/#0/LOW_FORCE/REST/act=0/mav=36543/base=435495/th=56455
1778760505.189,6971,-31,527706,0,38925,34,STAND/UNKNOWN/#0/LOW_FORCE/REST/act=0/mav=36543/base=435495/th=56455
1778760505.250,6972,-31,531340,0,39662,25,STAND/UNKNOWN/#0/LOW_FORCE/REST/act=0/mav=36723/base=435495/th=56455
1778760505.251,6973,-31,530044,0,39662,25,STAND/UNKNOWN/#0/LOW_FORCE/REST/act=0/mav=36723/base=435495/th=56455
1778760505.251,6974,-31,526044,0,39662,25,STAND/UNKNOWN/#0/LOW_FORCE/REST/act=0/mav=36723/base=435495/th=56455
1778760505.314,6975,-31,525156,0,39662,25,STAND/UNKNOWN/#0/LOW_FORCE/REST/act=0/mav=36723/base=435495/th=56455
1778760505.314,6976,-31,525178,0,39662,25,STAND/UNKNOWN/#0/LOW_FORCE/REST/act=0/mav=36723/base=435495/th=56455
1778760505.315,6977,-31,521798,0,39662,25,STAND/UNKNOWN/#0/LOW_FORCE/REST/act=0/mav=36723/base=435495/th=56455
1778760505.383,6978,-31,526445,0,39662,25,STAND/UNKNOWN/#0/LOW_FORCE/REST/act=0/mav=36723/base=435495/th=56455
1778760505.384,6979,-31,529852,0,39662,25,STAND/UNKNOWN/#0/LOW_FORCE/REST/act=0/mav=36723/base=435495/th=56455
1778760505.384,6980,-31,534431,0,39662,25,STAND/UNKNOWN/#0/LOW_FORCE/REST/act=0/mav=36723/base=435495/th=56455
1778760505.449,6981,-31,534113,0,39662,25,STAND/UNKNOWN/#0/LOW_FORCE/REST/act=0/mav=36723/base=435495/th=56455
1778760505.449,6982,-31,530622,0,39662,25,STAND/UNKNOWN/#0/LOW_FORCE/REST/act=0/mav=36723/base=435495/th=56455
1778760505.449,6983,-31,528766,0,39662,25,STAND/UNKNOWN/#0/LOW_FORCE/REST/act=0/mav=36723/base=435495/th=56455
1778760505.449,6984,-31,527500,0,39662,25,STAND/UNKNOWN/#0/LOW_FORCE/REST/act=0/mav=36723/base=435495/th=56455
1778760505.536,6985,-31,526503,0,40267,26,STAND/UNKNOWN/#0/LOW_FORCE/REST/act=0/mav=36635/base=435495/th=56455
1778760505.537,6986,-31,531714,0,40267,26,STAND/UNKNOWN/#0/LOW_FORCE/REST/act=0/mav=36635/base=435495/th=56455
1778760505.537,6987,-31,534480,0,40267,26,STAND/UNKNOWN/#0/LOW_FORCE/REST/act=0/mav=36635/base=435495/th=56455
1778760505.537,6988,-31,537454,0,40267,26,STAND/UNKNOWN/#0/LOW_FORCE/REST/act=0/mav=36635/base=435495/th=56455
1778760505.608,6989,-31,535954,0,40267,26,STAND/UNKNOWN/#0/LOW_FORCE/REST/act=0/mav=36635/base=435495/th=56455
1778760505.608,6990,-31,533219,0,40267,26,STAND/UNKNOWN/#0/LOW_FORCE/REST/act=0/mav=36635/base=435495/th=56455
1778760505.608,6991,-31,531543,0,40267,26,STAND/UNKNOWN/#0/LOW_FORCE/REST/act=0/mav=36635/base=435495/th=56455
1778760505.608,6992,-31,531811,0,40267,26,STAND/UNKNOWN/#0/LOW_FORCE/REST/act=0/mav=36635/base=435495/th=56455
1778760505.685,6993,-31,530908,0,40267,26,STAND/UNKNOWN/#0/LOW_FORCE/REST/act=0/mav=36635/base=435495/th=56455
1778760505.685,6994,-31,534501,0,40267,26,STAND/UNKNOWN/#0/LOW_FORCE/REST/act=0/mav=36635/base=435495/th=56455
1778760505.685,6995,-31,538129,0,40267,26,STAND/UNKNOWN/#0/LOW_FORCE/REST/act=0/mav=36635/base=435495/th=56455
1778760505.764,6996,-31,542294,0,40267,26,STAND/UNKNOWN/#0/LOW_FORCE/REST/act=0/mav=36635/base=435495/th=56455
1778760505.765,6997,-31,540331,0,40267,26,STAND/UNKNOWN/#0/LOW_FORCE/REST/act=0/mav=36635/base=435495/th=56455
1778760505.765,6998,-31,538689,0,41832,26,STAND/UNKNOWN/#0/LOW_FORCE/REST/act=0/mav=37058/base=435495/th=56455
1778760505.765,6999,-31,537996,0,41832,26,STAND/UNKNOWN/#0/LOW_FORCE/REST/act=0/mav=37058/base=435495/th=56455
1778760505.827,7000,-31,537628,0,41832,26,STAND/UNKNOWN/#0/LOW_FORCE/REST/act=0/mav=37058/base=435495/th=56455
1778760505.828,7001,-31,535296,0,41832,26,STAND/UNKNOWN/#0/LOW_FORCE/REST/act=0/mav=37058/base=435495/th=56455
1778760505.828,7002,-31,538408,0,41832,26,STAND/UNKNOWN/#0/LOW_FORCE/REST/act=0/mav=37058/base=435495/th=56455
1778760505.828,7003,-31,542853,0,41832,26,STAND/UNKNOWN/#0/LOW_FORCE/REST/act=0/mav=37058/base=435495/th=56455
1778760505.907,7004,-31,544892,0,41832,26,STAND/UNKNOWN/#0/LOW_FORCE/REST/act=0/mav=37058/base=435495/th=56455
1778760505.907,7005,-31,544083,0,41832,26,STAND/UNKNOWN/#0/LOW_FORCE/REST/act=0/mav=37058/base=435495/th=56455
1778760505.907,7006,-31,540398,0,41832,26,STAND/UNKNOWN/#0/LOW_FORCE/REST/act=0/mav=37058/base=435495/th=56455
1778760505.907,7007,-31,539917,0,41832,26,STAND/UNKNOWN/#0/LOW_FORCE/REST/act=0/mav=37058/base=435495/th=56455
1778760505.976,7008,-31,538620,0,41832,26,STAND/UNKNOWN/#0/LOW_FORCE/REST/act=0/mav=37058/base=435495/th=56455
1778760505.977,7009,-31,537516,0,41832,26,STAND/UNKNOWN/#0/LOW_FORCE/REST/act=0/mav=37058/base=435495/th=56455
1778760505.977,7010,-31,540591,0,41832,26,STAND/UNKNOWN/#0/LOW_FORCE/REST/act=0/mav=37058/base=435495/th=56455
1778760506.039,7011,-31,543639,0,43488,23,STAND/UNKNOWN/#0/LOW_FORCE/REST/act=0/mav=37416/base=435495/th=56455
1778760506.040,7012,-31,547821,0,43488,23,STAND/UNKNOWN/#0/LOW_FORCE/REST/act=0/mav=37416/base=435495/th=56455
1778760506.040,7013,-31,548149,0,43488,23,STAND/UNKNOWN/#0/LOW_FORCE/REST/act=0/mav=37416/base=435495/th=56455
1778760506.110,7014,-31,541996,0,43488,23,STAND/UNKNOWN/#0/LOW_FORCE/REST/act=0/mav=37416/base=435495/th=56455
1778760506.110,7015,-31,543419,0,43488,23,STAND/UNKNOWN/#0/LOW_FORCE/REST/act=0/mav=37416/base=435495/th=56455
1778760506.110,7016,-31,543535,0,43488,23,STAND/UNKNOWN/#0/LOW_FORCE/REST/act=0/mav=37416/base=435495/th=56455
1778760506.110,7017,-31,540070,0,43488,23,STAND/UNKNOWN/#0/LOW_FORCE/REST/act=0/mav=37416/base=435495/th=56455
1778760506.177,7018,-31,543226,0,43488,23,STAND/UNKNOWN/#0/LOW_FORCE/REST/act=0/mav=37416/base=435495/th=56455
1778760506.178,7019,-31,546459,0,43488,23,STAND/UNKNOWN/#0/LOW_FORCE/REST/act=0/mav=37416/base=435495/th=56455
1778760506.178,7020,-31,551075,0,43488,23,STAND/UNKNOWN/#0/LOW_FORCE/REST/act=0/mav=37416/base=435495/th=56455
1778760506.238,7021,-31,549559,0,43488,23,STAND/UNKNOWN/#0/LOW_FORCE/REST/act=0/mav=37416/base=435495/th=56455
1778760506.238,7022,-31,546442,0,43488,23,STAND/UNKNOWN/#0/LOW_FORCE/REST/act=0/mav=37416/base=435495/th=56455
1778760506.238,7023,-31,545401,0,43488,23,STAND/UNKNOWN/#0/LOW_FORCE/REST/act=0/mav=37416/base=435495/th=56455
1778760506.300,7024,-31,547249,0,45395,10,STAND/UNKNOWN/#0/LOW_FORCE/REST/act=0/mav=38170/base=435495/th=56455
1778760506.301,7025,-31,545350,0,45395,10,STAND/UNKNOWN/#0/LOW_FORCE/REST/act=0/mav=38170/base=435495/th=56455
1778760506.301,7026,-31,548653,0,45395,10,STAND/UNKNOWN/#0/LOW_FORCE/REST/act=0/mav=38170/base=435495/th=56455
1778760506.368,7027,-31,552353,0,45395,10,STAND/UNKNOWN/#0/LOW_FORCE/REST/act=0/mav=38170/base=435495/th=56455
1778760506.368,7028,-31,555234,0,45395,10,STAND/UNKNOWN/#0/LOW_FORCE/REST/act=0/mav=38170/base=435495/th=56455
1778760506.368,7029,-31,554061,0,45395,10,STAND/UNKNOWN/#0/LOW_FORCE/REST/act=0/mav=38170/base=435495/th=56455
1778760506.368,7030,-31,552979,0,45395,10,STAND/UNKNOWN/#0/LOW_FORCE/REST/act=0/mav=38170/base=435495/th=56455
1778760506.437,7031,-31,552270,0,45395,10,STAND/UNKNOWN/#0/LOW_FORCE/REST/act=0/mav=38170/base=435495/th=56455
1778760506.438,7032,-31,550056,0,45395,10,STAND/UNKNOWN/#0/LOW_FORCE/REST/act=0/mav=38170/base=435495/th=56455
1778760506.438,7033,-31,548286,0,45395,10,STAND/UNKNOWN/#0/LOW_FORCE/REST/act=0/mav=38170/base=435495/th=56455
1778760506.501,7034,-31,551997,0,45395,10,STAND/UNKNOWN/#0/LOW_FORCE/REST/act=0/mav=38170/base=435495/th=56455
1778760506.502,7035,-31,557629,0,45395,10,STAND/UNKNOWN/#0/LOW_FORCE/REST/act=0/mav=38170/base=435495/th=56455
1778760506.502,7036,-31,560725,0,48180,5,STAND/UNKNOWN/#0/LOW_FORCE/REST/act=0/mav=40010/base=435495/th=56455
1778760506.567,7037,-31,560344,0,48180,5,STAND/UNKNOWN/#0/LOW_FORCE/REST/act=0/mav=40010/base=435495/th=56455
1778760506.568,7038,-31,555158,0,48180,5,STAND/UNKNOWN/#0/LOW_FORCE/REST/act=0/mav=40010/base=435495/th=56455
1778760506.568,7039,-31,558011,0,48180,5,STAND/UNKNOWN/#0/LOW_FORCE/REST/act=0/mav=40010/base=435495/th=56455
1778760506.568,7040,-31,557844,0,48180,5,STAND/UNKNOWN/#0/LOW_FORCE/REST/act=0/mav=40010/base=435495/th=56455
1778760506.635,7041,-31,557034,0,48180,5,STAND/UNKNOWN/#0/LOW_FORCE/REST/act=0/mav=40010/base=435495/th=56455
1778760506.636,7042,-31,558263,0,48180,5,STAND/UNKNOWN/#0/LOW_FORCE/REST/act=0/mav=40010/base=435495/th=56455
1778760506.636,7043,-31,562794,0,48180,5,STAND/UNKNOWN/#0/LOW_FORCE/REST/act=0/mav=40010/base=435495/th=56455
1778760506.704,7044,-31,565546,0,48180,5,STAND/UNKNOWN/#0/LOW_FORCE/REST/act=0/mav=40010/base=435495/th=56455
1778760506.705,7045,-31,563727,0,48180,5,STAND/UNKNOWN/#0/LOW_FORCE/REST/act=0/mav=40010/base=435495/th=56455
1778760506.705,7046,-31,560535,0,48180,5,STAND/UNKNOWN/#0/LOW_FORCE/REST/act=0/mav=40010/base=435495/th=56455
1778760506.772,7047,-31,560952,0,48180,5,STAND/UNKNOWN/#0/LOW_FORCE/REST/act=0/mav=40010/base=435495/th=56455
1778760506.773,7048,-31,557915,0,48180,5,STAND/UNKNOWN/#0/LOW_FORCE/REST/act=0/mav=40010/base=435495/th=56455
1778760506.773,7049,-31,554481,0,50427,18,STAND/UNKNOWN/#0/LOW_FORCE/REST/act=0/mav=41372/base=435495/th=56455
1778760506.773,7050,-31,558044,0,50427,18,STAND/UNKNOWN/#0/LOW_FORCE/REST/act=0/mav=41372/base=435495/th=56455
1778760506.845,7051,-31,562432,0,50427,18,STAND/UNKNOWN/#0/LOW_FORCE/REST/act=0/mav=41372/base=435495/th=56455
1778760506.846,7052,-31,565166,0,50427,18,STAND/UNKNOWN/#0/LOW_FORCE/REST/act=0/mav=41372/base=435495/th=56455
1778760506.846,7053,-31,568136,0,50427,18,STAND/UNKNOWN/#0/LOW_FORCE/REST/act=0/mav=41372/base=435495/th=56455
1778760506.846,7054,-31,562851,0,50427,18,STAND/UNKNOWN/#0/LOW_FORCE/REST/act=0/mav=41372/base=435495/th=56455
1778760506.917,7055,-31,563478,0,50427,18,STAND/UNKNOWN/#0/LOW_FORCE/REST/act=0/mav=41372/base=435495/th=56455
1778760506.918,7056,-31,560619,0,50427,18,STAND/UNKNOWN/#0/LOW_FORCE/REST/act=0/mav=41372/base=435495/th=56455
1778760506.918,7057,-31,560518,0,50427,18,STAND/UNKNOWN/#0/LOW_FORCE/REST/act=0/mav=41372/base=435495/th=56455
1778760507.004,7058,-31,563820,0,50427,18,STAND/UNKNOWN/#0/LOW_FORCE/REST/act=0/mav=41372/base=435495/th=56455
1778760507.004,7059,-31,567133,0,50427,18,STAND/UNKNOWN/#0/LOW_FORCE/REST/act=0/mav=41372/base=435495/th=56455
1778760507.005,7060,-31,571558,0,50427,18,STAND/UNKNOWN/#0/LOW_FORCE/REST/act=0/mav=41372/base=435495/th=56455
1778760507.005,7061,-31,569034,0,50427,18,STAND/UNKNOWN/#0/LOW_FORCE/REST/act=0/mav=41372/base=435495/th=56455
1778760507.081,7062,-31,567299,0,53092,25,STAND/UNKNOWN/#0/LOW_FORCE/REST/act=0/mav=44195/base=435495/th=56455
1778760507.082,7063,-31,566703,0,53092,25,STAND/UNKNOWN/#0/LOW_FORCE/REST/act=0/mav=44195/base=435495/th=56455
1778760507.082,7064,-31,565888,0,53092,25,STAND/UNKNOWN/#0/LOW_FORCE/REST/act=0/mav=44195/base=435495/th=56455
1778760507.082,7065,-31,564865,0,53092,25,STAND/UNKNOWN/#0/LOW_FORCE/REST/act=0/mav=44195/base=435495/th=56455
1778760507.159,7066,-31,567688,0,53092,25,STAND/UNKNOWN/#0/LOW_FORCE/REST/act=0/mav=44195/base=435495/th=56455
1778760507.160,7067,-31,570430,0,53092,25,STAND/UNKNOWN/#0/LOW_FORCE/REST/act=0/mav=44195/base=435495/th=56455
1778760507.160,7068,-31,574238,0,53092,25,STAND/UNKNOWN/#0/LOW_FORCE/REST/act=0/mav=44195/base=435495/th=56455
1778760507.160,7069,-31,576234,0,53092,25,STAND/UNKNOWN/#0/LOW_FORCE/REST/act=0/mav=44195/base=435495/th=56455
1778760507.227,7070,-31,572251,0,53092,25,STAND/UNKNOWN/#0/LOW_FORCE/REST/act=0/mav=44195/base=435495/th=56455
1778760507.227,7071,-31,565117,0,53092,25,STAND/UNKNOWN/#0/LOW_FORCE/REST/act=0/mav=44195/base=435495/th=56455
1778760507.227,7072,-31,566725,0,53092,25,STAND/UNKNOWN/#0/LOW_FORCE/REST/act=0/mav=44195/base=435495/th=56455
1778760507.227,7073,-31,566615,0,53092,25,STAND/UNKNOWN/#0/LOW_FORCE/REST/act=0/mav=44195/base=435495/th=56455
1778760507.316,7074,-31,569953,0,53092,25,STAND/UNKNOWN/#0/LOW_FORCE/REST/act=0/mav=44195/base=435495/th=56455
1778760507.316,7075,-31,574521,0,56034,34,STAND/UNKNOWN/#0/LOW_FORCE/REST/act=0/mav=48144/base=435495/th=56455
1778760507.317,7076,-31,579858,0,56034,34,STAND/UNKNOWN/#0/LOW_FORCE/REST/act=0/mav=48144/base=435495/th=56455
1778760507.317,7077,-31,578583,0,56034,34,STAND/UNKNOWN/#0/LOW_FORCE/REST/act=0/mav=48144/base=435495/th=56455
1778760507.416,7078,-31,574887,0,56034,34,STAND/UNKNOWN/#0/LOW_FORCE/REST/act=0/mav=48144/base=435495/th=56455
1778760507.417,7079,-31,573628,0,56034,34,STAND/UNKNOWN/#0/LOW_FORCE/REST/act=0/mav=48144/base=435495/th=56455
1778760507.417,7080,-31,574789,0,56034,34,STAND/UNKNOWN/#0/LOW_FORCE/REST/act=0/mav=48144/base=435495/th=56455
1778760507.417,7081,-31,571671,0,56034,34,STAND/UNKNOWN/#0/LOW_FORCE/REST/act=0/mav=48144/base=435495/th=56455
1778760507.417,7082,-31,575211,0,56034,34,STAND/UNKNOWN/#0/LOW_FORCE/REST/act=0/mav=48144/base=435495/th=56455
1778760507.533,7083,-31,581108,0,56034,34,STAND/UNKNOWN/#0/LOW_FORCE/REST/act=0/mav=48144/base=435495/th=56455
1778760507.534,7084,-31,584746,0,56034,34,STAND/UNKNOWN/#0/LOW_FORCE/REST/act=0/mav=48144/base=435495/th=56455
1778760507.534,7085,-31,582195,0,56034,34,STAND/UNKNOWN/#0/LOW_FORCE/REST/act=0/mav=48144/base=435495/th=56455
1778760507.534,7086,-31,582221,0,56034,34,STAND/UNKNOWN/#0/LOW_FORCE/REST/act=0/mav=48144/base=435495/th=56455
1778760507.534,7087,-31,582689,0,56034,34,STAND/UNKNOWN/#0/LOW_FORCE/REST/act=0/mav=48144/base=435495/th=56455
1778760507.534,7088,-31,580784,0,58890,48,STAND/UNKNOWN/#0/LOW_FORCE/REST/act=0/mav=51395/base=435495/th=56455
1778760507.620,7089,-31,576338,0,58890,48,STAND/UNKNOWN/#0/LOW_FORCE/REST/act=0/mav=51395/base=435495/th=56455
1778760507.621,7090,-31,577331,0,58890,48,STAND/UNKNOWN/#0/LOW_FORCE/REST/act=0/mav=51395/base=435495/th=56455
1778760507.621,7091,-31,582750,0,58890,48,STAND/UNKNOWN/#0/LOW_FORCE/REST/act=0/mav=51395/base=435495/th=56455
1778760507.621,7092,-31,585584,0,58890,48,STAND/UNKNOWN/#0/LOW_FORCE/REST/act=0/mav=51395/base=435495/th=56455
1778760507.695,7093,-31,584547,0,58890,48,STAND/UNKNOWN/#0/LOW_FORCE/REST/act=0/mav=51395/base=435495/th=56455
1778760507.695,7094,-31,582228,0,58890,48,STAND/UNKNOWN/#0/LOW_FORCE/REST/act=0/mav=51395/base=435495/th=56455
1778760507.695,7095,-31,580644,0,58890,48,STAND/UNKNOWN/#0/LOW_FORCE/REST/act=0/mav=51395/base=435495/th=56455
1778760507.696,7096,-31,580480,0,58890,48,STAND/UNKNOWN/#0/LOW_FORCE/REST/act=0/mav=51395/base=435495/th=56455
1778760507.775,7097,-31,579441,0,58890,48,STAND/UNKNOWN/#0/LOW_FORCE/REST/act=0/mav=51395/base=435495/th=56455
1778760507.776,7098,-31,582898,0,58890,48,STAND/UNKNOWN/#0/LOW_FORCE/REST/act=0/mav=51395/base=435495/th=56455
1778760507.776,7099,-31,586523,0,58890,48,STAND/UNKNOWN/#0/LOW_FORCE/REST/act=0/mav=51395/base=435495/th=56455
1778760507.776,7100,-31,594233,0,62142,51,STAND/UNKNOWN/#0/LOW_FORCE/REST/act=0/mav=55133/base=435495/th=56455
1778760507.872,7101,-31,593604,0,62142,51,STAND/UNKNOWN/#0/LOW_FORCE/REST/act=0/mav=55133/base=435495/th=56455
1778760507.873,7102,-31,586707,0,62142,51,STAND/UNKNOWN/#0/LOW_FORCE/REST/act=0/mav=55133/base=435495/th=56455
1778760507.873,7103,-31,585128,0,62142,51,STAND/UNKNOWN/#0/LOW_FORCE/REST/act=0/mav=55133/base=435495/th=56455
1778760507.873,7104,-31,582354,0,62142,51,STAND/UNKNOWN/#0/LOW_FORCE/REST/act=0/mav=55133/base=435495/th=56455
1778760507.873,7105,-31,579258,0,62142,51,STAND/UNKNOWN/#0/LOW_FORCE/REST/act=0/mav=55133/base=435495/th=56455
1778760507.968,7106,-31,583831,0,62142,51,STAND/UNKNOWN/#0/LOW_FORCE/REST/act=0/mav=55133/base=435495/th=56455
1778760507.969,7107,-31,589653,0,62142,51,STAND/UNKNOWN/#0/LOW_FORCE/REST/act=0/mav=55133/base=435495/th=56455
1778760507.969,7108,-31,591679,0,62142,51,STAND/UNKNOWN/#0/LOW_FORCE/REST/act=0/mav=55133/base=435495/th=56455
1778760507.969,7109,-31,591803,0,62142,51,STAND/UNKNOWN/#0/LOW_FORCE/REST/act=0/mav=55133/base=435495/th=56455
1778760507.969,7110,-31,588066,0,62142,51,STAND/UNKNOWN/#0/LOW_FORCE/REST/act=0/mav=55133/base=435495/th=56455
1778760508.072,7111,-31,586689,0,62142,51,STAND/UNKNOWN/#0/LOW_FORCE/REST/act=0/mav=55133/base=435495/th=56455
1778760508.072,7112,-31,584770,0,62142,51,STAND/UNKNOWN/#0/LOW_FORCE/REST/act=0/mav=55133/base=435495/th=56455
1778760508.072,7113,-31,577387,0,64093,51,STAND/UNKNOWN/#0/LOW_FORCE/OK/act=1/mav=57674/base=435495/th=56455
1778760508.072,7114,-31,574271,0,64093,51,STAND/UNKNOWN/#0/LOW_FORCE/OK/act=1/mav=57674/base=435495/th=56455
1778760508.072,7115,-31,574351,0,64093,51,STAND/UNKNOWN/#0/LOW_FORCE/OK/act=1/mav=57674/base=435495/th=56455
1778760508.182,7116,-31,576713,0,64093,51,STAND/UNKNOWN/#0/LOW_FORCE/OK/act=1/mav=57674/base=435495/th=56455
1778760508.182,7117,-31,573108,0,64093,51,STAND/UNKNOWN/#0/LOW_FORCE/OK/act=1/mav=57674/base=435495/th=56455
1778760508.182,7118,-31,569835,0,64093,51,STAND/UNKNOWN/#0/LOW_FORCE/OK/act=1/mav=57674/base=435495/th=56455
1778760508.182,7119,-31,571393,0,64093,51,STAND/UNKNOWN/#0/LOW_FORCE/OK/act=1/mav=57674/base=435495/th=56455
1778760508.182,7120,-31,570909,0,64093,51,STAND/UNKNOWN/#0/LOW_FORCE/OK/act=1/mav=57674/base=435495/th=56455
1778760508.284,7121,-31,570204,0,64093,51,STAND/UNKNOWN/#0/LOW_FORCE/OK/act=1/mav=57674/base=435495/th=56455
1778760508.285,7122,-31,575186,0,64093,51,STAND/UNKNOWN/#0/LOW_FORCE/OK/act=1/mav=57674/base=435495/th=56455
1778760508.285,7123,-31,578327,0,64093,51,STAND/UNKNOWN/#0/LOW_FORCE/OK/act=1/mav=57674/base=435495/th=56455
1778760508.285,7124,-31,586163,0,64093,51,STAND/UNKNOWN/#0/LOW_FORCE/OK/act=1/mav=57674/base=435495/th=56455
1778760508.286,7125,-31,593128,0,64093,51,STAND/UNKNOWN/#0/LOW_FORCE/OK/act=1/mav=57674/base=435495/th=56455
1778760508.286,7126,-31,595374,0,9220,51,STAND/UNKNOWN/#0/LOW_FORCE/OK/act=1/mav=60403/base=435495/th=56455
1778760508.389,7127,-31,588394,0,9220,51,STAND/UNKNOWN/#0/LOW_FORCE/OK/act=1/mav=60403/base=435495/th=56455
1778760508.390,7128,-31,586750,0,9220,51,STAND/UNKNOWN/#0/LOW_FORCE/OK/act=1/mav=60403/base=435495/th=56455
1778760508.390,7129,-31,587626,0,9220,51,STAND/UNKNOWN/#0/LOW_FORCE/OK/act=1/mav=60403/base=435495/th=56455
1778760508.390,7130,-31,589454,0,9220,51,STAND/UNKNOWN/#0/LOW_FORCE/OK/act=1/mav=60403/base=435495/th=56455
1778760508.390,7131,-31,592720,0,9220,51,STAND/UNKNOWN/#0/LOW_FORCE/OK/act=1/mav=60403/base=435495/th=56455
1778760508.504,7132,-31,596683,0,9220,51,STAND/UNKNOWN/#0/LOW_FORCE/OK/act=1/mav=60403/base=435495/th=56455
1778760508.504,7133,-31,599368,0,9220,51,STAND/UNKNOWN/#0/LOW_FORCE/OK/act=1/mav=60403/base=435495/th=56455
1778760508.504,7134,-31,600826,0,9220,51,STAND/UNKNOWN/#0/LOW_FORCE/OK/act=1/mav=60403/base=435495/th=56455
1778760508.504,7135,-31,601279,0,9220,51,STAND/UNKNOWN/#0/LOW_FORCE/OK/act=1/mav=60403/base=435495/th=56455
1778760508.504,7136,-31,599886,0,9220,51,STAND/UNKNOWN/#0/LOW_FORCE/OK/act=1/mav=60403/base=435495/th=56455
1778760508.612,7137,-31,599836,0,9220,51,STAND/UNKNOWN/#0/LOW_FORCE/OK/act=1/mav=60403/base=435495/th=56455
1778760508.613,7138,-31,600848,0,9220,51,STAND/UNKNOWN/#0/LOW_FORCE/OK/act=1/mav=60403/base=435495/th=56455
1778760508.613,7139,-31,599682,0,23525,51,STAND/UNKNOWN/#0/LOW_FORCE/OK/act=1/mav=63155/base=435495/th=56455
1778760508.613,7140,-31,601016,0,23525,51,STAND/UNKNOWN/#0/LOW_FORCE/OK/act=1/mav=63155/base=435495/th=56455
1778760508.613,7141,-31,603984,0,23525,51,STAND/UNKNOWN/#0/LOW_FORCE/OK/act=1/mav=63155/base=435495/th=56455
1778760508.613,7142,-31,606943,0,23525,51,STAND/UNKNOWN/#0/LOW_FORCE/OK/act=1/mav=63155/base=435495/th=56455
1778760508.711,7143,-31,612684,0,23525,51,STAND/UNKNOWN/#0/LOW_FORCE/OK/act=1/mav=63155/base=435495/th=56455
1778760508.712,7144,-31,609850,0,23525,51,STAND/UNKNOWN/#0/LOW_FORCE/OK/act=1/mav=63155/base=435495/th=56455
1778760508.712,7145,-31,607075,0,23525,51,STAND/UNKNOWN/#0/LOW_FORCE/OK/act=1/mav=63155/base=435495/th=56455
1778760508.712,7146,-31,606246,0,23525,51,STAND/UNKNOWN/#0/LOW_FORCE/OK/act=1/mav=63155/base=435495/th=56455
1778760508.712,7147,-31,604273,0,23525,51,STAND/UNKNOWN/#0/LOW_FORCE/OK/act=1/mav=63155/base=435495/th=56455
1778760508.826,7148,-31,605528,0,23525,51,STAND/UNKNOWN/#0/LOW_FORCE/OK/act=1/mav=63155/base=435495/th=56455
1778760508.827,7149,-31,606209,0,23525,51,STAND/UNKNOWN/#0/LOW_FORCE/OK/act=1/mav=63155/base=435495/th=56455
1778760508.827,7150,-31,608363,0,23525,51,STAND/UNKNOWN/#0/LOW_FORCE/OK/act=1/mav=63155/base=435495/th=56455
1778760508.827,7151,-31,613140,0,23525,51,STAND/UNKNOWN/#0/LOW_FORCE/OK/act=1/mav=63155/base=435495/th=56455
1778760508.827,7152,-31,616796,0,31330,52,STAND/UNKNOWN/#0/LOW_FORCE/OK/act=1/mav=64797/base=435495/th=56455
1778760508.952,7153,-31,614483,0,31330,52,STAND/UNKNOWN/#0/LOW_FORCE/OK/act=1/mav=64797/base=435495/th=56455
1778760508.953,7154,-31,609936,0,31330,52,STAND/UNKNOWN/#0/LOW_FORCE/OK/act=1/mav=64797/base=435495/th=56455
1778760508.953,7155,-31,607699,0,31330,52,STAND/UNKNOWN/#0/LOW_FORCE/OK/act=1/mav=64797/base=435495/th=56455
1778760508.953,7156,-31,611066,0,31330,52,STAND/UNKNOWN/#0/LOW_FORCE/OK/act=1/mav=64797/base=435495/th=56455
1778760508.953,7157,-31,607454,0,31330,52,STAND/UNKNOWN/#0/LOW_FORCE/OK/act=1/mav=64797/base=435495/th=56455
1778760508.953,7158,-31,610878,0,31330,52,STAND/UNKNOWN/#0/LOW_FORCE/OK/act=1/mav=64797/base=435495/th=56455
1778760508.953,7159,-31,611681,0,31330,52,STAND/UNKNOWN/#0/LOW_FORCE/OK/act=1/mav=64797/base=435495/th=56455
1778760509.074,7160,-31,616028,0,31330,52,STAND/UNKNOWN/#0/LOW_FORCE/OK/act=1/mav=64797/base=435495/th=56455
1778760509.074,7161,-31,620047,0,31330,52,STAND/UNKNOWN/#0/LOW_FORCE/OK/act=1/mav=64797/base=435495/th=56455
1778760509.074,7162,-31,619123,0,31330,52,STAND/UNKNOWN/#0/LOW_FORCE/OK/act=1/mav=64797/base=435495/th=56455
1778760509.074,7163,-31,616359,0,31330,52,STAND/UNKNOWN/#0/LOW_FORCE/OK/act=1/mav=64797/base=435495/th=56455
1778760509.075,7164,-31,614453,0,36358,51,STAND/UNKNOWN/#0/LOW_FORCE/OK/act=1/mav=67131/base=435495/th=56455
1778760509.192,7165,-31,615906,0,36358,51,STAND/UNKNOWN/#0/LOW_FORCE/OK/act=1/mav=67131/base=435495/th=56455
1778760509.193,7166,-31,613303,0,36358,51,STAND/UNKNOWN/#0/LOW_FORCE/OK/act=1/mav=67131/base=435495/th=56455
1778760509.193,7167,-31,614183,0,36358,51,STAND/UNKNOWN/#0/LOW_FORCE/OK/act=1/mav=67131/base=435495/th=56455
1778760509.193,7168,-31,616043,0,36358,51,STAND/UNKNOWN/#0/LOW_FORCE/OK/act=1/mav=67131/base=435495/th=56455
1778760509.193,7169,-31,620731,0,36358,51,STAND/UNKNOWN/#0/LOW_FORCE/OK/act=1/mav=67131/base=435495/th=56455
1778760509.193,7170,-31,623808,0,36358,51,STAND/UNKNOWN/#0/LOW_FORCE/OK/act=1/mav=67131/base=435495/th=56455
1778760509.193,7171,-31,623603,0,36358,51,STAND/UNKNOWN/#0/LOW_FORCE/OK/act=1/mav=67131/base=435495/th=56455
1778760509.300,7172,-31,620229,0,36358,51,STAND/UNKNOWN/#0/LOW_FORCE/OK/act=1/mav=67131/base=435495/th=56455
1778760509.300,7173,-31,619439,0,36358,51,STAND/UNKNOWN/#0/LOW_FORCE/OK/act=1/mav=67131/base=435495/th=56455
1778760509.300,7174,-31,618524,0,36358,51,STAND/UNKNOWN/#0/LOW_FORCE/OK/act=1/mav=67131/base=435495/th=56455
1778760509.300,7175,-31,614577,0,36358,51,STAND/UNKNOWN/#0/LOW_FORCE/OK/act=1/mav=67131/base=435495/th=56455
1778760509.301,7176,-31,617431,0,36358,51,STAND/UNKNOWN/#0/LOW_FORCE/OK/act=1/mav=67131/base=435495/th=56455
1778760509.410,7177,-31,620131,0,39978,51,STAND/UNKNOWN/#0/LOW_FORCE/OK/act=1/mav=69446/base=435495/th=56455
1778760509.410,7178,-31,623351,0,39978,51,STAND/UNKNOWN/#0/LOW_FORCE/OK/act=1/mav=69446/base=435495/th=56455
1778760509.410,7179,-31,625933,0,39978,51,STAND/UNKNOWN/#0/LOW_FORCE/OK/act=1/mav=69446/base=435495/th=56455
1778760509.510,7180,-31,626524,0,39978,51,STAND/UNKNOWN/#0/LOW_FORCE/OK/act=1/mav=69446/base=435495/th=56455
1778760509.511,7181,-31,622423,0,39978,51,STAND/UNKNOWN/#0/LOW_FORCE/OK/act=1/mav=69446/base=435495/th=56455
1778760509.511,7182,-31,622085,0,39978,51,STAND/UNKNOWN/#0/LOW_FORCE/OK/act=1/mav=69446/base=435495/th=56455
1778760509.511,7183,-31,621804,0,39978,51,STAND/UNKNOWN/#0/LOW_FORCE/OK/act=1/mav=69446/base=435495/th=56455
1778760509.511,7184,-31,621066,0,39978,51,STAND/UNKNOWN/#0/LOW_FORCE/OK/act=1/mav=69446/base=435495/th=56455
1778760509.511,7185,-31,622241,0,39978,51,STAND/UNKNOWN/#0/LOW_FORCE/OK/act=1/mav=69446/base=435495/th=56455
1778760509.617,7186,-31,623128,0,39978,51,STAND/UNKNOWN/#0/LOW_FORCE/OK/act=1/mav=69446/base=435495/th=56455
1778760509.618,7187,-31,626646,0,39978,51,STAND/UNKNOWN/#0/LOW_FORCE/OK/act=1/mav=69446/base=435495/th=56455
1778760509.618,7188,-31,631399,0,39978,51,STAND/UNKNOWN/#0/LOW_FORCE/OK/act=1/mav=69446/base=435495/th=56455
1778760509.618,7189,-31,628941,0,39978,51,STAND/UNKNOWN/#0/LOW_FORCE/OK/act=1/mav=69446/base=435495/th=56455
1778760509.618,7190,-31,626429,0,44729,51,STAND/UNKNOWN/#0/LOW_FORCE/OK/act=1/mav=71923/base=435495/th=56455
1778760509.715,7191,-31,625611,0,44729,51,STAND/UNKNOWN/#0/LOW_FORCE/OK/act=1/mav=71923/base=435495/th=56455
1778760509.716,7192,-31,625043,0,44729,51,STAND/UNKNOWN/#0/LOW_FORCE/OK/act=1/mav=71923/base=435495/th=56455
1778760509.716,7193,-31,623006,0,44729,51,STAND/UNKNOWN/#0/LOW_FORCE/OK/act=1/mav=71923/base=435495/th=56455
1778760509.716,7194,-31,624074,0,44729,51,STAND/UNKNOWN/#0/LOW_FORCE/OK/act=1/mav=71923/base=435495/th=56455
1778760509.716,7195,-31,625551,0,44729,51,STAND/UNKNOWN/#0/LOW_FORCE/OK/act=1/mav=71923/base=435495/th=56455
1778760509.814,7196,-31,630188,0,44729,51,STAND/UNKNOWN/#0/LOW_FORCE/OK/act=1/mav=71923/base=435495/th=56455
1778760509.814,7197,-31,633494,0,44729,51,STAND/UNKNOWN/#0/LOW_FORCE/OK/act=1/mav=71923/base=435495/th=56455
1778760509.815,7198,-31,632868,0,44729,51,STAND/UNKNOWN/#0/LOW_FORCE/OK/act=1/mav=71923/base=435495/th=56455
1778760509.815,7199,-31,629034,0,44729,51,STAND/UNKNOWN/#0/LOW_FORCE/OK/act=1/mav=71923/base=435495/th=56455
1778760509.815,7200,-31,627341,0,44729,51,STAND/UNKNOWN/#0/LOW_FORCE/OK/act=1/mav=71923/base=435495/th=56455
1778760509.815,7201,-31,628721,0,44729,51,STAND/UNKNOWN/#0/LOW_FORCE/OK/act=1/mav=71923/base=435495/th=56455
1778760509.815,7202,-31,626183,0,44729,51,STAND/UNKNOWN/#0/LOW_FORCE/OK/act=1/mav=71923/base=435495/th=56455
1778760509.891,7203,-31,628423,0,48903,51,STAND/UNKNOWN/#0/LOW_FORCE/OK/act=1/mav=74105/base=435495/th=56455
1778760509.892,7204,-31,628456,0,48903,51,STAND/UNKNOWN/#0/LOW_FORCE/OK/act=1/mav=74105/base=435495/th=56455
1778760509.892,7205,-31,634379,0,48903,51,STAND/UNKNOWN/#0/LOW_FORCE/OK/act=1/mav=74105/base=435495/th=56455
1778760509.981,7206,-31,637276,0,48903,51,STAND/UNKNOWN/#0/LOW_FORCE/OK/act=1/mav=74105/base=435495/th=56455
1778760509.982,7207,-31,634758,0,48903,51,STAND/UNKNOWN/#0/LOW_FORCE/OK/act=1/mav=74105/base=435495/th=56455
1778760509.982,7208,-31,632411,0,48903,51,STAND/UNKNOWN/#0/LOW_FORCE/OK/act=1/mav=74105/base=435495/th=56455
1778760509.982,7209,-31,632258,0,48903,51,STAND/UNKNOWN/#0/LOW_FORCE/OK/act=1/mav=74105/base=435495/th=56455
1778760509.982,7210,-31,631199,0,48903,51,STAND/UNKNOWN/#0/LOW_FORCE/OK/act=1/mav=74105/base=435495/th=56455
1778760510.080,7211,-31,629653,0,48903,51,STAND/UNKNOWN/#0/LOW_FORCE/OK/act=1/mav=74105/base=435495/th=56455
1778760510.081,7212,-31,631776,0,48903,51,STAND/UNKNOWN/#0/LOW_FORCE/OK/act=1/mav=74105/base=435495/th=56455
1778760510.081,7213,-31,632686,0,48903,51,STAND/UNKNOWN/#0/LOW_FORCE/OK/act=1/mav=74105/base=435495/th=56455
1778760510.081,7214,-31,637451,0,48903,51,STAND/UNKNOWN/#0/LOW_FORCE/OK/act=1/mav=74105/base=435495/th=56455
1778760510.081,7215,-31,640935,0,48903,51,STAND/UNKNOWN/#0/LOW_FORCE/OK/act=1/mav=74105/base=435495/th=56455
1778760510.168,7216,-31,639043,0,52206,52,STAND/UNKNOWN/#0/LOW_FORCE/OK/act=1/mav=75926/base=435495/th=56455
1778760510.169,7217,-31,635715,0,52206,52,STAND/UNKNOWN/#0/LOW_FORCE/OK/act=1/mav=75926/base=435495/th=56455
1778760510.169,7218,-31,634908,0,52206,52,STAND/UNKNOWN/#0/LOW_FORCE/OK/act=1/mav=75926/base=435495/th=56455
1778760510.169,7219,-31,635426,0,52206,52,STAND/UNKNOWN/#0/LOW_FORCE/OK/act=1/mav=75926/base=435495/th=56455
1778760510.169,7220,-31,633624,0,52206,52,STAND/UNKNOWN/#0/LOW_FORCE/OK/act=1/mav=75926/base=435495/th=56455
1778760510.255,7221,-31,634875,0,52206,52,STAND/UNKNOWN/#0/LOW_FORCE/OK/act=1/mav=75926/base=435495/th=56455
1778760510.255,7222,-31,636028,0,52206,52,STAND/UNKNOWN/#0/LOW_FORCE/OK/act=1/mav=75926/base=435495/th=56455
1778760510.256,7223,-31,640856,0,52206,52,STAND/UNKNOWN/#0/LOW_FORCE/OK/act=1/mav=75926/base=435495/th=56455
1778760510.256,7224,-31,645273,0,52206,52,STAND/UNKNOWN/#0/LOW_FORCE/OK/act=1/mav=75926/base=435495/th=56455
1778760510.352,7225,-31,644608,0,52206,52,STAND/UNKNOWN/#0/LOW_FORCE/OK/act=1/mav=75926/base=435495/th=56455
1778760510.352,7226,-31,640379,0,52206,52,STAND/UNKNOWN/#0/LOW_FORCE/OK/act=1/mav=75926/base=435495/th=56455
1778760510.352,7227,-31,638425,0,52206,52,STAND/UNKNOWN/#0/LOW_FORCE/OK/act=1/mav=75926/base=435495/th=56455
1778760510.352,7228,-31,638498,0,55976,50,STAND/UNKNOWN/#0/LOW_FORCE/OK/act=1/mav=77835/base=435495/th=56455
1778760510.431,7229,-31,629451,0,55976,50,STAND/UNKNOWN/#0/LOW_FORCE/OK/act=1/mav=77835/base=435495/th=56455
1778760510.432,7230,-31,624125,0,55976,50,STAND/UNKNOWN/#0/LOW_FORCE/OK/act=1/mav=77835/base=435495/th=56455
1778760510.432,7231,-31,627181,0,55976,50,STAND/UNKNOWN/#0/LOW_FORCE/OK/act=1/mav=77835/base=435495/th=56455
1778760510.432,7232,-31,625035,0,55976,50,STAND/UNKNOWN/#0/LOW_FORCE/OK/act=1/mav=77835/base=435495/th=56455
1778760510.432,7233,-31,625612,0,55976,50,STAND/UNKNOWN/#0/LOW_FORCE/OK/act=1/mav=77835/base=435495/th=56455
1778760510.492,7234,-31,621084,0,55976,50,STAND/UNKNOWN/#0/LOW_FORCE/OK/act=1/mav=77835/base=435495/th=56455
1778760510.492,7235,-31,621881,0,55976,50,STAND/UNKNOWN/#0/LOW_FORCE/OK/act=1/mav=77835/base=435495/th=56455
1778760510.493,7236,-31,621844,0,55976,50,STAND/UNKNOWN/#0/LOW_FORCE/OK/act=1/mav=77835/base=435495/th=56455
1778760510.552,7237,-31,620359,0,55976,50,STAND/UNKNOWN/#0/LOW_FORCE/OK/act=1/mav=77835/base=435495/th=56455
1778760510.553,7238,-31,622274,0,55976,50,STAND/UNKNOWN/#0/LOW_FORCE/OK/act=1/mav=77835/base=435495/th=56455
1778760510.553,7239,-31,626804,0,55976,50,STAND/UNKNOWN/#0/LOW_FORCE/OK/act=1/mav=77835/base=435495/th=56455
1778760510.622,7240,-31,631830,0,55976,50,STAND/UNKNOWN/#0/LOW_FORCE/OK/act=1/mav=77835/base=435495/th=56455
1778760510.623,7241,-31,635464,0,58292,50,STAND/UNKNOWN/#0/LOW_FORCE/OK/act=1/mav=79963/base=435495/th=56455
1778760510.623,7242,-31,635316,0,58292,50,STAND/UNKNOWN/#0/LOW_FORCE/OK/act=1/mav=79963/base=435495/th=56455
1778760510.713,7243,-31,635503,0,58292,50,STAND/UNKNOWN/#0/LOW_FORCE/OK/act=1/mav=79963/base=435495/th=56455
1778760510.713,7244,-31,634667,0,58292,50,STAND/UNKNOWN/#0/LOW_FORCE/OK/act=1/mav=79963/base=435495/th=56455
1778760510.713,7245,-31,635680,0,58292,50,STAND/UNKNOWN/#0/LOW_FORCE/OK/act=1/mav=79963/base=435495/th=56455
1778760510.713,7246,-31,637236,0,58292,50,STAND/UNKNOWN/#0/LOW_FORCE/OK/act=1/mav=79963/base=435495/th=56455
1778760510.713,7247,-31,639851,0,58292,50,STAND/UNKNOWN/#0/LOW_FORCE/OK/act=1/mav=79963/base=435495/th=56455
1778760510.801,7248,-31,643393,0,58292,50,STAND/UNKNOWN/#0/LOW_FORCE/OK/act=1/mav=79963/base=435495/th=56455
1778760510.802,7249,-31,643722,0,58292,50,STAND/UNKNOWN/#0/LOW_FORCE/OK/act=1/mav=79963/base=435495/th=56455
1778760510.802,7250,-31,646338,0,58292,50,STAND/UNKNOWN/#0/LOW_FORCE/OK/act=1/mav=79963/base=435495/th=56455
1778760510.802,7251,-31,647600,0,58292,50,STAND/UNKNOWN/#0/LOW_FORCE/OK/act=1/mav=79963/base=435495/th=56455
1778760510.875,7252,-31,645182,0,58292,50,STAND/UNKNOWN/#0/LOW_FORCE/OK/act=1/mav=79963/base=435495/th=56455
1778760510.876,7253,-31,648022,0,58292,50,STAND/UNKNOWN/#0/LOW_FORCE/OK/act=1/mav=79963/base=435495/th=56455
1778760510.876,7254,-31,648915,0,61043,41,STAND/UNKNOWN/#0/LOW_FORCE/OK/act=1/mav=80924/base=435495/th=56455
1778760510.876,7255,-31,644089,0,61043,41,STAND/UNKNOWN/#0/LOW_FORCE/OK/act=1/mav=80924/base=435495/th=56455
1778760510.957,7256,-31,648174,0,61043,41,STAND/UNKNOWN/#0/LOW_FORCE/OK/act=1/mav=80924/base=435495/th=56455
1778760510.958,7257,-31,646635,0,61043,41,STAND/UNKNOWN/#0/LOW_FORCE/OK/act=1/mav=80924/base=435495/th=56455
1778760510.958,7258,-31,653407,0,61043,41,STAND/UNKNOWN/#0/LOW_FORCE/OK/act=1/mav=80924/base=435495/th=56455
1778760510.958,7259,-31,656687,0,61043,41,STAND/UNKNOWN/#0/LOW_FORCE/OK/act=1/mav=80924/base=435495/th=56455
1778760511.032,7260,-31,655796,0,61043,41,STAND/UNKNOWN/#0/LOW_FORCE/OK/act=1/mav=80924/base=435495/th=56455
1778760511.033,7261,-31,652528,0,61043,41,STAND/UNKNOWN/#0/LOW_FORCE/OK/act=1/mav=80924/base=435495/th=56455
1778760511.033,7262,-31,649314,0,61043,41,STAND/UNKNOWN/#0/LOW_FORCE/OK/act=1/mav=80924/base=435495/th=56455
1778760511.033,7263,-31,650899,0,61043,41,STAND/UNKNOWN/#0/LOW_FORCE/OK/act=1/mav=80924/base=435495/th=56455
1778760511.098,7264,-31,648856,0,61043,41,STAND/UNKNOWN/#0/LOW_FORCE/OK/act=1/mav=80924/base=435495/th=56455
1778760511.098,7265,-31,650980,0,61043,41,STAND/UNKNOWN/#0/LOW_FORCE/OK/act=1/mav=80924/base=435495/th=56455
1778760511.099,7266,-31,650617,0,61043,41,STAND/UNKNOWN/#0/LOW_FORCE/OK/act=1/mav=80924/base=435495/th=56455
1778760511.173,7267,-31,656978,0,64648,28,STAND/UNKNOWN/#0/LOW_FORCE/OK/act=1/mav=81642/base=435495/th=56455
1778760511.173,7268,-31,659192,0,64648,28,STAND/UNKNOWN/#0/LOW_FORCE/OK/act=1/mav=81642/base=435495/th=56455
1778760511.173,7269,-31,657022,0,64648,28,STAND/UNKNOWN/#0/LOW_FORCE/OK/act=1/mav=81642/base=435495/th=56455
1778760511.173,7270,-31,652884,0,64648,28,STAND/UNKNOWN/#0/LOW_FORCE/OK/act=1/mav=81642/base=435495/th=56455
1778760511.255,7271,-31,652312,0,64648,28,STAND/UNKNOWN/#0/LOW_FORCE/OK/act=1/mav=81642/base=435495/th=56455
1778760511.255,7272,-31,651494,0,64648,28,STAND/UNKNOWN/#0/LOW_FORCE/OK/act=1/mav=81642/base=435495/th=56455
1778760511.255,7273,-31,651772,0,64648,28,STAND/UNKNOWN/#0/LOW_FORCE/OK/act=1/mav=81642/base=435495/th=56455
1778760511.255,7274,-31,652266,0,64648,28,STAND/UNKNOWN/#0/LOW_FORCE/OK/act=1/mav=81642/base=435495/th=56455
1778760511.318,7275,-31,654101,0,64648,28,STAND/UNKNOWN/#0/LOW_FORCE/OK/act=1/mav=81642/base=435495/th=56455
1778760511.319,7276,-31,658339,0,64648,28,STAND/UNKNOWN/#0/LOW_FORCE/OK/act=1/mav=81642/base=435495/th=56455
1778760511.319,7277,-31,661000,0,64648,28,STAND/UNKNOWN/#0/LOW_FORCE/OK/act=1/mav=81642/base=435495/th=56455
1778760511.382,7278,-31,659806,0,64648,28,STAND/UNKNOWN/#0/LOW_FORCE/OK/act=1/mav=81642/base=435495/th=56455
1778760511.383,7279,-31,657386,0,64648,28,STAND/UNKNOWN/#0/LOW_FORCE/OK/act=1/mav=81642/base=435495/th=56455
1778760511.383,7280,-31,652661,0,65535,26,STAND/UNKNOWN/#0/LOW_FORCE/OK/act=1/mav=83161/base=435495/th=56455
1778760511.442,7281,-31,656073,0,65535,26,STAND/UNKNOWN/#0/LOW_FORCE/OK/act=1/mav=83161/base=435495/th=56455
1778760511.442,7282,-31,652591,0,65535,26,STAND/UNKNOWN/#0/LOW_FORCE/OK/act=1/mav=83161/base=435495/th=56455
1778760511.442,7283,-31,653946,0,65535,26,STAND/UNKNOWN/#0/LOW_FORCE/OK/act=1/mav=83161/base=435495/th=56455
1778760511.499,7284,-31,656088,0,65535,26,STAND/UNKNOWN/#0/LOW_FORCE/OK/act=1/mav=83161/base=435495/th=56455
1778760511.500,7285,-31,661081,0,65535,26,STAND/UNKNOWN/#0/LOW_FORCE/OK/act=1/mav=83161/base=435495/th=56455
1778760511.500,7286,-31,663345,0,65535,26,STAND/UNKNOWN/#0/LOW_FORCE/OK/act=1/mav=83161/base=435495/th=56455
1778760511.585,7287,-31,663398,0,65535,26,STAND/UNKNOWN/#0/LOW_FORCE/OK/act=1/mav=83161/base=435495/th=56455
1778760511.586,7288,-31,658858,0,65535,26,STAND/UNKNOWN/#0/LOW_FORCE/OK/act=1/mav=83161/base=435495/th=56455
1778760511.586,7289,-31,658793,0,65535,26,STAND/UNKNOWN/#0/LOW_FORCE/OK/act=1/mav=83161/base=435495/th=56455
1778760511.586,7290,-31,658582,0,65535,26,STAND/UNKNOWN/#0/LOW_FORCE/OK/act=1/mav=83161/base=435495/th=56455
1778760511.586,7291,-31,655974,0,65535,26,STAND/UNKNOWN/#0/LOW_FORCE/OK/act=1/mav=83161/base=435495/th=56455
1778760511.666,7292,-31,657821,0,65535,25,STAND/UNKNOWN/#0/LOW_FORCE/OK/act=1/mav=83725/base=435495/th=56455
1778760511.667,7293,-31,658778,0,65535,25,STAND/UNKNOWN/#0/LOW_FORCE/OK/act=1/mav=83725/base=435495/th=56455
1778760511.667,7294,-31,664733,0,65535,25,STAND/UNKNOWN/#0/LOW_FORCE/OK/act=1/mav=83725/base=435495/th=56455
1778760511.667,7295,-31,668484,0,65535,25,STAND/UNKNOWN/#0/LOW_FORCE/OK/act=1/mav=83725/base=435495/th=56455
1778760511.734,7296,-31,666977,0,65535,25,STAND/UNKNOWN/#0/LOW_FORCE/OK/act=1/mav=83725/base=435495/th=56455
1778760511.735,7297,-31,662686,0,65535,25,STAND/UNKNOWN/#0/LOW_FORCE/OK/act=1/mav=83725/base=435495/th=56455
1778760511.735,7298,-31,660844,0,65535,25,STAND/UNKNOWN/#0/LOW_FORCE/OK/act=1/mav=83725/base=435495/th=56455
1778760511.808,7299,-31,660788,0,65535,25,STAND/UNKNOWN/#0/LOW_FORCE/OK/act=1/mav=83725/base=435495/th=56455
1778760511.809,7300,-31,658470,0,65535,25,STAND/UNKNOWN/#0/LOW_FORCE/OK/act=1/mav=83725/base=435495/th=56455
1778760511.809,7301,-31,658837,0,65535,25,STAND/UNKNOWN/#0/LOW_FORCE/OK/act=1/mav=83725/base=435495/th=56455
1778760511.809,7302,-31,660999,0,65535,25,STAND/UNKNOWN/#0/LOW_FORCE/OK/act=1/mav=83725/base=435495/th=56455
1778760511.892,7303,-31,664116,0,65535,25,STAND/UNKNOWN/#0/LOW_FORCE/OK/act=1/mav=83725/base=435495/th=56455
1778760511.892,7304,-31,668903,0,65535,25,STAND/UNKNOWN/#0/LOW_FORCE/OK/act=1/mav=83725/base=435495/th=56455
1778760511.892,7305,-31,667904,0,65535,25,STAND/UNKNOWN/#0/LOW_FORCE/OK/act=1/mav=84422/base=435495/th=56455
1778760511.892,7306,-31,664598,0,65535,25,STAND/UNKNOWN/#0/LOW_FORCE/OK/act=1/mav=84422/base=435495/th=56455
1778760511.973,7307,-31,662681,0,65535,25,STAND/UNKNOWN/#0/LOW_FORCE/OK/act=1/mav=84422/base=435495/th=56455
1778760511.974,7308,-31,661402,0,65535,25,STAND/UNKNOWN/#0/LOW_FORCE/OK/act=1/mav=84422/base=435495/th=56455
1778760511.974,7309,-31,659973,0,65535,25,STAND/UNKNOWN/#0/LOW_FORCE/OK/act=1/mav=84422/base=435495/th=56455
1778760511.974,7310,-31,663045,0,65535,25,STAND/UNKNOWN/#0/LOW_FORCE/OK/act=1/mav=84422/base=435495/th=56455
1778760512.052,7311,-31,664672,0,65535,25,STAND/UNKNOWN/#0/LOW_FORCE/OK/act=1/mav=84422/base=435495/th=56455
1778760512.052,7312,-31,668898,0,65535,25,STAND/UNKNOWN/#0/LOW_FORCE/OK/act=1/mav=84422/base=435495/th=56455
1778760512.053,7313,-31,671021,0,65535,25,STAND/UNKNOWN/#0/LOW_FORCE/OK/act=1/mav=84422/base=435495/th=56455
1778760512.053,7314,-31,670664,0,65535,25,STAND/UNKNOWN/#0/LOW_FORCE/OK/act=1/mav=84422/base=435495/th=56455
1778760512.123,7315,-31,664749,0,65535,25,STAND/UNKNOWN/#0/LOW_FORCE/OK/act=1/mav=84422/base=435495/th=56455
1778760512.124,7316,-31,664164,0,65535,25,STAND/UNKNOWN/#0/LOW_FORCE/OK/act=1/mav=84422/base=435495/th=56455
1778760512.124,7317,-31,667276,0,65535,25,STAND/UNKNOWN/#0/LOW_FORCE/OK/act=1/mav=84422/base=435495/th=56455
1778760512.191,7318,-31,664030,0,65535,26,STAND/UNKNOWN/#0/LOW_FORCE/OK/act=1/mav=85651/base=435495/th=56455
1778760512.191,7319,-31,664395,0,65535,26,STAND/UNKNOWN/#0/LOW_FORCE/OK/act=1/mav=85651/base=435495/th=56455
1778760512.191,7320,-31,666555,0,65535,26,STAND/UNKNOWN/#0/LOW_FORCE/OK/act=1/mav=85651/base=435495/th=56455
1778760512.192,7321,-31,669612,0,65535,26,STAND/UNKNOWN/#0/LOW_FORCE/OK/act=1/mav=85651/base=435495/th=56455
1778760512.263,7322,-31,672331,0,65535,26,STAND/UNKNOWN/#0/LOW_FORCE/OK/act=1/mav=85651/base=435495/th=56455
1778760512.263,7323,-31,669694,0,65535,26,STAND/UNKNOWN/#0/LOW_FORCE/OK/act=1/mav=85651/base=435495/th=56455
1778760512.263,7324,-31,664885,0,65535,26,STAND/UNKNOWN/#0/LOW_FORCE/OK/act=1/mav=85651/base=435495/th=56455
1778760512.322,7325,-31,665671,0,65535,26,STAND/UNKNOWN/#0/LOW_FORCE/OK/act=1/mav=85651/base=435495/th=56455
1778760512.323,7326,-31,666874,0,65535,26,STAND/UNKNOWN/#0/LOW_FORCE/OK/act=1/mav=85651/base=435495/th=56455
1778760512.323,7327,-31,664697,0,65535,26,STAND/UNKNOWN/#0/LOW_FORCE/OK/act=1/mav=85651/base=435495/th=56455
1778760512.380,7328,-31,666729,0,65535,26,STAND/UNKNOWN/#0/LOW_FORCE/OK/act=1/mav=85651/base=435495/th=56455
1778760512.380,7329,-31,667505,0,65535,26,STAND/UNKNOWN/#0/LOW_FORCE/OK/act=1/mav=85651/base=435495/th=56455
1778760512.380,7330,-31,672184,0,65535,26,STAND/UNKNOWN/#0/LOW_FORCE/OK/act=1/mav=85651/base=435495/th=56455
1778760512.439,7331,-31,675626,0,65535,26,STAND/UNKNOWN/#0/LOW_FORCE/OK/act=1/mav=87233/base=435495/th=56455
1778760512.440,7332,-31,673926,0,65535,26,STAND/UNKNOWN/#0/LOW_FORCE/OK/act=1/mav=87233/base=435495/th=56455
1778760512.440,7333,-31,669776,0,65535,26,STAND/UNKNOWN/#0/LOW_FORCE/OK/act=1/mav=87233/base=435495/th=56455
1778760512.509,7334,-31,667727,0,65535,26,STAND/UNKNOWN/#0/LOW_FORCE/OK/act=1/mav=87233/base=435495/th=56455
1778760512.510,7335,-31,669163,0,65535,26,STAND/UNKNOWN/#0/LOW_FORCE/OK/act=1/mav=87233/base=435495/th=56455
1778760512.510,7336,-31,665716,0,65535,26,STAND/UNKNOWN/#0/LOW_FORCE/OK/act=1/mav=87233/base=435495/th=56455
1778760512.510,7337,-31,668249,0,65535,26,STAND/UNKNOWN/#0/LOW_FORCE/OK/act=1/mav=87233/base=435495/th=56455
1778760512.595,7338,-31,670028,0,65535,26,STAND/UNKNOWN/#0/LOW_FORCE/OK/act=1/mav=87233/base=435495/th=56455
1778760512.596,7339,-31,675268,0,65535,26,STAND/UNKNOWN/#0/LOW_FORCE/OK/act=1/mav=87233/base=435495/th=56455
1778760512.596,7340,-31,675974,0,65535,26,STAND/UNKNOWN/#0/LOW_FORCE/OK/act=1/mav=87233/base=435495/th=56455
1778760512.596,7341,-31,676061,0,65535,26,STAND/UNKNOWN/#0/LOW_FORCE/OK/act=1/mav=87233/base=435495/th=56455
1778760512.684,7342,-31,671998,0,65535,26,STAND/UNKNOWN/#0/LOW_FORCE/OK/act=1/mav=87233/base=435495/th=56455
1778760512.684,7343,-31,669282,0,65535,26,STAND/UNKNOWN/#0/LOW_FORCE/OK/act=1/mav=87233/base=435495/th=56455
1778760512.684,7344,-31,670891,0,65535,26,STAND/UNKNOWN/#0/LOW_FORCE/OK/act=1/mav=87556/base=435495/th=56455
1778760512.684,7345,-31,668596,0,65535,26,STAND/UNKNOWN/#0/LOW_FORCE/OK/act=1/mav=87556/base=435495/th=56455
1778760512.761,7346,-31,670739,0,65535,26,STAND/UNKNOWN/#0/LOW_FORCE/OK/act=1/mav=87556/base=435495/th=56455
1778760512.761,7347,-31,671643,0,65535,26,STAND/UNKNOWN/#0/LOW_FORCE/OK/act=1/mav=87556/base=435495/th=56455
1778760512.761,7348,-31,675028,0,65535,26,STAND/UNKNOWN/#0/LOW_FORCE/OK/act=1/mav=87556/base=435495/th=56455
1778760512.761,7349,-31,677992,0,65535,26,STAND/UNKNOWN/#0/LOW_FORCE/OK/act=1/mav=87556/base=435495/th=56455
1778760512.828,7350,-31,676768,0,65535,26,STAND/UNKNOWN/#0/LOW_FORCE/OK/act=1/mav=87556/base=435495/th=56455
1778760512.829,7351,-31,673607,0,65535,26,STAND/UNKNOWN/#0/LOW_FORCE/OK/act=1/mav=87556/base=435495/th=56455
1778760512.829,7352,-31,672771,0,65535,26,STAND/UNKNOWN/#0/LOW_FORCE/OK/act=1/mav=87556/base=435495/th=56455
1778760512.829,7353,-31,672266,0,65535,26,STAND/UNKNOWN/#0/LOW_FORCE/OK/act=1/mav=87556/base=435495/th=56455
1778760512.886,7354,-31,668496,0,65535,26,STAND/UNKNOWN/#0/LOW_FORCE/OK/act=1/mav=87556/base=435495/th=56455
1778760512.886,7355,-31,669418,0,65535,26,STAND/UNKNOWN/#0/LOW_FORCE/OK/act=1/mav=87556/base=435495/th=56455
1778760512.886,7356,-31,670999,0,65535,25,STAND/UNKNOWN/#0/LOW_FORCE/OK/act=1/mav=86644/base=435495/th=56455
1778760512.956,7357,-31,684258,0,65535,25,STAND/UNKNOWN/#0/LOW_FORCE/OK/act=1/mav=86644/base=435495/th=56455
1778760512.957,7358,-31,704238,0,65535,25,STAND/UNKNOWN/#0/LOW_FORCE/OK/act=1/mav=86644/base=435495/th=56455
1778760512.957,7359,-31,712787,0,65535,25,STAND/UNKNOWN/#0/LOW_FORCE/OK/act=1/mav=86644/base=435495/th=56455
1778760513.043,7360,-31,710208,0,65535,25,STAND/UNKNOWN/#0/LOW_FORCE/OK/act=1/mav=86644/base=435495/th=56455
1778760513.044,7361,-31,709249,0,65535,25,STAND/UNKNOWN/#0/LOW_FORCE/OK/act=1/mav=86644/base=435495/th=56455
1778760513.044,7362,-31,711105,0,65535,25,STAND/UNKNOWN/#0/LOW_FORCE/OK/act=1/mav=86644/base=435495/th=56455
1778760513.044,7363,-31,706542,0,65535,25,STAND/UNKNOWN/#0/LOW_FORCE/OK/act=1/mav=86644/base=435495/th=56455
1778760513.134,7364,-31,708031,0,65535,25,STAND/UNKNOWN/#0/LOW_FORCE/OK/act=1/mav=86644/base=435495/th=56455
1778760513.135,7365,-31,710594,0,65535,25,STAND/UNKNOWN/#0/LOW_FORCE/OK/act=1/mav=86644/base=435495/th=56455
1778760513.135,7366,-31,712688,0,65535,25,STAND/UNKNOWN/#0/LOW_FORCE/OK/act=1/mav=86644/base=435495/th=56455
1778760513.135,7367,-31,716632,0,65535,25,STAND/UNKNOWN/#0/LOW_FORCE/OK/act=1/mav=86644/base=435495/th=56455
1778760513.135,7368,-31,714341,0,65535,25,STAND/UNKNOWN/#0/LOW_FORCE/OK/act=1/mav=86644/base=435495/th=56455
1778760513.215,7369,-31,712168,0,65535,25,STAND/UNKNOWN/#0/LOW_FORCE/OK/act=1/mav=97470/base=435495/th=56455
1778760513.216,7370,-31,712364,0,65535,25,STAND/UNKNOWN/#0/LOW_FORCE/OK/act=1/mav=97470/base=435495/th=56455
1778760513.216,7371,-31,711017,0,65535,25,STAND/UNKNOWN/#0/LOW_FORCE/OK/act=1/mav=97470/base=435495/th=56455
1778760513.216,7372,-31,710436,0,65535,25,STAND/UNKNOWN/#0/LOW_FORCE/OK/act=1/mav=97470/base=435495/th=56455
1778760513.290,7373,-31,713634,0,65535,25,STAND/UNKNOWN/#0/LOW_FORCE/OK/act=1/mav=97470/base=435495/th=56455
1778760513.291,7374,-31,718751,0,65535,25,STAND/UNKNOWN/#0/LOW_FORCE/OK/act=1/mav=97470/base=435495/th=56455
1778760513.291,7375,-31,721586,0,65535,25,STAND/UNKNOWN/#0/LOW_FORCE/OK/act=1/mav=97470/base=435495/th=56455
1778760513.291,7376,-31,720259,0,65535,25,STAND/UNKNOWN/#0/LOW_FORCE/OK/act=1/mav=97470/base=435495/th=56455
1778760513.366,7377,-31,716068,0,65535,25,STAND/UNKNOWN/#0/LOW_FORCE/OK/act=1/mav=97470/base=435495/th=56455
1778760513.366,7378,-31,716373,0,65535,25,STAND/UNKNOWN/#0/LOW_FORCE/OK/act=1/mav=97470/base=435495/th=56455
1778760513.366,7379,-31,715633,0,65535,25,STAND/UNKNOWN/#0/LOW_FORCE/OK/act=1/mav=97470/base=435495/th=56455
1778760513.450,7380,-31,712463,0,65535,25,STAND/UNKNOWN/#0/LOW_FORCE/OK/act=1/mav=97470/base=435495/th=56455
1778760513.450,7381,-31,712689,0,65535,25,STAND/UNKNOWN/#0/LOW_FORCE/OK/act=1/mav=97470/base=435495/th=56455
1778760513.450,7382,-31,716458,0,65535,29,STAND/UNKNOWN/#0/LOW_FORCE/OK/act=1/mav=110690/base=435495/th=56455
1778760513.450,7383,-31,719607,0,65535,29,STAND/UNKNOWN/#0/LOW_FORCE/OK/act=1/mav=110690/base=435495/th=56455
1778760513.450,7384,-31,724019,0,65535,29,STAND/UNKNOWN/#0/LOW_FORCE/OK/act=1/mav=110690/base=435495/th=56455
1778760513.534,7385,-31,721398,0,65535,29,STAND/UNKNOWN/#0/LOW_FORCE/OK/act=1/mav=110690/base=435495/th=56455
1778760513.534,7386,-31,718743,0,65535,29,STAND/UNKNOWN/#0/LOW_FORCE/OK/act=1/mav=110690/base=435495/th=56455
1778760513.534,7387,-31,714577,0,65535,29,STAND/UNKNOWN/#0/LOW_FORCE/OK/act=1/mav=110690/base=435495/th=56455
1778760513.534,7388,-31,715763,0,65535,29,STAND/UNKNOWN/#0/LOW_FORCE/OK/act=1/mav=110690/base=435495/th=56455
1778760513.620,7389,-31,712387,0,65535,29,STAND/UNKNOWN/#0/LOW_FORCE/OK/act=1/mav=110690/base=435495/th=56455
1778760513.620,7390,-31,713504,0,65535,29,STAND/UNKNOWN/#0/LOW_FORCE/OK/act=1/mav=110690/base=435495/th=56455
1778760513.620,7391,-31,719049,0,65535,29,STAND/UNKNOWN/#0/LOW_FORCE/OK/act=1/mav=110690/base=435495/th=56455
1778760513.621,7392,-31,721045,0,65535,29,STAND/UNKNOWN/#0/LOW_FORCE/OK/act=1/mav=110690/base=435495/th=56455
1778760513.694,7393,-31,720856,0,65535,29,STAND/UNKNOWN/#0/LOW_FORCE/OK/act=1/mav=110690/base=435495/th=56455
1778760513.695,7394,-31,715720,0,65535,29,STAND/UNKNOWN/#0/LOW_FORCE/OK/act=1/mav=110690/base=435495/th=56455
1778760513.695,7395,-31,715922,0,65535,30,STAND/UNKNOWN/#0/LOW_FORCE/OK/act=1/mav=113575/base=435495/th=56455
1778760513.696,7396,-31,715006,0,65535,30,STAND/UNKNOWN/#0/LOW_FORCE/OK/act=1/mav=113575/base=435495/th=56455
1778760513.782,7397,-31,712338,0,65535,30,STAND/UNKNOWN/#0/LOW_FORCE/OK/act=1/mav=113575/base=435495/th=56455
1778760513.783,7398,-31,715014,0,65535,30,STAND/UNKNOWN/#0/LOW_FORCE/OK/act=1/mav=113575/base=435495/th=56455
1778760513.783,7399,-31,719228,0,65535,30,STAND/UNKNOWN/#0/LOW_FORCE/OK/act=1/mav=113575/base=435495/th=56455
1778760513.783,7400,-31,722164,0,65535,30,STAND/UNKNOWN/#0/LOW_FORCE/OK/act=1/mav=113575/base=435495/th=56455
1778760513.867,7401,-31,720996,0,65535,30,STAND/UNKNOWN/#0/LOW_FORCE/OK/act=1/mav=113575/base=435495/th=56455
1778760513.868,7402,-31,716964,0,65535,30,STAND/UNKNOWN/#0/LOW_FORCE/OK/act=1/mav=113575/base=435495/th=56455
1778760513.868,7403,-31,715656,0,65535,30,STAND/UNKNOWN/#0/LOW_FORCE/OK/act=1/mav=113575/base=435495/th=56455
1778760513.868,7404,-31,716187,0,65535,30,STAND/UNKNOWN/#0/LOW_FORCE/OK/act=1/mav=113575/base=435495/th=56455
1778760513.868,7405,-31,712618,0,65535,30,STAND/UNKNOWN/#0/LOW_FORCE/OK/act=1/mav=113575/base=435495/th=56455
1778760513.932,7406,-31,716369,0,65535,30,STAND/UNKNOWN/#0/LOW_FORCE/OK/act=1/mav=113575/base=435495/th=56455
1778760513.932,7407,-31,718722,0,65535,30,STAND/UNKNOWN/#0/LOW_FORCE/OK/act=1/mav=113575/base=435495/th=56455
1778760513.932,7408,-31,722562,0,65535,27,STAND/UNKNOWN/#0/LOW_FORCE/OK/act=1/mav=113315/base=435495/th=56455
1778760513.994,7409,-31,722809,0,65535,27,STAND/UNKNOWN/#0/LOW_FORCE/OK/act=1/mav=113315/base=435495/th=56455
1778760513.995,7410,-31,720359,0,65535,27,STAND/UNKNOWN/#0/LOW_FORCE/OK/act=1/mav=113315/base=435495/th=56455
1778760513.995,7411,-31,715739,0,65535,27,STAND/UNKNOWN/#0/LOW_FORCE/OK/act=1/mav=113315/base=435495/th=56455
1778760514.066,7412,-31,718037,0,65535,27,STAND/UNKNOWN/#0/LOW_FORCE/OK/act=1/mav=113315/base=435495/th=56455
1778760514.066,7413,-31,714177,0,65535,27,STAND/UNKNOWN/#0/LOW_FORCE/OK/act=1/mav=113315/base=435495/th=56455
1778760514.066,7414,-31,717150,0,65535,27,STAND/UNKNOWN/#0/LOW_FORCE/OK/act=1/mav=113315/base=435495/th=56455
1778760514.066,7415,-31,721603,0,65535,27,STAND/UNKNOWN/#0/LOW_FORCE/OK/act=1/mav=113315/base=435495/th=56455
1778760514.142,7416,-31,724269,0,65535,27,STAND/UNKNOWN/#0/LOW_FORCE/OK/act=1/mav=113315/base=435495/th=56455
1778760514.142,7417,-31,722080,0,65535,27,STAND/UNKNOWN/#0/LOW_FORCE/OK/act=1/mav=113315/base=435495/th=56455
1778760514.142,7418,-31,718645,0,65535,27,STAND/UNKNOWN/#0/LOW_FORCE/OK/act=1/mav=113315/base=435495/th=56455
1778760514.212,7419,-31,717649,0,65535,27,STAND/UNKNOWN/#0/LOW_FORCE/OK/act=1/mav=113315/base=435495/th=56455
1778760514.212,7420,-31,718270,0,65535,30,STAND/UNKNOWN/#0/LOW_FORCE/OK/act=1/mav=111891/base=435495/th=56455
1778760514.213,7421,-31,714801,0,65535,30,STAND/UNKNOWN/#0/LOW_FORCE/OK/act=1/mav=111891/base=435495/th=56455
1778760514.278,7422,-31,718611,0,65535,30,STAND/UNKNOWN/#0/LOW_FORCE/OK/act=1/mav=111891/base=435495/th=56455
1778760514.278,7423,-31,721091,0,65535,30,STAND/UNKNOWN/#0/LOW_FORCE/OK/act=1/mav=111891/base=435495/th=56455
1778760514.278,7424,-31,724002,0,65535,30,STAND/UNKNOWN/#0/LOW_FORCE/OK/act=1/mav=111891/base=435495/th=56455
1778760514.278,7425,-31,723368,0,65535,30,STAND/UNKNOWN/#0/LOW_FORCE/OK/act=1/mav=111891/base=435495/th=56455
1778760514.347,7426,-31,720003,0,65535,30,STAND/UNKNOWN/#0/LOW_FORCE/OK/act=1/mav=111891/base=435495/th=56455
1778760514.347,7427,-31,719323,0,65535,30,STAND/UNKNOWN/#0/LOW_FORCE/OK/act=1/mav=111891/base=435495/th=56455
1778760514.347,7428,-31,717672,0,65535,30,STAND/UNKNOWN/#0/LOW_FORCE/OK/act=1/mav=111891/base=435495/th=56455
1778760514.347,7429,-31,716791,0,65535,30,STAND/UNKNOWN/#0/LOW_FORCE/OK/act=1/mav=111891/base=435495/th=56455
1778760514.410,7430,-31,717503,0,65535,30,STAND/UNKNOWN/#0/LOW_FORCE/OK/act=1/mav=111891/base=435495/th=56455
1778760514.410,7431,-31,719971,0,65535,30,STAND/UNKNOWN/#0/LOW_FORCE/OK/act=1/mav=111891/base=435495/th=56455
1778760514.410,7432,-31,723526,0,65535,30,STAND/UNKNOWN/#0/LOW_FORCE/OK/act=1/mav=111891/base=435495/th=56455
1778760514.478,7433,-31,722481,0,65535,39,STAND/UNKNOWN/#0/LOW_FORCE/OK/act=1/mav=111371/base=435495/th=56455
1778760514.479,7434,-31,719726,0,65535,39,STAND/UNKNOWN/#0/LOW_FORCE/OK/act=1/mav=111371/base=435495/th=56455
1778760514.479,7435,-31,719889,0,65535,39,STAND/UNKNOWN/#0/LOW_FORCE/OK/act=1/mav=111371/base=435495/th=56455
1778760514.539,7436,-31,717727,0,65535,39,STAND/UNKNOWN/#0/LOW_FORCE/OK/act=1/mav=111371/base=435495/th=56455
1778760514.540,7437,-31,717091,0,65535,39,STAND/UNKNOWN/#0/LOW_FORCE/OK/act=1/mav=111371/base=435495/th=56455
1778760514.540,7438,-31,718815,0,65535,39,STAND/UNKNOWN/#0/LOW_FORCE/OK/act=1/mav=111371/base=435495/th=56455
1778760514.605,7439,-31,722543,0,65535,39,STAND/UNKNOWN/#0/LOW_FORCE/OK/act=1/mav=111371/base=435495/th=56455
1778760514.605,7440,-31,724818,0,65535,39,STAND/UNKNOWN/#0/LOW_FORCE/OK/act=1/mav=111371/base=435495/th=56455
1778760514.605,7441,-31,723881,0,65535,39,STAND/UNKNOWN/#0/LOW_FORCE/OK/act=1/mav=111371/base=435495/th=56455
1778760514.665,7442,-31,720208,0,65535,39,STAND/UNKNOWN/#0/LOW_FORCE/OK/act=1/mav=111371/base=435495/th=56455
1778760514.665,7443,-31,716708,0,65535,39,STAND/UNKNOWN/#0/LOW_FORCE/OK/act=1/mav=111371/base=435495/th=56455
1778760514.665,7444,-31,718428,0,65535,39,STAND/UNKNOWN/#0/LOW_FORCE/OK/act=1/mav=111371/base=435495/th=56455
1778760514.665,7445,-31,714461,0,65535,39,STAND/UNKNOWN/#0/LOW_FORCE/OK/act=1/mav=111371/base=435495/th=56455
1778760514.724,7446,-31,717205,0,65535,48,STAND/UNKNOWN/#0/LOW_FORCE/OK/act=1/mav=110883/base=435495/th=56455
1778760514.724,7447,-31,722421,0,65535,48,STAND/UNKNOWN/#0/LOW_FORCE/OK/act=1/mav=110883/base=435495/th=56455
1778760514.787,7448,-31,725335,0,65535,48,STAND/UNKNOWN/#0/LOW_FORCE/OK/act=1/mav=110883/base=435495/th=56455
1778760514.787,7449,-31,723029,0,65535,48,STAND/UNKNOWN/#0/LOW_FORCE/OK/act=1/mav=110883/base=435495/th=56455
1778760514.787,7450,-31,719883,0,65535,48,STAND/UNKNOWN/#0/LOW_FORCE/OK/act=1/mav=110883/base=435495/th=56455
1778760514.787,7451,-31,719636,0,65535,48,STAND/UNKNOWN/#0/LOW_FORCE/OK/act=1/mav=110883/base=435495/th=56455
1778760514.856,7452,-31,718497,0,65535,48,STAND/UNKNOWN/#0/LOW_FORCE/OK/act=1/mav=110883/base=435495/th=56455
1778760514.856,7453,-31,715376,0,65535,48,STAND/UNKNOWN/#0/LOW_FORCE/OK/act=1/mav=110883/base=435495/th=56455
1778760514.857,7454,-31,718061,0,65535,48,STAND/UNKNOWN/#0/LOW_FORCE/OK/act=1/mav=110883/base=435495/th=56455
1778760514.943,7455,-31,721333,0,65535,48,STAND/UNKNOWN/#0/LOW_FORCE/OK/act=1/mav=110883/base=435495/th=56455
1778760514.943,7456,-31,725128,0,65535,48,STAND/UNKNOWN/#0/LOW_FORCE/OK/act=1/mav=110883/base=435495/th=56455
1778760514.943,7457,-31,722688,0,65535,48,STAND/UNKNOWN/#0/LOW_FORCE/OK/act=1/mav=110883/base=435495/th=56455
1778760514.943,7458,-31,718330,0,65535,48,STAND/UNKNOWN/#0/LOW_FORCE/OK/act=1/mav=110883/base=435495/th=56455
1778760515.043,7459,-31,720325,0,65535,51,STAND/UNKNOWN/#0/LOW_FORCE/OK/act=1/mav=111130/base=435495/th=56455
1778760515.043,7460,-31,717918,0,65535,51,STAND/UNKNOWN/#0/LOW_FORCE/OK/act=1/mav=111130/base=435495/th=56455
1778760515.043,7461,-31,715257,0,65535,51,STAND/UNKNOWN/#0/LOW_FORCE/OK/act=1/mav=111130/base=435495/th=56455
1778760515.043,7462,-31,719797,0,65535,51,STAND/UNKNOWN/#0/LOW_FORCE/OK/act=1/mav=111130/base=435495/th=56455
1778760515.043,7463,-31,722857,0,65535,51,STAND/UNKNOWN/#0/LOW_FORCE/OK/act=1/mav=111130/base=435495/th=56455
1778760515.140,7464,-31,724439,0,65535,51,STAND/UNKNOWN/#0/LOW_FORCE/OK/act=1/mav=111130/base=435495/th=56455
1778760515.141,7465,-31,723394,0,65535,51,STAND/UNKNOWN/#0/LOW_FORCE/OK/act=1/mav=111130/base=435495/th=56455
1778760515.141,7466,-31,720324,0,65535,51,STAND/UNKNOWN/#0/LOW_FORCE/OK/act=1/mav=111130/base=435495/th=56455
1778760515.141,7467,-31,718418,0,65535,51,STAND/UNKNOWN/#0/LOW_FORCE/OK/act=1/mav=111130/base=435495/th=56455
1778760515.141,7468,-31,719322,0,65535,51,STAND/UNKNOWN/#0/LOW_FORCE/OK/act=1/mav=111130/base=435495/th=56455
1778760515.227,7469,-31,716621,0,65535,51,STAND/UNKNOWN/#0/LOW_FORCE/OK/act=1/mav=111130/base=435495/th=56455
1778760515.227,7470,-31,718128,0,65535,51,STAND/UNKNOWN/#0/LOW_FORCE/OK/act=1/mav=111130/base=435495/th=56455
1778760515.227,7471,-31,722062,0,65535,51,STAND/UNKNOWN/#0/LOW_FORCE/OK/act=1/mav=111130/base=435495/th=56455
1778760515.227,7472,-31,721957,0,65535,51,STAND/UNKNOWN/#0/LOW_FORCE/OK/act=1/mav=110507/base=435495/th=56455
1778760515.227,7473,-31,723947,0,65535,51,STAND/UNKNOWN/#0/LOW_FORCE/OK/act=1/mav=110507/base=435495/th=56455
1778760515.329,7474,-31,720681,0,65535,51,STAND/UNKNOWN/#0/LOW_FORCE/OK/act=1/mav=110507/base=435495/th=56455
1778760515.330,7475,-31,718743,0,65535,51,STAND/UNKNOWN/#0/LOW_FORCE/OK/act=1/mav=110507/base=435495/th=56455
1778760515.330,7476,-31,717811,0,65535,51,STAND/UNKNOWN/#0/LOW_FORCE/OK/act=1/mav=110507/base=435495/th=56455
1778760515.330,7477,-31,714421,0,65535,51,STAND/UNKNOWN/#0/LOW_FORCE/OK/act=1/mav=110507/base=435495/th=56455
1778760515.430,7478,-31,717579,0,65535,51,STAND/UNKNOWN/#0/LOW_FORCE/OK/act=1/mav=110507/base=435495/th=56455
1778760515.431,7479,-31,722651,0,65535,51,STAND/UNKNOWN/#0/LOW_FORCE/OK/act=1/mav=110507/base=435495/th=56455
1778760515.431,7480,-31,725688,0,65535,51,STAND/UNKNOWN/#0/LOW_FORCE/OK/act=1/mav=110507/base=435495/th=56455
1778760515.432,7481,-31,724723,0,65535,51,STAND/UNKNOWN/#0/LOW_FORCE/OK/act=1/mav=110507/base=435495/th=56455
1778760515.432,7482,-31,719299,0,65535,51,STAND/UNKNOWN/#0/LOW_FORCE/OK/act=1/mav=110507/base=435495/th=56455
1778760515.432,7483,-31,720188,0,65535,51,STAND/UNKNOWN/#0/LOW_FORCE/OK/act=1/mav=110507/base=435495/th=56455
1778760515.526,7484,-31,717609,0,65535,51,STAND/UNKNOWN/#0/LOW_FORCE/OK/act=1/mav=108293/base=435495/th=56455
1778760515.526,7485,-31,715658,0,65535,51,STAND/UNKNOWN/#0/LOW_FORCE/OK/act=1/mav=108293/base=435495/th=56455
1778760515.527,7486,-31,719732,0,65535,51,STAND/UNKNOWN/#0/LOW_FORCE/OK/act=1/mav=108293/base=435495/th=56455
1778760515.527,7487,-31,723613,0,65535,51,STAND/UNKNOWN/#0/LOW_FORCE/OK/act=1/mav=108293/base=435495/th=56455
1778760515.527,7488,-31,724529,0,65535,51,STAND/UNKNOWN/#0/LOW_FORCE/OK/act=1/mav=108293/base=435495/th=56455
1778760515.623,7489,-31,724304,0,65535,51,STAND/UNKNOWN/#0/LOW_FORCE/OK/act=1/mav=108293/base=435495/th=56455
1778760515.623,7490,-31,719756,0,65535,51,STAND/UNKNOWN/#0/LOW_FORCE/OK/act=1/mav=108293/base=435495/th=56455
1778760515.624,7491,-31,716559,0,65535,51,STAND/UNKNOWN/#0/LOW_FORCE/OK/act=1/mav=108293/base=435495/th=56455
1778760515.624,7492,-31,718984,0,65535,51,STAND/UNKNOWN/#0/LOW_FORCE/OK/act=1/mav=108293/base=435495/th=56455
1778760515.719,7493,-31,713934,0,65535,51,STAND/UNKNOWN/#0/LOW_FORCE/OK/act=1/mav=108293/base=435495/th=56455
1778760515.720,7494,-31,717636,0,65535,51,STAND/UNKNOWN/#0/LOW_FORCE/OK/act=1/mav=108293/base=435495/th=56455
1778760515.720,7495,-31,723581,0,65535,51,STAND/UNKNOWN/#0/LOW_FORCE/OK/act=1/mav=108293/base=435495/th=56455
1778760515.720,7496,-31,726140,0,65535,51,STAND/UNKNOWN/#0/LOW_FORCE/OK/act=1/mav=108293/base=435495/th=56455
1778760515.720,7497,-31,722946,0,65535,51,STAND/UNKNOWN/#0/LOW_FORCE/OK/act=1/mav=107186/base=435495/th=56455
1778760515.804,7498,-31,718744,0,65535,51,STAND/UNKNOWN/#0/LOW_FORCE/OK/act=1/mav=107186/base=435495/th=56455
1778760515.804,7499,-31,719260,0,65535,51,STAND/UNKNOWN/#0/LOW_FORCE/OK/act=1/mav=107186/base=435495/th=56455
1778760515.805,7500,-31,717964,0,65535,51,STAND/UNKNOWN/#0/LOW_FORCE/OK/act=1/mav=107186/base=435495/th=56455
1778760515.805,7501,-31,716849,0,65535,51,STAND/UNKNOWN/#0/LOW_FORCE/OK/act=1/mav=107186/base=435495/th=56455
1778760515.884,7502,-31,719225,0,65535,51,STAND/UNKNOWN/#0/LOW_FORCE/OK/act=1/mav=107186/base=435495/th=56455
1778760515.884,7503,-31,721239,0,65535,51,STAND/UNKNOWN/#0/LOW_FORCE/OK/act=1/mav=107186/base=435495/th=56455
1778760515.884,7504,-31,724200,0,65535,51,STAND/UNKNOWN/#0/LOW_FORCE/OK/act=1/mav=107186/base=435495/th=56455
1778760515.884,7505,-31,722409,0,65535,51,STAND/UNKNOWN/#0/LOW_FORCE/OK/act=1/mav=107186/base=435495/th=56455
1778760515.955,7506,-31,717257,0,65535,51,STAND/UNKNOWN/#0/LOW_FORCE/OK/act=1/mav=107186/base=435495/th=56455
1778760515.956,7507,-31,716117,0,65535,51,STAND/UNKNOWN/#0/LOW_FORCE/OK/act=1/mav=107186/base=435495/th=56455
1778760515.956,7508,-31,716383,0,65535,51,STAND/UNKNOWN/#0/LOW_FORCE/OK/act=1/mav=107186/base=435495/th=56455
1778760515.956,7509,-31,714133,0,65535,51,STAND/UNKNOWN/#0/LOW_FORCE/OK/act=1/mav=107186/base=435495/th=56455
1778760516.036,7510,-31,716721,0,65535,52,STAND/UNKNOWN/#0/LOW_FORCE/OK/act=1/mav=106719/base=435495/th=56455
1778760516.036,7511,-31,721156,0,65535,52,STAND/UNKNOWN/#0/LOW_FORCE/OK/act=1/mav=106719/base=435495/th=56455
1778760516.036,7512,-31,724318,0,65535,52,STAND/UNKNOWN/#0/LOW_FORCE/OK/act=1/mav=106719/base=435495/th=56455
1778760516.036,7513,-31,720283,0,65535,52,STAND/UNKNOWN/#0/LOW_FORCE/OK/act=1/mav=106719/base=435495/th=56455
1778760516.139,7514,-31,716974,0,65535,52,STAND/UNKNOWN/#0/LOW_FORCE/OK/act=1/mav=106719/base=435495/th=56455
1778760516.139,7515,-31,716611,0,65535,52,STAND/UNKNOWN/#0/LOW_FORCE/OK/act=1/mav=106719/base=435495/th=56455
1778760516.140,7516,-31,716268,0,65535,52,STAND/UNKNOWN/#0/LOW_FORCE/OK/act=1/mav=106719/base=435495/th=56455
1778760516.140,7517,-31,715983,0,65535,52,STAND/UNKNOWN/#0/LOW_FORCE/OK/act=1/mav=106719/base=435495/th=56455
1778760516.140,7518,-31,717577,0,65535,52,STAND/UNKNOWN/#0/LOW_FORCE/OK/act=1/mav=106719/base=435495/th=56455
1778760516.238,7519,-31,721662,0,65535,52,STAND/UNKNOWN/#0/LOW_FORCE/OK/act=1/mav=106719/base=435495/th=56455
1778760516.239,7520,-31,722141,0,65535,52,STAND/UNKNOWN/#0/LOW_FORCE/OK/act=1/mav=106719/base=435495/th=56455
1778760516.239,7521,-31,720723,0,65535,52,STAND/UNKNOWN/#0/LOW_FORCE/OK/act=1/mav=106719/base=435495/th=56455
1778760516.239,7522,-31,717486,0,65535,52,STAND/UNKNOWN/#0/LOW_FORCE/OK/act=1/mav=106719/base=435495/th=56455
1778760516.239,7523,-31,715921,0,65535,51,STAND/UNKNOWN/#0/LOW_FORCE/OK/act=1/mav=106338/base=435495/th=56455
1778760516.346,7524,-31,716973,0,65535,51,STAND/UNKNOWN/#0/LOW_FORCE/OK/act=1/mav=106338/base=435495/th=56455
1778760516.347,7525,-31,713288,0,65535,51,STAND/UNKNOWN/#0/LOW_FORCE/OK/act=1/mav=106338/base=435495/th=56455
1778760516.347,7526,-31,716546,0,65535,51,STAND/UNKNOWN/#0/LOW_FORCE/OK/act=1/mav=106338/base=435495/th=56455
1778760516.347,7527,-31,719658,0,65535,51,STAND/UNKNOWN/#0/LOW_FORCE/OK/act=1/mav=106338/base=435495/th=56455
1778760516.347,7528,-31,723434,0,65535,51,STAND/UNKNOWN/#0/LOW_FORCE/OK/act=1/mav=106338/base=435495/th=56455
1778760516.347,7529,-31,721106,0,65535,51,STAND/UNKNOWN/#0/LOW_FORCE/OK/act=1/mav=106338/base=435495/th=56455
1778760516.440,7530,-31,717590,0,65535,51,STAND/UNKNOWN/#0/LOW_FORCE/OK/act=1/mav=106338/base=435495/th=56455
1778760516.441,7531,-31,718076,0,65535,51,STAND/UNKNOWN/#0/LOW_FORCE/OK/act=1/mav=106338/base=435495/th=56455
1778760516.441,7532,-31,716059,0,65535,51,STAND/UNKNOWN/#0/LOW_FORCE/OK/act=1/mav=106338/base=435495/th=56455
1778760516.441,7533,-31,715670,0,65535,51,STAND/UNKNOWN/#0/LOW_FORCE/OK/act=1/mav=106338/base=435495/th=56455
1778760516.514,7534,-31,716229,0,65535,51,STAND/UNKNOWN/#0/LOW_FORCE/OK/act=1/mav=106338/base=435495/th=56455
1778760516.515,7535,-31,721066,0,65535,51,STAND/UNKNOWN/#0/LOW_FORCE/OK/act=1/mav=106338/base=435495/th=56455
1778760516.515,7536,-31,723878,0,65535,51,STAND/UNKNOWN/#0/LOW_FORCE/OK/act=1/mav=105442/base=435495/th=56455
1778760516.515,7537,-31,721555,0,65535,51,STAND/UNKNOWN/#0/LOW_FORCE/OK/act=1/mav=105442/base=435495/th=56455
1778760516.604,7538,-31,718664,0,65535,51,STAND/UNKNOWN/#0/LOW_FORCE/OK/act=1/mav=105442/base=435495/th=56455
1778760516.604,7539,-31,714322,0,65535,51,STAND/UNKNOWN/#0/LOW_FORCE/OK/act=1/mav=105442/base=435495/th=56455
1778760516.604,7540,-31,714874,0,65535,51,STAND/UNKNOWN/#0/LOW_FORCE/OK/act=1/mav=105442/base=435495/th=56455
1778760516.605,7541,-31,714020,0,65535,51,STAND/UNKNOWN/#0/LOW_FORCE/OK/act=1/mav=105442/base=435495/th=56455
1778760516.688,7542,-31,716066,0,65535,51,STAND/UNKNOWN/#0/LOW_FORCE/OK/act=1/mav=105442/base=435495/th=56455
1778760516.689,7543,-31,717938,0,65535,51,STAND/UNKNOWN/#0/LOW_FORCE/OK/act=1/mav=105442/base=435495/th=56455
1778760516.689,7544,-31,721206,0,65535,51,STAND/UNKNOWN/#0/LOW_FORCE/OK/act=1/mav=105442/base=435495/th=56455
1778760516.689,7545,-31,719297,0,65535,51,STAND/UNKNOWN/#0/LOW_FORCE/OK/act=1/mav=105442/base=435495/th=56455
1778760516.689,7546,-31,717278,0,65535,51,STAND/UNKNOWN/#0/LOW_FORCE/OK/act=1/mav=105442/base=435495/th=56455
1778760516.773,7547,-31,715134,0,65535,51,STAND/UNKNOWN/#0/LOW_FORCE/OK/act=1/mav=105442/base=435495/th=56455
1778760516.774,7548,-31,714858,0,65535,51,STAND/UNKNOWN/#0/LOW_FORCE/OK/act=1/mav=102952/base=435495/th=56455
1778760516.774,7549,-31,711209,0,65535,51,STAND/UNKNOWN/#0/LOW_FORCE/OK/act=1/mav=102952/base=435495/th=56455
1778760516.774,7550,-31,715711,0,65535,51,STAND/UNKNOWN/#0/LOW_FORCE/OK/act=1/mav=102952/base=435495/th=56455
1778760516.850,7551,-31,719026,0,65535,51,STAND/UNKNOWN/#0/LOW_FORCE/OK/act=1/mav=102952/base=435495/th=56455
1778760516.851,7552,-31,720833,0,65535,51,STAND/UNKNOWN/#0/LOW_FORCE/OK/act=1/mav=102952/base=435495/th=56455
1778760516.851,7553,-31,720008,0,65535,51,STAND/UNKNOWN/#0/LOW_FORCE/OK/act=1/mav=102952/base=435495/th=56455
1778760516.851,7554,-31,715479,0,65535,51,STAND/UNKNOWN/#0/LOW_FORCE/OK/act=1/mav=102952/base=435495/th=56455
1778760516.919,7555,-31,714396,0,65535,51,STAND/UNKNOWN/#0/LOW_FORCE/OK/act=1/mav=102952/base=435495/th=56455
1778760516.920,7556,-31,714584,0,65535,51,STAND/UNKNOWN/#0/LOW_FORCE/OK/act=1/mav=102952/base=435495/th=56455
1778760516.920,7557,-31,710738,0,65535,51,STAND/UNKNOWN/#0/LOW_FORCE/OK/act=1/mav=102952/base=435495/th=56455
1778760516.991,7558,-31,715245,0,65535,51,STAND/UNKNOWN/#0/LOW_FORCE/OK/act=1/mav=102952/base=435495/th=56455
1778760516.992,7559,-31,718150,0,65535,51,STAND/UNKNOWN/#0/LOW_FORCE/OK/act=1/mav=102952/base=435495/th=56455
1778760516.992,7560,-31,720114,0,65535,51,STAND/UNKNOWN/#0/LOW_FORCE/OK/act=1/mav=102952/base=435495/th=56455
1778760516.992,7561,-31,717933,0,65535,51,STAND/UNKNOWN/#0/LOW_FORCE/OK/act=1/mav=100986/base=435495/th=56455
1778760517.070,7562,-31,714669,0,65535,51,STAND/UNKNOWN/#0/LOW_FORCE/OK/act=1/mav=100986/base=435495/th=56455
1778760517.070,7563,-31,713722,0,65535,51,STAND/UNKNOWN/#0/LOW_FORCE/OK/act=1/mav=100986/base=435495/th=56455
1778760517.070,7564,-31,712484,0,65535,51,STAND/UNKNOWN/#0/LOW_FORCE/OK/act=1/mav=100986/base=435495/th=56455
1778760517.070,7565,-31,712131,0,65535,51,STAND/UNKNOWN/#0/LOW_FORCE/OK/act=1/mav=100986/base=435495/th=56455
1778760517.145,7566,-31,713889,0,65535,51,STAND/UNKNOWN/#0/LOW_FORCE/OK/act=1/mav=100986/base=435495/th=56455
1778760517.146,7567,-31,717906,0,65535,51,STAND/UNKNOWN/#0/LOW_FORCE/OK/act=1/mav=100986/base=435495/th=56455
1778760517.146,7568,-31,719971,0,65535,51,STAND/UNKNOWN/#0/LOW_FORCE/OK/act=1/mav=100986/base=435495/th=56455
1778760517.146,7569,-31,718988,0,65535,51,STAND/UNKNOWN/#0/LOW_FORCE/OK/act=1/mav=100986/base=435495/th=56455
1778760517.210,7570,-31,717034,0,65535,51,STAND/UNKNOWN/#0/LOW_FORCE/OK/act=1/mav=100986/base=435495/th=56455
1778760517.211,7571,-31,714777,0,65535,51,STAND/UNKNOWN/#0/LOW_FORCE/OK/act=1/mav=100986/base=435495/th=56455
1778760517.211,7572,-31,714664,0,65535,51,STAND/UNKNOWN/#0/LOW_FORCE/OK/act=1/mav=100986/base=435495/th=56455
1778760517.277,7573,-31,713302,0,65535,51,STAND/UNKNOWN/#0/LOW_FORCE/OK/act=1/mav=100986/base=435495/th=56455
1778760517.277,7574,-31,714553,0,65535,52,STAND/UNKNOWN/#0/LOW_FORCE/OK/act=1/mav=100007/base=435495/th=56455
1778760517.277,7575,-31,719203,0,65535,52,STAND/UNKNOWN/#0/LOW_FORCE/OK/act=1/mav=100007/base=435495/th=56455
1778760517.343,7576,-31,721078,0,65535,52,STAND/UNKNOWN/#0/LOW_FORCE/OK/act=1/mav=100007/base=435495/th=56455
1778760517.344,7577,-31,718408,0,65535,52,STAND/UNKNOWN/#0/LOW_FORCE/OK/act=1/mav=100007/base=435495/th=56455
1778760517.344,7578,-31,712454,0,65535,52,STAND/UNKNOWN/#0/LOW_FORCE/OK/act=1/mav=100007/base=435495/th=56455
1778760517.413,7579,-31,714249,0,65535,52,STAND/UNKNOWN/#0/LOW_FORCE/OK/act=1/mav=100007/base=435495/th=56455
1778760517.414,7580,-31,711731,0,65535,52,STAND/UNKNOWN/#0/LOW_FORCE/OK/act=1/mav=100007/base=435495/th=56455
1778760517.414,7581,-31,708338,0,65535,52,STAND/UNKNOWN/#0/LOW_FORCE/OK/act=1/mav=100007/base=435495/th=56455
1778760517.414,7582,-31,710538,0,65535,52,STAND/UNKNOWN/#0/LOW_FORCE/OK/act=1/mav=100007/base=435495/th=56455
1778760517.486,7583,-31,714441,0,65535,52,STAND/UNKNOWN/#0/LOW_FORCE/OK/act=1/mav=100007/base=435495/th=56455
1778760517.487,7584,-31,717721,0,65535,52,STAND/UNKNOWN/#0/LOW_FORCE/OK/act=1/mav=100007/base=435495/th=56455
1778760517.487,7585,-31,715648,0,65535,52,STAND/UNKNOWN/#0/LOW_FORCE/OK/act=1/mav=100007/base=435495/th=56455
1778760517.487,7586,-31,708245,0,65535,52,STAND/UNKNOWN/#0/LOW_FORCE/OK/act=1/mav=100007/base=435495/th=56455
1778760517.554,7587,-31,708533,0,65535,51,STAND/UNKNOWN/#0/LOW_FORCE/OK/act=1/mav=99147/base=435495/th=56455
1778760517.554,7588,-31,709738,0,65535,51,STAND/UNKNOWN/#0/LOW_FORCE/OK/act=1/mav=99147/base=435495/th=56455
1778760517.554,7589,-31,705160,0,65535,51,STAND/UNKNOWN/#0/LOW_FORCE/OK/act=1/mav=99147/base=435495/th=56455
1778760517.620,7590,-31,705809,0,65535,51,STAND/UNKNOWN/#0/LOW_FORCE/OK/act=1/mav=99147/base=435495/th=56455
1778760517.621,7591,-31,707419,0,65535,51,STAND/UNKNOWN/#0/LOW_FORCE/OK/act=1/mav=99147/base=435495/th=56455
1778760517.621,7592,-31,710023,0,65535,51,STAND/UNKNOWN/#0/LOW_FORCE/OK/act=1/mav=99147/base=435495/th=56455
1778760517.690,7593,-31,713181,0,65535,51,STAND/UNKNOWN/#0/LOW_FORCE/OK/act=1/mav=99147/base=435495/th=56455
1778760517.691,7594,-31,710459,0,65535,51,STAND/UNKNOWN/#0/LOW_FORCE/OK/act=1/mav=99147/base=435495/th=56455
1778760517.691,7595,-31,707223,0,65535,51,STAND/UNKNOWN/#0/LOW_FORCE/OK/act=1/mav=99147/base=435495/th=56455
1778760517.691,7596,-31,704802,0,65535,51,STAND/UNKNOWN/#0/LOW_FORCE/OK/act=1/mav=99147/base=435495/th=56455
1778760517.774,7597,-31,715671,0,65535,51,STAND/UNKNOWN/#0/LOW_FORCE/OK/act=1/mav=99147/base=435495/th=56455
1778760517.775,7598,-39,705959,0,65535,51,STAND/UNKNOWN/#0/LOW_FORCE/OK/act=1/mav=99147/base=435495/th=56455
1778760517.775,7599,-49,701958,0,65535,51,STAND/UNKNOWN/#0/LOW_FORCE/OK/act=1/mav=99147/base=435495/th=56455
1778760517.775,7600,-49,698534,0,65535,51,STAND/UNKNOWN/#0/LOW_FORCE/OK/act=1/mav=96541/base=435495/th=56455
1778760517.871,7601,-48,689399,0,65535,51,STAND/UNKNOWN/#0/LOW_FORCE/OK/act=1/mav=96541/base=435495/th=56455
1778760517.872,7602,-48,670798,0,65535,51,STAND/UNKNOWN/#0/LOW_FORCE/OK/act=1/mav=96541/base=435495/th=56455
1778760517.872,7603,-45,659137,0,65535,51,STAND/UNKNOWN/#0/LOW_FORCE/OK/act=1/mav=96541/base=435495/th=56455
1778760517.872,7604,-44,658758,0,65535,51,STAND/UNKNOWN/#0/LOW_FORCE/OK/act=1/mav=96541/base=435495/th=56455
1778760517.872,7605,-44,658053,0,65535,51,STAND/UNKNOWN/#0/LOW_FORCE/OK/act=1/mav=96541/base=435495/th=56455
1778760517.941,7606,-43,654146,0,65535,51,STAND/UNKNOWN/#0/LOW_FORCE/OK/act=1/mav=96541/base=435495/th=56455
1778760517.941,7607,-43,657743,0,65535,51,STAND/UNKNOWN/#0/LOW_FORCE/OK/act=1/mav=96541/base=435495/th=56455
1778760517.942,7608,-43,661573,0,65535,51,STAND/UNKNOWN/#0/LOW_FORCE/OK/act=1/mav=96541/base=435495/th=56455
1778760518.012,7609,-43,665905,0,65535,51,STAND/UNKNOWN/#0/LOW_FORCE/OK/act=1/mav=96541/base=435495/th=56455
1778760518.013,7610,-43,669632,0,65535,51,STAND/UNKNOWN/#0/LOW_FORCE/OK/act=1/mav=96541/base=435495/th=56455
1778760518.013,7611,-43,661047,0,65535,51,STAND/UNKNOWN/#0/LOW_FORCE/OK/act=1/mav=96541/base=435495/th=56455
1778760518.013,7612,-43,659919,0,65535,39,STAND/UNKNOWN/#0/LOW_FORCE/OK/act=1/mav=87426/base=435495/th=56455
1778760518.096,7613,-43,660017,0,65535,39,STAND/UNKNOWN/#0/LOW_FORCE/OK/act=1/mav=87426/base=435495/th=56455
1778760518.096,7614,-43,659476,0,65535,39,STAND/UNKNOWN/#0/LOW_FORCE/OK/act=1/mav=87426/base=435495/th=56455
1778760518.096,7615,-43,661980,0,65535,39,STAND/UNKNOWN/#0/LOW_FORCE/OK/act=1/mav=87426/base=435495/th=56455
1778760518.096,7616,-43,660104,0,65535,39,STAND/UNKNOWN/#0/LOW_FORCE/OK/act=1/mav=87426/base=435495/th=56455
1778760518.199,7617,-43,664668,0,65535,39,STAND/UNKNOWN/#0/LOW_FORCE/OK/act=1/mav=87426/base=435495/th=56455
1778760518.200,7618,-43,669310,0,65535,39,STAND/UNKNOWN/#0/LOW_FORCE/OK/act=1/mav=87426/base=435495/th=56455
1778760518.200,7619,-43,667051,0,65535,39,STAND/UNKNOWN/#0/LOW_FORCE/OK/act=1/mav=87426/base=435495/th=56455
1778760518.200,7620,-43,663147,0,65535,39,STAND/UNKNOWN/#0/LOW_FORCE/OK/act=1/mav=87426/base=435495/th=56455
1778760518.200,7621,-43,661738,0,65535,39,STAND/UNKNOWN/#0/LOW_FORCE/OK/act=1/mav=87426/base=435495/th=56455
1778760518.286,7622,-43,663715,0,65535,39,STAND/UNKNOWN/#0/LOW_FORCE/OK/act=1/mav=87426/base=435495/th=56455
1778760518.287,7623,-43,661653,0,65535,39,STAND/UNKNOWN/#0/LOW_FORCE/OK/act=1/mav=87426/base=435495/th=56455
1778760518.287,7624,-43,663949,0,65535,39,STAND/UNKNOWN/#0/LOW_FORCE/OK/act=1/mav=87426/base=435495/th=56455
1778760518.287,7625,-43,666891,0,65535,35,STAND/UNKNOWN/#0/LOW_FORCE/OK/act=1/mav=80417/base=435495/th=56455
1778760518.287,7626,-43,674020,0,65535,35,STAND/UNKNOWN/#0/LOW_FORCE/OK/act=1/mav=80417/base=435495/th=56455
1778760518.381,7627,-43,678794,0,65535,35,STAND/UNKNOWN/#0/LOW_FORCE/OK/act=1/mav=80417/base=435495/th=56455
1778760518.382,7628,-43,678923,0,65535,35,STAND/UNKNOWN/#0/LOW_FORCE/OK/act=1/mav=80417/base=435495/th=56455
1778760518.382,7629,-43,674331,0,65535,35,STAND/UNKNOWN/#0/LOW_FORCE/OK/act=1/mav=80417/base=435495/th=56455
1778760518.382,7630,-43,671445,0,65535,35,STAND/UNKNOWN/#0/LOW_FORCE/OK/act=1/mav=80417/base=435495/th=56455
1778760518.460,7631,-43,669609,0,65535,35,STAND/UNKNOWN/#0/LOW_FORCE/OK/act=1/mav=80417/base=435495/th=56455
1778760518.461,7632,-43,670875,0,65535,35,STAND/UNKNOWN/#0/LOW_FORCE/OK/act=1/mav=80417/base=435495/th=56455
1778760518.461,7633,-43,674174,0,65535,35,STAND/UNKNOWN/#0/LOW_FORCE/OK/act=1/mav=80417/base=435495/th=56455
1778760518.461,7634,-43,676516,0,65535,35,STAND/UNKNOWN/#0/LOW_FORCE/OK/act=1/mav=80417/base=435495/th=56455
1778760518.555,7635,-43,680481,0,65535,35,STAND/UNKNOWN/#0/LOW_FORCE/OK/act=1/mav=80417/base=435495/th=56455
1778760518.555,7636,-43,682925,0,65535,35,STAND/UNKNOWN/#0/LOW_FORCE/OK/act=1/mav=80417/base=435495/th=56455
1778760518.555,7637,-43,681048,0,65535,35,STAND/UNKNOWN/#0/LOW_FORCE/OK/act=1/mav=80417/base=435495/th=56455
1778760518.556,7638,-43,675568,0,60258,48,STAND/UNKNOWN/#0/LOW_FORCE/OK/act=1/mav=80973/base=435495/th=56455
1778760518.556,7639,-43,673217,0,60258,48,STAND/UNKNOWN/#0/LOW_FORCE/OK/act=1/mav=80973/base=435495/th=56455
1778760518.634,7640,-43,673389,0,60258,48,STAND/UNKNOWN/#0/LOW_FORCE/OK/act=1/mav=80973/base=435495/th=56455
1778760518.635,7641,-43,670818,0,60258,48,STAND/UNKNOWN/#0/LOW_FORCE/OK/act=1/mav=80973/base=435495/th=56455
1778760518.635,7642,-43,672981,0,60258,48,STAND/UNKNOWN/#0/LOW_FORCE/OK/act=1/mav=80973/base=435495/th=56455
1778760518.635,7643,-43,677080,0,60258,48,STAND/UNKNOWN/#0/LOW_FORCE/OK/act=1/mav=80973/base=435495/th=56455
1778760518.714,7644,-43,679554,0,60258,48,STAND/UNKNOWN/#0/LOW_FORCE/OK/act=1/mav=80973/base=435495/th=56455
1778760518.714,7645,-43,687902,0,60258,48,STAND/UNKNOWN/#0/LOW_FORCE/OK/act=1/mav=80973/base=435495/th=56455
1778760518.715,7646,-43,689829,0,60258,48,STAND/UNKNOWN/#0/LOW_FORCE/OK/act=1/mav=80973/base=435495/th=56455
1778760518.715,7647,-43,685726,0,60258,48,STAND/UNKNOWN/#0/LOW_FORCE/OK/act=1/mav=80973/base=435495/th=56455
1778760518.824,7648,-43,683248,0,60258,48,STAND/UNKNOWN/#0/LOW_FORCE/OK/act=1/mav=80973/base=435495/th=56455
1778760518.824,7649,-43,683406,0,60258,48,STAND/UNKNOWN/#0/LOW_FORCE/OK/act=1/mav=80973/base=435495/th=56455
1778760518.824,7650,-43,683583,0,60258,48,STAND/UNKNOWN/#0/LOW_FORCE/OK/act=1/mav=80973/base=435495/th=56455
1778760518.824,7651,-43,686273,0,64573,51,STAND/UNKNOWN/#0/LOW_FORCE/OK/act=1/mav=84697/base=435495/th=56455
1778760518.824,7652,-43,684488,0,64573,51,STAND/UNKNOWN/#0/LOW_FORCE/OK/act=1/mav=84697/base=435495/th=56455
1778760518.904,7653,-43,690309,0,64573,51,STAND/UNKNOWN/#0/LOW_FORCE/OK/act=1/mav=84697/base=435495/th=56455
1778760518.905,7654,-43,693169,0,64573,51,STAND/UNKNOWN/#0/LOW_FORCE/OK/act=1/mav=84697/base=435495/th=56455
1778760518.905,7655,-43,690618,0,64573,51,STAND/UNKNOWN/#0/LOW_FORCE/OK/act=1/mav=84697/base=435495/th=56455
1778760518.905,7656,-43,685004,0,64573,51,STAND/UNKNOWN/#0/LOW_FORCE/OK/act=1/mav=84697/base=435495/th=56455
1778760518.975,7657,-43,682700,0,64573,51,STAND/UNKNOWN/#0/LOW_FORCE/OK/act=1/mav=84697/base=435495/th=56455
1778760518.975,7658,-43,683934,0,64573,51,STAND/UNKNOWN/#0/LOW_FORCE/OK/act=1/mav=84697/base=435495/th=56455
1778760518.975,7659,-43,681836,0,64573,51,STAND/UNKNOWN/#0/LOW_FORCE/OK/act=1/mav=84697/base=435495/th=56455
1778760518.975,7660,-43,683475,0,64573,51,STAND/UNKNOWN/#0/LOW_FORCE/OK/act=1/mav=84697/base=435495/th=56455
1778760519.050,7661,-43,687911,0,64573,51,STAND/UNKNOWN/#0/LOW_FORCE/OK/act=1/mav=84697/base=435495/th=56455
1778760519.050,7662,-43,692272,0,64573,51,STAND/UNKNOWN/#0/LOW_FORCE/OK/act=1/mav=84697/base=435495/th=56455
1778760519.050,7663,-43,695476,0,64573,51,STAND/UNKNOWN/#0/LOW_FORCE/OK/act=1/mav=84697/base=435495/th=56455
1778760519.051,7664,-43,692957,0,65535,51,STAND/UNKNOWN/#0/LOW_FORCE/OK/act=1/mav=90773/base=435495/th=56455
1778760519.124,7665,-43,688853,0,65535,51,STAND/UNKNOWN/#0/LOW_FORCE/OK/act=1/mav=90773/base=435495/th=56455
1778760519.124,7666,-43,687153,0,65535,51,STAND/UNKNOWN/#0/LOW_FORCE/OK/act=1/mav=90773/base=435495/th=56455
1778760519.124,7667,-43,687872,0,65535,51,STAND/UNKNOWN/#0/LOW_FORCE/OK/act=1/mav=90773/base=435495/th=56455
1778760519.189,7668,-43,684624,0,65535,51,STAND/UNKNOWN/#0/LOW_FORCE/OK/act=1/mav=90773/base=435495/th=56455
1778760519.189,7669,-43,686581,0,65535,51,STAND/UNKNOWN/#0/LOW_FORCE/OK/act=1/mav=90773/base=435495/th=56455
1778760519.190,7670,-43,688233,0,65535,51,STAND/UNKNOWN/#0/LOW_FORCE/OK/act=1/mav=90773/base=435495/th=56455
1778760519.190,7671,-43,692186,0,65535,51,STAND/UNKNOWN/#0/LOW_FORCE/OK/act=1/mav=90773/base=435495/th=56455
1778760519.280,7672,-43,695998,0,65535,51,STAND/UNKNOWN/#0/LOW_FORCE/OK/act=1/mav=90773/base=435495/th=56455
1778760519.280,7673,-43,693678,0,65535,51,STAND/UNKNOWN/#0/LOW_FORCE/OK/act=1/mav=90773/base=435495/th=56455
1778760519.281,7674,-43,689809,0,65535,51,STAND/UNKNOWN/#0/LOW_FORCE/OK/act=1/mav=90773/base=435495/th=56455
1778760519.281,7675,-43,687429,0,65535,51,STAND/UNKNOWN/#0/LOW_FORCE/OK/act=1/mav=90773/base=435495/th=56455
1778760519.388,7676,-43,686450,0,65535,51,STAND/UNKNOWN/#0/LOW_FORCE/OK/act=1/mav=92203/base=435495/th=56455
1778760519.388,7677,-43,682274,0,65535,51,STAND/UNKNOWN/#0/LOW_FORCE/OK/act=1/mav=92203/base=435495/th=56455
1778760519.389,7678,-43,686094,0,65535,51,STAND/UNKNOWN/#0/LOW_FORCE/OK/act=1/mav=92203/base=435495/th=56455
1778760519.389,7679,-43,691065,0,65535,51,STAND/UNKNOWN/#0/LOW_FORCE/OK/act=1/mav=92203/base=435495/th=56455
1778760519.389,7680,-43,693165,0,65535,51,STAND/UNKNOWN/#0/LOW_FORCE/OK/act=1/mav=92203/base=435495/th=56455
1778760519.389,7681,-43,692503,0,65535,51,STAND/UNKNOWN/#0/LOW_FORCE/OK/act=1/mav=92203/base=435495/th=56455
1778760519.486,7682,-43,687518,0,65535,51,STAND/UNKNOWN/#0/LOW_FORCE/OK/act=1/mav=92203/base=435495/th=56455
1778760519.486,7683,-43,685334,0,65535,51,STAND/UNKNOWN/#0/LOW_FORCE/OK/act=1/mav=92203/base=435495/th=56455
1778760519.486,7684,-43,685349,0,65535,51,STAND/UNKNOWN/#0/LOW_FORCE/OK/act=1/mav=92203/base=435495/th=56455
1778760519.486,7685,-43,680751,0,65535,51,STAND/UNKNOWN/#0/LOW_FORCE/OK/act=1/mav=92203/base=435495/th=56455
1778760519.486,7686,-43,683103,0,65535,51,STAND/UNKNOWN/#0/LOW_FORCE/OK/act=1/mav=92203/base=435495/th=56455
1778760519.577,7687,-43,683972,0,65535,51,STAND/UNKNOWN/#0/LOW_FORCE/OK/act=1/mav=92203/base=435495/th=56455
1778760519.578,7688,-43,688824,0,65535,51,STAND/UNKNOWN/#0/LOW_FORCE/OK/act=1/mav=92203/base=435495/th=56455
1778760519.578,7689,-43,692051,0,65535,51,STAND/UNKNOWN/#0/LOW_FORCE/OK/act=1/mav=90156/base=435495/th=56455
1778760519.578,7690,-43,690999,0,65535,51,STAND/UNKNOWN/#0/LOW_FORCE/OK/act=1/mav=90156/base=435495/th=56455
1778760519.663,7691,-43,685551,0,65535,51,STAND/UNKNOWN/#0/LOW_FORCE/OK/act=1/mav=90156/base=435495/th=56455
1778760519.663,7692,-43,685749,0,65535,51,STAND/UNKNOWN/#0/LOW_FORCE/OK/act=1/mav=90156/base=435495/th=56455
1778760519.664,7693,-43,684802,0,65535,51,STAND/UNKNOWN/#0/LOW_FORCE/OK/act=1/mav=90156/base=435495/th=56455
1778760519.664,7694,-43,682460,0,65535,51,STAND/UNKNOWN/#0/LOW_FORCE/OK/act=1/mav=90156/base=435495/th=56455
1778760519.749,7695,-43,681433,0,65535,51,STAND/UNKNOWN/#0/LOW_FORCE/OK/act=1/mav=90156/base=435495/th=56455
1778760519.750,7696,-43,686276,0,65535,51,STAND/UNKNOWN/#0/LOW_FORCE/OK/act=1/mav=90156/base=435495/th=56455
1778760519.750,7697,-43,690431,0,65535,51,STAND/UNKNOWN/#0/LOW_FORCE/OK/act=1/mav=90156/base=435495/th=56455
1778760519.750,7698,-43,693403,0,65535,51,STAND/UNKNOWN/#0/LOW_FORCE/OK/act=1/mav=90156/base=435495/th=56455
1778760519.750,7699,-43,691823,0,65535,51,STAND/UNKNOWN/#0/LOW_FORCE/OK/act=1/mav=90156/base=435495/th=56455
1778760519.830,7700,-43,688167,0,65535,51,STAND/UNKNOWN/#0/LOW_FORCE/OK/act=1/mav=90156/base=435495/th=56455
1778760519.831,7701,-43,687461,0,65535,51,STAND/UNKNOWN/#0/LOW_FORCE/OK/act=1/mav=90156/base=435495/th=56455
1778760519.832,7702,-43,685139,0,65535,52,STAND/UNKNOWN/#0/LOW_FORCE/OK/act=1/mav=89385/base=435495/th=56455
1778760519.832,7703,-43,683341,0,65535,52,STAND/UNKNOWN/#0/LOW_FORCE/OK/act=1/mav=89385/base=435495/th=56455
1778760519.914,7704,-43,685472,0,65535,52,STAND/UNKNOWN/#0/LOW_FORCE/OK/act=1/mav=89385/base=435495/th=56455
1778760519.915,7705,-43,687154,0,65535,52,STAND/UNKNOWN/#0/LOW_FORCE/OK/act=1/mav=89385/base=435495/th=56455
1778760519.915,7706,-43,691888,0,65535,52,STAND/UNKNOWN/#0/LOW_FORCE/OK/act=1/mav=89385/base=435495/th=56455
1778760519.915,7707,-43,693869,0,65535,52,STAND/UNKNOWN/#0/LOW_FORCE/OK/act=1/mav=89385/base=435495/th=56455
1778760519.994,7708,-43,692301,0,65535,52,STAND/UNKNOWN/#0/LOW_FORCE/OK/act=1/mav=89385/base=435495/th=56455
1778760519.994,7709,-43,689029,0,65535,52,STAND/UNKNOWN/#0/LOW_FORCE/OK/act=1/mav=89385/base=435495/th=56455
1778760519.994,7710,-43,686913,0,65535,52,STAND/UNKNOWN/#0/LOW_FORCE/OK/act=1/mav=89385/base=435495/th=56455
1778760519.994,7711,-43,686933,0,65535,52,STAND/UNKNOWN/#0/LOW_FORCE/OK/act=1/mav=89385/base=435495/th=56455
1778760520.073,7712,-43,684544,0,65535,52,STAND/UNKNOWN/#0/LOW_FORCE/OK/act=1/mav=89385/base=435495/th=56455
1778760520.073,7713,-43,685394,0,65535,52,STAND/UNKNOWN/#0/LOW_FORCE/OK/act=1/mav=89385/base=435495/th=56455
1778760520.073,7714,-43,685658,0,65535,52,STAND/UNKNOWN/#0/LOW_FORCE/OK/act=1/mav=89385/base=435495/th=56455
1778760520.073,7715,-43,690932,0,65535,51,STAND/UNKNOWN/#0/LOW_FORCE/OK/act=1/mav=89193/base=435495/th=56455
1778760520.164,7716,-43,694304,0,65535,51,STAND/UNKNOWN/#0/LOW_FORCE/OK/act=1/mav=89193/base=435495/th=56455
1778760520.165,7717,-43,690985,0,65535,51,STAND/UNKNOWN/#0/LOW_FORCE/OK/act=1/mav=89193/base=435495/th=56455
1778760520.165,7718,-43,686903,0,65535,51,STAND/UNKNOWN/#0/LOW_FORCE/OK/act=1/mav=89193/base=435495/th=56455
1778760520.166,7719,-43,683992,0,65535,51,STAND/UNKNOWN/#0/LOW_FORCE/OK/act=1/mav=89193/base=435495/th=56455
1778760520.166,7720,-43,683253,0,65535,51,STAND/UNKNOWN/#0/LOW_FORCE/OK/act=1/mav=89193/base=435495/th=56455
1778760520.252,7721,-43,681151,0,65535,51,STAND/UNKNOWN/#0/LOW_FORCE/OK/act=1/mav=89193/base=435495/th=56455
1778760520.252,7722,-43,680441,0,65535,51,STAND/UNKNOWN/#0/LOW_FORCE/OK/act=1/mav=89193/base=435495/th=56455
1778760520.252,7723,-43,682761,0,65535,51,STAND/UNKNOWN/#0/LOW_FORCE/OK/act=1/mav=89193/base=435495/th=56455
1778760520.252,7724,-43,685301,0,65535,51,STAND/UNKNOWN/#0/LOW_FORCE/OK/act=1/mav=89193/base=435495/th=56455
1778760520.328,7725,-43,688418,0,65535,51,STAND/UNKNOWN/#0/LOW_FORCE/OK/act=1/mav=89193/base=435495/th=56455
1778760520.328,7726,-43,686816,0,65535,51,STAND/UNKNOWN/#0/LOW_FORCE/OK/act=1/mav=89193/base=435495/th=56455
1778760520.328,7727,-43,681239,0,65535,51,STAND/UNKNOWN/#0/LOW_FORCE/OK/act=1/mav=89193/base=435495/th=56455
1778760520.329,7728,-43,680967,0,65535,51,STAND/UNKNOWN/#0/LOW_FORCE/OK/act=1/mav=88491/base=435495/th=56455
1778760520.403,7729,-43,681552,0,65535,51,STAND/UNKNOWN/#0/LOW_FORCE/OK/act=1/mav=88491/base=435495/th=56455
1778760520.403,7730,-43,679203,0,65535,51,STAND/UNKNOWN/#0/LOW_FORCE/OK/act=1/mav=88491/base=435495/th=56455
1778760520.404,7731,-43,680128,0,65535,51,STAND/UNKNOWN/#0/LOW_FORCE/OK/act=1/mav=88491/base=435495/th=56455
1778760520.508,7732,-43,682486,0,65535,51,STAND/UNKNOWN/#0/LOW_FORCE/OK/act=1/mav=88491/base=435495/th=56455
1778760520.509,7733,-43,686932,0,65535,51,STAND/UNKNOWN/#0/LOW_FORCE/OK/act=1/mav=88491/base=435495/th=56455
1778760520.509,7734,-43,689544,0,65535,51,STAND/UNKNOWN/#0/LOW_FORCE/OK/act=1/mav=88491/base=435495/th=56455
1778760520.509,7735,-43,689568,0,65535,51,STAND/UNKNOWN/#0/LOW_FORCE/OK/act=1/mav=88491/base=435495/th=56455
1778760520.509,7736,-43,684889,0,65535,51,STAND/UNKNOWN/#0/LOW_FORCE/OK/act=1/mav=88491/base=435495/th=56455
1778760520.509,7737,-43,681016,0,65535,51,STAND/UNKNOWN/#0/LOW_FORCE/OK/act=1/mav=88491/base=435495/th=56455
1778760520.584,7738,-43,682653,0,65535,51,STAND/UNKNOWN/#0/LOW_FORCE/OK/act=1/mav=88491/base=435495/th=56455
1778760520.584,7739,-43,679191,0,65535,51,STAND/UNKNOWN/#0/LOW_FORCE/OK/act=1/mav=88491/base=435495/th=56455
1778760520.584,7740,-43,681013,0,65535,51,STAND/UNKNOWN/#0/LOW_FORCE/OK/act=1/mav=86278/base=435495/th=56455
1778760520.652,7741,-43,681128,0,65535,51,STAND/UNKNOWN/#0/LOW_FORCE/OK/act=1/mav=86278/base=435495/th=56455
1778760520.653,7742,-43,683174,0,65535,51,STAND/UNKNOWN/#0/LOW_FORCE/OK/act=1/mav=86278/base=435495/th=56455
1778760520.653,7743,-43,688476,0,65535,51,STAND/UNKNOWN/#0/LOW_FORCE/OK/act=1/mav=86278/base=435495/th=56455
1778760520.653,7744,-43,685407,0,65535,51,STAND/UNKNOWN/#0/LOW_FORCE/OK/act=1/mav=86278/base=435495/th=56455
1778760520.726,7745,-43,681651,0,65535,51,STAND/UNKNOWN/#0/LOW_FORCE/OK/act=1/mav=86278/base=435495/th=56455
1778760520.726,7746,-43,679664,0,65535,51,STAND/UNKNOWN/#0/LOW_FORCE/OK/act=1/mav=86278/base=435495/th=56455
1778760520.727,7747,-43,680239,0,65535,51,STAND/UNKNOWN/#0/LOW_FORCE/OK/act=1/mav=86278/base=435495/th=56455
1778760520.727,7748,-43,677790,0,65535,51,STAND/UNKNOWN/#0/LOW_FORCE/OK/act=1/mav=86278/base=435495/th=56455
1778760520.795,7749,-43,678678,0,65535,51,STAND/UNKNOWN/#0/LOW_FORCE/OK/act=1/mav=86278/base=435495/th=56455
1778760520.796,7750,-43,680273,0,65535,51,STAND/UNKNOWN/#0/LOW_FORCE/OK/act=1/mav=86278/base=435495/th=56455
1778760520.796,7751,-43,684648,0,65535,51,STAND/UNKNOWN/#0/LOW_FORCE/OK/act=1/mav=86278/base=435495/th=56455
1778760520.865,7752,-43,688823,0,65535,51,STAND/UNKNOWN/#0/LOW_FORCE/OK/act=1/mav=86278/base=435495/th=56455
1778760520.865,7753,-43,688914,0,65535,51,STAND/UNKNOWN/#0/LOW_FORCE/OK/act=1/mav=85605/base=435495/th=56455
1778760520.865,7754,-43,680628,0,65535,51,STAND/UNKNOWN/#0/LOW_FORCE/OK/act=1/mav=85605/base=435495/th=56455
1778760520.937,7755,-43,681767,0,65535,51,STAND/UNKNOWN/#0/LOW_FORCE/OK/act=1/mav=85605/base=435495/th=56455
1778760520.937,7756,-43,681053,0,65535,51,STAND/UNKNOWN/#0/LOW_FORCE/OK/act=1/mav=85605/base=435495/th=56455
1778760520.937,7757,-43,677571,0,65535,51,STAND/UNKNOWN/#0/LOW_FORCE/OK/act=1/mav=85605/base=435495/th=56455
1778760520.938,7758,-43,678948,0,65535,51,STAND/UNKNOWN/#0/LOW_FORCE/OK/act=1/mav=85605/base=435495/th=56455
1778760521.008,7759,-43,679583,0,65535,51,STAND/UNKNOWN/#0/LOW_FORCE/OK/act=1/mav=85605/base=435495/th=56455
1778760521.008,7760,-43,683906,0,65535,51,STAND/UNKNOWN/#0/LOW_FORCE/OK/act=1/mav=85605/base=435495/th=56455
1778760521.008,7761,-43,687895,0,65535,51,STAND/UNKNOWN/#0/LOW_FORCE/OK/act=1/mav=85605/base=435495/th=56455
1778760521.008,7762,-43,685892,0,65535,51,STAND/UNKNOWN/#0/LOW_FORCE/OK/act=1/mav=85605/base=435495/th=56455
1778760521.084,7763,-43,681329,0,65535,51,STAND/UNKNOWN/#0/LOW_FORCE/OK/act=1/mav=85605/base=435495/th=56455
1778760521.084,7764,-43,678776,0,65535,51,STAND/UNKNOWN/#0/LOW_FORCE/OK/act=1/mav=85605/base=435495/th=56455
1778760521.084,7765,-43,677666,0,65535,51,STAND/UNKNOWN/#0/LOW_FORCE/OK/act=1/mav=85605/base=435495/th=56455
1778760521.152,7766,-43,676435,0,65535,52,STAND/UNKNOWN/#0/LOW_FORCE/OK/act=1/mav=85045/base=435495/th=56455
1778760521.152,7767,-43,676109,0,65535,52,STAND/UNKNOWN/#0/LOW_FORCE/OK/act=1/mav=85045/base=435495/th=56455
1778760521.153,7768,-43,678666,0,65535,52,STAND/UNKNOWN/#0/LOW_FORCE/OK/act=1/mav=85045/base=435495/th=56455
1778760521.153,7769,-43,683548,0,65535,52,STAND/UNKNOWN/#0/LOW_FORCE/OK/act=1/mav=85045/base=435495/th=56455
1778760521.223,7770,-43,685348,0,65535,52,STAND/UNKNOWN/#0/LOW_FORCE/OK/act=1/mav=85045/base=435495/th=56455
1778760521.223,7771,-43,683427,0,65535,52,STAND/UNKNOWN/#0/LOW_FORCE/OK/act=1/mav=85045/base=435495/th=56455
1778760521.223,7772,-43,677866,0,65535,52,STAND/UNKNOWN/#0/LOW_FORCE/OK/act=1/mav=85045/base=435495/th=56455
1778760521.286,7773,-43,678207,0,65535,52,STAND/UNKNOWN/#0/LOW_FORCE/OK/act=1/mav=85045/base=435495/th=56455
1778760521.287,7774,-43,677173,0,65535,52,STAND/UNKNOWN/#0/LOW_FORCE/OK/act=1/mav=85045/base=435495/th=56455
1778760521.287,7775,-43,673878,0,65535,52,STAND/UNKNOWN/#0/LOW_FORCE/OK/act=1/mav=85045/base=435495/th=56455
1778760521.287,7776,-43,672994,0,65535,52,STAND/UNKNOWN/#0/LOW_FORCE/OK/act=1/mav=85045/base=435495/th=56455
1778760521.353,7777,-43,676371,0,65535,52,STAND/UNKNOWN/#0/LOW_FORCE/OK/act=1/mav=85045/base=435495/th=56455
1778760521.353,7778,-43,679427,0,65535,52,STAND/UNKNOWN/#0/LOW_FORCE/OK/act=1/mav=85045/base=435495/th=56455
1778760521.353,7779,-43,682866,0,64328,51,STAND/UNKNOWN/#0/LOW_FORCE/OK/act=1/mav=83394/base=435495/th=56455
1778760521.429,7780,-43,680704,0,64328,51,STAND/UNKNOWN/#0/LOW_FORCE/OK/act=1/mav=83394/base=435495/th=56455
1778760521.429,7781,-43,674228,0,64328,51,STAND/UNKNOWN/#0/LOW_FORCE/OK/act=1/mav=83394/base=435495/th=56455
1778760521.429,7782,-43,673395,0,64328,51,STAND/UNKNOWN/#0/LOW_FORCE/OK/act=1/mav=83394/base=435495/th=56455
1778760521.429,7783,-43,673244,0,64328,51,STAND/UNKNOWN/#0/LOW_FORCE/OK/act=1/mav=83394/base=435495/th=56455
1778760521.496,7784,-43,669174,0,64328,51,STAND/UNKNOWN/#0/LOW_FORCE/OK/act=1/mav=83394/base=435495/th=56455
1778760521.496,7785,-43,671606,0,64328,51,STAND/UNKNOWN/#0/LOW_FORCE/OK/act=1/mav=83394/base=435495/th=56455
1778760521.496,7786,-43,673625,0,64328,51,STAND/UNKNOWN/#0/LOW_FORCE/OK/act=1/mav=83394/base=435495/th=56455
1778760521.566,7787,-43,677689,0,64328,51,STAND/UNKNOWN/#0/LOW_FORCE/OK/act=1/mav=83394/base=435495/th=56455
1778760521.566,7788,-43,682090,0,64328,51,STAND/UNKNOWN/#0/LOW_FORCE/OK/act=1/mav=83394/base=435495/th=56455
1778760521.566,7789,-43,680063,0,64328,51,STAND/UNKNOWN/#0/LOW_FORCE/OK/act=1/mav=83394/base=435495/th=56455
1778760521.566,7790,-43,676976,0,64328,51,STAND/UNKNOWN/#0/LOW_FORCE/OK/act=1/mav=83394/base=435495/th=56455
1778760521.643,7791,-43,673974,0,64328,51,STAND/UNKNOWN/#0/LOW_FORCE/OK/act=1/mav=83394/base=435495/th=56455
1778760521.643,7792,-43,674335,0,62334,51,STAND/UNKNOWN/#0/LOW_FORCE/OK/act=1/mav=82031/base=435495/th=56455
1778760521.643,7793,-43,669516,0,62334,51,STAND/UNKNOWN/#0/LOW_FORCE/OK/act=1/mav=82031/base=435495/th=56455
1778760521.712,7794,-43,671218,0,62334,51,STAND/UNKNOWN/#0/LOW_FORCE/OK/act=1/mav=82031/base=435495/th=56455
1778760521.713,7795,-43,671846,0,62334,51,STAND/UNKNOWN/#0/LOW_FORCE/OK/act=1/mav=82031/base=435495/th=56455
1778760521.713,7796,-43,677265,0,62334,51,STAND/UNKNOWN/#0/LOW_FORCE/OK/act=1/mav=82031/base=435495/th=56455
1778760521.713,7797,-43,679674,0,62334,51,STAND/UNKNOWN/#0/LOW_FORCE/OK/act=1/mav=82031/base=435495/th=56455
1778760521.786,7798,-43,678089,0,62334,51,STAND/UNKNOWN/#0/LOW_FORCE/OK/act=1/mav=82031/base=435495/th=56455
1778760521.787,7799,-43,674758,0,62334,51,STAND/UNKNOWN/#0/LOW_FORCE/OK/act=1/mav=82031/base=435495/th=56455
1778760521.787,7800,-43,672071,0,62334,51,STAND/UNKNOWN/#0/LOW_FORCE/OK/act=1/mav=82031/base=435495/th=56455
1778760521.787,7801,-43,673714,0,62334,51,STAND/UNKNOWN/#0/LOW_FORCE/OK/act=1/mav=82031/base=435495/th=56455
1778760521.872,7802,-43,670692,0,62334,51,STAND/UNKNOWN/#0/LOW_FORCE/OK/act=1/mav=82031/base=435495/th=56455
1778760521.873,7803,-43,670541,0,62334,51,STAND/UNKNOWN/#0/LOW_FORCE/OK/act=1/mav=82031/base=435495/th=56455
1778760521.873,7804,-43,674436,0,59150,51,STAND/UNKNOWN/#0/LOW_FORCE/OK/act=1/mav=80001/base=435495/th=56455
1778760521.873,7805,-43,676608,0,59150,51,STAND/UNKNOWN/#0/LOW_FORCE/OK/act=1/mav=80001/base=435495/th=56455
1778760521.951,7806,-43,681799,0,59150,51,STAND/UNKNOWN/#0/LOW_FORCE/OK/act=1/mav=80001/base=435495/th=56455
1778760521.951,7807,-43,680848,0,59150,51,STAND/UNKNOWN/#0/LOW_FORCE/OK/act=1/mav=80001/base=435495/th=56455
1778760521.951,7808,-43,675379,0,59150,51,STAND/UNKNOWN/#0/LOW_FORCE/OK/act=1/mav=80001/base=435495/th=56455
1778760521.951,7809,-43,675056,0,59150,51,STAND/UNKNOWN/#0/LOW_FORCE/OK/act=1/mav=80001/base=435495/th=56455
1778760522.021,7810,-43,674203,0,59150,51,STAND/UNKNOWN/#0/LOW_FORCE/OK/act=1/mav=80001/base=435495/th=56455
1778760522.021,7811,-43,671817,0,59150,51,STAND/UNKNOWN/#0/LOW_FORCE/OK/act=1/mav=80001/base=435495/th=56455
1778760522.022,7812,-43,671962,0,59150,51,STAND/UNKNOWN/#0/LOW_FORCE/OK/act=1/mav=80001/base=435495/th=56455
1778760522.091,7813,-43,674549,0,59150,51,STAND/UNKNOWN/#0/LOW_FORCE/OK/act=1/mav=80001/base=435495/th=56455
1778760522.092,7814,-43,678231,0,59150,51,STAND/UNKNOWN/#0/LOW_FORCE/OK/act=1/mav=80001/base=435495/th=56455
1778760522.092,7815,-43,682838,0,59150,51,STAND/UNKNOWN/#0/LOW_FORCE/OK/act=1/mav=80001/base=435495/th=56455
1778760522.092,7816,-43,679464,0,59150,51,STAND/UNKNOWN/#0/LOW_FORCE/OK/act=1/mav=80001/base=435495/th=56455
1778760522.206,7817,-43,675274,0,58734,51,STAND/UNKNOWN/#0/LOW_FORCE/OK/act=1/mav=79786/base=435495/th=56455
1778760522.206,7818,-43,673087,0,58734,51,STAND/UNKNOWN/#0/LOW_FORCE/OK/act=1/mav=79786/base=435495/th=56455
1778760522.206,7819,-43,674096,0,58734,51,STAND/UNKNOWN/#0/LOW_FORCE/OK/act=1/mav=79786/base=435495/th=56455
1778760522.206,7820,-43,671344,0,58734,51,STAND/UNKNOWN/#0/LOW_FORCE/OK/act=1/mav=79786/base=435495/th=56455
1778760522.207,7821,-43,671843,0,58734,51,STAND/UNKNOWN/#0/LOW_FORCE/OK/act=1/mav=79786/base=435495/th=56455
1778760522.207,7822,-43,673991,0,58734,51,STAND/UNKNOWN/#0/LOW_FORCE/OK/act=1/mav=79786/base=435495/th=56455
1778760522.309,7823,-43,677449,0,58734,51,STAND/UNKNOWN/#0/LOW_FORCE/OK/act=1/mav=79786/base=435495/th=56455
1778760522.310,7824,-43,681988,0,58734,51,STAND/UNKNOWN/#0/LOW_FORCE/OK/act=1/mav=79786/base=435495/th=56455
1778760522.310,7825,-43,680357,0,58734,51,STAND/UNKNOWN/#0/LOW_FORCE/OK/act=1/mav=79786/base=435495/th=56455
1778760522.310,7826,-43,676189,0,58734,51,STAND/UNKNOWN/#0/LOW_FORCE/OK/act=1/mav=79786/base=435495/th=56455
1778760522.310,7827,-43,673269,0,58734,51,STAND/UNKNOWN/#0/LOW_FORCE/OK/act=1/mav=79786/base=435495/th=56455
1778760522.433,7828,-43,674161,0,58734,51,STAND/UNKNOWN/#0/LOW_FORCE/OK/act=1/mav=79786/base=435495/th=56455
1778760522.433,7829,-43,671943,0,58734,51,STAND/UNKNOWN/#0/LOW_FORCE/OK/act=1/mav=79786/base=435495/th=56455
1778760522.433,7830,-43,671744,0,58907,52,STAND/UNKNOWN/#0/LOW_FORCE/OK/act=1/mav=79756/base=435495/th=56455
1778760522.433,7831,-43,673460,0,58907,52,STAND/UNKNOWN/#0/LOW_FORCE/OK/act=1/mav=79756/base=435495/th=56455
1778760522.433,7832,-43,678680,0,58907,52,STAND/UNKNOWN/#0/LOW_FORCE/OK/act=1/mav=79756/base=435495/th=56455
1778760522.433,7833,-43,682211,0,58907,52,STAND/UNKNOWN/#0/LOW_FORCE/OK/act=1/mav=79756/base=435495/th=56455
1778760522.524,7834,-43,680214,0,58907,52,STAND/UNKNOWN/#0/LOW_FORCE/OK/act=1/mav=79756/base=435495/th=56455
1778760522.524,7835,-43,674901,0,58907,52,STAND/UNKNOWN/#0/LOW_FORCE/OK/act=1/mav=79756/base=435495/th=56455
1778760522.524,7836,-43,672518,0,58907,52,STAND/UNKNOWN/#0/LOW_FORCE/OK/act=1/mav=79756/base=435495/th=56455
1778760522.525,7837,-43,672819,0,58907,52,STAND/UNKNOWN/#0/LOW_FORCE/OK/act=1/mav=79756/base=435495/th=56455
1778760522.604,7838,-43,671691,0,58907,52,STAND/UNKNOWN/#0/LOW_FORCE/OK/act=1/mav=79756/base=435495/th=56455
1778760522.605,7839,-43,674005,0,58907,52,STAND/UNKNOWN/#0/LOW_FORCE/OK/act=1/mav=79756/base=435495/th=56455
1778760522.605,7840,-43,674839,0,58907,52,STAND/UNKNOWN/#0/LOW_FORCE/OK/act=1/mav=79756/base=435495/th=56455
1778760522.605,7841,-43,676632,0,58907,52,STAND/UNKNOWN/#0/LOW_FORCE/OK/act=1/mav=79756/base=435495/th=56455
1778760522.697,7842,-43,680384,0,58907,52,STAND/UNKNOWN/#0/LOW_FORCE/OK/act=1/mav=79756/base=435495/th=56455
1778760522.698,7843,-43,678926,0,58449,51,STAND/UNKNOWN/#0/LOW_FORCE/OK/act=1/mav=79379/base=435495/th=56455
1778760522.698,7844,-43,675146,0,58449,51,STAND/UNKNOWN/#0/LOW_FORCE/OK/act=1/mav=79379/base=435495/th=56455
1778760522.698,7845,-43,673409,0,58449,51,STAND/UNKNOWN/#0/LOW_FORCE/OK/act=1/mav=79379/base=435495/th=56455
1778760522.698,7846,-43,671623,0,58449,51,STAND/UNKNOWN/#0/LOW_FORCE/OK/act=1/mav=79379/base=435495/th=56455
1778760522.774,7847,-43,669953,0,58449,51,STAND/UNKNOWN/#0/LOW_FORCE/OK/act=1/mav=79379/base=435495/th=56455
1778760522.775,7848,-43,671196,0,58449,51,STAND/UNKNOWN/#0/LOW_FORCE/OK/act=1/mav=79379/base=435495/th=56455
1778760522.775,7849,-43,674555,0,58449,51,STAND/UNKNOWN/#0/LOW_FORCE/OK/act=1/mav=79379/base=435495/th=56455
1778760522.775,7850,-43,677358,0,58449,51,STAND/UNKNOWN/#0/LOW_FORCE/OK/act=1/mav=79379/base=435495/th=56455
1778760522.860,7851,-43,680954,0,58449,51,STAND/UNKNOWN/#0/LOW_FORCE/OK/act=1/mav=79379/base=435495/th=56455
1778760522.861,7852,-43,680606,0,58449,51,STAND/UNKNOWN/#0/LOW_FORCE/OK/act=1/mav=79379/base=435495/th=56455
1778760522.861,7853,-43,675109,0,58449,51,STAND/UNKNOWN/#0/LOW_FORCE/OK/act=1/mav=79379/base=435495/th=56455
1778760522.861,7854,-43,672517,0,58449,51,STAND/UNKNOWN/#0/LOW_FORCE/OK/act=1/mav=79379/base=435495/th=56455
1778760522.949,7855,-43,673845,0,58449,51,STAND/UNKNOWN/#0/LOW_FORCE/OK/act=1/mav=79379/base=435495/th=56455
1778760522.949,7856,-43,670651,0,59249,51,STAND/UNKNOWN/#0/LOW_FORCE/OK/act=1/mav=79876/base=435495/th=56455
1778760522.949,7857,-43,672404,0,59249,51,STAND/UNKNOWN/#0/LOW_FORCE/OK/act=1/mav=79876/base=435495/th=56455
1778760522.949,7858,-43,673734,0,59249,51,STAND/UNKNOWN/#0/LOW_FORCE/OK/act=1/mav=79876/base=435495/th=56455
1778760522.949,7859,-43,675809,0,59249,51,STAND/UNKNOWN/#0/LOW_FORCE/OK/act=1/mav=79876/base=435495/th=56455
1778760523.037,7860,-43,679942,0,59249,51,STAND/UNKNOWN/#0/LOW_FORCE/OK/act=1/mav=79876/base=435495/th=56455
1778760523.037,7861,-43,678478,0,59249,51,STAND/UNKNOWN/#0/LOW_FORCE/OK/act=1/mav=79876/base=435495/th=56455
1778760523.038,7862,-43,675686,0,59249,51,STAND/UNKNOWN/#0/LOW_FORCE/OK/act=1/mav=79876/base=435495/th=56455
1778760523.038,7863,-43,672961,0,59249,51,STAND/UNKNOWN/#0/LOW_FORCE/OK/act=1/mav=79876/base=435495/th=56455
1778760523.119,7864,-43,672658,0,59249,51,STAND/UNKNOWN/#0/LOW_FORCE/OK/act=1/mav=79876/base=435495/th=56455
1778760523.119,7865,-43,669388,0,59249,51,STAND/UNKNOWN/#0/LOW_FORCE/OK/act=1/mav=79876/base=435495/th=56455
1778760523.119,7866,-43,671507,0,59249,51,STAND/UNKNOWN/#0/LOW_FORCE/OK/act=1/mav=79876/base=435495/th=56455
1778760523.119,7867,-43,672024,0,59249,51,STAND/UNKNOWN/#0/LOW_FORCE/OK/act=1/mav=79876/base=435495/th=56455
1778760523.181,7868,-43,675506,0,57864,51,STAND/UNKNOWN/#0/LOW_FORCE/OK/act=1/mav=79014/base=435495/th=56455
1778760523.182,7869,-43,679776,0,57864,51,STAND/UNKNOWN/#0/LOW_FORCE/OK/act=1/mav=79014/base=435495/th=56455
1778760523.182,7870,-43,678871,0,57864,51,STAND/UNKNOWN/#0/LOW_FORCE/OK/act=1/mav=79014/base=435495/th=56455
1778760523.248,7871,-43,674383,0,57864,51,STAND/UNKNOWN/#0/LOW_FORCE/OK/act=1/mav=79014/base=435495/th=56455
1778760523.248,7872,-43,672895,0,57864,51,STAND/UNKNOWN/#0/LOW_FORCE/OK/act=1/mav=79014/base=435495/th=56455
1778760523.248,7873,-43,672573,0,57864,51,STAND/UNKNOWN/#0/LOW_FORCE/OK/act=1/mav=79014/base=435495/th=56455
1778760523.248,7874,-43,668994,0,57864,51,STAND/UNKNOWN/#0/LOW_FORCE/OK/act=1/mav=79014/base=435495/th=56455
1778760523.311,7875,-43,664046,0,57864,51,STAND/UNKNOWN/#0/LOW_FORCE/OK/act=1/mav=79014/base=435495/th=56455
1778760523.312,7876,-43,666793,0,57864,51,STAND/UNKNOWN/#0/LOW_FORCE/OK/act=1/mav=79014/base=435495/th=56455
1778760523.312,7877,-43,668813,0,57864,51,STAND/UNKNOWN/#0/LOW_FORCE/OK/act=1/mav=79014/base=435495/th=56455
1778760523.380,7878,-43,671919,0,57864,51,STAND/UNKNOWN/#0/LOW_FORCE/OK/act=1/mav=79014/base=435495/th=56455
1778760523.381,7879,-43,669379,0,57864,51,STAND/UNKNOWN/#0/LOW_FORCE/OK/act=1/mav=79014/base=435495/th=56455
1778760523.381,7880,-43,665439,0,57864,51,STAND/UNKNOWN/#0/LOW_FORCE/OK/act=1/mav=79014/base=435495/th=56455
1778760523.447,7881,-43,662878,0,53837,51,STAND/UNKNOWN/#0/LOW_FORCE/OK/act=1/mav=76412/base=435495/th=56455
1778760523.448,7882,-43,662888,0,53837,51,STAND/UNKNOWN/#0/LOW_FORCE/OK/act=1/mav=76412/base=435495/th=56455
1778760523.448,7883,-43,658306,0,53837,51,STAND/UNKNOWN/#0/LOW_FORCE/OK/act=1/mav=76412/base=435495/th=56455
1778760523.448,7884,-43,661763,0,53837,51,STAND/UNKNOWN/#0/LOW_FORCE/OK/act=1/mav=76412/base=435495/th=56455
1778760523.513,7885,-43,662846,0,53837,51,STAND/UNKNOWN/#0/LOW_FORCE/OK/act=1/mav=76412/base=435495/th=56455
1778760523.514,7886,-43,666836,0,53837,51,STAND/UNKNOWN/#0/LOW_FORCE/OK/act=1/mav=76412/base=435495/th=56455
1778760523.514,7887,-43,670161,0,53837,51,STAND/UNKNOWN/#0/LOW_FORCE/OK/act=1/mav=76412/base=435495/th=56455
1778760523.581,7888,-43,669699,0,53837,51,STAND/UNKNOWN/#0/LOW_FORCE/OK/act=1/mav=76412/base=435495/th=56455
1778760523.582,7889,-43,665195,0,53837,51,STAND/UNKNOWN/#0/LOW_FORCE/OK/act=1/mav=76412/base=435495/th=56455
1778760523.582,7890,-43,664389,0,53837,51,STAND/UNKNOWN/#0/LOW_FORCE/OK/act=1/mav=76412/base=435495/th=56455
1778760523.649,7891,-43,662649,0,53837,51,STAND/UNKNOWN/#0/LOW_FORCE/OK/act=1/mav=76412/base=435495/th=56455
1778760523.649,7892,-43,658338,0,53837,51,STAND/UNKNOWN/#0/LOW_FORCE/OK/act=1/mav=76412/base=435495/th=56455
1778760523.649,7893,-43,660731,0,53837,51,STAND/UNKNOWN/#0/LOW_FORCE/OK/act=1/mav=76412/base=435495/th=56455
1778760523.649,7894,-43,662139,0,42639,52,STAND/UNKNOWN/#0/LOW_FORCE/OK/act=1/mav=70389/base=435495/th=56455
1778760523.716,7895,-43,665434,0,42639,52,STAND/UNKNOWN/#0/LOW_FORCE/OK/act=1/mav=70389/base=435495/th=56455
1778760523.716,7896,-43,667613,0,42639,52,STAND/UNKNOWN/#0/LOW_FORCE/OK/act=1/mav=70389/base=435495/th=56455
1778760523.717,7897,-43,667495,0,42639,52,STAND/UNKNOWN/#0/LOW_FORCE/OK/act=1/mav=70389/base=435495/th=56455
1778760523.785,7898,-43,662941,0,42639,52,STAND/UNKNOWN/#0/LOW_FORCE/OK/act=1/mav=70389/base=435495/th=56455
1778760523.785,7899,-43,660886,0,42639,52,STAND/UNKNOWN/#0/LOW_FORCE/OK/act=1/mav=70389/base=435495/th=56455
1778760523.785,7900,-43,658619,0,42639,52,STAND/UNKNOWN/#0/LOW_FORCE/OK/act=1/mav=70389/base=435495/th=56455
1778760523.875,7901,-43,653979,0,42639,52,STAND/UNKNOWN/#0/LOW_FORCE/OK/act=1/mav=70389/base=435495/th=56455
1778760523.876,7902,-43,653500,0,42639,52,STAND/UNKNOWN/#0/LOW_FORCE/OK/act=1/mav=70389/base=435495/th=56455
1778760523.876,7903,-43,655574,0,42639,52,STAND/UNKNOWN/#0/LOW_FORCE/OK/act=1/mav=70389/base=435495/th=56455
1778760523.876,7904,-43,658801,0,42639,52,STAND/UNKNOWN/#0/LOW_FORCE/OK/act=1/mav=70389/base=435495/th=56455
1778760523.876,7905,-43,665866,0,42639,52,STAND/UNKNOWN/#0/LOW_FORCE/OK/act=1/mav=70389/base=435495/th=56455
1778760523.970,7906,-43,663375,0,42639,52,STAND/UNKNOWN/#0/LOW_FORCE/OK/act=1/mav=70389/base=435495/th=56455
1778760523.970,7907,-43,660258,0,34770,51,STAND/UNKNOWN/#0/LOW_FORCE/OK/act=1/mav=67023/base=435495/th=56455
1778760523.970,7908,-43,658286,0,34770,51,STAND/UNKNOWN/#0/LOW_FORCE/OK/act=1/mav=67023/base=435495/th=56455
1778760523.970,7909,-43,657395,0,34770,51,STAND/UNKNOWN/#0/LOW_FORCE/OK/act=1/mav=67023/base=435495/th=56455
1778760523.970,7910,-43,656179,0,34770,51,STAND/UNKNOWN/#0/LOW_FORCE/OK/act=1/mav=67023/base=435495/th=56455
1778760524.059,7911,-43,657063,0,34770,51,STAND/UNKNOWN/#0/LOW_FORCE/OK/act=1/mav=67023/base=435495/th=56455
1778760524.059,7912,-43,658469,0,34770,51,STAND/UNKNOWN/#0/LOW_FORCE/OK/act=1/mav=67023/base=435495/th=56455
1778760524.059,7913,-43,660972,0,34770,51,STAND/UNKNOWN/#0/LOW_FORCE/OK/act=1/mav=67023/base=435495/th=56455
1778760524.060,7914,-43,667973,0,34770,51,STAND/UNKNOWN/#0/LOW_FORCE/OK/act=1/mav=67023/base=435495/th=56455
1778760524.137,7915,-43,668298,0,34770,51,STAND/UNKNOWN/#0/LOW_FORCE/OK/act=1/mav=67023/base=435495/th=56455
1778760524.137,7916,-43,665577,0,34770,51,STAND/UNKNOWN/#0/LOW_FORCE/OK/act=1/mav=67023/base=435495/th=56455
1778760524.137,7917,-43,664635,0,34770,51,STAND/UNKNOWN/#0/LOW_FORCE/OK/act=1/mav=67023/base=435495/th=56455
1778760524.137,7918,-43,662949,0,34770,51,STAND/UNKNOWN/#0/LOW_FORCE/OK/act=1/mav=67023/base=435495/th=56455
1778760524.218,7919,-43,660160,0,34770,51,STAND/UNKNOWN/#0/LOW_FORCE/OK/act=1/mav=67023/base=435495/th=56455
1778760524.219,7920,-43,660329,0,38524,51,STAND/UNKNOWN/#0/LOW_FORCE/OK/act=1/mav=68640/base=435495/th=56455
1778760524.219,7921,-43,663609,0,38524,51,STAND/UNKNOWN/#0/LOW_FORCE/OK/act=1/mav=68640/base=435495/th=56455
1778760524.219,7922,-43,666208,0,38524,51,STAND/UNKNOWN/#0/LOW_FORCE/OK/act=1/mav=68640/base=435495/th=56455
1778760524.311,7923,-43,669654,0,38524,51,STAND/UNKNOWN/#0/LOW_FORCE/OK/act=1/mav=68640/base=435495/th=56455
1778760524.311,7924,-43,670177,0,38524,51,STAND/UNKNOWN/#0/LOW_FORCE/OK/act=1/mav=68640/base=435495/th=56455
1778760524.311,7925,-43,665474,0,38524,51,STAND/UNKNOWN/#0/LOW_FORCE/OK/act=1/mav=68640/base=435495/th=56455
1778760524.311,7926,-43,663536,0,38524,51,STAND/UNKNOWN/#0/LOW_FORCE/OK/act=1/mav=68640/base=435495/th=56455
1778760524.311,7927,-43,664871,0,38524,51,STAND/UNKNOWN/#0/LOW_FORCE/OK/act=1/mav=68640/base=435495/th=56455
1778760524.396,7928,-43,663165,0,38524,51,STAND/UNKNOWN/#0/LOW_FORCE/OK/act=1/mav=68640/base=435495/th=56455
1778760524.396,7929,-43,664306,0,38524,51,STAND/UNKNOWN/#0/LOW_FORCE/OK/act=1/mav=68640/base=435495/th=56455
1778760524.397,7930,-43,665654,0,38524,51,STAND/UNKNOWN/#0/LOW_FORCE/OK/act=1/mav=68640/base=435495/th=56455
1778760524.397,7931,-43,670388,0,38524,51,STAND/UNKNOWN/#0/LOW_FORCE/OK/act=1/mav=68640/base=435495/th=56455
1778760524.509,7932,-43,674359,0,43951,51,STAND/UNKNOWN/#0/LOW_FORCE/OK/act=1/mav=71655/base=435495/th=56455
1778760524.509,7933,-43,672489,0,43951,51,STAND/UNKNOWN/#0/LOW_FORCE/OK/act=1/mav=71655/base=435495/th=56455
1778760524.509,7934,-43,664446,0,43951,51,STAND/UNKNOWN/#0/LOW_FORCE/OK/act=1/mav=71655/base=435495/th=56455
1778760524.509,7935,-43,664769,0,43951,51,STAND/UNKNOWN/#0/LOW_FORCE/OK/act=1/mav=71655/base=435495/th=56455
1778760524.509,7936,-43,664133,0,43951,51,STAND/UNKNOWN/#0/LOW_FORCE/OK/act=1/mav=71655/base=435495/th=56455
1778760524.509,7937,-43,661319,0,43951,51,STAND/UNKNOWN/#0/LOW_FORCE/OK/act=1/mav=71655/base=435495/th=56455
1778760524.590,7938,-43,661427,0,43951,51,STAND/UNKNOWN/#0/LOW_FORCE/OK/act=1/mav=71655/base=435495/th=56455
1778760524.590,7939,-43,664758,0,43951,51,STAND/UNKNOWN/#0/LOW_FORCE/OK/act=1/mav=71655/base=435495/th=56455
1778760524.590,7940,-43,668233,0,43951,51,STAND/UNKNOWN/#0/LOW_FORCE/OK/act=1/mav=71655/base=435495/th=56455
1778760524.591,7941,-43,677463,0,43951,51,STAND/UNKNOWN/#0/LOW_FORCE/OK/act=1/mav=71655/base=435495/th=56455
1778760524.662,7942,-43,687798,0,43951,51,STAND/UNKNOWN/#0/LOW_FORCE/OK/act=1/mav=71655/base=435495/th=56455
1778760524.663,7943,-43,682624,0,43951,51,STAND/UNKNOWN/#0/LOW_FORCE/OK/act=1/mav=71655/base=435495/th=56455
1778760524.663,7944,-43,685646,0,43951,51,STAND/UNKNOWN/#0/LOW_FORCE/OK/act=1/mav=71655/base=435495/th=56455
1778760524.740,7945,-43,680607,0,45813,51,STAND/UNKNOWN/#0/LOW_FORCE/OK/act=1/mav=72800/base=435495/th=56455
1778760524.740,7946,-43,670159,0,45813,51,STAND/UNKNOWN/#0/LOW_FORCE/OK/act=1/mav=72800/base=435495/th=56455
1778760524.740,7947,-43,670447,0,45813,51,STAND/UNKNOWN/#0/LOW_FORCE/OK/act=1/mav=72800/base=435495/th=56455
1778760524.740,7948,-43,662283,0,45813,51,STAND/UNKNOWN/#0/LOW_FORCE/OK/act=1/mav=72800/base=435495/th=56455
1778760524.817,7949,-43,618099,0,45813,51,STAND/UNKNOWN/#0/LOW_FORCE/OK/act=1/mav=72800/base=435495/th=56455
1778760524.817,7950,-43,636106,0,45813,51,STAND/UNKNOWN/#0/LOW_FORCE/OK/act=1/mav=72800/base=435495/th=56455
1778760524.821,7951,-43,789828,0,45813,51,STAND/UNKNOWN/#0/LOW_FORCE/OK/act=1/mav=72800/base=435495/th=56455
1778760524.821,7952,-43,798349,0,45813,51,STAND/UNKNOWN/#0/LOW_FORCE/OK/act=1/mav=72800/base=435495/th=56455
1778760524.990,7953,-43,741069,0,45813,51,STAND/UNKNOWN/#0/LOW_FORCE/OK/act=1/mav=72800/base=435495/th=56455
1778760524.991,7954,-43,788402,0,45813,51,STAND/UNKNOWN/#0/LOW_FORCE/OK/act=1/mav=72800/base=435495/th=56455
1778760524.991,7955,-43,1000381,0,45813,51,STAND/UNKNOWN/#0/LOW_FORCE/OK/act=1/mav=72800/base=435495/th=56455
1778760524.991,7956,-43,1692524,0,45813,51,STAND/UNKNOWN/#0/LOW_FORCE/OK/act=1/mav=72800/base=435495/th=56455
1778760524.991,7957,-43,1979738,0,45813,51,STAND/UNKNOWN/#0/LOW_FORCE/OK/act=1/mav=72800/base=435495/th=56455
1778760524.991,7958,-43,1541106,0,65535,42,STAND/UNKNOWN/#0/LOW_FORCE/OK/act=1/mav=169455/base=435495/th=56455
1778760524.991,7959,-43,1455794,0,65535,42,STAND/UNKNOWN/#0/LOW_FORCE/OK/act=1/mav=169455/base=435495/th=56455
1778760524.991,7960,-43,1304129,0,65535,42,STAND/UNKNOWN/#0/LOW_FORCE/OK/act=1/mav=169455/base=435495/th=56455
1778760525.087,7961,-43,1244848,0,65535,42,STAND/UNKNOWN/#0/LOW_FORCE/OK/act=1/mav=169455/base=435495/th=56455
1778760525.088,7962,-43,1190175,0,65535,42,STAND/UNKNOWN/#0/LOW_FORCE/OK/act=1/mav=169455/base=435495/th=56455
1778760525.088,7963,-43,1154255,0,65535,42,STAND/UNKNOWN/#0/LOW_FORCE/OK/act=1/mav=169455/base=435495/th=56455
1778760525.088,7964,-43,1132766,0,65535,42,STAND/UNKNOWN/#0/LOW_FORCE/OK/act=1/mav=169455/base=435495/th=56455
1778760525.088,7965,-43,1096770,0,65535,42,STAND/UNKNOWN/#0/LOW_FORCE/OK/act=1/mav=169455/base=435495/th=56455
1778760525.088,7966,-43,1095265,0,65535,42,STAND/UNKNOWN/#0/LOW_FORCE/OK/act=1/mav=169455/base=435495/th=56455
1778760525.177,7967,-43,1080774,0,65535,42,STAND/UNKNOWN/#0/LOW_FORCE/OK/act=1/mav=169455/base=435495/th=56455
1778760525.177,7968,-43,1067962,0,65535,42,STAND/UNKNOWN/#0/LOW_FORCE/OK/act=1/mav=169455/base=435495/th=56455
1778760525.177,7969,-43,1051478,0,65535,42,STAND/UNKNOWN/#0/LOW_FORCE/OK/act=1/mav=169455/base=435495/th=56455
1778760525.177,7970,-43,1044169,0,65535,42,STAND/UNKNOWN/#0/LOW_FORCE/OK/act=1/mav=169455/base=435495/th=56455
1778760525.262,7971,-43,1033571,0,65535,32,STAND/UNKNOWN/#0/LOW_FORCE/OK/act=1/mav=231240/base=435495/th=56455
1778760525.263,7972,-43,1034777,0,65535,32,STAND/UNKNOWN/#0/LOW_FORCE/OK/act=1/mav=231240/base=435495/th=56455
1778760525.263,7973,-43,1064810,0,65535,32,STAND/UNKNOWN/#0/LOW_FORCE/OK/act=1/mav=231240/base=435495/th=56455
1778760525.264,7974,-43,1106769,0,65535,32,STAND/UNKNOWN/#0/LOW_FORCE/OK/act=1/mav=231240/base=435495/th=56455
1778760525.351,7975,-43,1126469,0,65535,32,STAND/UNKNOWN/#0/LOW_FORCE/OK/act=1/mav=231240/base=435495/th=56455
1778760525.352,7976,-43,1130587,0,65535,32,STAND/UNKNOWN/#0/LOW_FORCE/OK/act=1/mav=231240/base=435495/th=56455
1778760525.352,7977,-43,1110758,0,65535,32,STAND/UNKNOWN/#0/LOW_FORCE/OK/act=1/mav=231240/base=435495/th=56455
1778760525.352,7978,-43,1111834,0,65535,32,STAND/UNKNOWN/#0/LOW_FORCE/OK/act=1/mav=231240/base=435495/th=56455
1778760525.459,7979,-43,1107755,0,65535,32,STAND/UNKNOWN/#0/LOW_FORCE/OK/act=1/mav=231240/base=435495/th=56455
1778760525.459,7980,-43,1114536,0,65535,32,STAND/UNKNOWN/#0/LOW_FORCE/OK/act=1/mav=231240/base=435495/th=56455
1778760525.459,7981,-43,1134601,0,65535,32,STAND/UNKNOWN/#0/LOW_FORCE/OK/act=1/mav=231240/base=435495/th=56455
1778760525.459,7982,-43,1156953,0,65535,32,STAND/UNKNOWN/#0/LOW_FORCE/OK/act=1/mav=231240/base=435495/th=56455
1778760525.459,7983,-43,1164616,0,65535,32,STAND/UNKNOWN/#0/LOW_FORCE/OK/act=1/mav=231240/base=435495/th=56455
1778760525.460,7984,-43,1169003,0,65535,33,STAND/UNKNOWN/#0/LOW_FORCE/OK/act=1/mav=148719/base=435495/th=56455
1778760525.548,7985,-43,1181703,0,65535,33,STAND/UNKNOWN/#0/LOW_FORCE/OK/act=1/mav=148719/base=435495/th=56455
1778760525.549,7986,-43,1186934,0,65535,33,STAND/UNKNOWN/#0/LOW_FORCE/OK/act=1/mav=148719/base=435495/th=56455
1778760525.549,7987,-43,1195173,0,65535,33,STAND/UNKNOWN/#0/LOW_FORCE/OK/act=1/mav=148719/base=435495/th=56455
1778760525.549,7988,-43,1215111,0,65535,33,STAND/UNKNOWN/#0/LOW_FORCE/OK/act=1/mav=148719/base=435495/th=56455
1778760525.549,7989,-43,1247128,0,65535,33,STAND/UNKNOWN/#0/LOW_FORCE/OK/act=1/mav=148719/base=435495/th=56455
1778760525.639,7990,-43,1274546,0,65535,33,STAND/UNKNOWN/#0/LOW_FORCE/OK/act=1/mav=148719/base=435495/th=56455
1778760525.639,7991,-43,1291678,0,65535,33,STAND/UNKNOWN/#0/LOW_FORCE/OK/act=1/mav=148719/base=435495/th=56455
1778760525.639,7992,-43,1313212,0,65535,33,STAND/UNKNOWN/#0/LOW_FORCE/OK/act=1/mav=148719/base=435495/th=56455
1778760525.639,7993,-43,1334445,0,65535,33,STAND/UNKNOWN/#0/LOW_FORCE/OK/act=1/mav=148719/base=435495/th=56455
1778760525.723,7994,-43,1351248,0,65535,33,STAND/UNKNOWN/#0/LOW_FORCE/OK/act=1/mav=148719/base=435495/th=56455
1778760525.723,7995,-43,1336364,0,65535,33,STAND/UNKNOWN/#0/LOW_FORCE/OK/act=1/mav=148719/base=435495/th=56455
1778760525.723,7996,-43,1353349,0,64320,42,STAND/UNKNOWN/#0/LOW_FORCE/OK/act=1/mav=127688/base=435495/th=56455
1778760525.723,7997,-43,1374136,0,64320,42,STAND/UNKNOWN/#0/LOW_FORCE/OK/act=1/mav=127688/base=435495/th=56455
1778760525.802,7998,-43,1401392,0,64320,42,STAND/UNKNOWN/#0/LOW_FORCE/OK/act=1/mav=127688/base=435495/th=56455
1778760525.802,7999,-43,1408901,0,64320,42,STAND/UNKNOWN/#0/LOW_FORCE/OK/act=1/mav=127688/base=435495/th=56455
1778760525.802,8000,-43,1404600,0,64320,42,STAND/UNKNOWN/#0/LOW_FORCE/OK/act=1/mav=127688/base=435495/th=56455
1778760525.802,8001,-43,1406866,0,64320,42,STAND/UNKNOWN/#0/LOW_FORCE/OK/act=1/mav=127688/base=435495/th=56455
1778760525.883,8002,-43,1406956,0,64320,42,STAND/UNKNOWN/#0/LOW_FORCE/OK/act=1/mav=127688/base=435495/th=56455
1778760525.884,8003,-43,1408735,0,64320,42,STAND/UNKNOWN/#0/LOW_FORCE/OK/act=1/mav=127688/base=435495/th=56455
1778760525.884,8004,-43,1419453,0,64320,42,STAND/UNKNOWN/#0/LOW_FORCE/OK/act=1/mav=127688/base=435495/th=56455
1778760525.884,8005,-43,1441254,0,64320,42,STAND/UNKNOWN/#0/LOW_FORCE/OK/act=1/mav=127688/base=435495/th=56455
1778760525.960,8006,-43,1474178,0,64320,42,STAND/UNKNOWN/#0/LOW_FORCE/OK/act=1/mav=127688/base=435495/th=56455
1778760525.960,8007,-43,1484691,0,64320,42,STAND/UNKNOWN/#0/LOW_FORCE/OK/act=1/mav=127688/base=435495/th=56455
1778760525.960,8008,-43,1502954,0,64320,42,STAND/UNKNOWN/#0/LOW_FORCE/OK/act=1/mav=127688/base=435495/th=56455
1778760525.961,8009,-43,1555750,0,65535,51,STAND/UNKNOWN/#0/LOW_FORCE/OK/act=1/mav=164860/base=435495/th=56455
1778760526.047,8010,-43,1588653,0,65535,51,STAND/UNKNOWN/#0/LOW_FORCE/OK/act=1/mav=164860/base=435495/th=56455
1778760526.048,8011,-43,1582538,0,65535,51,STAND/UNKNOWN/#0/LOW_FORCE/OK/act=1/mav=164860/base=435495/th=56455
1778760526.048,8012,-43,1543034,0,65535,51,STAND/UNKNOWN/#0/LOW_FORCE/OK/act=1/mav=164860/base=435495/th=56455
1778760526.048,8013,-43,1505229,0,65535,51,STAND/UNKNOWN/#0/LOW_FORCE/OK/act=1/mav=164860/base=435495/th=56455
1778760526.048,8014,-43,1469756,0,65535,51,STAND/UNKNOWN/#0/LOW_FORCE/OK/act=1/mav=164860/base=435495/th=56455
1778760526.122,8015,-43,1434809,0,65535,51,STAND/UNKNOWN/#0/LOW_FORCE/OK/act=1/mav=164860/base=435495/th=56455
1778760526.122,8016,-43,1406924,0,65535,51,STAND/UNKNOWN/#0/LOW_FORCE/OK/act=1/mav=164860/base=435495/th=56455
1778760526.122,8017,-43,1386108,0,65535,51,STAND/UNKNOWN/#0/LOW_FORCE/OK/act=1/mav=164860/base=435495/th=56455
1778760526.202,8018,-43,1369069,0,65535,51,STAND/UNKNOWN/#0/LOW_FORCE/OK/act=1/mav=164860/base=435495/th=56455
1778760526.202,8019,-43,1337378,0,65535,51,STAND/UNKNOWN/#0/LOW_FORCE/OK/act=1/mav=164860/base=435495/th=56455
1778760526.202,8020,-43,1311352,0,65535,51,STAND/UNKNOWN/#0/LOW_FORCE/OK/act=1/mav=164860/base=435495/th=56455
1778760526.202,8021,-43,1299171,0,65535,51,STAND/UNKNOWN/#0/LOW_FORCE/OK/act=1/mav=164860/base=435495/th=56455
1778760526.293,8022,-43,1295629,0,65535,47,STAND/UNKNOWN/#0/LOW_FORCE/OK/act=1/mav=157428/base=435495/th=56455
1778760526.293,8023,-43,1285043,0,65535,47,STAND/UNKNOWN/#0/LOW_FORCE/OK/act=1/mav=157428/base=435495/th=56455
1778760526.293,8024,-43,1267786,0,65535,47,STAND/UNKNOWN/#0/LOW_FORCE/OK/act=1/mav=157428/base=435495/th=56455
1778760526.293,8025,-43,1256561,0,65535,47,STAND/UNKNOWN/#0/LOW_FORCE/OK/act=1/mav=157428/base=435495/th=56455
1778760526.293,8026,-43,1252194,0,65535,47,STAND/UNKNOWN/#0/LOW_FORCE/OK/act=1/mav=157428/base=435495/th=56455
1778760526.376,8027,-43,1241711,0,65535,47,STAND/UNKNOWN/#0/LOW_FORCE/OK/act=1/mav=157428/base=435495/th=56455
1778760526.376,8028,-43,1241108,0,65535,47,STAND/UNKNOWN/#0/LOW_FORCE/OK/act=1/mav=157428/base=435495/th=56455
1778760526.376,8029,-43,1241499,0,65535,47,STAND/UNKNOWN/#0/LOW_FORCE/OK/act=1/mav=157428/base=435495/th=56455
1778760526.376,8030,-43,1246049,0,65535,47,STAND/UNKNOWN/#0/LOW_FORCE/OK/act=1/mav=157428/base=435495/th=56455
1778760526.451,8031,-43,1241101,0,65535,47,STAND/UNKNOWN/#0/LOW_FORCE/OK/act=1/mav=157428/base=435495/th=56455
1778760526.451,8032,-43,1228353,0,65535,47,STAND/UNKNOWN/#0/LOW_FORCE/OK/act=1/mav=157428/base=435495/th=56455
1778760526.451,8033,-43,1219689,0,65535,47,STAND/UNKNOWN/#0/LOW_FORCE/OK/act=1/mav=157428/base=435495/th=56455
1778760526.451,8034,-43,1217741,0,65535,47,STAND/UNKNOWN/#0/LOW_FORCE/OK/act=1/mav=157428/base=435495/th=56455
1778760526.523,8035,-43,1211016,0,49525,41,STAND/UNKNOWN/#0/LOW_FORCE/OK/act=1/mav=118713/base=435495/th=56455
1778760526.523,8036,-43,1212729,0,49525,41,STAND/UNKNOWN/#0/LOW_FORCE/OK/act=1/mav=118713/base=435495/th=56455
1778760526.523,8037,-43,1215174,0,49525,41,STAND/UNKNOWN/#0/LOW_FORCE/OK/act=1/mav=118713/base=435495/th=56455
1778760526.595,8038,-43,1220111,0,49525,41,STAND/UNKNOWN/#0/LOW_FORCE/OK/act=1/mav=118713/base=435495/th=56455
1778760526.596,8039,-43,1208752,0,49525,41,STAND/UNKNOWN/#0/LOW_FORCE/OK/act=1/mav=118713/base=435495/th=56455
1778760526.596,8040,-43,1194851,0,49525,41,STAND/UNKNOWN/#0/LOW_FORCE/OK/act=1/mav=118713/base=435495/th=56455
1778760526.596,8041,-43,1183271,0,49525,41,STAND/UNKNOWN/#0/LOW_FORCE/OK/act=1/mav=118713/base=435495/th=56455
1778760526.666,8042,-43,1174291,0,49525,41,STAND/UNKNOWN/#0/LOW_FORCE/OK/act=1/mav=118713/base=435495/th=56455
1778760526.666,8043,-43,1162728,0,49525,41,STAND/UNKNOWN/#0/LOW_FORCE/OK/act=1/mav=118713/base=435495/th=56455
1778760526.666,8044,-43,1160637,0,49525,41,STAND/UNKNOWN/#0/LOW_FORCE/OK/act=1/mav=118713/base=435495/th=56455
1778760526.666,8045,-43,1162593,0,49525,41,STAND/UNKNOWN/#0/LOW_FORCE/OK/act=1/mav=118713/base=435495/th=56455
1778760526.733,8046,-43,1164713,0,49525,41,STAND/UNKNOWN/#0/LOW_FORCE/OK/act=1/mav=118713/base=435495/th=56455
1778760526.733,8047,-43,1163037,0,49525,41,STAND/UNKNOWN/#0/LOW_FORCE/OK/act=1/mav=118713/base=435495/th=56455
1778760526.734,8048,-43,1151599,0,65535,28,STAND/UNKNOWN/#0/LOW_FORCE/OK/act=1/mav=90821/base=435495/th=56455
1778760526.813,8049,-43,1145928,0,65535,28,STAND/UNKNOWN/#0/LOW_FORCE/OK/act=1/mav=90821/base=435495/th=56455
1778760526.813,8050,-43,1144406,0,65535,28,STAND/UNKNOWN/#0/LOW_FORCE/OK/act=1/mav=90821/base=435495/th=56455
1778760526.813,8051,-43,1135369,0,65535,28,STAND/UNKNOWN/#0/LOW_FORCE/OK/act=1/mav=90821/base=435495/th=56455
1778760526.813,8052,-43,1139408,0,65535,28,STAND/UNKNOWN/#0/LOW_FORCE/OK/act=1/mav=90821/base=435495/th=56455
1778760526.892,8053,-43,1145740,0,65535,28,STAND/UNKNOWN/#0/LOW_FORCE/OK/act=1/mav=90821/base=435495/th=56455
1778760526.892,8054,-43,1150407,0,65535,28,STAND/UNKNOWN/#0/LOW_FORCE/OK/act=1/mav=90821/base=435495/th=56455
1778760526.892,8055,-43,1148398,0,65535,28,STAND/UNKNOWN/#0/LOW_FORCE/OK/act=1/mav=90821/base=435495/th=56455
1778760526.892,8056,-43,1140926,0,65535,28,STAND/UNKNOWN/#0/LOW_FORCE/OK/act=1/mav=90821/base=435495/th=56455
1778760526.967,8057,-43,1137156,0,65535,28,STAND/UNKNOWN/#0/LOW_FORCE/OK/act=1/mav=90821/base=435495/th=56455
1778760526.967,8058,-43,1137084,0,65535,28,STAND/UNKNOWN/#0/LOW_FORCE/OK/act=1/mav=90821/base=435495/th=56455
1778760526.968,8059,-43,1131234,0,65535,28,STAND/UNKNOWN/#0/LOW_FORCE/OK/act=1/mav=90821/base=435495/th=56455
1778760526.968,8060,-43,1131188,30,65535,13,STAND/UNKNOWN/#0/LOW_FORCE/OK/act=1/mav=77346/base=435495/th=56455
1778760527.040,8061,-43,1138287,30,65535,13,STAND/UNKNOWN/#0/LOW_FORCE/OK/act=1/mav=77346/base=435495/th=56455
1778760527.040,8062,-43,1145276,30,65535,13,STAND/UNKNOWN/#0/LOW_FORCE/OK/act=1/mav=77346/base=435495/th=56455
1778760527.041,8063,-43,1143701,30,65535,13,STAND/UNKNOWN/#0/LOW_FORCE/OK/act=1/mav=77346/base=435495/th=56455
1778760527.130,8064,-43,1136204,30,65535,13,STAND/UNKNOWN/#0/LOW_FORCE/OK/act=1/mav=77346/base=435495/th=56455
1778760527.130,8065,-43,1131289,30,65535,13,STAND/UNKNOWN/#0/LOW_FORCE/OK/act=1/mav=77346/base=435495/th=56455
1778760527.130,8066,-43,1131521,30,65535,13,STAND/UNKNOWN/#0/LOW_FORCE/OK/act=1/mav=77346/base=435495/th=56455
1778760527.130,8067,-43,1127990,30,65535,13,STAND/UNKNOWN/#0/LOW_FORCE/OK/act=1/mav=77346/base=435495/th=56455
1778760527.130,8068,-43,1128558,30,65535,13,STAND/UNKNOWN/#0/LOW_FORCE/OK/act=1/mav=77346/base=435495/th=56455
1778760527.217,8069,-43,1133160,30,65535,13,STAND/UNKNOWN/#0/LOW_FORCE/OK/act=1/mav=77346/base=435495/th=56455
1778760527.217,8070,-43,1139455,30,65535,13,STAND/UNKNOWN/#0/LOW_FORCE/OK/act=1/mav=77346/base=435495/th=56455
1778760527.217,8071,-43,1138288,30,65535,13,STAND/UNKNOWN/#0/LOW_FORCE/OK/act=1/mav=77346/base=435495/th=56455
1778760527.217,8072,-43,1131482,30,65535,13,STAND/UNKNOWN/#0/LOW_FORCE/OK/act=1/mav=77346/base=435495/th=56455
1778760527.291,8073,-43,1125965,0,65535,30,STAND/UNKNOWN/#0/LOW_FORCE/OK/act=1/mav=73974/base=435495/th=56455
1778760527.291,8074,-43,1122850,0,65535,30,STAND/UNKNOWN/#0/LOW_FORCE/OK/act=1/mav=73974/base=435495/th=56455
1778760527.291,8075,-43,1118211,0,65535,30,STAND/UNKNOWN/#0/LOW_FORCE/OK/act=1/mav=73974/base=435495/th=56455
1778760527.291,8076,-43,1119474,0,65535,30,STAND/UNKNOWN/#0/LOW_FORCE/OK/act=1/mav=73974/base=435495/th=56455
1778760527.372,8077,-43,1124438,0,65535,30,STAND/UNKNOWN/#0/LOW_FORCE/OK/act=1/mav=73974/base=435495/th=56455
1778760527.372,8078,-43,1131383,0,65535,30,STAND/UNKNOWN/#0/LOW_FORCE/OK/act=1/mav=73974/base=435495/th=56455
1778760527.372,8079,-43,1128124,0,65535,30,STAND/UNKNOWN/#0/LOW_FORCE/OK/act=1/mav=73974/base=435495/th=56455
1778760527.372,8080,-43,1120537,0,65535,30,STAND/UNKNOWN/#0/LOW_FORCE/OK/act=1/mav=73974/base=435495/th=56455
1778760527.451,8081,-43,1115078,0,65535,30,STAND/UNKNOWN/#0/LOW_FORCE/OK/act=1/mav=73974/base=435495/th=56455
1778760527.451,8082,-43,1113311,0,65535,30,STAND/UNKNOWN/#0/LOW_FORCE/OK/act=1/mav=73974/base=435495/th=56455
1778760527.451,8083,-43,1108409,0,65535,30,STAND/UNKNOWN/#0/LOW_FORCE/OK/act=1/mav=73974/base=435495/th=56455
1778760527.451,8084,-43,1110761,0,65535,30,STAND/UNKNOWN/#0/LOW_FORCE/OK/act=1/mav=73974/base=435495/th=56455
1778760527.540,8085,-43,1115855,0,65535,30,STAND/UNKNOWN/#0/LOW_FORCE/OK/act=1/mav=73974/base=435495/th=56455
1778760527.540,8086,-43,1122806,0,63711,51,STAND/UNKNOWN/#0/LOW_FORCE/OK/act=1/mav=75200/base=435495/th=56455
1778760527.540,8087,-43,1120079,0,63711,51,STAND/UNKNOWN/#0/LOW_FORCE/OK/act=1/mav=75200/base=435495/th=56455
1778760527.540,8088,-43,1113096,0,63711,51,STAND/UNKNOWN/#0/LOW_FORCE/OK/act=1/mav=75200/base=435495/th=56455
1778760527.622,8089,-43,1112511,0,63711,51,STAND/UNKNOWN/#0/LOW_FORCE/OK/act=1/mav=75200/base=435495/th=56455
1778760527.622,8090,-43,1110516,0,63711,51,STAND/UNKNOWN/#0/LOW_FORCE/OK/act=1/mav=75200/base=435495/th=56455
1778760527.622,8091,-43,1107143,0,63711,51,STAND/UNKNOWN/#0/LOW_FORCE/OK/act=1/mav=75200/base=435495/th=56455
1778760527.622,8092,-43,1109443,0,63711,51,STAND/UNKNOWN/#0/LOW_FORCE/OK/act=1/mav=75200/base=435495/th=56455
1778760527.724,8093,-43,1112503,0,63711,51,STAND/UNKNOWN/#0/LOW_FORCE/OK/act=1/mav=75200/base=435495/th=56455
1778760527.725,8094,-43,1122061,0,63711,51,STAND/UNKNOWN/#0/LOW_FORCE/OK/act=1/mav=75200/base=435495/th=56455
1778760527.725,8095,-43,1120503,0,63711,51,STAND/UNKNOWN/#0/LOW_FORCE/OK/act=1/mav=75200/base=435495/th=56455
1778760527.725,8096,-43,1113406,0,63711,51,STAND/UNKNOWN/#0/LOW_FORCE/OK/act=1/mav=75200/base=435495/th=56455
1778760527.725,8097,-43,1110696,0,63711,51,STAND/UNKNOWN/#0/LOW_FORCE/OK/act=1/mav=75200/base=435495/th=56455
1778760527.820,8098,-43,1109515,0,63711,51,STAND/UNKNOWN/#0/LOW_FORCE/OK/act=1/mav=75200/base=435495/th=56455
1778760527.821,8099,-43,1101651,0,59095,51,STAND/UNKNOWN/#0/LOW_FORCE/OK/act=1/mav=75163/base=435495/th=56455
1778760527.821,8100,-43,1103256,0,59095,51,STAND/UNKNOWN/#0/LOW_FORCE/OK/act=1/mav=75163/base=435495/th=56455
1778760527.821,8101,-43,1109619,0,59095,51,STAND/UNKNOWN/#0/LOW_FORCE/OK/act=1/mav=75163/base=435495/th=56455
1778760527.821,8102,-43,1112758,0,59095,51,STAND/UNKNOWN/#0/LOW_FORCE/OK/act=1/mav=75163/base=435495/th=56455
1778760527.895,8103,-43,1110658,0,59095,51,STAND/UNKNOWN/#0/LOW_FORCE/OK/act=1/mav=75163/base=435495/th=56455
1778760527.895,8104,-43,1101118,0,59095,51,STAND/UNKNOWN/#0/LOW_FORCE/OK/act=1/mav=75163/base=435495/th=56455
1778760527.895,8105,-43,1099350,0,59095,51,STAND/UNKNOWN/#0/LOW_FORCE/OK/act=1/mav=75163/base=435495/th=56455
1778760527.895,8106,-43,1097563,0,59095,51,STAND/UNKNOWN/#0/LOW_FORCE/OK/act=1/mav=75163/base=435495/th=56455
1778760527.969,8107,-43,1092092,0,59095,51,STAND/UNKNOWN/#0/LOW_FORCE/OK/act=1/mav=75163/base=435495/th=56455
1778760527.970,8108,-43,1092290,0,59095,51,STAND/UNKNOWN/#0/LOW_FORCE/OK/act=1/mav=75163/base=435495/th=56455
1778760527.970,8109,-43,1096656,0,59095,51,STAND/UNKNOWN/#0/LOW_FORCE/OK/act=1/mav=75163/base=435495/th=56455
1778760527.970,8110,-43,1100308,0,59095,51,STAND/UNKNOWN/#0/LOW_FORCE/OK/act=1/mav=75163/base=435495/th=56455
1778760528.042,8111,-43,1099610,0,59095,51,STAND/UNKNOWN/#0/LOW_FORCE/OK/act=1/mav=75163/base=435495/th=56455
1778760528.042,8112,-43,1092152,0,55183,51,STAND/UNKNOWN/#0/LOW_FORCE/OK/act=1/mav=74222/base=435495/th=56455
1778760528.042,8113,-43,1090904,0,55183,51,STAND/UNKNOWN/#0/LOW_FORCE/OK/act=1/mav=74222/base=435495/th=56455
1778760528.124,8114,-43,1087900,0,55183,51,STAND/UNKNOWN/#0/LOW_FORCE/OK/act=1/mav=74222/base=435495/th=56455
1778760528.125,8115,-43,1086176,0,55183,51,STAND/UNKNOWN/#0/LOW_FORCE/OK/act=1/mav=74222/base=435495/th=56455
1778760528.125,8116,-43,1087957,0,55183,51,STAND/UNKNOWN/#0/LOW_FORCE/OK/act=1/mav=74222/base=435495/th=56455
1778760528.125,8117,-43,1092898,0,55183,51,STAND/UNKNOWN/#0/LOW_FORCE/OK/act=1/mav=74222/base=435495/th=56455
1778760528.125,8118,-43,1098494,0,55183,51,STAND/UNKNOWN/#0/LOW_FORCE/OK/act=1/mav=74222/base=435495/th=56455
1778760528.197,8119,-43,1096490,0,55183,51,STAND/UNKNOWN/#0/LOW_FORCE/OK/act=1/mav=74222/base=435495/th=56455
1778760528.197,8120,-43,1090821,0,55183,51,STAND/UNKNOWN/#0/LOW_FORCE/OK/act=1/mav=74222/base=435495/th=56455
1778760528.197,8121,-43,1087732,0,55183,51,STAND/UNKNOWN/#0/LOW_FORCE/OK/act=1/mav=74222/base=435495/th=56455
1778760528.249,8122,-43,1084183,0,55183,51,STAND/UNKNOWN/#0/LOW_FORCE/OK/act=1/mav=74222/base=435495/th=56455
1778760528.249,8123,-43,1083994,0,55183,51,STAND/UNKNOWN/#0/LOW_FORCE/OK/act=1/mav=74222/base=435495/th=56455
1778760528.249,8124,-43,1084798,0,49698,51,STAND/UNKNOWN/#0/LOW_FORCE/OK/act=1/mav=71312/base=435495/th=56455
1778760528.314,8125,-43,1090240,0,49698,51,STAND/UNKNOWN/#0/LOW_FORCE/OK/act=1/mav=71312/base=435495/th=56455
1778760528.315,8126,-43,1096354,0,49698,51,STAND/UNKNOWN/#0/LOW_FORCE/OK/act=1/mav=71312/base=435495/th=56455
1778760528.315,8127,-43,1094524,0,49698,51,STAND/UNKNOWN/#0/LOW_FORCE/OK/act=1/mav=71312/base=435495/th=56455
1778760528.390,8128,-43,1088252,0,49698,51,STAND/UNKNOWN/#0/LOW_FORCE/OK/act=1/mav=71312/base=435495/th=56455
1778760528.390,8129,-43,1085399,0,49698,51,STAND/UNKNOWN/#0/LOW_FORCE/OK/act=1/mav=71312/base=435495/th=56455
1778760528.390,8130,-43,1081179,0,49698,51,STAND/UNKNOWN/#0/LOW_FORCE/OK/act=1/mav=71312/base=435495/th=56455
1778760528.390,8131,-43,1068954,0,49698,51,STAND/UNKNOWN/#0/LOW_FORCE/OK/act=1/mav=71312/base=435495/th=56455
1778760528.450,8132,-43,1065202,0,49698,51,STAND/UNKNOWN/#0/LOW_FORCE/OK/act=1/mav=71312/base=435495/th=56455
1778760528.451,8133,-43,1066957,0,49698,51,STAND/UNKNOWN/#0/LOW_FORCE/OK/act=1/mav=71312/base=435495/th=56455
1778760528.451,8134,-43,1071359,0,49698,51,STAND/UNKNOWN/#0/LOW_FORCE/OK/act=1/mav=71312/base=435495/th=56455
1778760528.533,8135,-43,1067928,0,49698,51,STAND/UNKNOWN/#0/LOW_FORCE/OK/act=1/mav=71312/base=435495/th=56455
1778760528.533,8136,-43,1060237,0,49698,51,STAND/UNKNOWN/#0/LOW_FORCE/OK/act=1/mav=71312/base=435495/th=56455
1778760528.533,8137,-43,1055949,0,48364,47,STAND/UNKNOWN/#0/LOW_FORCE/OK/act=1/mav=70202/base=435495/th=56455
1778760528.533,8138,-43,1053997,0,48364,47,STAND/UNKNOWN/#0/LOW_FORCE/OK/act=1/mav=70202/base=435495/th=56455
1778760528.606,8139,-43,1050373,0,48364,47,STAND/UNKNOWN/#0/LOW_FORCE/OK/act=1/mav=70202/base=435495/th=56455
1778760528.606,8140,-43,1047059,0,48364,47,STAND/UNKNOWN/#0/LOW_FORCE/OK/act=1/mav=70202/base=435495/th=56455
1778760528.606,8141,-43,1049996,0,48364,47,STAND/UNKNOWN/#0/LOW_FORCE/OK/act=1/mav=70202/base=435495/th=56455
1778760528.606,8142,-43,1053773,0,48364,47,STAND/UNKNOWN/#0/LOW_FORCE/OK/act=1/mav=70202/base=435495/th=56455
1778760528.673,8143,-43,1038139,0,48364,47,STAND/UNKNOWN/#0/LOW_FORCE/OK/act=1/mav=70202/base=435495/th=56455
1778760528.673,8144,-43,1024123,0,48364,47,STAND/UNKNOWN/#0/LOW_FORCE/OK/act=1/mav=70202/base=435495/th=56455
1778760528.673,8145,-43,1012965,0,48364,47,STAND/UNKNOWN/#0/LOW_FORCE/OK/act=1/mav=70202/base=435495/th=56455
1778760528.735,8146,-43,1006418,0,48364,47,STAND/UNKNOWN/#0/LOW_FORCE/OK/act=1/mav=70202/base=435495/th=56455
1778760528.735,8147,-43,998462,0,48364,47,STAND/UNKNOWN/#0/LOW_FORCE/OK/act=1/mav=70202/base=435495/th=56455
1778760528.735,8148,-43,999694,0,48364,47,STAND/UNKNOWN/#0/LOW_FORCE/OK/act=1/mav=70202/base=435495/th=56455
1778760528.805,8149,-43,1004216,0,48364,47,STAND/UNKNOWN/#0/LOW_FORCE/OK/act=1/mav=70202/base=435495/th=56455
1778760528.806,8150,-43,1007874,0,54101,33,STAND/UNKNOWN/#0/LOW_FORCE/OK/act=1/mav=68260/base=435495/th=56455
1778760528.806,8151,-43,1005568,0,54101,33,STAND/UNKNOWN/#0/LOW_FORCE/OK/act=1/mav=68260/base=435495/th=56455
1778760528.806,8152,-43,999280,0,54101,33,STAND/UNKNOWN/#0/LOW_FORCE/OK/act=1/mav=68260/base=435495/th=56455
1778760528.892,8153,-43,995464,0,54101,33,STAND/UNKNOWN/#0/LOW_FORCE/OK/act=1/mav=68260/base=435495/th=56455
1778760528.893,8154,-43,995288,0,54101,33,STAND/UNKNOWN/#0/LOW_FORCE/OK/act=1/mav=68260/base=435495/th=56455
1778760528.893,8155,-43,990923,0,54101,33,STAND/UNKNOWN/#0/LOW_FORCE/OK/act=1/mav=68260/base=435495/th=56455
1778760528.893,8156,-43,991141,0,54101,33,STAND/UNKNOWN/#0/LOW_FORCE/OK/act=1/mav=68260/base=435495/th=56455
1778760528.984,8157,-43,990966,0,54101,33,STAND/UNKNOWN/#0/LOW_FORCE/OK/act=1/mav=68260/base=435495/th=56455
1778760528.985,8158,-43,996063,0,54101,33,STAND/UNKNOWN/#0/LOW_FORCE/OK/act=1/mav=68260/base=435495/th=56455
1778760528.985,8159,-43,999908,0,54101,33,STAND/UNKNOWN/#0/LOW_FORCE/OK/act=1/mav=68260/base=435495/th=56455
1778760528.985,8160,-43,998365,0,54101,33,STAND/UNKNOWN/#0/LOW_FORCE/OK/act=1/mav=68260/base=435495/th=56455
1778760529.132,8161,-43,992681,0,54101,33,STAND/UNKNOWN/#0/LOW_FORCE/OK/act=1/mav=68260/base=435495/th=56455
1778760529.133,8162,-43,992146,0,54101,33,STAND/UNKNOWN/#0/LOW_FORCE/OK/act=1/mav=68260/base=435495/th=56455
1778760529.133,8163,-43,990101,0,55800,24,STAND/UNKNOWN/#0/LOW_FORCE/OK/act=1/mav=65897/base=435495/th=56455
1778760529.134,8164,-43,987784,0,55800,24,STAND/UNKNOWN/#0/LOW_FORCE/OK/act=1/mav=65897/base=435495/th=56455
1778760529.134,8165,-43,988694,0,55800,24,STAND/UNKNOWN/#0/LOW_FORCE/OK/act=1/mav=65897/base=435495/th=56455
1778760529.134,8166,-43,989541,0,55800,24,STAND/UNKNOWN/#0/LOW_FORCE/OK/act=1/mav=65897/base=435495/th=56455
1778760529.135,8167,-43,993117,0,55800,24,STAND/UNKNOWN/#0/LOW_FORCE/OK/act=1/mav=65897/base=435495/th=56455
1778760529.135,8168,-43,998443,0,55800,24,STAND/UNKNOWN/#0/LOW_FORCE/OK/act=1/mav=65897/base=435495/th=56455
1778760529.291,8169,-43,995038,0,55800,24,STAND/UNKNOWN/#0/LOW_FORCE/OK/act=1/mav=65897/base=435495/th=56455
1778760529.291,8170,-43,991625,0,55800,24,STAND/UNKNOWN/#0/LOW_FORCE/OK/act=1/mav=65897/base=435495/th=56455
1778760529.291,8171,-43,990569,0,55800,24,STAND/UNKNOWN/#0/LOW_FORCE/OK/act=1/mav=65897/base=435495/th=56455
1778760529.291,8172,-43,990034,0,55800,24,STAND/UNKNOWN/#0/LOW_FORCE/OK/act=1/mav=65897/base=435495/th=56455
1778760529.291,8173,-43,987661,0,55800,24,STAND/UNKNOWN/#0/LOW_FORCE/OK/act=1/mav=65897/base=435495/th=56455
1778760529.291,8174,-43,987190,0,55800,24,STAND/UNKNOWN/#0/LOW_FORCE/OK/act=1/mav=65897/base=435495/th=56455
1778760529.292,8175,-43,989086,0,55800,24,STAND/UNKNOWN/#0/LOW_FORCE/OK/act=1/mav=65897/base=435495/th=56455
1778760529.292,8176,-43,995913,0,50202,39,STAND/UNKNOWN/#0/LOW_FORCE/OK/act=1/mav=67077/base=435495/th=56455
1778760529.424,8177,-43,1002148,0,50202,39,STAND/UNKNOWN/#0/LOW_FORCE/OK/act=1/mav=67077/base=435495/th=56455
1778760529.424,8178,-43,1003016,0,50202,39,STAND/UNKNOWN/#0/LOW_FORCE/OK/act=1/mav=67077/base=435495/th=56455
1778760529.425,8179,-43,999744,0,50202,39,STAND/UNKNOWN/#0/LOW_FORCE/OK/act=1/mav=67077/base=435495/th=56455
1778760529.425,8180,-43,999326,0,50202,39,STAND/UNKNOWN/#0/LOW_FORCE/OK/act=1/mav=67077/base=435495/th=56455
1778760529.425,8181,-43,999734,0,50202,39,STAND/UNKNOWN/#0/LOW_FORCE/OK/act=1/mav=67077/base=435495/th=56455
1778760529.425,8182,-43,995334,0,50202,39,STAND/UNKNOWN/#0/LOW_FORCE/OK/act=1/mav=67077/base=435495/th=56455
1778760529.506,8183,-43,993888,0,50202,39,STAND/UNKNOWN/#0/LOW_FORCE/OK/act=1/mav=67077/base=435495/th=56455
1778760529.506,8184,-43,992657,0,50202,39,STAND/UNKNOWN/#0/LOW_FORCE/OK/act=1/mav=67077/base=435495/th=56455
1778760529.506,8185,-43,993576,0,50202,39,STAND/UNKNOWN/#0/LOW_FORCE/OK/act=1/mav=67077/base=435495/th=56455
1778760529.506,8186,-43,997386,0,50202,39,STAND/UNKNOWN/#0/LOW_FORCE/OK/act=1/mav=67077/base=435495/th=56455
1778760529.506,8187,-43,995484,0,50202,39,STAND/UNKNOWN/#0/LOW_FORCE/OK/act=1/mav=67077/base=435495/th=56455
1778760529.589,8188,-43,989766,0,47233,51,STAND/UNKNOWN/#0/LOW_FORCE/OK/act=1/mav=70429/base=435495/th=56455
1778760529.589,8189,-43,990453,0,47233,51,STAND/UNKNOWN/#0/LOW_FORCE/OK/act=1/mav=70429/base=435495/th=56455
1778760529.589,8190,-43,992017,0,47233,51,STAND/UNKNOWN/#0/LOW_FORCE/OK/act=1/mav=70429/base=435495/th=56455
1778760529.676,8191,-43,990430,0,47233,51,STAND/UNKNOWN/#0/LOW_FORCE/OK/act=1/mav=70429/base=435495/th=56455
1778760529.676,8192,-43,995318,0,47233,51,STAND/UNKNOWN/#0/LOW_FORCE/OK/act=1/mav=70429/base=435495/th=56455
1778760529.676,8193,-43,997556,0,47233,51,STAND/UNKNOWN/#0/LOW_FORCE/OK/act=1/mav=70429/base=435495/th=56455
1778760529.676,8194,-43,1002166,0,47233,51,STAND/UNKNOWN/#0/LOW_FORCE/OK/act=1/mav=70429/base=435495/th=56455
1778760529.676,8195,-43,1008531,0,47233,51,STAND/UNKNOWN/#0/LOW_FORCE/OK/act=1/mav=70429/base=435495/th=56455
1778760529.771,8196,-43,1009404,0,47233,51,STAND/UNKNOWN/#0/LOW_FORCE/OK/act=1/mav=70429/base=435495/th=56455
1778760529.771,8197,-43,1005593,0,47233,51,STAND/UNKNOWN/#0/LOW_FORCE/OK/act=1/mav=70429/base=435495/th=56455
1778760529.771,8198,-43,1002683,0,47233,51,STAND/UNKNOWN/#0/LOW_FORCE/OK/act=1/mav=70429/base=435495/th=56455
1778760529.771,8199,-43,1003463,0,47233,51,STAND/UNKNOWN/#0/LOW_FORCE/OK/act=1/mav=70429/base=435495/th=56455
1778760529.771,8200,-43,1002084,0,47233,51,STAND/UNKNOWN/#0/LOW_FORCE/OK/act=1/mav=70429/base=435495/th=56455
1778760529.852,8201,-43,1002964,0,47574,51,STAND/UNKNOWN/#0/LOW_FORCE/OK/act=1/mav=73060/base=435495/th=56455
1778760529.852,8202,-43,1008178,0,47574,51,STAND/UNKNOWN/#0/LOW_FORCE/OK/act=1/mav=73060/base=435495/th=56455
1778760529.852,8203,-43,1008513,0,47574,51,STAND/UNKNOWN/#0/LOW_FORCE/OK/act=1/mav=73060/base=435495/th=56455
1778760529.853,8204,-43,1007185,0,47574,51,STAND/UNKNOWN/#0/LOW_FORCE/OK/act=1/mav=73060/base=435495/th=56455
1778760529.929,8205,-43,1001038,0,47574,51,STAND/UNKNOWN/#0/LOW_FORCE/OK/act=1/mav=73060/base=435495/th=56455
1778760529.929,8206,-43,998004,0,47574,51,STAND/UNKNOWN/#0/LOW_FORCE/OK/act=1/mav=73060/base=435495/th=56455
1778760529.930,8207,-43,995504,0,47574,51,STAND/UNKNOWN/#0/LOW_FORCE/OK/act=1/mav=73060/base=435495/th=56455
1778760529.930,8208,-43,992776,0,47574,51,STAND/UNKNOWN/#0/LOW_FORCE/OK/act=1/mav=73060/base=435495/th=56455
1778760530.019,8209,-43,991496,0,47574,51,STAND/UNKNOWN/#0/LOW_FORCE/OK/act=1/mav=73060/base=435495/th=56455
1778760530.019,8210,-43,991606,0,47574,51,STAND/UNKNOWN/#0/LOW_FORCE/OK/act=1/mav=73060/base=435495/th=56455
1778760530.019,8211,-43,996035,0,47574,51,STAND/UNKNOWN/#0/LOW_FORCE/OK/act=1/mav=73060/base=435495/th=56455
1778760530.019,8212,-43,999968,0,47574,51,STAND/UNKNOWN/#0/LOW_FORCE/OK/act=1/mav=73060/base=435495/th=56455
1778760530.106,8213,-43,999535,0,47574,51,STAND/UNKNOWN/#0/LOW_FORCE/OK/act=1/mav=73060/base=435495/th=56455
1778760530.106,8214,-43,996765,0,48275,52,STAND/UNKNOWN/#0/LOW_FORCE/OK/act=1/mav=73760/base=435495/th=56455
1778760530.106,8215,-43,995154,0,48275,52,STAND/UNKNOWN/#0/LOW_FORCE/OK/act=1/mav=73760/base=435495/th=56455
1778760530.106,8216,-43,995258,0,48275,52,STAND/UNKNOWN/#0/LOW_FORCE/OK/act=1/mav=73760/base=435495/th=56455
1778760530.106,8217,-43,993731,0,48275,52,STAND/UNKNOWN/#0/LOW_FORCE/OK/act=1/mav=73760/base=435495/th=56455
1778760530.195,8218,-43,993670,0,48275,52,STAND/UNKNOWN/#0/LOW_FORCE/OK/act=1/mav=73760/base=435495/th=56455
1778760530.195,8219,-43,995625,0,48275,52,STAND/UNKNOWN/#0/LOW_FORCE/OK/act=1/mav=73760/base=435495/th=56455
1778760530.196,8220,-43,999381,0,48275,52,STAND/UNKNOWN/#0/LOW_FORCE/OK/act=1/mav=73760/base=435495/th=56455
1778760530.196,8221,-43,1003841,0,48275,52,STAND/UNKNOWN/#0/LOW_FORCE/OK/act=1/mav=73760/base=435495/th=56455
1778760530.278,8222,-43,1001845,0,48275,52,STAND/UNKNOWN/#0/LOW_FORCE/OK/act=1/mav=73760/base=435495/th=56455
1778760530.278,8223,-43,997094,0,48275,52,STAND/UNKNOWN/#0/LOW_FORCE/OK/act=1/mav=73760/base=435495/th=56455
1778760530.278,8224,-43,995664,0,48275,52,STAND/UNKNOWN/#0/LOW_FORCE/OK/act=1/mav=73760/base=435495/th=56455
1778760530.278,8225,-43,995709,0,48275,52,STAND/UNKNOWN/#0/LOW_FORCE/OK/act=1/mav=73760/base=435495/th=56455
1778760530.441,8226,-43,993248,0,48275,52,STAND/UNKNOWN/#0/LOW_FORCE/OK/act=1/mav=73760/base=435495/th=56455
1778760530.441,8227,-43,993409,0,49483,51,STAND/UNKNOWN/#0/LOW_FORCE/OK/act=1/mav=74105/base=435495/th=56455
1778760530.441,8228,-43,993988,0,49483,51,STAND/UNKNOWN/#0/LOW_FORCE/OK/act=1/mav=74105/base=435495/th=56455
1778760530.442,8229,-43,995781,0,49483,51,STAND/UNKNOWN/#0/LOW_FORCE/OK/act=1/mav=74105/base=435495/th=56455
1778760530.442,8230,-43,1000258,0,49483,51,STAND/UNKNOWN/#0/LOW_FORCE/OK/act=1/mav=74105/base=435495/th=56455
1778760530.442,8231,-43,999902,0,49483,51,STAND/UNKNOWN/#0/LOW_FORCE/OK/act=1/mav=74105/base=435495/th=56455
1778760530.442,8232,-43,994507,0,49483,51,STAND/UNKNOWN/#0/LOW_FORCE/OK/act=1/mav=74105/base=435495/th=56455
1778760530.442,8233,-43,995792,0,49483,51,STAND/UNKNOWN/#0/LOW_FORCE/OK/act=1/mav=74105/base=435495/th=56455
1778760530.571,8234,-43,994551,0,49483,51,STAND/UNKNOWN/#0/LOW_FORCE/OK/act=1/mav=74105/base=435495/th=56455
1778760530.572,8235,-43,991909,0,49483,51,STAND/UNKNOWN/#0/LOW_FORCE/OK/act=1/mav=74105/base=435495/th=56455
1778760530.572,8236,-43,990489,0,49483,51,STAND/UNKNOWN/#0/LOW_FORCE/OK/act=1/mav=74105/base=435495/th=56455
1778760530.572,8237,-43,993781,0,49483,51,STAND/UNKNOWN/#0/LOW_FORCE/OK/act=1/mav=74105/base=435495/th=56455
1778760530.572,8238,-43,997749,0,49483,51,STAND/UNKNOWN/#0/LOW_FORCE/OK/act=1/mav=74105/base=435495/th=56455
1778760530.572,8239,-43,1000795,0,49483,51,STAND/UNKNOWN/#0/LOW_FORCE/OK/act=1/mav=74105/base=435495/th=56455
1778760530.572,8240,-43,1000410,0,49198,51,STAND/UNKNOWN/#0/LOW_FORCE/OK/act=1/mav=74129/base=435495/th=56455
1778760530.641,8241,-43,997271,0,49198,51,STAND/UNKNOWN/#0/LOW_FORCE/OK/act=1/mav=74129/base=435495/th=56455
1778760530.642,8242,-43,994534,0,49198,51,STAND/UNKNOWN/#0/LOW_FORCE/OK/act=1/mav=74129/base=435495/th=56455
1778760530.642,8243,-43,997886,0,49198,51,STAND/UNKNOWN/#0/LOW_FORCE/OK/act=1/mav=74129/base=435495/th=56455
1778760530.711,8244,-43,995733,0,49198,51,STAND/UNKNOWN/#0/LOW_FORCE/OK/act=1/mav=74129/base=435495/th=56455
1778760530.712,8245,-43,996943,0,49198,51,STAND/UNKNOWN/#0/LOW_FORCE/OK/act=1/mav=74129/base=435495/th=56455
1778760530.712,8246,-43,999217,0,49198,51,STAND/UNKNOWN/#0/LOW_FORCE/OK/act=1/mav=74129/base=435495/th=56455
1778760530.712,8247,-43,1003475,0,49198,51,STAND/UNKNOWN/#0/LOW_FORCE/OK/act=1/mav=74129/base=435495/th=56455
1778760530.823,8248,-43,1006379,0,49198,51,STAND/UNKNOWN/#0/LOW_FORCE/OK/act=1/mav=74129/base=435495/th=56455
1778760530.824,8249,-43,1007715,0,49198,51,STAND/UNKNOWN/#0/LOW_FORCE/OK/act=1/mav=74129/base=435495/th=56455
1778760530.824,8250,-43,1002929,0,49198,51,STAND/UNKNOWN/#0/LOW_FORCE/OK/act=1/mav=74129/base=435495/th=56455
1778760530.824,8251,-43,1001958,0,49198,51,STAND/UNKNOWN/#0/LOW_FORCE/OK/act=1/mav=74129/base=435495/th=56455
1778760530.824,8252,-43,1003651,0,47743,51,STAND/UNKNOWN/#0/LOW_FORCE/OK/act=1/mav=73614/base=435495/th=56455
1778760530.916,8253,-43,1002628,0,47743,51,STAND/UNKNOWN/#0/LOW_FORCE/OK/act=1/mav=73614/base=435495/th=56455
1778760530.916,8254,-43,1003621,0,47743,51,STAND/UNKNOWN/#0/LOW_FORCE/OK/act=1/mav=73614/base=435495/th=56455
1778760530.916,8255,-43,1008212,0,47743,51,STAND/UNKNOWN/#0/LOW_FORCE/OK/act=1/mav=73614/base=435495/th=56455
1778760530.917,8256,-43,1012615,0,47743,51,STAND/UNKNOWN/#0/LOW_FORCE/OK/act=1/mav=73614/base=435495/th=56455
1778760530.917,8257,-43,1012754,0,47743,51,STAND/UNKNOWN/#0/LOW_FORCE/OK/act=1/mav=73614/base=435495/th=56455
1778760531.011,8258,-43,1008799,0,47743,51,STAND/UNKNOWN/#0/LOW_FORCE/OK/act=1/mav=73614/base=435495/th=56455
1778760531.012,8259,-43,1007010,0,47743,51,STAND/UNKNOWN/#0/LOW_FORCE/OK/act=1/mav=73614/base=435495/th=56455
1778760531.013,8260,-43,1006384,0,47743,51,STAND/UNKNOWN/#0/LOW_FORCE/OK/act=1/mav=73614/base=435495/th=56455
1778760531.014,8261,-43,1004553,0,47743,51,STAND/UNKNOWN/#0/LOW_FORCE/OK/act=1/mav=73614/base=435495/th=56455
1778760531.014,8262,-43,1006759,0,47743,51,STAND/UNKNOWN/#0/LOW_FORCE/OK/act=1/mav=73614/base=435495/th=56455
1778760531.105,8263,-43,1011265,0,47743,51,STAND/UNKNOWN/#0/LOW_FORCE/OK/act=1/mav=73614/base=435495/th=56455
1778760531.105,8264,-43,1015084,0,47743,51,STAND/UNKNOWN/#0/LOW_FORCE/OK/act=1/mav=73614/base=435495/th=56455
1778760531.105,8265,-43,1014162,0,47611,51,STAND/UNKNOWN/#0/LOW_FORCE/OK/act=1/mav=74077/base=435495/th=56455
1778760531.106,8266,-43,1010548,0,47611,51,STAND/UNKNOWN/#0/LOW_FORCE/OK/act=1/mav=74077/base=435495/th=56455
1778760531.106,8267,-43,1007756,0,47611,51,STAND/UNKNOWN/#0/LOW_FORCE/OK/act=1/mav=74077/base=435495/th=56455
1778760531.207,8268,-43,1008013,0,47611,51,STAND/UNKNOWN/#0/LOW_FORCE/OK/act=1/mav=74077/base=435495/th=56455
1778760531.207,8269,-43,1005594,0,47611,51,STAND/UNKNOWN/#0/LOW_FORCE/OK/act=1/mav=74077/base=435495/th=56455
1778760531.207,8270,-43,1006968,0,47611,51,STAND/UNKNOWN/#0/LOW_FORCE/OK/act=1/mav=74077/base=435495/th=56455
1778760531.207,8271,-43,1010970,0,47611,51,STAND/UNKNOWN/#0/LOW_FORCE/OK/act=1/mav=74077/base=435495/th=56455
1778760531.207,8272,-43,1015621,0,47611,51,STAND/UNKNOWN/#0/LOW_FORCE/OK/act=1/mav=74077/base=435495/th=56455
1778760531.297,8273,-43,1015881,0,47611,51,STAND/UNKNOWN/#0/LOW_FORCE/OK/act=1/mav=74077/base=435495/th=56455
1778760531.297,8274,-43,1011817,0,47611,51,STAND/UNKNOWN/#0/LOW_FORCE/OK/act=1/mav=74077/base=435495/th=56455
1778760531.297,8275,-43,1009662,0,47611,51,STAND/UNKNOWN/#0/LOW_FORCE/OK/act=1/mav=74077/base=435495/th=56455
1778760531.297,8276,-43,1008692,0,47611,51,STAND/UNKNOWN/#0/LOW_FORCE/OK/act=1/mav=74077/base=435495/th=56455
1778760531.384,8277,-43,1006741,0,47611,51,STAND/UNKNOWN/#0/LOW_FORCE/OK/act=1/mav=74077/base=435495/th=56455
1778760531.385,8278,-43,1007369,0,49196,52,STAND/UNKNOWN/#0/LOW_FORCE/OK/act=1/mav=74763/base=435495/th=56455
1778760531.385,8279,-43,1010926,0,49196,52,STAND/UNKNOWN/#0/LOW_FORCE/OK/act=1/mav=74763/base=435495/th=56455
1778760531.385,8280,-43,1014763,0,49196,52,STAND/UNKNOWN/#0/LOW_FORCE/OK/act=1/mav=74763/base=435495/th=56455
1778760531.463,8281,-43,1011692,0,49196,52,STAND/UNKNOWN/#0/LOW_FORCE/OK/act=1/mav=74763/base=435495/th=56455
1778760531.464,8282,-43,1006478,0,49196,52,STAND/UNKNOWN/#0/LOW_FORCE/OK/act=1/mav=74763/base=435495/th=56455
1778760531.464,8283,-43,1005806,0,49196,52,STAND/UNKNOWN/#0/LOW_FORCE/OK/act=1/mav=74763/base=435495/th=56455
1778760531.465,8284,-43,1005025,0,49196,52,STAND/UNKNOWN/#0/LOW_FORCE/OK/act=1/mav=74763/base=435495/th=56455
1778760531.552,8285,-43,1003233,0,49196,52,STAND/UNKNOWN/#0/LOW_FORCE/OK/act=1/mav=74763/base=435495/th=56455
1778760531.552,8286,-43,1003446,0,49196,52,STAND/UNKNOWN/#0/LOW_FORCE/OK/act=1/mav=74763/base=435495/th=56455
1778760531.552,8287,-43,1006492,0,49196,52,STAND/UNKNOWN/#0/LOW_FORCE/OK/act=1/mav=74763/base=435495/th=56455
1778760531.552,8288,-43,1010794,0,49196,52,STAND/UNKNOWN/#0/LOW_FORCE/OK/act=1/mav=74763/base=435495/th=56455
1778760531.552,8289,-43,1009521,0,49196,52,STAND/UNKNOWN/#0/LOW_FORCE/OK/act=1/mav=74763/base=435495/th=56455
1778760531.640,8290,-43,1004184,0,49196,52,STAND/UNKNOWN/#0/LOW_FORCE/OK/act=1/mav=74763/base=435495/th=56455
1778760531.641,8291,-43,1004133,0,49899,51,STAND/UNKNOWN/#0/LOW_FORCE/OK/act=1/mav=74711/base=435495/th=56455
1778760531.641,8292,-43,1001531,0,49899,51,STAND/UNKNOWN/#0/LOW_FORCE/OK/act=1/mav=74711/base=435495/th=56455
1778760531.641,8293,-43,1000327,0,49899,51,STAND/UNKNOWN/#0/LOW_FORCE/OK/act=1/mav=74711/base=435495/th=56455
1778760531.724,8294,-43,1001116,0,49899,51,STAND/UNKNOWN/#0/LOW_FORCE/OK/act=1/mav=74711/base=435495/th=56455
1778760531.724,8295,-43,1004413,0,49899,51,STAND/UNKNOWN/#0/LOW_FORCE/OK/act=1/mav=74711/base=435495/th=56455
1778760531.724,8296,-43,1009039,0,49899,51,STAND/UNKNOWN/#0/LOW_FORCE/OK/act=1/mav=74711/base=435495/th=56455
1778760531.724,8297,-43,1007307,0,49899,51,STAND/UNKNOWN/#0/LOW_FORCE/OK/act=1/mav=74711/base=435495/th=56455
1778760531.805,8298,-43,1003108,0,49899,51,STAND/UNKNOWN/#0/LOW_FORCE/OK/act=1/mav=74711/base=435495/th=56455
1778760531.806,8299,-43,1002202,0,49899,51,STAND/UNKNOWN/#0/LOW_FORCE/OK/act=1/mav=74711/base=435495/th=56455
1778760531.806,8300,-43,1001768,0,49899,51,STAND/UNKNOWN/#0/LOW_FORCE/OK/act=1/mav=74711/base=435495/th=56455
1778760531.806,8301,-43,997811,0,49899,51,STAND/UNKNOWN/#0/LOW_FORCE/OK/act=1/mav=74711/base=435495/th=56455
1778760531.806,8302,-43,999447,0,49899,51,STAND/UNKNOWN/#0/LOW_FORCE/OK/act=1/mav=74711/base=435495/th=56455
1778760531.891,8303,-43,1002991,0,49899,51,STAND/UNKNOWN/#0/LOW_FORCE/OK/act=1/mav=74711/base=435495/th=56455
1778760531.891,8304,-43,1007531,0,49380,48,STAND/UNKNOWN/#0/LOW_FORCE/OK/act=1/mav=73882/base=435495/th=56455
1778760531.891,8305,-43,1003339,0,49380,48,STAND/UNKNOWN/#0/LOW_FORCE/OK/act=1/mav=73882/base=435495/th=56455
1778760531.891,8306,-43,999296,0,49380,48,STAND/UNKNOWN/#0/LOW_FORCE/OK/act=1/mav=73882/base=435495/th=56455
1778760531.976,8307,-43,996544,0,49380,48,STAND/UNKNOWN/#0/LOW_FORCE/OK/act=1/mav=73882/base=435495/th=56455
1778760531.976,8308,-43,996328,0,49380,48,STAND/UNKNOWN/#0/LOW_FORCE/OK/act=1/mav=73882/base=435495/th=56455
1778760531.977,8309,-43,994024,0,49380,48,STAND/UNKNOWN/#0/LOW_FORCE/OK/act=1/mav=73882/base=435495/th=56455
1778760531.977,8310,-43,993366,0,49380,48,STAND/UNKNOWN/#0/LOW_FORCE/OK/act=1/mav=73882/base=435495/th=56455
1778760532.054,8311,-43,993063,0,49380,48,STAND/UNKNOWN/#0/LOW_FORCE/OK/act=1/mav=73882/base=435495/th=56455
1778760532.055,8312,-43,996701,0,49380,48,STAND/UNKNOWN/#0/LOW_FORCE/OK/act=1/mav=73882/base=435495/th=56455
1778760532.055,8313,-43,1001265,0,49380,48,STAND/UNKNOWN/#0/LOW_FORCE/OK/act=1/mav=73882/base=435495/th=56455
1778760532.055,8314,-43,999378,0,49380,48,STAND/UNKNOWN/#0/LOW_FORCE/OK/act=1/mav=73882/base=435495/th=56455
1778760532.128,8315,-43,995806,0,49380,48,STAND/UNKNOWN/#0/LOW_FORCE/OK/act=1/mav=73882/base=435495/th=56455
1778760532.128,8316,-43,998582,0,46747,36,STAND/UNKNOWN/#0/LOW_FORCE/OK/act=1/mav=71909/base=435495/th=56455
1778760532.128,8317,-43,1001488,0,46747,36,STAND/UNKNOWN/#0/LOW_FORCE/OK/act=1/mav=71909/base=435495/th=56455
1778760532.128,8318,-43,1001407,0,46747,36,STAND/UNKNOWN/#0/LOW_FORCE/OK/act=1/mav=71909/base=435495/th=56455
1778760532.207,8319,-43,1003951,0,46747,36,STAND/UNKNOWN/#0/LOW_FORCE/OK/act=1/mav=71909/base=435495/th=56455
1778760532.207,8320,-43,1007632,0,46747,36,STAND/UNKNOWN/#0/LOW_FORCE/OK/act=1/mav=71909/base=435495/th=56455
1778760532.207,8321,-43,1010881,0,46747,36,STAND/UNKNOWN/#0/LOW_FORCE/OK/act=1/mav=71909/base=435495/th=56455
1778760532.207,8322,-43,1010709,0,46747,36,STAND/UNKNOWN/#0/LOW_FORCE/OK/act=1/mav=71909/base=435495/th=56455
1778760532.297,8323,-43,1006423,0,46747,36,STAND/UNKNOWN/#0/LOW_FORCE/OK/act=1/mav=71909/base=435495/th=56455
1778760532.297,8324,-43,1004916,0,46747,36,STAND/UNKNOWN/#0/LOW_FORCE/OK/act=1/mav=71909/base=435495/th=56455
1778760532.297,8325,-43,1005166,0,46747,36,STAND/UNKNOWN/#0/LOW_FORCE/OK/act=1/mav=71909/base=435495/th=56455
1778760532.297,8326,-43,1000417,0,46747,36,STAND/UNKNOWN/#0/LOW_FORCE/OK/act=1/mav=71909/base=435495/th=56455
1778760532.378,8327,-43,998381,0,46747,36,STAND/UNKNOWN/#0/LOW_FORCE/OK/act=1/mav=71909/base=435495/th=56455
1778760532.379,8328,-43,996396,0,46747,36,STAND/UNKNOWN/#0/LOW_FORCE/OK/act=1/mav=71909/base=435495/th=56455
1778760532.379,8329,-43,1000206,0,44281,36,STAND/UNKNOWN/#0/LOW_FORCE/OK/act=1/mav=71040/base=435495/th=56455
1778760532.380,8330,-43,1001114,0,44281,36,STAND/UNKNOWN/#0/LOW_FORCE/OK/act=1/mav=71040/base=435495/th=56455
1778760532.456,8331,-43,997112,0,44281,36,STAND/UNKNOWN/#0/LOW_FORCE/OK/act=1/mav=71040/base=435495/th=56455
1778760532.456,8332,-43,994721,0,44281,36,STAND/UNKNOWN/#0/LOW_FORCE/OK/act=1/mav=71040/base=435495/th=56455
1778760532.456,8333,-43,994392,0,44281,36,STAND/UNKNOWN/#0/LOW_FORCE/OK/act=1/mav=71040/base=435495/th=56455
1778760532.456,8334,-43,993046,0,44281,36,STAND/UNKNOWN/#0/LOW_FORCE/OK/act=1/mav=71040/base=435495/th=56455
1778760532.541,8335,-43,991749,0,44281,36,STAND/UNKNOWN/#0/LOW_FORCE/OK/act=1/mav=71040/base=435495/th=56455
1778760532.542,8336,-43,992186,0,44281,36,STAND/UNKNOWN/#0/LOW_FORCE/OK/act=1/mav=71040/base=435495/th=56455
1778760532.542,8337,-43,993648,0,44281,36,STAND/UNKNOWN/#0/LOW_FORCE/OK/act=1/mav=71040/base=435495/th=56455
1778760532.542,8338,-43,997555,0,44281,36,STAND/UNKNOWN/#0/LOW_FORCE/OK/act=1/mav=71040/base=435495/th=56455
1778760532.635,8339,-43,996493,0,44281,36,STAND/UNKNOWN/#0/LOW_FORCE/OK/act=1/mav=71040/base=435495/th=56455
1778760532.635,8340,-43,993090,0,44281,36,STAND/UNKNOWN/#0/LOW_FORCE/OK/act=1/mav=71040/base=435495/th=56455
1778760532.635,8341,-43,991384,0,44281,36,STAND/UNKNOWN/#0/LOW_FORCE/OK/act=1/mav=71040/base=435495/th=56455
1778760532.635,8342,-43,991257,0,36236,39,STAND/UNKNOWN/#0/LOW_FORCE/OK/act=1/mav=67652/base=435495/th=56455
1778760532.635,8343,-43,988324,0,36236,39,STAND/UNKNOWN/#0/LOW_FORCE/OK/act=1/mav=67652/base=435495/th=56455
1778760532.697,8344,-43,987570,0,36236,39,STAND/UNKNOWN/#0/LOW_FORCE/OK/act=1/mav=67652/base=435495/th=56455
1778760532.697,8345,-43,988258,0,36236,39,STAND/UNKNOWN/#0/LOW_FORCE/OK/act=1/mav=67652/base=435495/th=56455
1778760532.697,8346,-43,991269,0,36236,39,STAND/UNKNOWN/#0/LOW_FORCE/OK/act=1/mav=67652/base=435495/th=56455
1778760532.791,8347,-43,996306,0,36236,39,STAND/UNKNOWN/#0/LOW_FORCE/OK/act=1/mav=67652/base=435495/th=56455
1778760532.791,8348,-43,994948,0,36236,39,STAND/UNKNOWN/#0/LOW_FORCE/OK/act=1/mav=67652/base=435495/th=56455
1778760532.791,8349,-43,995046,0,36236,39,STAND/UNKNOWN/#0/LOW_FORCE/OK/act=1/mav=67652/base=435495/th=56455
1778760532.791,8350,-43,995589,0,36236,39,STAND/UNKNOWN/#0/LOW_FORCE/OK/act=1/mav=67652/base=435495/th=56455
1778760532.791,8351,-43,995542,0,36236,39,STAND/UNKNOWN/#0/LOW_FORCE/OK/act=1/mav=67652/base=435495/th=56455
1778760532.868,8352,-43,994666,0,36236,39,STAND/UNKNOWN/#0/LOW_FORCE/OK/act=1/mav=67652/base=435495/th=56455
1778760532.868,8353,-43,995144,0,36236,39,STAND/UNKNOWN/#0/LOW_FORCE/OK/act=1/mav=67652/base=435495/th=56455
1778760532.868,8354,-43,995657,0,36236,39,STAND/UNKNOWN/#0/LOW_FORCE/OK/act=1/mav=67652/base=435495/th=56455
1778760532.868,8355,-43,998878,0,30428,29,STAND/UNKNOWN/#0/LOW_FORCE/OK/act=1/mav=65185/base=435495/th=56455
1778760532.949,8356,-43,1003049,0,30428,29,STAND/UNKNOWN/#0/LOW_FORCE/OK/act=1/mav=65185/base=435495/th=56455
1778760532.950,8357,-43,1001679,0,30428,29,STAND/UNKNOWN/#0/LOW_FORCE/OK/act=1/mav=65185/base=435495/th=56455
1778760532.950,8358,-43,997720,0,30428,29,STAND/UNKNOWN/#0/LOW_FORCE/OK/act=1/mav=65185/base=435495/th=56455
1778760532.950,8359,-43,994020,0,30428,29,STAND/UNKNOWN/#0/LOW_FORCE/OK/act=1/mav=65185/base=435495/th=56455
1778760533.022,8360,-43,989854,0,30428,29,STAND/UNKNOWN/#0/LOW_FORCE/OK/act=1/mav=65185/base=435495/th=56455
1778760533.022,8361,-43,984449,0,30428,29,STAND/UNKNOWN/#0/LOW_FORCE/OK/act=1/mav=65185/base=435495/th=56455
1778760533.022,8362,-43,987050,0,30428,29,STAND/UNKNOWN/#0/LOW_FORCE/OK/act=1/mav=65185/base=435495/th=56455
1778760533.109,8363,-43,990094,0,30428,29,STAND/UNKNOWN/#0/LOW_FORCE/OK/act=1/mav=65185/base=435495/th=56455
1778760533.109,8364,-43,992817,0,30428,29,STAND/UNKNOWN/#0/LOW_FORCE/OK/act=1/mav=65185/base=435495/th=56455
1778760533.110,8365,-43,990357,0,30428,29,STAND/UNKNOWN/#0/LOW_FORCE/OK/act=1/mav=65185/base=435495/th=56455
1778760533.110,8366,-43,987150,0,30428,29,STAND/UNKNOWN/#0/LOW_FORCE/OK/act=1/mav=65185/base=435495/th=56455
1778760533.110,8367,-43,986269,0,30428,29,STAND/UNKNOWN/#0/LOW_FORCE/OK/act=1/mav=65185/base=435495/th=56455
1778760533.189,8368,-43,984684,0,33259,26,STAND/UNKNOWN/#0/LOW_FORCE/OK/act=1/mav=65597/base=435495/th=56455
1778760533.189,8369,-43,983364,0,33259,26,STAND/UNKNOWN/#0/LOW_FORCE/OK/act=1/mav=65597/base=435495/th=56455
1778760533.189,8370,-43,983336,0,33259,26,STAND/UNKNOWN/#0/LOW_FORCE/OK/act=1/mav=65597/base=435495/th=56455
1778760533.189,8371,-43,984113,0,33259,26,STAND/UNKNOWN/#0/LOW_FORCE/OK/act=1/mav=65597/base=435495/th=56455
1778760533.281,8372,-43,985826,0,33259,26,STAND/UNKNOWN/#0/LOW_FORCE/OK/act=1/mav=65597/base=435495/th=56455
1778760533.281,8373,-43,988631,0,33259,26,STAND/UNKNOWN/#0/LOW_FORCE/OK/act=1/mav=65597/base=435495/th=56455
1778760533.281,8374,-43,986733,0,33259,26,STAND/UNKNOWN/#0/LOW_FORCE/OK/act=1/mav=65597/base=435495/th=56455
1778760533.281,8375,-43,981865,0,33259,26,STAND/UNKNOWN/#0/LOW_FORCE/OK/act=1/mav=65597/base=435495/th=56455
1778760533.359,8376,-43,981259,0,33259,26,STAND/UNKNOWN/#0/LOW_FORCE/OK/act=1/mav=65597/base=435495/th=56455
1778760533.359,8377,-43,982614,0,33259,26,STAND/UNKNOWN/#0/LOW_FORCE/OK/act=1/mav=65597/base=435495/th=56455
1778760533.359,8378,-43,981606,0,33259,26,STAND/UNKNOWN/#0/LOW_FORCE/OK/act=1/mav=65597/base=435495/th=56455
1778760533.359,8379,-43,979993,0,33259,26,STAND/UNKNOWN/#0/LOW_FORCE/OK/act=1/mav=65597/base=435495/th=56455
1778760533.425,8380,-43,980728,0,27090,25,STAND/UNKNOWN/#0/LOW_FORCE/OK/act=1/mav=62631/base=435495/th=56455
1778760533.426,8381,-43,983108,0,27090,25,STAND/UNKNOWN/#0/LOW_FORCE/OK/act=1/mav=62631/base=435495/th=56455
1778760533.426,8382,-43,987370,0,27090,25,STAND/UNKNOWN/#0/LOW_FORCE/OK/act=1/mav=62631/base=435495/th=56455
1778760533.426,8383,-43,986619,0,27090,25,STAND/UNKNOWN/#0/LOW_FORCE/OK/act=1/mav=62631/base=435495/th=56455
1778760533.487,8384,-43,983266,0,27090,25,STAND/UNKNOWN/#0/LOW_FORCE/OK/act=1/mav=62631/base=435495/th=56455
1778760533.488,8385,-43,982574,0,27090,25,STAND/UNKNOWN/#0/LOW_FORCE/OK/act=1/mav=62631/base=435495/th=56455
1778760533.488,8386,-43,981371,0,27090,25,STAND/UNKNOWN/#0/LOW_FORCE/OK/act=1/mav=62631/base=435495/th=56455
1778760533.551,8387,-43,980358,0,27090,25,STAND/UNKNOWN/#0/LOW_FORCE/OK/act=1/mav=62631/base=435495/th=56455
1778760533.551,8388,-43,981679,0,27090,25,STAND/UNKNOWN/#0/LOW_FORCE/OK/act=1/mav=62631/base=435495/th=56455
1778760533.551,8389,-43,981961,0,27090,25,STAND/UNKNOWN/#0/LOW_FORCE/OK/act=1/mav=62631/base=435495/th=56455
1778760533.623,8390,-43,983048,0,27090,25,STAND/UNKNOWN/#0/LOW_FORCE/OK/act=1/mav=62631/base=435495/th=56455
1778760533.623,8391,-43,985751,0,27090,25,STAND/UNKNOWN/#0/LOW_FORCE/OK/act=1/mav=62631/base=435495/th=56455
1778760533.623,8392,-43,986065,0,27090,25,STAND/UNKNOWN/#0/LOW_FORCE/OK/act=1/mav=62631/base=435495/th=56455
1778760533.704,8393,-43,983896,0,23367,25,STAND/UNKNOWN/#0/LOW_FORCE/OK/act=1/mav=61219/base=435495/th=56455
1778760533.704,8394,-43,984209,0,23367,25,STAND/UNKNOWN/#0/LOW_FORCE/OK/act=1/mav=61219/base=435495/th=56455
1778760533.705,8395,-43,984633,0,23367,25,STAND/UNKNOWN/#0/LOW_FORCE/OK/act=1/mav=61219/base=435495/th=56455
1778760533.705,8396,-43,984594,0,23367,25,STAND/UNKNOWN/#0/LOW_FORCE/OK/act=1/mav=61219/base=435495/th=56455
1778760533.706,8397,-43,991383,0,23367,25,STAND/UNKNOWN/#0/LOW_FORCE/OK/act=1/mav=61219/base=435495/th=56455
1778760533.776,8398,-43,994568,0,23367,25,STAND/UNKNOWN/#0/LOW_FORCE/OK/act=1/mav=61219/base=435495/th=56455
1778760533.776,8399,-43,997330,0,23367,25,STAND/UNKNOWN/#0/LOW_FORCE/OK/act=1/mav=61219/base=435495/th=56455
1778760533.776,8400,-43,1000903,0,23367,25,STAND/UNKNOWN/#0/LOW_FORCE/OK/act=1/mav=61219/base=435495/th=56455
1778760533.840,8401,-43,999636,0,23367,25,STAND/UNKNOWN/#0/LOW_FORCE/OK/act=1/mav=61219/base=435495/th=56455
1778760533.840,8402,-43,996075,0,23367,25,STAND/UNKNOWN/#0/LOW_FORCE/OK/act=1/mav=61219/base=435495/th=56455
1778760533.840,8403,-43,994546,0,23367,25,STAND/UNKNOWN/#0/LOW_FORCE/OK/act=1/mav=61219/base=435495/th=56455
1778760533.903,8404,-43,993252,0,23367,25,STAND/UNKNOWN/#0/LOW_FORCE/OK/act=1/mav=61219/base=435495/th=56455
1778760533.904,8405,-43,991496,0,23367,25,STAND/UNKNOWN/#0/LOW_FORCE/OK/act=1/mav=61219/base=435495/th=56455
1778760533.904,8406,-43,992306,0,38321,26,STAND/UNKNOWN/#0/LOW_FORCE/OK/act=1/mav=66355/base=435495/th=56455
1778760533.973,8407,-43,992342,0,38321,26,STAND/UNKNOWN/#0/LOW_FORCE/OK/act=1/mav=66355/base=435495/th=56455
1778760533.973,8408,-43,994981,0,38321,26,STAND/UNKNOWN/#0/LOW_FORCE/OK/act=1/mav=66355/base=435495/th=56455
1778760533.973,8409,-43,996535,0,38321,26,STAND/UNKNOWN/#0/LOW_FORCE/OK/act=1/mav=66355/base=435495/th=56455
1778760533.973,8410,-43,995821,0,38321,26,STAND/UNKNOWN/#0/LOW_FORCE/OK/act=1/mav=66355/base=435495/th=56455
1778760534.037,8411,-43,991689,0,38321,26,STAND/UNKNOWN/#0/LOW_FORCE/OK/act=1/mav=66355/base=435495/th=56455
1778760534.037,8412,-43,989566,0,38321,26,STAND/UNKNOWN/#0/LOW_FORCE/OK/act=1/mav=66355/base=435495/th=56455
1778760534.037,8413,-43,988875,0,38321,26,STAND/UNKNOWN/#0/LOW_FORCE/OK/act=1/mav=66355/base=435495/th=56455
1778760534.101,8414,-43,986404,0,38321,26,STAND/UNKNOWN/#0/LOW_FORCE/OK/act=1/mav=66355/base=435495/th=56455
1778760534.101,8415,-43,985028,0,38321,26,STAND/UNKNOWN/#0/LOW_FORCE/OK/act=1/mav=66355/base=435495/th=56455
1778760534.101,8416,-43,984413,0,38321,26,STAND/UNKNOWN/#0/LOW_FORCE/OK/act=1/mav=66355/base=435495/th=56455
1778760534.160,8417,-43,985020,0,38321,26,STAND/UNKNOWN/#0/LOW_FORCE/OK/act=1/mav=66355/base=435495/th=56455
1778760534.160,8418,-43,986663,0,38321,26,STAND/UNKNOWN/#0/LOW_FORCE/OK/act=1/mav=66355/base=435495/th=56455
1778760534.160,8419,-43,983656,0,46245,26,STAND/UNKNOWN/#0/LOW_FORCE/OK/act=1/mav=70632/base=435495/th=56455
1778760534.241,8420,-43,980978,0,46245,26,STAND/UNKNOWN/#0/LOW_FORCE/OK/act=1/mav=70632/base=435495/th=56455
1778760534.242,8421,-43,978507,0,46245,26,STAND/UNKNOWN/#0/LOW_FORCE/OK/act=1/mav=70632/base=435495/th=56455
1778760534.242,8422,-43,977991,0,46245,26,STAND/UNKNOWN/#0/LOW_FORCE/OK/act=1/mav=70632/base=435495/th=56455
1778760534.242,8423,-43,975319,0,46245,26,STAND/UNKNOWN/#0/LOW_FORCE/OK/act=1/mav=70632/base=435495/th=56455
1778760534.310,8424,-43,974518,0,46245,26,STAND/UNKNOWN/#0/LOW_FORCE/OK/act=1/mav=70632/base=435495/th=56455
1778760534.310,8425,-43,975113,0,46245,26,STAND/UNKNOWN/#0/LOW_FORCE/OK/act=1/mav=70632/base=435495/th=56455
1778760534.310,8426,-43,976990,0,46245,26,STAND/UNKNOWN/#0/LOW_FORCE/OK/act=1/mav=70632/base=435495/th=56455
1778760534.310,8427,-43,978549,0,46245,26,STAND/UNKNOWN/#0/LOW_FORCE/OK/act=1/mav=70632/base=435495/th=56455
1778760534.383,8428,-43,978514,0,46245,26,STAND/UNKNOWN/#0/LOW_FORCE/OK/act=1/mav=70632/base=435495/th=56455
1778760534.384,8429,-43,975761,0,46245,26,STAND/UNKNOWN/#0/LOW_FORCE/OK/act=1/mav=70632/base=435495/th=56455
1778760534.384,8430,-43,971223,0,46245,26,STAND/UNKNOWN/#0/LOW_FORCE/OK/act=1/mav=70632/base=435495/th=56455
1778760534.466,8431,-43,969653,0,46245,26,STAND/UNKNOWN/#0/LOW_FORCE/OK/act=1/mav=70632/base=435495/th=56455
1778760534.467,8432,-43,968063,0,37218,26,STAND/UNKNOWN/#0/LOW_FORCE/OK/act=1/mav=66401/base=435495/th=56455
1778760534.467,8433,-43,967579,0,37218,26,STAND/UNKNOWN/#0/LOW_FORCE/OK/act=1/mav=66401/base=435495/th=56455
1778760534.467,8434,-43,969906,0,37218,26,STAND/UNKNOWN/#0/LOW_FORCE/OK/act=1/mav=66401/base=435495/th=56455
1778760534.467,8435,-43,972338,0,37218,26,STAND/UNKNOWN/#0/LOW_FORCE/OK/act=1/mav=66401/base=435495/th=56455
1778760534.538,8436,-43,969476,0,37218,26,STAND/UNKNOWN/#0/LOW_FORCE/OK/act=1/mav=66401/base=435495/th=56455
1778760534.539,8437,-43,966139,0,37218,26,STAND/UNKNOWN/#0/LOW_FORCE/OK/act=1/mav=66401/base=435495/th=56455
1778760534.539,8438,-43,963471,0,37218,26,STAND/UNKNOWN/#0/LOW_FORCE/OK/act=1/mav=66401/base=435495/th=56455
1778760534.609,8439,-43,961880,0,37218,26,STAND/UNKNOWN/#0/LOW_FORCE/OK/act=1/mav=66401/base=435495/th=56455
1778760534.610,8440,-43,959788,0,37218,26,STAND/UNKNOWN/#0/LOW_FORCE/OK/act=1/mav=66401/base=435495/th=56455
1778760534.610,8441,-43,956481,0,37218,26,STAND/UNKNOWN/#0/LOW_FORCE/OK/act=1/mav=66401/base=435495/th=56455
1778760534.610,8442,-43,956013,0,37218,26,STAND/UNKNOWN/#0/LOW_FORCE/OK/act=1/mav=66401/base=435495/th=56455
1778760534.673,8443,-43,959168,0,37218,26,STAND/UNKNOWN/#0/LOW_FORCE/OK/act=1/mav=66401/base=435495/th=56455
1778760534.673,8444,-43,961704,0,15159,25,STAND/UNKNOWN/#0/LOW_FORCE/OK/act=1/mav=59097/base=435495/th=56455
1778760534.674,8445,-43,962114,0,15159,25,STAND/UNKNOWN/#0/LOW_FORCE/OK/act=1/mav=59097/base=435495/th=56455
1778760534.734,8446,-43,960261,0,15159,25,STAND/UNKNOWN/#0/LOW_FORCE/OK/act=1/mav=59097/base=435495/th=56455
1778760534.734,8447,-43,960498,0,15159,25,STAND/UNKNOWN/#0/LOW_FORCE/OK/act=1/mav=59097/base=435495/th=56455
1778760534.734,8448,-43,961068,0,15159,25,STAND/UNKNOWN/#0/LOW_FORCE/OK/act=1/mav=59097/base=435495/th=56455
1778760534.796,8449,-43,958821,0,15159,25,STAND/UNKNOWN/#0/LOW_FORCE/OK/act=1/mav=59097/base=435495/th=56455
1778760534.796,8450,-43,958640,0,15159,25,STAND/UNKNOWN/#0/LOW_FORCE/OK/act=1/mav=59097/base=435495/th=56455
1778760534.796,8451,-43,958028,0,15159,25,STAND/UNKNOWN/#0/LOW_FORCE/OK/act=1/mav=59097/base=435495/th=56455
1778760534.874,8452,-43,960756,0,15159,25,STAND/UNKNOWN/#0/LOW_FORCE/OK/act=1/mav=59097/base=435495/th=56455
1778760534.875,8453,-43,962457,0,15159,25,STAND/UNKNOWN/#0/LOW_FORCE/OK/act=1/mav=59097/base=435495/th=56455
1778760534.875,8454,-43,960968,0,15159,25,STAND/UNKNOWN/#0/LOW_FORCE/OK/act=1/mav=59097/base=435495/th=56455
1778760534.875,8455,-43,958349,0,15159,25,STAND/UNKNOWN/#0/LOW_FORCE/OK/act=1/mav=59097/base=435495/th=56455
1778760534.944,8456,-43,956977,0,15159,25,STAND/UNKNOWN/#0/LOW_FORCE/OK/act=1/mav=59097/base=435495/th=56455
1778760534.945,8457,-43,956616,0,63686,25,STAND/UNKNOWN/#0/LOW_FORCE/OK/act=1/mav=56455/base=435495/th=56455
1778760534.945,8458,-43,955109,0,63686,25,STAND/UNKNOWN/#0/LOW_FORCE/OK/act=1/mav=56455/base=435495/th=56455
1778760535.044,8459,-43,954491,0,63686,25,STAND/UNKNOWN/#0/LOW_FORCE/OK/act=1/mav=56455/base=435495/th=56455
1778760535.044,8460,-43,953588,0,63686,25,STAND/UNKNOWN/#0/LOW_FORCE/OK/act=1/mav=56455/base=435495/th=56455
1778760535.045,8461,-43,954864,0,63686,25,STAND/UNKNOWN/#0/LOW_FORCE/OK/act=1/mav=56455/base=435495/th=56455
1778760535.045,8462,-43,955608,0,63686,25,STAND/UNKNOWN/#0/LOW_FORCE/OK/act=1/mav=56455/base=435495/th=56455
1778760535.045,8463,-43,953575,0,63686,25,STAND/UNKNOWN/#0/LOW_FORCE/OK/act=1/mav=56455/base=435495/th=56455
1778760535.107,8464,-43,950465,0,63686,25,STAND/UNKNOWN/#0/LOW_FORCE/OK/act=1/mav=56455/base=435495/th=56455
1778760535.107,8465,-43,948767,0,63686,25,STAND/UNKNOWN/#0/LOW_FORCE/OK/act=1/mav=56455/base=435495/th=56455
1778760535.107,8466,-43,947283,0,63686,25,STAND/UNKNOWN/#0/LOW_FORCE/OK/act=1/mav=56455/base=435495/th=56455
1778760535.107,8467,-43,943914,0,63686,25,STAND/UNKNOWN/#0/LOW_FORCE/OK/act=1/mav=56455/base=435495/th=56455
1778760535.174,8468,-43,942242,0,63686,25,STAND/UNKNOWN/#0/LOW_FORCE/OK/act=1/mav=56455/base=435495/th=56455
1778760535.174,8469,-43,942699,0,63686,25,STAND/UNKNOWN/#0/LOW_FORCE/OK/act=1/mav=56455/base=435495/th=56455
1778760535.174,8470,-43,943739,0,63313,26,STAND/UNKNOWN/#0/LOW_FORCE/OK/act=1/mav=56623/base=435495/th=56455
1778760535.239,8471,-43,943726,0,63313,26,STAND/UNKNOWN/#0/LOW_FORCE/OK/act=1/mav=56623/base=435495/th=56455
1778760535.239,8472,-43,942336,0,63313,26,STAND/UNKNOWN/#0/LOW_FORCE/OK/act=1/mav=56623/base=435495/th=56455
1778760535.239,8473,-43,939184,0,63313,26,STAND/UNKNOWN/#0/LOW_FORCE/OK/act=1/mav=56623/base=435495/th=56455
1778760535.311,8474,-43,936361,0,63313,26,STAND/UNKNOWN/#0/LOW_FORCE/OK/act=1/mav=56623/base=435495/th=56455
1778760535.312,8475,-43,935459,0,63313,26,STAND/UNKNOWN/#0/LOW_FORCE/OK/act=1/mav=56623/base=435495/th=56455
1778760535.312,8476,-43,933710,0,63313,26,STAND/UNKNOWN/#0/LOW_FORCE/OK/act=1/mav=56623/base=435495/th=56455
1778760535.312,8477,-43,931980,0,63313,26,STAND/UNKNOWN/#0/LOW_FORCE/OK/act=1/mav=56623/base=435495/th=56455
1778760535.387,8478,-43,932574,0,63313,26,STAND/UNKNOWN/#0/LOW_FORCE/OK/act=1/mav=56623/base=435495/th=56455
1778760535.387,8479,-43,934234,0,63313,26,STAND/UNKNOWN/#0/LOW_FORCE/OK/act=1/mav=56623/base=435495/th=56455
1778760535.387,8480,-43,935148,0,63313,26,STAND/UNKNOWN/#0/LOW_FORCE/OK/act=1/mav=56623/base=435495/th=56455
1778760535.387,8481,-43,934388,0,63313,26,STAND/UNKNOWN/#0/LOW_FORCE/OK/act=1/mav=56623/base=435495/th=56455
1778760535.487,8482,-43,930640,0,63313,26,STAND/UNKNOWN/#0/LOW_FORCE/OK/act=1/mav=56623/base=435495/th=56455
1778760535.488,8483,-43,930138,0,61581,26,STAND/UNKNOWN/#0/LOW_FORCE/REST/act=0/mav=55683/base=435495/th=56455
1778760535.488,8484,-43,929741,0,61581,26,STAND/UNKNOWN/#0/LOW_FORCE/REST/act=0/mav=55683/base=435495/th=56455
1778760535.488,8485,-43,928065,0,61581,26,STAND/UNKNOWN/#0/LOW_FORCE/REST/act=0/mav=55683/base=435495/th=56455
1778760535.488,8486,-43,928518,0,61581,26,STAND/UNKNOWN/#0/LOW_FORCE/REST/act=0/mav=55683/base=435495/th=56455
1778760535.592,8487,-43,930276,0,61581,26,STAND/UNKNOWN/#0/LOW_FORCE/REST/act=0/mav=55683/base=435495/th=56455
1778760535.592,8488,-43,931518,0,61581,26,STAND/UNKNOWN/#0/LOW_FORCE/REST/act=0/mav=55683/base=435495/th=56455
1778760535.593,8489,-43,930485,0,61581,26,STAND/UNKNOWN/#0/LOW_FORCE/REST/act=0/mav=55683/base=435495/th=56455
1778760535.593,8490,-43,927831,0,61581,26,STAND/UNKNOWN/#0/LOW_FORCE/REST/act=0/mav=55683/base=435495/th=56455
1778760535.593,8491,-43,926539,0,61581,26,STAND/UNKNOWN/#0/LOW_FORCE/REST/act=0/mav=55683/base=435495/th=56455
1778760535.659,8492,-43,925637,0,61581,26,STAND/UNKNOWN/#0/LOW_FORCE/REST/act=0/mav=55683/base=435495/th=56455
1778760535.659,8493,-43,924242,0,61581,26,STAND/UNKNOWN/#0/LOW_FORCE/REST/act=0/mav=55683/base=435495/th=56455
1778760535.659,8494,-43,924670,0,61581,26,STAND/UNKNOWN/#0/LOW_FORCE/REST/act=0/mav=55683/base=435495/th=56455
1778760535.716,8495,-43,925578,0,61581,26,STAND/UNKNOWN/#0/LOW_FORCE/REST/act=0/mav=55683/base=435495/th=56455
1778760535.716,8496,-43,926917,0,58443,26,STAND/UNKNOWN/#0/LOW_FORCE/REST/act=0/mav=53174/base=435495/th=56455
1778760535.716,8497,-43,926018,0,58443,26,STAND/UNKNOWN/#0/LOW_FORCE/REST/act=0/mav=53174/base=435495/th=56455
1778760535.792,8498,-43,922847,0,58443,26,STAND/UNKNOWN/#0/LOW_FORCE/REST/act=0/mav=53174/base=435495/th=56455
1778760535.792,8499,-43,921109,0,58443,26,STAND/UNKNOWN/#0/LOW_FORCE/REST/act=0/mav=53174/base=435495/th=56455
1778760535.792,8500,-43,920672,0,58443,26,STAND/UNKNOWN/#0/LOW_FORCE/REST/act=0/mav=53174/base=435495/th=56455
1778760535.792,8501,-43,918729,0,58443,26,STAND/UNKNOWN/#0/LOW_FORCE/REST/act=0/mav=53174/base=435495/th=56455
1778760535.854,8502,-43,917863,0,58443,26,STAND/UNKNOWN/#0/LOW_FORCE/REST/act=0/mav=53174/base=435495/th=56455
1778760535.854,8503,-43,918758,0,58443,26,STAND/UNKNOWN/#0/LOW_FORCE/REST/act=0/mav=53174/base=435495/th=56455
1778760535.854,8504,-43,920177,0,58443,26,STAND/UNKNOWN/#0/LOW_FORCE/REST/act=0/mav=53174/base=435495/th=56455
1778760535.917,8505,-43,919541,0,58443,26,STAND/UNKNOWN/#0/LOW_FORCE/REST/act=0/mav=53174/base=435495/th=56455
1778760535.917,8506,-43,915991,0,58443,26,STAND/UNKNOWN/#0/LOW_FORCE/REST/act=0/mav=53174/base=435495/th=56455
1778760535.917,8507,-43,916144,0,58443,26,STAND/UNKNOWN/#0/LOW_FORCE/REST/act=0/mav=53174/base=435495/th=56455
1778760535.981,8508,-43,915788,0,54145,25,STAND/UNKNOWN/#0/LOW_FORCE/REST/act=0/mav=49231/base=435495/th=56455
1778760535.981,8509,-43,914608,0,54145,25,STAND/UNKNOWN/#0/LOW_FORCE/REST/act=0/mav=49231/base=435495/th=56455
1778760535.981,8510,-43,915498,0,54145,25,STAND/UNKNOWN/#0/LOW_FORCE/REST/act=0/mav=49231/base=435495/th=56455
1778760536.043,8511,-43,917745,0,54145,25,STAND/UNKNOWN/#0/LOW_FORCE/REST/act=0/mav=49231/base=435495/th=56455
1778760536.043,8512,-43,918438,0,54145,25,STAND/UNKNOWN/#0/LOW_FORCE/REST/act=0/mav=49231/base=435495/th=56455
1778760536.043,8513,-43,918320,0,54145,25,STAND/UNKNOWN/#0/LOW_FORCE/REST/act=0/mav=49231/base=435495/th=56455
1778760536.104,8514,-43,917361,0,54145,25,STAND/UNKNOWN/#0/LOW_FORCE/REST/act=0/mav=49231/base=435495/th=56455
1778760536.105,8515,-43,916170,0,54145,25,STAND/UNKNOWN/#0/LOW_FORCE/REST/act=0/mav=49231/base=435495/th=56455
1778760536.105,8516,-43,916184,0,54145,25,STAND/UNKNOWN/#0/LOW_FORCE/REST/act=0/mav=49231/base=435495/th=56455
1778760536.166,8517,-43,916105,0,54145,25,STAND/UNKNOWN/#0/LOW_FORCE/REST/act=0/mav=49231/base=435495/th=56455
1778760536.166,8518,-43,916913,0,54145,25,STAND/UNKNOWN/#0/LOW_FORCE/REST/act=0/mav=49231/base=435495/th=56455
1778760536.166,8519,-43,919238,0,54145,25,STAND/UNKNOWN/#0/LOW_FORCE/REST/act=0/mav=49231/base=435495/th=56455
1778760536.166,8520,-43,920792,0,54145,25,STAND/UNKNOWN/#0/LOW_FORCE/REST/act=0/mav=49231/base=435495/th=56455
1778760536.243,8521,-43,920433,0,50419,25,STAND/UNKNOWN/#0/LOW_FORCE/REST/act=0/mav=45823/base=435495/th=56455
1778760536.244,8522,-43,919370,0,50419,25,STAND/UNKNOWN/#0/LOW_FORCE/REST/act=0/mav=45823/base=435495/th=56455
1778760536.244,8523,-43,920778,0,50419,25,STAND/UNKNOWN/#0/LOW_FORCE/REST/act=0/mav=45823/base=435495/th=56455
1778760536.307,8524,-43,920341,0,50419,25,STAND/UNKNOWN/#0/LOW_FORCE/REST/act=0/mav=45823/base=435495/th=56455
1778760536.307,8525,-43,921049,0,50419,25,STAND/UNKNOWN/#0/LOW_FORCE/REST/act=0/mav=45823/base=435495/th=56455
1778760536.307,8526,-43,922278,0,50419,25,STAND/UNKNOWN/#0/LOW_FORCE/REST/act=0/mav=45823/base=435495/th=56455
1778760536.307,8527,-43,926389,0,50419,25,STAND/UNKNOWN/#0/LOW_FORCE/REST/act=0/mav=45823/base=435495/th=56455
1778760536.380,8528,-43,929014,0,50419,25,STAND/UNKNOWN/#0/LOW_FORCE/REST/act=0/mav=45823/base=435495/th=56455
1778760536.380,8529,-43,930146,0,50419,25,STAND/UNKNOWN/#0/LOW_FORCE/REST/act=0/mav=45823/base=435495/th=56455
1778760536.380,8530,-43,929554,0,50419,25,STAND/UNKNOWN/#0/LOW_FORCE/REST/act=0/mav=45823/base=435495/th=56455
1778760536.446,8531,-43,929611,0,50419,25,STAND/UNKNOWN/#0/LOW_FORCE/REST/act=0/mav=45823/base=435495/th=56455
1778760536.447,8532,-43,929556,0,50419,25,STAND/UNKNOWN/#0/LOW_FORCE/REST/act=0/mav=45823/base=435495/th=56455
1778760536.447,8533,-43,930173,0,50419,25,STAND/UNKNOWN/#0/LOW_FORCE/REST/act=0/mav=45823/base=435495/th=56455
1778760536.447,8534,-43,930128,0,48075,26,STAND/UNKNOWN/#0/LOW_FORCE/REST/act=0/mav=42668/base=435495/th=56455
1778760536.530,8535,-43,931999,0,48075,26,STAND/UNKNOWN/#0/LOW_FORCE/REST/act=0/mav=42668/base=435495/th=56455
1778760536.531,8536,-43,933837,0,48075,26,STAND/UNKNOWN/#0/LOW_FORCE/REST/act=0/mav=42668/base=435495/th=56455
1778760536.531,8537,-43,933539,0,48075,26,STAND/UNKNOWN/#0/LOW_FORCE/REST/act=0/mav=42668/base=435495/th=56455
1778760536.532,8538,-43,932744,0,48075,26,STAND/UNKNOWN/#0/LOW_FORCE/REST/act=0/mav=42668/base=435495/th=56455
1778760536.602,8539,-43,931192,0,48075,26,STAND/UNKNOWN/#0/LOW_FORCE/REST/act=0/mav=42668/base=435495/th=56455
1778760536.603,8540,-43,932321,0,48075,26,STAND/UNKNOWN/#0/LOW_FORCE/REST/act=0/mav=42668/base=435495/th=56455
1778760536.603,8541,-43,931815,0,48075,26,STAND/UNKNOWN/#0/LOW_FORCE/REST/act=0/mav=42668/base=435495/th=56455
1778760536.661,8542,-43,932981,0,48075,26,STAND/UNKNOWN/#0/LOW_FORCE/REST/act=0/mav=42668/base=435495/th=56455
1778760536.661,8543,-43,934578,0,48075,26,STAND/UNKNOWN/#0/LOW_FORCE/REST/act=0/mav=42668/base=435495/th=56455
1778760536.662,8544,-43,936510,0,48075,26,STAND/UNKNOWN/#0/LOW_FORCE/REST/act=0/mav=42668/base=435495/th=56455
1778760536.747,8545,-43,936463,0,48075,26,STAND/UNKNOWN/#0/LOW_FORCE/REST/act=0/mav=42668/base=435495/th=56455
1778760536.747,8546,-43,935793,0,48075,26,STAND/UNKNOWN/#0/LOW_FORCE/REST/act=0/mav=42668/base=435495/th=56455
1778760536.747,8547,-43,935603,0,45926,26,STAND/UNKNOWN/#0/LOW_FORCE/REST/act=0/mav=39526/base=435495/th=56455
1778760536.747,8548,-43,934178,0,45926,26,STAND/UNKNOWN/#0/LOW_FORCE/REST/act=0/mav=39526/base=435495/th=56455
1778760536.747,8549,-43,932919,0,45926,26,STAND/UNKNOWN/#0/LOW_FORCE/REST/act=0/mav=39526/base=435495/th=56455
1778760536.829,8550,-43,934962,0,45926,26,STAND/UNKNOWN/#0/LOW_FORCE/REST/act=0/mav=39526/base=435495/th=56455
1778760536.830,8551,-43,934049,0,45926,26,STAND/UNKNOWN/#0/LOW_FORCE/REST/act=0/mav=39526/base=435495/th=56455
1778760536.831,8552,-43,935668,0,45926,26,STAND/UNKNOWN/#0/LOW_FORCE/REST/act=0/mav=39526/base=435495/th=56455
1778760536.831,8553,-43,935852,0,45926,26,STAND/UNKNOWN/#0/LOW_FORCE/REST/act=0/mav=39526/base=435495/th=56455
1778760536.904,8554,-43,934165,0,45926,26,STAND/UNKNOWN/#0/LOW_FORCE/REST/act=0/mav=39526/base=435495/th=56455
1778760536.905,8555,-43,932155,0,45926,26,STAND/UNKNOWN/#0/LOW_FORCE/REST/act=0/mav=39526/base=435495/th=56455
1778760536.905,8556,-43,916584,0,45926,26,STAND/UNKNOWN/#0/LOW_FORCE/REST/act=0/mav=39526/base=435495/th=56455
1778760536.976,8557,-43,928283,0,45926,26,STAND/UNKNOWN/#0/LOW_FORCE/REST/act=0/mav=39526/base=435495/th=56455
1778760536.977,8558,-43,927177,0,45926,26,STAND/UNKNOWN/#0/LOW_FORCE/REST/act=0/mav=39526/base=435495/th=56455
1778760536.977,8559,-43,928236,0,45926,26,STAND/UNKNOWN/#0/LOW_FORCE/REST/act=0/mav=39526/base=435495/th=56455
1778760536.977,8560,-43,925687,0,43150,27,STAND/UNKNOWN/#0/LOW_FORCE/REST/act=0/mav=37506/base=435495/th=56455
1778760537.064,8561,-43,923984,0,43150,27,STAND/UNKNOWN/#0/LOW_FORCE/REST/act=0/mav=37506/base=435495/th=56455
1778760537.064,8562,-43,920651,0,43150,27,STAND/UNKNOWN/#0/LOW_FORCE/REST/act=0/mav=37506/base=435495/th=56455
1778760537.064,8563,-43,917728,0,43150,27,STAND/UNKNOWN/#0/LOW_FORCE/REST/act=0/mav=37506/base=435495/th=56455
1778760537.065,8564,-43,914151,0,43150,27,STAND/UNKNOWN/#0/LOW_FORCE/REST/act=0/mav=37506/base=435495/th=56455
1778760537.141,8565,-43,911461,0,43150,27,STAND/UNKNOWN/#0/LOW_FORCE/REST/act=0/mav=37506/base=435495/th=56455
1778760537.141,8566,-43,911444,0,43150,27,STAND/UNKNOWN/#0/LOW_FORCE/REST/act=0/mav=37506/base=435495/th=56455
1778760537.141,8567,-43,913308,0,43150,27,STAND/UNKNOWN/#0/LOW_FORCE/REST/act=0/mav=37506/base=435495/th=56455
1778760537.141,8568,-43,913434,0,43150,27,STAND/UNKNOWN/#0/LOW_FORCE/REST/act=0/mav=37506/base=435495/th=56455
1778760537.202,8569,-43,912413,0,43150,27,STAND/UNKNOWN/#0/LOW_FORCE/REST/act=0/mav=37506/base=435495/th=56455
1778760537.202,8570,-43,911238,0,43150,27,STAND/UNKNOWN/#0/LOW_FORCE/REST/act=0/mav=37506/base=435495/th=56455
1778760537.202,8571,-43,911585,0,43150,27,STAND/UNKNOWN/#0/LOW_FORCE/REST/act=0/mav=37506/base=435495/th=56455
1778760537.263,8572,-43,914108,0,39721,38,STAND/UNKNOWN/#0/LOW_FORCE/REST/act=0/mav=36023/base=435495/th=56455
1778760537.264,8573,-43,917153,0,39721,38,STAND/UNKNOWN/#0/LOW_FORCE/REST/act=0/mav=36023/base=435495/th=56455
1778760537.264,8574,-43,922045,0,39721,38,STAND/UNKNOWN/#0/LOW_FORCE/REST/act=0/mav=36023/base=435495/th=56455
1778760537.337,8575,-43,928277,0,39721,38,STAND/UNKNOWN/#0/LOW_FORCE/REST/act=0/mav=36023/base=435495/th=56455
1778760537.338,8576,-43,932332,0,39721,38,STAND/UNKNOWN/#0/LOW_FORCE/REST/act=0/mav=36023/base=435495/th=56455
1778760537.338,8577,-43,930571,0,39721,38,STAND/UNKNOWN/#0/LOW_FORCE/REST/act=0/mav=36023/base=435495/th=56455
1778760537.338,8578,-43,925174,0,39721,38,STAND/UNKNOWN/#0/LOW_FORCE/REST/act=0/mav=36023/base=435495/th=56455
1778760537.405,8579,-43,923262,0,39721,38,STAND/UNKNOWN/#0/LOW_FORCE/REST/act=0/mav=36023/base=435495/th=56455
1778760537.405,8580,-43,921559,0,39721,38,STAND/UNKNOWN/#0/LOW_FORCE/REST/act=0/mav=36023/base=435495/th=56455
1778760537.405,8581,-43,920368,0,39721,38,STAND/UNKNOWN/#0/LOW_FORCE/REST/act=0/mav=36023/base=435495/th=56455
1778760537.491,8582,-43,922336,0,39721,38,STAND/UNKNOWN/#0/LOW_FORCE/REST/act=0/mav=36023/base=435495/th=56455
1778760537.491,8583,-43,920776,0,39721,38,STAND/UNKNOWN/#0/LOW_FORCE/REST/act=0/mav=36023/base=435495/th=56455
1778760537.491,8584,-43,914920,0,39721,38,STAND/UNKNOWN/#0/LOW_FORCE/REST/act=0/mav=36023/base=435495/th=56455
1778760537.491,8585,-43,910146,0,36224,37,STAND/UNKNOWN/#0/LOW_FORCE/REST/act=0/mav=32592/base=435495/th=56455
1778760537.491,8586,-43,904836,0,36224,37,STAND/UNKNOWN/#0/LOW_FORCE/REST/act=0/mav=32592/base=435495/th=56455
1778760537.557,8587,-43,897643,0,36224,37,STAND/UNKNOWN/#0/LOW_FORCE/REST/act=0/mav=32592/base=435495/th=56455
1778760537.557,8588,-43,890680,0,36224,37,STAND/UNKNOWN/#0/LOW_FORCE/REST/act=0/mav=32592/base=435495/th=56455
1778760537.557,8589,-43,883199,0,36224,37,STAND/UNKNOWN/#0/LOW_FORCE/REST/act=0/mav=32592/base=435495/th=56455
1778760537.620,8590,-43,878734,0,36224,37,STAND/UNKNOWN/#0/LOW_FORCE/REST/act=0/mav=32592/base=435495/th=56455
1778760537.620,8591,-43,875840,0,36224,37,STAND/UNKNOWN/#0/LOW_FORCE/REST/act=0/mav=32592/base=435495/th=56455
1778760537.620,8592,-43,873737,0,36224,37,STAND/UNKNOWN/#0/LOW_FORCE/REST/act=0/mav=32592/base=435495/th=56455
1778760537.685,8593,-43,871028,0,36224,37,STAND/UNKNOWN/#0/LOW_FORCE/REST/act=0/mav=32592/base=435495/th=56455
1778760537.685,8594,-43,868080,0,36224,37,STAND/UNKNOWN/#0/LOW_FORCE/REST/act=0/mav=32592/base=435495/th=56455
1778760537.685,8595,-43,865679,0,36224,37,STAND/UNKNOWN/#0/LOW_FORCE/REST/act=0/mav=32592/base=435495/th=56455
1778760537.751,8596,-43,865044,0,36224,37,STAND/UNKNOWN/#0/LOW_FORCE/REST/act=0/mav=32592/base=435495/th=56455
1778760537.752,8597,-43,865010,0,36224,37,STAND/UNKNOWN/#0/LOW_FORCE/REST/act=0/mav=32592/base=435495/th=56455
1778760537.752,8598,-43,867686,0,35435,26,STAND/UNKNOWN/#0/LOW_FORCE/REST/act=0/mav=31254/base=435495/th=56455
1778760537.752,8599,-43,869408,0,35435,26,STAND/UNKNOWN/#0/LOW_FORCE/REST/act=0/mav=31254/base=435495/th=56455
1778760537.811,8600,-43,872518,0,35435,26,STAND/UNKNOWN/#0/LOW_FORCE/REST/act=0/mav=31254/base=435495/th=56455
1778760537.811,8601,-43,873033,0,35435,26,STAND/UNKNOWN/#0/LOW_FORCE/REST/act=0/mav=31254/base=435495/th=56455
1778760537.811,8602,-43,871286,0,35435,26,STAND/UNKNOWN/#0/LOW_FORCE/REST/act=0/mav=31254/base=435495/th=56455
1778760537.886,8603,-43,871036,0,35435,26,STAND/UNKNOWN/#0/LOW_FORCE/REST/act=0/mav=31254/base=435495/th=56455
1778760537.887,8604,-43,870686,0,35435,26,STAND/UNKNOWN/#0/LOW_FORCE/REST/act=0/mav=31254/base=435495/th=56455
1778760537.887,8605,-43,869916,0,35435,26,STAND/UNKNOWN/#0/LOW_FORCE/REST/act=0/mav=31254/base=435495/th=56455
1778760537.887,8606,-43,869591,0,35435,26,STAND/UNKNOWN/#0/LOW_FORCE/REST/act=0/mav=31254/base=435495/th=56455
1778760537.976,8607,-43,871254,0,35435,26,STAND/UNKNOWN/#0/LOW_FORCE/REST/act=0/mav=31254/base=435495/th=56455
1778760537.977,8608,-43,873528,0,35435,26,STAND/UNKNOWN/#0/LOW_FORCE/REST/act=0/mav=31254/base=435495/th=56455
1778760537.977,8609,-43,872776,0,35435,26,STAND/UNKNOWN/#0/LOW_FORCE/REST/act=0/mav=31254/base=435495/th=56455
1778760537.977,8610,-43,871076,0,35435,26,STAND/UNKNOWN/#0/LOW_FORCE/REST/act=0/mav=31254/base=435495/th=56455
1778760538.046,8611,-43,871102,0,32229,26,STAND/UNKNOWN/#0/LOW_FORCE/REST/act=0/mav=28974/base=435495/th=56455
1778760538.047,8612,-43,869780,0,32229,26,STAND/UNKNOWN/#0/LOW_FORCE/REST/act=0/mav=28974/base=435495/th=56455
1778760538.047,8613,-43,869763,0,32229,26,STAND/UNKNOWN/#0/LOW_FORCE/REST/act=0/mav=28974/base=435495/th=56455
1778760538.047,8614,-43,869401,0,32229,26,STAND/UNKNOWN/#0/LOW_FORCE/REST/act=0/mav=28974/base=435495/th=56455
1778760538.106,8615,-43,867197,0,32229,26,STAND/UNKNOWN/#0/LOW_FORCE/REST/act=0/mav=28974/base=435495/th=56455
1778760538.106,8616,-43,868685,0,32229,26,STAND/UNKNOWN/#0/LOW_FORCE/REST/act=0/mav=28974/base=435495/th=56455
1778760538.106,8617,-43,869364,0,32229,26,STAND/UNKNOWN/#0/LOW_FORCE/REST/act=0/mav=28974/base=435495/th=56455
1778760538.164,8618,-43,865335,0,32229,26,STAND/UNKNOWN/#0/LOW_FORCE/REST/act=0/mav=28974/base=435495/th=56455
1778760538.164,8619,-43,865512,0,32229,26,STAND/UNKNOWN/#0/LOW_FORCE/REST/act=0/mav=28974/base=435495/th=56455
1778760538.223,8620,-43,864198,0,32229,26,STAND/UNKNOWN/#0/LOW_FORCE/REST/act=0/mav=28974/base=435495/th=56455
1778760538.224,8621,-43,861514,0,32229,26,STAND/UNKNOWN/#0/LOW_FORCE/REST/act=0/mav=28974/base=435495/th=56455
1778760538.224,8622,-43,860416,0,32229,26,STAND/UNKNOWN/#0/LOW_FORCE/REST/act=0/mav=28974/base=435495/th=56455
1778760538.278,8623,-43,859772,0,32229,26,STAND/UNKNOWN/#0/LOW_FORCE/REST/act=0/mav=28974/base=435495/th=56455
1778760538.279,8624,-43,860654,0,25954,24,STAND/UNKNOWN/#0/LOW_FORCE/REST/act=0/mav=23833/base=435495/th=56455
1778760538.279,8625,-43,860513,0,25954,24,STAND/UNKNOWN/#0/LOW_FORCE/REST/act=0/mav=23833/base=435495/th=56455
1778760538.337,8626,-43,856880,0,25954,24,STAND/UNKNOWN/#0/LOW_FORCE/REST/act=0/mav=23833/base=435495/th=56455
1778760538.337,8627,-43,855900,0,25954,24,STAND/UNKNOWN/#0/LOW_FORCE/REST/act=0/mav=23833/base=435495/th=56455
1778760538.337,8628,-43,856691,0,25954,24,STAND/UNKNOWN/#0/LOW_FORCE/REST/act=0/mav=23833/base=435495/th=56455
1778760538.415,8629,-43,855273,0,25954,24,STAND/UNKNOWN/#0/LOW_FORCE/REST/act=0/mav=23833/base=435495/th=56455
1778760538.416,8630,-43,856739,0,25954,24,STAND/UNKNOWN/#0/LOW_FORCE/REST/act=0/mav=23833/base=435495/th=56455
1778760538.416,8631,-43,857789,0,25954,24,STAND/UNKNOWN/#0/LOW_FORCE/REST/act=0/mav=23833/base=435495/th=56455
1778760538.416,8632,-43,857639,0,25954,24,STAND/UNKNOWN/#0/LOW_FORCE/REST/act=0/mav=23833/base=435495/th=56455
1778760538.487,8633,-43,857949,0,25954,24,STAND/UNKNOWN/#0/LOW_FORCE/REST/act=0/mav=23833/base=435495/th=56455
1778760538.488,8634,-43,857211,0,25954,24,STAND/UNKNOWN/#0/LOW_FORCE/REST/act=0/mav=23833/base=435495/th=56455
1778760538.488,8635,-43,856764,0,25954,24,STAND/UNKNOWN/#0/LOW_FORCE/REST/act=0/mav=23833/base=435495/th=56455
1778760538.488,8636,-43,858680,0,22004,11,STAND/UNKNOWN/#0/LOW_FORCE/REST/act=0/mav=19846/base=435495/th=56455
1778760538.546,8637,-43,861085,0,22004,11,STAND/UNKNOWN/#0/LOW_FORCE/REST/act=0/mav=19846/base=435495/th=56455
1778760538.546,8638,-43,865596,0,22004,11,STAND/UNKNOWN/#0/LOW_FORCE/REST/act=0/mav=19846/base=435495/th=56455
1778760538.546,8639,-43,870046,0,22004,11,STAND/UNKNOWN/#0/LOW_FORCE/REST/act=0/mav=19846/base=435495/th=56455
1778760538.611,8640,-43,879685,0,22004,11,STAND/UNKNOWN/#0/LOW_FORCE/REST/act=0/mav=19846/base=435495/th=56455
1778760538.612,8641,-43,888909,0,22004,11,STAND/UNKNOWN/#0/LOW_FORCE/REST/act=0/mav=19846/base=435495/th=56455
1778760538.612,8642,-43,899718,0,22004,11,STAND/UNKNOWN/#0/LOW_FORCE/REST/act=0/mav=19846/base=435495/th=56455
1778760538.687,8643,-43,906439,0,22004,11,STAND/UNKNOWN/#0/LOW_FORCE/REST/act=0/mav=19846/base=435495/th=56455
1778760538.687,8644,-43,912277,0,22004,11,STAND/UNKNOWN/#0/LOW_FORCE/REST/act=0/mav=19846/base=435495/th=56455
1778760538.687,8645,-43,915685,0,22004,11,STAND/UNKNOWN/#0/LOW_FORCE/REST/act=0/mav=19846/base=435495/th=56455
1778760538.687,8646,-43,918649,0,22004,11,STAND/UNKNOWN/#0/LOW_FORCE/REST/act=0/mav=19846/base=435495/th=56455
1778760538.757,8647,-43,922988,0,22004,11,STAND/UNKNOWN/#0/LOW_FORCE/REST/act=0/mav=19846/base=435495/th=56455
1778760538.757,8648,-43,925918,0,22004,11,STAND/UNKNOWN/#0/LOW_FORCE/REST/act=0/mav=19846/base=435495/th=56455
1778760538.757,8649,-43,927308,0,29358,0,STAND/UNKNOWN/#0/LOW_FORCE/REST/act=0/mav=23872/base=435495/th=56455
1778760538.821,8650,-43,928033,0,29358,0,STAND/UNKNOWN/#0/LOW_FORCE/REST/act=0/mav=23872/base=435495/th=56455
1778760538.822,8651,-43,928627,0,29358,0,STAND/UNKNOWN/#0/LOW_FORCE/REST/act=0/mav=23872/base=435495/th=56455
1778760538.822,8652,-43,929755,0,29358,0,STAND/UNKNOWN/#0/LOW_FORCE/REST/act=0/mav=23872/base=435495/th=56455
1778760538.890,8653,-43,930232,0,29358,0,STAND/UNKNOWN/#0/LOW_FORCE/REST/act=0/mav=23872/base=435495/th=56455
1778760538.890,8654,-43,930235,0,29358,0,STAND/UNKNOWN/#0/LOW_FORCE/REST/act=0/mav=23872/base=435495/th=56455
1778760538.890,8655,-43,931478,0,29358,0,STAND/UNKNOWN/#0/LOW_FORCE/REST/act=0/mav=23872/base=435495/th=56455
1778760538.890,8656,-43,933442,0,29358,0,STAND/UNKNOWN/#0/LOW_FORCE/REST/act=0/mav=23872/base=435495/th=56455
1778760538.952,8657,-43,934294,0,29358,0,STAND/UNKNOWN/#0/LOW_FORCE/REST/act=0/mav=23872/base=435495/th=56455
1778760538.953,8658,-43,934659,0,29358,0,STAND/UNKNOWN/#0/LOW_FORCE/REST/act=0/mav=23872/base=435495/th=56455
1778760538.953,8659,-43,936651,0,29358,0,STAND/UNKNOWN/#0/LOW_FORCE/REST/act=0/mav=23872/base=435495/th=56455
1778760539.019,8660,-43,940658,0,29358,0,STAND/UNKNOWN/#0/LOW_FORCE/REST/act=0/mav=23872/base=435495/th=56455
1778760539.019,8661,-43,948077,0,29358,0,STAND/UNKNOWN/#0/LOW_FORCE/REST/act=0/mav=23872/base=435495/th=56455
1778760539.019,8662,-43,957566,0,36866,0,STAND/UNKNOWN/#0/LOW_FORCE/REST/act=0/mav=31525/base=435495/th=56455
1778760539.099,8663,-43,966571,0,36866,0,STAND/UNKNOWN/#0/LOW_FORCE/REST/act=0/mav=31525/base=435495/th=56455
1778760539.099,8664,-43,974578,0,36866,0,STAND/UNKNOWN/#0/LOW_FORCE/REST/act=0/mav=31525/base=435495/th=56455
1778760539.099,8665,-43,979361,0,36866,0,STAND/UNKNOWN/#0/LOW_FORCE/REST/act=0/mav=31525/base=435495/th=56455
1778760539.099,8666,-43,982295,0,36866,0,STAND/UNKNOWN/#0/LOW_FORCE/REST/act=0/mav=31525/base=435495/th=56455
1778760539.171,8667,-43,984224,0,36866,0,STAND/UNKNOWN/#0/LOW_FORCE/REST/act=0/mav=31525/base=435495/th=56455
1778760539.172,8668,-43,986334,0,36866,0,STAND/UNKNOWN/#0/LOW_FORCE/REST/act=0/mav=31525/base=435495/th=56455
1778760539.172,8669,-43,988594,0,36866,0,STAND/UNKNOWN/#0/LOW_FORCE/REST/act=0/mav=31525/base=435495/th=56455
1778760539.172,8670,-43,990613,0,36866,0,STAND/UNKNOWN/#0/LOW_FORCE/REST/act=0/mav=31525/base=435495/th=56455
1778760539.247,8671,-43,992776,0,36866,0,STAND/UNKNOWN/#0/LOW_FORCE/REST/act=0/mav=31525/base=435495/th=56455
1778760539.247,8672,-43,996036,0,36866,0,STAND/UNKNOWN/#0/LOW_FORCE/REST/act=0/mav=31525/base=435495/th=56455
1778760539.247,8673,-43,998010,0,36866,0,STAND/UNKNOWN/#0/LOW_FORCE/REST/act=0/mav=31525/base=435495/th=56455
1778760539.248,8674,-43,999346,0,36866,0,STAND/UNKNOWN/#0/LOW_FORCE/REST/act=0/mav=31525/base=435495/th=56455
1778760539.315,8675,-43,1001850,0,44412,0,STAND/UNKNOWN/#0/LOW_FORCE/REST/act=0/mav=40697/base=435495/th=56455
1778760539.315,8676,-43,1004419,0,44412,0,STAND/UNKNOWN/#0/LOW_FORCE/REST/act=0/mav=40697/base=435495/th=56455
1778760539.315,8677,-43,1005613,0,44412,0,STAND/UNKNOWN/#0/LOW_FORCE/REST/act=0/mav=40697/base=435495/th=56455
1778760539.376,8678,-43,1004812,0,44412,0,STAND/UNKNOWN/#0/LOW_FORCE/REST/act=0/mav=40697/base=435495/th=56455
1778760539.376,8679,-43,1004634,0,44412,0,STAND/UNKNOWN/#0/LOW_FORCE/REST/act=0/mav=40697/base=435495/th=56455
1778760539.376,8680,-43,1004806,0,44412,0,STAND/UNKNOWN/#0/LOW_FORCE/REST/act=0/mav=40697/base=435495/th=56455
1778760539.435,8681,-43,1004794,0,44412,0,STAND/UNKNOWN/#0/LOW_FORCE/REST/act=0/mav=40697/base=435495/th=56455
1778760539.436,8682,-43,1003111,0,44412,0,STAND/UNKNOWN/#0/LOW_FORCE/REST/act=0/mav=40697/base=435495/th=56455
1778760539.436,8683,-43,1002021,0,44412,0,STAND/UNKNOWN/#0/LOW_FORCE/REST/act=0/mav=40697/base=435495/th=56455
1778760539.498,8684,-43,1001773,0,44412,0,STAND/UNKNOWN/#0/LOW_FORCE/REST/act=0/mav=40697/base=435495/th=56455
1778760539.498,8685,-43,1001274,0,44412,0,STAND/UNKNOWN/#0/LOW_FORCE/REST/act=0/mav=40697/base=435495/th=56455
1778760539.498,8686,-43,999919,0,44412,0,STAND/UNKNOWN/#0/LOW_FORCE/REST/act=0/mav=40697/base=435495/th=56455
1778760539.565,8687,-43,998615,0,44412,0,STAND/UNKNOWN/#0/LOW_FORCE/REST/act=0/mav=40697/base=435495/th=56455
1778760539.565,8688,-43,997095,0,43272,0,STAND/UNKNOWN/#0/LOW_FORCE/REST/act=0/mav=40188/base=435495/th=56455
1778760539.565,8689,-43,990943,0,43272,0,STAND/UNKNOWN/#0/LOW_FORCE/REST/act=0/mav=40188/base=435495/th=56455
1778760539.633,8690,-43,983389,0,43272,0,STAND/UNKNOWN/#0/LOW_FORCE/REST/act=0/mav=40188/base=435495/th=56455
1778760539.633,8691,-43,976679,0,43272,0,STAND/UNKNOWN/#0/LOW_FORCE/REST/act=0/mav=40188/base=435495/th=56455
1778760539.633,8692,-43,967553,0,43272,0,STAND/UNKNOWN/#0/LOW_FORCE/REST/act=0/mav=40188/base=435495/th=56455
1778760539.633,8693,-43,956596,0,43272,0,STAND/UNKNOWN/#0/LOW_FORCE/REST/act=0/mav=40188/base=435495/th=56455
1778760539.698,8694,-43,946348,0,43272,0,STAND/UNKNOWN/#0/LOW_FORCE/REST/act=0/mav=40188/base=435495/th=56455
1778760539.698,8695,-43,933303,0,43272,0,STAND/UNKNOWN/#0/LOW_FORCE/REST/act=0/mav=40188/base=435495/th=56455
1778760539.698,8696,-43,923876,0,43272,0,STAND/UNKNOWN/#0/LOW_FORCE/REST/act=0/mav=40188/base=435495/th=56455
1778760539.782,8697,-43,914921,0,43272,0,STAND/UNKNOWN/#0/LOW_FORCE/REST/act=0/mav=40188/base=435495/th=56455
1778760539.783,8698,-43,912736,0,43272,0,STAND/UNKNOWN/#0/LOW_FORCE/REST/act=0/mav=40188/base=435495/th=56455
1778760539.783,8699,-43,905658,0,43272,0,STAND/UNKNOWN/#0/LOW_FORCE/REST/act=0/mav=40188/base=435495/th=56455
1778760539.783,8700,-43,899722,0,31244,0,STAND/UNKNOWN/#0/LOW_FORCE/REST/act=0/mav=27676/base=435495/th=56455
1778760539.847,8701,-43,892019,0,31244,0,STAND/UNKNOWN/#0/LOW_FORCE/REST/act=0/mav=27676/base=435495/th=56455
1778760539.847,8702,-43,880728,0,31244,0,STAND/UNKNOWN/#0/LOW_FORCE/REST/act=0/mav=27676/base=435495/th=56455
1778760539.847,8703,-43,872722,0,31244,0,STAND/UNKNOWN/#0/LOW_FORCE/REST/act=0/mav=27676/base=435495/th=56455
1778760539.847,8704,-43,866771,0,31244,0,STAND/UNKNOWN/#0/LOW_FORCE/REST/act=0/mav=27676/base=435495/th=56455
1778760539.908,8705,-43,862411,0,31244,0,STAND/UNKNOWN/#0/LOW_FORCE/REST/act=0/mav=27676/base=435495/th=56455
1778760539.908,8706,-43,860083,0,31244,0,STAND/UNKNOWN/#0/LOW_FORCE/REST/act=0/mav=27676/base=435495/th=56455
1778760539.908,8707,-43,859008,0,31244,0,STAND/UNKNOWN/#0/LOW_FORCE/REST/act=0/mav=27676/base=435495/th=56455
1778760539.972,8708,-43,837278,0,31244,0,STAND/UNKNOWN/#0/LOW_FORCE/REST/act=0/mav=27676/base=435495/th=56455
1778760539.972,8709,-43,789661,0,31244,0,STAND/UNKNOWN/#0/LOW_FORCE/REST/act=0/mav=27676/base=435495/th=56455
1778760539.972,8710,-43,768348,0,31244,0,STAND/UNKNOWN/#0/LOW_FORCE/REST/act=0/mav=27676/base=435495/th=56455
1778760540.061,8711,-43,757388,0,31244,0,STAND/UNKNOWN/#0/LOW_FORCE/REST/act=0/mav=27676/base=435495/th=56455
1778760540.062,8712,-43,749544,0,31244,0,STAND/UNKNOWN/#0/LOW_FORCE/REST/act=0/mav=27676/base=435495/th=56455
1778760540.063,8713,-43,743003,0,36925,0,STAND/UNKNOWN/#0/LOW_FORCE/REST/act=0/mav=55886/base=435495/th=56455
1778760540.129,8714,-43,736371,0,36925,0,STAND/UNKNOWN/#0/LOW_FORCE/REST/act=0/mav=55886/base=435495/th=56455
1778760540.129,8715,-43,731113,0,36925,0,STAND/UNKNOWN/#0/LOW_FORCE/REST/act=0/mav=55886/base=435495/th=56455
1778760540.129,8716,-43,727006,0,36925,0,STAND/UNKNOWN/#0/LOW_FORCE/REST/act=0/mav=55886/base=435495/th=56455
1778760540.129,8717,-43,722698,0,36925,0,STAND/UNKNOWN/#0/LOW_FORCE/REST/act=0/mav=55886/base=435495/th=56455
1778760540.129,8718,-43,719673,0,36925,0,STAND/UNKNOWN/#0/LOW_FORCE/REST/act=0/mav=55886/base=435495/th=56455
1778760540.189,8719,-43,719056,0,36925,0,STAND/UNKNOWN/#0/LOW_FORCE/REST/act=0/mav=55886/base=435495/th=56455
1778760540.190,8720,-43,717544,0,36925,0,STAND/UNKNOWN/#0/LOW_FORCE/REST/act=0/mav=55886/base=435495/th=56455
1778760540.190,8721,-43,716739,0,36925,0,STAND/UNKNOWN/#0/LOW_FORCE/REST/act=0/mav=55886/base=435495/th=56455
1778760540.268,8722,-43,716026,0,36925,0,STAND/UNKNOWN/#0/LOW_FORCE/REST/act=0/mav=55886/base=435495/th=56455
1778760540.269,8723,-43,714205,0,36925,0,STAND/UNKNOWN/#0/LOW_FORCE/REST/act=0/mav=55886/base=435495/th=56455
1778760540.269,8724,-43,712479,0,36925,0,STAND/UNKNOWN/#0/LOW_FORCE/REST/act=0/mav=55886/base=435495/th=56455
1778760540.269,8725,-43,712403,0,36925,0,STAND/UNKNOWN/#0/LOW_FORCE/REST/act=0/mav=55886/base=435495/th=56455
1778760540.330,8726,-43,709033,30,65535,0,STAND/UNKNOWN/#0/LOW_FORCE/OK/act=1/mav=90350/base=435495/th=56455
1778760540.331,8727,-43,703406,30,65535,0,STAND/UNKNOWN/#0/LOW_FORCE/OK/act=1/mav=90350/base=435495/th=56455
1778760540.331,8728,-43,696798,30,65535,0,STAND/UNKNOWN/#0/LOW_FORCE/OK/act=1/mav=90350/base=435495/th=56455
1778760540.387,8729,-43,692366,30,65535,0,STAND/UNKNOWN/#0/LOW_FORCE/OK/act=1/mav=90350/base=435495/th=56455
1778760540.387,8730,-43,688736,30,65535,0,STAND/UNKNOWN/#0/LOW_FORCE/OK/act=1/mav=90350/base=435495/th=56455
1778760540.388,8731,-43,685078,30,65535,0,STAND/UNKNOWN/#0/LOW_FORCE/OK/act=1/mav=90350/base=435495/th=56455
1778760540.447,8732,-43,681125,30,65535,0,STAND/UNKNOWN/#0/LOW_FORCE/OK/act=1/mav=90350/base=435495/th=56455
1778760540.447,8733,-43,677285,30,65535,0,STAND/UNKNOWN/#0/LOW_FORCE/OK/act=1/mav=90350/base=435495/th=56455
1778760540.448,8734,-43,673734,30,65535,0,STAND/UNKNOWN/#0/LOW_FORCE/OK/act=1/mav=90350/base=435495/th=56455
1778760540.509,8735,-43,668906,30,65535,0,STAND/UNKNOWN/#0/LOW_FORCE/OK/act=1/mav=90350/base=435495/th=56455
1778760540.509,8736,-43,665795,30,65535,0,STAND/UNKNOWN/#0/LOW_FORCE/OK/act=1/mav=90350/base=435495/th=56455
1778760540.510,8737,-43,664228,30,65535,0,STAND/UNKNOWN/#0/LOW_FORCE/OK/act=1/mav=90350/base=435495/th=56455
1778760540.574,8738,-43,662419,30,65535,0,STAND/UNKNOWN/#0/LOW_FORCE/OK/act=1/mav=90350/base=435495/th=56455
1778760540.575,8739,-43,658701,30,44897,0,STAND/UNKNOWN/#0/LOW_FORCE/OK/act=1/mav=73151/base=435495/th=56455
1778760540.575,8740,-43,656366,30,44897,0,STAND/UNKNOWN/#0/LOW_FORCE/OK/act=1/mav=73151/base=435495/th=56455
1778760540.657,8741,-43,652169,30,44897,0,STAND/UNKNOWN/#0/LOW_FORCE/OK/act=1/mav=73151/base=435495/th=56455
1778760540.657,8742,-43,647754,30,44897,0,STAND/UNKNOWN/#0/LOW_FORCE/OK/act=1/mav=73151/base=435495/th=56455
1778760540.657,8743,-43,641323,30,44897,0,STAND/UNKNOWN/#0/LOW_FORCE/OK/act=1/mav=73151/base=435495/th=56455
1778760540.657,8744,-43,637814,30,44897,0,STAND/UNKNOWN/#0/LOW_FORCE/OK/act=1/mav=73151/base=435495/th=56455
1778760540.719,8745,-43,635156,30,44897,0,STAND/UNKNOWN/#0/LOW_FORCE/OK/act=1/mav=73151/base=435495/th=56455
1778760540.719,8746,-43,632934,30,44897,0,STAND/UNKNOWN/#0/LOW_FORCE/OK/act=1/mav=73151/base=435495/th=56455
1778760540.719,8747,-43,629709,30,44897,0,STAND/UNKNOWN/#0/LOW_FORCE/OK/act=1/mav=73151/base=435495/th=56455
1778760540.794,8748,-43,623431,30,44897,0,STAND/UNKNOWN/#0/LOW_FORCE/OK/act=1/mav=73151/base=435495/th=56455
1778760540.794,8749,-43,616640,30,44897,0,STAND/UNKNOWN/#0/LOW_FORCE/OK/act=1/mav=73151/base=435495/th=56455
1778760540.795,8750,-43,613098,30,44897,0,STAND/UNKNOWN/#0/LOW_FORCE/OK/act=1/mav=73151/base=435495/th=56455
1778760540.795,8751,-43,607899,30,44897,0,STAND/UNKNOWN/#0/LOW_FORCE/OK/act=1/mav=73151/base=435495/th=56455
1778760540.857,8752,-43,603763,30,62053,0,STAND/UNKNOWN/#0/LOW_FORCE/OK/act=1/mav=60057/base=435495/th=56455
1778760540.857,8753,-43,602818,30,62053,0,STAND/UNKNOWN/#0/LOW_FORCE/OK/act=1/mav=60057/base=435495/th=56455
1778760540.858,8754,-43,604573,30,62053,0,STAND/UNKNOWN/#0/LOW_FORCE/OK/act=1/mav=60057/base=435495/th=56455
1778760540.919,8755,-43,606996,30,62053,0,STAND/UNKNOWN/#0/LOW_FORCE/OK/act=1/mav=60057/base=435495/th=56455
1778760540.919,8756,-43,605953,30,62053,0,STAND/UNKNOWN/#0/LOW_FORCE/OK/act=1/mav=60057/base=435495/th=56455
1778760540.920,8757,-43,599684,30,62053,0,STAND/UNKNOWN/#0/LOW_FORCE/OK/act=1/mav=60057/base=435495/th=56455
1778760540.984,8758,-43,596824,30,62053,0,STAND/UNKNOWN/#0/LOW_FORCE/OK/act=1/mav=60057/base=435495/th=56455
1778760540.984,8759,-43,594802,30,62053,0,STAND/UNKNOWN/#0/LOW_FORCE/OK/act=1/mav=60057/base=435495/th=56455
1778760540.984,8760,-43,590875,30,62053,0,STAND/UNKNOWN/#0/LOW_FORCE/OK/act=1/mav=60057/base=435495/th=56455
1778760541.046,8761,-43,587690,30,62053,0,STAND/UNKNOWN/#0/LOW_FORCE/OK/act=1/mav=60057/base=435495/th=56455
1778760541.046,8762,-43,586786,30,62053,0,STAND/UNKNOWN/#0/LOW_FORCE/OK/act=1/mav=60057/base=435495/th=56455
1778760541.046,8763,-43,589493,30,62053,0,STAND/UNKNOWN/#0/LOW_FORCE/OK/act=1/mav=60057/base=435495/th=56455
1778760541.046,8764,-43,591061,30,14143,0,STAND/UNKNOWN/#0/LOW_FORCE/OK/act=1/mav=61390/base=435495/th=56455
1778760541.122,8765,-43,587556,30,14143,0,STAND/UNKNOWN/#0/LOW_FORCE/OK/act=1/mav=61390/base=435495/th=56455
1778760541.122,8766,-43,582229,30,14143,0,STAND/UNKNOWN/#0/LOW_FORCE/OK/act=1/mav=61390/base=435495/th=56455
1778760541.122,8767,-43,579377,30,14143,0,STAND/UNKNOWN/#0/LOW_FORCE/OK/act=1/mav=61390/base=435495/th=56455
1778760541.183,8768,-43,576227,30,14143,0,STAND/UNKNOWN/#0/LOW_FORCE/OK/act=1/mav=61390/base=435495/th=56455
1778760541.183,8769,-43,574136,30,14143,0,STAND/UNKNOWN/#0/LOW_FORCE/OK/act=1/mav=61390/base=435495/th=56455
1778760541.183,8770,-43,574682,30,14143,0,STAND/UNKNOWN/#0/LOW_FORCE/OK/act=1/mav=61390/base=435495/th=56455
1778760541.241,8771,-43,573474,30,14143,0,STAND/UNKNOWN/#0/LOW_FORCE/OK/act=1/mav=61390/base=435495/th=56455
1778760541.241,8772,-43,573747,30,14143,0,STAND/UNKNOWN/#0/LOW_FORCE/OK/act=1/mav=61390/base=435495/th=56455
1778760541.241,8773,-43,575136,30,14143,0,STAND/UNKNOWN/#0/LOW_FORCE/OK/act=1/mav=61390/base=435495/th=56455
1778760541.308,8774,-43,571603,30,14143,0,STAND/UNKNOWN/#0/LOW_FORCE/OK/act=1/mav=61390/base=435495/th=56455
1778760541.308,8775,-43,564133,30,14143,0,STAND/UNKNOWN/#0/LOW_FORCE/OK/act=1/mav=61390/base=435495/th=56455
1778760541.308,8776,-43,566228,30,14143,0,STAND/UNKNOWN/#0/LOW_FORCE/OK/act=1/mav=61390/base=435495/th=56455
1778760541.385,8777,-43,563656,0,56580,1,STAND/UNKNOWN/#0/LOW_FORCE/REST/act=0/mav=47038/base=435495/th=56455
1778760541.385,8778,-43,560992,0,56580,1,STAND/UNKNOWN/#0/LOW_FORCE/REST/act=0/mav=47038/base=435495/th=56455
1778760541.385,8779,-43,562313,0,56580,1,STAND/UNKNOWN/#0/LOW_FORCE/REST/act=0/mav=47038/base=435495/th=56455
1778760541.385,8780,-43,559524,0,56580,1,STAND/UNKNOWN/#0/LOW_FORCE/REST/act=0/mav=47038/base=435495/th=56455
1778760541.473,8781,-43,557226,0,56580,1,STAND/UNKNOWN/#0/LOW_FORCE/REST/act=0/mav=47038/base=435495/th=56455
1778760541.474,8782,-43,551546,0,56580,1,STAND/UNKNOWN/#0/LOW_FORCE/REST/act=0/mav=47038/base=435495/th=56455
1778760541.474,8783,-43,545750,0,56580,1,STAND/UNKNOWN/#0/LOW_FORCE/REST/act=0/mav=47038/base=435495/th=56455
1778760541.474,8784,-43,543771,0,56580,1,STAND/UNKNOWN/#0/LOW_FORCE/REST/act=0/mav=47038/base=435495/th=56455
1778760541.474,8785,-43,539971,0,56580,1,STAND/UNKNOWN/#0/LOW_FORCE/REST/act=0/mav=47038/base=435495/th=56455
1778760541.532,8786,-43,536023,0,56580,1,STAND/UNKNOWN/#0/LOW_FORCE/REST/act=0/mav=47038/base=435495/th=56455
1778760541.533,8787,-43,533541,0,56580,1,STAND/UNKNOWN/#0/LOW_FORCE/REST/act=0/mav=47038/base=435495/th=56455
1778760541.533,8788,-43,533829,0,56580,1,STAND/UNKNOWN/#0/LOW_FORCE/REST/act=0/mav=47038/base=435495/th=56455
1778760541.595,8789,-43,535758,0,56580,1,STAND/UNKNOWN/#0/LOW_FORCE/REST/act=0/mav=47038/base=435495/th=56455
1778760541.595,8790,-43,532455,0,43649,7,STAND/UNKNOWN/#0/LOW_FORCE/REST/act=0/mav=35822/base=435495/th=56455
1778760541.595,8791,-43,525138,0,43649,7,STAND/UNKNOWN/#0/LOW_FORCE/REST/act=0/mav=35822/base=435495/th=56455
1778760541.668,8792,-43,521301,0,43649,7,STAND/UNKNOWN/#0/LOW_FORCE/REST/act=0/mav=35822/base=435495/th=56455
1778760541.668,8793,-43,519968,0,43649,7,STAND/UNKNOWN/#0/LOW_FORCE/REST/act=0/mav=35822/base=435495/th=56455
1778760541.668,8794,-43,513808,0,43649,7,STAND/UNKNOWN/#0/LOW_FORCE/REST/act=0/mav=35822/base=435495/th=56455
1778760541.668,8795,-43,510478,0,43649,7,STAND/UNKNOWN/#0/LOW_FORCE/REST/act=0/mav=35822/base=435495/th=56455
1778760541.730,8796,-43,505258,0,43649,7,STAND/UNKNOWN/#0/LOW_FORCE/REST/act=0/mav=35822/base=435495/th=56455
1778760541.730,8797,-43,491188,0,43649,7,STAND/UNKNOWN/#0/LOW_FORCE/REST/act=0/mav=35822/base=435495/th=56455
1778760541.730,8798,-43,472006,0,43649,7,STAND/UNKNOWN/#0/LOW_FORCE/REST/act=0/mav=35822/base=435495/th=56455
1778760541.789,8799,-43,456741,0,43649,7,STAND/UNKNOWN/#0/LOW_FORCE/REST/act=0/mav=35822/base=435495/th=56455
1778760541.789,8800,-43,449815,0,43649,7,STAND/UNKNOWN/#0/LOW_FORCE/REST/act=0/mav=35822/base=435495/th=56455
1778760541.789,8801,-43,449938,0,43649,7,STAND/UNKNOWN/#0/LOW_FORCE/REST/act=0/mav=35822/base=435495/th=56455
1778760541.857,8802,-43,469596,0,43649,7,STAND/UNKNOWN/#0/LOW_FORCE/REST/act=0/mav=35822/base=435495/th=56455
1778760541.857,8803,-43,462548,0,47304,11,STAND/UNKNOWN/#0/LOW_FORCE/REST/act=0/mav=39409/base=435495/th=56455
1778760541.857,8804,-43,461656,0,47304,11,STAND/UNKNOWN/#0/LOW_FORCE/REST/act=0/mav=39409/base=435495/th=56455
1778760541.942,8805,-43,463434,0,47304,11,STAND/UNKNOWN/#0/LOW_FORCE/REST/act=0/mav=39409/base=435495/th=56455
1778760541.943,8806,-43,461373,0,47304,11,STAND/UNKNOWN/#0/LOW_FORCE/REST/act=0/mav=39409/base=435495/th=56455
1778760541.943,8807,-43,456856,0,47304,11,STAND/UNKNOWN/#0/LOW_FORCE/REST/act=0/mav=39409/base=435495/th=56455
1778760541.943,8808,-43,455393,0,47304,11,STAND/UNKNOWN/#0/LOW_FORCE/REST/act=0/mav=39409/base=435495/th=56455
1778760542.001,8809,-43,455765,0,47304,11,STAND/UNKNOWN/#0/LOW_FORCE/REST/act=0/mav=39409/base=435495/th=56455
1778760542.001,8810,-43,455855,0,47304,11,STAND/UNKNOWN/#0/LOW_FORCE/REST/act=0/mav=39409/base=435495/th=56455
1778760542.001,8811,-43,463285,0,47304,11,STAND/UNKNOWN/#0/LOW_FORCE/REST/act=0/mav=39409/base=435495/th=56455
1778760542.058,8812,-43,472106,0,47304,11,STAND/UNKNOWN/#0/LOW_FORCE/REST/act=0/mav=39409/base=435495/th=56455
1778760542.059,8813,-43,477816,0,47304,11,STAND/UNKNOWN/#0/LOW_FORCE/REST/act=0/mav=39409/base=435495/th=56455
1778760542.059,8814,-43,479385,0,47304,11,STAND/UNKNOWN/#0/LOW_FORCE/REST/act=0/mav=39409/base=435495/th=56455
1778760542.115,8815,-43,478307,0,47304,11,STAND/UNKNOWN/#0/LOW_FORCE/REST/act=0/mav=39409/base=435495/th=56455
1778760542.115,8816,-43,479962,0,48386,13,STAND/UNKNOWN/#0/LOW_FORCE/REST/act=0/mav=40901/base=435495/th=56455
1778760542.115,8817,-43,479176,0,48386,13,STAND/UNKNOWN/#0/LOW_FORCE/REST/act=0/mav=40901/base=435495/th=56455
1778760542.169,8818,-43,478366,0,48386,13,STAND/UNKNOWN/#0/LOW_FORCE/REST/act=0/mav=40901/base=435495/th=56455
1778760542.169,8819,-43,482218,0,48386,13,STAND/UNKNOWN/#0/LOW_FORCE/REST/act=0/mav=40901/base=435495/th=56455
1778760542.170,8820,-43,489152,0,48386,13,STAND/UNKNOWN/#0/LOW_FORCE/REST/act=0/mav=40901/base=435495/th=56455
1778760542.227,8821,-43,493671,0,48386,13,STAND/UNKNOWN/#0/LOW_FORCE/REST/act=0/mav=40901/base=435495/th=56455
1778760542.227,8822,-43,490838,0,48386,13,STAND/UNKNOWN/#0/LOW_FORCE/REST/act=0/mav=40901/base=435495/th=56455
1778760542.227,8823,-43,488079,0,48386,13,STAND/UNKNOWN/#0/LOW_FORCE/REST/act=0/mav=40901/base=435495/th=56455
1778760542.286,8824,-43,485698,0,48386,13,STAND/UNKNOWN/#0/LOW_FORCE/REST/act=0/mav=40901/base=435495/th=56455
1778760542.286,8825,-43,485667,0,48386,13,STAND/UNKNOWN/#0/LOW_FORCE/REST/act=0/mav=40901/base=435495/th=56455
1778760542.348,8826,-43,483522,0,48386,13,STAND/UNKNOWN/#0/LOW_FORCE/REST/act=0/mav=40901/base=435495/th=56455
1778760542.348,8827,-43,487165,0,48386,13,STAND/UNKNOWN/#0/LOW_FORCE/REST/act=0/mav=40901/base=435495/th=56455
1778760542.348,8828,-43,491724,0,37967,11,STAND/UNKNOWN/#0/LOW_FORCE/REST/act=0/mav=31218/base=435495/th=56455
1778760542.348,8829,-43,497074,0,37967,11,STAND/UNKNOWN/#0/LOW_FORCE/REST/act=0/mav=31218/base=435495/th=56455
1778760542.408,8830,-43,497954,0,37967,11,STAND/UNKNOWN/#0/LOW_FORCE/REST/act=0/mav=31218/base=435495/th=56455
1778760542.409,8831,-43,500014,0,37967,11,STAND/UNKNOWN/#0/LOW_FORCE/REST/act=0/mav=31218/base=435495/th=56455
1778760542.409,8832,-43,505393,0,37967,11,STAND/UNKNOWN/#0/LOW_FORCE/REST/act=0/mav=31218/base=435495/th=56455
1778760542.500,8833,-43,505544,0,37967,11,STAND/UNKNOWN/#0/LOW_FORCE/REST/act=0/mav=31218/base=435495/th=56455
1778760542.501,8834,-43,503729,0,37967,11,STAND/UNKNOWN/#0/LOW_FORCE/REST/act=0/mav=31218/base=435495/th=56455
1778760542.501,8835,-43,502850,0,37967,11,STAND/UNKNOWN/#0/LOW_FORCE/REST/act=0/mav=31218/base=435495/th=56455
1778760542.501,8836,-43,508624,0,37967,11,STAND/UNKNOWN/#0/LOW_FORCE/REST/act=0/mav=31218/base=435495/th=56455
1778760542.564,8837,-43,514909,0,37967,11,STAND/UNKNOWN/#0/LOW_FORCE/REST/act=0/mav=31218/base=435495/th=56455
1778760542.564,8838,-43,507909,0,37967,11,STAND/UNKNOWN/#0/LOW_FORCE/REST/act=0/mav=31218/base=435495/th=56455
1778760542.564,8839,-43,501097,0,37967,11,STAND/UNKNOWN/#0/LOW_FORCE/REST/act=0/mav=31218/base=435495/th=56455
1778760542.626,8840,-43,492081,0,37967,11,STAND/UNKNOWN/#0/LOW_FORCE/REST/act=0/mav=31218/base=435495/th=56455
1778760542.626,8841,-43,481014,0,35369,9,STAND/UNKNOWN/#0/LOW_FORCE/REST/act=0/mav=27454/base=435495/th=56455
1778760542.626,8842,-43,476119,0,35369,9,STAND/UNKNOWN/#0/LOW_FORCE/REST/act=0/mav=27454/base=435495/th=56455
1778760542.626,8843,-43,476354,0,35369,9,STAND/UNKNOWN/#0/LOW_FORCE/REST/act=0/mav=27454/base=435495/th=56455
1778760542.689,8844,-43,486039,0,35369,9,STAND/UNKNOWN/#0/LOW_FORCE/REST/act=0/mav=27454/base=435495/th=56455
1778760542.689,8845,-43,523128,0,35369,9,STAND/UNKNOWN/#0/LOW_FORCE/REST/act=0/mav=27454/base=435495/th=56455
1778760542.689,8846,-43,528462,0,35369,9,STAND/UNKNOWN/#0/LOW_FORCE/REST/act=0/mav=27454/base=435495/th=56455
1778760542.755,8847,-43,510605,0,35369,9,STAND/UNKNOWN/#0/LOW_FORCE/REST/act=0/mav=27454/base=435495/th=56455
1778760542.755,8848,-43,506695,0,35369,9,STAND/UNKNOWN/#0/LOW_FORCE/REST/act=0/mav=27454/base=435495/th=56455
1778760542.755,8849,-43,503569,0,35369,9,STAND/UNKNOWN/#0/LOW_FORCE/REST/act=0/mav=27454/base=435495/th=56455
1778760542.818,8850,-43,506776,0,35369,9,STAND/UNKNOWN/#0/LOW_FORCE/REST/act=0/mav=27454/base=435495/th=56455
1778760542.818,8851,-43,522294,0,35369,9,STAND/UNKNOWN/#0/LOW_FORCE/REST/act=0/mav=27454/base=435495/th=56455
1778760542.818,8852,-43,525486,0,35369,9,STAND/UNKNOWN/#0/LOW_FORCE/REST/act=0/mav=27454/base=435495/th=56455
1778760542.882,8853,-43,521286,0,35369,9,STAND/UNKNOWN/#0/LOW_FORCE/REST/act=0/mav=27454/base=435495/th=56455
1778760542.882,8854,-43,514222,0,40495,10,STAND/UNKNOWN/#0/LOW_FORCE/REST/act=0/mav=30536/base=435495/th=56455
1778760542.882,8855,-43,507307,0,40495,10,STAND/UNKNOWN/#0/LOW_FORCE/REST/act=0/mav=30536/base=435495/th=56455
1778760542.944,8856,-43,502988,0,40495,10,STAND/UNKNOWN/#0/LOW_FORCE/REST/act=0/mav=30536/base=435495/th=56455
1778760542.944,8857,-43,498122,0,40495,10,STAND/UNKNOWN/#0/LOW_FORCE/REST/act=0/mav=30536/base=435495/th=56455
1778760542.944,8858,-43,490920,0,40495,10,STAND/UNKNOWN/#0/LOW_FORCE/REST/act=0/mav=30536/base=435495/th=56455
1778760543.006,8859,-43,490442,0,40495,10,STAND/UNKNOWN/#0/LOW_FORCE/REST/act=0/mav=30536/base=435495/th=56455
1778760543.006,8860,-43,491634,0,40495,10,STAND/UNKNOWN/#0/LOW_FORCE/REST/act=0/mav=30536/base=435495/th=56455
1778760543.006,8861,-43,492399,0,40495,10,STAND/UNKNOWN/#0/LOW_FORCE/REST/act=0/mav=30536/base=435495/th=56455
1778760543.006,8862,-43,488625,0,40495,10,STAND/UNKNOWN/#0/LOW_FORCE/REST/act=0/mav=30536/base=435495/th=56455
1778760543.071,8863,-43,483134,0,40495,10,STAND/UNKNOWN/#0/LOW_FORCE/REST/act=0/mav=30536/base=435495/th=56455
1778760543.071,8864,-43,480923,0,40495,10,STAND/UNKNOWN/#0/LOW_FORCE/REST/act=0/mav=30536/base=435495/th=56455
1778760543.071,8865,-43,477924,0,40495,10,STAND/UNKNOWN/#0/LOW_FORCE/REST/act=0/mav=30536/base=435495/th=56455
1778760543.134,8866,-43,473343,0,40495,10,STAND/UNKNOWN/#0/LOW_FORCE/REST/act=0/mav=30536/base=435495/th=56455
1778760543.135,8867,-43,474608,0,41069,10,STAND/UNKNOWN/#0/LOW_FORCE/REST/act=0/mav=32126/base=435495/th=56455
1778760543.135,8868,-43,477295,0,41069,10,STAND/UNKNOWN/#0/LOW_FORCE/REST/act=0/mav=32126/base=435495/th=56455
1778760543.199,8869,-43,467136,0,41069,10,STAND/UNKNOWN/#0/LOW_FORCE/REST/act=0/mav=32126/base=435495/th=56455
1778760543.199,8870,-43,460579,0,41069,10,STAND/UNKNOWN/#0/LOW_FORCE/REST/act=0/mav=32126/base=435495/th=56455
1778760543.199,8871,-43,459121,0,41069,10,STAND/UNKNOWN/#0/LOW_FORCE/REST/act=0/mav=32126/base=435495/th=56455
1778760543.305,8872,-43,460039,0,41069,10,STAND/UNKNOWN/#0/LOW_FORCE/REST/act=0/mav=32126/base=435495/th=56455
1778760543.306,8873,-43,459593,0,41069,10,STAND/UNKNOWN/#0/LOW_FORCE/REST/act=0/mav=32126/base=435495/th=56455
1778760543.306,8874,-43,456296,0,41069,10,STAND/UNKNOWN/#0/LOW_FORCE/REST/act=0/mav=32126/base=435495/th=56455
1778760543.306,8875,-43,467691,0,41069,10,STAND/UNKNOWN/#0/LOW_FORCE/REST/act=0/mav=32126/base=435495/th=56455
1778760543.306,8876,-43,490116,0,41069,10,STAND/UNKNOWN/#0/LOW_FORCE/REST/act=0/mav=32126/base=435495/th=56455
1778760543.307,8877,-43,493191,0,41069,10,STAND/UNKNOWN/#0/LOW_FORCE/REST/act=0/mav=32126/base=435495/th=56455
1778760543.374,8878,-43,497389,0,41069,10,STAND/UNKNOWN/#0/LOW_FORCE/REST/act=0/mav=32126/base=435495/th=56455
1778760543.374,8879,-43,488456,0,41069,10,STAND/UNKNOWN/#0/LOW_FORCE/REST/act=0/mav=32126/base=435495/th=56455
1778760543.374,8880,-43,480007,0,42164,20,STAND/UNKNOWN/#0/LOW_FORCE/REST/act=0/mav=35163/base=435495/th=56455
1778760543.434,8881,-43,475501,0,42164,20,STAND/UNKNOWN/#0/LOW_FORCE/REST/act=0/mav=35163/base=435495/th=56455
1778760543.434,8882,-43,469273,0,42164,20,STAND/UNKNOWN/#0/LOW_FORCE/REST/act=0/mav=35163/base=435495/th=56455
1778760543.434,8883,-43,467084,0,42164,20,STAND/UNKNOWN/#0/LOW_FORCE/REST/act=0/mav=35163/base=435495/th=56455
1778760543.493,8884,-43,468470,0,42164,20,STAND/UNKNOWN/#0/LOW_FORCE/REST/act=0/mav=35163/base=435495/th=56455
1778760543.494,8885,-43,469928,0,42164,20,STAND/UNKNOWN/#0/LOW_FORCE/REST/act=0/mav=35163/base=435495/th=56455
1778760543.494,8886,-43,466223,0,42164,20,STAND/UNKNOWN/#0/LOW_FORCE/REST/act=0/mav=35163/base=435495/th=56455
1778760543.572,8887,-43,461695,0,42164,20,STAND/UNKNOWN/#0/LOW_FORCE/REST/act=0/mav=35163/base=435495/th=56455
1778760543.572,8888,-43,459784,0,42164,20,STAND/UNKNOWN/#0/LOW_FORCE/REST/act=0/mav=35163/base=435495/th=56455
1778760543.573,8889,-43,462007,0,42164,20,STAND/UNKNOWN/#0/LOW_FORCE/REST/act=0/mav=35163/base=435495/th=56455
1778760543.573,8890,-43,457419,0,42164,20,STAND/UNKNOWN/#0/LOW_FORCE/REST/act=0/mav=35163/base=435495/th=56455
1778760543.648,8891,-43,459156,0,42164,20,STAND/UNKNOWN/#0/LOW_FORCE/REST/act=0/mav=35163/base=435495/th=56455
1778760543.649,8892,-43,463616,0,44226,32,STAND/UNKNOWN/#0/LOW_FORCE/REST/act=0/mav=38232/base=435495/th=56455
1778760543.649,8893,-43,466618,0,44226,32,STAND/UNKNOWN/#0/LOW_FORCE/REST/act=0/mav=38232/base=435495/th=56455
1778760543.649,8894,-43,465403,0,44226,32,STAND/UNKNOWN/#0/LOW_FORCE/REST/act=0/mav=38232/base=435495/th=56455
1778760543.707,8895,-43,461149,0,44226,32,STAND/UNKNOWN/#0/LOW_FORCE/REST/act=0/mav=38232/base=435495/th=56455
1778760543.708,8896,-43,460427,0,44226,32,STAND/UNKNOWN/#0/LOW_FORCE/REST/act=0/mav=38232/base=435495/th=56455
1778760543.708,8897,-43,462146,0,44226,32,STAND/UNKNOWN/#0/LOW_FORCE/REST/act=0/mav=38232/base=435495/th=56455
1778760543.800,8898,-43,461157,0,44226,32,STAND/UNKNOWN/#0/LOW_FORCE/REST/act=0/mav=38232/base=435495/th=56455
1778760543.801,8899,-43,465042,0,44226,32,STAND/UNKNOWN/#0/LOW_FORCE/REST/act=0/mav=38232/base=435495/th=56455
1778760543.801,8900,-43,469254,0,44226,32,STAND/UNKNOWN/#0/LOW_FORCE/REST/act=0/mav=38232/base=435495/th=56455
1778760543.801,8901,-43,473964,0,44226,32,STAND/UNKNOWN/#0/LOW_FORCE/REST/act=0/mav=38232/base=435495/th=56455
1778760543.860,8902,-43,470795,0,44226,32,STAND/UNKNOWN/#0/LOW_FORCE/REST/act=0/mav=38232/base=435495/th=56455
1778760543.861,8903,-43,463806,0,44226,32,STAND/UNKNOWN/#0/LOW_FORCE/REST/act=0/mav=38232/base=435495/th=56455
1778760543.861,8904,-43,463783,0,44226,32,STAND/UNKNOWN/#0/LOW_FORCE/REST/act=0/mav=38232/base=435495/th=56455
1778760543.920,8905,-43,463573,0,44885,44,STAND/UNKNOWN/#0/LOW_FORCE/REST/act=0/mav=39477/base=435495/th=56455
1778760543.921,8906,-43,459563,0,44885,44,STAND/UNKNOWN/#0/LOW_FORCE/REST/act=0/mav=39477/base=435495/th=56455
1778760543.921,8907,-43,462747,0,44885,44,STAND/UNKNOWN/#0/LOW_FORCE/REST/act=0/mav=39477/base=435495/th=56455
1778760543.985,8908,-43,467273,0,44885,44,STAND/UNKNOWN/#0/LOW_FORCE/REST/act=0/mav=39477/base=435495/th=56455
1778760543.986,8909,-43,470986,0,44885,44,STAND/UNKNOWN/#0/LOW_FORCE/REST/act=0/mav=39477/base=435495/th=56455
1778760543.986,8910,-43,474905,0,44885,44,STAND/UNKNOWN/#0/LOW_FORCE/REST/act=0/mav=39477/base=435495/th=56455
1778760543.986,8911,-43,477168,0,44885,44,STAND/UNKNOWN/#0/LOW_FORCE/REST/act=0/mav=39477/base=435495/th=56455
1778760544.062,8912,-43,473319,0,44885,44,STAND/UNKNOWN/#0/LOW_FORCE/REST/act=0/mav=39477/base=435495/th=56455
1778760544.062,8913,-43,470253,0,44885,44,STAND/UNKNOWN/#0/LOW_FORCE/REST/act=0/mav=39477/base=435495/th=56455
1778760544.063,8914,-43,467169,0,44885,44,STAND/UNKNOWN/#0/LOW_FORCE/REST/act=0/mav=39477/base=435495/th=56455
1778760544.127,8915,-43,466603,0,44885,44,STAND/UNKNOWN/#0/LOW_FORCE/REST/act=0/mav=39477/base=435495/th=56455
1778760544.128,8916,-43,465383,0,44885,44,STAND/UNKNOWN/#0/LOW_FORCE/REST/act=0/mav=39477/base=435495/th=56455
1778760544.128,8917,-43,421712,0,44885,44,STAND/UNKNOWN/#0/LOW_FORCE/REST/act=0/mav=39477/base=435495/th=56455
1778760544.128,8918,-43,428216,0,47676,46,STAND/UNKNOWN/#0/LOW_FORCE/REST/act=0/mav=41092/base=435495/th=56455
1778760544.194,8919,-43,429472,0,47676,46,STAND/UNKNOWN/#0/LOW_FORCE/REST/act=0/mav=41092/base=435495/th=56455
1778760544.194,8920,-43,432288,0,47676,46,STAND/UNKNOWN/#0/LOW_FORCE/REST/act=0/mav=41092/base=435495/th=56455
1778760544.194,8921,-43,432858,0,47676,46,STAND/UNKNOWN/#0/LOW_FORCE/REST/act=0/mav=41092/base=435495/th=56455
1778760544.272,8922,-43,434455,0,47676,46,STAND/UNKNOWN/#0/LOW_FORCE/REST/act=0/mav=41092/base=435495/th=56455
1778760544.272,8923,-43,437409,0,47676,46,STAND/UNKNOWN/#0/LOW_FORCE/REST/act=0/mav=41092/base=435495/th=56455
1778760544.272,8924,-43,441466,0,47676,46,STAND/UNKNOWN/#0/LOW_FORCE/REST/act=0/mav=41092/base=435495/th=56455
1778760544.272,8925,-43,443919,0,47676,46,STAND/UNKNOWN/#0/LOW_FORCE/REST/act=0/mav=41092/base=435495/th=56455
1778760544.352,8926,-43,441731,0,47676,46,STAND/UNKNOWN/#0/LOW_FORCE/REST/act=0/mav=41092/base=435495/th=56455
1778760544.352,8927,-43,436188,0,47676,46,STAND/UNKNOWN/#0/LOW_FORCE/REST/act=0/mav=41092/base=435495/th=56455
1778760544.352,8928,-43,433474,0,47676,46,STAND/UNKNOWN/#0/LOW_FORCE/REST/act=0/mav=41092/base=435495/th=56455
1778760544.352,8929,-43,434519,0,47676,46,STAND/UNKNOWN/#0/LOW_FORCE/REST/act=0/mav=41092/base=435495/th=56455
1778760544.420,8930,-43,431502,0,47676,46,STAND/UNKNOWN/#0/LOW_FORCE/REST/act=0/mav=41092/base=435495/th=56455
1778760544.420,8931,-43,435696,0,51247,42,STAND/UNKNOWN/#0/LOW_FORCE/REST/act=0/mav=45166/base=435495/th=56455
1778760544.420,8932,-43,439644,0,51247,42,STAND/UNKNOWN/#0/LOW_FORCE/REST/act=0/mav=45166/base=435495/th=56455
1778760544.494,8933,-43,442495,0,51247,42,STAND/UNKNOWN/#0/LOW_FORCE/REST/act=0/mav=45166/base=435495/th=56455
1778760544.495,8934,-43,439916,0,51247,42,STAND/UNKNOWN/#0/LOW_FORCE/REST/act=0/mav=45166/base=435495/th=56455
1778760544.495,8935,-43,435736,0,51247,42,STAND/UNKNOWN/#0/LOW_FORCE/REST/act=0/mav=45166/base=435495/th=56455
1778760544.495,8936,-43,434788,0,51247,42,STAND/UNKNOWN/#0/LOW_FORCE/REST/act=0/mav=45166/base=435495/th=56455
1778760544.556,8937,-43,457084,0,51247,42,STAND/UNKNOWN/#0/LOW_FORCE/REST/act=0/mav=45166/base=435495/th=56455
1778760544.556,8938,-43,447511,0,51247,42,STAND/UNKNOWN/#0/LOW_FORCE/REST/act=0/mav=45166/base=435495/th=56455
1778760544.557,8939,-43,444335,0,51247,42,STAND/UNKNOWN/#0/LOW_FORCE/REST/act=0/mav=45166/base=435495/th=56455
1778760544.643,8940,-43,445763,0,51247,42,STAND/UNKNOWN/#0/LOW_FORCE/REST/act=0/mav=45166/base=435495/th=56455
1778760544.643,8941,-43,444349,0,51247,42,STAND/UNKNOWN/#0/LOW_FORCE/REST/act=0/mav=45166/base=435495/th=56455
1778760544.644,8942,-43,410139,0,51247,42,STAND/UNKNOWN/#0/LOW_FORCE/REST/act=0/mav=45166/base=435495/th=56455
1778760544.644,8943,-43,409291,0,51247,42,STAND/UNKNOWN/#0/LOW_FORCE/REST/act=0/mav=45166/base=435495/th=56455
1778760544.724,8944,-43,409838,0,54035,43,STAND/UNKNOWN/#0/LOW_FORCE/REST/act=0/mav=48208/base=435495/th=56455
1778760544.724,8945,-43,409206,0,54035,43,STAND/UNKNOWN/#0/LOW_FORCE/REST/act=0/mav=48208/base=435495/th=56455
1778760544.724,8946,-43,408743,0,54035,43,STAND/UNKNOWN/#0/LOW_FORCE/REST/act=0/mav=48208/base=435495/th=56455
1778760544.724,8947,-43,410154,0,54035,43,STAND/UNKNOWN/#0/LOW_FORCE/REST/act=0/mav=48208/base=435495/th=56455
1778760544.784,8948,-43,415021,0,54035,43,STAND/UNKNOWN/#0/LOW_FORCE/REST/act=0/mav=48208/base=435495/th=56455
1778760544.784,8949,-43,419436,0,54035,43,STAND/UNKNOWN/#0/LOW_FORCE/REST/act=0/mav=48208/base=435495/th=56455
1778760544.784,8950,-43,418201,0,54035,43,STAND/UNKNOWN/#0/LOW_FORCE/REST/act=0/mav=48208/base=435495/th=56455
1778760544.887,8951,-43,414559,0,54035,43,STAND/UNKNOWN/#0/LOW_FORCE/REST/act=0/mav=48208/base=435495/th=56455
1778760544.888,8952,-43,412301,0,54035,43,STAND/UNKNOWN/#0/LOW_FORCE/REST/act=0/mav=48208/base=435495/th=56455
1778760544.888,8953,-43,409139,0,54035,43,STAND/UNKNOWN/#0/LOW_FORCE/REST/act=0/mav=48208/base=435495/th=56455
1778760544.888,8954,-43,403906,0,54035,43,STAND/UNKNOWN/#0/LOW_FORCE/REST/act=0/mav=48208/base=435495/th=56455
1778760544.888,8955,-43,403122,0,54035,43,STAND/UNKNOWN/#0/LOW_FORCE/REST/act=0/mav=48208/base=435495/th=56455
1778760544.888,8956,-43,404752,0,55698,44,STAND/UNKNOWN/#0/LOW_FORCE/REST/act=0/mav=49771/base=435495/th=56455
1778760544.954,8957,-43,406622,0,55698,44,STAND/UNKNOWN/#0/LOW_FORCE/REST/act=0/mav=49771/base=435495/th=56455
1778760544.955,8958,-43,401318,0,55698,44,STAND/UNKNOWN/#0/LOW_FORCE/REST/act=0/mav=49771/base=435495/th=56455
1778760544.955,8959,-43,396474,0,55698,44,STAND/UNKNOWN/#0/LOW_FORCE/REST/act=0/mav=49771/base=435495/th=56455
1778760545.052,8960,-43,392985,0,55698,44,STAND/UNKNOWN/#0/LOW_FORCE/REST/act=0/mav=49771/base=435495/th=56455
1778760545.053,8961,-43,390499,0,55698,44,STAND/UNKNOWN/#0/LOW_FORCE/REST/act=0/mav=49771/base=435495/th=56455
1778760545.053,8962,-43,387454,0,55698,44,STAND/UNKNOWN/#0/LOW_FORCE/REST/act=0/mav=49771/base=435495/th=56455
1778760545.053,8963,-43,387519,0,55698,44,STAND/UNKNOWN/#0/LOW_FORCE/REST/act=0/mav=49771/base=435495/th=56455
1778760545.053,8964,-43,390363,0,55698,44,STAND/UNKNOWN/#0/LOW_FORCE/REST/act=0/mav=49771/base=435495/th=56455
1778760545.141,8965,-43,392564,0,55698,44,STAND/UNKNOWN/#0/LOW_FORCE/REST/act=0/mav=49771/base=435495/th=56455
1778760545.142,8966,-43,388957,0,55698,44,STAND/UNKNOWN/#0/LOW_FORCE/REST/act=0/mav=49771/base=435495/th=56455
1778760545.142,8967,-43,382847,0,55698,44,STAND/UNKNOWN/#0/LOW_FORCE/REST/act=0/mav=49771/base=435495/th=56455
1778760545.142,8968,-43,379949,0,55698,44,STAND/UNKNOWN/#0/LOW_FORCE/REST/act=0/mav=49771/base=435495/th=56455
1778760545.235,8969,-43,378764,0,57585,49,STAND/UNKNOWN/#0/LOW_FORCE/REST/act=0/mav=52504/base=435495/th=56455
1778760545.235,8970,-43,375288,0,57585,49,STAND/UNKNOWN/#0/LOW_FORCE/REST/act=0/mav=52504/base=435495/th=56455
1778760545.236,8971,-43,375819,0,57585,49,STAND/UNKNOWN/#0/LOW_FORCE/REST/act=0/mav=52504/base=435495/th=56455
1778760545.236,8972,-43,380270,0,57585,49,STAND/UNKNOWN/#0/LOW_FORCE/REST/act=0/mav=52504/base=435495/th=56455
1778760545.236,8973,-43,381013,0,57585,49,STAND/UNKNOWN/#0/LOW_FORCE/REST/act=0/mav=52504/base=435495/th=56455
1778760545.319,8974,-43,378618,0,57585,49,STAND/UNKNOWN/#0/LOW_FORCE/REST/act=0/mav=52504/base=435495/th=56455
1778760545.319,8975,-43,372801,0,57585,49,STAND/UNKNOWN/#0/LOW_FORCE/REST/act=0/mav=52504/base=435495/th=56455
1778760545.319,8976,-43,370281,0,57585,49,STAND/UNKNOWN/#0/LOW_FORCE/REST/act=0/mav=52504/base=435495/th=56455
1778760545.319,8977,-43,368846,0,57585,49,STAND/UNKNOWN/#0/LOW_FORCE/REST/act=0/mav=52504/base=435495/th=56455
1778760545.417,8978,-43,365376,0,57585,49,STAND/UNKNOWN/#0/LOW_FORCE/REST/act=0/mav=52504/base=435495/th=56455
1778760545.417,8979,-43,365793,0,57585,49,STAND/UNKNOWN/#0/LOW_FORCE/REST/act=0/mav=52504/base=435495/th=56455
1778760545.417,8980,-43,368843,0,57585,49,STAND/UNKNOWN/#0/LOW_FORCE/REST/act=0/mav=52504/base=435495/th=56455
1778760545.418,8981,-43,371104,0,57585,49,STAND/UNKNOWN/#0/LOW_FORCE/REST/act=0/mav=52504/base=435495/th=56455
1778760545.420,8982,-43,371329,0,59489,52,STAND/UNKNOWN/#0/LOW_FORCE/REST/act=0/mav=54107/base=435495/th=56455
1778760545.502,8983,-43,365852,0,59489,52,STAND/UNKNOWN/#0/LOW_FORCE/REST/act=0/mav=54107/base=435495/th=56455
1778760545.502,8984,-43,363484,0,59489,52,STAND/UNKNOWN/#0/LOW_FORCE/REST/act=0/mav=54107/base=435495/th=56455
1778760545.502,8985,-43,361884,0,59489,52,STAND/UNKNOWN/#0/LOW_FORCE/REST/act=0/mav=54107/base=435495/th=56455
1778760545.502,8986,-43,358823,0,59489,52,STAND/UNKNOWN/#0/LOW_FORCE/REST/act=0/mav=54107/base=435495/th=56455
1778760545.571,8987,-43,361315,0,59489,52,STAND/UNKNOWN/#0/LOW_FORCE/REST/act=0/mav=54107/base=435495/th=56455
1778760545.571,8988,-43,363168,0,59489,52,STAND/UNKNOWN/#0/LOW_FORCE/REST/act=0/mav=54107/base=435495/th=56455
1778760545.571,8989,-43,364438,0,59489,52,STAND/UNKNOWN/#0/LOW_FORCE/REST/act=0/mav=54107/base=435495/th=56455
1778760545.571,8990,-43,360135,0,59489,52,STAND/UNKNOWN/#0/LOW_FORCE/REST/act=0/mav=54107/base=435495/th=56455
1778760545.656,8991,-43,356507,0,59489,52,STAND/UNKNOWN/#0/LOW_FORCE/REST/act=0/mav=54107/base=435495/th=56455
1778760545.657,8992,-43,353899,0,59489,52,STAND/UNKNOWN/#0/LOW_FORCE/REST/act=0/mav=54107/base=435495/th=56455
1778760545.657,8993,-43,353624,0,59489,52,STAND/UNKNOWN/#0/LOW_FORCE/REST/act=0/mav=54107/base=435495/th=56455
1778760545.657,8994,-43,349969,0,59489,52,STAND/UNKNOWN/#0/LOW_FORCE/REST/act=0/mav=54107/base=435495/th=56455
1778760545.725,8995,-43,350682,0,61026,51,STAND/UNKNOWN/#0/LOW_FORCE/REST/act=0/mav=55341/base=435495/th=56455
1778760545.726,8996,-43,354564,0,61026,51,STAND/UNKNOWN/#0/LOW_FORCE/REST/act=0/mav=55341/base=435495/th=56455
1778760545.726,8997,-43,356759,0,61026,51,STAND/UNKNOWN/#0/LOW_FORCE/REST/act=0/mav=55341/base=435495/th=56455
1778760545.726,8998,-43,355521,0,61026,51,STAND/UNKNOWN/#0/LOW_FORCE/REST/act=0/mav=55341/base=435495/th=56455
1778760545.823,8999,-43,350652,0,61026,51,STAND/UNKNOWN/#0/LOW_FORCE/REST/act=0/mav=55341/base=435495/th=56455
1778760545.823,9000,-43,349088,0,61026,51,STAND/UNKNOWN/#0/LOW_FORCE/REST/act=0/mav=55341/base=435495/th=56455
1778760545.824,9001,-43,347498,0,61026,51,STAND/UNKNOWN/#0/LOW_FORCE/REST/act=0/mav=55341/base=435495/th=56455
1778760545.824,9002,-43,344486,0,61026,51,STAND/UNKNOWN/#0/LOW_FORCE/REST/act=0/mav=55341/base=435495/th=56455
1778760545.914,9003,-43,346043,0,61026,51,STAND/UNKNOWN/#0/LOW_FORCE/REST/act=0/mav=55341/base=435495/th=56455
1778760545.914,9004,-43,350921,0,61026,51,STAND/UNKNOWN/#0/LOW_FORCE/REST/act=0/mav=55341/base=435495/th=56455
1778760545.914,9005,-43,357828,0,61026,51,STAND/UNKNOWN/#0/LOW_FORCE/REST/act=0/mav=55341/base=435495/th=56455
1778760545.914,9006,-43,359459,0,61026,51,STAND/UNKNOWN/#0/LOW_FORCE/REST/act=0/mav=55341/base=435495/th=56455
1778760545.914,9007,-43,359937,0,61026,51,STAND/UNKNOWN/#0/LOW_FORCE/REST/act=0/mav=55341/base=435495/th=56455
1778760545.990,9008,-43,405958,0,62378,46,STAND/UNKNOWN/#0/LOW_FORCE/REST/act=0/mav=56053/base=435495/th=56455
1778760545.990,9009,-43,424768,0,62378,46,STAND/UNKNOWN/#0/LOW_FORCE/REST/act=0/mav=56053/base=435495/th=56455
1778760545.990,9010,-43,409747,0,62378,46,STAND/UNKNOWN/#0/LOW_FORCE/REST/act=0/mav=56053/base=435495/th=56455
1778760545.990,9011,-43,402271,0,62378,46,STAND/UNKNOWN/#0/LOW_FORCE/REST/act=0/mav=56053/base=435495/th=56455
1778760546.059,9012,-43,400039,0,62378,46,STAND/UNKNOWN/#0/LOW_FORCE/REST/act=0/mav=56053/base=435495/th=56455
1778760546.059,9013,-43,399249,0,62378,46,STAND/UNKNOWN/#0/LOW_FORCE/REST/act=0/mav=56053/base=435495/th=56455
1778760546.059,9014,-43,394468,0,62378,46,STAND/UNKNOWN/#0/LOW_FORCE/REST/act=0/mav=56053/base=435495/th=56455
1778760546.127,9015,-43,387359,0,62378,46,STAND/UNKNOWN/#0/LOW_FORCE/REST/act=0/mav=56053/base=435495/th=56455
1778760546.127,9016,-43,384147,0,62378,46,STAND/UNKNOWN/#0/LOW_FORCE/REST/act=0/mav=56053/base=435495/th=56455
1778760546.127,9017,-43,381848,0,62378,46,STAND/UNKNOWN/#0/LOW_FORCE/REST/act=0/mav=56053/base=435495/th=56455
1778760546.127,9018,-43,376326,0,62378,46,STAND/UNKNOWN/#0/LOW_FORCE/REST/act=0/mav=56053/base=435495/th=56455
1778760546.222,9019,-43,376438,0,62378,46,STAND/UNKNOWN/#0/LOW_FORCE/REST/act=0/mav=56053/base=435495/th=56455
1778760546.222,9020,-43,371649,0,4772,34,STAND/UNKNOWN/#0/LOW_FORCE/REST/act=0/mav=56057/base=435495/th=56455
1778760546.223,9021,-43,371279,0,4772,34,STAND/UNKNOWN/#0/LOW_FORCE/REST/act=0/mav=56057/base=435495/th=56455
1778760546.223,9022,-43,373441,0,4772,34,STAND/UNKNOWN/#0/LOW_FORCE/REST/act=0/mav=56057/base=435495/th=56455
1778760546.306,9023,-43,371801,0,4772,34,STAND/UNKNOWN/#0/LOW_FORCE/REST/act=0/mav=56057/base=435495/th=56455
1778760546.306,9024,-43,382733,0,4772,34,STAND/UNKNOWN/#0/LOW_FORCE/REST/act=0/mav=56057/base=435495/th=56455
1778760546.306,9025,-43,402117,0,4772,34,STAND/UNKNOWN/#0/LOW_FORCE/REST/act=0/mav=56057/base=435495/th=56455
1778760546.306,9026,-43,394689,0,4772,34,STAND/UNKNOWN/#0/LOW_FORCE/REST/act=0/mav=56057/base=435495/th=56455
1778760546.386,9027,-43,391376,0,4772,34,STAND/UNKNOWN/#0/LOW_FORCE/REST/act=0/mav=56057/base=435495/th=56455
1778760546.386,9028,-43,392541,0,4772,34,STAND/UNKNOWN/#0/LOW_FORCE/REST/act=0/mav=56057/base=435495/th=56455
1778760546.386,9029,-43,390779,0,4772,34,STAND/UNKNOWN/#0/LOW_FORCE/REST/act=0/mav=56057/base=435495/th=56455
1778760546.386,9030,-43,387778,0,4772,34,STAND/UNKNOWN/#0/LOW_FORCE/REST/act=0/mav=56057/base=435495/th=56455
1778760546.387,9031,-43,382169,0,4772,34,STAND/UNKNOWN/#0/LOW_FORCE/REST/act=0/mav=56057/base=435495/th=56455
1778760546.473,9032,-43,373641,0,4772,34,STAND/UNKNOWN/#0/LOW_FORCE/REST/act=0/mav=56057/base=435495/th=56455
1778760546.473,9033,-43,368941,0,8101,28,STAND/UNKNOWN/#0/LOW_FORCE/REST/act=0/mav=55513/base=435495/th=56455
1778760546.473,9034,-43,367219,0,8101,28,STAND/UNKNOWN/#0/LOW_FORCE/REST/act=0/mav=55513/base=435495/th=56455
1778760546.473,9035,-43,371194,0,8101,28,STAND/UNKNOWN/#0/LOW_FORCE/REST/act=0/mav=55513/base=435495/th=56455
1778760546.556,9036,-43,375812,0,8101,28,STAND/UNKNOWN/#0/LOW_FORCE/REST/act=0/mav=55513/base=435495/th=56455
1778760546.556,9037,-43,380014,0,8101,28,STAND/UNKNOWN/#0/LOW_FORCE/REST/act=0/mav=55513/base=435495/th=56455
1778760546.557,9038,-43,378788,0,8101,28,STAND/UNKNOWN/#0/LOW_FORCE/REST/act=0/mav=55513/base=435495/th=56455
1778760546.557,9039,-43,375504,0,8101,28,STAND/UNKNOWN/#0/LOW_FORCE/REST/act=0/mav=55513/base=435495/th=56455
1778760546.668,9040,-43,374628,0,8101,28,STAND/UNKNOWN/#0/LOW_FORCE/REST/act=0/mav=55513/base=435495/th=56455
1778760546.668,9041,-43,373418,0,8101,28,STAND/UNKNOWN/#0/LOW_FORCE/REST/act=0/mav=55513/base=435495/th=56455
1778760546.668,9042,-43,371134,0,8101,28,STAND/UNKNOWN/#0/LOW_FORCE/REST/act=0/mav=55513/base=435495/th=56455
1778760546.668,9043,-43,374126,0,8101,28,STAND/UNKNOWN/#0/LOW_FORCE/REST/act=0/mav=55513/base=435495/th=56455
1778760546.668,9044,-43,380831,0,8101,28,STAND/UNKNOWN/#0/LOW_FORCE/REST/act=0/mav=55513/base=435495/th=56455
1778760546.668,9045,-43,385803,0,8101,28,STAND/UNKNOWN/#0/LOW_FORCE/REST/act=0/mav=55513/base=435495/th=56455
1778760546.748,9046,-43,389138,0,63932,28,STAND/UNKNOWN/#0/LOW_FORCE/REST/act=0/mav=55179/base=435495/th=56455
1778760546.748,9047,-43,383114,0,63932,28,STAND/UNKNOWN/#0/LOW_FORCE/REST/act=0/mav=55179/base=435495/th=56455
1778760546.748,9048,-43,384341,0,63932,28,STAND/UNKNOWN/#0/LOW_FORCE/REST/act=0/mav=55179/base=435495/th=56455
1778760546.748,9049,-43,383001,0,63932,28,STAND/UNKNOWN/#0/LOW_FORCE/REST/act=0/mav=55179/base=435495/th=56455
1778760546.821,9050,-43,379086,0,63932,28,STAND/UNKNOWN/#0/LOW_FORCE/REST/act=0/mav=55179/base=435495/th=56455
1778760546.821,9051,-43,379269,0,63932,28,STAND/UNKNOWN/#0/LOW_FORCE/REST/act=0/mav=55179/base=435495/th=56455
1778760546.821,9052,-43,382303,0,63932,28,STAND/UNKNOWN/#0/LOW_FORCE/REST/act=0/mav=55179/base=435495/th=56455
1778760546.889,9053,-43,385599,0,63932,28,STAND/UNKNOWN/#0/LOW_FORCE/REST/act=0/mav=55179/base=435495/th=56455
1778760546.889,9054,-43,384201,0,63932,28,STAND/UNKNOWN/#0/LOW_FORCE/REST/act=0/mav=55179/base=435495/th=56455
1778760546.890,9055,-43,378126,0,63932,28,STAND/UNKNOWN/#0/LOW_FORCE/REST/act=0/mav=55179/base=435495/th=56455
1778760546.890,9056,-43,377481,0,63932,28,STAND/UNKNOWN/#0/LOW_FORCE/REST/act=0/mav=55179/base=435495/th=56455
1778760546.976,9057,-43,378084,0,63932,28,STAND/UNKNOWN/#0/LOW_FORCE/REST/act=0/mav=55179/base=435495/th=56455
1778760546.976,9058,-43,374725,0,63932,28,STAND/UNKNOWN/#0/LOW_FORCE/REST/act=0/mav=55179/base=435495/th=56455
1778760546.976,9059,-43,378302,0,65004,26,STAND/UNKNOWN/#0/LOW_FORCE/REST/act=0/mav=56158/base=435495/th=56455
1778760546.976,9060,-43,382474,0,65004,26,STAND/UNKNOWN/#0/LOW_FORCE/REST/act=0/mav=56158/base=435495/th=56455
1778760547.046,9061,-43,386592,0,65004,26,STAND/UNKNOWN/#0/LOW_FORCE/REST/act=0/mav=56158/base=435495/th=56455
1778760547.047,9062,-43,385221,0,65004,26,STAND/UNKNOWN/#0/LOW_FORCE/REST/act=0/mav=56158/base=435495/th=56455
1778760547.047,9063,-43,383568,0,65004,26,STAND/UNKNOWN/#0/LOW_FORCE/REST/act=0/mav=56158/base=435495/th=56455
1778760547.047,9064,-43,384246,0,65004,26,STAND/UNKNOWN/#0/LOW_FORCE/REST/act=0/mav=56158/base=435495/th=56455
1778760547.110,9065,-43,384284,0,65004,26,STAND/UNKNOWN/#0/LOW_FORCE/REST/act=0/mav=56158/base=435495/th=56455
1778760547.110,9066,-43,383146,0,65004,26,STAND/UNKNOWN/#0/LOW_FORCE/REST/act=0/mav=56158/base=435495/th=56455
1778760547.110,9067,-43,386653,0,65004,26,STAND/UNKNOWN/#0/LOW_FORCE/REST/act=0/mav=56158/base=435495/th=56455
1778760547.178,9068,-43,392865,0,65004,26,STAND/UNKNOWN/#0/LOW_FORCE/REST/act=0/mav=56158/base=435495/th=56455
1778760547.178,9069,-43,396396,0,65004,26,STAND/UNKNOWN/#0/LOW_FORCE/REST/act=0/mav=56158/base=435495/th=56455
1778760547.179,9070,-43,395868,0,65004,26,STAND/UNKNOWN/#0/LOW_FORCE/REST/act=0/mav=56158/base=435495/th=56455
1778760547.241,9071,-43,390597,0,65004,26,STAND/UNKNOWN/#0/LOW_FORCE/REST/act=0/mav=56158/base=435495/th=56455
1778760547.241,9072,-43,392396,0,64618,26,STAND/UNKNOWN/#0/LOW_FORCE/REST/act=0/mav=55695/base=435495/th=56455
1778760547.241,9073,-43,393513,0,64618,26,STAND/UNKNOWN/#0/LOW_FORCE/REST/act=0/mav=55695/base=435495/th=56455
1778760547.305,9074,-43,389883,0,64618,26,STAND/UNKNOWN/#0/LOW_FORCE/REST/act=0/mav=55695/base=435495/th=56455
1778760547.305,9075,-43,394524,0,64618,26,STAND/UNKNOWN/#0/LOW_FORCE/REST/act=0/mav=55695/base=435495/th=56455
1778760547.305,9076,-43,398719,0,64618,26,STAND/UNKNOWN/#0/LOW_FORCE/REST/act=0/mav=55695/base=435495/th=56455
1778760547.377,9077,-43,403601,0,64618,26,STAND/UNKNOWN/#0/LOW_FORCE/REST/act=0/mav=55695/base=435495/th=56455
1778760547.378,9078,-43,402509,0,64618,26,STAND/UNKNOWN/#0/LOW_FORCE/REST/act=0/mav=55695/base=435495/th=56455
1778760547.378,9079,-43,398985,0,64618,26,STAND/UNKNOWN/#0/LOW_FORCE/REST/act=0/mav=55695/base=435495/th=56455
1778760547.378,9080,-43,398596,0,64618,26,STAND/UNKNOWN/#0/LOW_FORCE/REST/act=0/mav=55695/base=435495/th=56455
1778760547.452,9081,-43,397466,0,64618,26,STAND/UNKNOWN/#0/LOW_FORCE/REST/act=0/mav=55695/base=435495/th=56455
1778760547.452,9082,-43,393819,0,64618,26,STAND/UNKNOWN/#0/LOW_FORCE/REST/act=0/mav=55695/base=435495/th=56455
1778760547.452,9083,-43,396920,0,64618,26,STAND/UNKNOWN/#0/LOW_FORCE/REST/act=0/mav=55695/base=435495/th=56455
1778760547.452,9084,-43,401823,0,61933,25,STAND/UNKNOWN/#0/LOW_FORCE/REST/act=0/mav=53236/base=435495/th=56455
1778760547.538,9085,-43,404032,0,61933,25,STAND/UNKNOWN/#0/LOW_FORCE/REST/act=0/mav=53236/base=435495/th=56455
1778760547.539,9086,-43,402669,0,61933,25,STAND/UNKNOWN/#0/LOW_FORCE/REST/act=0/mav=53236/base=435495/th=56455
1778760547.539,9087,-43,397431,0,61933,25,STAND/UNKNOWN/#0/LOW_FORCE/REST/act=0/mav=53236/base=435495/th=56455
1778760547.539,9088,-43,397437,0,61933,25,STAND/UNKNOWN/#0/LOW_FORCE/REST/act=0/mav=53236/base=435495/th=56455
1778760547.639,9089,-43,397930,0,61933,25,STAND/UNKNOWN/#0/LOW_FORCE/REST/act=0/mav=53236/base=435495/th=56455
1778760547.639,9090,-43,394413,0,61933,25,STAND/UNKNOWN/#0/LOW_FORCE/REST/act=0/mav=53236/base=435495/th=56455
1778760547.639,9091,-43,399239,0,61933,25,STAND/UNKNOWN/#0/LOW_FORCE/REST/act=0/mav=53236/base=435495/th=56455
1778760547.639,9092,-43,403218,0,61933,25,STAND/UNKNOWN/#0/LOW_FORCE/REST/act=0/mav=53236/base=435495/th=56455
1778760547.639,9093,-43,406619,0,61933,25,STAND/UNKNOWN/#0/LOW_FORCE/REST/act=0/mav=53236/base=435495/th=56455
1778760547.730,9094,-43,406429,0,61933,25,STAND/UNKNOWN/#0/LOW_FORCE/REST/act=0/mav=53236/base=435495/th=56455
1778760547.730,9095,-43,401423,0,61933,25,STAND/UNKNOWN/#0/LOW_FORCE/REST/act=0/mav=53236/base=435495/th=56455
1778760547.731,9096,-43,401641,0,61933,25,STAND/UNKNOWN/#0/LOW_FORCE/REST/act=0/mav=53236/base=435495/th=56455
1778760547.731,9097,-43,401887,0,61485,25,STAND/UNKNOWN/#0/LOW_FORCE/REST/act=0/mav=53162/base=435495/th=56455
1778760547.731,9098,-43,400426,0,61485,25,STAND/UNKNOWN/#0/LOW_FORCE/REST/act=0/mav=53162/base=435495/th=56455
1778760547.839,9099,-43,404283,0,61485,25,STAND/UNKNOWN/#0/LOW_FORCE/REST/act=0/mav=53162/base=435495/th=56455
1778760547.839,9100,-43,410091,0,61485,25,STAND/UNKNOWN/#0/LOW_FORCE/REST/act=0/mav=53162/base=435495/th=56455
1778760547.840,9101,-43,414596,0,61485,25,STAND/UNKNOWN/#0/LOW_FORCE/REST/act=0/mav=53162/base=435495/th=56455
1778760547.840,9102,-43,412869,0,61485,25,STAND/UNKNOWN/#0/LOW_FORCE/REST/act=0/mav=53162/base=435495/th=56455
1778760547.840,9103,-43,410053,0,61485,25,STAND/UNKNOWN/#0/LOW_FORCE/REST/act=0/mav=53162/base=435495/th=56455
1778760547.930,9104,-43,409438,0,61485,25,STAND/UNKNOWN/#0/LOW_FORCE/REST/act=0/mav=53162/base=435495/th=56455
1778760547.930,9105,-43,410518,0,61485,25,STAND/UNKNOWN/#0/LOW_FORCE/REST/act=0/mav=53162/base=435495/th=56455
1778760547.930,9106,-43,409468,0,61485,25,STAND/UNKNOWN/#0/LOW_FORCE/REST/act=0/mav=53162/base=435495/th=56455
1778760547.930,9107,-43,413365,0,61485,25,STAND/UNKNOWN/#0/LOW_FORCE/REST/act=0/mav=53162/base=435495/th=56455
1778760547.930,9108,-43,417909,0,61485,25,STAND/UNKNOWN/#0/LOW_FORCE/REST/act=0/mav=53162/base=435495/th=56455
1778760548.005,9109,-43,421552,0,61485,25,STAND/UNKNOWN/#0/LOW_FORCE/REST/act=0/mav=53162/base=435495/th=56455
1778760548.005,9110,-43,419406,0,62337,26,STAND/UNKNOWN/#0/LOW_FORCE/REST/act=0/mav=54239/base=435495/th=56455
1778760548.005,9111,-43,416763,0,62337,26,STAND/UNKNOWN/#0/LOW_FORCE/REST/act=0/mav=54239/base=435495/th=56455
1778760548.100,9112,-43,414221,0,62337,26,STAND/UNKNOWN/#0/LOW_FORCE/REST/act=0/mav=54239/base=435495/th=56455
1778760548.100,9113,-43,416569,0,62337,26,STAND/UNKNOWN/#0/LOW_FORCE/REST/act=0/mav=54239/base=435495/th=56455
1778760548.100,9114,-43,414936,0,62337,26,STAND/UNKNOWN/#0/LOW_FORCE/REST/act=0/mav=54239/base=435495/th=56455
1778760548.100,9115,-43,417836,0,62337,26,STAND/UNKNOWN/#0/LOW_FORCE/REST/act=0/mav=54239/base=435495/th=56455
1778760548.100,9116,-43,421696,0,62337,26,STAND/UNKNOWN/#0/LOW_FORCE/REST/act=0/mav=54239/base=435495/th=56455
1778760548.170,9117,-43,423215,0,62337,26,STAND/UNKNOWN/#0/LOW_FORCE/REST/act=0/mav=54239/base=435495/th=56455
1778760548.171,9118,-43,423729,0,62337,26,STAND/UNKNOWN/#0/LOW_FORCE/REST/act=0/mav=54239/base=435495/th=56455
1778760548.171,9119,-43,420717,0,62337,26,STAND/UNKNOWN/#0/LOW_FORCE/REST/act=0/mav=54239/base=435495/th=56455
1778760548.171,9120,-43,420057,0,62337,26,STAND/UNKNOWN/#0/LOW_FORCE/REST/act=0/mav=54239/base=435495/th=56455
1778760548.240,9121,-43,420806,0,62337,26,STAND/UNKNOWN/#0/LOW_FORCE/REST/act=0/mav=54239/base=435495/th=56455
1778760548.240,9122,-43,419049,0,62337,26,STAND/UNKNOWN/#0/LOW_FORCE/REST/act=0/mav=54239/base=435495/th=56455
1778760548.240,9123,-43,421397,0,62021,26,STAND/UNKNOWN/#0/LOW_FORCE/REST/act=0/mav=54329/base=435495/th=56455
1778760548.302,9124,-43,426770,0,62021,26,STAND/UNKNOWN/#0/LOW_FORCE/REST/act=0/mav=54329/base=435495/th=56455
1778760548.302,9125,-43,428851,0,62021,26,STAND/UNKNOWN/#0/LOW_FORCE/REST/act=0/mav=54329/base=435495/th=56455
1778760548.302,9126,-43,428416,0,62021,26,STAND/UNKNOWN/#0/LOW_FORCE/REST/act=0/mav=54329/base=435495/th=56455
1778760548.366,9127,-43,423354,0,62021,26,STAND/UNKNOWN/#0/LOW_FORCE/REST/act=0/mav=54329/base=435495/th=56455
1778760548.366,9128,-43,423828,0,62021,26,STAND/UNKNOWN/#0/LOW_FORCE/REST/act=0/mav=54329/base=435495/th=56455
1778760548.366,9129,-43,424363,0,62021,26,STAND/UNKNOWN/#0/LOW_FORCE/REST/act=0/mav=54329/base=435495/th=56455
1778760548.366,9130,-43,423068,0,62021,26,STAND/UNKNOWN/#0/LOW_FORCE/REST/act=0/mav=54329/base=435495/th=56455
1778760548.427,9131,-43,426030,0,62021,26,STAND/UNKNOWN/#0/LOW_FORCE/REST/act=0/mav=54329/base=435495/th=56455
1778760548.427,9132,-43,429893,0,62021,26,STAND/UNKNOWN/#0/LOW_FORCE/REST/act=0/mav=54329/base=435495/th=56455
1778760548.427,9133,-43,432836,0,62021,26,STAND/UNKNOWN/#0/LOW_FORCE/REST/act=0/mav=54329/base=435495/th=56455
1778760548.490,9134,-43,431436,0,62021,26,STAND/UNKNOWN/#0/LOW_FORCE/REST/act=0/mav=54329/base=435495/th=56455
1778760548.491,9135,-43,426781,0,62021,26,STAND/UNKNOWN/#0/LOW_FORCE/REST/act=0/mav=54329/base=435495/th=56455
1778760548.491,9136,-43,427428,0,61600,26,STAND/UNKNOWN/#0/LOW_FORCE/REST/act=0/mav=53988/base=435495/th=56455
1778760548.585,9137,-43,426949,0,61600,26,STAND/UNKNOWN/#0/LOW_FORCE/REST/act=0/mav=53988/base=435495/th=56455
1778760548.585,9138,-43,424809,0,61600,26,STAND/UNKNOWN/#0/LOW_FORCE/REST/act=0/mav=53988/base=435495/th=56455
1778760548.586,9139,-43,427909,0,61600,26,STAND/UNKNOWN/#0/LOW_FORCE/REST/act=0/mav=53988/base=435495/th=56455
1778760548.586,9140,-43,432990,0,61600,26,STAND/UNKNOWN/#0/LOW_FORCE/REST/act=0/mav=53988/base=435495/th=56455
1778760548.586,9141,-43,435372,0,61600,26,STAND/UNKNOWN/#0/LOW_FORCE/REST/act=0/mav=53988/base=435495/th=56455
1778760548.672,9142,-43,433986,0,61600,26,STAND/UNKNOWN/#0/LOW_FORCE/REST/act=0/mav=53988/base=435495/th=56455
1778760548.672,9143,-43,432683,0,61600,26,STAND/UNKNOWN/#0/LOW_FORCE/REST/act=0/mav=53988/base=435495/th=56455
1778760548.672,9144,-43,431354,0,61600,26,STAND/UNKNOWN/#0/LOW_FORCE/REST/act=0/mav=53988/base=435495/th=56455
1778760548.672,9145,-43,431317,0,61600,26,STAND/UNKNOWN/#0/LOW_FORCE/REST/act=0/mav=53988/base=435495/th=56455
1778760548.763,9146,-43,428853,0,61600,26,STAND/UNKNOWN/#0/LOW_FORCE/REST/act=0/mav=53988/base=435495/th=56455
1778760548.763,9147,-43,431544,0,61600,26,STAND/UNKNOWN/#0/LOW_FORCE/REST/act=0/mav=53988/base=435495/th=56455
1778760548.763,9148,-43,433819,0,61443,25,STAND/UNKNOWN/#0/LOW_FORCE/REST/act=0/mav=53652/base=435495/th=56455
1778760548.844,9149,-43,437972,0,61443,25,STAND/UNKNOWN/#0/LOW_FORCE/REST/act=0/mav=53652/base=435495/th=56455
1778760548.844,9150,-43,427813,0,61443,25,STAND/UNKNOWN/#0/LOW_FORCE/REST/act=0/mav=53652/base=435495/th=56455
1778760548.844,9151,-43,423708,0,61443,25,STAND/UNKNOWN/#0/LOW_FORCE/REST/act=0/mav=53652/base=435495/th=56455
1778760548.844,9152,-43,424144,0,61443,25,STAND/UNKNOWN/#0/LOW_FORCE/REST/act=0/mav=53652/base=435495/th=56455
1778760548.935,9153,-43,423918,0,61443,25,STAND/UNKNOWN/#0/LOW_FORCE/REST/act=0/mav=53652/base=435495/th=56455
1778760548.935,9154,-43,440231,0,61443,25,STAND/UNKNOWN/#0/LOW_FORCE/REST/act=0/mav=53652/base=435495/th=56455
1778760548.935,9155,-43,437220,0,61443,25,STAND/UNKNOWN/#0/LOW_FORCE/REST/act=0/mav=53652/base=435495/th=56455
1778760548.935,9156,-43,456539,0,61443,25,STAND/UNKNOWN/#0/LOW_FORCE/REST/act=0/mav=53652/base=435495/th=56455
1778760548.935,9157,-43,522047,0,61443,25,STAND/UNKNOWN/#0/LOW_FORCE/REST/act=0/mav=53652/base=435495/th=56455
1778760548.935,9158,-43,502894,0,61443,25,STAND/UNKNOWN/#0/LOW_FORCE/REST/act=0/mav=53652/base=435495/th=56455
1778760549.004,9159,-43,482209,0,61443,25,STAND/UNKNOWN/#0/LOW_FORCE/REST/act=0/mav=53652/base=435495/th=56455
1778760549.004,9160,-43,470978,0,61443,25,STAND/UNKNOWN/#0/LOW_FORCE/REST/act=0/mav=53652/base=435495/th=56455
1778760549.004,9161,-43,462854,0,12200,28,STAND/UNKNOWN/#0/LOW_FORCE/OK/act=1/mav=57019/base=435495/th=56455
1778760549.066,9162,-43,455732,0,12200,28,STAND/UNKNOWN/#0/LOW_FORCE/OK/act=1/mav=57019/base=435495/th=56455
1778760549.066,9163,-43,452395,0,12200,28,STAND/UNKNOWN/#0/LOW_FORCE/OK/act=1/mav=57019/base=435495/th=56455
1778760549.066,9164,-43,451882,0,12200,28,STAND/UNKNOWN/#0/LOW_FORCE/OK/act=1/mav=57019/base=435495/th=56455
1778760549.067,9165,-43,451111,0,12200,28,STAND/UNKNOWN/#0/LOW_FORCE/OK/act=1/mav=57019/base=435495/th=56455
1778760549.165,9166,-43,452046,0,12200,28,STAND/UNKNOWN/#0/LOW_FORCE/OK/act=1/mav=57019/base=435495/th=56455
1778760549.166,9167,-43,448903,0,12200,28,STAND/UNKNOWN/#0/LOW_FORCE/OK/act=1/mav=57019/base=435495/th=56455
1778760549.166,9168,-43,444124,0,12200,28,STAND/UNKNOWN/#0/LOW_FORCE/OK/act=1/mav=57019/base=435495/th=56455
1778760549.166,9169,-43,444216,0,12200,28,STAND/UNKNOWN/#0/LOW_FORCE/OK/act=1/mav=57019/base=435495/th=56455
1778760549.166,9170,-43,445854,0,12200,28,STAND/UNKNOWN/#0/LOW_FORCE/OK/act=1/mav=57019/base=435495/th=56455
1778760549.249,9171,-43,443192,0,12200,28,STAND/UNKNOWN/#0/LOW_FORCE/OK/act=1/mav=57019/base=435495/th=56455
1778760549.249,9172,-43,444848,0,12200,28,STAND/UNKNOWN/#0/LOW_FORCE/OK/act=1/mav=57019/base=435495/th=56455
1778760549.249,9173,-43,447288,0,12200,28,STAND/UNKNOWN/#0/LOW_FORCE/OK/act=1/mav=57019/base=435495/th=56455
1778760549.249,9174,-43,450612,0,13884,31,STAND/UNKNOWN/#0/LOW_FORCE/OK/act=1/mav=57202/base=435495/th=56455
1778760549.327,9175,-43,455668,0,13884,31,STAND/UNKNOWN/#0/LOW_FORCE/OK/act=1/mav=57202/base=435495/th=56455
1778760549.327,9176,-43,458543,0,13884,31,STAND/UNKNOWN/#0/LOW_FORCE/OK/act=1/mav=57202/base=435495/th=56455
1778760549.327,9177,-43,450665,0,13884,31,STAND/UNKNOWN/#0/LOW_FORCE/OK/act=1/mav=57202/base=435495/th=56455
1778760549.327,9178,-43,447176,0,13884,31,STAND/UNKNOWN/#0/LOW_FORCE/OK/act=1/mav=57202/base=435495/th=56455
1778760549.391,9179,-43,443998,0,13884,31,STAND/UNKNOWN/#0/LOW_FORCE/OK/act=1/mav=57202/base=435495/th=56455
1778760549.391,9180,-43,437269,0,13884,31,STAND/UNKNOWN/#0/LOW_FORCE/OK/act=1/mav=57202/base=435495/th=56455
1778760549.391,9181,-43,438656,0,13884,31,STAND/UNKNOWN/#0/LOW_FORCE/OK/act=1/mav=57202/base=435495/th=56455
1778760549.460,9182,-43,439895,0,13884,31,STAND/UNKNOWN/#0/LOW_FORCE/OK/act=1/mav=57202/base=435495/th=56455
1778760549.460,9183,-43,443476,0,13884,31,STAND/UNKNOWN/#0/LOW_FORCE/OK/act=1/mav=57202/base=435495/th=56455
1778760549.460,9184,-43,446460,0,13884,31,STAND/UNKNOWN/#0/LOW_FORCE/OK/act=1/mav=57202/base=435495/th=56455
1778760549.528,9185,-43,443746,0,13884,31,STAND/UNKNOWN/#0/LOW_FORCE/OK/act=1/mav=57202/base=435495/th=56455
1778760549.528,9186,-43,440001,0,13884,31,STAND/UNKNOWN/#0/LOW_FORCE/OK/act=1/mav=57202/base=435495/th=56455
1778760549.528,9187,-43,439549,0,62610,29,STAND/UNKNOWN/#0/LOW_FORCE/REST/act=0/mav=54390/base=435495/th=56455
1778760549.528,9188,-43,440370,0,62610,29,STAND/UNKNOWN/#0/LOW_FORCE/REST/act=0/mav=54390/base=435495/th=56455
1778760549.593,9189,-43,438339,0,62610,29,STAND/UNKNOWN/#0/LOW_FORCE/REST/act=0/mav=54390/base=435495/th=56455
1778760549.593,9190,-43,441581,0,62610,29,STAND/UNKNOWN/#0/LOW_FORCE/REST/act=0/mav=54390/base=435495/th=56455
1778760549.593,9191,-43,446528,0,62610,29,STAND/UNKNOWN/#0/LOW_FORCE/REST/act=0/mav=54390/base=435495/th=56455
1778760549.655,9192,-43,469022,0,62610,29,STAND/UNKNOWN/#0/LOW_FORCE/REST/act=0/mav=54390/base=435495/th=56455
1778760549.655,9193,-43,466936,0,62610,29,STAND/UNKNOWN/#0/LOW_FORCE/REST/act=0/mav=54390/base=435495/th=56455
1778760549.655,9194,-43,461264,0,62610,29,STAND/UNKNOWN/#0/LOW_FORCE/REST/act=0/mav=54390/base=435495/th=56455
1778760549.722,9195,-43,458299,0,62610,29,STAND/UNKNOWN/#0/LOW_FORCE/REST/act=0/mav=54390/base=435495/th=56455
1778760549.723,9196,-43,459257,0,62610,29,STAND/UNKNOWN/#0/LOW_FORCE/REST/act=0/mav=54390/base=435495/th=56455
1778760549.723,9197,-43,456047,0,62610,29,STAND/UNKNOWN/#0/LOW_FORCE/REST/act=0/mav=54390/base=435495/th=56455
1778760549.793,9198,-43,457862,0,62610,29,STAND/UNKNOWN/#0/LOW_FORCE/REST/act=0/mav=54390/base=435495/th=56455
1778760549.793,9199,-43,461461,0,62610,29,STAND/UNKNOWN/#0/LOW_FORCE/REST/act=0/mav=54390/base=435495/th=56455
1778760549.793,9200,-43,466649,0,62870,35,STAND/UNKNOWN/#0/LOW_FORCE/REST/act=0/mav=54709/base=435495/th=56455
1778760549.793,9201,-43,463649,0,62870,35,STAND/UNKNOWN/#0/LOW_FORCE/REST/act=0/mav=54709/base=435495/th=56455
1778760549.880,9202,-43,457206,0,62870,35,STAND/UNKNOWN/#0/LOW_FORCE/REST/act=0/mav=54709/base=435495/th=56455
1778760549.881,9203,-43,455634,0,62870,35,STAND/UNKNOWN/#0/LOW_FORCE/REST/act=0/mav=54709/base=435495/th=56455
1778760549.881,9204,-43,455062,0,62870,35,STAND/UNKNOWN/#0/LOW_FORCE/REST/act=0/mav=54709/base=435495/th=56455
1778760549.881,9205,-43,453006,0,62870,35,STAND/UNKNOWN/#0/LOW_FORCE/REST/act=0/mav=54709/base=435495/th=56455
1778760549.969,9206,-43,456180,0,62870,35,STAND/UNKNOWN/#0/LOW_FORCE/REST/act=0/mav=54709/base=435495/th=56455
1778760549.969,9207,-43,459907,0,62870,35,STAND/UNKNOWN/#0/LOW_FORCE/REST/act=0/mav=54709/base=435495/th=56455
1778760549.969,9208,-43,463807,0,62870,35,STAND/UNKNOWN/#0/LOW_FORCE/REST/act=0/mav=54709/base=435495/th=56455
1778760549.969,9209,-43,463238,0,62870,35,STAND/UNKNOWN/#0/LOW_FORCE/REST/act=0/mav=54709/base=435495/th=56455
1778760549.969,9210,-43,457689,0,62870,35,STAND/UNKNOWN/#0/LOW_FORCE/REST/act=0/mav=54709/base=435495/th=56455
1778760550.037,9211,-43,452276,0,62870,35,STAND/UNKNOWN/#0/LOW_FORCE/REST/act=0/mav=54709/base=435495/th=56455
1778760550.038,9212,-43,444470,0,61665,35,STAND/UNKNOWN/#0/LOW_FORCE/REST/act=0/mav=53671/base=435495/th=56455
1778760550.038,9213,-43,446845,0,61665,35,STAND/UNKNOWN/#0/LOW_FORCE/REST/act=0/mav=53671/base=435495/th=56455
1778760550.095,9214,-43,452526,0,61665,35,STAND/UNKNOWN/#0/LOW_FORCE/REST/act=0/mav=53671/base=435495/th=56455
1778760550.095,9215,-43,459353,0,61665,35,STAND/UNKNOWN/#0/LOW_FORCE/REST/act=0/mav=53671/base=435495/th=56455
1778760550.095,9216,-43,464833,0,61665,35,STAND/UNKNOWN/#0/LOW_FORCE/REST/act=0/mav=53671/base=435495/th=56455
1778760550.183,9217,-43,468151,0,61665,35,STAND/UNKNOWN/#0/LOW_FORCE/REST/act=0/mav=53671/base=435495/th=56455
1778760550.183,9218,-43,473298,0,61665,35,STAND/UNKNOWN/#0/LOW_FORCE/REST/act=0/mav=53671/base=435495/th=56455
1778760550.183,9219,-43,491067,0,61665,35,STAND/UNKNOWN/#0/LOW_FORCE/REST/act=0/mav=53671/base=435495/th=56455
1778760550.183,9220,-43,483535,0,61665,35,STAND/UNKNOWN/#0/LOW_FORCE/REST/act=0/mav=53671/base=435495/th=56455
1778760550.261,9221,-43,484223,0,61665,35,STAND/UNKNOWN/#0/LOW_FORCE/REST/act=0/mav=53671/base=435495/th=56455
1778760550.262,9222,-43,478434,0,61665,35,STAND/UNKNOWN/#0/LOW_FORCE/REST/act=0/mav=53671/base=435495/th=56455
1778760550.262,9223,-43,479412,0,61665,35,STAND/UNKNOWN/#0/LOW_FORCE/REST/act=0/mav=53671/base=435495/th=56455
1778760550.262,9224,-43,479904,0,61665,35,STAND/UNKNOWN/#0/LOW_FORCE/REST/act=0/mav=53671/base=435495/th=56455
1778760550.325,9225,-43,475656,0,60748,32,STAND/UNKNOWN/#0/LOW_FORCE/REST/act=0/mav=52933/base=435495/th=56455
1778760550.325,9226,-43,470363,0,60748,32,STAND/UNKNOWN/#0/LOW_FORCE/REST/act=0/mav=52933/base=435495/th=56455
1778760550.325,9227,-43,468980,0,60748,32,STAND/UNKNOWN/#0/LOW_FORCE/REST/act=0/mav=52933/base=435495/th=56455
1778760550.409,9228,-43,468231,0,60748,32,STAND/UNKNOWN/#0/LOW_FORCE/REST/act=0/mav=52933/base=435495/th=56455
1778760550.409,9229,-43,466600,0,60748,32,STAND/UNKNOWN/#0/LOW_FORCE/REST/act=0/mav=52933/base=435495/th=56455
1778760550.409,9230,-43,471574,0,60748,32,STAND/UNKNOWN/#0/LOW_FORCE/REST/act=0/mav=52933/base=435495/th=56455
1778760550.410,9231,-43,473948,0,60748,32,STAND/UNKNOWN/#0/LOW_FORCE/REST/act=0/mav=52933/base=435495/th=56455
1778760550.410,9232,-43,475568,0,60748,32,STAND/UNKNOWN/#0/LOW_FORCE/REST/act=0/mav=52933/base=435495/th=56455
1778760550.488,9233,-43,473359,0,60748,32,STAND/UNKNOWN/#0/LOW_FORCE/REST/act=0/mav=52933/base=435495/th=56455
1778760550.488,9234,-43,470863,0,60748,32,STAND/UNKNOWN/#0/LOW_FORCE/REST/act=0/mav=52933/base=435495/th=56455
1778760550.488,9235,-43,466738,0,60748,32,STAND/UNKNOWN/#0/LOW_FORCE/REST/act=0/mav=52933/base=435495/th=56455
1778760550.488,9236,-43,463561,0,60748,32,STAND/UNKNOWN/#0/LOW_FORCE/REST/act=0/mav=52933/base=435495/th=56455
1778760550.572,9237,-43,457217,0,60748,32,STAND/UNKNOWN/#0/LOW_FORCE/REST/act=0/mav=52933/base=435495/th=56455
1778760550.572,9238,-43,457677,0,60129,33,STAND/UNKNOWN/#0/LOW_FORCE/REST/act=0/mav=52405/base=435495/th=56455
1778760550.572,9239,-43,461904,0,60129,33,STAND/UNKNOWN/#0/LOW_FORCE/REST/act=0/mav=52405/base=435495/th=56455
1778760550.572,9240,-43,463536,0,60129,33,STAND/UNKNOWN/#0/LOW_FORCE/REST/act=0/mav=52405/base=435495/th=56455
1778760550.654,9241,-43,461073,0,60129,33,STAND/UNKNOWN/#0/LOW_FORCE/REST/act=0/mav=52405/base=435495/th=56455
1778760550.655,9242,-43,458499,0,60129,33,STAND/UNKNOWN/#0/LOW_FORCE/REST/act=0/mav=52405/base=435495/th=56455
1778760550.655,9243,-43,461719,0,60129,33,STAND/UNKNOWN/#0/LOW_FORCE/REST/act=0/mav=52405/base=435495/th=56455
1778760550.655,9244,-43,466053,0,60129,33,STAND/UNKNOWN/#0/LOW_FORCE/REST/act=0/mav=52405/base=435495/th=56455
1778760550.722,9245,-43,466624,0,60129,33,STAND/UNKNOWN/#0/LOW_FORCE/REST/act=0/mav=52405/base=435495/th=56455
1778760550.722,9246,-43,471528,0,60129,33,STAND/UNKNOWN/#0/LOW_FORCE/REST/act=0/mav=52405/base=435495/th=56455
1778760550.722,9247,-43,478978,0,60129,33,STAND/UNKNOWN/#0/LOW_FORCE/REST/act=0/mav=52405/base=435495/th=56455
1778760550.785,9248,-43,483794,0,60129,33,STAND/UNKNOWN/#0/LOW_FORCE/REST/act=0/mav=52405/base=435495/th=56455
1778760550.785,9249,-43,482514,0,60129,33,STAND/UNKNOWN/#0/LOW_FORCE/REST/act=0/mav=52405/base=435495/th=56455
1778760550.785,9250,-43,476480,0,60129,33,STAND/UNKNOWN/#0/LOW_FORCE/REST/act=0/mav=52405/base=435495/th=56455
1778760550.786,9251,-43,473662,0,59353,34,STAND/UNKNOWN/#0/LOW_FORCE/REST/act=0/mav=51645/base=435495/th=56455
1778760550.853,9252,-43,468404,0,59353,34,STAND/UNKNOWN/#0/LOW_FORCE/REST/act=0/mav=51645/base=435495/th=56455
1778760550.853,9253,-43,435463,0,59353,34,STAND/UNKNOWN/#0/LOW_FORCE/REST/act=0/mav=51645/base=435495/th=56455
1778760550.853,9254,-43,447354,0,59353,34,STAND/UNKNOWN/#0/LOW_FORCE/REST/act=0/mav=51645/base=435495/th=56455
1778760550.912,9255,-43,453174,0,59353,34,STAND/UNKNOWN/#0/LOW_FORCE/REST/act=0/mav=51645/base=435495/th=56455
1778760550.913,9256,-43,455812,0,59353,34,STAND/UNKNOWN/#0/LOW_FORCE/REST/act=0/mav=51645/base=435495/th=56455
1778760550.913,9257,-43,452446,0,59353,34,STAND/UNKNOWN/#0/LOW_FORCE/REST/act=0/mav=51645/base=435495/th=56455
1778760550.979,9258,-43,446386,0,59353,34,STAND/UNKNOWN/#0/LOW_FORCE/REST/act=0/mav=51645/base=435495/th=56455
1778760550.979,9259,-43,444951,0,59353,34,STAND/UNKNOWN/#0/LOW_FORCE/REST/act=0/mav=51645/base=435495/th=56455
1778760550.979,9260,-43,443456,0,59353,34,STAND/UNKNOWN/#0/LOW_FORCE/REST/act=0/mav=51645/base=435495/th=56455
1778760551.043,9261,-43,435466,0,59353,34,STAND/UNKNOWN/#0/LOW_FORCE/REST/act=0/mav=51645/base=435495/th=56455
1778760551.044,9262,-43,438809,0,59353,34,STAND/UNKNOWN/#0/LOW_FORCE/REST/act=0/mav=51645/base=435495/th=56455
1778760551.044,9263,-43,441801,0,59353,34,STAND/UNKNOWN/#0/LOW_FORCE/REST/act=0/mav=51645/base=435495/th=56455
1778760551.109,9264,-43,442676,0,59857,34,STAND/UNKNOWN/#0/LOW_FORCE/REST/act=0/mav=50019/base=435495/th=56455
1778760551.109,9265,-43,438013,0,59857,34,STAND/UNKNOWN/#0/LOW_FORCE/REST/act=0/mav=50019/base=435495/th=56455
1778760551.109,9266,-43,433306,0,59857,34,STAND/UNKNOWN/#0/LOW_FORCE/REST/act=0/mav=50019/base=435495/th=56455
1778760551.109,9267,-43,429645,0,59857,34,STAND/UNKNOWN/#0/LOW_FORCE/REST/act=0/mav=50019/base=435495/th=56455
1778760551.175,9268,-43,429874,0,59857,34,STAND/UNKNOWN/#0/LOW_FORCE/REST/act=0/mav=50019/base=435495/th=56455
1778760551.175,9269,-43,427679,0,59857,34,STAND/UNKNOWN/#0/LOW_FORCE/REST/act=0/mav=50019/base=435495/th=56455
1778760551.175,9270,-43,427201,0,59857,34,STAND/UNKNOWN/#0/LOW_FORCE/REST/act=0/mav=50019/base=435495/th=56455
1778760551.237,9271,-43,434840,0,59857,34,STAND/UNKNOWN/#0/LOW_FORCE/REST/act=0/mav=50019/base=435495/th=56455
1778760551.237,9272,-43,428371,0,59857,34,STAND/UNKNOWN/#0/LOW_FORCE/REST/act=0/mav=50019/base=435495/th=56455
1778760551.237,9273,-43,424600,0,59857,34,STAND/UNKNOWN/#0/LOW_FORCE/REST/act=0/mav=50019/base=435495/th=56455
1778760551.301,9274,-43,449138,0,59857,34,STAND/UNKNOWN/#0/LOW_FORCE/REST/act=0/mav=50019/base=435495/th=56455
1778760551.302,9275,-43,473713,0,59857,34,STAND/UNKNOWN/#0/LOW_FORCE/REST/act=0/mav=50019/base=435495/th=56455
1778760551.302,9276,-43,465339,0,60141,27,STAND/UNKNOWN/#0/LOW_FORCE/REST/act=0/mav=48357/base=435495/th=56455
1778760551.361,9277,-43,442275,0,60141,27,STAND/UNKNOWN/#0/LOW_FORCE/REST/act=0/mav=48357/base=435495/th=56455
1778760551.361,9278,-43,403503,0,60141,27,STAND/UNKNOWN/#0/LOW_FORCE/REST/act=0/mav=48357/base=435495/th=56455
1778760551.361,9279,-43,394404,0,60141,27,STAND/UNKNOWN/#0/LOW_FORCE/REST/act=0/mav=48357/base=435495/th=56455
1778760551.426,9280,-43,391388,0,60141,27,STAND/UNKNOWN/#0/LOW_FORCE/REST/act=0/mav=48357/base=435495/th=56455
1778760551.426,9281,-43,390607,0,60141,27,STAND/UNKNOWN/#0/LOW_FORCE/REST/act=0/mav=48357/base=435495/th=56455
1778760551.426,9282,-43,389536,0,60141,27,STAND/UNKNOWN/#0/LOW_FORCE/REST/act=0/mav=48357/base=435495/th=56455
1778760551.426,9283,-43,391585,0,60141,27,STAND/UNKNOWN/#0/LOW_FORCE/REST/act=0/mav=48357/base=435495/th=56455
1778760551.490,9284,-43,395559,0,60141,27,STAND/UNKNOWN/#0/LOW_FORCE/REST/act=0/mav=48357/base=435495/th=56455
1778760551.490,9285,-43,393208,0,60141,27,STAND/UNKNOWN/#0/LOW_FORCE/REST/act=0/mav=48357/base=435495/th=56455
1778760551.490,9286,-43,408752,0,60141,27,STAND/UNKNOWN/#0/LOW_FORCE/REST/act=0/mav=48357/base=435495/th=56455
1778760551.548,9287,-43,435712,0,60141,27,STAND/UNKNOWN/#0/LOW_FORCE/REST/act=0/mav=48357/base=435495/th=56455
1778760551.548,9288,-43,443523,0,60141,27,STAND/UNKNOWN/#0/LOW_FORCE/REST/act=0/mav=48357/base=435495/th=56455
1778760551.548,9289,-43,430391,0,61004,20,STAND/UNKNOWN/#0/LOW_FORCE/REST/act=0/mav=47465/base=435495/th=56455
1778760551.604,9290,-43,422397,0,61004,20,STAND/UNKNOWN/#0/LOW_FORCE/REST/act=0/mav=47465/base=435495/th=56455
1778760551.604,9291,-43,411667,0,61004,20,STAND/UNKNOWN/#0/LOW_FORCE/REST/act=0/mav=47465/base=435495/th=56455
1778760551.681,9292,-43,406142,0,61004,20,STAND/UNKNOWN/#0/LOW_FORCE/REST/act=0/mav=47465/base=435495/th=56455
1778760551.681,9293,-43,399176,0,61004,20,STAND/UNKNOWN/#0/LOW_FORCE/REST/act=0/mav=47465/base=435495/th=56455
1778760551.681,9294,-43,391494,0,61004,20,STAND/UNKNOWN/#0/LOW_FORCE/REST/act=0/mav=47465/base=435495/th=56455
1778760551.681,9295,-43,386789,0,61004,20,STAND/UNKNOWN/#0/LOW_FORCE/REST/act=0/mav=47465/base=435495/th=56455
1778760551.756,9296,-43,369078,0,61004,20,STAND/UNKNOWN/#0/LOW_FORCE/REST/act=0/mav=47465/base=435495/th=56455
1778760551.756,9297,-43,357961,0,61004,20,STAND/UNKNOWN/#0/LOW_FORCE/REST/act=0/mav=47465/base=435495/th=56455
1778760551.756,9298,-43,353826,0,61004,20,STAND/UNKNOWN/#0/LOW_FORCE/REST/act=0/mav=47465/base=435495/th=56455
1778760551.827,9299,-43,351919,0,61004,20,STAND/UNKNOWN/#0/LOW_FORCE/REST/act=0/mav=47465/base=435495/th=56455
1778760551.828,9300,-43,339511,0,61004,20,STAND/UNKNOWN/#0/LOW_FORCE/REST/act=0/mav=47465/base=435495/th=56455
1778760551.828,9301,-43,304848,0,61004,20,STAND/UNKNOWN/#0/LOW_FORCE/REST/act=0/mav=47465/base=435495/th=56455
1778760551.828,9302,-43,241488,0,11673,12,STAND/UNKNOWN/#0/LOW_FORCE/REST/act=0/mav=52462/base=435495/th=56455
1778760551.828,9303,-43,270736,0,11673,12,STAND/UNKNOWN/#0/LOW_FORCE/REST/act=0/mav=52462/base=435495/th=56455
1778760551.895,9304,-43,309309,0,11673,12,STAND/UNKNOWN/#0/LOW_FORCE/REST/act=0/mav=52462/base=435495/th=56455
1778760551.895,9305,-43,345889,0,11673,12,STAND/UNKNOWN/#0/LOW_FORCE/REST/act=0/mav=52462/base=435495/th=56455
1778760551.895,9306,-43,364538,0,11673,12,STAND/UNKNOWN/#0/LOW_FORCE/REST/act=0/mav=52462/base=435495/th=56455
1778760551.958,9307,-43,384881,0,11673,12,STAND/UNKNOWN/#0/LOW_FORCE/REST/act=0/mav=52462/base=435495/th=56455
1778760551.959,9308,-43,405930,0,11673,12,STAND/UNKNOWN/#0/LOW_FORCE/REST/act=0/mav=52462/base=435495/th=56455
1778760551.959,9309,-43,454908,0,11673,12,STAND/UNKNOWN/#0/LOW_FORCE/REST/act=0/mav=52462/base=435495/th=56455
1778760552.018,9310,-43,318331,0,11673,12,STAND/UNKNOWN/#0/LOW_FORCE/REST/act=0/mav=52462/base=435495/th=56455
1778760552.019,9311,-43,282555,0,11673,12,STAND/UNKNOWN/#0/LOW_FORCE/REST/act=0/mav=52462/base=435495/th=56455
1778760552.019,9312,-43,259268,0,11673,12,STAND/UNKNOWN/#0/LOW_FORCE/REST/act=0/mav=52462/base=435495/th=56455
1778760552.079,9313,-43,236239,0,11673,12,STAND/UNKNOWN/#0/LOW_FORCE/REST/act=0/mav=52462/base=435495/th=56455
1778760552.080,9314,-43,218534,0,11673,12,STAND/UNKNOWN/#0/LOW_FORCE/REST/act=0/mav=52462/base=435495/th=56455
1778760552.080,9315,-43,212624,30,65535,9,STAND/UNKNOWN/#0/LOW_FORCE/OK/act=1/mav=77557/base=435495/th=56455
1778760552.144,9316,-43,209981,30,65535,9,STAND/UNKNOWN/#0/LOW_FORCE/OK/act=1/mav=77557/base=435495/th=56455
1778760552.145,9317,-43,209189,30,65535,9,STAND/UNKNOWN/#0/LOW_FORCE/OK/act=1/mav=77557/base=435495/th=56455
1778760552.145,9318,-43,209261,30,65535,9,STAND/UNKNOWN/#0/LOW_FORCE/OK/act=1/mav=77557/base=435495/th=56455
1778760552.145,9319,-43,216994,30,65535,9,STAND/UNKNOWN/#0/LOW_FORCE/OK/act=1/mav=77557/base=435495/th=56455
1778760552.211,9320,-43,255699,30,65535,9,STAND/UNKNOWN/#0/LOW_FORCE/OK/act=1/mav=77557/base=435495/th=56455
1778760552.211,9321,-43,252470,30,65535,9,STAND/UNKNOWN/#0/LOW_FORCE/OK/act=1/mav=77557/base=435495/th=56455
1778760552.212,9322,-43,247736,30,65535,9,STAND/UNKNOWN/#0/LOW_FORCE/OK/act=1/mav=77557/base=435495/th=56455
1778760552.281,9323,-43,241947,30,65535,9,STAND/UNKNOWN/#0/LOW_FORCE/OK/act=1/mav=77557/base=435495/th=56455
1778760552.281,9324,-43,236003,30,65535,9,STAND/UNKNOWN/#0/LOW_FORCE/OK/act=1/mav=77557/base=435495/th=56455
1778760552.281,9325,-43,234113,30,65535,9,STAND/UNKNOWN/#0/LOW_FORCE/OK/act=1/mav=77557/base=435495/th=56455
1778760552.370,9326,-43,237240,30,65535,9,STAND/UNKNOWN/#0/LOW_FORCE/OK/act=1/mav=77557/base=435495/th=56455
1778760552.371,9327,-43,230195,30,65535,9,STAND/UNKNOWN/#0/LOW_FORCE/OK/act=1/mav=77557/base=435495/th=56455
1778760552.371,9328,-43,221771,30,65535,5,STAND/UNKNOWN/#0/LOW_FORCE/OK/act=1/mav=94909/base=435495/th=56455
1778760552.371,9329,-43,220133,30,65535,5,STAND/UNKNOWN/#0/LOW_FORCE/OK/act=1/mav=94909/base=435495/th=56455
1778760552.371,9330,-43,221988,30,65535,5,STAND/UNKNOWN/#0/LOW_FORCE/OK/act=1/mav=94909/base=435495/th=56455
1778760552.444,9331,-43,222161,30,65535,5,STAND/UNKNOWN/#0/LOW_FORCE/OK/act=1/mav=94909/base=435495/th=56455
1778760552.445,9332,-43,225947,30,65535,5,STAND/UNKNOWN/#0/LOW_FORCE/OK/act=1/mav=94909/base=435495/th=56455
1778760552.445,9333,-43,231672,30,65535,5,STAND/UNKNOWN/#0/LOW_FORCE/OK/act=1/mav=94909/base=435495/th=56455
1778760552.525,9334,-43,230429,30,65535,5,STAND/UNKNOWN/#0/LOW_FORCE/OK/act=1/mav=94909/base=435495/th=56455
1778760552.525,9335,-43,228548,30,65535,5,STAND/UNKNOWN/#0/LOW_FORCE/OK/act=1/mav=94909/base=435495/th=56455
1778760552.525,9336,-43,228318,30,65535,5,STAND/UNKNOWN/#0/LOW_FORCE/OK/act=1/mav=94909/base=435495/th=56455
1778760552.525,9337,-43,229966,30,65535,5,STAND/UNKNOWN/#0/LOW_FORCE/OK/act=1/mav=94909/base=435495/th=56455
1778760552.592,9338,-43,236198,30,65535,5,STAND/UNKNOWN/#0/LOW_FORCE/OK/act=1/mav=94909/base=435495/th=56455
1778760552.593,9339,-43,242438,30,65535,5,STAND/UNKNOWN/#0/LOW_FORCE/OK/act=1/mav=94909/base=435495/th=56455
1778760552.593,9340,-43,245968,30,38333,0,STAND/UNKNOWN/#0/LOW_FORCE/OK/act=1/mav=62811/base=435495/th=56455
1778760552.593,9341,-43,243826,30,38333,0,STAND/UNKNOWN/#0/LOW_FORCE/OK/act=1/mav=62811/base=435495/th=56455
1778760552.693,9342,-43,242389,30,38333,0,STAND/UNKNOWN/#0/LOW_FORCE/OK/act=1/mav=62811/base=435495/th=56455
1778760552.694,9343,-43,242283,30,38333,0,STAND/UNKNOWN/#0/LOW_FORCE/OK/act=1/mav=62811/base=435495/th=56455
1778760552.694,9344,-43,241991,30,38333,0,STAND/UNKNOWN/#0/LOW_FORCE/OK/act=1/mav=62811/base=435495/th=56455
1778760552.694,9345,-43,239699,30,38333,0,STAND/UNKNOWN/#0/LOW_FORCE/OK/act=1/mav=62811/base=435495/th=56455
1778760552.694,9346,-43,237619,30,38333,0,STAND/UNKNOWN/#0/LOW_FORCE/OK/act=1/mav=62811/base=435495/th=56455
1778760552.766,9347,-43,237177,30,38333,0,STAND/UNKNOWN/#0/LOW_FORCE/OK/act=1/mav=62811/base=435495/th=56455
1778760552.766,9348,-43,239112,30,38333,0,STAND/UNKNOWN/#0/LOW_FORCE/OK/act=1/mav=62811/base=435495/th=56455
1778760552.766,9349,-43,240839,30,38333,0,STAND/UNKNOWN/#0/LOW_FORCE/OK/act=1/mav=62811/base=435495/th=56455
1778760552.766,9350,-43,243738,30,38333,0,STAND/UNKNOWN/#0/LOW_FORCE/OK/act=1/mav=62811/base=435495/th=56455
1778760552.843,9351,-43,247277,30,38333,0,STAND/UNKNOWN/#0/LOW_FORCE/OK/act=1/mav=62811/base=435495/th=56455
1778760552.843,9352,-43,246519,30,38333,0,STAND/UNKNOWN/#0/LOW_FORCE/OK/act=1/mav=62811/base=435495/th=56455
1778760552.843,9353,-43,247024,0,27067,0,STAND/UNKNOWN/#0/LOW_FORCE/REST/act=0/mav=19955/base=435495/th=56455
1778760552.935,9354,-43,245744,0,27067,0,STAND/UNKNOWN/#0/LOW_FORCE/REST/act=0/mav=19955/base=435495/th=56455
1778760552.935,9355,-43,242891,0,27067,0,STAND/UNKNOWN/#0/LOW_FORCE/REST/act=0/mav=19955/base=435495/th=56455
1778760552.935,9356,-43,240889,0,27067,0,STAND/UNKNOWN/#0/LOW_FORCE/REST/act=0/mav=19955/base=435495/th=56455
1778760552.935,9357,-43,240073,0,27067,0,STAND/UNKNOWN/#0/LOW_FORCE/REST/act=0/mav=19955/base=435495/th=56455
1778760552.935,9358,-43,240799,0,27067,0,STAND/UNKNOWN/#0/LOW_FORCE/REST/act=0/mav=19955/base=435495/th=56455
1778760553.004,9359,-43,241693,0,27067,0,STAND/UNKNOWN/#0/LOW_FORCE/REST/act=0/mav=19955/base=435495/th=56455
1778760553.004,9360,-43,245228,0,27067,0,STAND/UNKNOWN/#0/LOW_FORCE/REST/act=0/mav=19955/base=435495/th=56455
1778760553.004,9361,-43,250246,0,27067,0,STAND/UNKNOWN/#0/LOW_FORCE/REST/act=0/mav=19955/base=435495/th=56455
1778760553.065,9362,-43,256819,0,27067,0,STAND/UNKNOWN/#0/LOW_FORCE/REST/act=0/mav=19955/base=435495/th=56455
1778760553.065,9363,-43,265539,0,27067,0,STAND/UNKNOWN/#0/LOW_FORCE/REST/act=0/mav=19955/base=435495/th=56455
1778760553.065,9364,-43,273267,0,27067,0,STAND/UNKNOWN/#0/LOW_FORCE/REST/act=0/mav=19955/base=435495/th=56455
1778760553.127,9365,-43,272562,0,27067,0,STAND/UNKNOWN/#0/LOW_FORCE/REST/act=0/mav=19955/base=435495/th=56455
1778760553.127,9366,-43,268727,0,12514,0,STAND/UNKNOWN/#0/LOW_FORCE/REST/act=0/mav=9367/base=435495/th=56455
1778760553.127,9367,-43,268401,0,12514,0,STAND/UNKNOWN/#0/LOW_FORCE/REST/act=0/mav=9367/base=435495/th=56455
1778760553.127,9368,-43,276684,0,12514,0,STAND/UNKNOWN/#0/LOW_FORCE/REST/act=0/mav=9367/base=435495/th=56455
1778760553.185,9369,-43,279214,0,12514,0,STAND/UNKNOWN/#0/LOW_FORCE/REST/act=0/mav=9367/base=435495/th=56455
1778760553.185,9370,-43,281071,0,12514,0,STAND/UNKNOWN/#0/LOW_FORCE/REST/act=0/mav=9367/base=435495/th=56455
1778760553.248,9371,-43,258988,0,12514,0,STAND/UNKNOWN/#0/LOW_FORCE/REST/act=0/mav=9367/base=435495/th=56455
1778760553.249,9372,-43,254940,0,12514,0,STAND/UNKNOWN/#0/LOW_FORCE/REST/act=0/mav=9367/base=435495/th=56455
1778760553.249,9373,-43,268649,0,12514,0,STAND/UNKNOWN/#0/LOW_FORCE/REST/act=0/mav=9367/base=435495/th=56455
1778760553.249,9374,-43,279679,0,12514,0,STAND/UNKNOWN/#0/LOW_FORCE/REST/act=0/mav=9367/base=435495/th=56455
1778760553.319,9375,-43,286703,0,12514,0,STAND/UNKNOWN/#0/LOW_FORCE/REST/act=0/mav=9367/base=435495/th=56455
1778760553.319,9376,-43,293781,0,12514,0,STAND/UNKNOWN/#0/LOW_FORCE/REST/act=0/mav=9367/base=435495/th=56455
1778760553.319,9377,-43,300351,0,12514,0,STAND/UNKNOWN/#0/LOW_FORCE/REST/act=0/mav=9367/base=435495/th=56455
1778760553.381,9378,-43,304308,0,12514,0,STAND/UNKNOWN/#0/LOW_FORCE/REST/act=0/mav=9367/base=435495/th=56455
1778760553.381,9379,-43,308951,0,22832,1,STAND/UNKNOWN/#0/LOW_FORCE/REST/act=0/mav=18132/base=435495/th=56455
1778760553.381,9380,-43,314191,0,22832,1,STAND/UNKNOWN/#0/LOW_FORCE/REST/act=0/mav=18132/base=435495/th=56455
1778760553.449,9381,-43,317924,0,22832,1,STAND/UNKNOWN/#0/LOW_FORCE/REST/act=0/mav=18132/base=435495/th=56455
1778760553.449,9382,-43,321634,0,22832,1,STAND/UNKNOWN/#0/LOW_FORCE/REST/act=0/mav=18132/base=435495/th=56455
1778760553.449,9383,-43,323903,0,22832,1,STAND/UNKNOWN/#0/LOW_FORCE/REST/act=0/mav=18132/base=435495/th=56455
1778760553.449,9384,-43,325272,0,22832,1,STAND/UNKNOWN/#0/LOW_FORCE/REST/act=0/mav=18132/base=435495/th=56455
1778760553.507,9385,-43,327918,0,22832,1,STAND/UNKNOWN/#0/LOW_FORCE/REST/act=0/mav=18132/base=435495/th=56455
1778760553.507,9386,-43,331021,0,22832,1,STAND/UNKNOWN/#0/LOW_FORCE/REST/act=0/mav=18132/base=435495/th=56455
1778760553.507,9387,-43,333666,0,22832,1,STAND/UNKNOWN/#0/LOW_FORCE/REST/act=0/mav=18132/base=435495/th=56455
1778760553.570,9388,-43,338271,0,22832,1,STAND/UNKNOWN/#0/LOW_FORCE/REST/act=0/mav=18132/base=435495/th=56455
1778760553.570,9389,-43,343445,0,22832,1,STAND/UNKNOWN/#0/LOW_FORCE/REST/act=0/mav=18132/base=435495/th=56455
1778760553.570,9390,-43,345979,0,22832,1,STAND/UNKNOWN/#0/LOW_FORCE/REST/act=0/mav=18132/base=435495/th=56455
1778760553.628,9391,-43,347531,0,22832,1,STAND/UNKNOWN/#0/LOW_FORCE/REST/act=0/mav=18132/base=435495/th=56455
1778760553.628,9392,-43,348677,0,38195,1,STAND/UNKNOWN/#0/LOW_FORCE/REST/act=0/mav=34347/base=435495/th=56455
1778760553.628,9393,-43,350336,0,38195,1,STAND/UNKNOWN/#0/LOW_FORCE/REST/act=0/mav=34347/base=435495/th=56455
1778760553.697,9394,-43,353028,0,38195,1,STAND/UNKNOWN/#0/LOW_FORCE/REST/act=0/mav=34347/base=435495/th=56455
1778760553.697,9395,-43,354142,0,38195,1,STAND/UNKNOWN/#0/LOW_FORCE/REST/act=0/mav=34347/base=435495/th=56455
1778760553.697,9396,-43,358480,0,38195,1,STAND/UNKNOWN/#0/LOW_FORCE/REST/act=0/mav=34347/base=435495/th=56455
1778760553.785,9397,-43,362043,0,38195,1,STAND/UNKNOWN/#0/LOW_FORCE/REST/act=0/mav=34347/base=435495/th=56455
1778760553.785,9398,-43,365312,0,38195,1,STAND/UNKNOWN/#0/LOW_FORCE/REST/act=0/mav=34347/base=435495/th=56455
1778760553.785,9399,-43,367128,0,38195,1,STAND/UNKNOWN/#0/LOW_FORCE/REST/act=0/mav=34347/base=435495/th=56455
1778760553.785,9400,-43,367698,0,38195,1,STAND/UNKNOWN/#0/LOW_FORCE/REST/act=0/mav=34347/base=435495/th=56455
1778760553.864,9401,-43,369376,0,38195,1,STAND/UNKNOWN/#0/LOW_FORCE/REST/act=0/mav=34347/base=435495/th=56455
1778760553.864,9402,-43,372804,0,38195,1,STAND/UNKNOWN/#0/LOW_FORCE/REST/act=0/mav=34347/base=435495/th=56455
1778760553.864,9403,-43,375939,0,38195,1,STAND/UNKNOWN/#0/LOW_FORCE/REST/act=0/mav=34347/base=435495/th=56455
1778760553.864,9404,-43,380089,0,44736,0,STAND/UNKNOWN/#0/LOW_FORCE/REST/act=0/mav=41988/base=435495/th=56455
1778760553.927,9405,-43,384839,0,44736,0,STAND/UNKNOWN/#0/LOW_FORCE/REST/act=0/mav=41988/base=435495/th=56455
1778760553.927,9406,-43,388964,0,44736,0,STAND/UNKNOWN/#0/LOW_FORCE/REST/act=0/mav=41988/base=435495/th=56455
1778760553.927,9407,-43,390396,0,44736,0,STAND/UNKNOWN/#0/LOW_FORCE/REST/act=0/mav=41988/base=435495/th=56455
1778760553.927,9408,-43,390479,0,44736,0,STAND/UNKNOWN/#0/LOW_FORCE/REST/act=0/mav=41988/base=435495/th=56455
1778760553.986,9409,-43,392600,0,44736,0,STAND/UNKNOWN/#0/LOW_FORCE/REST/act=0/mav=41988/base=435495/th=56455
1778760553.987,9410,-43,396149,0,44736,0,STAND/UNKNOWN/#0/LOW_FORCE/REST/act=0/mav=41988/base=435495/th=56455
1778760553.987,9411,-43,397320,0,44736,0,STAND/UNKNOWN/#0/LOW_FORCE/REST/act=0/mav=41988/base=435495/th=56455
1778760554.050,9412,-43,400389,0,44736,0,STAND/UNKNOWN/#0/LOW_FORCE/REST/act=0/mav=41988/base=435495/th=56455
1778760554.050,9413,-43,404336,0,44736,0,STAND/UNKNOWN/#0/LOW_FORCE/REST/act=0/mav=41988/base=435495/th=56455
1778760554.050,9414,-43,408018,0,44736,0,STAND/UNKNOWN/#0/LOW_FORCE/REST/act=0/mav=41988/base=435495/th=56455
1778760554.111,9415,-43,409190,0,44736,0,STAND/UNKNOWN/#0/LOW_FORCE/REST/act=0/mav=41988/base=435495/th=56455
1778760554.111,9416,-43,409702,0,44736,0,STAND/UNKNOWN/#0/LOW_FORCE/REST/act=0/mav=41988/base=435495/th=56455
1778760554.111,9417,-43,411051,0,44521,0,STAND/UNKNOWN/#0/LOW_FORCE/REST/act=0/mav=40566/base=435495/th=56455
1778760554.180,9418,-43,413596,0,44521,0,STAND/UNKNOWN/#0/LOW_FORCE/REST/act=0/mav=40566/base=435495/th=56455
1778760554.180,9419,-43,416252,0,44521,0,STAND/UNKNOWN/#0/LOW_FORCE/REST/act=0/mav=40566/base=435495/th=56455
1778760554.180,9420,-43,423437,0,44521,0,STAND/UNKNOWN/#0/LOW_FORCE/REST/act=0/mav=40566/base=435495/th=56455
1778760554.253,9421,-43,428636,0,44521,0,STAND/UNKNOWN/#0/LOW_FORCE/REST/act=0/mav=40566/base=435495/th=56455
1778760554.253,9422,-43,436379,0,44521,0,STAND/UNKNOWN/#0/LOW_FORCE/REST/act=0/mav=40566/base=435495/th=56455
1778760554.254,9423,-43,437095,0,44521,0,STAND/UNKNOWN/#0/LOW_FORCE/REST/act=0/mav=40566/base=435495/th=56455
1778760554.254,9424,-43,435924,0,44521,0,STAND/UNKNOWN/#0/LOW_FORCE/REST/act=0/mav=40566/base=435495/th=56455
1778760554.334,9425,-43,434238,0,44521,0,STAND/UNKNOWN/#0/LOW_FORCE/REST/act=0/mav=40566/base=435495/th=56455
1778760554.334,9426,-43,433696,0,44521,0,STAND/UNKNOWN/#0/LOW_FORCE/REST/act=0/mav=40566/base=435495/th=56455
1778760554.334,9427,-43,432613,0,44521,0,STAND/UNKNOWN/#0/LOW_FORCE/REST/act=0/mav=40566/base=435495/th=56455
1778760554.334,9428,-43,435453,0,44521,0,STAND/UNKNOWN/#0/LOW_FORCE/REST/act=0/mav=40566/base=435495/th=56455
1778760554.423,9429,-43,439913,0,44521,0,STAND/UNKNOWN/#0/LOW_FORCE/REST/act=0/mav=40566/base=435495/th=56455
1778760554.423,9430,-43,443671,0,45099,0,STAND/UNKNOWN/#0/LOW_FORCE/REST/act=0/mav=40428/base=435495/th=56455
1778760554.423,9431,-43,444216,0,45099,0,STAND/UNKNOWN/#0/LOW_FORCE/REST/act=0/mav=40428/base=435495/th=56455
1778760554.423,9432,-43,443456,0,45099,0,STAND/UNKNOWN/#0/LOW_FORCE/REST/act=0/mav=40428/base=435495/th=56455
1778760554.521,9433,-43,444351,0,45099,0,STAND/UNKNOWN/#0/LOW_FORCE/REST/act=0/mav=40428/base=435495/th=56455
1778760554.522,9434,-43,448056,0,45099,0,STAND/UNKNOWN/#0/LOW_FORCE/REST/act=0/mav=40428/base=435495/th=56455
1778760554.522,9435,-43,448049,0,45099,0,STAND/UNKNOWN/#0/LOW_FORCE/REST/act=0/mav=40428/base=435495/th=56455
1778760554.522,9436,-43,452101,0,45099,0,STAND/UNKNOWN/#0/LOW_FORCE/REST/act=0/mav=40428/base=435495/th=56455
1778760554.522,9437,-43,456133,0,45099,0,STAND/UNKNOWN/#0/LOW_FORCE/REST/act=0/mav=40428/base=435495/th=56455
1778760554.594,9438,-43,459358,0,45099,0,STAND/UNKNOWN/#0/LOW_FORCE/REST/act=0/mav=40428/base=435495/th=56455
1778760554.594,9439,-43,458613,0,45099,0,STAND/UNKNOWN/#0/LOW_FORCE/REST/act=0/mav=40428/base=435495/th=56455
1778760554.594,9440,-43,457071,0,45099,0,STAND/UNKNOWN/#0/LOW_FORCE/REST/act=0/mav=40428/base=435495/th=56455
1778760554.594,9441,-43,457883,0,45099,0,STAND/UNKNOWN/#0/LOW_FORCE/REST/act=0/mav=40428/base=435495/th=56455
1778760554.665,9442,-43,459028,0,45099,0,STAND/UNKNOWN/#0/LOW_FORCE/REST/act=0/mav=40428/base=435495/th=56455
1778760554.665,9443,-43,457819,0,41707,10,STAND/UNKNOWN/#0/LOW_FORCE/REST/act=0/mav=37690/base=435495/th=56455
1778760554.665,9444,-43,462055,0,41707,10,STAND/UNKNOWN/#0/LOW_FORCE/REST/act=0/mav=37690/base=435495/th=56455
1778760554.725,9445,-43,466235,0,41707,10,STAND/UNKNOWN/#0/LOW_FORCE/REST/act=0/mav=37690/base=435495/th=56455
1778760554.725,9446,-43,469158,0,41707,10,STAND/UNKNOWN/#0/LOW_FORCE/REST/act=0/mav=37690/base=435495/th=56455
1778760554.725,9447,-43,468654,0,41707,10,STAND/UNKNOWN/#0/LOW_FORCE/REST/act=0/mav=37690/base=435495/th=56455
1778760554.791,9448,-43,467694,0,41707,10,STAND/UNKNOWN/#0/LOW_FORCE/REST/act=0/mav=37690/base=435495/th=56455
1778760554.791,9449,-43,467554,0,41707,10,STAND/UNKNOWN/#0/LOW_FORCE/REST/act=0/mav=37690/base=435495/th=56455
1778760554.791,9450,-43,468902,0,41707,10,STAND/UNKNOWN/#0/LOW_FORCE/REST/act=0/mav=37690/base=435495/th=56455
1778760554.791,9451,-43,468814,0,41707,10,STAND/UNKNOWN/#0/LOW_FORCE/REST/act=0/mav=37690/base=435495/th=56455
1778760554.856,9452,-43,470106,0,41707,10,STAND/UNKNOWN/#0/LOW_FORCE/REST/act=0/mav=37690/base=435495/th=56455
1778760554.856,9453,-43,475968,0,41707,10,STAND/UNKNOWN/#0/LOW_FORCE/REST/act=0/mav=37690/base=435495/th=56455
1778760554.856,9454,-43,478740,0,41707,10,STAND/UNKNOWN/#0/LOW_FORCE/REST/act=0/mav=37690/base=435495/th=56455
1778760554.917,9455,-43,478659,0,41707,10,STAND/UNKNOWN/#0/LOW_FORCE/REST/act=0/mav=37690/base=435495/th=56455
1778760554.917,9456,-43,478736,0,36696,29,STAND/UNKNOWN/#0/LOW_FORCE/REST/act=0/mav=34152/base=435495/th=56455
1778760554.917,9457,-43,479765,0,36696,29,STAND/UNKNOWN/#0/LOW_FORCE/REST/act=0/mav=34152/base=435495/th=56455
1778760555.003,9458,-43,481606,0,36696,29,STAND/UNKNOWN/#0/LOW_FORCE/REST/act=0/mav=34152/base=435495/th=56455
1778760555.003,9459,-43,480330,0,36696,29,STAND/UNKNOWN/#0/LOW_FORCE/REST/act=0/mav=34152/base=435495/th=56455
1778760555.003,9460,-43,484208,0,36696,29,STAND/UNKNOWN/#0/LOW_FORCE/REST/act=0/mav=34152/base=435495/th=56455
1778760555.004,9461,-43,489073,0,36696,29,STAND/UNKNOWN/#0/LOW_FORCE/REST/act=0/mav=34152/base=435495/th=56455
1778760555.078,9462,-43,491971,0,36696,29,STAND/UNKNOWN/#0/LOW_FORCE/REST/act=0/mav=34152/base=435495/th=56455
1778760555.079,9463,-43,491575,0,36696,29,STAND/UNKNOWN/#0/LOW_FORCE/REST/act=0/mav=34152/base=435495/th=56455
1778760555.079,9464,-43,490194,0,36696,29,STAND/UNKNOWN/#0/LOW_FORCE/REST/act=0/mav=34152/base=435495/th=56455
1778760555.079,9465,-43,490072,0,36696,29,STAND/UNKNOWN/#0/LOW_FORCE/REST/act=0/mav=34152/base=435495/th=56455
1778760555.146,9466,-43,491166,0,36696,29,STAND/UNKNOWN/#0/LOW_FORCE/REST/act=0/mav=34152/base=435495/th=56455
1778760555.147,9467,-43,489980,0,36696,29,STAND/UNKNOWN/#0/LOW_FORCE/REST/act=0/mav=34152/base=435495/th=56455
1778760555.147,9468,-43,492933,0,35325,33,STAND/UNKNOWN/#0/LOW_FORCE/REST/act=0/mav=33249/base=435495/th=56455
1778760555.147,9469,-43,496869,0,35325,33,STAND/UNKNOWN/#0/LOW_FORCE/REST/act=0/mav=33249/base=435495/th=56455
1778760555.212,9470,-43,498735,0,35325,33,STAND/UNKNOWN/#0/LOW_FORCE/REST/act=0/mav=33249/base=435495/th=56455
1778760555.212,9471,-43,497844,0,35325,33,STAND/UNKNOWN/#0/LOW_FORCE/REST/act=0/mav=33249/base=435495/th=56455
1778760555.212,9472,-43,493493,0,35325,33,STAND/UNKNOWN/#0/LOW_FORCE/REST/act=0/mav=33249/base=435495/th=56455
1778760555.280,9473,-43,494679,0,35325,33,STAND/UNKNOWN/#0/LOW_FORCE/REST/act=0/mav=33249/base=435495/th=56455
1778760555.280,9474,-43,494734,0,35325,33,STAND/UNKNOWN/#0/LOW_FORCE/REST/act=0/mav=33249/base=435495/th=56455
1778760555.280,9475,-43,493532,0,35325,33,STAND/UNKNOWN/#0/LOW_FORCE/REST/act=0/mav=33249/base=435495/th=56455
1778760555.344,9476,-43,495135,0,35325,33,STAND/UNKNOWN/#0/LOW_FORCE/REST/act=0/mav=33249/base=435495/th=56455
1778760555.345,9477,-43,498892,0,35325,33,STAND/UNKNOWN/#0/LOW_FORCE/REST/act=0/mav=33249/base=435495/th=56455
1778760555.345,9478,-43,501971,0,35325,33,STAND/UNKNOWN/#0/LOW_FORCE/REST/act=0/mav=33249/base=435495/th=56455
1778760555.408,9479,-43,501329,0,35325,33,STAND/UNKNOWN/#0/LOW_FORCE/REST/act=0/mav=33249/base=435495/th=56455
1778760555.408,9480,-43,499761,0,35325,33,STAND/UNKNOWN/#0/LOW_FORCE/REST/act=0/mav=33249/base=435495/th=56455
1778760555.408,9481,-43,499019,0,33598,27,STAND/UNKNOWN/#0/LOW_FORCE/REST/act=0/mav=31058/base=435495/th=56455
1778760555.408,9482,-43,500938,0,33598,27,STAND/UNKNOWN/#0/LOW_FORCE/REST/act=0/mav=31058/base=435495/th=56455
1778760555.480,9483,-43,499611,0,33598,27,STAND/UNKNOWN/#0/LOW_FORCE/REST/act=0/mav=31058/base=435495/th=56455
1778760555.481,9484,-43,502428,0,33598,27,STAND/UNKNOWN/#0/LOW_FORCE/REST/act=0/mav=31058/base=435495/th=56455
1778760555.481,9485,-43,506537,0,33598,27,STAND/UNKNOWN/#0/LOW_FORCE/REST/act=0/mav=31058/base=435495/th=56455
1778760555.555,9486,-43,508996,0,33598,27,STAND/UNKNOWN/#0/LOW_FORCE/REST/act=0/mav=31058/base=435495/th=56455
1778760555.555,9487,-43,507817,0,33598,27,STAND/UNKNOWN/#0/LOW_FORCE/REST/act=0/mav=31058/base=435495/th=56455
1778760555.555,9488,-43,504926,0,33598,27,STAND/UNKNOWN/#0/LOW_FORCE/REST/act=0/mav=31058/base=435495/th=56455
1778760555.555,9489,-43,506819,0,33598,27,STAND/UNKNOWN/#0/LOW_FORCE/REST/act=0/mav=31058/base=435495/th=56455
1778760555.614,9490,-43,409816,0,33598,27,STAND/UNKNOWN/#0/LOW_FORCE/REST/act=0/mav=31058/base=435495/th=56455
1778760555.614,9491,-43,382224,0,33598,27,STAND/UNKNOWN/#0/LOW_FORCE/REST/act=0/mav=31058/base=435495/th=56455
1778760555.614,9492,-43,373893,0,33598,27,STAND/UNKNOWN/#0/LOW_FORCE/REST/act=0/mav=31058/base=435495/th=56455
1778760555.671,9493,-43,370074,0,33598,27,STAND/UNKNOWN/#0/LOW_FORCE/REST/act=0/mav=31058/base=435495/th=56455
1778760555.672,9494,-43,366421,0,55086,21,STAND/UNKNOWN/#0/LOW_FORCE/REST/act=0/mav=42343/base=435495/th=56455
1778760555.672,9495,-43,365313,0,55086,21,STAND/UNKNOWN/#0/LOW_FORCE/REST/act=0/mav=42343/base=435495/th=56455
1778760555.733,9496,-43,361049,0,55086,21,STAND/UNKNOWN/#0/LOW_FORCE/REST/act=0/mav=42343/base=435495/th=56455
1778760555.733,9497,-43,336579,0,55086,21,STAND/UNKNOWN/#0/LOW_FORCE/REST/act=0/mav=42343/base=435495/th=56455
1778760555.733,9498,-43,352926,0,55086,21,STAND/UNKNOWN/#0/LOW_FORCE/REST/act=0/mav=42343/base=435495/th=56455
1778760555.800,9499,-43,369068,0,55086,21,STAND/UNKNOWN/#0/LOW_FORCE/REST/act=0/mav=42343/base=435495/th=56455
1778760555.800,9500,-43,384301,0,55086,21,STAND/UNKNOWN/#0/LOW_FORCE/REST/act=0/mav=42343/base=435495/th=56455
1778760555.801,9501,-43,399483,0,55086,21,STAND/UNKNOWN/#0/LOW_FORCE/REST/act=0/mav=42343/base=435495/th=56455
1778760555.874,9502,-43,411796,0,55086,21,STAND/UNKNOWN/#0/LOW_FORCE/REST/act=0/mav=42343/base=435495/th=56455
1778760555.874,9503,-43,419133,0,55086,21,STAND/UNKNOWN/#0/LOW_FORCE/REST/act=0/mav=42343/base=435495/th=56455
1778760555.874,9504,-43,425178,0,55086,21,STAND/UNKNOWN/#0/LOW_FORCE/REST/act=0/mav=42343/base=435495/th=56455
1778760555.874,9505,-43,431788,0,55086,21,STAND/UNKNOWN/#0/LOW_FORCE/REST/act=0/mav=42343/base=435495/th=56455
1778760555.936,9506,-43,441480,0,55086,21,STAND/UNKNOWN/#0/LOW_FORCE/REST/act=0/mav=42343/base=435495/th=56455
1778760555.936,9507,-43,443547,0,23968,12,STAND/UNKNOWN/#0/LOW_FORCE/REST/act=0/mav=55907/base=435495/th=56455
1778760555.936,9508,-43,447791,0,23968,12,STAND/UNKNOWN/#0/LOW_FORCE/REST/act=0/mav=55907/base=435495/th=56455
1778760555.996,9509,-43,455386,0,23968,12,STAND/UNKNOWN/#0/LOW_FORCE/REST/act=0/mav=55907/base=435495/th=56455
1778760555.996,9510,-43,462758,0,23968,12,STAND/UNKNOWN/#0/LOW_FORCE/REST/act=0/mav=55907/base=435495/th=56455
1778760555.996,9511,-43,447171,0,23968,12,STAND/UNKNOWN/#0/LOW_FORCE/REST/act=0/mav=55907/base=435495/th=56455
1778760556.059,9512,-43,410092,0,23968,12,STAND/UNKNOWN/#0/LOW_FORCE/REST/act=0/mav=55907/base=435495/th=56455
1778760556.059,9513,-43,388708,0,23968,12,STAND/UNKNOWN/#0/LOW_FORCE/REST/act=0/mav=55907/base=435495/th=56455
1778760556.059,9514,-43,375007,0,23968,12,STAND/UNKNOWN/#0/LOW_FORCE/REST/act=0/mav=55907/base=435495/th=56455
1778760556.117,9515,-43,368498,0,23968,12,STAND/UNKNOWN/#0/LOW_FORCE/REST/act=0/mav=55907/base=435495/th=56455
1778760556.118,9516,-43,360499,0,23968,12,STAND/UNKNOWN/#0/LOW_FORCE/REST/act=0/mav=55907/base=435495/th=56455
1778760556.118,9517,-43,344087,0,23968,12,STAND/UNKNOWN/#0/LOW_FORCE/REST/act=0/mav=55907/base=435495/th=56455
1778760556.178,9518,-43,335704,0,23968,12,STAND/UNKNOWN/#0/LOW_FORCE/REST/act=0/mav=55907/base=435495/th=56455
1778760556.179,9519,-43,325472,0,23968,12,STAND/UNKNOWN/#0/LOW_FORCE/REST/act=0/mav=55907/base=435495/th=56455
1778760556.179,9520,-43,310506,0,64889,10,STAND/UNKNOWN/#0/LOW_FORCE/REST/act=0/mav=55546/base=435495/th=56455
1778760556.243,9521,-43,289673,0,64889,10,STAND/UNKNOWN/#0/LOW_FORCE/REST/act=0/mav=55546/base=435495/th=56455
1778760556.243,9522,-43,286019,0,64889,10,STAND/UNKNOWN/#0/LOW_FORCE/REST/act=0/mav=55546/base=435495/th=56455
1778760556.243,9523,-43,282946,0,64889,10,STAND/UNKNOWN/#0/LOW_FORCE/REST/act=0/mav=55546/base=435495/th=56455
1778760556.303,9524,-43,281288,0,64889,10,STAND/UNKNOWN/#0/LOW_FORCE/REST/act=0/mav=55546/base=435495/th=56455
1778760556.303,9525,-43,278691,0,64889,10,STAND/UNKNOWN/#0/LOW_FORCE/REST/act=0/mav=55546/base=435495/th=56455
1778760556.303,9526,-43,272198,0,64889,10,STAND/UNKNOWN/#0/LOW_FORCE/REST/act=0/mav=55546/base=435495/th=56455
1778760556.369,9527,-43,266986,0,64889,10,STAND/UNKNOWN/#0/LOW_FORCE/REST/act=0/mav=55546/base=435495/th=56455
1778760556.369,9528,-43,262858,0,64889,10,STAND/UNKNOWN/#0/LOW_FORCE/REST/act=0/mav=55546/base=435495/th=56455
1778760556.369,9529,-43,260383,0,64889,10,STAND/UNKNOWN/#0/LOW_FORCE/REST/act=0/mav=55546/base=435495/th=56455
1778760556.369,9530,-43,255490,0,64889,10,STAND/UNKNOWN/#0/LOW_FORCE/REST/act=0/mav=55546/base=435495/th=56455
1778760556.431,9531,-43,246733,0,64889,10,STAND/UNKNOWN/#0/LOW_FORCE/REST/act=0/mav=55546/base=435495/th=56455
1778760556.431,9532,-43,242022,30,50638,6,STAND/UNKNOWN/#0/LOW_FORCE/OK/act=1/mav=77332/base=435495/th=56455
1778760556.431,9533,-43,239031,30,50638,6,STAND/UNKNOWN/#0/LOW_FORCE/OK/act=1/mav=77332/base=435495/th=56455
1778760556.492,9534,-43,236591,30,50638,6,STAND/UNKNOWN/#0/LOW_FORCE/OK/act=1/mav=77332/base=435495/th=56455
1778760556.492,9535,-43,232396,30,50638,6,STAND/UNKNOWN/#0/LOW_FORCE/OK/act=1/mav=77332/base=435495/th=56455
1778760556.492,9536,-43,230819,30,50638,6,STAND/UNKNOWN/#0/LOW_FORCE/OK/act=1/mav=77332/base=435495/th=56455
1778760556.557,9537,-43,228078,30,50638,6,STAND/UNKNOWN/#0/LOW_FORCE/OK/act=1/mav=77332/base=435495/th=56455
1778760556.557,9538,-43,229064,30,50638,6,STAND/UNKNOWN/#0/LOW_FORCE/OK/act=1/mav=77332/base=435495/th=56455
1778760556.557,9539,-43,227069,30,50638,6,STAND/UNKNOWN/#0/LOW_FORCE/OK/act=1/mav=77332/base=435495/th=56455
1778760556.641,9540,-43,225294,30,50638,6,STAND/UNKNOWN/#0/LOW_FORCE/OK/act=1/mav=77332/base=435495/th=56455
1778760556.641,9541,-43,226326,30,50638,6,STAND/UNKNOWN/#0/LOW_FORCE/OK/act=1/mav=77332/base=435495/th=56455
1778760556.641,9542,-43,223923,30,50638,6,STAND/UNKNOWN/#0/LOW_FORCE/OK/act=1/mav=77332/base=435495/th=56455
1778760556.641,9543,-43,221940,30,50638,6,STAND/UNKNOWN/#0/LOW_FORCE/OK/act=1/mav=77332/base=435495/th=56455
1778760556.709,9544,-43,219941,30,50638,6,STAND/UNKNOWN/#0/LOW_FORCE/OK/act=1/mav=77332/base=435495/th=56455
1778760556.709,9545,-43,218226,30,53001,0,STAND/UNKNOWN/#0/LOW_FORCE/OK/act=1/mav=81618/base=435495/th=56455
1778760556.709,9546,-43,218364,30,53001,0,STAND/UNKNOWN/#0/LOW_FORCE/OK/act=1/mav=81618/base=435495/th=56455
1778760556.709,9547,-43,220607,30,53001,0,STAND/UNKNOWN/#0/LOW_FORCE/OK/act=1/mav=81618/base=435495/th=56455
1778760556.779,9548,-43,221944,30,53001,0,STAND/UNKNOWN/#0/LOW_FORCE/OK/act=1/mav=81618/base=435495/th=56455
1778760556.779,9549,-43,223768,30,53001,0,STAND/UNKNOWN/#0/LOW_FORCE/OK/act=1/mav=81618/base=435495/th=56455
1778760556.780,9550,-43,225865,30,53001,0,STAND/UNKNOWN/#0/LOW_FORCE/OK/act=1/mav=81618/base=435495/th=56455
1778760556.852,9551,-43,226270,30,53001,0,STAND/UNKNOWN/#0/LOW_FORCE/OK/act=1/mav=81618/base=435495/th=56455
1778760556.852,9552,-43,228425,30,53001,0,STAND/UNKNOWN/#0/LOW_FORCE/OK/act=1/mav=81618/base=435495/th=56455
1778760556.852,9553,-43,230919,30,53001,0,STAND/UNKNOWN/#0/LOW_FORCE/OK/act=1/mav=81618/base=435495/th=56455
1778760556.852,9554,-43,232433,30,53001,0,STAND/UNKNOWN/#0/LOW_FORCE/OK/act=1/mav=81618/base=435495/th=56455
1778760556.922,9555,-43,234089,30,53001,0,STAND/UNKNOWN/#0/LOW_FORCE/OK/act=1/mav=81618/base=435495/th=56455
1778760556.922,9556,-43,235966,30,53001,0,STAND/UNKNOWN/#0/LOW_FORCE/OK/act=1/mav=81618/base=435495/th=56455
1778760556.923,9557,-43,235777,30,53001,0,STAND/UNKNOWN/#0/LOW_FORCE/OK/act=1/mav=81618/base=435495/th=56455
1778760556.985,9558,-43,234625,0,49498,0,STAND/UNKNOWN/#0/LOW_FORCE/REST/act=0/mav=43044/base=435495/th=56455
1778760556.985,9559,-43,235964,0,49498,0,STAND/UNKNOWN/#0/LOW_FORCE/REST/act=0/mav=43044/base=435495/th=56455
1778760556.985,9560,-43,235596,0,49498,0,STAND/UNKNOWN/#0/LOW_FORCE/REST/act=0/mav=43044/base=435495/th=56455
1778760557.059,9561,-43,235712,0,49498,0,STAND/UNKNOWN/#0/LOW_FORCE/REST/act=0/mav=43044/base=435495/th=56455
1778760557.059,9562,-43,237207,0,49498,0,STAND/UNKNOWN/#0/LOW_FORCE/REST/act=0/mav=43044/base=435495/th=56455
1778760557.059,9563,-43,238809,0,49498,0,STAND/UNKNOWN/#0/LOW_FORCE/REST/act=0/mav=43044/base=435495/th=56455
1778760557.059,9564,-43,241017,0,49498,0,STAND/UNKNOWN/#0/LOW_FORCE/REST/act=0/mav=43044/base=435495/th=56455
1778760557.129,9565,-43,242067,0,49498,0,STAND/UNKNOWN/#0/LOW_FORCE/REST/act=0/mav=43044/base=435495/th=56455
1778760557.129,9566,-43,243999,0,49498,0,STAND/UNKNOWN/#0/LOW_FORCE/REST/act=0/mav=43044/base=435495/th=56455
1778760557.129,9567,-43,245579,0,49498,0,STAND/UNKNOWN/#0/LOW_FORCE/REST/act=0/mav=43044/base=435495/th=56455
1778760557.129,9568,-43,248035,0,49498,0,STAND/UNKNOWN/#0/LOW_FORCE/REST/act=0/mav=43044/base=435495/th=56455
1778760557.207,9569,-43,249497,0,49498,0,STAND/UNKNOWN/#0/LOW_FORCE/REST/act=0/mav=43044/base=435495/th=56455
1778760557.207,9570,-43,251654,0,49498,0,STAND/UNKNOWN/#0/LOW_FORCE/REST/act=0/mav=43044/base=435495/th=56455
1778760557.207,9571,-43,252177,0,18448,0,STAND/UNKNOWN/#0/LOW_FORCE/REST/act=0/mav=13627/base=435495/th=56455
1778760557.207,9572,-43,252771,0,18448,0,STAND/UNKNOWN/#0/LOW_FORCE/REST/act=0/mav=13627/base=435495/th=56455
1778760557.287,9573,-43,253651,0,18448,0,STAND/UNKNOWN/#0/LOW_FORCE/REST/act=0/mav=13627/base=435495/th=56455
1778760557.287,9574,-43,254866,0,18448,0,STAND/UNKNOWN/#0/LOW_FORCE/REST/act=0/mav=13627/base=435495/th=56455
1778760557.287,9575,-43,257712,0,18448,0,STAND/UNKNOWN/#0/LOW_FORCE/REST/act=0/mav=13627/base=435495/th=56455
1778760557.350,9576,-43,258399,0,18448,0,STAND/UNKNOWN/#0/LOW_FORCE/REST/act=0/mav=13627/base=435495/th=56455
1778760557.350,9577,-43,255467,0,18448,0,STAND/UNKNOWN/#0/LOW_FORCE/REST/act=0/mav=13627/base=435495/th=56455
1778760557.350,9578,-43,256892,0,18448,0,STAND/UNKNOWN/#0/LOW_FORCE/REST/act=0/mav=13627/base=435495/th=56455
1778760557.350,9579,-43,259752,0,18448,0,STAND/UNKNOWN/#0/LOW_FORCE/REST/act=0/mav=13627/base=435495/th=56455
1778760557.415,9580,-43,261510,0,18448,0,STAND/UNKNOWN/#0/LOW_FORCE/REST/act=0/mav=13627/base=435495/th=56455
1778760557.415,9581,-43,267045,0,18448,0,STAND/UNKNOWN/#0/LOW_FORCE/REST/act=0/mav=13627/base=435495/th=56455
1778760557.415,9582,-43,267287,0,18448,0,STAND/UNKNOWN/#0/LOW_FORCE/REST/act=0/mav=13627/base=435495/th=56455
1778760557.487,9583,-43,269218,0,18448,0,STAND/UNKNOWN/#0/LOW_FORCE/REST/act=0/mav=13627/base=435495/th=56455
1778760557.487,9584,-43,271541,0,9209,0,STAND/UNKNOWN/#0/LOW_FORCE/REST/act=0/mav=8100/base=435495/th=56455
1778760557.487,9585,-43,272028,0,9209,0,STAND/UNKNOWN/#0/LOW_FORCE/REST/act=0/mav=8100/base=435495/th=56455
1778760557.487,9586,-43,272802,0,9209,0,STAND/UNKNOWN/#0/LOW_FORCE/REST/act=0/mav=8100/base=435495/th=56455
1778760557.553,9587,-43,273316,0,9209,0,STAND/UNKNOWN/#0/LOW_FORCE/REST/act=0/mav=8100/base=435495/th=56455
1778760557.553,9588,-43,273361,0,9209,0,STAND/UNKNOWN/#0/LOW_FORCE/REST/act=0/mav=8100/base=435495/th=56455
1778760557.553,9589,-43,274667,0,9209,0,STAND/UNKNOWN/#0/LOW_FORCE/REST/act=0/mav=8100/base=435495/th=56455
1778760557.623,9590,-43,269309,0,9209,0,STAND/UNKNOWN/#0/LOW_FORCE/REST/act=0/mav=8100/base=435495/th=56455
1778760557.623,9591,-43,274188,0,9209,0,STAND/UNKNOWN/#0/LOW_FORCE/REST/act=0/mav=8100/base=435495/th=56455
1778760557.623,9592,-43,280664,0,9209,0,STAND/UNKNOWN/#0/LOW_FORCE/REST/act=0/mav=8100/base=435495/th=56455
1778760557.697,9593,-43,286977,0,9209,0,STAND/UNKNOWN/#0/LOW_FORCE/REST/act=0/mav=8100/base=435495/th=56455
1778760557.698,9594,-43,290982,0,9209,0,STAND/UNKNOWN/#0/LOW_FORCE/REST/act=0/mav=8100/base=435495/th=56455
1778760557.698,9595,-43,294175,0,9209,0,STAND/UNKNOWN/#0/LOW_FORCE/REST/act=0/mav=8100/base=435495/th=56455
1778760557.698,9596,-43,299144,0,15336,0,STAND/UNKNOWN/#0/LOW_FORCE/REST/act=0/mav=14220/base=435495/th=56455
1778760557.780,9597,-43,312161,0,15336,0,STAND/UNKNOWN/#0/LOW_FORCE/REST/act=0/mav=14220/base=435495/th=56455
1778760557.780,9598,-43,307941,0,15336,0,STAND/UNKNOWN/#0/LOW_FORCE/REST/act=0/mav=14220/base=435495/th=56455
1778760557.780,9599,-43,310211,0,15336,0,STAND/UNKNOWN/#0/LOW_FORCE/REST/act=0/mav=14220/base=435495/th=56455
1778760557.780,9600,-43,310552,0,15336,0,STAND/UNKNOWN/#0/LOW_FORCE/REST/act=0/mav=14220/base=435495/th=56455
1778760557.852,9601,-43,312329,0,15336,0,STAND/UNKNOWN/#0/LOW_FORCE/REST/act=0/mav=14220/base=435495/th=56455
1778760557.852,9602,-43,311543,0,15336,0,STAND/UNKNOWN/#0/LOW_FORCE/REST/act=0/mav=14220/base=435495/th=56455
1778760557.853,9603,-43,310865,0,15336,0,STAND/UNKNOWN/#0/LOW_FORCE/REST/act=0/mav=14220/base=435495/th=56455
1778760557.853,9604,-43,312052,0,15336,0,STAND/UNKNOWN/#0/LOW_FORCE/REST/act=0/mav=14220/base=435495/th=56455
1778760557.924,9605,-43,308648,0,15336,0,STAND/UNKNOWN/#0/LOW_FORCE/REST/act=0/mav=14220/base=435495/th=56455
1778760557.925,9606,-43,294986,0,15336,0,STAND/UNKNOWN/#0/LOW_FORCE/REST/act=0/mav=14220/base=435495/th=56455
1778760557.925,9607,-43,300806,0,15336,0,STAND/UNKNOWN/#0/LOW_FORCE/REST/act=0/mav=14220/base=435495/th=56455
1778760557.989,9608,-43,306531,0,15336,0,STAND/UNKNOWN/#0/LOW_FORCE/REST/act=0/mav=14220/base=435495/th=56455
1778760557.990,9609,-43,312206,0,22146,0,STAND/UNKNOWN/#0/LOW_FORCE/REST/act=0/mav=20306/base=435495/th=56455
1778760557.990,9610,-43,318543,0,22146,0,STAND/UNKNOWN/#0/LOW_FORCE/REST/act=0/mav=20306/base=435495/th=56455
1778760557.990,9611,-43,317995,0,22146,0,STAND/UNKNOWN/#0/LOW_FORCE/REST/act=0/mav=20306/base=435495/th=56455
1778760558.051,9612,-43,320768,0,22146,0,STAND/UNKNOWN/#0/LOW_FORCE/REST/act=0/mav=20306/base=435495/th=56455
1778760558.051,9613,-43,322101,0,22146,0,STAND/UNKNOWN/#0/LOW_FORCE/REST/act=0/mav=20306/base=435495/th=56455
1778760558.051,9614,-43,324737,0,22146,0,STAND/UNKNOWN/#0/LOW_FORCE/REST/act=0/mav=20306/base=435495/th=56455
1778760558.115,9615,-43,325514,0,22146,0,STAND/UNKNOWN/#0/LOW_FORCE/REST/act=0/mav=20306/base=435495/th=56455
1778760558.115,9616,-43,328408,0,22146,0,STAND/UNKNOWN/#0/LOW_FORCE/REST/act=0/mav=20306/base=435495/th=56455
1778760558.115,9617,-43,329997,0,22146,0,STAND/UNKNOWN/#0/LOW_FORCE/REST/act=0/mav=20306/base=435495/th=56455
1778760558.177,9618,-43,332189,0,22146,0,STAND/UNKNOWN/#0/LOW_FORCE/REST/act=0/mav=20306/base=435495/th=56455
1778760558.177,9619,-43,335778,0,22146,0,STAND/UNKNOWN/#0/LOW_FORCE/REST/act=0/mav=20306/base=435495/th=56455
1778760558.177,9620,-43,335471,0,22146,0,STAND/UNKNOWN/#0/LOW_FORCE/REST/act=0/mav=20306/base=435495/th=56455
1778760558.238,9621,-43,337132,0,22146,0,STAND/UNKNOWN/#0/LOW_FORCE/REST/act=0/mav=20306/base=435495/th=56455
1778760558.238,9622,-43,337274,0,23822,0,STAND/UNKNOWN/#0/LOW_FORCE/REST/act=0/mav=22583/base=435495/th=56455
1778760558.238,9623,-43,339702,0,23822,0,STAND/UNKNOWN/#0/LOW_FORCE/REST/act=0/mav=22583/base=435495/th=56455
1778760558.303,9624,-43,339584,0,23822,0,STAND/UNKNOWN/#0/LOW_FORCE/REST/act=0/mav=22583/base=435495/th=56455
1778760558.303,9625,-43,341293,0,23822,0,STAND/UNKNOWN/#0/LOW_FORCE/REST/act=0/mav=22583/base=435495/th=56455
1778760558.303,9626,-43,343876,0,23822,0,STAND/UNKNOWN/#0/LOW_FORCE/REST/act=0/mav=22583/base=435495/th=56455
1778760558.371,9627,-43,345608,0,23822,0,STAND/UNKNOWN/#0/LOW_FORCE/REST/act=0/mav=22583/base=435495/th=56455
1778760558.371,9628,-43,345176,0,23822,0,STAND/UNKNOWN/#0/LOW_FORCE/REST/act=0/mav=22583/base=435495/th=56455
1778760558.371,9629,-43,343454,0,23822,0,STAND/UNKNOWN/#0/LOW_FORCE/REST/act=0/mav=22583/base=435495/th=56455
1778760558.371,9630,-43,342167,0,23822,0,STAND/UNKNOWN/#0/LOW_FORCE/REST/act=0/mav=22583/base=435495/th=56455
1778760558.437,9631,-43,341596,0,23822,0,STAND/UNKNOWN/#0/LOW_FORCE/REST/act=0/mav=22583/base=435495/th=56455
1778760558.437,9632,-43,342282,0,23822,0,STAND/UNKNOWN/#0/LOW_FORCE/REST/act=0/mav=22583/base=435495/th=56455
1778760558.437,9633,-43,344499,0,23822,0,STAND/UNKNOWN/#0/LOW_FORCE/REST/act=0/mav=22583/base=435495/th=56455
1778760558.502,9634,-43,347244,0,23822,0,STAND/UNKNOWN/#0/LOW_FORCE/REST/act=0/mav=22583/base=435495/th=56455
1778760558.503,9635,-43,348346,0,20119,0,STAND/UNKNOWN/#0/LOW_FORCE/REST/act=0/mav=19605/base=435495/th=56455
1778760558.503,9636,-43,349116,0,20119,0,STAND/UNKNOWN/#0/LOW_FORCE/REST/act=0/mav=19605/base=435495/th=56455
1778760558.570,9637,-43,352043,0,20119,0,STAND/UNKNOWN/#0/LOW_FORCE/REST/act=0/mav=19605/base=435495/th=56455
1778760558.571,9638,-43,353874,0,20119,0,STAND/UNKNOWN/#0/LOW_FORCE/REST/act=0/mav=19605/base=435495/th=56455
1778760558.571,9639,-43,353976,0,20119,0,STAND/UNKNOWN/#0/LOW_FORCE/REST/act=0/mav=19605/base=435495/th=56455
1778760558.571,9640,-43,355671,0,20119,0,STAND/UNKNOWN/#0/LOW_FORCE/REST/act=0/mav=19605/base=435495/th=56455
1778760558.640,9641,-43,357832,0,20119,0,STAND/UNKNOWN/#0/LOW_FORCE/REST/act=0/mav=19605/base=435495/th=56455
1778760558.640,9642,-43,359494,0,20119,0,STAND/UNKNOWN/#0/LOW_FORCE/REST/act=0/mav=19605/base=435495/th=56455
1778760558.640,9643,-43,359929,0,20119,0,STAND/UNKNOWN/#0/LOW_FORCE/REST/act=0/mav=19605/base=435495/th=56455
1778760558.731,9644,-43,359073,0,20119,0,STAND/UNKNOWN/#0/LOW_FORCE/REST/act=0/mav=19605/base=435495/th=56455
1778760558.731,9645,-43,360166,0,20119,0,STAND/UNKNOWN/#0/LOW_FORCE/REST/act=0/mav=19605/base=435495/th=56455
1778760558.731,9646,-43,360309,0,20119,0,STAND/UNKNOWN/#0/LOW_FORCE/REST/act=0/mav=19605/base=435495/th=56455
1778760558.731,9647,-43,361343,0,20119,0,STAND/UNKNOWN/#0/LOW_FORCE/REST/act=0/mav=19605/base=435495/th=56455
1778760558.731,9648,-43,362581,0,16805,0,STAND/UNKNOWN/#0/LOW_FORCE/REST/act=0/mav=16309/base=435495/th=56455
1778760558.800,9649,-43,363614,0,16805,0,STAND/UNKNOWN/#0/LOW_FORCE/REST/act=0/mav=16309/base=435495/th=56455
1778760558.801,9650,-43,366106,0,16805,0,STAND/UNKNOWN/#0/LOW_FORCE/REST/act=0/mav=16309/base=435495/th=56455
1778760558.801,9651,-43,367141,0,16805,0,STAND/UNKNOWN/#0/LOW_FORCE/REST/act=0/mav=16309/base=435495/th=56455
1778760558.868,9652,-43,367667,0,16805,0,STAND/UNKNOWN/#0/LOW_FORCE/REST/act=0/mav=16309/base=435495/th=56455
1778760558.868,9653,-43,365836,0,16805,0,STAND/UNKNOWN/#0/LOW_FORCE/REST/act=0/mav=16309/base=435495/th=56455
1778760558.868,9654,-43,365340,0,16805,0,STAND/UNKNOWN/#0/LOW_FORCE/REST/act=0/mav=16309/base=435495/th=56455
1778760558.868,9655,-43,365529,0,16805,0,STAND/UNKNOWN/#0/LOW_FORCE/REST/act=0/mav=16309/base=435495/th=56455
1778760558.940,9656,-43,365208,0,16805,0,STAND/UNKNOWN/#0/LOW_FORCE/REST/act=0/mav=16309/base=435495/th=56455
1778760558.940,9657,-43,370668,0,16805,0,STAND/UNKNOWN/#0/LOW_FORCE/REST/act=0/mav=16309/base=435495/th=56455
1778760558.940,9658,-43,369444,0,16805,0,STAND/UNKNOWN/#0/LOW_FORCE/REST/act=0/mav=16309/base=435495/th=56455
1778760559.004,9659,-43,370263,0,16805,0,STAND/UNKNOWN/#0/LOW_FORCE/REST/act=0/mav=16309/base=435495/th=56455
1778760559.004,9660,-43,369975,0,14286,0,STAND/UNKNOWN/#0/LOW_FORCE/REST/act=0/mav=13753/base=435495/th=56455
1778760559.004,9661,-43,371511,0,14286,0,STAND/UNKNOWN/#0/LOW_FORCE/REST/act=0/mav=13753/base=435495/th=56455
1778760559.070,9662,-43,371651,0,14286,0,STAND/UNKNOWN/#0/LOW_FORCE/REST/act=0/mav=13753/base=435495/th=56455
1778760559.071,9663,-43,372173,0,14286,0,STAND/UNKNOWN/#0/LOW_FORCE/REST/act=0/mav=13753/base=435495/th=56455
1778760559.071,9664,-43,375489,0,14286,0,STAND/UNKNOWN/#0/LOW_FORCE/REST/act=0/mav=13753/base=435495/th=56455
1778760559.071,9665,-43,375866,0,14286,0,STAND/UNKNOWN/#0/LOW_FORCE/REST/act=0/mav=13753/base=435495/th=56455
1778760559.133,9666,-43,377246,0,14286,0,STAND/UNKNOWN/#0/LOW_FORCE/REST/act=0/mav=13753/base=435495/th=56455
1778760559.134,9667,-43,378569,0,14286,0,STAND/UNKNOWN/#0/LOW_FORCE/REST/act=0/mav=13753/base=435495/th=56455
1778760559.134,9668,-43,377151,0,14286,0,STAND/UNKNOWN/#0/LOW_FORCE/REST/act=0/mav=13753/base=435495/th=56455
1778760559.199,9669,-43,377782,0,14286,0,STAND/UNKNOWN/#0/LOW_FORCE/REST/act=0/mav=13753/base=435495/th=56455
1778760559.199,9670,-43,379018,0,14286,0,STAND/UNKNOWN/#0/LOW_FORCE/REST/act=0/mav=13753/base=435495/th=56455
1778760559.199,9671,-43,379066,0,14286,0,STAND/UNKNOWN/#0/LOW_FORCE/REST/act=0/mav=13753/base=435495/th=56455
1778760559.277,9672,-43,380438,0,14286,0,STAND/UNKNOWN/#0/LOW_FORCE/REST/act=0/mav=13753/base=435495/th=56455
1778760559.277,9673,-43,381579,0,12326,0,STAND/UNKNOWN/#0/LOW_FORCE/REST/act=0/mav=11741/base=435495/th=56455
1778760559.277,9674,-43,381861,0,12326,0,STAND/UNKNOWN/#0/LOW_FORCE/REST/act=0/mav=11741/base=435495/th=56455
1778760559.278,9675,-43,381518,0,12326,0,STAND/UNKNOWN/#0/LOW_FORCE/REST/act=0/mav=11741/base=435495/th=56455
1778760559.344,9676,-43,382163,0,12326,0,STAND/UNKNOWN/#0/LOW_FORCE/REST/act=0/mav=11741/base=435495/th=56455
1778760559.344,9677,-43,381808,0,12326,0,STAND/UNKNOWN/#0/LOW_FORCE/REST/act=0/mav=11741/base=435495/th=56455
1778760559.344,9678,-43,381943,0,12326,0,STAND/UNKNOWN/#0/LOW_FORCE/REST/act=0/mav=11741/base=435495/th=56455
1778760559.405,9679,-43,382598,0,12326,0,STAND/UNKNOWN/#0/LOW_FORCE/REST/act=0/mav=11741/base=435495/th=56455
1778760559.405,9680,-43,382499,0,12326,0,STAND/UNKNOWN/#0/LOW_FORCE/REST/act=0/mav=11741/base=435495/th=56455
1778760559.405,9681,-43,385024,0,12326,0,STAND/UNKNOWN/#0/LOW_FORCE/REST/act=0/mav=11741/base=435495/th=56455
1778760559.462,9682,-43,386339,0,12326,0,STAND/UNKNOWN/#0/LOW_FORCE/REST/act=0/mav=11741/base=435495/th=56455
1778760559.462,9683,-43,384952,0,12326,0,STAND/UNKNOWN/#0/LOW_FORCE/REST/act=0/mav=11741/base=435495/th=56455
1778760559.463,9684,-43,382124,0,12326,0,STAND/UNKNOWN/#0/LOW_FORCE/REST/act=0/mav=11741/base=435495/th=56455
1778760559.522,9685,-43,381911,0,12326,0,STAND/UNKNOWN/#0/LOW_FORCE/REST/act=0/mav=11741/base=435495/th=56455
1778760559.523,9686,-43,382084,0,21763,0,STAND/UNKNOWN/#0/LOW_FORCE/REST/act=0/mav=14059/base=435495/th=56455
1778760559.523,9687,-43,379149,0,21763,0,STAND/UNKNOWN/#0/LOW_FORCE/REST/act=0/mav=14059/base=435495/th=56455
1778760559.585,9688,-43,379814,0,21763,0,STAND/UNKNOWN/#0/LOW_FORCE/REST/act=0/mav=14059/base=435495/th=56455
1778760559.585,9689,-43,380585,0,21763,0,STAND/UNKNOWN/#0/LOW_FORCE/REST/act=0/mav=14059/base=435495/th=56455
1778760559.585,9690,-43,381143,0,21763,0,STAND/UNKNOWN/#0/LOW_FORCE/REST/act=0/mav=14059/base=435495/th=56455
1778760559.643,9691,-43,379828,0,21763,0,STAND/UNKNOWN/#0/LOW_FORCE/REST/act=0/mav=14059/base=435495/th=56455
1778760559.643,9692,-43,379247,0,21763,0,STAND/UNKNOWN/#0/LOW_FORCE/REST/act=0/mav=14059/base=435495/th=56455
1778760559.643,9693,-43,378453,0,21763,0,STAND/UNKNOWN/#0/LOW_FORCE/REST/act=0/mav=14059/base=435495/th=56455
1778760559.708,9694,-43,379776,0,21763,0,STAND/UNKNOWN/#0/LOW_FORCE/REST/act=0/mav=14059/base=435495/th=56455
1778760559.708,9695,-43,377533,0,21763,0,STAND/UNKNOWN/#0/LOW_FORCE/REST/act=0/mav=14059/base=435495/th=56455
1778760559.708,9696,-43,378844,0,21763,0,STAND/UNKNOWN/#0/LOW_FORCE/REST/act=0/mav=14059/base=435495/th=56455
1778760559.708,9697,-43,381195,0,21763,0,STAND/UNKNOWN/#0/LOW_FORCE/REST/act=0/mav=14059/base=435495/th=56455
1778760559.768,9698,-43,381333,0,21763,0,STAND/UNKNOWN/#0/LOW_FORCE/REST/act=0/mav=14059/base=435495/th=56455
1778760559.768,9699,-43,380484,0,20998,0,STAND/UNKNOWN/#0/LOW_FORCE/REST/act=0/mav=12188/base=435495/th=56455
1778760559.768,9700,-43,377524,0,20998,0,STAND/UNKNOWN/#0/LOW_FORCE/REST/act=0/mav=12188/base=435495/th=56455
1778760559.829,9701,-43,377592,0,20998,0,STAND/UNKNOWN/#0/LOW_FORCE/REST/act=0/mav=12188/base=435495/th=56455
1778760559.830,9702,-43,377516,0,20998,0,STAND/UNKNOWN/#0/LOW_FORCE/REST/act=0/mav=12188/base=435495/th=56455
1778760559.830,9703,-43,375079,0,20998,0,STAND/UNKNOWN/#0/LOW_FORCE/REST/act=0/mav=12188/base=435495/th=56455
1778760559.886,9704,-43,373246,0,20998,0,STAND/UNKNOWN/#0/LOW_FORCE/REST/act=0/mav=12188/base=435495/th=56455
1778760559.887,9705,-43,374063,0,20998,0,STAND/UNKNOWN/#0/LOW_FORCE/REST/act=0/mav=12188/base=435495/th=56455
1778760559.887,9706,-43,374421,0,20998,0,STAND/UNKNOWN/#0/LOW_FORCE/REST/act=0/mav=12188/base=435495/th=56455
1778760559.944,9707,-43,374048,0,20998,0,STAND/UNKNOWN/#0/LOW_FORCE/REST/act=0/mav=12188/base=435495/th=56455
1778760559.945,9708,-43,372705,0,20998,0,STAND/UNKNOWN/#0/LOW_FORCE/REST/act=0/mav=12188/base=435495/th=56455
1778760560.005,9709,-43,372261,0,20998,0,STAND/UNKNOWN/#0/LOW_FORCE/REST/act=0/mav=12188/base=435495/th=56455
1778760560.005,9710,-43,372027,0,20998,0,STAND/UNKNOWN/#0/LOW_FORCE/REST/act=0/mav=12188/base=435495/th=56455
1778760560.005,9711,-43,372850,0,20998,0,STAND/UNKNOWN/#0/LOW_FORCE/REST/act=0/mav=12188/base=435495/th=56455
1778760560.067,9712,-43,374058,0,9218,0,STAND/UNKNOWN/#0/LOW_FORCE/REST/act=0/mav=7361/base=435495/th=56455
1778760560.067,9713,-43,377886,0,9218,0,STAND/UNKNOWN/#0/LOW_FORCE/REST/act=0/mav=7361/base=435495/th=56455
1778760560.067,9714,-43,383569,0,9218,0,STAND/UNKNOWN/#0/LOW_FORCE/REST/act=0/mav=7361/base=435495/th=56455
1778760560.067,9715,-43,373263,0,9218,0,STAND/UNKNOWN/#0/LOW_FORCE/REST/act=0/mav=7361/base=435495/th=56455
1778760560.126,9716,-43,368582,0,9218,0,STAND/UNKNOWN/#0/LOW_FORCE/REST/act=0/mav=7361/base=435495/th=56455
1778760560.126,9717,-43,361182,0,9218,0,STAND/UNKNOWN/#0/LOW_FORCE/REST/act=0/mav=7361/base=435495/th=56455
1778760560.192,9718,-43,353038,0,9218,0,STAND/UNKNOWN/#0/LOW_FORCE/REST/act=0/mav=7361/base=435495/th=56455
1778760560.192,9719,-43,347193,0,9218,0,STAND/UNKNOWN/#0/LOW_FORCE/REST/act=0/mav=7361/base=435495/th=56455
1778760560.192,9720,-43,344773,0,9218,0,STAND/UNKNOWN/#0/LOW_FORCE/REST/act=0/mav=7361/base=435495/th=56455
1778760560.192,9721,-43,341471,0,9218,0,STAND/UNKNOWN/#0/LOW_FORCE/REST/act=0/mav=7361/base=435495/th=56455
1778760560.256,9722,-43,333001,0,9218,0,STAND/UNKNOWN/#0/LOW_FORCE/REST/act=0/mav=7361/base=435495/th=56455
1778760560.256,9723,-43,318923,0,9218,0,STAND/UNKNOWN/#0/LOW_FORCE/REST/act=0/mav=7361/base=435495/th=56455
1778760560.256,9724,-43,327319,0,20360,1,STAND/UNKNOWN/#0/LOW_FORCE/REST/act=0/mav=14873/base=435495/th=56455
1778760560.319,9725,-43,341228,0,20360,1,STAND/UNKNOWN/#0/LOW_FORCE/REST/act=0/mav=14873/base=435495/th=56455
1778760560.320,9726,-43,341657,0,20360,1,STAND/UNKNOWN/#0/LOW_FORCE/REST/act=0/mav=14873/base=435495/th=56455
1778760560.320,9727,-43,346699,0,20360,1,STAND/UNKNOWN/#0/LOW_FORCE/REST/act=0/mav=14873/base=435495/th=56455
1778760560.383,9728,-43,349333,0,20360,1,STAND/UNKNOWN/#0/LOW_FORCE/REST/act=0/mav=14873/base=435495/th=56455
1778760560.384,9729,-43,349246,0,20360,1,STAND/UNKNOWN/#0/LOW_FORCE/REST/act=0/mav=14873/base=435495/th=56455
1778760560.384,9730,-43,339790,0,20360,1,STAND/UNKNOWN/#0/LOW_FORCE/REST/act=0/mav=14873/base=435495/th=56455
1778760560.448,9731,-43,340616,0,20360,1,STAND/UNKNOWN/#0/LOW_FORCE/REST/act=0/mav=14873/base=435495/th=56455
1778760560.448,9732,-43,343488,0,20360,1,STAND/UNKNOWN/#0/LOW_FORCE/REST/act=0/mav=14873/base=435495/th=56455
1778760560.448,9733,-43,346454,0,20360,1,STAND/UNKNOWN/#0/LOW_FORCE/REST/act=0/mav=14873/base=435495/th=56455
1778760560.448,9734,-43,346774,0,20360,1,STAND/UNKNOWN/#0/LOW_FORCE/REST/act=0/mav=14873/base=435495/th=56455
1778760560.508,9735,-43,351046,0,20360,1,STAND/UNKNOWN/#0/LOW_FORCE/REST/act=0/mav=14873/base=435495/th=56455
1778760560.509,9736,-43,353824,0,20360,1,STAND/UNKNOWN/#0/LOW_FORCE/REST/act=0/mav=14873/base=435495/th=56455
1778760560.509,9737,-43,356744,0,21417,1,STAND/UNKNOWN/#0/LOW_FORCE/REST/act=0/mav=16565/base=435495/th=56455
1778760560.572,9738,-43,361220,0,21417,1,STAND/UNKNOWN/#0/LOW_FORCE/REST/act=0/mav=16565/base=435495/th=56455
1778760560.572,9739,-43,364456,0,21417,1,STAND/UNKNOWN/#0/LOW_FORCE/REST/act=0/mav=16565/base=435495/th=56455
1778760560.573,9740,-43,365674,0,21417,1,STAND/UNKNOWN/#0/LOW_FORCE/REST/act=0/mav=16565/base=435495/th=56455
1778760560.637,9741,-43,368373,0,21417,1,STAND/UNKNOWN/#0/LOW_FORCE/REST/act=0/mav=16565/base=435495/th=56455
1778760560.638,9742,-43,395036,0,21417,1,STAND/UNKNOWN/#0/LOW_FORCE/REST/act=0/mav=16565/base=435495/th=56455
1778760560.638,9743,-43,340430,0,21417,1,STAND/UNKNOWN/#0/LOW_FORCE/REST/act=0/mav=16565/base=435495/th=56455
1778760560.703,9744,-43,324526,0,21417,1,STAND/UNKNOWN/#0/LOW_FORCE/REST/act=0/mav=16565/base=435495/th=56455
1778760560.703,9745,-43,293219,0,21417,1,STAND/UNKNOWN/#0/LOW_FORCE/REST/act=0/mav=16565/base=435495/th=56455
1778760560.703,9746,-43,288454,0,21417,1,STAND/UNKNOWN/#0/LOW_FORCE/REST/act=0/mav=16565/base=435495/th=56455
1778760560.778,9747,-43,297664,0,21417,1,STAND/UNKNOWN/#0/LOW_FORCE/REST/act=0/mav=16565/base=435495/th=56455
1778760560.778,9748,-43,320016,0,21417,1,STAND/UNKNOWN/#0/LOW_FORCE/REST/act=0/mav=16565/base=435495/th=56455
1778760560.778,9749,-43,322689,0,21417,1,STAND/UNKNOWN/#0/LOW_FORCE/REST/act=0/mav=16565/base=435495/th=56455
1778760560.778,9750,-43,318406,0,26146,0,STAND/UNKNOWN/#0/LOW_FORCE/REST/act=0/mav=19780/base=435495/th=56455
1778760560.851,9751,-43,316485,0,26146,0,STAND/UNKNOWN/#0/LOW_FORCE/REST/act=0/mav=19780/base=435495/th=56455
1778760560.852,9752,-43,322288,0,26146,0,STAND/UNKNOWN/#0/LOW_FORCE/REST/act=0/mav=19780/base=435495/th=56455
1778760560.852,9753,-43,332623,0,26146,0,STAND/UNKNOWN/#0/LOW_FORCE/REST/act=0/mav=19780/base=435495/th=56455
1778760560.852,9754,-43,353498,0,26146,0,STAND/UNKNOWN/#0/LOW_FORCE/REST/act=0/mav=19780/base=435495/th=56455
1778760560.918,9755,-43,351729,0,26146,0,STAND/UNKNOWN/#0/LOW_FORCE/REST/act=0/mav=19780/base=435495/th=56455
1778760560.918,9756,-43,348984,0,26146,0,STAND/UNKNOWN/#0/LOW_FORCE/REST/act=0/mav=19780/base=435495/th=56455
1778760560.918,9757,-43,346916,0,26146,0,STAND/UNKNOWN/#0/LOW_FORCE/REST/act=0/mav=19780/base=435495/th=56455
1778760560.979,9758,-43,345009,0,26146,0,STAND/UNKNOWN/#0/LOW_FORCE/REST/act=0/mav=19780/base=435495/th=56455
1778760560.979,9759,-43,339139,0,26146,0,STAND/UNKNOWN/#0/LOW_FORCE/REST/act=0/mav=19780/base=435495/th=56455
1778760560.979,9760,-43,333945,0,26146,0,STAND/UNKNOWN/#0/LOW_FORCE/REST/act=0/mav=19780/base=435495/th=56455
1778760561.050,9761,-43,338186,0,26146,0,STAND/UNKNOWN/#0/LOW_FORCE/REST/act=0/mav=19780/base=435495/th=56455
1778760561.050,9762,-43,343791,0,26146,0,STAND/UNKNOWN/#0/LOW_FORCE/REST/act=0/mav=19780/base=435495/th=56455
1778760561.050,9763,-43,346027,0,25806,1,STAND/UNKNOWN/#0/LOW_FORCE/REST/act=0/mav=19127/base=435495/th=56455
1778760561.050,9764,-43,348708,0,25806,1,STAND/UNKNOWN/#0/LOW_FORCE/REST/act=0/mav=19127/base=435495/th=56455
1778760561.125,9765,-43,347756,0,25806,1,STAND/UNKNOWN/#0/LOW_FORCE/REST/act=0/mav=19127/base=435495/th=56455
1778760561.125,9766,-43,344884,0,25806,1,STAND/UNKNOWN/#0/LOW_FORCE/REST/act=0/mav=19127/base=435495/th=56455
1778760561.126,9767,-43,342044,0,25806,1,STAND/UNKNOWN/#0/LOW_FORCE/REST/act=0/mav=19127/base=435495/th=56455
1778760561.126,9768,-43,340059,0,25806,1,STAND/UNKNOWN/#0/LOW_FORCE/REST/act=0/mav=19127/base=435495/th=56455
1778760561.217,9769,-43,339038,0,25806,1,STAND/UNKNOWN/#0/LOW_FORCE/REST/act=0/mav=19127/base=435495/th=56455
1778760561.217,9770,-43,337276,0,25806,1,STAND/UNKNOWN/#0/LOW_FORCE/REST/act=0/mav=19127/base=435495/th=56455
1778760561.218,9771,-43,334996,0,25806,1,STAND/UNKNOWN/#0/LOW_FORCE/REST/act=0/mav=19127/base=435495/th=56455
1778760561.218,9772,-43,332996,0,25806,1,STAND/UNKNOWN/#0/LOW_FORCE/REST/act=0/mav=19127/base=435495/th=56455
1778760561.294,9773,-43,332182,0,25806,1,STAND/UNKNOWN/#0/LOW_FORCE/REST/act=0/mav=19127/base=435495/th=56455
1778760561.294,9774,-43,296027,0,25806,1,STAND/UNKNOWN/#0/LOW_FORCE/REST/act=0/mav=19127/base=435495/th=56455
1778760561.295,9775,-43,302537,0,25806,1,STAND/UNKNOWN/#0/LOW_FORCE/REST/act=0/mav=19127/base=435495/th=56455
1778760561.295,9776,-43,306030,0,14587,1,STAND/UNKNOWN/#0/LOW_FORCE/REST/act=0/mav=10243/base=435495/th=56455
1778760561.360,9777,-43,307441,0,14587,1,STAND/UNKNOWN/#0/LOW_FORCE/REST/act=0/mav=10243/base=435495/th=56455
1778760561.360,9778,-43,308953,0,14587,1,STAND/UNKNOWN/#0/LOW_FORCE/REST/act=0/mav=10243/base=435495/th=56455
1778760561.360,9779,-43,325549,0,14587,1,STAND/UNKNOWN/#0/LOW_FORCE/REST/act=0/mav=10243/base=435495/th=56455
1778760561.427,9780,-43,322181,0,14587,1,STAND/UNKNOWN/#0/LOW_FORCE/REST/act=0/mav=10243/base=435495/th=56455
1778760561.427,9781,-43,290879,0,14587,1,STAND/UNKNOWN/#0/LOW_FORCE/REST/act=0/mav=10243/base=435495/th=56455
1778760561.427,9782,-43,242022,0,14587,1,STAND/UNKNOWN/#0/LOW_FORCE/REST/act=0/mav=10243/base=435495/th=56455
1778760561.427,9783,-43,264906,0,14587,1,STAND/UNKNOWN/#0/LOW_FORCE/REST/act=0/mav=10243/base=435495/th=56455
1778760561.497,9784,-43,278810,0,14587,1,STAND/UNKNOWN/#0/LOW_FORCE/REST/act=0/mav=10243/base=435495/th=56455
1778760561.497,9785,-43,292303,0,14587,1,STAND/UNKNOWN/#0/LOW_FORCE/REST/act=0/mav=10243/base=435495/th=56455
1778760561.498,9786,-43,316811,0,14587,1,STAND/UNKNOWN/#0/LOW_FORCE/REST/act=0/mav=10243/base=435495/th=56455
1778760561.564,9787,-43,317578,0,14587,1,STAND/UNKNOWN/#0/LOW_FORCE/REST/act=0/mav=10243/base=435495/th=56455
1778760561.564,9788,-43,316897,0,26525,0,STAND/UNKNOWN/#0/LOW_FORCE/REST/act=0/mav=18522/base=435495/th=56455
1778760561.564,9789,-43,314416,0,26525,0,STAND/UNKNOWN/#0/LOW_FORCE/REST/act=0/mav=18522/base=435495/th=56455
1778760561.634,9790,-43,286043,0,26525,0,STAND/UNKNOWN/#0/LOW_FORCE/REST/act=0/mav=18522/base=435495/th=56455
1778760561.634,9791,-43,283703,0,26525,0,STAND/UNKNOWN/#0/LOW_FORCE/REST/act=0/mav=18522/base=435495/th=56455
1778760561.635,9792,-43,296698,0,26525,0,STAND/UNKNOWN/#0/LOW_FORCE/REST/act=0/mav=18522/base=435495/th=56455
1778760561.635,9793,-43,302895,0,26525,0,STAND/UNKNOWN/#0/LOW_FORCE/REST/act=0/mav=18522/base=435495/th=56455
1778760561.702,9794,-43,304905,0,26525,0,STAND/UNKNOWN/#0/LOW_FORCE/REST/act=0/mav=18522/base=435495/th=56455
1778760561.702,9795,-43,304681,0,26525,0,STAND/UNKNOWN/#0/LOW_FORCE/REST/act=0/mav=18522/base=435495/th=56455
1778760561.702,9796,-43,305188,0,26525,0,STAND/UNKNOWN/#0/LOW_FORCE/REST/act=0/mav=18522/base=435495/th=56455
1778760561.771,9797,-43,305825,0,26525,0,STAND/UNKNOWN/#0/LOW_FORCE/REST/act=0/mav=18522/base=435495/th=56455
1778760561.772,9798,-43,307051,0,26525,0,STAND/UNKNOWN/#0/LOW_FORCE/REST/act=0/mav=18522/base=435495/th=56455
1778760561.772,9799,-43,306950,0,26525,0,STAND/UNKNOWN/#0/LOW_FORCE/REST/act=0/mav=18522/base=435495/th=56455
1778760561.772,9800,-43,306304,0,26525,0,STAND/UNKNOWN/#0/LOW_FORCE/REST/act=0/mav=18522/base=435495/th=56455
1778760561.842,9801,-43,305682,0,25020,0,STAND/UNKNOWN/#0/LOW_FORCE/REST/act=0/mav=16312/base=435495/th=56455
1778760561.842,9802,-43,305542,0,25020,0,STAND/UNKNOWN/#0/LOW_FORCE/REST/act=0/mav=16312/base=435495/th=56455
1778760561.842,9803,-43,306264,0,25020,0,STAND/UNKNOWN/#0/LOW_FORCE/REST/act=0/mav=16312/base=435495/th=56455
1778760561.912,9804,-43,306911,0,25020,0,STAND/UNKNOWN/#0/LOW_FORCE/REST/act=0/mav=16312/base=435495/th=56455
1778760561.912,9805,-43,307214,0,25020,0,STAND/UNKNOWN/#0/LOW_FORCE/REST/act=0/mav=16312/base=435495/th=56455
1778760561.912,9806,-43,296880,0,25020,0,STAND/UNKNOWN/#0/LOW_FORCE/REST/act=0/mav=16312/base=435495/th=56455
1778760561.912,9807,-43,281088,0,25020,0,STAND/UNKNOWN/#0/LOW_FORCE/REST/act=0/mav=16312/base=435495/th=56455
1778760561.995,9808,-43,280774,0,25020,0,STAND/UNKNOWN/#0/LOW_FORCE/REST/act=0/mav=16312/base=435495/th=56455
1778760561.996,9809,-43,289589,0,25020,0,STAND/UNKNOWN/#0/LOW_FORCE/REST/act=0/mav=16312/base=435495/th=56455
1778760561.996,9810,-43,300064,0,25020,0,STAND/UNKNOWN/#0/LOW_FORCE/REST/act=0/mav=16312/base=435495/th=56455
1778760561.996,9811,-43,309805,0,25020,0,STAND/UNKNOWN/#0/LOW_FORCE/REST/act=0/mav=16312/base=435495/th=56455
1778760562.089,9812,-43,338152,0,25020,0,STAND/UNKNOWN/#0/LOW_FORCE/REST/act=0/mav=16312/base=435495/th=56455
1778760562.090,9813,-43,336343,0,25020,0,STAND/UNKNOWN/#0/LOW_FORCE/REST/act=0/mav=16312/base=435495/th=56455
1778760562.090,9814,-43,335360,0,14238,0,STAND/UNKNOWN/#0/LOW_FORCE/REST/act=0/mav=9485/base=435495/th=56455
1778760562.090,9815,-43,334450,0,14238,0,STAND/UNKNOWN/#0/LOW_FORCE/REST/act=0/mav=9485/base=435495/th=56455
1778760562.159,9816,-43,332191,0,14238,0,STAND/UNKNOWN/#0/LOW_FORCE/REST/act=0/mav=9485/base=435495/th=56455
1778760562.159,9817,-43,330219,0,14238,0,STAND/UNKNOWN/#0/LOW_FORCE/REST/act=0/mav=9485/base=435495/th=56455
1778760562.159,9818,-43,329472,0,14238,0,STAND/UNKNOWN/#0/LOW_FORCE/REST/act=0/mav=9485/base=435495/th=56455
1778760562.159,9819,-43,328709,0,14238,0,STAND/UNKNOWN/#0/LOW_FORCE/REST/act=0/mav=9485/base=435495/th=56455
1778760562.223,9820,-43,323096,0,14238,0,STAND/UNKNOWN/#0/LOW_FORCE/REST/act=0/mav=9485/base=435495/th=56455
1778760562.224,9821,-43,315952,0,14238,0,STAND/UNKNOWN/#0/LOW_FORCE/REST/act=0/mav=9485/base=435495/th=56455
1778760562.224,9822,-43,308711,0,14238,0,STAND/UNKNOWN/#0/LOW_FORCE/REST/act=0/mav=9485/base=435495/th=56455
1778760562.293,9823,-43,300734,0,14238,0,STAND/UNKNOWN/#0/LOW_FORCE/REST/act=0/mav=9485/base=435495/th=56455
1778760562.293,9824,-43,294938,0,14238,0,STAND/UNKNOWN/#0/LOW_FORCE/REST/act=0/mav=9485/base=435495/th=56455
1778760562.293,9825,-43,292041,0,14238,0,STAND/UNKNOWN/#0/LOW_FORCE/REST/act=0/mav=9485/base=435495/th=56455
1778760562.293,9826,-43,290539,0,14238,0,STAND/UNKNOWN/#0/LOW_FORCE/REST/act=0/mav=9485/base=435495/th=56455
1778760562.363,9827,-43,290291,0,16703,0,STAND/UNKNOWN/#0/LOW_FORCE/REST/act=0/mav=13562/base=435495/th=56455
1778760562.363,9828,-43,290540,0,16703,0,STAND/UNKNOWN/#0/LOW_FORCE/REST/act=0/mav=13562/base=435495/th=56455
1778760562.363,9829,-43,291551,0,16703,0,STAND/UNKNOWN/#0/LOW_FORCE/REST/act=0/mav=13562/base=435495/th=56455
1778760562.437,9830,-43,294039,0,16703,0,STAND/UNKNOWN/#0/LOW_FORCE/REST/act=0/mav=13562/base=435495/th=56455
1778760562.437,9831,-43,293891,0,16703,0,STAND/UNKNOWN/#0/LOW_FORCE/REST/act=0/mav=13562/base=435495/th=56455
1778760562.437,9832,-43,292589,0,16703,0,STAND/UNKNOWN/#0/LOW_FORCE/REST/act=0/mav=13562/base=435495/th=56455
1778760562.437,9833,-43,293736,0,16703,0,STAND/UNKNOWN/#0/LOW_FORCE/REST/act=0/mav=13562/base=435495/th=56455
1778760562.501,9834,-43,294268,0,16703,0,STAND/UNKNOWN/#0/LOW_FORCE/REST/act=0/mav=13562/base=435495/th=56455
1778760562.501,9835,-43,294651,0,16703,0,STAND/UNKNOWN/#0/LOW_FORCE/REST/act=0/mav=13562/base=435495/th=56455
1778760562.501,9836,-43,294732,0,16703,0,STAND/UNKNOWN/#0/LOW_FORCE/REST/act=0/mav=13562/base=435495/th=56455
1778760562.568,9837,-43,294884,0,16703,0,STAND/UNKNOWN/#0/LOW_FORCE/REST/act=0/mav=13562/base=435495/th=56455
1778760562.568,9838,-43,295136,0,16703,0,STAND/UNKNOWN/#0/LOW_FORCE/REST/act=0/mav=13562/base=435495/th=56455
1778760562.568,9839,-43,295270,0,16703,0,STAND/UNKNOWN/#0/LOW_FORCE/REST/act=0/mav=13562/base=435495/th=56455
1778760562.633,9840,-43,295656,0,14381,0,STAND/UNKNOWN/#0/LOW_FORCE/REST/act=0/mav=12577/base=435495/th=56455
1778760562.633,9841,-43,295786,0,14381,0,STAND/UNKNOWN/#0/LOW_FORCE/REST/act=0/mav=12577/base=435495/th=56455
1778760562.633,9842,-43,295780,0,14381,0,STAND/UNKNOWN/#0/LOW_FORCE/REST/act=0/mav=12577/base=435495/th=56455
1778760562.633,9843,-43,296042,0,14381,0,STAND/UNKNOWN/#0/LOW_FORCE/REST/act=0/mav=12577/base=435495/th=56455
1778760562.701,9844,-43,296479,0,14381,0,STAND/UNKNOWN/#0/LOW_FORCE/REST/act=0/mav=12577/base=435495/th=56455
1778760562.701,9845,-43,296597,0,14381,0,STAND/UNKNOWN/#0/LOW_FORCE/REST/act=0/mav=12577/base=435495/th=56455
1778760562.701,9846,-43,296637,0,14381,0,STAND/UNKNOWN/#0/LOW_FORCE/REST/act=0/mav=12577/base=435495/th=56455
1778760562.776,9847,-43,296149,0,14381,0,STAND/UNKNOWN/#0/LOW_FORCE/REST/act=0/mav=12577/base=435495/th=56455
1778760562.776,9848,-43,296220,0,14381,0,STAND/UNKNOWN/#0/LOW_FORCE/REST/act=0/mav=12577/base=435495/th=56455
1778760562.776,9849,-43,296422,0,14381,0,STAND/UNKNOWN/#0/LOW_FORCE/REST/act=0/mav=12577/base=435495/th=56455
1778760562.776,9850,-43,296818,0,14381,0,STAND/UNKNOWN/#0/LOW_FORCE/REST/act=0/mav=12577/base=435495/th=56455
1778760562.854,9851,-43,297255,0,14381,0,STAND/UNKNOWN/#0/LOW_FORCE/REST/act=0/mav=12577/base=435495/th=56455
1778760562.854,9852,-43,297834,0,8867,0,STAND/UNKNOWN/#0/LOW_FORCE/REST/act=0/mav=7068/base=435495/th=56455
1778760562.854,9853,-43,298450,0,8867,0,STAND/UNKNOWN/#0/LOW_FORCE/REST/act=0/mav=7068/base=435495/th=56455
1778760562.854,9854,-43,299539,0,8867,0,STAND/UNKNOWN/#0/LOW_FORCE/REST/act=0/mav=7068/base=435495/th=56455
1778760562.920,9855,-43,300769,0,8867,0,STAND/UNKNOWN/#0/LOW_FORCE/REST/act=0/mav=7068/base=435495/th=56455
1778760562.920,9856,-43,301905,0,8867,0,STAND/UNKNOWN/#0/LOW_FORCE/REST/act=0/mav=7068/base=435495/th=56455
1778760562.920,9857,-43,303141,0,8867,0,STAND/UNKNOWN/#0/LOW_FORCE/REST/act=0/mav=7068/base=435495/th=56455
1778760562.989,9858,-43,304229,0,8867,0,STAND/UNKNOWN/#0/LOW_FORCE/REST/act=0/mav=7068/base=435495/th=56455
1778760562.989,9859,-43,305359,0,8867,0,STAND/UNKNOWN/#0/LOW_FORCE/REST/act=0/mav=7068/base=435495/th=56455
1778760562.989,9860,-43,306701,0,8867,0,STAND/UNKNOWN/#0/LOW_FORCE/REST/act=0/mav=7068/base=435495/th=56455
1778760563.053,9861,-43,307716,0,8867,0,STAND/UNKNOWN/#0/LOW_FORCE/REST/act=0/mav=7068/base=435495/th=56455
1778760563.053,9862,-43,308828,0,8867,0,STAND/UNKNOWN/#0/LOW_FORCE/REST/act=0/mav=7068/base=435495/th=56455
1778760563.053,9863,-43,309750,0,8867,0,STAND/UNKNOWN/#0/LOW_FORCE/REST/act=0/mav=7068/base=435495/th=56455
1778760563.053,9864,-43,310571,0,8867,0,STAND/UNKNOWN/#0/LOW_FORCE/REST/act=0/mav=7068/base=435495/th=56455
1778760563.118,9865,-43,311395,0,5985,0,STAND/UNKNOWN/#0/LOW_FORCE/REST/act=0/mav=4896/base=435495/th=56455
1778760563.118,9866,-43,312234,0,5985,0,STAND/UNKNOWN/#0/LOW_FORCE/REST/act=0/mav=4896/base=435495/th=56455
1778760563.118,9867,-43,312775,0,5985,0,STAND/UNKNOWN/#0/LOW_FORCE/REST/act=0/mav=4896/base=435495/th=56455
1778760563.183,9868,-43,313421,0,5985,0,STAND/UNKNOWN/#0/LOW_FORCE/REST/act=0/mav=4896/base=435495/th=56455
1778760563.183,9869,-43,314343,0,5985,0,STAND/UNKNOWN/#0/LOW_FORCE/REST/act=0/mav=4896/base=435495/th=56455
1778760563.183,9870,-43,315327,0,5985,0,STAND/UNKNOWN/#0/LOW_FORCE/REST/act=0/mav=4896/base=435495/th=56455
1778760563.244,9871,-43,316017,0,5985,0,STAND/UNKNOWN/#0/LOW_FORCE/REST/act=0/mav=4896/base=435495/th=56455
1778760563.245,9872,-43,316743,0,5985,0,STAND/UNKNOWN/#0/LOW_FORCE/REST/act=0/mav=4896/base=435495/th=56455
1778760563.245,9873,-43,317331,0,5985,0,STAND/UNKNOWN/#0/LOW_FORCE/REST/act=0/mav=4896/base=435495/th=56455
1778760563.304,9874,-43,317894,0,5985,0,STAND/UNKNOWN/#0/LOW_FORCE/REST/act=0/mav=4896/base=435495/th=56455
1778760563.305,9875,-43,318248,0,5985,0,STAND/UNKNOWN/#0/LOW_FORCE/REST/act=0/mav=4896/base=435495/th=56455
1778760563.305,9876,-43,318498,0,5985,0,STAND/UNKNOWN/#0/LOW_FORCE/REST/act=0/mav=4896/base=435495/th=56455
1778760563.364,9877,-43,319264,0,5985,0,STAND/UNKNOWN/#0/LOW_FORCE/REST/act=0/mav=4896/base=435495/th=56455
1778760563.364,9878,-43,319990,0,8427,0,STAND/UNKNOWN/#0/LOW_FORCE/REST/act=0/mav=7180/base=435495/th=56455
1778760563.364,9879,-43,320214,0,8427,0,STAND/UNKNOWN/#0/LOW_FORCE/REST/act=0/mav=7180/base=435495/th=56455
1778760563.424,9880,-43,320827,0,8427,0,STAND/UNKNOWN/#0/LOW_FORCE/REST/act=0/mav=7180/base=435495/th=56455
1778760563.424,9881,-43,322325,0,8427,0,STAND/UNKNOWN/#0/LOW_FORCE/REST/act=0/mav=7180/base=435495/th=56455
1778760563.424,9882,-43,323606,0,8427,0,STAND/UNKNOWN/#0/LOW_FORCE/REST/act=0/mav=7180/base=435495/th=56455
1778760563.490,9883,-43,324524,0,8427,0,STAND/UNKNOWN/#0/LOW_FORCE/REST/act=0/mav=7180/base=435495/th=56455
1778760563.490,9884,-43,325123,0,8427,0,STAND/UNKNOWN/#0/LOW_FORCE/REST/act=0/mav=7180/base=435495/th=56455
1778760563.491,9885,-43,325813,0,8427,0,STAND/UNKNOWN/#0/LOW_FORCE/REST/act=0/mav=7180/base=435495/th=56455
1778760563.491,9886,-43,326556,0,8427,0,STAND/UNKNOWN/#0/LOW_FORCE/REST/act=0/mav=7180/base=435495/th=56455
1778760563.563,9887,-43,326938,0,8427,0,STAND/UNKNOWN/#0/LOW_FORCE/REST/act=0/mav=7180/base=435495/th=56455
1778760563.563,9888,-43,326673,0,8427,0,STAND/UNKNOWN/#0/LOW_FORCE/REST/act=0/mav=7180/base=435495/th=56455
1778760563.563,9889,-43,325681,0,8427,0,STAND/UNKNOWN/#0/LOW_FORCE/REST/act=0/mav=7180/base=435495/th=56455
1778760563.628,9890,-43,325530,0,8427,0,STAND/UNKNOWN/#0/LOW_FORCE/REST/act=0/mav=7180/base=435495/th=56455
1778760563.629,9891,-43,325375,0,9396,0,STAND/UNKNOWN/#0/LOW_FORCE/REST/act=0/mav=8385/base=435495/th=56455
1778760563.629,9892,-43,325291,0,9396,0,STAND/UNKNOWN/#0/LOW_FORCE/REST/act=0/mav=8385/base=435495/th=56455
1778760563.686,9893,-43,325032,0,9396,0,STAND/UNKNOWN/#0/LOW_FORCE/REST/act=0/mav=8385/base=435495/th=56455
1778760563.686,9894,-43,324663,0,9396,0,STAND/UNKNOWN/#0/LOW_FORCE/REST/act=0/mav=8385/base=435495/th=56455
1778760563.686,9895,-43,324546,0,9396,0,STAND/UNKNOWN/#0/LOW_FORCE/REST/act=0/mav=8385/base=435495/th=56455
1778760563.746,9896,-43,324852,0,9396,0,STAND/UNKNOWN/#0/LOW_FORCE/REST/act=0/mav=8385/base=435495/th=56455
1778760563.746,9897,-43,325602,0,9396,0,STAND/UNKNOWN/#0/LOW_FORCE/REST/act=0/mav=8385/base=435495/th=56455
1778760563.746,9898,-43,325997,0,9396,0,STAND/UNKNOWN/#0/LOW_FORCE/REST/act=0/mav=8385/base=435495/th=56455
1778760563.808,9899,-43,325899,0,9396,0,STAND/UNKNOWN/#0/LOW_FORCE/REST/act=0/mav=8385/base=435495/th=56455
1778760563.809,9900,-43,325338,0,9396,0,STAND/UNKNOWN/#0/LOW_FORCE/REST/act=0/mav=8385/base=435495/th=56455
1778760563.809,9901,-43,321931,0,9396,0,STAND/UNKNOWN/#0/LOW_FORCE/REST/act=0/mav=8385/base=435495/th=56455
1778760563.894,9902,-43,320138,0,9396,0,STAND/UNKNOWN/#0/LOW_FORCE/REST/act=0/mav=8385/base=435495/th=56455
1778760563.894,9903,-43,322394,0,9396,0,STAND/UNKNOWN/#0/LOW_FORCE/REST/act=0/mav=8385/base=435495/th=56455
1778760563.894,9904,-43,323584,0,7489,0,STAND/UNKNOWN/#0/LOW_FORCE/REST/act=0/mav=6079/base=435495/th=56455
1778760563.894,9905,-43,320165,0,7489,0,STAND/UNKNOWN/#0/LOW_FORCE/REST/act=0/mav=6079/base=435495/th=56455
1778760563.894,9906,-43,318388,0,7489,0,STAND/UNKNOWN/#0/LOW_FORCE/REST/act=0/mav=6079/base=435495/th=56455
1778760563.980,9907,-43,323313,0,7489,0,STAND/UNKNOWN/#0/LOW_FORCE/REST/act=0/mav=6079/base=435495/th=56455
1778760563.981,9908,-43,326128,0,7489,0,STAND/UNKNOWN/#0/LOW_FORCE/REST/act=0/mav=6079/base=435495/th=56455
1778760563.981,9909,-43,330103,0,7489,0,STAND/UNKNOWN/#0/LOW_FORCE/REST/act=0/mav=6079/base=435495/th=56455
1778760563.981,9910,-43,333049,0,7489,0,STAND/UNKNOWN/#0/LOW_FORCE/REST/act=0/mav=6079/base=435495/th=56455
1778760564.048,9911,-43,334499,0,7489,0,STAND/UNKNOWN/#0/LOW_FORCE/REST/act=0/mav=6079/base=435495/th=56455
1778760564.048,9912,-43,335010,0,7489,0,STAND/UNKNOWN/#0/LOW_FORCE/REST/act=0/mav=6079/base=435495/th=56455
1778760564.048,9913,-43,333893,0,7489,0,STAND/UNKNOWN/#0/LOW_FORCE/REST/act=0/mav=6079/base=435495/th=56455
1778760564.108,9914,-43,334435,0,7489,0,STAND/UNKNOWN/#0/LOW_FORCE/REST/act=0/mav=6079/base=435495/th=56455
1778760564.108,9915,-43,336154,0,7489,0,STAND/UNKNOWN/#0/LOW_FORCE/REST/act=0/mav=6079/base=435495/th=56455
1778760564.108,9916,-43,338057,0,7049,0,STAND/UNKNOWN/#0/LOW_FORCE/REST/act=0/mav=5534/base=435495/th=56455
1778760564.175,9917,-43,339814,0,7049,0,STAND/UNKNOWN/#0/LOW_FORCE/REST/act=0/mav=5534/base=435495/th=56455
1778760564.175,9918,-43,341055,0,7049,0,STAND/UNKNOWN/#0/LOW_FORCE/REST/act=0/mav=5534/base=435495/th=56455
1778760564.176,9919,-43,342434,0,7049,0,STAND/UNKNOWN/#0/LOW_FORCE/REST/act=0/mav=5534/base=435495/th=56455
1778760564.176,9920,-43,343732,0,7049,0,STAND/UNKNOWN/#0/LOW_FORCE/REST/act=0/mav=5534/base=435495/th=56455
1778760564.247,9921,-43,345224,0,7049,0,STAND/UNKNOWN/#0/LOW_FORCE/REST/act=0/mav=5534/base=435495/th=56455
1778760564.247,9922,-43,346318,0,7049,0,STAND/UNKNOWN/#0/LOW_FORCE/REST/act=0/mav=5534/base=435495/th=56455
1778760564.247,9923,-43,347333,0,7049,0,STAND/UNKNOWN/#0/LOW_FORCE/REST/act=0/mav=5534/base=435495/th=56455
1778760564.316,9924,-43,347996,0,7049,0,STAND/UNKNOWN/#0/LOW_FORCE/REST/act=0/mav=5534/base=435495/th=56455
1778760564.316,9925,-43,348729,0,7049,0,STAND/UNKNOWN/#0/LOW_FORCE/REST/act=0/mav=5534/base=435495/th=56455
1778760564.316,9926,-43,349384,0,7049,0,STAND/UNKNOWN/#0/LOW_FORCE/REST/act=0/mav=5534/base=435495/th=56455
1778760564.316,9927,-43,349843,0,7049,0,STAND/UNKNOWN/#0/LOW_FORCE/REST/act=0/mav=5534/base=435495/th=56455
1778760564.368,9928,-43,350273,0,7049,0,STAND/UNKNOWN/#0/LOW_FORCE/REST/act=0/mav=5534/base=435495/th=56455
1778760564.368,9929,-43,350778,0,10731,0,STAND/UNKNOWN/#0/LOW_FORCE/REST/act=0/mav=9444/base=435495/th=56455
1778760564.430,9930,-43,351256,0,10731,0,STAND/UNKNOWN/#0/LOW_FORCE/REST/act=0/mav=9444/base=435495/th=56455
1778760564.430,9931,-43,351456,0,10731,0,STAND/UNKNOWN/#0/LOW_FORCE/REST/act=0/mav=9444/base=435495/th=56455
1778760564.430,9932,-43,351833,0,10731,0,STAND/UNKNOWN/#0/LOW_FORCE/REST/act=0/mav=9444/base=435495/th=56455
1778760564.487,9933,-43,352533,0,10731,0,STAND/UNKNOWN/#0/LOW_FORCE/REST/act=0/mav=9444/base=435495/th=56455
1778760564.487,9934,-43,351453,0,10731,0,STAND/UNKNOWN/#0/LOW_FORCE/REST/act=0/mav=9444/base=435495/th=56455
1778760564.487,9935,-43,348921,0,10731,0,STAND/UNKNOWN/#0/LOW_FORCE/REST/act=0/mav=9444/base=435495/th=56455
1778760564.550,9936,-43,349140,0,10731,0,STAND/UNKNOWN/#0/LOW_FORCE/REST/act=0/mav=9444/base=435495/th=56455
1778760564.550,9937,-43,349219,0,10731,0,STAND/UNKNOWN/#0/LOW_FORCE/REST/act=0/mav=9444/base=435495/th=56455
1778760564.550,9938,-43,349652,0,10731,0,STAND/UNKNOWN/#0/LOW_FORCE/REST/act=0/mav=9444/base=435495/th=56455
1778760564.610,9939,-43,346326,0,10731,0,STAND/UNKNOWN/#0/LOW_FORCE/REST/act=0/mav=9444/base=435495/th=56455
1778760564.610,9940,-43,341528,0,10731,0,STAND/UNKNOWN/#0/LOW_FORCE/REST/act=0/mav=9444/base=435495/th=56455
1778760564.610,9941,-43,344448,0,10731,0,STAND/UNKNOWN/#0/LOW_FORCE/REST/act=0/mav=9444/base=435495/th=56455
1778760564.611,9942,-43,347236,0,10307,0,STAND/UNKNOWN/#0/LOW_FORCE/REST/act=0/mav=8912/base=435495/th=56455
1778760564.687,9943,-43,349979,0,10307,0,STAND/UNKNOWN/#0/LOW_FORCE/REST/act=0/mav=8912/base=435495/th=56455
1778760564.687,9944,-43,351864,0,10307,0,STAND/UNKNOWN/#0/LOW_FORCE/REST/act=0/mav=8912/base=435495/th=56455
1778760564.687,9945,-43,354906,0,10307,0,STAND/UNKNOWN/#0/LOW_FORCE/REST/act=0/mav=8912/base=435495/th=56455
1778760564.759,9946,-43,355568,0,10307,0,STAND/UNKNOWN/#0/LOW_FORCE/REST/act=0/mav=8912/base=435495/th=56455
1778760564.759,9947,-43,354978,0,10307,0,STAND/UNKNOWN/#0/LOW_FORCE/REST/act=0/mav=8912/base=435495/th=56455
1778760564.759,9948,-43,355549,0,10307,0,STAND/UNKNOWN/#0/LOW_FORCE/REST/act=0/mav=8912/base=435495/th=56455
1778760564.759,9949,-43,356413,0,10307,0,STAND/UNKNOWN/#0/LOW_FORCE/REST/act=0/mav=8912/base=435495/th=56455
1778760564.823,9950,-43,356688,0,10307,0,STAND/UNKNOWN/#0/LOW_FORCE/REST/act=0/mav=8912/base=435495/th=56455
1778760564.824,9951,-43,356898,0,10307,0,STAND/UNKNOWN/#0/LOW_FORCE/REST/act=0/mav=8912/base=435495/th=56455
1778760564.824,9952,-43,357088,0,10307,0,STAND/UNKNOWN/#0/LOW_FORCE/REST/act=0/mav=8912/base=435495/th=56455
1778760564.895,9953,-43,358155,0,10307,0,STAND/UNKNOWN/#0/LOW_FORCE/REST/act=0/mav=8912/base=435495/th=56455
1778760564.895,9954,-43,359118,0,10307,0,STAND/UNKNOWN/#0/LOW_FORCE/REST/act=0/mav=8912/base=435495/th=56455
1778760564.895,9955,-43,359266,0,7532,0,STAND/UNKNOWN/#0/LOW_FORCE/REST/act=0/mav=6360/base=435495/th=56455
1778760564.896,9956,-43,359573,0,7532,0,STAND/UNKNOWN/#0/LOW_FORCE/REST/act=0/mav=6360/base=435495/th=56455
1778760564.963,9957,-43,359207,0,7532,0,STAND/UNKNOWN/#0/LOW_FORCE/REST/act=0/mav=6360/base=435495/th=56455
1778760564.963,9958,-43,357229,0,7532,0,STAND/UNKNOWN/#0/LOW_FORCE/REST/act=0/mav=6360/base=435495/th=56455
1778760564.964,9959,-43,346321,0,7532,0,STAND/UNKNOWN/#0/LOW_FORCE/REST/act=0/mav=6360/base=435495/th=56455
1778760565.036,9960,-43,345089,0,7532,0,STAND/UNKNOWN/#0/LOW_FORCE/REST/act=0/mav=6360/base=435495/th=56455
1778760565.037,9961,-43,352163,0,7532,0,STAND/UNKNOWN/#0/LOW_FORCE/REST/act=0/mav=6360/base=435495/th=56455
1778760565.037,9962,-43,360096,0,7532,0,STAND/UNKNOWN/#0/LOW_FORCE/REST/act=0/mav=6360/base=435495/th=56455
1778760565.037,9963,-43,370819,0,7532,0,STAND/UNKNOWN/#0/LOW_FORCE/REST/act=0/mav=6360/base=435495/th=56455
1778760565.105,9964,-43,371790,0,7532,0,STAND/UNKNOWN/#0/LOW_FORCE/REST/act=0/mav=6360/base=435495/th=56455
1778760565.106,9965,-43,372389,0,7532,0,STAND/UNKNOWN/#0/LOW_FORCE/REST/act=0/mav=6360/base=435495/th=56455
1778760565.106,9966,-43,372722,0,7532,0,STAND/UNKNOWN/#0/LOW_FORCE/REST/act=0/mav=6360/base=435495/th=56455
1778760565.177,9967,-43,373103,0,7532,0,STAND/UNKNOWN/#0/LOW_FORCE/REST/act=0/mav=6360/base=435495/th=56455
1778760565.178,9968,-43,373404,0,9711,0,STAND/UNKNOWN/#0/LOW_FORCE/REST/act=0/mav=8152/base=435495/th=56455
1778760565.178,9969,-43,372950,0,9711,0,STAND/UNKNOWN/#0/LOW_FORCE/REST/act=0/mav=8152/base=435495/th=56455
1778760565.178,9970,-43,372183,0,9711,0,STAND/UNKNOWN/#0/LOW_FORCE/REST/act=0/mav=8152/base=435495/th=56455
1778760565.242,9971,-43,371372,0,9711,0,STAND/UNKNOWN/#0/LOW_FORCE/REST/act=0/mav=8152/base=435495/th=56455
1778760565.242,9972,-43,370960,0,9711,0,STAND/UNKNOWN/#0/LOW_FORCE/REST/act=0/mav=8152/base=435495/th=56455
1778760565.242,9973,-43,370833,0,9711,0,STAND/UNKNOWN/#0/LOW_FORCE/REST/act=0/mav=8152/base=435495/th=56455
1778760565.310,9974,-43,370676,0,9711,0,STAND/UNKNOWN/#0/LOW_FORCE/REST/act=0/mav=8152/base=435495/th=56455
1778760565.310,9975,-43,370173,0,9711,0,STAND/UNKNOWN/#0/LOW_FORCE/REST/act=0/mav=8152/base=435495/th=56455
1778760565.310,9976,-43,370055,0,9711,0,STAND/UNKNOWN/#0/LOW_FORCE/REST/act=0/mav=8152/base=435495/th=56455
1778760565.311,9977,-43,369993,0,9711,0,STAND/UNKNOWN/#0/LOW_FORCE/REST/act=0/mav=8152/base=435495/th=56455
1778760565.368,9978,-43,369946,0,9711,0,STAND/UNKNOWN/#0/LOW_FORCE/REST/act=0/mav=8152/base=435495/th=56455
1778760565.368,9979,-43,369956,0,9711,0,STAND/UNKNOWN/#0/LOW_FORCE/REST/act=0/mav=8152/base=435495/th=56455
1778760565.434,9980,-43,370064,0,9901,0,STAND/UNKNOWN/#0/LOW_FORCE/REST/act=0/mav=8205/base=435495/th=56455
1778760565.434,9981,-43,370203,0,9901,0,STAND/UNKNOWN/#0/LOW_FORCE/REST/act=0/mav=8205/base=435495/th=56455
1778760565.434,9982,-43,370291,0,9901,0,STAND/UNKNOWN/#0/LOW_FORCE/REST/act=0/mav=8205/base=435495/th=56455
1778760565.434,9983,-43,370214,0,9901,0,STAND/UNKNOWN/#0/LOW_FORCE/REST/act=0/mav=8205/base=435495/th=56455
1778760565.493,9984,-43,370239,0,9901,0,STAND/UNKNOWN/#0/LOW_FORCE/REST/act=0/mav=8205/base=435495/th=56455
1778760565.493,9985,-43,370224,0,9901,0,STAND/UNKNOWN/#0/LOW_FORCE/REST/act=0/mav=8205/base=435495/th=56455
1778760565.494,9986,-43,370303,0,9901,0,STAND/UNKNOWN/#0/LOW_FORCE/REST/act=0/mav=8205/base=435495/th=56455
1778760565.566,9987,-43,370251,0,9901,0,STAND/UNKNOWN/#0/LOW_FORCE/REST/act=0/mav=8205/base=435495/th=56455
1778760565.567,9988,-43,370300,0,9901,0,STAND/UNKNOWN/#0/LOW_FORCE/REST/act=0/mav=8205/base=435495/th=56455
1778760565.567,9989,-43,370429,0,9901,0,STAND/UNKNOWN/#0/LOW_FORCE/REST/act=0/mav=8205/base=435495/th=56455
1778760565.632,9990,-43,370528,0,9901,0,STAND/UNKNOWN/#0/LOW_FORCE/REST/act=0/mav=8205/base=435495/th=56455
1778760565.632,9991,-43,370835,0,9901,0,STAND/UNKNOWN/#0/LOW_FORCE/REST/act=0/mav=8205/base=435495/th=56455
1778760565.632,9992,-43,370971,0,9901,0,STAND/UNKNOWN/#0/LOW_FORCE/REST/act=0/mav=8205/base=435495/th=56455
1778760565.633,9993,-43,371033,0,6459,0,STAND/UNKNOWN/#0/LOW_FORCE/REST/act=0/mav=4881/base=435495/th=56455
1778760565.691,9994,-43,371104,0,6459,0,STAND/UNKNOWN/#0/LOW_FORCE/REST/act=0/mav=4881/base=435495/th=56455
1778760565.691,9995,-43,371243,0,6459,0,STAND/UNKNOWN/#0/LOW_FORCE/REST/act=0/mav=4881/base=435495/th=56455
1778760565.691,9996,-43,371338,0,6459,0,STAND/UNKNOWN/#0/LOW_FORCE/REST/act=0/mav=4881/base=435495/th=56455
1778760565.757,9997,-43,371531,0,6459,0,STAND/UNKNOWN/#0/LOW_FORCE/REST/act=0/mav=4881/base=435495/th=56455
1778760565.757,9998,-43,371559,0,6459,0,STAND/UNKNOWN/#0/LOW_FORCE/REST/act=0/mav=4881/base=435495/th=56455
1778760565.757,9999,-43,371617,0,6459,0,STAND/UNKNOWN/#0/LOW_FORCE/REST/act=0/mav=4881/base=435495/th=56455
1778760565.819,10000,-43,371615,0,6459,0,STAND/UNKNOWN/#0/LOW_FORCE/REST/act=0/mav=4881/base=435495/th=56455
1778760565.819,10001,-43,371577,0,6459,0,STAND/UNKNOWN/#0/LOW_FORCE/REST/act=0/mav=4881/base=435495/th=56455
1778760565.819,10002,-43,371503,0,6459,0,STAND/UNKNOWN/#0/LOW_FORCE/REST/act=0/mav=4881/base=435495/th=56455
1778760565.880,10003,-43,371516,0,6459,0,STAND/UNKNOWN/#0/LOW_FORCE/REST/act=0/mav=4881/base=435495/th=56455
1778760565.880,10004,-43,371582,0,6459,0,STAND/UNKNOWN/#0/LOW_FORCE/REST/act=0/mav=4881/base=435495/th=56455
1778760565.880,10005,-43,371731,0,6459,0,STAND/UNKNOWN/#0/LOW_FORCE/REST/act=0/mav=4881/base=435495/th=56455
1778760565.945,10006,-43,371690,0,3894,0,STAND/UNKNOWN/#0/LOW_FORCE/REST/act=0/mav=2852/base=435495/th=56455
1778760565.945,10007,-43,371712,0,3894,0,STAND/UNKNOWN/#0/LOW_FORCE/REST/act=0/mav=2852/base=435495/th=56455
1778760565.946,10008,-43,371686,0,3894,0,STAND/UNKNOWN/#0/LOW_FORCE/REST/act=0/mav=2852/base=435495/th=56455
1778760566.006,10009,-43,371794,0,3894,0,STAND/UNKNOWN/#0/LOW_FORCE/REST/act=0/mav=2852/base=435495/th=56455
1778760566.006,10010,-43,371727,0,3894,0,STAND/UNKNOWN/#0/LOW_FORCE/REST/act=0/mav=2852/base=435495/th=56455
1778760566.006,10011,-43,371758,0,3894,0,STAND/UNKNOWN/#0/LOW_FORCE/REST/act=0/mav=2852/base=435495/th=56455
1778760566.065,10012,-43,371805,0,3894,0,STAND/UNKNOWN/#0/LOW_FORCE/REST/act=0/mav=2852/base=435495/th=56455
1778760566.065,10013,-43,372006,0,3894,0,STAND/UNKNOWN/#0/LOW_FORCE/REST/act=0/mav=2852/base=435495/th=56455
1778760566.065,10014,-43,372043,0,3894,0,STAND/UNKNOWN/#0/LOW_FORCE/REST/act=0/mav=2852/base=435495/th=56455
1778760566.130,10015,-43,372211,0,3894,0,STAND/UNKNOWN/#0/LOW_FORCE/REST/act=0/mav=2852/base=435495/th=56455
1778760566.130,10016,-43,372313,0,3894,0,STAND/UNKNOWN/#0/LOW_FORCE/REST/act=0/mav=2852/base=435495/th=56455
1778760566.130,10017,-43,372409,0,3894,0,STAND/UNKNOWN/#0/LOW_FORCE/REST/act=0/mav=2852/base=435495/th=56455
1778760566.202,10018,-43,372476,0,3894,0,STAND/UNKNOWN/#0/LOW_FORCE/REST/act=0/mav=2852/base=435495/th=56455
1778760566.202,10019,-43,372364,0,3479,0,STAND/UNKNOWN/#0/LOW_FORCE/REST/act=0/mav=2774/base=435495/th=56455
1778760566.202,10020,-43,372478,0,3479,0,STAND/UNKNOWN/#0/LOW_FORCE/REST/act=0/mav=2774/base=435495/th=56455
1778760566.202,10021,-43,372558,0,3479,0,STAND/UNKNOWN/#0/LOW_FORCE/REST/act=0/mav=2774/base=435495/th=56455
1778760566.264,10022,-43,372691,0,3479,0,STAND/UNKNOWN/#0/LOW_FORCE/REST/act=0/mav=2774/base=435495/th=56455
1778760566.265,10023,-43,372784,0,3479,0,STAND/UNKNOWN/#0/LOW_FORCE/REST/act=0/mav=2774/base=435495/th=56455
1778760566.265,10024,-43,372918,0,3479,0,STAND/UNKNOWN/#0/LOW_FORCE/REST/act=0/mav=2774/base=435495/th=56455
1778760566.327,10025,-43,372989,0,3479,0,STAND/UNKNOWN/#0/LOW_FORCE/REST/act=0/mav=2774/base=435495/th=56455
1778760566.327,10026,-43,372943,0,3479,0,STAND/UNKNOWN/#0/LOW_FORCE/REST/act=0/mav=2774/base=435495/th=56455
1778760566.327,10027,-43,372943,0,3479,0,STAND/UNKNOWN/#0/LOW_FORCE/REST/act=0/mav=2774/base=435495/th=56455
1778760566.385,10028,-43,372993,0,3479,0,STAND/UNKNOWN/#0/LOW_FORCE/REST/act=0/mav=2774/base=435495/th=56455
1778760566.385,10029,-43,373064,0,3479,0,STAND/UNKNOWN/#0/LOW_FORCE/REST/act=0/mav=2774/base=435495/th=56455
1778760566.385,10030,-43,373191,0,3479,0,STAND/UNKNOWN/#0/LOW_FORCE/REST/act=0/mav=2774/base=435495/th=56455
1778760566.450,10031,-43,373349,0,3479,0,STAND/UNKNOWN/#0/LOW_FORCE/REST/act=0/mav=2774/base=435495/th=56455
1778760566.451,10032,-43,373370,0,3332,0,STAND/UNKNOWN/#0/LOW_FORCE/REST/act=0/mav=2778/base=435495/th=56455
1778760566.451,10033,-43,373327,0,3332,0,STAND/UNKNOWN/#0/LOW_FORCE/REST/act=0/mav=2778/base=435495/th=56455
1778760566.451,10034,-43,373320,0,3332,0,STAND/UNKNOWN/#0/LOW_FORCE/REST/act=0/mav=2778/base=435495/th=56455
1778760566.521,10035,-43,373429,0,3332,0,STAND/UNKNOWN/#0/LOW_FORCE/REST/act=0/mav=2778/base=435495/th=56455
1778760566.521,10036,-43,373323,0,3332,0,STAND/UNKNOWN/#0/LOW_FORCE/REST/act=0/mav=2778/base=435495/th=56455
1778760566.521,10037,-43,373350,0,3332,0,STAND/UNKNOWN/#0/LOW_FORCE/REST/act=0/mav=2778/base=435495/th=56455
1778760566.604,10038,-43,373399,0,3332,0,STAND/UNKNOWN/#0/LOW_FORCE/REST/act=0/mav=2778/base=435495/th=56455
1778760566.604,10039,-43,373495,0,3332,0,STAND/UNKNOWN/#0/LOW_FORCE/REST/act=0/mav=2778/base=435495/th=56455
1778760566.604,10040,-43,373518,0,3332,0,STAND/UNKNOWN/#0/LOW_FORCE/REST/act=0/mav=2778/base=435495/th=56455
1778760566.604,10041,-43,373553,0,3332,0,STAND/UNKNOWN/#0/LOW_FORCE/REST/act=0/mav=2778/base=435495/th=56455
1778760566.672,10042,-43,373696,0,3332,0,STAND/UNKNOWN/#0/LOW_FORCE/REST/act=0/mav=2778/base=435495/th=56455
1778760566.673,10043,-43,373688,0,3332,0,STAND/UNKNOWN/#0/LOW_FORCE/REST/act=0/mav=2778/base=435495/th=56455
1778760566.673,10044,-43,373578,0,3219,0,STAND/UNKNOWN/#0/LOW_FORCE/REST/act=0/mav=2714/base=435495/th=56455
1778760566.673,10045,-43,373486,0,3219,0,STAND/UNKNOWN/#0/LOW_FORCE/REST/act=0/mav=2714/base=435495/th=56455
1778760566.742,10046,-43,373599,0,3219,0,STAND/UNKNOWN/#0/LOW_FORCE/REST/act=0/mav=2714/base=435495/th=56455
1778760566.742,10047,-43,373701,0,3219,0,STAND/UNKNOWN/#0/LOW_FORCE/REST/act=0/mav=2714/base=435495/th=56455
1778760566.742,10048,-43,373686,0,3219,0,STAND/UNKNOWN/#0/LOW_FORCE/REST/act=0/mav=2714/base=435495/th=56455
1778760566.811,10049,-43,373766,0,3219,0,STAND/UNKNOWN/#0/LOW_FORCE/REST/act=0/mav=2714/base=435495/th=56455
1778760566.812,10050,-43,373964,0,3219,0,STAND/UNKNOWN/#0/LOW_FORCE/REST/act=0/mav=2714/base=435495/th=56455
1778760566.812,10051,-43,373916,0,3219,0,STAND/UNKNOWN/#0/LOW_FORCE/REST/act=0/mav=2714/base=435495/th=56455
1778760566.812,10052,-43,373975,0,3219,0,STAND/UNKNOWN/#0/LOW_FORCE/REST/act=0/mav=2714/base=435495/th=56455
1778760566.884,10053,-43,373918,0,3219,0,STAND/UNKNOWN/#0/LOW_FORCE/REST/act=0/mav=2714/base=435495/th=56455
1778760566.884,10054,-43,373791,0,3219,0,STAND/UNKNOWN/#0/LOW_FORCE/REST/act=0/mav=2714/base=435495/th=56455
1778760566.885,10055,-43,373809,0,3219,0,STAND/UNKNOWN/#0/LOW_FORCE/REST/act=0/mav=2714/base=435495/th=56455
1778760566.957,10056,-43,373965,0,3219,0,STAND/UNKNOWN/#0/LOW_FORCE/REST/act=0/mav=2714/base=435495/th=56455
1778760566.957,10057,-43,373946,0,3123,0,STAND/UNKNOWN/#0/LOW_FORCE/REST/act=0/mav=2714/base=435495/th=56455
1778760566.957,10058,-43,374117,0,3123,0,STAND/UNKNOWN/#0/LOW_FORCE/REST/act=0/mav=2714/base=435495/th=56455
1778760566.957,10059,-43,374113,0,3123,0,STAND/UNKNOWN/#0/LOW_FORCE/REST/act=0/mav=2714/base=435495/th=56455
1778760567.063,10060,-43,374117,0,3123,0,STAND/UNKNOWN/#0/LOW_FORCE/REST/act=0/mav=2714/base=435495/th=56455
1778760567.063,10061,-43,374075,0,3123,0,STAND/UNKNOWN/#0/LOW_FORCE/REST/act=0/mav=2714/base=435495/th=56455
1778760567.063,10062,-43,374168,0,3123,0,STAND/UNKNOWN/#0/LOW_FORCE/REST/act=0/mav=2714/base=435495/th=56455
1778760567.063,10063,-43,374049,0,3123,0,STAND/UNKNOWN/#0/LOW_FORCE/REST/act=0/mav=2714/base=435495/th=56455
1778760567.063,10064,-43,374165,0,3123,0,STAND/UNKNOWN/#0/LOW_FORCE/REST/act=0/mav=2714/base=435495/th=56455
1778760567.138,10065,-43,374235,0,3123,0,STAND/UNKNOWN/#0/LOW_FORCE/REST/act=0/mav=2714/base=435495/th=56455
1778760567.139,10066,-43,374286,0,3123,0,STAND/UNKNOWN/#0/LOW_FORCE/REST/act=0/mav=2714/base=435495/th=56455
1778760567.139,10067,-43,374361,0,3123,0,STAND/UNKNOWN/#0/LOW_FORCE/REST/act=0/mav=2714/base=435495/th=56455
1778760567.139,10068,-43,374347,0,3123,0,STAND/UNKNOWN/#0/LOW_FORCE/REST/act=0/mav=2714/base=435495/th=56455
1778760567.208,10069,-43,374288,0,3123,0,STAND/UNKNOWN/#0/LOW_FORCE/REST/act=0/mav=2714/base=435495/th=56455
1778760567.209,10070,-43,374280,0,3074,0,STAND/UNKNOWN/#0/LOW_FORCE/REST/act=0/mav=2699/base=435495/th=56455
1778760567.209,10071,-43,374236,0,3074,0,STAND/UNKNOWN/#0/LOW_FORCE/REST/act=0/mav=2699/base=435495/th=56455
1778760567.281,10072,-43,374156,0,3074,0,STAND/UNKNOWN/#0/LOW_FORCE/REST/act=0/mav=2699/base=435495/th=56455
1778760567.281,10073,-43,374267,0,3074,0,STAND/UNKNOWN/#0/LOW_FORCE/REST/act=0/mav=2699/base=435495/th=56455
1778760567.281,10074,-43,374371,0,3074,0,STAND/UNKNOWN/#0/LOW_FORCE/REST/act=0/mav=2699/base=435495/th=56455
1778760567.281,10075,-43,374450,0,3074,0,STAND/UNKNOWN/#0/LOW_FORCE/REST/act=0/mav=2699/base=435495/th=56455
1778760567.345,10076,-43,374403,0,3074,0,STAND/UNKNOWN/#0/LOW_FORCE/REST/act=0/mav=2699/base=435495/th=56455
1778760567.345,10077,-43,374425,0,3074,0,STAND/UNKNOWN/#0/LOW_FORCE/REST/act=0/mav=2699/base=435495/th=56455
1778760567.345,10078,-43,374381,0,3074,0,STAND/UNKNOWN/#0/LOW_FORCE/REST/act=0/mav=2699/base=435495/th=56455
1778760567.407,10079,-43,374394,0,3074,0,STAND/UNKNOWN/#0/LOW_FORCE/REST/act=0/mav=2699/base=435495/th=56455
1778760567.407,10080,-43,374378,0,3074,0,STAND/UNKNOWN/#0/LOW_FORCE/REST/act=0/mav=2699/base=435495/th=56455
1778760567.407,10081,-43,374331,0,3074,0,STAND/UNKNOWN/#0/LOW_FORCE/REST/act=0/mav=2699/base=435495/th=56455
1778760567.471,10082,-43,374462,0,3074,0,STAND/UNKNOWN/#0/LOW_FORCE/REST/act=0/mav=2699/base=435495/th=56455
1778760567.472,10083,-43,374479,0,3007,0,STAND/UNKNOWN/#0/LOW_FORCE/REST/act=0/mav=2654/base=435495/th=56455
1778760567.472,10084,-43,374426,0,3007,0,STAND/UNKNOWN/#0/LOW_FORCE/REST/act=0/mav=2654/base=435495/th=56455
1778760567.472,10085,-43,374496,0,3007,0,STAND/UNKNOWN/#0/LOW_FORCE/REST/act=0/mav=2654/base=435495/th=56455
1778760567.560,10086,-43,374572,0,3007,0,STAND/UNKNOWN/#0/LOW_FORCE/REST/act=0/mav=2654/base=435495/th=56455
1778760567.560,10087,-43,374545,0,3007,0,STAND/UNKNOWN/#0/LOW_FORCE/REST/act=0/mav=2654/base=435495/th=56455
1778760567.560,10088,-43,374523,0,3007,0,STAND/UNKNOWN/#0/LOW_FORCE/REST/act=0/mav=2654/base=435495/th=56455
1778760567.560,10089,-43,374569,0,3007,0,STAND/UNKNOWN/#0/LOW_FORCE/REST/act=0/mav=2654/base=435495/th=56455
1778760567.665,10090,-43,374492,0,3007,0,STAND/UNKNOWN/#0/LOW_FORCE/REST/act=0/mav=2654/base=435495/th=56455
1778760567.665,10091,-43,374471,0,3007,0,STAND/UNKNOWN/#0/LOW_FORCE/REST/act=0/mav=2654/base=435495/th=56455
1778760567.665,10092,-43,374566,0,3007,0,STAND/UNKNOWN/#0/LOW_FORCE/REST/act=0/mav=2654/base=435495/th=56455
1778760567.665,10093,-43,374711,0,3007,0,STAND/UNKNOWN/#0/LOW_FORCE/REST/act=0/mav=2654/base=435495/th=56455
1778760567.665,10094,-43,374677,0,3007,0,STAND/UNKNOWN/#0/LOW_FORCE/REST/act=0/mav=2654/base=435495/th=56455
1778760567.771,10095,-43,374641,0,3007,0,STAND/UNKNOWN/#0/LOW_FORCE/REST/act=0/mav=2654/base=435495/th=56455
1778760567.771,10096,-43,374641,0,2952,0,STAND/UNKNOWN/#0/LOW_FORCE/REST/act=0/mav=2616/base=435495/th=56455
1778760567.772,10097,-43,374583,0,2952,0,STAND/UNKNOWN/#0/LOW_FORCE/REST/act=0/mav=2616/base=435495/th=56455
1778760567.772,10098,-43,374624,0,2952,0,STAND/UNKNOWN/#0/LOW_FORCE/REST/act=0/mav=2616/base=435495/th=56455
1778760567.772,10099,-43,374559,0,2952,0,STAND/UNKNOWN/#0/LOW_FORCE/REST/act=0/mav=2616/base=435495/th=56455
1778760567.773,10100,-43,374690,0,2952,0,STAND/UNKNOWN/#0/LOW_FORCE/REST/act=0/mav=2616/base=435495/th=56455
1778760567.867,10101,-43,374933,0,2952,0,STAND/UNKNOWN/#0/LOW_FORCE/REST/act=0/mav=2616/base=435495/th=56455
1778760567.867,10102,-43,374907,0,2952,0,STAND/UNKNOWN/#0/LOW_FORCE/REST/act=0/mav=2616/base=435495/th=56455
1778760567.868,10103,-43,374966,0,2952,0,STAND/UNKNOWN/#0/LOW_FORCE/REST/act=0/mav=2616/base=435495/th=56455
1778760567.868,10104,-43,375133,0,2952,0,STAND/UNKNOWN/#0/LOW_FORCE/REST/act=0/mav=2616/base=435495/th=56455
1778760567.942,10105,-43,375439,0,2952,0,STAND/UNKNOWN/#0/LOW_FORCE/REST/act=0/mav=2616/base=435495/th=56455
1778760567.942,10106,-43,375896,0,2952,0,STAND/UNKNOWN/#0/LOW_FORCE/REST/act=0/mav=2616/base=435495/th=56455
1778760567.942,10107,-43,376220,0,2952,0,STAND/UNKNOWN/#0/LOW_FORCE/REST/act=0/mav=2616/base=435495/th=56455
1778760567.942,10108,-43,376074,0,2886,0,STAND/UNKNOWN/#0/LOW_FORCE/REST/act=0/mav=2497/base=435495/th=56455
1778760568.016,10109,-43,370043,0,2886,0,STAND/UNKNOWN/#0/LOW_FORCE/REST/act=0/mav=2497/base=435495/th=56455
1778760568.017,10110,-43,355888,0,2886,0,STAND/UNKNOWN/#0/LOW_FORCE/REST/act=0/mav=2497/base=435495/th=56455
1778760568.017,10111,-43,358640,0,2886,0,STAND/UNKNOWN/#0/LOW_FORCE/REST/act=0/mav=2497/base=435495/th=56455
1778760568.017,10112,-43,364529,0,2886,0,STAND/UNKNOWN/#0/LOW_FORCE/REST/act=0/mav=2497/base=435495/th=56455
1778760568.102,10113,-43,368918,0,2886,0,STAND/UNKNOWN/#0/LOW_FORCE/REST/act=0/mav=2497/base=435495/th=56455
1778760568.102,10114,-43,372277,0,2886,0,STAND/UNKNOWN/#0/LOW_FORCE/REST/act=0/mav=2497/base=435495/th=56455
1778760568.102,10115,-43,375049,0,2886,0,STAND/UNKNOWN/#0/LOW_FORCE/REST/act=0/mav=2497/base=435495/th=56455
1778760568.102,10116,-43,377139,0,2886,0,STAND/UNKNOWN/#0/LOW_FORCE/REST/act=0/mav=2497/base=435495/th=56455
1778760568.177,10117,-43,378584,0,2886,0,STAND/UNKNOWN/#0/LOW_FORCE/REST/act=0/mav=2497/base=435495/th=56455
1778760568.177,10118,-43,379907,0,2886,0,STAND/UNKNOWN/#0/LOW_FORCE/REST/act=0/mav=2497/base=435495/th=56455
1778760568.177,10119,-43,381201,0,2886,0,STAND/UNKNOWN/#0/LOW_FORCE/REST/act=0/mav=2497/base=435495/th=56455
1778760568.177,10120,-43,382539,0,2886,0,STAND/UNKNOWN/#0/LOW_FORCE/REST/act=0/mav=2497/base=435495/th=56455
1778760568.253,10121,-43,383692,0,6750,0,STAND/UNKNOWN/#0/LOW_FORCE/REST/act=0/mav=4785/base=435495/th=56455
1778760568.253,10122,-43,384551,0,6750,0,STAND/UNKNOWN/#0/LOW_FORCE/REST/act=0/mav=4785/base=435495/th=56455
1778760568.253,10123,-43,385748,0,6750,0,STAND/UNKNOWN/#0/LOW_FORCE/REST/act=0/mav=4785/base=435495/th=56455
1778760568.253,10124,-43,386674,0,6750,0,STAND/UNKNOWN/#0/LOW_FORCE/REST/act=0/mav=4785/base=435495/th=56455
1778760568.340,10125,-43,387675,0,6750,0,STAND/UNKNOWN/#0/LOW_FORCE/REST/act=0/mav=4785/base=435495/th=56455
1778760568.340,10126,-43,388661,0,6750,0,STAND/UNKNOWN/#0/LOW_FORCE/REST/act=0/mav=4785/base=435495/th=56455
1778760568.340,10127,-43,389876,0,6750,0,STAND/UNKNOWN/#0/LOW_FORCE/REST/act=0/mav=4785/base=435495/th=56455
1778760568.340,10128,-43,390794,0,6750,0,STAND/UNKNOWN/#0/LOW_FORCE/REST/act=0/mav=4785/base=435495/th=56455
1778760568.416,10129,-43,391561,0,6750,0,STAND/UNKNOWN/#0/LOW_FORCE/REST/act=0/mav=4785/base=435495/th=56455
1778760568.416,10130,-43,392205,0,6750,0,STAND/UNKNOWN/#0/LOW_FORCE/REST/act=0/mav=4785/base=435495/th=56455
1778760568.416,10131,-43,392756,0,6750,0,STAND/UNKNOWN/#0/LOW_FORCE/REST/act=0/mav=4785/base=435495/th=56455
1778760568.416,10132,-43,393419,0,6750,0,STAND/UNKNOWN/#0/LOW_FORCE/REST/act=0/mav=4785/base=435495/th=56455
1778760568.484,10133,-43,394076,0,6750,0,STAND/UNKNOWN/#0/LOW_FORCE/REST/act=0/mav=4785/base=435495/th=56455
1778760568.485,10134,-43,395043,0,9158,0,STAND/UNKNOWN/#0/LOW_FORCE/REST/act=0/mav=7933/base=435495/th=56455
1778760568.485,10135,-43,396345,0,9158,0,STAND/UNKNOWN/#0/LOW_FORCE/REST/act=0/mav=7933/base=435495/th=56455
1778760568.557,10136,-43,397469,0,9158,0,STAND/UNKNOWN/#0/LOW_FORCE/REST/act=0/mav=7933/base=435495/th=56455
1778760568.558,10137,-43,398573,0,9158,0,STAND/UNKNOWN/#0/LOW_FORCE/REST/act=0/mav=7933/base=435495/th=56455
1778760568.558,10138,-43,406395,0,9158,0,STAND/UNKNOWN/#0/LOW_FORCE/REST/act=0/mav=7933/base=435495/th=56455
1778760568.559,10139,-43,410013,0,9158,0,STAND/UNKNOWN/#0/LOW_FORCE/REST/act=0/mav=7933/base=435495/th=56455
1778760568.629,10140,-43,407278,0,9158,0,STAND/UNKNOWN/#0/LOW_FORCE/REST/act=0/mav=7933/base=435495/th=56455
1778760568.629,10141,-43,405439,0,9158,0,STAND/UNKNOWN/#0/LOW_FORCE/REST/act=0/mav=7933/base=435495/th=56455
1778760568.629,10142,-43,404439,0,9158,0,STAND/UNKNOWN/#0/LOW_FORCE/REST/act=0/mav=7933/base=435495/th=56455
1778760568.705,10143,-43,403305,0,9158,0,STAND/UNKNOWN/#0/LOW_FORCE/REST/act=0/mav=7933/base=435495/th=56455
1778760568.705,10144,-43,402479,0,9158,0,STAND/UNKNOWN/#0/LOW_FORCE/REST/act=0/mav=7933/base=435495/th=56455
1778760568.705,10145,-43,401581,0,9158,0,STAND/UNKNOWN/#0/LOW_FORCE/REST/act=0/mav=7933/base=435495/th=56455
1778760568.705,10146,-43,400294,0,9158,0,STAND/UNKNOWN/#0/LOW_FORCE/REST/act=0/mav=7933/base=435495/th=56455
1778760568.774,10147,-43,399014,0,10374,0,STAND/UNKNOWN/#0/LOW_FORCE/REST/act=0/mav=9391/base=435495/th=56455
1778760568.774,10148,-43,398716,0,10374,0,STAND/UNKNOWN/#0/LOW_FORCE/REST/act=0/mav=9391/base=435495/th=56455
1778760568.774,10149,-43,398054,0,10374,0,STAND/UNKNOWN/#0/LOW_FORCE/REST/act=0/mav=9391/base=435495/th=56455
1778760568.774,10150,-43,397215,0,10374,0,STAND/UNKNOWN/#0/LOW_FORCE/REST/act=0/mav=9391/base=435495/th=56455
1778760568.852,10151,-43,395810,0,10374,0,STAND/UNKNOWN/#0/LOW_FORCE/REST/act=0/mav=9391/base=435495/th=56455
1778760568.852,10152,-43,394545,0,10374,0,STAND/UNKNOWN/#0/LOW_FORCE/REST/act=0/mav=9391/base=435495/th=56455
1778760568.852,10153,-43,393549,0,10374,0,STAND/UNKNOWN/#0/LOW_FORCE/REST/act=0/mav=9391/base=435495/th=56455
1778760568.852,10154,-43,392536,0,10374,0,STAND/UNKNOWN/#0/LOW_FORCE/REST/act=0/mav=9391/base=435495/th=56455
1778760568.918,10155,-43,391929,0,10374,0,STAND/UNKNOWN/#0/LOW_FORCE/REST/act=0/mav=9391/base=435495/th=56455
1778760568.918,10156,-43,391185,0,10374,0,STAND/UNKNOWN/#0/LOW_FORCE/REST/act=0/mav=9391/base=435495/th=56455
1778760568.918,10157,-43,390579,0,10374,0,STAND/UNKNOWN/#0/LOW_FORCE/REST/act=0/mav=9391/base=435495/th=56455
1778760568.993,10158,-43,390221,0,10374,0,STAND/UNKNOWN/#0/LOW_FORCE/REST/act=0/mav=9391/base=435495/th=56455
1778760568.993,10159,-43,390338,0,10374,0,STAND/UNKNOWN/#0/LOW_FORCE/REST/act=0/mav=9391/base=435495/th=56455
1778760568.993,10160,-43,389259,0,8555,0,STAND/UNKNOWN/#0/LOW_FORCE/REST/act=0/mav=6665/base=435495/th=56455
1778760568.993,10161,-43,381878,0,8555,0,STAND/UNKNOWN/#0/LOW_FORCE/REST/act=0/mav=6665/base=435495/th=56455
1778760569.063,10162,-43,383737,0,8555,0,STAND/UNKNOWN/#0/LOW_FORCE/REST/act=0/mav=6665/base=435495/th=56455
1778760569.063,10163,-43,387049,0,8555,0,STAND/UNKNOWN/#0/LOW_FORCE/REST/act=0/mav=6665/base=435495/th=56455
1778760569.063,10164,-43,389813,0,8555,0,STAND/UNKNOWN/#0/LOW_FORCE/REST/act=0/mav=6665/base=435495/th=56455
1778760569.130,10165,-43,391891,0,8555,0,STAND/UNKNOWN/#0/LOW_FORCE/REST/act=0/mav=6665/base=435495/th=56455
1778760569.130,10166,-43,393559,0,8555,0,STAND/UNKNOWN/#0/LOW_FORCE/REST/act=0/mav=6665/base=435495/th=56455
1778760569.130,10167,-43,395312,0,8555,0,STAND/UNKNOWN/#0/LOW_FORCE/REST/act=0/mav=6665/base=435495/th=56455
1778760569.198,10168,-43,396946,0,8555,0,STAND/UNKNOWN/#0/LOW_FORCE/REST/act=0/mav=6665/base=435495/th=56455
1778760569.198,10169,-43,399535,0,8555,0,STAND/UNKNOWN/#0/LOW_FORCE/REST/act=0/mav=6665/base=435495/th=56455
1778760569.198,10170,-43,405607,0,8555,0,STAND/UNKNOWN/#0/LOW_FORCE/REST/act=0/mav=6665/base=435495/th=56455
1778760569.198,10171,-43,411489,0,8555,0,STAND/UNKNOWN/#0/LOW_FORCE/REST/act=0/mav=6665/base=435495/th=56455
1778760569.272,10172,-43,405879,0,6899,0,STAND/UNKNOWN/#0/LOW_FORCE/REST/act=0/mav=5232/base=435495/th=56455
1778760569.272,10173,-43,399617,0,6899,0,STAND/UNKNOWN/#0/LOW_FORCE/REST/act=0/mav=5232/base=435495/th=56455
1778760569.272,10174,-43,395100,0,6899,0,STAND/UNKNOWN/#0/LOW_FORCE/REST/act=0/mav=5232/base=435495/th=56455
1778760569.272,10175,-43,389704,0,6899,0,STAND/UNKNOWN/#0/LOW_FORCE/REST/act=0/mav=5232/base=435495/th=56455
1778760569.343,10176,-43,386016,0,6899,0,STAND/UNKNOWN/#0/LOW_FORCE/REST/act=0/mav=5232/base=435495/th=56455
1778760569.343,10177,-43,383183,0,6899,0,STAND/UNKNOWN/#0/LOW_FORCE/REST/act=0/mav=5232/base=435495/th=56455
1778760569.343,10178,-43,381637,0,6899,0,STAND/UNKNOWN/#0/LOW_FORCE/REST/act=0/mav=5232/base=435495/th=56455
1778760569.422,10179,-43,380432,0,6899,0,STAND/UNKNOWN/#0/LOW_FORCE/REST/act=0/mav=5232/base=435495/th=56455
1778760569.422,10180,-43,379316,0,6899,0,STAND/UNKNOWN/#0/LOW_FORCE/REST/act=0/mav=5232/base=435495/th=56455
1778760569.422,10181,-43,377914,0,6899,0,STAND/UNKNOWN/#0/LOW_FORCE/REST/act=0/mav=5232/base=435495/th=56455
1778760569.423,10182,-43,377115,0,6899,0,STAND/UNKNOWN/#0/LOW_FORCE/REST/act=0/mav=5232/base=435495/th=56455
1778760569.492,10183,-43,376213,0,6899,0,STAND/UNKNOWN/#0/LOW_FORCE/REST/act=0/mav=5232/base=435495/th=56455
1778760569.492,10184,-43,375682,0,6899,0,STAND/UNKNOWN/#0/LOW_FORCE/REST/act=0/mav=5232/base=435495/th=56455
1778760569.492,10185,-43,375016,0,9265,0,STAND/UNKNOWN/#0/LOW_FORCE/REST/act=0/mav=8020/base=435495/th=56455
1778760569.492,10186,-43,374438,0,9265,0,STAND/UNKNOWN/#0/LOW_FORCE/REST/act=0/mav=8020/base=435495/th=56455
1778760569.561,10187,-43,373923,0,9265,0,STAND/UNKNOWN/#0/LOW_FORCE/REST/act=0/mav=8020/base=435495/th=56455
1778760569.561,10188,-43,373493,0,9265,0,STAND/UNKNOWN/#0/LOW_FORCE/REST/act=0/mav=8020/base=435495/th=56455
1778760569.561,10189,-43,372993,0,9265,0,STAND/UNKNOWN/#0/LOW_FORCE/REST/act=0/mav=8020/base=435495/th=56455
1778760569.622,10190,-43,372614,0,9265,0,STAND/UNKNOWN/#0/LOW_FORCE/REST/act=0/mav=8020/base=435495/th=56455
1778760569.622,10191,-43,372042,0,9265,0,STAND/UNKNOWN/#0/LOW_FORCE/REST/act=0/mav=8020/base=435495/th=56455
1778760569.622,10192,-43,371396,0,9265,0,STAND/UNKNOWN/#0/LOW_FORCE/REST/act=0/mav=8020/base=435495/th=56455
1778760569.689,10193,-43,370591,0,9265,0,STAND/UNKNOWN/#0/LOW_FORCE/REST/act=0/mav=8020/base=435495/th=56455
1778760569.689,10194,-43,370064,0,9265,0,STAND/UNKNOWN/#0/LOW_FORCE/REST/act=0/mav=8020/base=435495/th=56455
1778760569.689,10195,-43,369416,0,9265,0,STAND/UNKNOWN/#0/LOW_FORCE/REST/act=0/mav=8020/base=435495/th=56455
1778760569.751,10196,-43,369051,0,9265,0,STAND/UNKNOWN/#0/LOW_FORCE/REST/act=0/mav=8020/base=435495/th=56455
1778760569.752,10197,-43,368518,0,9265,0,STAND/UNKNOWN/#0/LOW_FORCE/REST/act=0/mav=8020/base=435495/th=56455
1778760569.752,10198,-43,367989,0,9372,0,STAND/UNKNOWN/#0/LOW_FORCE/REST/act=0/mav=8814/base=435495/th=56455
1778760569.753,10199,-43,367612,0,9372,0,STAND/UNKNOWN/#0/LOW_FORCE/REST/act=0/mav=8814/base=435495/th=56455
1778760569.825,10200,-43,367297,0,9372,0,STAND/UNKNOWN/#0/LOW_FORCE/REST/act=0/mav=8814/base=435495/th=56455
1778760569.825,10201,-43,366908,0,9372,0,STAND/UNKNOWN/#0/LOW_FORCE/REST/act=0/mav=8814/base=435495/th=56455
1778760569.826,10202,-43,366521,0,9372,0,STAND/UNKNOWN/#0/LOW_FORCE/REST/act=0/mav=8814/base=435495/th=56455
1778760569.900,10203,-43,365554,0,9372,0,STAND/UNKNOWN/#0/LOW_FORCE/REST/act=0/mav=8814/base=435495/th=56455
1778760569.900,10204,-43,364835,0,9372,0,STAND/UNKNOWN/#0/LOW_FORCE/REST/act=0/mav=8814/base=435495/th=56455
1778760569.900,10205,-43,364056,0,9372,0,STAND/UNKNOWN/#0/LOW_FORCE/REST/act=0/mav=8814/base=435495/th=56455
1778760569.900,10206,-43,364069,0,9372,0,STAND/UNKNOWN/#0/LOW_FORCE/REST/act=0/mav=8814/base=435495/th=56455
1778760569.972,10207,-43,363933,0,9372,0,STAND/UNKNOWN/#0/LOW_FORCE/REST/act=0/mav=8814/base=435495/th=56455
1778760569.972,10208,-43,363809,0,9372,0,STAND/UNKNOWN/#0/LOW_FORCE/REST/act=0/mav=8814/base=435495/th=56455
1778760569.972,10209,-43,363632,0,9372,0,STAND/UNKNOWN/#0/LOW_FORCE/REST/act=0/mav=8814/base=435495/th=56455
1778760569.972,10210,-43,363486,0,9372,0,STAND/UNKNOWN/#0/LOW_FORCE/REST/act=0/mav=8814/base=435495/th=56455
1778760570.034,10211,-43,363338,0,8274,0,STAND/UNKNOWN/#0/LOW_FORCE/REST/act=0/mav=7848/base=435495/th=56455
1778760570.035,10212,-43,363128,0,8274,0,STAND/UNKNOWN/#0/LOW_FORCE/REST/act=0/mav=7848/base=435495/th=56455
1778760570.035,10213,-43,362769,0,8274,0,STAND/UNKNOWN/#0/LOW_FORCE/REST/act=0/mav=7848/base=435495/th=56455
1778760570.097,10214,-43,362607,0,8274,0,STAND/UNKNOWN/#0/LOW_FORCE/REST/act=0/mav=7848/base=435495/th=56455
1778760570.097,10215,-43,362384,0,8274,0,STAND/UNKNOWN/#0/LOW_FORCE/REST/act=0/mav=7848/base=435495/th=56455
1778760570.097,10216,-43,362110,0,8274,0,STAND/UNKNOWN/#0/LOW_FORCE/REST/act=0/mav=7848/base=435495/th=56455
1778760570.167,10217,-43,361811,0,8274,0,STAND/UNKNOWN/#0/LOW_FORCE/REST/act=0/mav=7848/base=435495/th=56455
1778760570.167,10218,-43,361564,0,8274,0,STAND/UNKNOWN/#0/LOW_FORCE/REST/act=0/mav=7848/base=435495/th=56455
1778760570.167,10219,-43,361279,0,8274,0,STAND/UNKNOWN/#0/LOW_FORCE/REST/act=0/mav=7848/base=435495/th=56455
1778760570.239,10220,-43,361076,0,8274,0,STAND/UNKNOWN/#0/LOW_FORCE/REST/act=0/mav=7848/base=435495/th=56455
1778760570.239,10221,-43,360908,0,8274,0,STAND/UNKNOWN/#0/LOW_FORCE/REST/act=0/mav=7848/base=435495/th=56455
1778760570.239,10222,-43,360791,0,8274,0,STAND/UNKNOWN/#0/LOW_FORCE/REST/act=0/mav=7848/base=435495/th=56455
1778760570.239,10223,-43,360368,0,8274,0,STAND/UNKNOWN/#0/LOW_FORCE/REST/act=0/mav=7848/base=435495/th=56455
1778760570.303,10224,-43,328146,0,6465,0,STAND/UNKNOWN/#0/LOW_FORCE/REST/act=0/mav=5846/base=435495/th=56455
1778760570.303,10225,-43,341738,0,6465,0,STAND/UNKNOWN/#0/LOW_FORCE/REST/act=0/mav=5846/base=435495/th=56455
1778760570.303,10226,-43,349996,0,6465,0,STAND/UNKNOWN/#0/LOW_FORCE/REST/act=0/mav=5846/base=435495/th=56455
1778760570.380,10227,-43,355935,0,6465,0,STAND/UNKNOWN/#0/LOW_FORCE/REST/act=0/mav=5846/base=435495/th=56455
1778760570.380,10228,-43,360425,0,6465,0,STAND/UNKNOWN/#0/LOW_FORCE/REST/act=0/mav=5846/base=435495/th=56455
1778760570.380,10229,-43,364308,0,6465,0,STAND/UNKNOWN/#0/LOW_FORCE/REST/act=0/mav=5846/base=435495/th=56455
1778760570.380,10230,-43,367430,0,6465,0,STAND/UNKNOWN/#0/LOW_FORCE/REST/act=0/mav=5846/base=435495/th=56455
1778760570.448,10231,-43,370398,0,6465,0,STAND/UNKNOWN/#0/LOW_FORCE/REST/act=0/mav=5846/base=435495/th=56455
1778760570.448,10232,-43,372946,0,6465,0,STAND/UNKNOWN/#0/LOW_FORCE/REST/act=0/mav=5846/base=435495/th=56455
1778760570.448,10233,-43,374954,0,6465,0,STAND/UNKNOWN/#0/LOW_FORCE/REST/act=0/mav=5846/base=435495/th=56455
1778760570.516,10234,-43,377136,0,6465,0,STAND/UNKNOWN/#0/LOW_FORCE/REST/act=0/mav=5846/base=435495/th=56455
1778760570.516,10235,-43,378959,0,6465,0,STAND/UNKNOWN/#0/LOW_FORCE/REST/act=0/mav=5846/base=435495/th=56455
1778760570.516,10236,-43,381009,0,10388,0,STAND/UNKNOWN/#0/LOW_FORCE/REST/act=0/mav=7704/base=435495/th=56455
1778760570.516,10237,-43,382126,0,10388,0,STAND/UNKNOWN/#0/LOW_FORCE/REST/act=0/mav=7704/base=435495/th=56455
1778760570.585,10238,-43,383831,0,10388,0,STAND/UNKNOWN/#0/LOW_FORCE/REST/act=0/mav=7704/base=435495/th=56455
1778760570.585,10239,-43,385496,0,10388,0,STAND/UNKNOWN/#0/LOW_FORCE/REST/act=0/mav=7704/base=435495/th=56455
1778760570.586,10240,-43,387154,0,10388,0,STAND/UNKNOWN/#0/LOW_FORCE/REST/act=0/mav=7704/base=435495/th=56455
1778760570.647,10241,-43,388323,0,10388,0,STAND/UNKNOWN/#0/LOW_FORCE/REST/act=0/mav=7704/base=435495/th=56455
1778760570.648,10242,-43,389054,0,10388,0,STAND/UNKNOWN/#0/LOW_FORCE/REST/act=0/mav=7704/base=435495/th=56455
1778760570.648,10243,-43,389682,0,10388,0,STAND/UNKNOWN/#0/LOW_FORCE/REST/act=0/mav=7704/base=435495/th=56455
1778760570.714,10244,-43,390481,0,10388,0,STAND/UNKNOWN/#0/LOW_FORCE/REST/act=0/mav=7704/base=435495/th=56455
1778760570.714,10245,-43,391003,0,10388,0,STAND/UNKNOWN/#0/LOW_FORCE/REST/act=0/mav=7704/base=435495/th=56455
1778760570.714,10246,-43,391383,0,10388,0,STAND/UNKNOWN/#0/LOW_FORCE/REST/act=0/mav=7704/base=435495/th=56455
1778760570.714,10247,-43,392441,0,10388,0,STAND/UNKNOWN/#0/LOW_FORCE/REST/act=0/mav=7704/base=435495/th=56455
1778760570.783,10248,-43,393503,0,10388,0,STAND/UNKNOWN/#0/LOW_FORCE/REST/act=0/mav=7704/base=435495/th=56455
1778760570.783,10249,-43,394247,0,13124,0,STAND/UNKNOWN/#0/LOW_FORCE/REST/act=0/mav=11200/base=435495/th=56455
1778760570.783,10250,-43,394391,0,13124,0,STAND/UNKNOWN/#0/LOW_FORCE/REST/act=0/mav=11200/base=435495/th=56455
1778760570.853,10251,-43,394270,0,13124,0,STAND/UNKNOWN/#0/LOW_FORCE/REST/act=0/mav=11200/base=435495/th=56455
1778760570.854,10252,-43,394426,0,13124,0,STAND/UNKNOWN/#0/LOW_FORCE/REST/act=0/mav=11200/base=435495/th=56455
1778760570.854,10253,-43,394877,0,13124,0,STAND/UNKNOWN/#0/LOW_FORCE/REST/act=0/mav=11200/base=435495/th=56455
1778760570.854,10254,-43,395241,0,13124,0,STAND/UNKNOWN/#0/LOW_FORCE/REST/act=0/mav=11200/base=435495/th=56455
1778760570.952,10255,-43,395648,0,13124,0,STAND/UNKNOWN/#0/LOW_FORCE/REST/act=0/mav=11200/base=435495/th=56455
1778760570.952,10256,-43,396393,0,13124,0,STAND/UNKNOWN/#0/LOW_FORCE/REST/act=0/mav=11200/base=435495/th=56455
1778760570.952,10257,-43,396654,0,13124,0,STAND/UNKNOWN/#0/LOW_FORCE/REST/act=0/mav=11200/base=435495/th=56455
1778760570.952,10258,-43,396597,0,13124,0,STAND/UNKNOWN/#0/LOW_FORCE/REST/act=0/mav=11200/base=435495/th=56455
1778760571.049,10259,-43,396365,0,13124,0,STAND/UNKNOWN/#0/LOW_FORCE/REST/act=0/mav=11200/base=435495/th=56455
1778760571.049,10260,-43,395808,0,13124,0,STAND/UNKNOWN/#0/LOW_FORCE/REST/act=0/mav=11200/base=435495/th=56455
1778760571.049,10261,-43,395694,0,13124,0,STAND/UNKNOWN/#0/LOW_FORCE/REST/act=0/mav=11200/base=435495/th=56455
1778760571.050,10262,-43,395893,0,10957,0,STAND/UNKNOWN/#0/LOW_FORCE/REST/act=0/mav=9485/base=435495/th=56455
1778760571.050,10263,-43,396296,0,10957,0,STAND/UNKNOWN/#0/LOW_FORCE/REST/act=0/mav=9485/base=435495/th=56455
1778760571.126,10264,-43,397226,0,10957,0,STAND/UNKNOWN/#0/LOW_FORCE/REST/act=0/mav=9485/base=435495/th=56455
1778760571.126,10265,-43,397373,0,10957,0,STAND/UNKNOWN/#0/LOW_FORCE/REST/act=0/mav=9485/base=435495/th=56455
1778760571.126,10266,-43,396975,0,10957,0,STAND/UNKNOWN/#0/LOW_FORCE/REST/act=0/mav=9485/base=435495/th=56455
1778760571.126,10267,-43,396714,0,10957,0,STAND/UNKNOWN/#0/LOW_FORCE/REST/act=0/mav=9485/base=435495/th=56455
1778760571.199,10268,-43,396704,0,10957,0,STAND/UNKNOWN/#0/LOW_FORCE/REST/act=0/mav=9485/base=435495/th=56455
1778760571.199,10269,-43,396434,0,10957,0,STAND/UNKNOWN/#0/LOW_FORCE/REST/act=0/mav=9485/base=435495/th=56455
1778760571.199,10270,-43,396627,0,10957,0,STAND/UNKNOWN/#0/LOW_FORCE/REST/act=0/mav=9485/base=435495/th=56455
1778760571.199,10271,-43,396942,0,10957,0,STAND/UNKNOWN/#0/LOW_FORCE/REST/act=0/mav=9485/base=435495/th=56455
1778760571.264,10272,-43,397684,0,10957,0,STAND/UNKNOWN/#0/LOW_FORCE/REST/act=0/mav=9485/base=435495/th=56455
1778760571.264,10273,-43,398141,0,10957,0,STAND/UNKNOWN/#0/LOW_FORCE/REST/act=0/mav=9485/base=435495/th=56455
1778760571.265,10274,-43,397749,0,10957,0,STAND/UNKNOWN/#0/LOW_FORCE/REST/act=0/mav=9485/base=435495/th=56455
1778760571.329,10275,-43,397120,0,7805,0,STAND/UNKNOWN/#0/LOW_FORCE/REST/act=0/mav=6090/base=435495/th=56455
1778760571.329,10276,-43,397272,0,7805,0,STAND/UNKNOWN/#0/LOW_FORCE/REST/act=0/mav=6090/base=435495/th=56455
1778760571.329,10277,-43,396896,0,7805,0,STAND/UNKNOWN/#0/LOW_FORCE/REST/act=0/mav=6090/base=435495/th=56455
1778760571.396,10278,-43,396768,0,7805,0,STAND/UNKNOWN/#0/LOW_FORCE/REST/act=0/mav=6090/base=435495/th=56455
1778760571.396,10279,-43,397440,0,7805,0,STAND/UNKNOWN/#0/LOW_FORCE/REST/act=0/mav=6090/base=435495/th=56455
1778760571.396,10280,-43,398329,0,7805,0,STAND/UNKNOWN/#0/LOW_FORCE/REST/act=0/mav=6090/base=435495/th=56455
1778760571.396,10281,-43,398669,0,7805,0,STAND/UNKNOWN/#0/LOW_FORCE/REST/act=0/mav=6090/base=435495/th=56455
1778760571.472,10282,-43,398478,0,7805,0,STAND/UNKNOWN/#0/LOW_FORCE/REST/act=0/mav=6090/base=435495/th=56455
1778760571.472,10283,-43,398123,0,7805,0,STAND/UNKNOWN/#0/LOW_FORCE/REST/act=0/mav=6090/base=435495/th=56455
1778760571.472,10284,-43,398374,0,7805,0,STAND/UNKNOWN/#0/LOW_FORCE/REST/act=0/mav=6090/base=435495/th=56455
1778760571.472,10285,-43,397992,0,7805,0,STAND/UNKNOWN/#0/LOW_FORCE/REST/act=0/mav=6090/base=435495/th=56455
1778760571.541,10286,-43,398333,0,7805,0,STAND/UNKNOWN/#0/LOW_FORCE/REST/act=0/mav=6090/base=435495/th=56455
1778760571.541,10287,-43,399077,0,7805,0,STAND/UNKNOWN/#0/LOW_FORCE/REST/act=0/mav=6090/base=435495/th=56455
1778760571.541,10288,-43,400217,0,6009,0,STAND/UNKNOWN/#0/LOW_FORCE/REST/act=0/mav=4783/base=435495/th=56455
1778760571.609,10289,-43,400636,0,6009,0,STAND/UNKNOWN/#0/LOW_FORCE/REST/act=0/mav=4783/base=435495/th=56455
1778760571.609,10290,-43,400209,0,6009,0,STAND/UNKNOWN/#0/LOW_FORCE/REST/act=0/mav=4783/base=435495/th=56455
1778760571.609,10291,-43,399619,0,6009,0,STAND/UNKNOWN/#0/LOW_FORCE/REST/act=0/mav=4783/base=435495/th=56455
1778760571.680,10292,-43,399462,0,6009,0,STAND/UNKNOWN/#0/LOW_FORCE/REST/act=0/mav=4783/base=435495/th=56455
1778760571.680,10293,-43,398953,0,6009,0,STAND/UNKNOWN/#0/LOW_FORCE/REST/act=0/mav=4783/base=435495/th=56455
1778760571.681,10294,-43,399268,0,6009,0,STAND/UNKNOWN/#0/LOW_FORCE/REST/act=0/mav=4783/base=435495/th=56455
1778760571.681,10295,-43,399386,0,6009,0,STAND/UNKNOWN/#0/LOW_FORCE/REST/act=0/mav=4783/base=435495/th=56455
1778760571.749,10296,-43,399531,0,6009,0,STAND/UNKNOWN/#0/LOW_FORCE/REST/act=0/mav=4783/base=435495/th=56455
1778760571.749,10297,-43,400006,0,6009,0,STAND/UNKNOWN/#0/LOW_FORCE/REST/act=0/mav=4783/base=435495/th=56455
1778760571.749,10298,-43,400311,0,6009,0,STAND/UNKNOWN/#0/LOW_FORCE/REST/act=0/mav=4783/base=435495/th=56455
1778760571.813,10299,-43,399880,0,6009,0,STAND/UNKNOWN/#0/LOW_FORCE/REST/act=0/mav=4783/base=435495/th=56455
1778760571.813,10300,-43,399469,0,5924,0,STAND/UNKNOWN/#0/LOW_FORCE/REST/act=0/mav=4811/base=435495/th=56455
1778760571.813,10301,-43,399458,0,5924,0,STAND/UNKNOWN/#0/LOW_FORCE/REST/act=0/mav=4811/base=435495/th=56455
1778760571.813,10302,-43,399081,0,5924,0,STAND/UNKNOWN/#0/LOW_FORCE/REST/act=0/mav=4811/base=435495/th=56455
1778760571.889,10303,-43,399207,0,5924,0,STAND/UNKNOWN/#0/LOW_FORCE/REST/act=0/mav=4811/base=435495/th=56455
1778760571.889,10304,-43,398769,0,5924,0,STAND/UNKNOWN/#0/LOW_FORCE/REST/act=0/mav=4811/base=435495/th=56455
1778760571.890,10305,-43,398976,0,5924,0,STAND/UNKNOWN/#0/LOW_FORCE/REST/act=0/mav=4811/base=435495/th=56455
1778760571.954,10306,-43,399703,0,5924,0,STAND/UNKNOWN/#0/LOW_FORCE/REST/act=0/mav=4811/base=435495/th=56455
1778760571.954,10307,-43,399833,0,5924,0,STAND/UNKNOWN/#0/LOW_FORCE/REST/act=0/mav=4811/base=435495/th=56455
1778760571.954,10308,-43,399226,0,5924,0,STAND/UNKNOWN/#0/LOW_FORCE/REST/act=0/mav=4811/base=435495/th=56455
1778760571.954,10309,-43,398822,0,5924,0,STAND/UNKNOWN/#0/LOW_FORCE/REST/act=0/mav=4811/base=435495/th=56455
1778760572.020,10310,-43,398469,0,5924,0,STAND/UNKNOWN/#0/LOW_FORCE/REST/act=0/mav=4811/base=435495/th=56455
1778760572.020,10311,-43,397814,0,5924,0,STAND/UNKNOWN/#0/LOW_FORCE/REST/act=0/mav=4811/base=435495/th=56455
1778760572.020,10312,-43,398104,0,5924,0,STAND/UNKNOWN/#0/LOW_FORCE/REST/act=0/mav=4811/base=435495/th=56455
1778760572.109,10313,-43,398168,0,6312,0,STAND/UNKNOWN/#0/LOW_FORCE/REST/act=0/mav=5328/base=435495/th=56455
1778760572.109,10314,-43,398686,0,6312,0,STAND/UNKNOWN/#0/LOW_FORCE/REST/act=0/mav=5328/base=435495/th=56455
1778760572.109,10315,-43,399447,0,6312,0,STAND/UNKNOWN/#0/LOW_FORCE/REST/act=0/mav=5328/base=435495/th=56455
1778760572.109,10316,-43,399405,0,6312,0,STAND/UNKNOWN/#0/LOW_FORCE/REST/act=0/mav=5328/base=435495/th=56455
1778760572.193,10317,-43,398466,0,6312,0,STAND/UNKNOWN/#0/LOW_FORCE/REST/act=0/mav=5328/base=435495/th=56455
1778760572.193,10318,-43,397901,0,6312,0,STAND/UNKNOWN/#0/LOW_FORCE/REST/act=0/mav=5328/base=435495/th=56455
1778760572.193,10319,-43,397897,0,6312,0,STAND/UNKNOWN/#0/LOW_FORCE/REST/act=0/mav=5328/base=435495/th=56455
1778760572.193,10320,-43,397146,0,6312,0,STAND/UNKNOWN/#0/LOW_FORCE/REST/act=0/mav=5328/base=435495/th=56455
1778760572.193,10321,-43,397098,0,6312,0,STAND/UNKNOWN/#0/LOW_FORCE/REST/act=0/mav=5328/base=435495/th=56455
1778760572.286,10322,-43,396925,0,6312,0,STAND/UNKNOWN/#0/LOW_FORCE/REST/act=0/mav=5328/base=435495/th=56455
1778760572.286,10323,-43,397073,0,6312,0,STAND/UNKNOWN/#0/LOW_FORCE/REST/act=0/mav=5328/base=435495/th=56455
1778760572.286,10324,-43,397889,0,6312,0,STAND/UNKNOWN/#0/LOW_FORCE/REST/act=0/mav=5328/base=435495/th=56455
1778760572.286,10325,-43,397856,0,6312,0,STAND/UNKNOWN/#0/LOW_FORCE/REST/act=0/mav=5328/base=435495/th=56455
1778760572.371,10326,-43,397127,0,6953,0,STAND/UNKNOWN/#0/LOW_FORCE/REST/act=0/mav=6123/base=435495/th=56455
1778760572.371,10327,-43,396541,0,6953,0,STAND/UNKNOWN/#0/LOW_FORCE/REST/act=0/mav=6123/base=435495/th=56455
1778760572.371,10328,-43,396110,0,6953,0,STAND/UNKNOWN/#0/LOW_FORCE/REST/act=0/mav=6123/base=435495/th=56455
1778760572.372,10329,-43,395722,0,6953,0,STAND/UNKNOWN/#0/LOW_FORCE/REST/act=0/mav=6123/base=435495/th=56455
1778760572.372,10330,-43,395873,0,6953,0,STAND/UNKNOWN/#0/LOW_FORCE/REST/act=0/mav=6123/base=435495/th=56455
1778760572.456,10331,-43,396130,0,6953,0,STAND/UNKNOWN/#0/LOW_FORCE/REST/act=0/mav=6123/base=435495/th=56455
1778760572.457,10332,-43,397102,0,6953,0,STAND/UNKNOWN/#0/LOW_FORCE/REST/act=0/mav=6123/base=435495/th=56455
1778760572.457,10333,-43,397048,0,6953,0,STAND/UNKNOWN/#0/LOW_FORCE/REST/act=0/mav=6123/base=435495/th=56455
1778760572.457,10334,-43,396363,0,6953,0,STAND/UNKNOWN/#0/LOW_FORCE/REST/act=0/mav=6123/base=435495/th=56455
1778760572.528,10335,-43,395957,0,6953,0,STAND/UNKNOWN/#0/LOW_FORCE/REST/act=0/mav=6123/base=435495/th=56455
1778760572.529,10336,-43,395789,0,6953,0,STAND/UNKNOWN/#0/LOW_FORCE/REST/act=0/mav=6123/base=435495/th=56455
1778760572.529,10337,-43,395434,0,6953,0,STAND/UNKNOWN/#0/LOW_FORCE/REST/act=0/mav=6123/base=435495/th=56455
1778760572.591,10338,-43,395389,0,6953,0,STAND/UNKNOWN/#0/LOW_FORCE/REST/act=0/mav=6123/base=435495/th=56455
1778760572.591,10339,-43,395953,0,7614,0,STAND/UNKNOWN/#0/LOW_FORCE/REST/act=0/mav=6782/base=435495/th=56455
1778760572.592,10340,-43,396997,0,7614,0,STAND/UNKNOWN/#0/LOW_FORCE/REST/act=0/mav=6782/base=435495/th=56455
1778760572.592,10341,-43,396859,0,7614,0,STAND/UNKNOWN/#0/LOW_FORCE/REST/act=0/mav=6782/base=435495/th=56455
1778760572.655,10342,-43,396289,0,7614,0,STAND/UNKNOWN/#0/LOW_FORCE/REST/act=0/mav=6782/base=435495/th=56455
1778760572.655,10343,-43,395781,0,7614,0,STAND/UNKNOWN/#0/LOW_FORCE/REST/act=0/mav=6782/base=435495/th=56455
1778760572.655,10344,-43,395434,0,7614,0,STAND/UNKNOWN/#0/LOW_FORCE/REST/act=0/mav=6782/base=435495/th=56455
1778760572.728,10345,-43,394639,0,7614,0,STAND/UNKNOWN/#0/LOW_FORCE/REST/act=0/mav=6782/base=435495/th=56455
1778760572.728,10346,-43,395088,0,7614,0,STAND/UNKNOWN/#0/LOW_FORCE/REST/act=0/mav=6782/base=435495/th=56455
1778760572.728,10347,-43,394713,0,7614,0,STAND/UNKNOWN/#0/LOW_FORCE/REST/act=0/mav=6782/base=435495/th=56455
1778760572.797,10348,-43,395493,0,7614,0,STAND/UNKNOWN/#0/LOW_FORCE/REST/act=0/mav=6782/base=435495/th=56455
1778760572.798,10349,-43,396346,0,7614,0,STAND/UNKNOWN/#0/LOW_FORCE/REST/act=0/mav=6782/base=435495/th=56455
1778760572.798,10350,-43,396368,0,7614,0,STAND/UNKNOWN/#0/LOW_FORCE/REST/act=0/mav=6782/base=435495/th=56455
1778760572.798,10351,-43,395729,0,7614,0,STAND/UNKNOWN/#0/LOW_FORCE/REST/act=0/mav=6782/base=435495/th=56455
1778760572.880,10352,-43,395462,0,7910,0,STAND/UNKNOWN/#0/LOW_FORCE/REST/act=0/mav=7077/base=435495/th=56455
1778760572.881,10353,-43,395095,0,7910,0,STAND/UNKNOWN/#0/LOW_FORCE/REST/act=0/mav=7077/base=435495/th=56455
1778760572.881,10354,-43,394595,0,7910,0,STAND/UNKNOWN/#0/LOW_FORCE/REST/act=0/mav=7077/base=435495/th=56455
1778760572.881,10355,-43,395455,0,7910,0,STAND/UNKNOWN/#0/LOW_FORCE/REST/act=0/mav=7077/base=435495/th=56455
1778760572.962,10356,-43,395648,0,7910,0,STAND/UNKNOWN/#0/LOW_FORCE/REST/act=0/mav=7077/base=435495/th=56455
1778760572.962,10357,-43,396004,0,7910,0,STAND/UNKNOWN/#0/LOW_FORCE/REST/act=0/mav=7077/base=435495/th=56455
1778760572.962,10358,-43,396779,0,7910,0,STAND/UNKNOWN/#0/LOW_FORCE/REST/act=0/mav=7077/base=435495/th=56455
1778760572.963,10359,-43,397218,0,7910,0,STAND/UNKNOWN/#0/LOW_FORCE/REST/act=0/mav=7077/base=435495/th=56455
1778760573.025,10360,-43,397143,0,7910,0,STAND/UNKNOWN/#0/LOW_FORCE/REST/act=0/mav=7077/base=435495/th=56455
1778760573.026,10361,-43,398153,0,7910,0,STAND/UNKNOWN/#0/LOW_FORCE/REST/act=0/mav=7077/base=435495/th=56455
1778760573.026,10362,-43,400233,0,7910,0,STAND/UNKNOWN/#0/LOW_FORCE/REST/act=0/mav=7077/base=435495/th=56455
1778760573.095,10363,-43,405821,0,7910,0,STAND/UNKNOWN/#0/LOW_FORCE/REST/act=0/mav=7077/base=435495/th=56455
1778760573.095,10364,-43,406213,0,8491,0,STAND/UNKNOWN/#0/LOW_FORCE/REST/act=0/mav=7391/base=435495/th=56455
1778760573.095,10365,-43,404976,0,8491,0,STAND/UNKNOWN/#0/LOW_FORCE/REST/act=0/mav=7391/base=435495/th=56455
1778760573.095,10366,-43,403852,0,8491,0,STAND/UNKNOWN/#0/LOW_FORCE/REST/act=0/mav=7391/base=435495/th=56455
1778760573.158,10367,-43,403701,0,8491,0,STAND/UNKNOWN/#0/LOW_FORCE/REST/act=0/mav=7391/base=435495/th=56455
1778760573.158,10368,-43,402782,0,8491,0,STAND/UNKNOWN/#0/LOW_FORCE/REST/act=0/mav=7391/base=435495/th=56455
1778760573.158,10369,-43,401448,0,8491,0,STAND/UNKNOWN/#0/LOW_FORCE/REST/act=0/mav=7391/base=435495/th=56455
1778760573.221,10370,-43,400334,0,8491,0,STAND/UNKNOWN/#0/LOW_FORCE/REST/act=0/mav=7391/base=435495/th=56455
1778760573.222,10371,-43,399707,0,8491,0,STAND/UNKNOWN/#0/LOW_FORCE/REST/act=0/mav=7391/base=435495/th=56455
1778760573.222,10372,-43,398896,0,8491,0,STAND/UNKNOWN/#0/LOW_FORCE/REST/act=0/mav=7391/base=435495/th=56455
1778760573.282,10373,-43,398611,0,8491,0,STAND/UNKNOWN/#0/LOW_FORCE/REST/act=0/mav=7391/base=435495/th=56455
1778760573.282,10374,-43,398447,0,8491,0,STAND/UNKNOWN/#0/LOW_FORCE/REST/act=0/mav=7391/base=435495/th=56455
1778760573.282,10375,-43,398402,0,8491,0,STAND/UNKNOWN/#0/LOW_FORCE/REST/act=0/mav=7391/base=435495/th=56455
1778760573.341,10376,-43,398898,0,8491,0,STAND/UNKNOWN/#0/LOW_FORCE/REST/act=0/mav=7391/base=435495/th=56455
1778760573.341,10377,-43,399004,0,8727,0,STAND/UNKNOWN/#0/LOW_FORCE/REST/act=0/mav=7346/base=435495/th=56455
1778760573.341,10378,-43,397972,0,8727,0,STAND/UNKNOWN/#0/LOW_FORCE/REST/act=0/mav=7346/base=435495/th=56455
1778760573.406,10379,-43,397677,0,8727,0,STAND/UNKNOWN/#0/LOW_FORCE/REST/act=0/mav=7346/base=435495/th=56455
1778760573.406,10380,-43,397211,0,8727,0,STAND/UNKNOWN/#0/LOW_FORCE/REST/act=0/mav=7346/base=435495/th=56455
1778760573.406,10381,-43,396586,0,8727,0,STAND/UNKNOWN/#0/LOW_FORCE/REST/act=0/mav=7346/base=435495/th=56455
1778760573.471,10382,-43,396659,0,8727,0,STAND/UNKNOWN/#0/LOW_FORCE/REST/act=0/mav=7346/base=435495/th=56455
1778760573.474,10383,-43,396597,0,8727,0,STAND/UNKNOWN/#0/LOW_FORCE/REST/act=0/mav=7346/base=435495/th=56455
1778760573.474,10384,-43,396639,0,8727,0,STAND/UNKNOWN/#0/LOW_FORCE/REST/act=0/mav=7346/base=435495/th=56455
1778760573.475,10385,-43,397416,0,8727,0,STAND/UNKNOWN/#0/LOW_FORCE/REST/act=0/mav=7346/base=435495/th=56455
1778760573.540,10386,-43,397421,0,8727,0,STAND/UNKNOWN/#0/LOW_FORCE/REST/act=0/mav=7346/base=435495/th=56455
1778760573.540,10387,-43,396689,0,8727,0,STAND/UNKNOWN/#0/LOW_FORCE/REST/act=0/mav=7346/base=435495/th=56455
1778760573.540,10388,-43,396292,0,8727,0,STAND/UNKNOWN/#0/LOW_FORCE/REST/act=0/mav=7346/base=435495/th=56455
1778760573.614,10389,-43,395980,0,8727,0,STAND/UNKNOWN/#0/LOW_FORCE/REST/act=0/mav=7346/base=435495/th=56455
1778760573.615,10390,-43,395606,0,8601,0,STAND/UNKNOWN/#0/LOW_FORCE/REST/act=0/mav=7535/base=435495/th=56455
1778760573.615,10391,-43,395554,0,8601,0,STAND/UNKNOWN/#0/LOW_FORCE/REST/act=0/mav=7535/base=435495/th=56455
1778760573.615,10392,-43,395506,0,8601,0,STAND/UNKNOWN/#0/LOW_FORCE/REST/act=0/mav=7535/base=435495/th=56455
1778760573.680,10393,-43,395911,0,8601,0,STAND/UNKNOWN/#0/LOW_FORCE/REST/act=0/mav=7535/base=435495/th=56455
1778760573.680,10394,-43,396588,0,8601,0,STAND/UNKNOWN/#0/LOW_FORCE/REST/act=0/mav=7535/base=435495/th=56455
1778760573.680,10395,-43,396726,0,8601,0,STAND/UNKNOWN/#0/LOW_FORCE/REST/act=0/mav=7535/base=435495/th=56455
1778760573.752,10396,-43,396169,0,8601,0,STAND/UNKNOWN/#0/LOW_FORCE/REST/act=0/mav=7535/base=435495/th=56455
1778760573.752,10397,-43,395443,0,8601,0,STAND/UNKNOWN/#0/LOW_FORCE/REST/act=0/mav=7535/base=435495/th=56455
1778760573.752,10398,-43,395499,0,8601,0,STAND/UNKNOWN/#0/LOW_FORCE/REST/act=0/mav=7535/base=435495/th=56455
1778760573.752,10399,-43,395161,0,8601,0,STAND/UNKNOWN/#0/LOW_FORCE/REST/act=0/mav=7535/base=435495/th=56455
1778760573.819,10400,-43,395108,0,8601,0,STAND/UNKNOWN/#0/LOW_FORCE/REST/act=0/mav=7535/base=435495/th=56455
1778760573.819,10401,-43,395176,0,8601,0,STAND/UNKNOWN/#0/LOW_FORCE/REST/act=0/mav=7535/base=435495/th=56455
1778760573.819,10402,-43,395706,0,8601,0,STAND/UNKNOWN/#0/LOW_FORCE/REST/act=0/mav=7535/base=435495/th=56455
1778760573.887,10403,-43,396608,0,8661,0,STAND/UNKNOWN/#0/LOW_FORCE/REST/act=0/mav=7913/base=435495/th=56455
1778760573.887,10404,-43,396656,0,8661,0,STAND/UNKNOWN/#0/LOW_FORCE/REST/act=0/mav=7913/base=435495/th=56455
1778760573.887,10405,-43,395946,0,8661,0,STAND/UNKNOWN/#0/LOW_FORCE/REST/act=0/mav=7913/base=435495/th=56455
1778760573.957,10406,-43,395455,0,8661,0,STAND/UNKNOWN/#0/LOW_FORCE/REST/act=0/mav=7913/base=435495/th=56455
1778760573.957,10407,-43,395190,0,8661,0,STAND/UNKNOWN/#0/LOW_FORCE/REST/act=0/mav=7913/base=435495/th=56455
1778760573.957,10408,-43,395048,0,8661,0,STAND/UNKNOWN/#0/LOW_FORCE/REST/act=0/mav=7913/base=435495/th=56455
1778760573.957,10409,-43,395362,0,8661,0,STAND/UNKNOWN/#0/LOW_FORCE/REST/act=0/mav=7913/base=435495/th=56455
1778760574.027,10410,-43,395534,0,8661,0,STAND/UNKNOWN/#0/LOW_FORCE/REST/act=0/mav=7913/base=435495/th=56455
1778760574.028,10411,-43,396099,0,8661,0,STAND/UNKNOWN/#0/LOW_FORCE/REST/act=0/mav=7913/base=435495/th=56455
1778760574.028,10412,-43,397273,0,8661,0,STAND/UNKNOWN/#0/LOW_FORCE/REST/act=0/mav=7913/base=435495/th=56455
1778760574.092,10413,-43,397327,0,8661,0,STAND/UNKNOWN/#0/LOW_FORCE/REST/act=0/mav=7913/base=435495/th=56455
1778760574.092,10414,-43,397144,0,8661,0,STAND/UNKNOWN/#0/LOW_FORCE/REST/act=0/mav=7913/base=435495/th=56455
1778760574.092,10415,-43,396894,0,8661,0,STAND/UNKNOWN/#0/LOW_FORCE/REST/act=0/mav=7913/base=435495/th=56455
1778760574.092,10416,-43,396738,0,8751,0,STAND/UNKNOWN/#0/LOW_FORCE/REST/act=0/mav=7952/base=435495/th=56455
1778760574.151,10417,-43,396495,0,8751,0,STAND/UNKNOWN/#0/LOW_FORCE/REST/act=0/mav=7952/base=435495/th=56455
1778760574.151,10418,-43,396308,0,8751,0,STAND/UNKNOWN/#0/LOW_FORCE/REST/act=0/mav=7952/base=435495/th=56455
1778760574.151,10419,-43,396570,0,8751,0,STAND/UNKNOWN/#0/LOW_FORCE/REST/act=0/mav=7952/base=435495/th=56455
1778760574.216,10420,-43,396959,0,8751,0,STAND/UNKNOWN/#0/LOW_FORCE/REST/act=0/mav=7952/base=435495/th=56455
1778760574.216,10421,-43,398087,0,8751,0,STAND/UNKNOWN/#0/LOW_FORCE/REST/act=0/mav=7952/base=435495/th=56455
1778760574.216,10422,-43,398311,0,8751,0,STAND/UNKNOWN/#0/LOW_FORCE/REST/act=0/mav=7952/base=435495/th=56455
1778760574.287,10423,-43,397738,0,8751,0,STAND/UNKNOWN/#0/LOW_FORCE/REST/act=0/mav=7952/base=435495/th=56455
1778760574.287,10424,-43,397117,0,8751,0,STAND/UNKNOWN/#0/LOW_FORCE/REST/act=0/mav=7952/base=435495/th=56455
1778760574.287,10425,-43,397376,0,8751,0,STAND/UNKNOWN/#0/LOW_FORCE/REST/act=0/mav=7952/base=435495/th=56455
1778760574.369,10426,-43,397261,0,8751,0,STAND/UNKNOWN/#0/LOW_FORCE/REST/act=0/mav=7952/base=435495/th=56455
1778760574.369,10427,-43,397283,0,8751,0,STAND/UNKNOWN/#0/LOW_FORCE/REST/act=0/mav=7952/base=435495/th=56455
1778760574.369,10428,-43,397464,0,8984,0,STAND/UNKNOWN/#0/LOW_FORCE/REST/act=0/mav=8070/base=435495/th=56455
1778760574.369,10429,-43,397716,0,8984,0,STAND/UNKNOWN/#0/LOW_FORCE/REST/act=0/mav=8070/base=435495/th=56455
1778760574.432,10430,-43,398782,0,8984,0,STAND/UNKNOWN/#0/LOW_FORCE/REST/act=0/mav=8070/base=435495/th=56455
1778760574.432,10431,-43,399089,0,8984,0,STAND/UNKNOWN/#0/LOW_FORCE/REST/act=0/mav=8070/base=435495/th=56455
1778760574.433,10432,-43,398621,0,8984,0,STAND/UNKNOWN/#0/LOW_FORCE/REST/act=0/mav=8070/base=435495/th=56455
1778760574.433,10433,-43,398219,0,8984,0,STAND/UNKNOWN/#0/LOW_FORCE/REST/act=0/mav=8070/base=435495/th=56455
1778760574.489,10434,-43,398140,0,8984,0,STAND/UNKNOWN/#0/LOW_FORCE/REST/act=0/mav=8070/base=435495/th=56455
1778760574.489,10435,-43,397856,0,8984,0,STAND/UNKNOWN/#0/LOW_FORCE/REST/act=0/mav=8070/base=435495/th=56455
1778760574.572,10436,-43,398198,0,8984,0,STAND/UNKNOWN/#0/LOW_FORCE/REST/act=0/mav=8070/base=435495/th=56455
1778760574.572,10437,-43,398240,0,8984,0,STAND/UNKNOWN/#0/LOW_FORCE/REST/act=0/mav=8070/base=435495/th=56455
1778760574.572,10438,-43,398729,0,8984,0,STAND/UNKNOWN/#0/LOW_FORCE/REST/act=0/mav=8070/base=435495/th=56455
1778760574.572,10439,-43,400158,0,8984,0,STAND/UNKNOWN/#0/LOW_FORCE/REST/act=0/mav=8070/base=435495/th=56455
1778760574.573,10440,-43,400271,0,8984,0,STAND/UNKNOWN/#0/LOW_FORCE/REST/act=0/mav=8070/base=435495/th=56455
1778760574.652,10441,-43,399484,0,9225,0,STAND/UNKNOWN/#0/LOW_FORCE/REST/act=0/mav=8213/base=435495/th=56455
1778760574.652,10442,-43,399129,0,9225,0,STAND/UNKNOWN/#0/LOW_FORCE/REST/act=0/mav=8213/base=435495/th=56455
1778760574.652,10443,-43,399393,0,9225,0,STAND/UNKNOWN/#0/LOW_FORCE/REST/act=0/mav=8213/base=435495/th=56455
1778760574.652,10444,-43,399441,0,9225,0,STAND/UNKNOWN/#0/LOW_FORCE/REST/act=0/mav=8213/base=435495/th=56455
1778760574.716,10445,-43,399658,0,9225,0,STAND/UNKNOWN/#0/LOW_FORCE/REST/act=0/mav=8213/base=435495/th=56455
1778760574.716,10446,-43,400074,0,9225,0,STAND/UNKNOWN/#0/LOW_FORCE/REST/act=0/mav=8213/base=435495/th=56455
1778760574.780,10447,-43,400865,0,9225,0,STAND/UNKNOWN/#0/LOW_FORCE/REST/act=0/mav=8213/base=435495/th=56455
1778760574.780,10448,-43,402297,0,9225,0,STAND/UNKNOWN/#0/LOW_FORCE/REST/act=0/mav=8213/base=435495/th=56455
1778760574.780,10449,-43,403058,0,9225,0,STAND/UNKNOWN/#0/LOW_FORCE/REST/act=0/mav=8213/base=435495/th=56455
1778760574.780,10450,-43,402368,0,9225,0,STAND/UNKNOWN/#0/LOW_FORCE/REST/act=0/mav=8213/base=435495/th=56455
1778760574.867,10451,-43,401835,0,9225,0,STAND/UNKNOWN/#0/LOW_FORCE/REST/act=0/mav=8213/base=435495/th=56455
1778760574.867,10452,-43,401974,0,9225,0,STAND/UNKNOWN/#0/LOW_FORCE/REST/act=0/mav=8213/base=435495/th=56455
1778760574.868,10453,-43,401404,0,9225,0,STAND/UNKNOWN/#0/LOW_FORCE/REST/act=0/mav=8213/base=435495/th=56455
1778760574.868,10454,-43,401956,0,9548,0,STAND/UNKNOWN/#0/LOW_FORCE/REST/act=0/mav=8309/base=435495/th=56455
1778760574.969,10455,-43,402046,0,9548,0,STAND/UNKNOWN/#0/LOW_FORCE/REST/act=0/mav=8309/base=435495/th=56455
1778760574.970,10456,-43,402127,0,9548,0,STAND/UNKNOWN/#0/LOW_FORCE/REST/act=0/mav=8309/base=435495/th=56455
1778760574.970,10457,-43,402865,0,9548,0,STAND/UNKNOWN/#0/LOW_FORCE/REST/act=0/mav=8309/base=435495/th=56455
1778760574.970,10458,-43,402884,0,9548,0,STAND/UNKNOWN/#0/LOW_FORCE/REST/act=0/mav=8309/base=435495/th=56455
1778760574.970,10459,-43,402240,0,9548,0,STAND/UNKNOWN/#0/LOW_FORCE/REST/act=0/mav=8309/base=435495/th=56455
1778760575.033,10460,-43,401636,0,9548,0,STAND/UNKNOWN/#0/LOW_FORCE/REST/act=0/mav=8309/base=435495/th=56455
1778760575.033,10461,-43,401686,0,9548,0,STAND/UNKNOWN/#0/LOW_FORCE/REST/act=0/mav=8309/base=435495/th=56455
1778760575.033,10462,-43,401269,0,9548,0,STAND/UNKNOWN/#0/LOW_FORCE/REST/act=0/mav=8309/base=435495/th=56455
1778760575.033,10463,-43,401318,0,9548,0,STAND/UNKNOWN/#0/LOW_FORCE/REST/act=0/mav=8309/base=435495/th=56455
1778760575.097,10464,-43,401211,0,9548,0,STAND/UNKNOWN/#0/LOW_FORCE/REST/act=0/mav=8309/base=435495/th=56455
1778760575.098,10465,-43,401916,0,9548,0,STAND/UNKNOWN/#0/LOW_FORCE/REST/act=0/mav=8309/base=435495/th=56455
1778760575.098,10466,-43,402881,0,9548,0,STAND/UNKNOWN/#0/LOW_FORCE/REST/act=0/mav=8309/base=435495/th=56455
1778760575.161,10467,-43,402953,0,9890,0,STAND/UNKNOWN/#0/LOW_FORCE/REST/act=0/mav=8619/base=435495/th=56455
1778760575.162,10468,-43,402379,0,9890,0,STAND/UNKNOWN/#0/LOW_FORCE/REST/act=0/mav=8619/base=435495/th=56455
1778760575.162,10469,-43,401997,0,9890,0,STAND/UNKNOWN/#0/LOW_FORCE/REST/act=0/mav=8619/base=435495/th=56455
1778760575.225,10470,-43,401921,0,9890,0,STAND/UNKNOWN/#0/LOW_FORCE/REST/act=0/mav=8619/base=435495/th=56455
1778760575.225,10471,-43,401312,0,9890,0,STAND/UNKNOWN/#0/LOW_FORCE/REST/act=0/mav=8619/base=435495/th=56455
1778760575.225,10472,-43,401185,0,9890,0,STAND/UNKNOWN/#0/LOW_FORCE/REST/act=0/mav=8619/base=435495/th=56455
1778760575.294,10473,-43,400989,0,9890,0,STAND/UNKNOWN/#0/LOW_FORCE/REST/act=0/mav=8619/base=435495/th=56455
1778760575.294,10474,-43,401806,0,9890,0,STAND/UNKNOWN/#0/LOW_FORCE/REST/act=0/mav=8619/base=435495/th=56455
1778760575.294,10475,-43,402813,0,9890,0,STAND/UNKNOWN/#0/LOW_FORCE/REST/act=0/mav=8619/base=435495/th=56455
1778760575.294,10476,-43,402821,0,9890,0,STAND/UNKNOWN/#0/LOW_FORCE/REST/act=0/mav=8619/base=435495/th=56455
1778760575.360,10477,-43,402272,0,9890,0,STAND/UNKNOWN/#0/LOW_FORCE/REST/act=0/mav=8619/base=435495/th=56455
1778760575.360,10478,-43,401998,0,9890,0,STAND/UNKNOWN/#0/LOW_FORCE/REST/act=0/mav=8619/base=435495/th=56455
1778760575.361,10479,-43,401704,0,9890,0,STAND/UNKNOWN/#0/LOW_FORCE/REST/act=0/mav=8619/base=435495/th=56455
1778760575.423,10480,-43,401246,0,10071,0,STAND/UNKNOWN/#0/LOW_FORCE/REST/act=0/mav=9021/base=435495/th=56455
1778760575.423,10481,-43,401281,0,10071,0,STAND/UNKNOWN/#0/LOW_FORCE/REST/act=0/mav=9021/base=435495/th=56455
1778760575.423,10482,-43,401769,0,10071,0,STAND/UNKNOWN/#0/LOW_FORCE/REST/act=0/mav=9021/base=435495/th=56455
1778760575.483,10483,-43,402685,0,10071,0,STAND/UNKNOWN/#0/LOW_FORCE/REST/act=0/mav=9021/base=435495/th=56455
1778760575.484,10484,-43,402851,0,10071,0,STAND/UNKNOWN/#0/LOW_FORCE/REST/act=0/mav=9021/base=435495/th=56455
1778760575.484,10485,-43,402208,0,10071,0,STAND/UNKNOWN/#0/LOW_FORCE/REST/act=0/mav=9021/base=435495/th=56455
1778760575.546,10486,-43,401751,0,10071,0,STAND/UNKNOWN/#0/LOW_FORCE/REST/act=0/mav=9021/base=435495/th=56455
1778760575.546,10487,-43,401569,0,10071,0,STAND/UNKNOWN/#0/LOW_FORCE/REST/act=0/mav=9021/base=435495/th=56455
1778760575.546,10488,-43,401451,0,10071,0,STAND/UNKNOWN/#0/LOW_FORCE/REST/act=0/mav=9021/base=435495/th=56455
1778760575.613,10489,-43,401587,0,10071,0,STAND/UNKNOWN/#0/LOW_FORCE/REST/act=0/mav=9021/base=435495/th=56455
1778760575.613,10490,-43,402201,0,10071,0,STAND/UNKNOWN/#0/LOW_FORCE/REST/act=0/mav=9021/base=435495/th=56455
1778760575.613,10491,-43,402907,0,10071,0,STAND/UNKNOWN/#0/LOW_FORCE/REST/act=0/mav=9021/base=435495/th=56455
1778760575.690,10492,-43,403069,0,10301,0,STAND/UNKNOWN/#0/LOW_FORCE/REST/act=0/mav=9351/base=435495/th=56455
1778760575.690,10493,-43,402503,0,10301,0,STAND/UNKNOWN/#0/LOW_FORCE/REST/act=0/mav=9351/base=435495/th=56455
1778760575.690,10494,-43,401880,0,10301,0,STAND/UNKNOWN/#0/LOW_FORCE/REST/act=0/mav=9351/base=435495/th=56455
1778760575.690,10495,-43,401716,0,10301,0,STAND/UNKNOWN/#0/LOW_FORCE/REST/act=0/mav=9351/base=435495/th=56455
1778760575.755,10496,-43,401304,0,10301,0,STAND/UNKNOWN/#0/LOW_FORCE/REST/act=0/mav=9351/base=435495/th=56455
1778760575.755,10497,-43,401179,0,10301,0,STAND/UNKNOWN/#0/LOW_FORCE/REST/act=0/mav=9351/base=435495/th=56455
1778760575.755,10498,-43,401893,0,10301,0,STAND/UNKNOWN/#0/LOW_FORCE/REST/act=0/mav=9351/base=435495/th=56455
1778760575.755,10499,-43,402829,0,10301,0,STAND/UNKNOWN/#0/LOW_FORCE/REST/act=0/mav=9351/base=435495/th=56455
1778760575.818,10500,-43,402993,0,10301,0,STAND/UNKNOWN/#0/LOW_FORCE/REST/act=0/mav=9351/base=435495/th=56455
1778760575.818,10501,-43,402192,0,10301,0,STAND/UNKNOWN/#0/LOW_FORCE/REST/act=0/mav=9351/base=435495/th=56455
1778760575.819,10502,-43,402039,0,10301,0,STAND/UNKNOWN/#0/LOW_FORCE/REST/act=0/mav=9351/base=435495/th=56455
1778760575.889,10503,-43,401901,0,10301,0,STAND/UNKNOWN/#0/LOW_FORCE/REST/act=0/mav=9351/base=435495/th=56455
1778760575.889,10504,-43,401450,0,10301,0,STAND/UNKNOWN/#0/LOW_FORCE/REST/act=0/mav=9351/base=435495/th=56455
1778760575.889,10505,-43,401468,0,10384,0,STAND/UNKNOWN/#0/LOW_FORCE/REST/act=0/mav=9462/base=435495/th=56455
1778760575.951,10506,-43,402106,0,10384,0,STAND/UNKNOWN/#0/LOW_FORCE/REST/act=0/mav=9462/base=435495/th=56455
1778760575.951,10507,-43,402943,0,10384,0,STAND/UNKNOWN/#0/LOW_FORCE/REST/act=0/mav=9462/base=435495/th=56455
1778760575.951,10508,-43,403003,0,10384,0,STAND/UNKNOWN/#0/LOW_FORCE/REST/act=0/mav=9462/base=435495/th=56455
1778760575.951,10509,-43,402307,0,10384,0,STAND/UNKNOWN/#0/LOW_FORCE/REST/act=0/mav=9462/base=435495/th=56455
1778760576.011,10510,-43,402127,0,10384,0,STAND/UNKNOWN/#0/LOW_FORCE/REST/act=0/mav=9462/base=435495/th=56455
1778760576.012,10511,-43,401917,0,10384,0,STAND/UNKNOWN/#0/LOW_FORCE/REST/act=0/mav=9462/base=435495/th=56455
1778760576.012,10512,-43,401489,0,10384,0,STAND/UNKNOWN/#0/LOW_FORCE/REST/act=0/mav=9462/base=435495/th=56455
1778760576.071,10513,-43,401564,0,10384,0,STAND/UNKNOWN/#0/LOW_FORCE/REST/act=0/mav=9462/base=435495/th=56455
1778760576.071,10514,-43,402210,0,10384,0,STAND/UNKNOWN/#0/LOW_FORCE/REST/act=0/mav=9462/base=435495/th=56455
1778760576.071,10515,-43,403376,0,10384,0,STAND/UNKNOWN/#0/LOW_FORCE/REST/act=0/mav=9462/base=435495/th=56455
1778760576.135,10516,-43,403566,0,10384,0,STAND/UNKNOWN/#0/LOW_FORCE/REST/act=0/mav=9462/base=435495/th=56455
1778760576.135,10517,-43,402897,0,10384,0,STAND/UNKNOWN/#0/LOW_FORCE/REST/act=0/mav=9462/base=435495/th=56455
1778760576.135,10518,-43,402306,0,10291,0,STAND/UNKNOWN/#0/LOW_FORCE/REST/act=0/mav=9316/base=435495/th=56455
1778760576.200,10519,-43,402323,0,10291,0,STAND/UNKNOWN/#0/LOW_FORCE/REST/act=0/mav=9316/base=435495/th=56455
1778760576.200,10520,-43,401780,0,10291,0,STAND/UNKNOWN/#0/LOW_FORCE/REST/act=0/mav=9316/base=435495/th=56455
1778760576.201,10521,-43,401790,0,10291,0,STAND/UNKNOWN/#0/LOW_FORCE/REST/act=0/mav=9316/base=435495/th=56455
1778760576.266,10522,-43,402646,0,10291,0,STAND/UNKNOWN/#0/LOW_FORCE/REST/act=0/mav=9316/base=435495/th=56455
1778760576.266,10523,-43,403363,0,10291,0,STAND/UNKNOWN/#0/LOW_FORCE/REST/act=0/mav=9316/base=435495/th=56455
1778760576.266,10524,-43,403685,0,10291,0,STAND/UNKNOWN/#0/LOW_FORCE/REST/act=0/mav=9316/base=435495/th=56455
1778760576.331,10525,-43,402872,0,10291,0,STAND/UNKNOWN/#0/LOW_FORCE/REST/act=0/mav=9316/base=435495/th=56455
1778760576.332,10526,-43,402502,0,10291,0,STAND/UNKNOWN/#0/LOW_FORCE/REST/act=0/mav=9316/base=435495/th=56455
1778760576.332,10527,-43,402448,0,10291,0,STAND/UNKNOWN/#0/LOW_FORCE/REST/act=0/mav=9316/base=435495/th=56455
1778760576.332,10528,-43,402031,0,10291,0,STAND/UNKNOWN/#0/LOW_FORCE/REST/act=0/mav=9316/base=435495/th=56455
1778760576.395,10529,-43,402116,0,10291,0,STAND/UNKNOWN/#0/LOW_FORCE/REST/act=0/mav=9316/base=435495/th=56455
1778760576.395,10530,-43,402521,0,10291,0,STAND/UNKNOWN/#0/LOW_FORCE/REST/act=0/mav=9316/base=435495/th=56455
1778760576.395,10531,-43,403486,0,10372,0,STAND/UNKNOWN/#0/LOW_FORCE/REST/act=0/mav=9402/base=435495/th=56455
1778760576.466,10532,-43,403399,0,10372,0,STAND/UNKNOWN/#0/LOW_FORCE/REST/act=0/mav=9402/base=435495/th=56455
1778760576.466,10533,-43,402818,0,10372,0,STAND/UNKNOWN/#0/LOW_FORCE/REST/act=0/mav=9402/base=435495/th=56455
1778760576.466,10534,-43,402319,0,10372,0,STAND/UNKNOWN/#0/LOW_FORCE/REST/act=0/mav=9402/base=435495/th=56455
1778760576.525,10535,-43,402579,0,10372,0,STAND/UNKNOWN/#0/LOW_FORCE/REST/act=0/mav=9402/base=435495/th=56455
1778760576.525,10536,-43,402073,0,10372,0,STAND/UNKNOWN/#0/LOW_FORCE/REST/act=0/mav=9402/base=435495/th=56455
1778760576.525,10537,-43,401924,0,10372,0,STAND/UNKNOWN/#0/LOW_FORCE/REST/act=0/mav=9402/base=435495/th=56455
1778760576.586,10538,-43,402565,0,10372,0,STAND/UNKNOWN/#0/LOW_FORCE/REST/act=0/mav=9402/base=435495/th=56455
1778760576.586,10539,-43,403380,0,10372,0,STAND/UNKNOWN/#0/LOW_FORCE/REST/act=0/mav=9402/base=435495/th=56455
1778760576.587,10540,-43,403924,0,10372,0,STAND/UNKNOWN/#0/LOW_FORCE/REST/act=0/mav=9402/base=435495/th=56455
1778760576.647,10541,-43,403487,0,10372,0,STAND/UNKNOWN/#0/LOW_FORCE/REST/act=0/mav=9402/base=435495/th=56455
1778760576.647,10542,-43,402861,0,10372,0,STAND/UNKNOWN/#0/LOW_FORCE/REST/act=0/mav=9402/base=435495/th=56455
1778760576.647,10543,-43,402691,0,10372,0,STAND/UNKNOWN/#0/LOW_FORCE/REST/act=0/mav=9402/base=435495/th=56455
1778760576.705,10544,-43,402409,0,10571,0,STAND/UNKNOWN/#0/LOW_FORCE/REST/act=0/mav=9641/base=435495/th=56455
1778760576.705,10545,-43,402557,0,10571,0,STAND/UNKNOWN/#0/LOW_FORCE/REST/act=0/mav=9641/base=435495/th=56455
1778760576.705,10546,-43,403422,0,10571,0,STAND/UNKNOWN/#0/LOW_FORCE/REST/act=0/mav=9641/base=435495/th=56455
1778760576.764,10547,-43,404433,0,10571,0,STAND/UNKNOWN/#0/LOW_FORCE/REST/act=0/mav=9641/base=435495/th=56455
1778760576.765,10548,-43,404437,0,10571,0,STAND/UNKNOWN/#0/LOW_FORCE/REST/act=0/mav=9641/base=435495/th=56455
1778760576.765,10549,-43,404093,0,10571,0,STAND/UNKNOWN/#0/LOW_FORCE/REST/act=0/mav=9641/base=435495/th=56455
1778760576.824,10550,-43,403706,0,10571,0,STAND/UNKNOWN/#0/LOW_FORCE/REST/act=0/mav=9641/base=435495/th=56455
1778760576.824,10551,-43,403424,0,10571,0,STAND/UNKNOWN/#0/LOW_FORCE/REST/act=0/mav=9641/base=435495/th=56455
1778760576.825,10552,-43,403096,0,10571,0,STAND/UNKNOWN/#0/LOW_FORCE/REST/act=0/mav=9641/base=435495/th=56455
1778760576.886,10553,-43,403513,0,10571,0,STAND/UNKNOWN/#0/LOW_FORCE/REST/act=0/mav=9641/base=435495/th=56455
1778760576.887,10554,-43,404050,0,10571,0,STAND/UNKNOWN/#0/LOW_FORCE/REST/act=0/mav=9641/base=435495/th=56455
1778760576.887,10555,-43,405491,0,10571,0,STAND/UNKNOWN/#0/LOW_FORCE/REST/act=0/mav=9641/base=435495/th=56455
1778760576.943,10556,-43,405523,0,10792,0,STAND/UNKNOWN/#0/LOW_FORCE/REST/act=0/mav=9776/base=435495/th=56455
1778760576.943,10557,-43,405043,0,10792,0,STAND/UNKNOWN/#0/LOW_FORCE/REST/act=0/mav=9776/base=435495/th=56455
1778760576.943,10558,-43,404617,0,10792,0,STAND/UNKNOWN/#0/LOW_FORCE/REST/act=0/mav=9776/base=435495/th=56455
1778760577.007,10559,-43,404788,0,10792,0,STAND/UNKNOWN/#0/LOW_FORCE/REST/act=0/mav=9776/base=435495/th=56455
1778760577.007,10560,-43,404426,0,10792,0,STAND/UNKNOWN/#0/LOW_FORCE/REST/act=0/mav=9776/base=435495/th=56455
1778760577.007,10561,-43,404778,0,10792,0,STAND/UNKNOWN/#0/LOW_FORCE/REST/act=0/mav=9776/base=435495/th=56455
1778760577.072,10562,-43,405368,0,10792,0,STAND/UNKNOWN/#0/LOW_FORCE/REST/act=0/mav=9776/base=435495/th=56455
1778760577.073,10563,-43,406537,0,10792,0,STAND/UNKNOWN/#0/LOW_FORCE/REST/act=0/mav=9776/base=435495/th=56455
1778760577.073,10564,-43,406699,0,10792,0,STAND/UNKNOWN/#0/LOW_FORCE/REST/act=0/mav=9776/base=435495/th=56455
1778760577.073,10565,-43,406228,0,10792,0,STAND/UNKNOWN/#0/LOW_FORCE/REST/act=0/mav=9776/base=435495/th=56455
1778760577.129,10566,-43,406093,0,10792,0,STAND/UNKNOWN/#0/LOW_FORCE/REST/act=0/mav=9776/base=435495/th=56455
1778760577.129,10567,-43,406187,0,10792,0,STAND/UNKNOWN/#0/LOW_FORCE/REST/act=0/mav=9776/base=435495/th=56455
1778760577.196,10568,-43,405812,0,10792,0,STAND/UNKNOWN/#0/LOW_FORCE/REST/act=0/mav=9776/base=435495/th=56455
1778760577.196,10569,-43,406212,0,10911,0,STAND/UNKNOWN/#0/LOW_FORCE/REST/act=0/mav=9740/base=435495/th=56455
1778760577.196,10570,-43,406956,0,10911,0,STAND/UNKNOWN/#0/LOW_FORCE/REST/act=0/mav=9740/base=435495/th=56455
1778760577.196,10571,-43,408102,0,10911,0,STAND/UNKNOWN/#0/LOW_FORCE/REST/act=0/mav=9740/base=435495/th=56455
1778760577.255,10572,-43,408407,0,10911,0,STAND/UNKNOWN/#0/LOW_FORCE/REST/act=0/mav=9740/base=435495/th=56455
1778760577.255,10573,-43,408051,0,10911,0,STAND/UNKNOWN/#0/LOW_FORCE/REST/act=0/mav=9740/base=435495/th=56455
1778760577.333,10574,-43,407798,0,10911,0,STAND/UNKNOWN/#0/LOW_FORCE/REST/act=0/mav=9740/base=435495/th=56455
1778760577.333,10575,-43,408029,0,10911,0,STAND/UNKNOWN/#0/LOW_FORCE/REST/act=0/mav=9740/base=435495/th=56455
1778760577.333,10576,-43,407549,0,10911,0,STAND/UNKNOWN/#0/LOW_FORCE/REST/act=0/mav=9740/base=435495/th=56455
1778760577.333,10577,-43,407862,0,10911,0,STAND/UNKNOWN/#0/LOW_FORCE/REST/act=0/mav=9740/base=435495/th=56455
1778760577.333,10578,-43,408624,0,10911,0,STAND/UNKNOWN/#0/LOW_FORCE/REST/act=0/mav=9740/base=435495/th=56455
1778760577.410,10579,-43,409564,0,10911,0,STAND/UNKNOWN/#0/LOW_FORCE/REST/act=0/mav=9740/base=435495/th=56455
1778760577.411,10580,-43,409938,0,10911,0,STAND/UNKNOWN/#0/LOW_FORCE/REST/act=0/mav=9740/base=435495/th=56455
1778760577.411,10581,-43,409524,0,10911,0,STAND/UNKNOWN/#0/LOW_FORCE/REST/act=0/mav=9740/base=435495/th=56455
1778760577.411,10582,-43,409178,0,11198,0,STAND/UNKNOWN/#0/LOW_FORCE/REST/act=0/mav=9794/base=435495/th=56455
1778760577.489,10583,-43,409137,0,11198,0,STAND/UNKNOWN/#0/LOW_FORCE/REST/act=0/mav=9794/base=435495/th=56455
1778760577.489,10584,-43,409153,0,11198,0,STAND/UNKNOWN/#0/LOW_FORCE/REST/act=0/mav=9794/base=435495/th=56455
1778760577.489,10585,-43,409426,0,11198,0,STAND/UNKNOWN/#0/LOW_FORCE/REST/act=0/mav=9794/base=435495/th=56455
1778760577.550,10586,-43,409716,0,11198,0,STAND/UNKNOWN/#0/LOW_FORCE/REST/act=0/mav=9794/base=435495/th=56455
1778760577.550,10587,-43,410824,0,11198,0,STAND/UNKNOWN/#0/LOW_FORCE/REST/act=0/mav=9794/base=435495/th=56455
1778760577.550,10588,-43,411309,0,11198,0,STAND/UNKNOWN/#0/LOW_FORCE/REST/act=0/mav=9794/base=435495/th=56455
1778760577.608,10589,-43,410683,0,11198,0,STAND/UNKNOWN/#0/LOW_FORCE/REST/act=0/mav=9794/base=435495/th=56455
1778760577.608,10590,-43,410540,0,11198,0,STAND/UNKNOWN/#0/LOW_FORCE/REST/act=0/mav=9794/base=435495/th=56455
1778760577.608,10591,-43,410478,0,11198,0,STAND/UNKNOWN/#0/LOW_FORCE/REST/act=0/mav=9794/base=435495/th=56455
1778760577.665,10592,-43,410156,0,11198,0,STAND/UNKNOWN/#0/LOW_FORCE/REST/act=0/mav=9794/base=435495/th=56455
1778760577.666,10593,-43,410716,0,11198,0,STAND/UNKNOWN/#0/LOW_FORCE/REST/act=0/mav=9794/base=435495/th=56455
1778760577.666,10594,-43,411211,0,11198,0,STAND/UNKNOWN/#0/LOW_FORCE/REST/act=0/mav=9794/base=435495/th=56455
1778760577.720,10595,-43,412264,0,11555,0,STAND/UNKNOWN/#0/LOW_FORCE/REST/act=0/mav=10035/base=435495/th=56455
1778760577.720,10596,-43,412464,0,11555,0,STAND/UNKNOWN/#0/LOW_FORCE/REST/act=0/mav=10035/base=435495/th=56455
1778760577.720,10597,-43,411844,0,11555,0,STAND/UNKNOWN/#0/LOW_FORCE/REST/act=0/mav=10035/base=435495/th=56455
1778760577.790,10598,-43,411424,0,11555,0,STAND/UNKNOWN/#0/LOW_FORCE/REST/act=0/mav=10035/base=435495/th=56455
1778760577.790,10599,-43,411719,0,11555,0,STAND/UNKNOWN/#0/LOW_FORCE/REST/act=0/mav=10035/base=435495/th=56455
1778760577.790,10600,-43,411340,0,11555,0,STAND/UNKNOWN/#0/LOW_FORCE/REST/act=0/mav=10035/base=435495/th=56455
1778760577.790,10601,-43,411718,0,11555,0,STAND/UNKNOWN/#0/LOW_FORCE/REST/act=0/mav=10035/base=435495/th=56455
1778760577.869,10602,-43,412510,0,11555,0,STAND/UNKNOWN/#0/LOW_FORCE/REST/act=0/mav=10035/base=435495/th=56455
1778760577.869,10603,-43,413879,0,11555,0,STAND/UNKNOWN/#0/LOW_FORCE/REST/act=0/mav=10035/base=435495/th=56455
1778760577.869,10604,-43,413828,0,11555,0,STAND/UNKNOWN/#0/LOW_FORCE/REST/act=0/mav=10035/base=435495/th=56455
1778760577.939,10605,-43,413427,0,11555,0,STAND/UNKNOWN/#0/LOW_FORCE/REST/act=0/mav=10035/base=435495/th=56455
1778760577.939,10606,-43,413420,0,11555,0,STAND/UNKNOWN/#0/LOW_FORCE/REST/act=0/mav=10035/base=435495/th=56455
1778760577.939,10607,-43,413364,0,11555,0,STAND/UNKNOWN/#0/LOW_FORCE/REST/act=0/mav=10035/base=435495/th=56455
1778760577.939,10608,-43,413147,0,11762,0,STAND/UNKNOWN/#0/LOW_FORCE/REST/act=0/mav=10234/base=435495/th=56455
1778760578.002,10609,-43,413678,0,11762,0,STAND/UNKNOWN/#0/LOW_FORCE/REST/act=0/mav=10234/base=435495/th=56455
1778760578.002,10610,-43,414533,0,11762,0,STAND/UNKNOWN/#0/LOW_FORCE/REST/act=0/mav=10234/base=435495/th=56455
1778760578.002,10611,-43,415518,0,11762,0,STAND/UNKNOWN/#0/LOW_FORCE/REST/act=0/mav=10234/base=435495/th=56455
1778760578.075,10612,-43,415498,0,11762,0,STAND/UNKNOWN/#0/LOW_FORCE/REST/act=0/mav=10234/base=435495/th=56455
1778760578.075,10613,-43,414741,0,11762,0,STAND/UNKNOWN/#0/LOW_FORCE/REST/act=0/mav=10234/base=435495/th=56455
1778760578.075,10614,-43,414627,0,11762,0,STAND/UNKNOWN/#0/LOW_FORCE/REST/act=0/mav=10234/base=435495/th=56455
1778760578.075,10615,-43,415030,0,11762,0,STAND/UNKNOWN/#0/LOW_FORCE/REST/act=0/mav=10234/base=435495/th=56455
1778760578.149,10616,-43,414681,0,11762,0,STAND/UNKNOWN/#0/LOW_FORCE/REST/act=0/mav=10234/base=435495/th=56455
1778760578.149,10617,-43,414766,0,11762,0,STAND/UNKNOWN/#0/LOW_FORCE/REST/act=0/mav=10234/base=435495/th=56455
1778760578.150,10618,-43,415501,0,11762,0,STAND/UNKNOWN/#0/LOW_FORCE/REST/act=0/mav=10234/base=435495/th=56455
1778760578.219,10619,-43,416856,0,11762,0,STAND/UNKNOWN/#0/LOW_FORCE/REST/act=0/mav=10234/base=435495/th=56455
1778760578.219,10620,-43,417341,0,12007,0,STAND/UNKNOWN/#0/LOW_FORCE/REST/act=0/mav=10380/base=435495/th=56455
1778760578.219,10621,-43,416636,0,12007,0,STAND/UNKNOWN/#0/LOW_FORCE/REST/act=0/mav=10380/base=435495/th=56455
1778760578.219,10622,-43,416431,0,12007,0,STAND/UNKNOWN/#0/LOW_FORCE/REST/act=0/mav=10380/base=435495/th=56455
1778760578.289,10623,-43,416339,0,12007,0,STAND/UNKNOWN/#0/LOW_FORCE/REST/act=0/mav=10380/base=435495/th=56455
1778760578.289,10624,-43,416321,0,12007,0,STAND/UNKNOWN/#0/LOW_FORCE/REST/act=0/mav=10380/base=435495/th=56455
1778760578.289,10625,-43,416643,0,12007,0,STAND/UNKNOWN/#0/LOW_FORCE/REST/act=0/mav=10380/base=435495/th=56455
1778760578.374,10626,-43,417116,0,12007,0,STAND/UNKNOWN/#0/LOW_FORCE/REST/act=0/mav=10380/base=435495/th=56455
1778760578.374,10627,-43,418411,0,12007,0,STAND/UNKNOWN/#0/LOW_FORCE/REST/act=0/mav=10380/base=435495/th=56455
1778760578.374,10628,-43,418471,0,12007,0,STAND/UNKNOWN/#0/LOW_FORCE/REST/act=0/mav=10380/base=435495/th=56455
1778760578.374,10629,-43,418148,0,12007,0,STAND/UNKNOWN/#0/LOW_FORCE/REST/act=0/mav=10380/base=435495/th=56455
1778760578.374,10630,-43,417834,0,12007,0,STAND/UNKNOWN/#0/LOW_FORCE/REST/act=0/mav=10380/base=435495/th=56455
1778760578.454,10631,-43,417876,0,12007,0,STAND/UNKNOWN/#0/LOW_FORCE/REST/act=0/mav=10380/base=435495/th=56455
1778760578.454,10632,-43,417668,0,12007,0,STAND/UNKNOWN/#0/LOW_FORCE/REST/act=0/mav=10380/base=435495/th=56455
1778760578.454,10633,-43,417959,0,12078,0,STAND/UNKNOWN/#0/LOW_FORCE/REST/act=0/mav=10379/base=435495/th=56455
1778760578.454,10634,-43,418809,0,12078,0,STAND/UNKNOWN/#0/LOW_FORCE/REST/act=0/mav=10379/base=435495/th=56455
1778760578.537,10635,-43,419627,0,12078,0,STAND/UNKNOWN/#0/LOW_FORCE/REST/act=0/mav=10379/base=435495/th=56455
1778760578.537,10636,-43,419943,0,12078,0,STAND/UNKNOWN/#0/LOW_FORCE/REST/act=0/mav=10379/base=435495/th=56455
1778760578.537,10637,-43,419464,0,12078,0,STAND/UNKNOWN/#0/LOW_FORCE/REST/act=0/mav=10379/base=435495/th=56455
1778760578.537,10638,-43,419333,0,12078,0,STAND/UNKNOWN/#0/LOW_FORCE/REST/act=0/mav=10379/base=435495/th=56455
1778760578.619,10639,-43,419209,0,12078,0,STAND/UNKNOWN/#0/LOW_FORCE/REST/act=0/mav=10379/base=435495/th=56455
1778760578.619,10640,-43,418783,0,12078,0,STAND/UNKNOWN/#0/LOW_FORCE/REST/act=0/mav=10379/base=435495/th=56455
1778760578.619,10641,-43,418904,0,12078,0,STAND/UNKNOWN/#0/LOW_FORCE/REST/act=0/mav=10379/base=435495/th=56455
1778760578.619,10642,-43,419601,0,12078,0,STAND/UNKNOWN/#0/LOW_FORCE/REST/act=0/mav=10379/base=435495/th=56455
1778760578.699,10643,-43,420808,0,12078,0,STAND/UNKNOWN/#0/LOW_FORCE/REST/act=0/mav=10379/base=435495/th=56455
1778760578.700,10644,-43,420878,0,12078,0,STAND/UNKNOWN/#0/LOW_FORCE/REST/act=0/mav=10379/base=435495/th=56455
1778760578.700,10645,-43,420244,0,12078,0,STAND/UNKNOWN/#0/LOW_FORCE/REST/act=0/mav=10379/base=435495/th=56455
1778760578.700,10646,-43,419859,0,12259,0,STAND/UNKNOWN/#0/LOW_FORCE/REST/act=0/mav=10584/base=435495/th=56455
1778760578.783,10647,-43,419951,0,12259,0,STAND/UNKNOWN/#0/LOW_FORCE/REST/act=0/mav=10584/base=435495/th=56455
1778760578.783,10648,-43,419538,0,12259,0,STAND/UNKNOWN/#0/LOW_FORCE/REST/act=0/mav=10584/base=435495/th=56455
1778760578.783,10649,-43,419819,0,12259,0,STAND/UNKNOWN/#0/LOW_FORCE/REST/act=0/mav=10584/base=435495/th=56455
1778760578.783,10650,-43,420426,0,12259,0,STAND/UNKNOWN/#0/LOW_FORCE/REST/act=0/mav=10584/base=435495/th=56455
1778760578.857,10651,-43,421566,0,12259,0,STAND/UNKNOWN/#0/LOW_FORCE/REST/act=0/mav=10584/base=435495/th=56455
1778760578.857,10652,-43,421839,0,12259,0,STAND/UNKNOWN/#0/LOW_FORCE/REST/act=0/mav=10584/base=435495/th=56455
1778760578.857,10653,-43,421174,0,12259,0,STAND/UNKNOWN/#0/LOW_FORCE/REST/act=0/mav=10584/base=435495/th=56455
1778760578.857,10654,-43,420895,0,12259,0,STAND/UNKNOWN/#0/LOW_FORCE/REST/act=0/mav=10584/base=435495/th=56455
1778760578.935,10655,-43,420789,0,12259,0,STAND/UNKNOWN/#0/LOW_FORCE/REST/act=0/mav=10584/base=435495/th=56455
1778760578.935,10656,-43,420744,0,12259,0,STAND/UNKNOWN/#0/LOW_FORCE/REST/act=0/mav=10584/base=435495/th=56455
1778760578.936,10657,-43,420945,0,12259,0,STAND/UNKNOWN/#0/LOW_FORCE/REST/act=0/mav=10584/base=435495/th=56455
1778760578.936,10658,-43,421361,0,12259,0,STAND/UNKNOWN/#0/LOW_FORCE/REST/act=0/mav=10584/base=435495/th=56455
1778760579.032,10659,-43,422594,0,12527,0,STAND/UNKNOWN/#0/LOW_FORCE/REST/act=0/mav=10978/base=435495/th=56455
1778760579.032,10660,-43,422866,0,12527,0,STAND/UNKNOWN/#0/LOW_FORCE/REST/act=0/mav=10978/base=435495/th=56455
1778760579.033,10661,-43,422328,0,12527,0,STAND/UNKNOWN/#0/LOW_FORCE/REST/act=0/mav=10978/base=435495/th=56455
1778760579.115,10662,-43,421884,0,12527,0,STAND/UNKNOWN/#0/LOW_FORCE/REST/act=0/mav=10978/base=435495/th=56455
1778760579.116,10663,-43,421838,0,12527,0,STAND/UNKNOWN/#0/LOW_FORCE/REST/act=0/mav=10978/base=435495/th=56455
1778760579.116,10664,-43,421528,0,12527,0,STAND/UNKNOWN/#0/LOW_FORCE/REST/act=0/mav=10978/base=435495/th=56455
1778760579.116,10665,-43,421814,0,12527,0,STAND/UNKNOWN/#0/LOW_FORCE/REST/act=0/mav=10978/base=435495/th=56455
1778760579.201,10666,-43,422663,0,12527,0,STAND/UNKNOWN/#0/LOW_FORCE/REST/act=0/mav=10978/base=435495/th=56455
1778760579.201,10667,-43,423440,0,12527,0,STAND/UNKNOWN/#0/LOW_FORCE/REST/act=0/mav=10978/base=435495/th=56455
1778760579.202,10668,-43,423676,0,12527,0,STAND/UNKNOWN/#0/LOW_FORCE/REST/act=0/mav=10978/base=435495/th=56455
1778760579.202,10669,-43,423056,0,12527,0,STAND/UNKNOWN/#0/LOW_FORCE/REST/act=0/mav=10978/base=435495/th=56455
1778760579.202,10670,-43,422713,0,12527,0,STAND/UNKNOWN/#0/LOW_FORCE/REST/act=0/mav=10978/base=435495/th=56455
1778760579.202,10671,-43,422840,0,12527,0,STAND/UNKNOWN/#0/LOW_FORCE/REST/act=0/mav=10978/base=435495/th=56455
1778760579.282,10672,-43,422519,0,12636,0,STAND/UNKNOWN/#0/LOW_FORCE/REST/act=0/mav=11123/base=435495/th=56455
1778760579.282,10673,-43,422717,0,12636,0,STAND/UNKNOWN/#0/LOW_FORCE/REST/act=0/mav=11123/base=435495/th=56455
1778760579.282,10674,-43,423378,0,12636,0,STAND/UNKNOWN/#0/LOW_FORCE/REST/act=0/mav=11123/base=435495/th=56455
1778760579.282,10675,-43,424569,0,12636,0,STAND/UNKNOWN/#0/LOW_FORCE/REST/act=0/mav=11123/base=435495/th=56455
1778760579.374,10676,-43,424669,0,12636,0,STAND/UNKNOWN/#0/LOW_FORCE/REST/act=0/mav=11123/base=435495/th=56455
1778760579.374,10677,-43,424058,0,12636,0,STAND/UNKNOWN/#0/LOW_FORCE/REST/act=0/mav=11123/base=435495/th=56455
1778760579.374,10678,-43,423926,0,12636,0,STAND/UNKNOWN/#0/LOW_FORCE/REST/act=0/mav=11123/base=435495/th=56455
1778760579.375,10679,-43,423649,0,12636,0,STAND/UNKNOWN/#0/LOW_FORCE/REST/act=0/mav=11123/base=435495/th=56455
1778760579.375,10680,-43,423276,0,12636,0,STAND/UNKNOWN/#0/LOW_FORCE/REST/act=0/mav=11123/base=435495/th=56455
1778760579.458,10681,-43,423601,0,12636,0,STAND/UNKNOWN/#0/LOW_FORCE/REST/act=0/mav=11123/base=435495/th=56455
1778760579.459,10682,-43,424246,0,12636,0,STAND/UNKNOWN/#0/LOW_FORCE/REST/act=0/mav=11123/base=435495/th=56455
1778760579.459,10683,-43,425466,0,12636,0,STAND/UNKNOWN/#0/LOW_FORCE/REST/act=0/mav=11123/base=435495/th=56455
1778760579.459,10684,-43,425643,0,12832,0,STAND/UNKNOWN/#0/LOW_FORCE/REST/act=0/mav=11275/base=435495/th=56455
1778760579.537,10685,-43,425088,0,12832,0,STAND/UNKNOWN/#0/LOW_FORCE/REST/act=0/mav=11275/base=435495/th=56455
1778760579.537,10686,-43,424564,0,12832,0,STAND/UNKNOWN/#0/LOW_FORCE/REST/act=0/mav=11275/base=435495/th=56455
1778760579.538,10687,-43,424578,0,12832,0,STAND/UNKNOWN/#0/LOW_FORCE/REST/act=0/mav=11275/base=435495/th=56455
1778760579.622,10688,-43,424369,0,12832,0,STAND/UNKNOWN/#0/LOW_FORCE/REST/act=0/mav=11275/base=435495/th=56455
1778760579.622,10689,-43,424611,0,12832,0,STAND/UNKNOWN/#0/LOW_FORCE/REST/act=0/mav=11275/base=435495/th=56455
1778760579.622,10690,-43,425196,0,12832,0,STAND/UNKNOWN/#0/LOW_FORCE/REST/act=0/mav=11275/base=435495/th=56455
1778760579.622,10691,-43,426280,0,12832,0,STAND/UNKNOWN/#0/LOW_FORCE/REST/act=0/mav=11275/base=435495/th=56455
1778760579.622,10692,-43,426383,0,12832,0,STAND/UNKNOWN/#0/LOW_FORCE/REST/act=0/mav=11275/base=435495/th=56455
1778760579.702,10693,-43,425953,0,12832,0,STAND/UNKNOWN/#0/LOW_FORCE/REST/act=0/mav=11275/base=435495/th=56455
1778760579.703,10694,-43,425324,0,12832,0,STAND/UNKNOWN/#0/LOW_FORCE/REST/act=0/mav=11275/base=435495/th=56455
1778760579.703,10695,-43,425461,0,12832,0,STAND/UNKNOWN/#0/LOW_FORCE/REST/act=0/mav=11275/base=435495/th=56455
1778760579.703,10696,-43,425028,0,12832,0,STAND/UNKNOWN/#0/LOW_FORCE/REST/act=0/mav=11275/base=435495/th=56455
1778760579.779,10697,-43,425420,0,12958,0,STAND/UNKNOWN/#0/LOW_FORCE/REST/act=0/mav=11418/base=435495/th=56455
1778760579.779,10698,-43,426151,0,12958,0,STAND/UNKNOWN/#0/LOW_FORCE/REST/act=0/mav=11418/base=435495/th=56455
1778760579.780,10699,-43,426989,0,12958,0,STAND/UNKNOWN/#0/LOW_FORCE/REST/act=0/mav=11418/base=435495/th=56455
1778760579.780,10700,-43,427125,0,12958,0,STAND/UNKNOWN/#0/LOW_FORCE/REST/act=0/mav=11418/base=435495/th=56455
1778760579.870,10701,-43,426617,0,12958,0,STAND/UNKNOWN/#0/LOW_FORCE/REST/act=0/mav=11418/base=435495/th=56455
1778760579.871,10702,-43,426216,0,12958,0,STAND/UNKNOWN/#0/LOW_FORCE/REST/act=0/mav=11418/base=435495/th=56455
1778760579.871,10703,-43,426106,0,12958,0,STAND/UNKNOWN/#0/LOW_FORCE/REST/act=0/mav=11418/base=435495/th=56455
1778760579.871,10704,-43,425843,0,12958,0,STAND/UNKNOWN/#0/LOW_FORCE/REST/act=0/mav=11418/base=435495/th=56455
1778760579.871,10705,-43,426084,0,12958,0,STAND/UNKNOWN/#0/LOW_FORCE/REST/act=0/mav=11418/base=435495/th=56455
1778760579.958,10706,-43,426703,0,12958,0,STAND/UNKNOWN/#0/LOW_FORCE/REST/act=0/mav=11418/base=435495/th=56455
1778760579.958,10707,-43,427810,0,12958,0,STAND/UNKNOWN/#0/LOW_FORCE/REST/act=0/mav=11418/base=435495/th=56455
1778760579.958,10708,-43,427835,0,12958,0,STAND/UNKNOWN/#0/LOW_FORCE/REST/act=0/mav=11418/base=435495/th=56455
1778760579.958,10709,-43,427391,0,12958,0,STAND/UNKNOWN/#0/LOW_FORCE/REST/act=0/mav=11418/base=435495/th=56455
1778760580.032,10710,-43,426796,0,13219,0,STAND/UNKNOWN/#0/LOW_FORCE/REST/act=0/mav=11682/base=435495/th=56455
1778760580.032,10711,-43,426909,0,13219,0,STAND/UNKNOWN/#0/LOW_FORCE/REST/act=0/mav=11682/base=435495/th=56455
1778760580.032,10712,-43,426470,0,13219,0,STAND/UNKNOWN/#0/LOW_FORCE/REST/act=0/mav=11682/base=435495/th=56455
1778760580.032,10713,-43,426621,0,13219,0,STAND/UNKNOWN/#0/LOW_FORCE/REST/act=0/mav=11682/base=435495/th=56455
1778760580.100,10714,-43,427448,0,13219,0,STAND/UNKNOWN/#0/LOW_FORCE/REST/act=0/mav=11682/base=435495/th=56455
1778760580.100,10715,-43,428380,0,13219,0,STAND/UNKNOWN/#0/LOW_FORCE/REST/act=0/mav=11682/base=435495/th=56455
1778760580.100,10716,-43,428504,0,13219,0,STAND/UNKNOWN/#0/LOW_FORCE/REST/act=0/mav=11682/base=435495/th=56455
1778760580.166,10717,-43,427784,0,13219,0,STAND/UNKNOWN/#0/LOW_FORCE/REST/act=0/mav=11682/base=435495/th=56455
1778760580.166,10718,-43,427288,0,13219,0,STAND/UNKNOWN/#0/LOW_FORCE/REST/act=0/mav=11682/base=435495/th=56455
1778760580.166,10719,-43,427463,0,13219,0,STAND/UNKNOWN/#0/LOW_FORCE/REST/act=0/mav=11682/base=435495/th=56455
1778760580.232,10720,-43,427096,0,13219,0,STAND/UNKNOWN/#0/LOW_FORCE/REST/act=0/mav=11682/base=435495/th=56455
1778760580.232,10721,-43,427236,0,13219,0,STAND/UNKNOWN/#0/LOW_FORCE/REST/act=0/mav=11682/base=435495/th=56455
1778760580.232,10722,-43,427866,0,13219,0,STAND/UNKNOWN/#0/LOW_FORCE/REST/act=0/mav=11682/base=435495/th=56455
1778760580.232,10723,-43,428938,0,13579,0,STAND/UNKNOWN/#0/LOW_FORCE/REST/act=0/mav=12084/base=435495/th=56455
1778760580.309,10724,-43,429023,0,13579,0,STAND/UNKNOWN/#0/LOW_FORCE/REST/act=0/mav=12084/base=435495/th=56455
1778760580.309,10725,-43,428308,0,13579,0,STAND/UNKNOWN/#0/LOW_FORCE/REST/act=0/mav=12084/base=435495/th=56455
1778760580.309,10726,-43,427741,0,13579,0,STAND/UNKNOWN/#0/LOW_FORCE/REST/act=0/mav=12084/base=435495/th=56455
1778760580.391,10727,-43,427821,0,13579,0,STAND/UNKNOWN/#0/LOW_FORCE/REST/act=0/mav=12084/base=435495/th=56455
1778760580.392,10728,-43,427349,0,13579,0,STAND/UNKNOWN/#0/LOW_FORCE/REST/act=0/mav=12084/base=435495/th=56455
1778760580.392,10729,-43,427595,0,13579,0,STAND/UNKNOWN/#0/LOW_FORCE/REST/act=0/mav=12084/base=435495/th=56455
1778760580.393,10730,-43,428307,0,13579,0,STAND/UNKNOWN/#0/LOW_FORCE/REST/act=0/mav=12084/base=435495/th=56455
1778760580.393,10731,-43,429156,0,13579,0,STAND/UNKNOWN/#0/LOW_FORCE/REST/act=0/mav=12084/base=435495/th=56455
1778760580.491,10732,-43,429293,0,13579,0,STAND/UNKNOWN/#0/LOW_FORCE/REST/act=0/mav=12084/base=435495/th=56455
1778760580.491,10733,-43,428578,0,13579,0,STAND/UNKNOWN/#0/LOW_FORCE/REST/act=0/mav=12084/base=435495/th=56455
1778760580.491,10734,-43,428449,0,13579,0,STAND/UNKNOWN/#0/LOW_FORCE/REST/act=0/mav=12084/base=435495/th=56455
1778760580.491,10735,-43,428426,0,13579,0,STAND/UNKNOWN/#0/LOW_FORCE/REST/act=0/mav=12084/base=435495/th=56455
1778760580.491,10736,-43,428051,0,13747,0,STAND/UNKNOWN/#0/LOW_FORCE/REST/act=0/mav=12261/base=435495/th=56455
1778760580.567,10737,-43,428339,0,13747,0,STAND/UNKNOWN/#0/LOW_FORCE/REST/act=0/mav=12261/base=435495/th=56455
1778760580.568,10738,-43,428903,0,13747,0,STAND/UNKNOWN/#0/LOW_FORCE/REST/act=0/mav=12261/base=435495/th=56455
1778760580.646,10739,-43,429924,0,13747,0,STAND/UNKNOWN/#0/LOW_FORCE/REST/act=0/mav=12261/base=435495/th=56455
1778760580.647,10740,-43,430018,0,13747,0,STAND/UNKNOWN/#0/LOW_FORCE/REST/act=0/mav=12261/base=435495/th=56455
1778760580.648,10741,-43,429420,0,13747,0,STAND/UNKNOWN/#0/LOW_FORCE/REST/act=0/mav=12261/base=435495/th=56455
1778760580.648,10742,-43,429135,0,13747,0,STAND/UNKNOWN/#0/LOW_FORCE/REST/act=0/mav=12261/base=435495/th=56455
1778760580.648,10743,-43,429035,0,13747,0,STAND/UNKNOWN/#0/LOW_FORCE/REST/act=0/mav=12261/base=435495/th=56455
1778760580.729,10744,-43,428828,0,13747,0,STAND/UNKNOWN/#0/LOW_FORCE/REST/act=0/mav=12261/base=435495/th=56455
1778760580.730,10745,-43,428971,0,13747,0,STAND/UNKNOWN/#0/LOW_FORCE/REST/act=0/mav=12261/base=435495/th=56455
1778760580.730,10746,-43,429753,0,13747,0,STAND/UNKNOWN/#0/LOW_FORCE/REST/act=0/mav=12261/base=435495/th=56455
1778760580.730,10747,-43,430413,0,13747,0,STAND/UNKNOWN/#0/LOW_FORCE/REST/act=0/mav=12261/base=435495/th=56455
1778760580.801,10748,-43,431051,0,14059,5,STAND/UNKNOWN/#0/LOW_FORCE/REST/act=0/mav=12550/base=435495/th=56455
1778760580.802,10749,-43,430519,0,14059,5,STAND/UNKNOWN/#0/LOW_FORCE/REST/act=0/mav=12550/base=435495/th=56455
1778760580.802,10750,-43,430122,0,14059,5,STAND/UNKNOWN/#0/LOW_FORCE/REST/act=0/mav=12550/base=435495/th=56455
1778760580.802,10751,-43,430127,0,14059,5,STAND/UNKNOWN/#0/LOW_FORCE/REST/act=0/mav=12550/base=435495/th=56455
1778760580.884,10752,-43,429912,0,14059,5,STAND/UNKNOWN/#0/LOW_FORCE/REST/act=0/mav=12550/base=435495/th=56455
1778760580.884,10753,-43,430239,0,14059,5,STAND/UNKNOWN/#0/LOW_FORCE/REST/act=0/mav=12550/base=435495/th=56455
1778760580.884,10754,-43,431143,0,14059,5,STAND/UNKNOWN/#0/LOW_FORCE/REST/act=0/mav=12550/base=435495/th=56455
1778760580.884,10755,-43,432049,0,14059,5,STAND/UNKNOWN/#0/LOW_FORCE/REST/act=0/mav=12550/base=435495/th=56455
1778760580.950,10756,-43,432239,0,14059,5,STAND/UNKNOWN/#0/LOW_FORCE/REST/act=0/mav=12550/base=435495/th=56455
1778760580.950,10757,-43,431705,0,14059,5,STAND/UNKNOWN/#0/LOW_FORCE/REST/act=0/mav=12550/base=435495/th=56455
1778760580.950,10758,-43,431276,0,14059,5,STAND/UNKNOWN/#0/LOW_FORCE/REST/act=0/mav=12550/base=435495/th=56455
1778760581.012,10759,-43,431156,0,14059,5,STAND/UNKNOWN/#0/LOW_FORCE/REST/act=0/mav=12550/base=435495/th=56455
1778760581.013,10760,-43,430700,0,14059,5,STAND/UNKNOWN/#0/LOW_FORCE/REST/act=0/mav=12550/base=435495/th=56455
1778760581.013,10761,-43,430993,0,14780,18,STAND/UNKNOWN/#0/LOW_FORCE/REST/act=0/mav=13265/base=435495/th=56455
1778760581.013,10762,-43,431926,0,14780,18,STAND/UNKNOWN/#0/LOW_FORCE/REST/act=0/mav=13265/base=435495/th=56455
1778760581.078,10763,-43,432683,0,14780,18,STAND/UNKNOWN/#0/LOW_FORCE/REST/act=0/mav=13265/base=435495/th=56455
1778760581.078,10764,-43,432942,0,14780,18,STAND/UNKNOWN/#0/LOW_FORCE/REST/act=0/mav=13265/base=435495/th=56455
1778760581.078,10765,-43,432213,0,14780,18,STAND/UNKNOWN/#0/LOW_FORCE/REST/act=0/mav=13265/base=435495/th=56455
1778760581.135,10766,-43,431897,0,14780,18,STAND/UNKNOWN/#0/LOW_FORCE/REST/act=0/mav=13265/base=435495/th=56455
1778760581.135,10767,-43,431879,0,14780,18,STAND/UNKNOWN/#0/LOW_FORCE/REST/act=0/mav=13265/base=435495/th=56455
1778760581.135,10768,-43,431393,0,14780,18,STAND/UNKNOWN/#0/LOW_FORCE/REST/act=0/mav=13265/base=435495/th=56455
1778760581.201,10769,-43,431624,0,14780,18,STAND/UNKNOWN/#0/LOW_FORCE/REST/act=0/mav=13265/base=435495/th=56455
1778760581.201,10770,-43,432347,0,14780,18,STAND/UNKNOWN/#0/LOW_FORCE/REST/act=0/mav=13265/base=435495/th=56455
1778760581.201,10771,-43,433303,0,14780,18,STAND/UNKNOWN/#0/LOW_FORCE/REST/act=0/mav=13265/base=435495/th=56455
1778760581.259,10772,-43,433457,0,14780,18,STAND/UNKNOWN/#0/LOW_FORCE/REST/act=0/mav=13265/base=435495/th=56455
1778760581.259,10773,-43,432879,0,14780,18,STAND/UNKNOWN/#0/LOW_FORCE/REST/act=0/mav=13265/base=435495/th=56455
1778760581.259,10774,-43,432291,0,15610,26,STAND/UNKNOWN/#0/LOW_FORCE/REST/act=0/mav=14014/base=435495/th=56455
1778760581.318,10775,-43,432508,0,15610,26,STAND/UNKNOWN/#0/LOW_FORCE/REST/act=0/mav=14014/base=435495/th=56455
1778760581.318,10776,-43,431931,0,15610,26,STAND/UNKNOWN/#0/LOW_FORCE/REST/act=0/mav=14014/base=435495/th=56455
1778760581.318,10777,-43,432284,0,15610,26,STAND/UNKNOWN/#0/LOW_FORCE/REST/act=0/mav=14014/base=435495/th=56455
1778760581.396,10778,-43,432883,0,15610,26,STAND/UNKNOWN/#0/LOW_FORCE/REST/act=0/mav=14014/base=435495/th=56455
1778760581.396,10779,-43,433889,0,15610,26,STAND/UNKNOWN/#0/LOW_FORCE/REST/act=0/mav=14014/base=435495/th=56455
1778760581.396,10780,-43,434114,0,15610,26,STAND/UNKNOWN/#0/LOW_FORCE/REST/act=0/mav=14014/base=435495/th=56455
1778760581.396,10781,-43,433220,0,15610,26,STAND/UNKNOWN/#0/LOW_FORCE/REST/act=0/mav=14014/base=435495/th=56455
1778760581.473,10782,-43,432873,0,15610,26,STAND/UNKNOWN/#0/LOW_FORCE/REST/act=0/mav=14014/base=435495/th=56455
1778760581.473,10783,-43,433011,0,15610,26,STAND/UNKNOWN/#0/LOW_FORCE/REST/act=0/mav=14014/base=435495/th=56455
1778760581.473,10784,-43,432513,0,15610,26,STAND/UNKNOWN/#0/LOW_FORCE/REST/act=0/mav=14014/base=435495/th=56455
1778760581.473,10785,-43,432751,0,15610,26,STAND/UNKNOWN/#0/LOW_FORCE/REST/act=0/mav=14014/base=435495/th=56455
1778760581.540,10786,-43,433433,0,15610,26,STAND/UNKNOWN/#0/LOW_FORCE/REST/act=0/mav=14014/base=435495/th=56455
1778760581.540,10787,-43,434303,0,16086,26,STAND/UNKNOWN/#0/LOW_FORCE/REST/act=0/mav=14440/base=435495/th=56455
1778760581.540,10788,-43,434418,0,16086,26,STAND/UNKNOWN/#0/LOW_FORCE/REST/act=0/mav=14440/base=435495/th=56455
1778760581.613,10789,-43,433710,0,16086,26,STAND/UNKNOWN/#0/LOW_FORCE/REST/act=0/mav=14440/base=435495/th=56455
1778760581.613,10790,-43,433425,0,16086,26,STAND/UNKNOWN/#0/LOW_FORCE/REST/act=0/mav=14440/base=435495/th=56455
1778760581.613,10791,-43,433401,0,16086,26,STAND/UNKNOWN/#0/LOW_FORCE/REST/act=0/mav=14440/base=435495/th=56455
1778760581.613,10792,-43,432973,0,16086,26,STAND/UNKNOWN/#0/LOW_FORCE/REST/act=0/mav=14440/base=435495/th=56455
1778760581.688,10793,-43,433231,0,16086,26,STAND/UNKNOWN/#0/LOW_FORCE/REST/act=0/mav=14440/base=435495/th=56455
1778760581.688,10794,-43,434006,0,16086,26,STAND/UNKNOWN/#0/LOW_FORCE/REST/act=0/mav=14440/base=435495/th=56455
1778760581.688,10795,-43,434981,0,16086,26,STAND/UNKNOWN/#0/LOW_FORCE/REST/act=0/mav=14440/base=435495/th=56455
1778760581.765,10796,-43,435133,0,16086,26,STAND/UNKNOWN/#0/LOW_FORCE/REST/act=0/mav=14440/base=435495/th=56455
1778760581.765,10797,-43,434271,0,16086,26,STAND/UNKNOWN/#0/LOW_FORCE/REST/act=0/mav=14440/base=435495/th=56455
1778760581.765,10798,-43,434223,0,16086,26,STAND/UNKNOWN/#0/LOW_FORCE/REST/act=0/mav=14440/base=435495/th=56455
1778760581.765,10799,-43,433973,0,16086,26,STAND/UNKNOWN/#0/LOW_FORCE/REST/act=0/mav=14440/base=435495/th=56455
1778760581.851,10800,-43,433703,0,16274,26,STAND/UNKNOWN/#0/LOW_FORCE/REST/act=0/mav=14560/base=435495/th=56455
1778760581.852,10801,-43,434082,0,16274,26,STAND/UNKNOWN/#0/LOW_FORCE/REST/act=0/mav=14560/base=435495/th=56455
1778760581.852,10802,-43,434621,0,16274,26,STAND/UNKNOWN/#0/LOW_FORCE/REST/act=0/mav=14560/base=435495/th=56455
1778760581.852,10803,-43,435776,0,16274,26,STAND/UNKNOWN/#0/LOW_FORCE/REST/act=0/mav=14560/base=435495/th=56455
1778760581.852,10804,-43,435769,0,16274,26,STAND/UNKNOWN/#0/LOW_FORCE/REST/act=0/mav=14560/base=435495/th=56455
1778760581.938,10805,-43,435165,0,16274,26,STAND/UNKNOWN/#0/LOW_FORCE/REST/act=0/mav=14560/base=435495/th=56455
1778760581.939,10806,-43,434681,0,16274,26,STAND/UNKNOWN/#0/LOW_FORCE/REST/act=0/mav=14560/base=435495/th=56455
1778760581.939,10807,-43,434834,0,16274,26,STAND/UNKNOWN/#0/LOW_FORCE/REST/act=0/mav=14560/base=435495/th=56455
1778760581.939,10808,-43,434313,0,16274,26,STAND/UNKNOWN/#0/LOW_FORCE/REST/act=0/mav=14560/base=435495/th=56455
1778760582.020,10809,-43,434479,0,16274,26,STAND/UNKNOWN/#0/LOW_FORCE/REST/act=0/mav=14560/base=435495/th=56455
1778760582.020,10810,-43,435268,0,16274,26,STAND/UNKNOWN/#0/LOW_FORCE/REST/act=0/mav=14560/base=435495/th=56455
1778760582.021,10811,-43,436374,0,16274,26,STAND/UNKNOWN/#0/LOW_FORCE/REST/act=0/mav=14560/base=435495/th=56455
1778760582.021,10812,-43,436473,0,16474,25,STAND/UNKNOWN/#0/LOW_FORCE/REST/act=0/mav=14631/base=435495/th=56455
1778760582.107,10813,-43,435872,0,16474,25,STAND/UNKNOWN/#0/LOW_FORCE/REST/act=0/mav=14631/base=435495/th=56455
1778760582.107,10814,-43,435394,0,16474,25,STAND/UNKNOWN/#0/LOW_FORCE/REST/act=0/mav=14631/base=435495/th=56455
1778760582.107,10815,-43,435603,0,16474,25,STAND/UNKNOWN/#0/LOW_FORCE/REST/act=0/mav=14631/base=435495/th=56455
1778760582.107,10816,-43,435040,0,16474,25,STAND/UNKNOWN/#0/LOW_FORCE/REST/act=0/mav=14631/base=435495/th=56455
1778760582.174,10817,-43,435275,0,16474,25,STAND/UNKNOWN/#0/LOW_FORCE/REST/act=0/mav=14631/base=435495/th=56455
1778760582.174,10818,-43,435806,0,16474,25,STAND/UNKNOWN/#0/LOW_FORCE/REST/act=0/mav=14631/base=435495/th=56455
1778760582.174,10819,-43,437201,0,16474,25,STAND/UNKNOWN/#0/LOW_FORCE/REST/act=0/mav=14631/base=435495/th=56455
1778760582.174,10820,-43,437324,0,16474,25,STAND/UNKNOWN/#0/LOW_FORCE/REST/act=0/mav=14631/base=435495/th=56455
1778760582.231,10821,-43,436599,0,16474,25,STAND/UNKNOWN/#0/LOW_FORCE/REST/act=0/mav=14631/base=435495/th=56455
1778760582.231,10822,-43,436331,0,16474,25,STAND/UNKNOWN/#0/LOW_FORCE/REST/act=0/mav=14631/base=435495/th=56455
1778760582.232,10823,-43,436381,0,16474,25,STAND/UNKNOWN/#0/LOW_FORCE/REST/act=0/mav=14631/base=435495/th=56455
1778760582.286,10824,-43,435994,0,16474,25,STAND/UNKNOWN/#0/LOW_FORCE/REST/act=0/mav=14631/base=435495/th=56455
1778760582.287,10825,-43,436086,0,16623,25,STAND/UNKNOWN/#0/LOW_FORCE/REST/act=0/mav=14714/base=435495/th=56455
1778760582.344,10826,-43,437021,0,16623,25,STAND/UNKNOWN/#0/LOW_FORCE/REST/act=0/mav=14714/base=435495/th=56455
1778760582.344,10827,-43,438053,0,16623,25,STAND/UNKNOWN/#0/LOW_FORCE/REST/act=0/mav=14714/base=435495/th=56455
1778760582.344,10828,-43,437970,0,16623,25,STAND/UNKNOWN/#0/LOW_FORCE/REST/act=0/mav=14714/base=435495/th=56455
1778760582.402,10829,-43,437486,0,16623,25,STAND/UNKNOWN/#0/LOW_FORCE/REST/act=0/mav=14714/base=435495/th=56455
1778760582.402,10830,-43,436877,0,16623,25,STAND/UNKNOWN/#0/LOW_FORCE/REST/act=0/mav=14714/base=435495/th=56455
1778760582.402,10831,-43,436767,0,16623,25,STAND/UNKNOWN/#0/LOW_FORCE/REST/act=0/mav=14714/base=435495/th=56455
1778760582.459,10832,-43,436392,0,16623,25,STAND/UNKNOWN/#0/LOW_FORCE/REST/act=0/mav=14714/base=435495/th=56455
1778760582.460,10833,-43,436506,0,16623,25,STAND/UNKNOWN/#0/LOW_FORCE/REST/act=0/mav=14714/base=435495/th=56455
1778760582.460,10834,-43,437133,0,16623,25,STAND/UNKNOWN/#0/LOW_FORCE/REST/act=0/mav=14714/base=435495/th=56455
1778760582.525,10835,-43,437987,0,16623,25,STAND/UNKNOWN/#0/LOW_FORCE/REST/act=0/mav=14714/base=435495/th=56455
1778760582.526,10836,-43,437811,0,16623,25,STAND/UNKNOWN/#0/LOW_FORCE/REST/act=0/mav=14714/base=435495/th=56455
1778760582.526,10837,-43,437127,0,16623,25,STAND/UNKNOWN/#0/LOW_FORCE/REST/act=0/mav=14714/base=435495/th=56455
1778760582.589,10838,-43,437111,0,16759,26,STAND/UNKNOWN/#0/LOW_FORCE/REST/act=0/mav=14768/base=435495/th=56455
1778760582.589,10839,-43,437364,0,16759,26,STAND/UNKNOWN/#0/LOW_FORCE/REST/act=0/mav=14768/base=435495/th=56455
1778760582.589,10840,-43,437666,0,16759,26,STAND/UNKNOWN/#0/LOW_FORCE/REST/act=0/mav=14768/base=435495/th=56455
1778760582.647,10841,-43,438316,0,16759,26,STAND/UNKNOWN/#0/LOW_FORCE/REST/act=0/mav=14768/base=435495/th=56455
1778760582.647,10842,-43,438946,0,16759,26,STAND/UNKNOWN/#0/LOW_FORCE/REST/act=0/mav=14768/base=435495/th=56455
1778760582.647,10843,-43,439843,0,16759,26,STAND/UNKNOWN/#0/LOW_FORCE/REST/act=0/mav=14768/base=435495/th=56455
1778760582.707,10844,-43,439678,0,16759,26,STAND/UNKNOWN/#0/LOW_FORCE/REST/act=0/mav=14768/base=435495/th=56455
1778760582.707,10845,-43,439170,0,16759,26,STAND/UNKNOWN/#0/LOW_FORCE/REST/act=0/mav=14768/base=435495/th=56455
1778760582.707,10846,-43,438717,0,16759,26,STAND/UNKNOWN/#0/LOW_FORCE/REST/act=0/mav=14768/base=435495/th=56455
1778760582.768,10847,-43,438701,0,16759,26,STAND/UNKNOWN/#0/LOW_FORCE/REST/act=0/mav=14768/base=435495/th=56455
1778760582.769,10848,-43,438693,0,16759,26,STAND/UNKNOWN/#0/LOW_FORCE/REST/act=0/mav=14768/base=435495/th=56455
1778760582.769,10849,-43,438891,0,16759,26,STAND/UNKNOWN/#0/LOW_FORCE/REST/act=0/mav=14768/base=435495/th=56455
1778760582.840,10850,-43,439337,0,16759,26,STAND/UNKNOWN/#0/LOW_FORCE/REST/act=0/mav=14768/base=435495/th=56455
1778760582.841,10851,-43,440856,0,17295,26,STAND/UNKNOWN/#0/LOW_FORCE/REST/act=0/mav=15256/base=435495/th=56455
1778760582.841,10852,-43,440837,0,17295,26,STAND/UNKNOWN/#0/LOW_FORCE/REST/act=0/mav=15256/base=435495/th=56455
1778760582.841,10853,-43,440122,0,17295,26,STAND/UNKNOWN/#0/LOW_FORCE/REST/act=0/mav=15256/base=435495/th=56455
1778760582.899,10854,-43,440078,0,17295,26,STAND/UNKNOWN/#0/LOW_FORCE/REST/act=0/mav=15256/base=435495/th=56455
1778760582.899,10855,-43,440228,0,17295,26,STAND/UNKNOWN/#0/LOW_FORCE/REST/act=0/mav=15256/base=435495/th=56455
1778760582.899,10856,-43,439416,0,17295,26,STAND/UNKNOWN/#0/LOW_FORCE/REST/act=0/mav=15256/base=435495/th=56455
1778760582.959,10857,-43,439476,0,17295,26,STAND/UNKNOWN/#0/LOW_FORCE/REST/act=0/mav=15256/base=435495/th=56455
1778760582.959,10858,-43,440401,0,17295,26,STAND/UNKNOWN/#0/LOW_FORCE/REST/act=0/mav=15256/base=435495/th=56455
1778760582.959,10859,-43,441680,0,17295,26,STAND/UNKNOWN/#0/LOW_FORCE/REST/act=0/mav=15256/base=435495/th=56455
1778760583.020,10860,-43,441478,0,17295,26,STAND/UNKNOWN/#0/LOW_FORCE/REST/act=0/mav=15256/base=435495/th=56455
1778760583.020,10861,-43,440738,0,17295,26,STAND/UNKNOWN/#0/LOW_FORCE/REST/act=0/mav=15256/base=435495/th=56455
1778760583.020,10862,-43,440370,0,17295,26,STAND/UNKNOWN/#0/LOW_FORCE/REST/act=0/mav=15256/base=435495/th=56455
1778760583.084,10863,-43,440701,0,17295,26,STAND/UNKNOWN/#0/LOW_FORCE/REST/act=0/mav=15256/base=435495/th=56455
1778760583.084,10864,-43,440273,0,17990,26,STAND/UNKNOWN/#0/LOW_FORCE/REST/act=0/mav=15861/base=435495/th=56455
1778760583.084,10865,-43,440423,0,17990,26,STAND/UNKNOWN/#0/LOW_FORCE/REST/act=0/mav=15861/base=435495/th=56455
1778760583.145,10866,-43,441181,0,17990,26,STAND/UNKNOWN/#0/LOW_FORCE/REST/act=0/mav=15861/base=435495/th=56455
1778760583.146,10867,-43,442309,0,17990,26,STAND/UNKNOWN/#0/LOW_FORCE/REST/act=0/mav=15861/base=435495/th=56455
1778760583.146,10868,-43,442745,0,17990,26,STAND/UNKNOWN/#0/LOW_FORCE/REST/act=0/mav=15861/base=435495/th=56455
1778760583.232,10869,-43,441767,0,17990,26,STAND/UNKNOWN/#0/LOW_FORCE/REST/act=0/mav=15861/base=435495/th=56455
1778760583.232,10870,-43,441631,0,17990,26,STAND/UNKNOWN/#0/LOW_FORCE/REST/act=0/mav=15861/base=435495/th=56455
1778760583.232,10871,-43,441506,0,17990,26,STAND/UNKNOWN/#0/LOW_FORCE/REST/act=0/mav=15861/base=435495/th=56455
1778760583.232,10872,-43,440924,0,17990,26,STAND/UNKNOWN/#0/LOW_FORCE/REST/act=0/mav=15861/base=435495/th=56455
1778760583.232,10873,-43,440946,0,17990,26,STAND/UNKNOWN/#0/LOW_FORCE/REST/act=0/mav=15861/base=435495/th=56455
1778760583.349,10874,-43,441867,0,17990,26,STAND/UNKNOWN/#0/LOW_FORCE/REST/act=0/mav=15861/base=435495/th=56455
1778760583.349,10875,-43,442787,0,17990,26,STAND/UNKNOWN/#0/LOW_FORCE/REST/act=0/mav=15861/base=435495/th=56455
1778760583.349,10876,-43,442791,0,18301,25,STAND/UNKNOWN/#0/LOW_FORCE/REST/act=0/mav=16050/base=435495/th=56455
1778760583.349,10877,-43,441964,0,18301,25,STAND/UNKNOWN/#0/LOW_FORCE/REST/act=0/mav=16050/base=435495/th=56455
1778760583.349,10878,-43,441718,0,18301,25,STAND/UNKNOWN/#0/LOW_FORCE/REST/act=0/mav=16050/base=435495/th=56455
1778760583.424,10879,-43,441496,0,18301,25,STAND/UNKNOWN/#0/LOW_FORCE/REST/act=0/mav=16050/base=435495/th=56455
1778760583.425,10880,-43,440856,0,18301,25,STAND/UNKNOWN/#0/LOW_FORCE/REST/act=0/mav=16050/base=435495/th=56455
1778760583.425,10881,-43,441148,0,18301,25,STAND/UNKNOWN/#0/LOW_FORCE/REST/act=0/mav=16050/base=435495/th=56455
1778760583.425,10882,-43,442098,0,18301,25,STAND/UNKNOWN/#0/LOW_FORCE/REST/act=0/mav=16050/base=435495/th=56455
1778760583.511,10883,-43,443266,0,18301,25,STAND/UNKNOWN/#0/LOW_FORCE/REST/act=0/mav=16050/base=435495/th=56455
1778760583.512,10884,-43,443414,0,18301,25,STAND/UNKNOWN/#0/LOW_FORCE/REST/act=0/mav=16050/base=435495/th=56455
1778760583.512,10885,-43,442883,0,18301,25,STAND/UNKNOWN/#0/LOW_FORCE/REST/act=0/mav=16050/base=435495/th=56455
1778760583.513,10886,-43,444239,0,18301,25,STAND/UNKNOWN/#0/LOW_FORCE/REST/act=0/mav=16050/base=435495/th=56455
1778760583.513,10887,-43,444796,0,18301,25,STAND/UNKNOWN/#0/LOW_FORCE/REST/act=0/mav=16050/base=435495/th=56455
1778760583.596,10888,-43,444706,0,18301,25,STAND/UNKNOWN/#0/LOW_FORCE/REST/act=0/mav=16050/base=435495/th=56455
1778760583.596,10889,-43,445178,0,18573,25,STAND/UNKNOWN/#0/LOW_FORCE/REST/act=0/mav=16289/base=435495/th=56455
1778760583.596,10890,-43,445671,0,18573,25,STAND/UNKNOWN/#0/LOW_FORCE/REST/act=0/mav=16289/base=435495/th=56455
1778760583.597,10891,-43,446637,0,18573,25,STAND/UNKNOWN/#0/LOW_FORCE/REST/act=0/mav=16289/base=435495/th=56455
1778760583.675,10892,-43,446483,0,18573,25,STAND/UNKNOWN/#0/LOW_FORCE/REST/act=0/mav=16289/base=435495/th=56455
1778760583.675,10893,-43,445986,0,18573,25,STAND/UNKNOWN/#0/LOW_FORCE/REST/act=0/mav=16289/base=435495/th=56455
1778760583.675,10894,-43,445289,0,18573,25,STAND/UNKNOWN/#0/LOW_FORCE/REST/act=0/mav=16289/base=435495/th=56455
1778760583.675,10895,-43,445119,0,18573,25,STAND/UNKNOWN/#0/LOW_FORCE/REST/act=0/mav=16289/base=435495/th=56455
1778760583.746,10896,-43,444399,0,18573,25,STAND/UNKNOWN/#0/LOW_FORCE/REST/act=0/mav=16289/base=435495/th=56455
1778760583.747,10897,-43,445165,0,18573,25,STAND/UNKNOWN/#0/LOW_FORCE/REST/act=0/mav=16289/base=435495/th=56455
1778760583.747,10898,-43,446156,0,18573,25,STAND/UNKNOWN/#0/LOW_FORCE/REST/act=0/mav=16289/base=435495/th=56455
1778760583.810,10899,-43,447411,0,18573,25,STAND/UNKNOWN/#0/LOW_FORCE/REST/act=0/mav=16289/base=435495/th=56455
1778760583.810,10900,-43,447608,0,18573,25,STAND/UNKNOWN/#0/LOW_FORCE/REST/act=0/mav=16289/base=435495/th=56455
1778760583.810,10901,-43,446963,0,18573,25,STAND/UNKNOWN/#0/LOW_FORCE/REST/act=0/mav=16289/base=435495/th=56455
1778760583.887,10902,-43,447025,0,19827,26,STAND/UNKNOWN/#0/LOW_FORCE/REST/act=0/mav=17371/base=435495/th=56455
1778760583.887,10903,-43,446926,0,19827,26,STAND/UNKNOWN/#0/LOW_FORCE/REST/act=0/mav=17371/base=435495/th=56455
1778760583.887,10904,-43,446474,0,19827,26,STAND/UNKNOWN/#0/LOW_FORCE/REST/act=0/mav=17371/base=435495/th=56455
1778760583.887,10905,-43,446858,0,19827,26,STAND/UNKNOWN/#0/LOW_FORCE/REST/act=0/mav=17371/base=435495/th=56455
1778760583.969,10906,-43,447289,0,19827,26,STAND/UNKNOWN/#0/LOW_FORCE/REST/act=0/mav=17371/base=435495/th=56455
1778760583.969,10907,-43,448339,0,19827,26,STAND/UNKNOWN/#0/LOW_FORCE/REST/act=0/mav=17371/base=435495/th=56455
1778760583.969,10908,-43,448501,0,19827,26,STAND/UNKNOWN/#0/LOW_FORCE/REST/act=0/mav=17371/base=435495/th=56455
1778760583.969,10909,-43,447879,0,19827,26,STAND/UNKNOWN/#0/LOW_FORCE/REST/act=0/mav=17371/base=435495/th=56455
1778760584.037,10910,-43,447491,0,19827,26,STAND/UNKNOWN/#0/LOW_FORCE/REST/act=0/mav=17371/base=435495/th=56455
1778760584.037,10911,-43,447343,0,19827,26,STAND/UNKNOWN/#0/LOW_FORCE/REST/act=0/mav=17371/base=435495/th=56455
1778760584.037,10912,-43,447039,0,19827,26,STAND/UNKNOWN/#0/LOW_FORCE/REST/act=0/mav=17371/base=435495/th=56455
1778760584.037,10913,-43,447068,0,19827,26,STAND/UNKNOWN/#0/LOW_FORCE/REST/act=0/mav=17371/base=435495/th=56455
1778760584.107,10914,-43,447886,0,19827,26,STAND/UNKNOWN/#0/LOW_FORCE/REST/act=0/mav=17371/base=435495/th=56455
1778760584.107,10915,-43,448913,0,21200,26,STAND/UNKNOWN/#0/LOW_FORCE/REST/act=0/mav=18693/base=435495/th=56455
1778760584.107,10916,-43,448914,0,21200,26,STAND/UNKNOWN/#0/LOW_FORCE/REST/act=0/mav=18693/base=435495/th=56455
1778760584.179,10917,-43,448158,0,21200,26,STAND/UNKNOWN/#0/LOW_FORCE/REST/act=0/mav=18693/base=435495/th=56455
1778760584.180,10918,-43,447784,0,21200,26,STAND/UNKNOWN/#0/LOW_FORCE/REST/act=0/mav=18693/base=435495/th=56455
1778760584.180,10919,-43,447611,0,21200,26,STAND/UNKNOWN/#0/LOW_FORCE/REST/act=0/mav=18693/base=435495/th=56455
1778760584.180,10920,-43,447169,0,21200,26,STAND/UNKNOWN/#0/LOW_FORCE/REST/act=0/mav=18693/base=435495/th=56455
1778760584.250,10921,-43,447353,0,21200,26,STAND/UNKNOWN/#0/LOW_FORCE/REST/act=0/mav=18693/base=435495/th=56455
1778760584.251,10922,-43,448076,0,21200,26,STAND/UNKNOWN/#0/LOW_FORCE/REST/act=0/mav=18693/base=435495/th=56455
1778760584.251,10923,-43,449116,0,21200,26,STAND/UNKNOWN/#0/LOW_FORCE/REST/act=0/mav=18693/base=435495/th=56455
1778760584.251,10924,-43,448979,0,21200,26,STAND/UNKNOWN/#0/LOW_FORCE/REST/act=0/mav=18693/base=435495/th=56455
1778760584.316,10925,-43,448495,0,21200,26,STAND/UNKNOWN/#0/LOW_FORCE/REST/act=0/mav=18693/base=435495/th=56455
1778760584.316,10926,-43,447863,0,21200,26,STAND/UNKNOWN/#0/LOW_FORCE/REST/act=0/mav=18693/base=435495/th=56455
1778760584.316,10927,-43,447916,0,21200,26,STAND/UNKNOWN/#0/LOW_FORCE/REST/act=0/mav=18693/base=435495/th=56455
1778760584.404,10928,-43,446938,0,21650,26,STAND/UNKNOWN/#0/LOW_FORCE/REST/act=0/mav=19091/base=435495/th=56455
1778760584.404,10929,-43,447918,0,21650,26,STAND/UNKNOWN/#0/LOW_FORCE/REST/act=0/mav=19091/base=435495/th=56455
1778760584.405,10930,-43,448021,0,21650,26,STAND/UNKNOWN/#0/LOW_FORCE/REST/act=0/mav=19091/base=435495/th=56455
1778760584.405,10931,-43,449355,0,21650,26,STAND/UNKNOWN/#0/LOW_FORCE/REST/act=0/mav=19091/base=435495/th=56455
1778760584.476,10932,-43,449242,0,21650,26,STAND/UNKNOWN/#0/LOW_FORCE/REST/act=0/mav=19091/base=435495/th=56455
1778760584.476,10933,-43,448636,0,21650,26,STAND/UNKNOWN/#0/LOW_FORCE/REST/act=0/mav=19091/base=435495/th=56455
1778760584.476,10934,-43,448294,0,21650,26,STAND/UNKNOWN/#0/LOW_FORCE/REST/act=0/mav=19091/base=435495/th=56455
1778760584.476,10935,-43,447899,0,21650,26,STAND/UNKNOWN/#0/LOW_FORCE/REST/act=0/mav=19091/base=435495/th=56455
1778760584.565,10936,-43,447538,0,21650,26,STAND/UNKNOWN/#0/LOW_FORCE/REST/act=0/mav=19091/base=435495/th=56455
1778760584.565,10937,-43,448022,0,21650,26,STAND/UNKNOWN/#0/LOW_FORCE/REST/act=0/mav=19091/base=435495/th=56455
1778760584.565,10938,-43,448648,0,21650,26,STAND/UNKNOWN/#0/LOW_FORCE/REST/act=0/mav=19091/base=435495/th=56455
1778760584.565,10939,-43,449623,0,21650,26,STAND/UNKNOWN/#0/LOW_FORCE/REST/act=0/mav=19091/base=435495/th=56455
1778760584.640,10940,-43,449628,0,21671,25,STAND/UNKNOWN/#0/LOW_FORCE/REST/act=0/mav=19029/base=435495/th=56455
1778760584.640,10941,-43,448323,0,21671,25,STAND/UNKNOWN/#0/LOW_FORCE/REST/act=0/mav=19029/base=435495/th=56455
1778760584.641,10942,-43,448694,0,21671,25,STAND/UNKNOWN/#0/LOW_FORCE/REST/act=0/mav=19029/base=435495/th=56455
1778760584.641,10943,-43,448608,0,21671,25,STAND/UNKNOWN/#0/LOW_FORCE/REST/act=0/mav=19029/base=435495/th=56455
1778760584.716,10944,-43,448123,0,21671,25,STAND/UNKNOWN/#0/LOW_FORCE/REST/act=0/mav=19029/base=435495/th=56455
1778760584.716,10945,-43,448346,0,21671,25,STAND/UNKNOWN/#0/LOW_FORCE/REST/act=0/mav=19029/base=435495/th=56455
1778760584.716,10946,-43,449028,0,21671,25,STAND/UNKNOWN/#0/LOW_FORCE/REST/act=0/mav=19029/base=435495/th=56455
1778760584.716,10947,-43,449959,0,21671,25,STAND/UNKNOWN/#0/LOW_FORCE/REST/act=0/mav=19029/base=435495/th=56455
1778760584.781,10948,-43,450035,0,21671,25,STAND/UNKNOWN/#0/LOW_FORCE/REST/act=0/mav=19029/base=435495/th=56455
1778760584.781,10949,-43,449209,0,21671,25,STAND/UNKNOWN/#0/LOW_FORCE/REST/act=0/mav=19029/base=435495/th=56455
1778760584.781,10950,-43,449205,0,21671,25,STAND/UNKNOWN/#0/LOW_FORCE/REST/act=0/mav=19029/base=435495/th=56455
1778760584.842,10951,-43,448898,0,21671,25,STAND/UNKNOWN/#0/LOW_FORCE/REST/act=0/mav=19029/base=435495/th=56455
1778760584.842,10952,-43,447844,0,21671,25,STAND/UNKNOWN/#0/LOW_FORCE/REST/act=0/mav=19029/base=435495/th=56455
1778760584.842,10953,-43,448706,0,21620,25,STAND/UNKNOWN/#0/LOW_FORCE/REST/act=0/mav=19037/base=435495/th=56455
1778760584.904,10954,-43,449283,0,21620,25,STAND/UNKNOWN/#0/LOW_FORCE/REST/act=0/mav=19037/base=435495/th=56455
1778760584.904,10955,-43,450128,0,21620,25,STAND/UNKNOWN/#0/LOW_FORCE/REST/act=0/mav=19037/base=435495/th=56455
1778760584.904,10956,-43,450246,0,21620,25,STAND/UNKNOWN/#0/LOW_FORCE/REST/act=0/mav=19037/base=435495/th=56455
1778760584.965,10957,-43,449416,0,21620,25,STAND/UNKNOWN/#0/LOW_FORCE/REST/act=0/mav=19037/base=435495/th=56455
1778760584.965,10958,-43,448891,0,21620,25,STAND/UNKNOWN/#0/LOW_FORCE/REST/act=0/mav=19037/base=435495/th=56455
1778760584.965,10959,-43,449245,0,21620,25,STAND/UNKNOWN/#0/LOW_FORCE/REST/act=0/mav=19037/base=435495/th=56455
1778760585.026,10960,-43,448934,0,21620,25,STAND/UNKNOWN/#0/LOW_FORCE/REST/act=0/mav=19037/base=435495/th=56455
1778760585.027,10961,-43,449550,0,21620,25,STAND/UNKNOWN/#0/LOW_FORCE/REST/act=0/mav=19037/base=435495/th=56455
1778760585.027,10962,-43,450618,0,21620,25,STAND/UNKNOWN/#0/LOW_FORCE/REST/act=0/mav=19037/base=435495/th=56455
1778760585.084,10963,-43,453629,0,21620,25,STAND/UNKNOWN/#0/LOW_FORCE/REST/act=0/mav=19037/base=435495/th=56455
1778760585.085,10964,-43,454373,0,21620,25,STAND/UNKNOWN/#0/LOW_FORCE/REST/act=0/mav=19037/base=435495/th=56455
1778760585.085,10965,-43,453820,0,21620,25,STAND/UNKNOWN/#0/LOW_FORCE/REST/act=0/mav=19037/base=435495/th=56455
1778760585.148,10966,-43,453138,0,22307,26,STAND/UNKNOWN/#0/LOW_FORCE/REST/act=0/mav=19625/base=435495/th=56455
1778760585.149,10967,-43,453228,0,22307,26,STAND/UNKNOWN/#0/LOW_FORCE/REST/act=0/mav=19625/base=435495/th=56455
1778760585.149,10968,-43,452726,0,22307,26,STAND/UNKNOWN/#0/LOW_FORCE/REST/act=0/mav=19625/base=435495/th=56455
1778760585.215,10969,-43,452992,0,22307,26,STAND/UNKNOWN/#0/LOW_FORCE/REST/act=0/mav=19625/base=435495/th=56455
1778760585.216,10970,-43,453702,0,22307,26,STAND/UNKNOWN/#0/LOW_FORCE/REST/act=0/mav=19625/base=435495/th=56455
1778760585.216,10971,-43,454443,0,22307,26,STAND/UNKNOWN/#0/LOW_FORCE/REST/act=0/mav=19625/base=435495/th=56455
1778760585.216,10972,-43,454497,0,22307,26,STAND/UNKNOWN/#0/LOW_FORCE/REST/act=0/mav=19625/base=435495/th=56455
1778760585.275,10973,-43,453610,0,22307,26,STAND/UNKNOWN/#0/LOW_FORCE/REST/act=0/mav=19625/base=435495/th=56455
1778760585.276,10974,-43,453138,0,22307,26,STAND/UNKNOWN/#0/LOW_FORCE/REST/act=0/mav=19625/base=435495/th=56455
1778760585.276,10975,-43,453088,0,22307,26,STAND/UNKNOWN/#0/LOW_FORCE/REST/act=0/mav=19625/base=435495/th=56455
1778760585.347,10976,-43,452066,0,22307,26,STAND/UNKNOWN/#0/LOW_FORCE/REST/act=0/mav=19625/base=435495/th=56455
1778760585.348,10977,-43,452364,0,22307,26,STAND/UNKNOWN/#0/LOW_FORCE/REST/act=0/mav=19625/base=435495/th=56455
1778760585.348,10978,-43,453096,0,22307,26,STAND/UNKNOWN/#0/LOW_FORCE/REST/act=0/mav=19625/base=435495/th=56455
1778760585.433,10979,-43,454025,0,24134,26,STAND/UNKNOWN/#0/LOW_FORCE/REST/act=0/mav=21263/base=435495/th=56455
1778760585.433,10980,-43,453823,0,24134,26,STAND/UNKNOWN/#0/LOW_FORCE/REST/act=0/mav=21263/base=435495/th=56455
1778760585.433,10981,-43,452764,0,24134,26,STAND/UNKNOWN/#0/LOW_FORCE/REST/act=0/mav=21263/base=435495/th=56455
1778760585.433,10982,-43,452005,0,24134,26,STAND/UNKNOWN/#0/LOW_FORCE/REST/act=0/mav=21263/base=435495/th=56455
1778760585.433,10983,-43,451824,0,24134,26,STAND/UNKNOWN/#0/LOW_FORCE/REST/act=0/mav=21263/base=435495/th=56455
1778760585.547,10984,-43,450898,0,24134,26,STAND/UNKNOWN/#0/LOW_FORCE/REST/act=0/mav=21263/base=435495/th=56455
1778760585.548,10985,-43,451082,0,24134,26,STAND/UNKNOWN/#0/LOW_FORCE/REST/act=0/mav=21263/base=435495/th=56455
1778760585.548,10986,-43,451569,0,24134,26,STAND/UNKNOWN/#0/LOW_FORCE/REST/act=0/mav=21263/base=435495/th=56455
1778760585.549,10987,-43,452616,0,24134,26,STAND/UNKNOWN/#0/LOW_FORCE/REST/act=0/mav=21263/base=435495/th=56455
1778760585.549,10988,-43,452421,0,24134,26,STAND/UNKNOWN/#0/LOW_FORCE/REST/act=0/mav=21263/base=435495/th=56455
1778760585.634,10989,-43,451941,0,24134,26,STAND/UNKNOWN/#0/LOW_FORCE/REST/act=0/mav=21263/base=435495/th=56455
1778760585.634,10990,-43,451539,0,24134,26,STAND/UNKNOWN/#0/LOW_FORCE/REST/act=0/mav=21263/base=435495/th=56455
1778760585.634,10991,-43,451324,0,24134,26,STAND/UNKNOWN/#0/LOW_FORCE/REST/act=0/mav=21263/base=435495/th=56455
1778760585.634,10992,-43,450633,0,24468,26,STAND/UNKNOWN/#0/LOW_FORCE/REST/act=0/mav=21656/base=435495/th=56455
1778760585.634,10993,-43,450596,0,24468,26,STAND/UNKNOWN/#0/LOW_FORCE/REST/act=0/mav=21656/base=435495/th=56455
1778760585.701,10994,-43,451506,0,24468,26,STAND/UNKNOWN/#0/LOW_FORCE/REST/act=0/mav=21656/base=435495/th=56455
1778760585.702,10995,-43,452994,0,24468,26,STAND/UNKNOWN/#0/LOW_FORCE/REST/act=0/mav=21656/base=435495/th=56455
1778760585.702,10996,-43,452444,0,24468,26,STAND/UNKNOWN/#0/LOW_FORCE/REST/act=0/mav=21656/base=435495/th=56455
1778760585.782,10997,-43,451467,0,24468,26,STAND/UNKNOWN/#0/LOW_FORCE/REST/act=0/mav=21656/base=435495/th=56455
1778760585.782,10998,-43,451369,0,24468,26,STAND/UNKNOWN/#0/LOW_FORCE/REST/act=0/mav=21656/base=435495/th=56455
1778760585.782,10999,-43,451431,0,24468,26,STAND/UNKNOWN/#0/LOW_FORCE/REST/act=0/mav=21656/base=435495/th=56455
1778760585.782,11000,-43,450976,0,24468,26,STAND/UNKNOWN/#0/LOW_FORCE/REST/act=0/mav=21656/base=435495/th=56455
1778760585.858,11001,-43,451215,0,24468,26,STAND/UNKNOWN/#0/LOW_FORCE/REST/act=0/mav=21656/base=435495/th=56455
1778760585.859,11002,-43,451879,0,24468,26,STAND/UNKNOWN/#0/LOW_FORCE/REST/act=0/mav=21656/base=435495/th=56455
1778760585.859,11003,-43,452953,0,24468,26,STAND/UNKNOWN/#0/LOW_FORCE/REST/act=0/mav=21656/base=435495/th=56455
1778760585.859,11004,-43,452863,0,23294,25,STAND/UNKNOWN/#0/LOW_FORCE/REST/act=0/mav=20711/base=435495/th=56455
1778760585.941,11005,-43,452005,0,23294,25,STAND/UNKNOWN/#0/LOW_FORCE/REST/act=0/mav=20711/base=435495/th=56455
1778760585.942,11006,-43,451583,0,23294,25,STAND/UNKNOWN/#0/LOW_FORCE/REST/act=0/mav=20711/base=435495/th=56455
1778760585.942,11007,-43,451144,0,23294,25,STAND/UNKNOWN/#0/LOW_FORCE/REST/act=0/mav=20711/base=435495/th=56455
1778760585.942,11008,-43,450563,0,23294,25,STAND/UNKNOWN/#0/LOW_FORCE/REST/act=0/mav=20711/base=435495/th=56455
1778760586.027,11009,-43,451126,0,23294,25,STAND/UNKNOWN/#0/LOW_FORCE/REST/act=0/mav=20711/base=435495/th=56455
1778760586.027,11010,-43,452008,0,23294,25,STAND/UNKNOWN/#0/LOW_FORCE/REST/act=0/mav=20711/base=435495/th=56455
1778760586.028,11011,-43,452909,0,23294,25,STAND/UNKNOWN/#0/LOW_FORCE/REST/act=0/mav=20711/base=435495/th=56455
1778760586.028,11012,-43,452850,0,23294,25,STAND/UNKNOWN/#0/LOW_FORCE/REST/act=0/mav=20711/base=435495/th=56455
1778760586.094,11013,-43,451924,0,23294,25,STAND/UNKNOWN/#0/LOW_FORCE/REST/act=0/mav=20711/base=435495/th=56455
1778760586.094,11014,-43,451772,0,23294,25,STAND/UNKNOWN/#0/LOW_FORCE/REST/act=0/mav=20711/base=435495/th=56455
1778760586.094,11015,-43,451526,0,23294,25,STAND/UNKNOWN/#0/LOW_FORCE/REST/act=0/mav=20711/base=435495/th=56455
1778760586.095,11016,-43,450990,0,23294,25,STAND/UNKNOWN/#0/LOW_FORCE/REST/act=0/mav=20711/base=435495/th=56455
1778760586.162,11017,-43,451393,0,22774,25,STAND/UNKNOWN/#0/LOW_FORCE/REST/act=0/mav=20325/base=435495/th=56455
1778760586.162,11018,-43,452133,0,22774,25,STAND/UNKNOWN/#0/LOW_FORCE/REST/act=0/mav=20325/base=435495/th=56455
1778760586.162,11019,-43,452993,0,22774,25,STAND/UNKNOWN/#0/LOW_FORCE/REST/act=0/mav=20325/base=435495/th=56455
1778760586.222,11020,-43,452899,0,22774,25,STAND/UNKNOWN/#0/LOW_FORCE/REST/act=0/mav=20325/base=435495/th=56455
1778760586.223,11021,-43,452273,0,22774,25,STAND/UNKNOWN/#0/LOW_FORCE/REST/act=0/mav=20325/base=435495/th=56455
1778760586.223,11022,-43,451874,0,22774,25,STAND/UNKNOWN/#0/LOW_FORCE/REST/act=0/mav=20325/base=435495/th=56455
1778760586.285,11023,-43,451820,0,22774,25,STAND/UNKNOWN/#0/LOW_FORCE/REST/act=0/mav=20325/base=435495/th=56455
1778760586.285,11024,-43,451028,0,22774,25,STAND/UNKNOWN/#0/LOW_FORCE/REST/act=0/mav=20325/base=435495/th=56455
1778760586.285,11025,-43,451363,0,22774,25,STAND/UNKNOWN/#0/LOW_FORCE/REST/act=0/mav=20325/base=435495/th=56455
1778760586.348,11026,-43,452351,0,22774,25,STAND/UNKNOWN/#0/LOW_FORCE/REST/act=0/mav=20325/base=435495/th=56455
1778760586.349,11027,-43,453213,0,22774,25,STAND/UNKNOWN/#0/LOW_FORCE/REST/act=0/mav=20325/base=435495/th=56455
1778760586.349,11028,-43,453031,0,22774,25,STAND/UNKNOWN/#0/LOW_FORCE/REST/act=0/mav=20325/base=435495/th=56455
1778760586.412,11029,-43,452479,0,22774,25,STAND/UNKNOWN/#0/LOW_FORCE/REST/act=0/mav=20325/base=435495/th=56455
1778760586.412,11030,-43,452322,0,22796,26,STAND/UNKNOWN/#0/LOW_FORCE/REST/act=0/mav=20327/base=435495/th=56455
1778760586.412,11031,-43,452424,0,22796,26,STAND/UNKNOWN/#0/LOW_FORCE/REST/act=0/mav=20327/base=435495/th=56455
1778760586.412,11032,-43,451758,0,22796,26,STAND/UNKNOWN/#0/LOW_FORCE/REST/act=0/mav=20327/base=435495/th=56455
1778760586.476,11033,-43,451756,0,22796,26,STAND/UNKNOWN/#0/LOW_FORCE/REST/act=0/mav=20327/base=435495/th=56455
1778760586.476,11034,-43,452583,0,22796,26,STAND/UNKNOWN/#0/LOW_FORCE/REST/act=0/mav=20327/base=435495/th=56455
1778760586.476,11035,-43,453719,0,22796,26,STAND/UNKNOWN/#0/LOW_FORCE/REST/act=0/mav=20327/base=435495/th=56455
1778760586.569,11036,-43,453841,0,22796,26,STAND/UNKNOWN/#0/LOW_FORCE/REST/act=0/mav=20327/base=435495/th=56455
1778760586.569,11037,-43,452562,0,22796,26,STAND/UNKNOWN/#0/LOW_FORCE/REST/act=0/mav=20327/base=435495/th=56455
1778760586.569,11038,-43,452305,0,22796,26,STAND/UNKNOWN/#0/LOW_FORCE/REST/act=0/mav=20327/base=435495/th=56455
1778760586.569,11039,-43,452233,0,22796,26,STAND/UNKNOWN/#0/LOW_FORCE/REST/act=0/mav=20327/base=435495/th=56455
1778760586.637,11040,-43,451959,0,22796,26,STAND/UNKNOWN/#0/LOW_FORCE/REST/act=0/mav=20327/base=435495/th=56455
1778760586.637,11041,-43,452288,0,22796,26,STAND/UNKNOWN/#0/LOW_FORCE/REST/act=0/mav=20327/base=435495/th=56455
1778760586.637,11042,-43,453008,0,22796,26,STAND/UNKNOWN/#0/LOW_FORCE/REST/act=0/mav=20327/base=435495/th=56455
1778760586.637,11043,-43,454054,0,23056,26,STAND/UNKNOWN/#0/LOW_FORCE/REST/act=0/mav=20663/base=435495/th=56455
1778760586.697,11044,-43,454034,0,23056,26,STAND/UNKNOWN/#0/LOW_FORCE/REST/act=0/mav=20663/base=435495/th=56455
1778760586.697,11045,-43,453401,0,23056,26,STAND/UNKNOWN/#0/LOW_FORCE/REST/act=0/mav=20663/base=435495/th=56455
1778760586.697,11046,-43,452436,0,23056,26,STAND/UNKNOWN/#0/LOW_FORCE/REST/act=0/mav=20663/base=435495/th=56455
1778760586.791,11047,-43,452566,0,23056,26,STAND/UNKNOWN/#0/LOW_FORCE/REST/act=0/mav=20663/base=435495/th=56455
1778760586.791,11048,-43,452217,0,23056,26,STAND/UNKNOWN/#0/LOW_FORCE/REST/act=0/mav=20663/base=435495/th=56455
1778760586.791,11049,-43,452626,0,23056,26,STAND/UNKNOWN/#0/LOW_FORCE/REST/act=0/mav=20663/base=435495/th=56455
1778760586.891,11050,-43,452976,0,23056,26,STAND/UNKNOWN/#0/LOW_FORCE/REST/act=0/mav=20663/base=435495/th=56455
1778760586.891,11051,-43,453979,0,23056,26,STAND/UNKNOWN/#0/LOW_FORCE/REST/act=0/mav=20663/base=435495/th=56455
1778760586.891,11052,-43,454184,0,23056,26,STAND/UNKNOWN/#0/LOW_FORCE/REST/act=0/mav=20663/base=435495/th=56455
1778760586.891,11053,-43,453661,0,23056,26,STAND/UNKNOWN/#0/LOW_FORCE/REST/act=0/mav=20663/base=435495/th=56455
1778760586.892,11054,-43,453449,0,23056,26,STAND/UNKNOWN/#0/LOW_FORCE/REST/act=0/mav=20663/base=435495/th=56455
1778760586.892,11055,-43,453373,0,23056,26,STAND/UNKNOWN/#0/LOW_FORCE/REST/act=0/mav=20663/base=435495/th=56455
1778760586.975,11056,-43,452723,0,23073,26,STAND/UNKNOWN/#0/LOW_FORCE/REST/act=0/mav=20718/base=435495/th=56455
1778760586.975,11057,-43,452909,0,23073,26,STAND/UNKNOWN/#0/LOW_FORCE/REST/act=0/mav=20718/base=435495/th=56455
1778760586.975,11058,-43,453812,0,23073,26,STAND/UNKNOWN/#0/LOW_FORCE/REST/act=0/mav=20718/base=435495/th=56455
1778760586.976,11059,-43,455014,0,23073,26,STAND/UNKNOWN/#0/LOW_FORCE/REST/act=0/mav=20718/base=435495/th=56455
1778760586.976,11060,-43,454436,0,23073,26,STAND/UNKNOWN/#0/LOW_FORCE/REST/act=0/mav=20718/base=435495/th=56455
1778760587.065,11061,-43,453684,0,23073,26,STAND/UNKNOWN/#0/LOW_FORCE/REST/act=0/mav=20718/base=435495/th=56455
1778760587.065,11062,-43,453421,0,23073,26,STAND/UNKNOWN/#0/LOW_FORCE/REST/act=0/mav=20718/base=435495/th=56455
1778760587.065,11063,-43,453616,0,23073,26,STAND/UNKNOWN/#0/LOW_FORCE/REST/act=0/mav=20718/base=435495/th=56455
1778760587.065,11064,-43,452684,0,23073,26,STAND/UNKNOWN/#0/LOW_FORCE/REST/act=0/mav=20718/base=435495/th=56455
1778760587.146,11065,-43,453093,0,23073,26,STAND/UNKNOWN/#0/LOW_FORCE/REST/act=0/mav=20718/base=435495/th=56455
1778760587.146,11066,-43,453564,0,23073,26,STAND/UNKNOWN/#0/LOW_FORCE/REST/act=0/mav=20718/base=435495/th=56455
1778760587.146,11067,-43,454990,0,23073,26,STAND/UNKNOWN/#0/LOW_FORCE/REST/act=0/mav=20718/base=435495/th=56455
1778760587.146,11068,-43,455168,0,22895,25,STAND/UNKNOWN/#0/LOW_FORCE/REST/act=0/mav=20516/base=435495/th=56455
1778760587.210,11069,-43,454266,0,22895,25,STAND/UNKNOWN/#0/LOW_FORCE/REST/act=0/mav=20516/base=435495/th=56455
1778760587.210,11070,-43,453889,0,22895,25,STAND/UNKNOWN/#0/LOW_FORCE/REST/act=0/mav=20516/base=435495/th=56455
1778760587.210,11071,-43,453985,0,22895,25,STAND/UNKNOWN/#0/LOW_FORCE/REST/act=0/mav=20516/base=435495/th=56455
1778760587.275,11072,-43,453065,0,22895,25,STAND/UNKNOWN/#0/LOW_FORCE/REST/act=0/mav=20516/base=435495/th=56455
1778760587.275,11073,-43,453443,0,22895,25,STAND/UNKNOWN/#0/LOW_FORCE/REST/act=0/mav=20516/base=435495/th=56455
1778760587.275,11074,-43,454123,0,22895,25,STAND/UNKNOWN/#0/LOW_FORCE/REST/act=0/mav=20516/base=435495/th=56455
1778760587.275,11075,-43,455552,0,22895,25,STAND/UNKNOWN/#0/LOW_FORCE/REST/act=0/mav=20516/base=435495/th=56455
1778760587.333,11076,-43,455601,0,22895,25,STAND/UNKNOWN/#0/LOW_FORCE/REST/act=0/mav=20516/base=435495/th=56455
1778760587.333,11077,-43,454556,0,22895,25,STAND/UNKNOWN/#0/LOW_FORCE/REST/act=0/mav=20516/base=435495/th=56455
1778760587.333,11078,-43,454343,0,22895,25,STAND/UNKNOWN/#0/LOW_FORCE/REST/act=0/mav=20516/base=435495/th=56455
1778760587.392,11079,-43,454351,0,22895,25,STAND/UNKNOWN/#0/LOW_FORCE/REST/act=0/mav=20516/base=435495/th=56455
1778760587.393,11080,-43,453999,0,22895,25,STAND/UNKNOWN/#0/LOW_FORCE/REST/act=0/mav=20516/base=435495/th=56455
1778760587.393,11081,-43,453989,0,22786,25,STAND/UNKNOWN/#0/LOW_FORCE/REST/act=0/mav=20453/base=435495/th=56455
1778760587.456,11082,-43,454164,0,22786,25,STAND/UNKNOWN/#0/LOW_FORCE/REST/act=0/mav=20453/base=435495/th=56455
1778760587.456,11083,-43,455381,0,22786,25,STAND/UNKNOWN/#0/LOW_FORCE/REST/act=0/mav=20453/base=435495/th=56455
1778760587.456,11084,-43,455409,0,22786,25,STAND/UNKNOWN/#0/LOW_FORCE/REST/act=0/mav=20453/base=435495/th=56455
1778760587.518,11085,-43,454548,0,22786,25,STAND/UNKNOWN/#0/LOW_FORCE/REST/act=0/mav=20453/base=435495/th=56455
1778760587.519,11086,-43,454412,0,22786,25,STAND/UNKNOWN/#0/LOW_FORCE/REST/act=0/mav=20453/base=435495/th=56455
1778760587.519,11087,-43,454397,0,22786,25,STAND/UNKNOWN/#0/LOW_FORCE/REST/act=0/mav=20453/base=435495/th=56455
1778760587.624,11088,-43,453787,0,22786,25,STAND/UNKNOWN/#0/LOW_FORCE/REST/act=0/mav=20453/base=435495/th=56455
1778760587.624,11089,-43,454243,0,22786,25,STAND/UNKNOWN/#0/LOW_FORCE/REST/act=0/mav=20453/base=435495/th=56455
1778760587.624,11090,-43,455027,0,22786,25,STAND/UNKNOWN/#0/LOW_FORCE/REST/act=0/mav=20453/base=435495/th=56455
1778760587.624,11091,-43,455927,0,22786,25,STAND/UNKNOWN/#0/LOW_FORCE/REST/act=0/mav=20453/base=435495/th=56455
1778760587.624,11092,-43,455825,0,22786,25,STAND/UNKNOWN/#0/LOW_FORCE/REST/act=0/mav=20453/base=435495/th=56455
1778760587.689,11093,-43,455391,0,22786,25,STAND/UNKNOWN/#0/LOW_FORCE/REST/act=0/mav=20453/base=435495/th=56455
1778760587.689,11094,-43,454782,0,22812,26,STAND/UNKNOWN/#0/LOW_FORCE/REST/act=0/mav=20511/base=435495/th=56455
1778760587.690,11095,-43,454871,0,22812,26,STAND/UNKNOWN/#0/LOW_FORCE/REST/act=0/mav=20511/base=435495/th=56455
1778760587.755,11096,-43,454105,0,22812,26,STAND/UNKNOWN/#0/LOW_FORCE/REST/act=0/mav=20511/base=435495/th=56455
1778760587.755,11097,-43,454491,0,22812,26,STAND/UNKNOWN/#0/LOW_FORCE/REST/act=0/mav=20511/base=435495/th=56455
1778760587.755,11098,-43,455376,0,22812,26,STAND/UNKNOWN/#0/LOW_FORCE/REST/act=0/mav=20511/base=435495/th=56455
1778760587.755,11099,-43,456071,0,22812,26,STAND/UNKNOWN/#0/LOW_FORCE/REST/act=0/mav=20511/base=435495/th=56455
1778760587.850,11100,-43,456109,0,22812,26,STAND/UNKNOWN/#0/LOW_FORCE/REST/act=0/mav=20511/base=435495/th=56455
1778760587.851,11101,-43,455333,0,22812,26,STAND/UNKNOWN/#0/LOW_FORCE/REST/act=0/mav=20511/base=435495/th=56455
1778760587.851,11102,-43,455067,0,22812,26,STAND/UNKNOWN/#0/LOW_FORCE/REST/act=0/mav=20511/base=435495/th=56455
1778760587.851,11103,-43,455213,0,22812,26,STAND/UNKNOWN/#0/LOW_FORCE/REST/act=0/mav=20511/base=435495/th=56455
1778760587.851,11104,-43,454757,0,22812,26,STAND/UNKNOWN/#0/LOW_FORCE/REST/act=0/mav=20511/base=435495/th=56455
1778760587.915,11105,-43,454980,0,22812,26,STAND/UNKNOWN/#0/LOW_FORCE/REST/act=0/mav=20511/base=435495/th=56455
1778760587.915,11106,-43,455676,0,22812,26,STAND/UNKNOWN/#0/LOW_FORCE/REST/act=0/mav=20511/base=435495/th=56455
1778760587.915,11107,-43,456384,0,22879,26,STAND/UNKNOWN/#0/LOW_FORCE/REST/act=0/mav=20692/base=435495/th=56455
1778760587.976,11108,-43,456773,0,22879,26,STAND/UNKNOWN/#0/LOW_FORCE/REST/act=0/mav=20692/base=435495/th=56455
1778760587.976,11109,-43,456205,0,22879,26,STAND/UNKNOWN/#0/LOW_FORCE/REST/act=0/mav=20692/base=435495/th=56455
1778760587.976,11110,-43,455869,0,22879,26,STAND/UNKNOWN/#0/LOW_FORCE/REST/act=0/mav=20692/base=435495/th=56455
1778760588.038,11111,-43,455947,0,22879,26,STAND/UNKNOWN/#0/LOW_FORCE/REST/act=0/mav=20692/base=435495/th=56455
1778760588.038,11112,-43,454895,0,22879,26,STAND/UNKNOWN/#0/LOW_FORCE/REST/act=0/mav=20692/base=435495/th=56455
1778760588.038,11113,-43,455854,0,22879,26,STAND/UNKNOWN/#0/LOW_FORCE/REST/act=0/mav=20692/base=435495/th=56455
1778760588.100,11114,-43,456511,0,22879,26,STAND/UNKNOWN/#0/LOW_FORCE/REST/act=0/mav=20692/base=435495/th=56455
1778760588.100,11115,-43,457443,0,22879,26,STAND/UNKNOWN/#0/LOW_FORCE/REST/act=0/mav=20692/base=435495/th=56455
1778760588.100,11116,-43,457378,0,22879,26,STAND/UNKNOWN/#0/LOW_FORCE/REST/act=0/mav=20692/base=435495/th=56455
1778760588.160,11117,-43,456658,0,22879,26,STAND/UNKNOWN/#0/LOW_FORCE/REST/act=0/mav=20692/base=435495/th=56455
1778760588.162,11118,-43,456392,0,22879,26,STAND/UNKNOWN/#0/LOW_FORCE/REST/act=0/mav=20692/base=435495/th=56455
1778760588.162,11119,-43,456407,0,22879,26,STAND/UNKNOWN/#0/LOW_FORCE/REST/act=0/mav=20692/base=435495/th=56455
1778760588.219,11120,-43,455988,0,22960,26,STAND/UNKNOWN/#0/LOW_FORCE/REST/act=0/mav=20752/base=435495/th=56455
1778760588.219,11121,-43,456459,0,22960,26,STAND/UNKNOWN/#0/LOW_FORCE/REST/act=0/mav=20752/base=435495/th=56455
1778760588.219,11122,-43,457113,0,22960,26,STAND/UNKNOWN/#0/LOW_FORCE/REST/act=0/mav=20752/base=435495/th=56455
1778760588.277,11123,-43,458318,0,22960,26,STAND/UNKNOWN/#0/LOW_FORCE/REST/act=0/mav=20752/base=435495/th=56455
1778760588.277,11124,-43,457861,0,22960,26,STAND/UNKNOWN/#0/LOW_FORCE/REST/act=0/mav=20752/base=435495/th=56455
1778760588.277,11125,-43,457526,0,22960,26,STAND/UNKNOWN/#0/LOW_FORCE/REST/act=0/mav=20752/base=435495/th=56455
1778760588.340,11126,-43,456989,0,22960,26,STAND/UNKNOWN/#0/LOW_FORCE/REST/act=0/mav=20752/base=435495/th=56455
1778760588.340,11127,-43,456903,0,22960,26,STAND/UNKNOWN/#0/LOW_FORCE/REST/act=0/mav=20752/base=435495/th=56455
1778760588.340,11128,-43,456664,0,22960,26,STAND/UNKNOWN/#0/LOW_FORCE/REST/act=0/mav=20752/base=435495/th=56455
1778760588.429,11129,-43,457161,0,22960,26,STAND/UNKNOWN/#0/LOW_FORCE/REST/act=0/mav=20752/base=435495/th=56455
1778760588.430,11130,-43,458061,0,22960,26,STAND/UNKNOWN/#0/LOW_FORCE/REST/act=0/mav=20752/base=435495/th=56455
1778760588.430,11131,-43,458989,0,22960,26,STAND/UNKNOWN/#0/LOW_FORCE/REST/act=0/mav=20752/base=435495/th=56455
1778760588.430,11132,-43,458756,0,22940,25,STAND/UNKNOWN/#0/LOW_FORCE/REST/act=0/mav=20662/base=435495/th=56455
1778760588.511,11133,-43,458244,0,22940,25,STAND/UNKNOWN/#0/LOW_FORCE/REST/act=0/mav=20662/base=435495/th=56455
1778760588.512,11134,-43,457708,0,22940,25,STAND/UNKNOWN/#0/LOW_FORCE/REST/act=0/mav=20662/base=435495/th=56455
1778760588.512,11135,-43,457775,0,22940,25,STAND/UNKNOWN/#0/LOW_FORCE/REST/act=0/mav=20662/base=435495/th=56455
1778760588.512,11136,-43,457038,0,22940,25,STAND/UNKNOWN/#0/LOW_FORCE/REST/act=0/mav=20662/base=435495/th=56455
1778760588.512,11137,-43,457790,0,22940,25,STAND/UNKNOWN/#0/LOW_FORCE/REST/act=0/mav=20662/base=435495/th=56455
1778760588.576,11138,-43,458797,0,22940,25,STAND/UNKNOWN/#0/LOW_FORCE/REST/act=0/mav=20662/base=435495/th=56455
1778760588.576,11139,-43,459625,0,22940,25,STAND/UNKNOWN/#0/LOW_FORCE/REST/act=0/mav=20662/base=435495/th=56455
1778760588.576,11140,-43,459726,0,22940,25,STAND/UNKNOWN/#0/LOW_FORCE/REST/act=0/mav=20662/base=435495/th=56455
1778760588.636,11141,-43,458950,0,22940,25,STAND/UNKNOWN/#0/LOW_FORCE/REST/act=0/mav=20662/base=435495/th=56455
1778760588.637,11142,-43,458538,0,22940,25,STAND/UNKNOWN/#0/LOW_FORCE/REST/act=0/mav=20662/base=435495/th=56455
1778760588.637,11143,-43,458505,0,22940,25,STAND/UNKNOWN/#0/LOW_FORCE/REST/act=0/mav=20662/base=435495/th=56455
1778760588.698,11144,-43,458185,0,22940,25,STAND/UNKNOWN/#0/LOW_FORCE/REST/act=0/mav=20662/base=435495/th=56455
1778760588.699,11145,-43,458634,0,22835,25,STAND/UNKNOWN/#0/LOW_FORCE/REST/act=0/mav=20615/base=435495/th=56455
1778760588.699,11146,-43,459467,0,22835,25,STAND/UNKNOWN/#0/LOW_FORCE/REST/act=0/mav=20615/base=435495/th=56455
1778760588.804,11147,-43,460034,0,22835,25,STAND/UNKNOWN/#0/LOW_FORCE/REST/act=0/mav=20615/base=435495/th=56455
1778760588.804,11148,-43,460171,0,22835,25,STAND/UNKNOWN/#0/LOW_FORCE/REST/act=0/mav=20615/base=435495/th=56455
1778760588.804,11149,-43,459228,0,22835,25,STAND/UNKNOWN/#0/LOW_FORCE/REST/act=0/mav=20615/base=435495/th=56455
1778760588.804,11150,-43,459004,0,22835,25,STAND/UNKNOWN/#0/LOW_FORCE/REST/act=0/mav=20615/base=435495/th=56455
1778760588.805,11151,-43,458639,0,22835,25,STAND/UNKNOWN/#0/LOW_FORCE/REST/act=0/mav=20615/base=435495/th=56455
1778760588.889,11152,-43,458542,0,22835,25,STAND/UNKNOWN/#0/LOW_FORCE/REST/act=0/mav=20615/base=435495/th=56455
1778760588.889,11153,-43,458819,0,22835,25,STAND/UNKNOWN/#0/LOW_FORCE/REST/act=0/mav=20615/base=435495/th=56455
1778760588.889,11154,-43,459514,0,22835,25,STAND/UNKNOWN/#0/LOW_FORCE/REST/act=0/mav=20615/base=435495/th=56455
1778760588.889,11155,-43,460391,0,22835,25,STAND/UNKNOWN/#0/LOW_FORCE/REST/act=0/mav=20615/base=435495/th=56455
1778760588.976,11156,-43,460296,0,22835,25,STAND/UNKNOWN/#0/LOW_FORCE/REST/act=0/mav=20615/base=435495/th=56455
1778760588.976,11157,-43,459255,0,22835,25,STAND/UNKNOWN/#0/LOW_FORCE/REST/act=0/mav=20615/base=435495/th=56455
1778760588.976,11158,-43,459115,0,22843,26,STAND/UNKNOWN/#0/LOW_FORCE/REST/act=0/mav=20631/base=435495/th=56455
1778760588.976,11159,-43,458814,0,22843,26,STAND/UNKNOWN/#0/LOW_FORCE/REST/act=0/mav=20631/base=435495/th=56455
1778760588.976,11160,-43,457898,0,22843,26,STAND/UNKNOWN/#0/LOW_FORCE/REST/act=0/mav=20631/base=435495/th=56455
1778760589.052,11161,-43,458738,0,22843,26,STAND/UNKNOWN/#0/LOW_FORCE/REST/act=0/mav=20631/base=435495/th=56455
1778760589.053,11162,-43,459519,0,22843,26,STAND/UNKNOWN/#0/LOW_FORCE/REST/act=0/mav=20631/base=435495/th=56455
1778760589.053,11163,-43,460549,0,22843,26,STAND/UNKNOWN/#0/LOW_FORCE/REST/act=0/mav=20631/base=435495/th=56455
1778760589.053,11164,-43,460444,0,22843,26,STAND/UNKNOWN/#0/LOW_FORCE/REST/act=0/mav=20631/base=435495/th=56455
1778760589.141,11165,-43,459724,0,22843,26,STAND/UNKNOWN/#0/LOW_FORCE/REST/act=0/mav=20631/base=435495/th=56455
1778760589.141,11166,-43,459319,0,22843,26,STAND/UNKNOWN/#0/LOW_FORCE/REST/act=0/mav=20631/base=435495/th=56455
1778760589.141,11167,-43,459366,0,22843,26,STAND/UNKNOWN/#0/LOW_FORCE/REST/act=0/mav=20631/base=435495/th=56455
1778760589.141,11168,-43,458817,0,22843,26,STAND/UNKNOWN/#0/LOW_FORCE/REST/act=0/mav=20631/base=435495/th=56455
1778760589.220,11169,-43,459186,0,22843,26,STAND/UNKNOWN/#0/LOW_FORCE/REST/act=0/mav=20631/base=435495/th=56455
1778760589.221,11170,-43,459624,0,22843,26,STAND/UNKNOWN/#0/LOW_FORCE/REST/act=0/mav=20631/base=435495/th=56455
1778760589.221,11171,-43,460772,0,22885,26,STAND/UNKNOWN/#0/LOW_FORCE/REST/act=0/mav=20703/base=435495/th=56455
1778760589.221,11172,-43,460672,0,22885,26,STAND/UNKNOWN/#0/LOW_FORCE/REST/act=0/mav=20703/base=435495/th=56455
1778760589.293,11173,-43,459814,0,22885,26,STAND/UNKNOWN/#0/LOW_FORCE/REST/act=0/mav=20703/base=435495/th=56455
1778760589.294,11174,-43,459428,0,22885,26,STAND/UNKNOWN/#0/LOW_FORCE/REST/act=0/mav=20703/base=435495/th=56455
1778760589.294,11175,-43,459633,0,22885,26,STAND/UNKNOWN/#0/LOW_FORCE/REST/act=0/mav=20703/base=435495/th=56455
1778760589.294,11176,-43,458703,0,22885,26,STAND/UNKNOWN/#0/LOW_FORCE/REST/act=0/mav=20703/base=435495/th=56455
1778760589.362,11177,-43,459359,0,22885,26,STAND/UNKNOWN/#0/LOW_FORCE/REST/act=0/mav=20703/base=435495/th=56455
1778760589.362,11178,-43,460403,0,22885,26,STAND/UNKNOWN/#0/LOW_FORCE/REST/act=0/mav=20703/base=435495/th=56455
1778760589.362,11179,-43,461389,0,22885,26,STAND/UNKNOWN/#0/LOW_FORCE/REST/act=0/mav=20703/base=435495/th=56455
1778760589.448,11180,-43,461299,0,22885,26,STAND/UNKNOWN/#0/LOW_FORCE/REST/act=0/mav=20703/base=435495/th=56455
1778760589.448,11181,-43,460834,0,22885,26,STAND/UNKNOWN/#0/LOW_FORCE/REST/act=0/mav=20703/base=435495/th=56455
1778760589.448,11182,-43,460201,0,22885,26,STAND/UNKNOWN/#0/LOW_FORCE/REST/act=0/mav=20703/base=435495/th=56455
1778760589.448,11183,-43,460429,0,22885,26,STAND/UNKNOWN/#0/LOW_FORCE/REST/act=0/mav=20703/base=435495/th=56455
1778760589.526,11184,-43,460260,0,22751,26,STAND/UNKNOWN/#0/LOW_FORCE/REST/act=0/mav=20602/base=435495/th=56455
1778760589.526,11185,-43,460180,0,22751,26,STAND/UNKNOWN/#0/LOW_FORCE/REST/act=0/mav=20602/base=435495/th=56455
1778760589.527,11186,-43,461448,0,22751,26,STAND/UNKNOWN/#0/LOW_FORCE/REST/act=0/mav=20602/base=435495/th=56455
1778760589.527,11187,-43,462601,0,22751,26,STAND/UNKNOWN/#0/LOW_FORCE/REST/act=0/mav=20602/base=435495/th=56455
1778760589.620,11188,-43,462839,0,22751,26,STAND/UNKNOWN/#0/LOW_FORCE/REST/act=0/mav=20602/base=435495/th=56455
1778760589.620,11189,-43,462442,0,22751,26,STAND/UNKNOWN/#0/LOW_FORCE/REST/act=0/mav=20602/base=435495/th=56455
1778760589.620,11190,-43,462191,0,22751,26,STAND/UNKNOWN/#0/LOW_FORCE/REST/act=0/mav=20602/base=435495/th=56455
1778760589.621,11191,-43,462217,0,22751,26,STAND/UNKNOWN/#0/LOW_FORCE/REST/act=0/mav=20602/base=435495/th=56455
1778760589.621,11192,-43,461889,0,22751,26,STAND/UNKNOWN/#0/LOW_FORCE/REST/act=0/mav=20602/base=435495/th=56455
1778760589.690,11193,-43,462787,0,22751,26,STAND/UNKNOWN/#0/LOW_FORCE/REST/act=0/mav=20602/base=435495/th=56455
1778760589.691,11194,-43,463553,0,22751,26,STAND/UNKNOWN/#0/LOW_FORCE/REST/act=0/mav=20602/base=435495/th=56455
1778760589.691,11195,-43,465036,0,22751,26,STAND/UNKNOWN/#0/LOW_FORCE/REST/act=0/mav=20602/base=435495/th=56455
1778760589.691,11196,-43,465030,0,22482,25,STAND/UNKNOWN/#0/LOW_FORCE/REST/act=0/mav=20418/base=435495/th=56455
1778760589.751,11197,-43,464672,0,22482,25,STAND/UNKNOWN/#0/LOW_FORCE/REST/act=0/mav=20418/base=435495/th=56455
1778760589.752,11198,-43,464439,0,22482,25,STAND/UNKNOWN/#0/LOW_FORCE/REST/act=0/mav=20418/base=435495/th=56455
1778760589.752,11199,-43,464579,0,22482,25,STAND/UNKNOWN/#0/LOW_FORCE/REST/act=0/mav=20418/base=435495/th=56455
1778760589.828,11200,-43,464427,0,22482,25,STAND/UNKNOWN/#0/LOW_FORCE/REST/act=0/mav=20418/base=435495/th=56455
1778760589.829,11201,-43,464974,0,22482,25,STAND/UNKNOWN/#0/LOW_FORCE/REST/act=0/mav=20418/base=435495/th=56455
1778760589.829,11202,-43,465462,0,22482,25,STAND/UNKNOWN/#0/LOW_FORCE/REST/act=0/mav=20418/base=435495/th=56455
1778760589.907,11203,-43,467123,0,22482,25,STAND/UNKNOWN/#0/LOW_FORCE/REST/act=0/mav=20418/base=435495/th=56455
1778760589.907,11204,-43,467449,0,22482,25,STAND/UNKNOWN/#0/LOW_FORCE/REST/act=0/mav=20418/base=435495/th=56455
1778760589.907,11205,-43,467036,0,22482,25,STAND/UNKNOWN/#0/LOW_FORCE/REST/act=0/mav=20418/base=435495/th=56455
1778760589.907,11206,-43,466641,0,22482,25,STAND/UNKNOWN/#0/LOW_FORCE/REST/act=0/mav=20418/base=435495/th=56455
1778760589.984,11207,-43,466968,0,22482,25,STAND/UNKNOWN/#0/LOW_FORCE/REST/act=0/mav=20418/base=435495/th=56455
1778760589.984,11208,-43,466919,0,22482,25,STAND/UNKNOWN/#0/LOW_FORCE/REST/act=0/mav=20418/base=435495/th=56455
1778760589.984,11209,-43,468031,0,22383,25,STAND/UNKNOWN/#0/LOW_FORCE/REST/act=0/mav=20470/base=435495/th=56455
1778760589.984,11210,-43,469159,0,22383,25,STAND/UNKNOWN/#0/LOW_FORCE/REST/act=0/mav=20470/base=435495/th=56455
1778760590.072,11211,-43,471023,0,22383,25,STAND/UNKNOWN/#0/LOW_FORCE/REST/act=0/mav=20470/base=435495/th=56455
1778760590.073,11212,-43,472038,0,22383,25,STAND/UNKNOWN/#0/LOW_FORCE/REST/act=0/mav=20470/base=435495/th=56455
1778760590.073,11213,-43,474337,0,22383,25,STAND/UNKNOWN/#0/LOW_FORCE/REST/act=0/mav=20470/base=435495/th=56455
1778760590.073,11214,-43,477866,0,22383,25,STAND/UNKNOWN/#0/LOW_FORCE/REST/act=0/mav=20470/base=435495/th=56455
1778760590.073,11215,-43,480772,0,22383,25,STAND/UNKNOWN/#0/LOW_FORCE/REST/act=0/mav=20470/base=435495/th=56455
1778760590.172,11216,-43,482859,0,22383,25,STAND/UNKNOWN/#0/LOW_FORCE/REST/act=0/mav=20470/base=435495/th=56455
1778760590.172,11217,-43,485391,0,22383,25,STAND/UNKNOWN/#0/LOW_FORCE/REST/act=0/mav=20470/base=435495/th=56455
1778760590.172,11218,-43,487712,0,22383,25,STAND/UNKNOWN/#0/LOW_FORCE/REST/act=0/mav=20470/base=435495/th=56455
1778760590.172,11219,-43,490323,0,22383,25,STAND/UNKNOWN/#0/LOW_FORCE/REST/act=0/mav=20470/base=435495/th=56455
1778760590.172,11220,-43,491535,0,22383,25,STAND/UNKNOWN/#0/LOW_FORCE/REST/act=0/mav=20470/base=435495/th=56455
1778760590.258,11221,-43,491836,0,22383,25,STAND/UNKNOWN/#0/LOW_FORCE/REST/act=0/mav=20470/base=435495/th=56455
1778760590.258,11222,-43,492053,0,23965,26,STAND/UNKNOWN/#0/LOW_FORCE/REST/act=0/mav=21332/base=435495/th=56455
1778760590.258,11223,-43,493033,0,23965,26,STAND/UNKNOWN/#0/LOW_FORCE/REST/act=0/mav=21332/base=435495/th=56455
1778760590.258,11224,-43,493119,0,23965,26,STAND/UNKNOWN/#0/LOW_FORCE/REST/act=0/mav=21332/base=435495/th=56455
1778760590.342,11225,-43,493888,0,23965,26,STAND/UNKNOWN/#0/LOW_FORCE/REST/act=0/mav=21332/base=435495/th=56455
1778760590.342,11226,-43,495301,0,23965,26,STAND/UNKNOWN/#0/LOW_FORCE/REST/act=0/mav=21332/base=435495/th=56455
1778760590.342,11227,-43,496578,0,23965,26,STAND/UNKNOWN/#0/LOW_FORCE/REST/act=0/mav=21332/base=435495/th=56455
1778760590.342,11228,-43,497052,0,23965,26,STAND/UNKNOWN/#0/LOW_FORCE/REST/act=0/mav=21332/base=435495/th=56455
1778760590.428,11229,-43,496463,0,23965,26,STAND/UNKNOWN/#0/LOW_FORCE/REST/act=0/mav=21332/base=435495/th=56455
1778760590.429,11230,-43,496541,0,23965,26,STAND/UNKNOWN/#0/LOW_FORCE/REST/act=0/mav=21332/base=435495/th=56455
1778760590.429,11231,-43,496886,0,23965,26,STAND/UNKNOWN/#0/LOW_FORCE/REST/act=0/mav=21332/base=435495/th=56455
1778760590.429,11232,-43,496554,0,23965,26,STAND/UNKNOWN/#0/LOW_FORCE/REST/act=0/mav=21332/base=435495/th=56455
1778760590.518,11233,-43,497194,0,23965,26,STAND/UNKNOWN/#0/LOW_FORCE/REST/act=0/mav=21332/base=435495/th=56455
1778760590.518,11234,-43,498148,0,23965,26,STAND/UNKNOWN/#0/LOW_FORCE/REST/act=0/mav=21332/base=435495/th=56455
1778760590.518,11235,-43,499507,0,25628,26,STAND/UNKNOWN/#0/LOW_FORCE/REST/act=0/mav=22436/base=435495/th=56455
1778760590.518,11236,-43,499688,0,25628,26,STAND/UNKNOWN/#0/LOW_FORCE/REST/act=0/mav=22436/base=435495/th=56455
1778760590.518,11237,-43,499063,0,25628,26,STAND/UNKNOWN/#0/LOW_FORCE/REST/act=0/mav=22436/base=435495/th=56455
1778760590.608,11238,-43,498770,0,25628,26,STAND/UNKNOWN/#0/LOW_FORCE/REST/act=0/mav=22436/base=435495/th=56455
1778760590.608,11239,-43,498937,0,25628,26,STAND/UNKNOWN/#0/LOW_FORCE/REST/act=0/mav=22436/base=435495/th=56455
1778760590.608,11240,-43,498407,0,25628,26,STAND/UNKNOWN/#0/LOW_FORCE/REST/act=0/mav=22436/base=435495/th=56455
1778760590.608,11241,-43,499022,0,25628,26,STAND/UNKNOWN/#0/LOW_FORCE/REST/act=0/mav=22436/base=435495/th=56455
1778760590.676,11242,-43,499790,0,25628,26,STAND/UNKNOWN/#0/LOW_FORCE/REST/act=0/mav=22436/base=435495/th=56455
1778760590.676,11243,-43,500928,0,25628,26,STAND/UNKNOWN/#0/LOW_FORCE/REST/act=0/mav=22436/base=435495/th=56455
1778760590.676,11244,-43,500865,0,25628,26,STAND/UNKNOWN/#0/LOW_FORCE/REST/act=0/mav=22436/base=435495/th=56455
1778760590.676,11245,-43,500498,0,25628,26,STAND/UNKNOWN/#0/LOW_FORCE/REST/act=0/mav=22436/base=435495/th=56455
1778760590.756,11246,-43,500548,0,25628,26,STAND/UNKNOWN/#0/LOW_FORCE/REST/act=0/mav=22436/base=435495/th=56455
1778760590.756,11247,-43,500751,0,25628,26,STAND/UNKNOWN/#0/LOW_FORCE/REST/act=0/mav=22436/base=435495/th=56455
1778760590.756,11248,-43,500217,0,24741,26,STAND/UNKNOWN/#0/LOW_FORCE/REST/act=0/mav=22226/base=435495/th=56455
1778760590.846,11249,-43,500887,0,24741,26,STAND/UNKNOWN/#0/LOW_FORCE/REST/act=0/mav=22226/base=435495/th=56455
1778760590.846,11250,-43,501908,0,24741,26,STAND/UNKNOWN/#0/LOW_FORCE/REST/act=0/mav=22226/base=435495/th=56455
1778760590.846,11251,-43,502895,0,24741,26,STAND/UNKNOWN/#0/LOW_FORCE/REST/act=0/mav=22226/base=435495/th=56455
1778760590.847,11252,-43,503258,0,24741,26,STAND/UNKNOWN/#0/LOW_FORCE/REST/act=0/mav=22226/base=435495/th=56455
1778760590.847,11253,-43,502392,0,24741,26,STAND/UNKNOWN/#0/LOW_FORCE/REST/act=0/mav=22226/base=435495/th=56455
1778760590.922,11254,-43,502283,0,24741,26,STAND/UNKNOWN/#0/LOW_FORCE/REST/act=0/mav=22226/base=435495/th=56455
1778760590.922,11255,-43,502286,0,24741,26,STAND/UNKNOWN/#0/LOW_FORCE/REST/act=0/mav=22226/base=435495/th=56455
1778760590.922,11256,-43,501879,0,24741,26,STAND/UNKNOWN/#0/LOW_FORCE/REST/act=0/mav=22226/base=435495/th=56455
1778760590.922,11257,-43,502174,0,24741,26,STAND/UNKNOWN/#0/LOW_FORCE/REST/act=0/mav=22226/base=435495/th=56455
1778760591.006,11258,-43,503277,0,24741,26,STAND/UNKNOWN/#0/LOW_FORCE/REST/act=0/mav=22226/base=435495/th=56455
1778760591.006,11259,-43,504229,0,24741,26,STAND/UNKNOWN/#0/LOW_FORCE/REST/act=0/mav=22226/base=435495/th=56455
1778760591.006,11260,-43,504337,0,23091,25,STAND/UNKNOWN/#0/LOW_FORCE/REST/act=0/mav=21236/base=435495/th=56455
1778760591.006,11261,-43,503597,0,23091,25,STAND/UNKNOWN/#0/LOW_FORCE/REST/act=0/mav=21236/base=435495/th=56455
1778760591.069,11262,-43,503362,0,23091,25,STAND/UNKNOWN/#0/LOW_FORCE/REST/act=0/mav=21236/base=435495/th=56455
1778760591.069,11263,-43,503473,0,23091,25,STAND/UNKNOWN/#0/LOW_FORCE/REST/act=0/mav=21236/base=435495/th=56455
1778760591.069,11264,-43,502965,0,23091,25,STAND/UNKNOWN/#0/LOW_FORCE/REST/act=0/mav=21236/base=435495/th=56455
1778760591.132,11265,-43,503425,0,23091,25,STAND/UNKNOWN/#0/LOW_FORCE/REST/act=0/mav=21236/base=435495/th=56455
1778760591.132,11266,-43,503939,0,23091,25,STAND/UNKNOWN/#0/LOW_FORCE/REST/act=0/mav=21236/base=435495/th=56455
1778760591.132,11267,-43,504984,0,23091,25,STAND/UNKNOWN/#0/LOW_FORCE/REST/act=0/mav=21236/base=435495/th=56455
1778760591.132,11268,-43,505087,0,23091,25,STAND/UNKNOWN/#0/LOW_FORCE/REST/act=0/mav=21236/base=435495/th=56455
1778760591.222,11269,-43,504431,0,23091,25,STAND/UNKNOWN/#0/LOW_FORCE/REST/act=0/mav=21236/base=435495/th=56455
1778760591.222,11270,-43,504138,0,23091,25,STAND/UNKNOWN/#0/LOW_FORCE/REST/act=0/mav=21236/base=435495/th=56455
1778760591.222,11271,-43,504104,0,23091,25,STAND/UNKNOWN/#0/LOW_FORCE/REST/act=0/mav=21236/base=435495/th=56455
1778760591.222,11272,-43,503709,0,23091,25,STAND/UNKNOWN/#0/LOW_FORCE/REST/act=0/mav=21236/base=435495/th=56455
1778760591.298,11273,-43,504225,0,22373,25,STAND/UNKNOWN/#0/LOW_FORCE/REST/act=0/mav=20562/base=435495/th=56455
1778760591.298,11274,-43,504618,0,22373,25,STAND/UNKNOWN/#0/LOW_FORCE/REST/act=0/mav=20562/base=435495/th=56455
1778760591.298,11275,-43,505884,0,22373,25,STAND/UNKNOWN/#0/LOW_FORCE/REST/act=0/mav=20562/base=435495/th=56455
1778760591.298,11276,-43,505814,0,22373,25,STAND/UNKNOWN/#0/LOW_FORCE/REST/act=0/mav=20562/base=435495/th=56455
1778760591.375,11277,-43,504902,0,22373,25,STAND/UNKNOWN/#0/LOW_FORCE/REST/act=0/mav=20562/base=435495/th=56455
1778760591.375,11278,-43,504876,0,22373,25,STAND/UNKNOWN/#0/LOW_FORCE/REST/act=0/mav=20562/base=435495/th=56455
1778760591.376,11279,-43,505024,0,22373,25,STAND/UNKNOWN/#0/LOW_FORCE/REST/act=0/mav=20562/base=435495/th=56455
1778760591.376,11280,-43,504378,0,22373,25,STAND/UNKNOWN/#0/LOW_FORCE/REST/act=0/mav=20562/base=435495/th=56455
1778760591.434,11281,-43,504787,0,22373,25,STAND/UNKNOWN/#0/LOW_FORCE/REST/act=0/mav=20562/base=435495/th=56455
1778760591.434,11282,-43,505636,0,22373,25,STAND/UNKNOWN/#0/LOW_FORCE/REST/act=0/mav=20562/base=435495/th=56455
1778760591.434,11283,-43,506513,0,22373,25,STAND/UNKNOWN/#0/LOW_FORCE/REST/act=0/mav=20562/base=435495/th=56455
1778760591.495,11284,-43,506546,0,22373,25,STAND/UNKNOWN/#0/LOW_FORCE/REST/act=0/mav=20562/base=435495/th=56455
1778760591.496,11285,-43,505346,0,22373,25,STAND/UNKNOWN/#0/LOW_FORCE/REST/act=0/mav=20562/base=435495/th=56455
1778760591.496,11286,-43,505429,0,22179,26,STAND/UNKNOWN/#0/LOW_FORCE/REST/act=0/mav=20287/base=435495/th=56455
1778760591.559,11287,-43,505324,0,22179,26,STAND/UNKNOWN/#0/LOW_FORCE/REST/act=0/mav=20287/base=435495/th=56455
1778760591.559,11288,-43,504851,0,22179,26,STAND/UNKNOWN/#0/LOW_FORCE/REST/act=0/mav=20287/base=435495/th=56455
1778760591.559,11289,-43,505383,0,22179,26,STAND/UNKNOWN/#0/LOW_FORCE/REST/act=0/mav=20287/base=435495/th=56455
1778760591.644,11290,-43,506084,0,22179,26,STAND/UNKNOWN/#0/LOW_FORCE/REST/act=0/mav=20287/base=435495/th=56455
1778760591.644,11291,-43,507086,0,22179,26,STAND/UNKNOWN/#0/LOW_FORCE/REST/act=0/mav=20287/base=435495/th=56455
1778760591.644,11292,-43,506891,0,22179,26,STAND/UNKNOWN/#0/LOW_FORCE/REST/act=0/mav=20287/base=435495/th=56455
1778760591.719,11293,-43,506166,0,22179,26,STAND/UNKNOWN/#0/LOW_FORCE/REST/act=0/mav=20287/base=435495/th=56455
1778760591.719,11294,-43,505883,0,22179,26,STAND/UNKNOWN/#0/LOW_FORCE/REST/act=0/mav=20287/base=435495/th=56455
1778760591.719,11295,-43,505934,0,22179,26,STAND/UNKNOWN/#0/LOW_FORCE/REST/act=0/mav=20287/base=435495/th=56455
1778760591.719,11296,-43,505480,0,22179,26,STAND/UNKNOWN/#0/LOW_FORCE/REST/act=0/mav=20287/base=435495/th=56455
1778760591.719,11297,-43,505641,0,22179,26,STAND/UNKNOWN/#0/LOW_FORCE/REST/act=0/mav=20287/base=435495/th=56455
1778760591.787,11298,-43,506134,0,22179,26,STAND/UNKNOWN/#0/LOW_FORCE/REST/act=0/mav=20287/base=435495/th=56455
1778760591.788,11299,-43,507634,0,22203,26,STAND/UNKNOWN/#0/LOW_FORCE/REST/act=0/mav=20279/base=435495/th=56455
1778760591.788,11300,-43,507523,0,22203,26,STAND/UNKNOWN/#0/LOW_FORCE/REST/act=0/mav=20279/base=435495/th=56455
1778760591.860,11301,-43,506831,0,22203,26,STAND/UNKNOWN/#0/LOW_FORCE/REST/act=0/mav=20279/base=435495/th=56455
1778760591.860,11302,-43,506248,0,22203,26,STAND/UNKNOWN/#0/LOW_FORCE/REST/act=0/mav=20279/base=435495/th=56455
1778760591.860,11303,-43,505996,0,22203,26,STAND/UNKNOWN/#0/LOW_FORCE/REST/act=0/mav=20279/base=435495/th=56455
1778760591.860,11304,-43,505733,0,22203,26,STAND/UNKNOWN/#0/LOW_FORCE/REST/act=0/mav=20279/base=435495/th=56455
1778760591.927,11305,-43,506331,0,22203,26,STAND/UNKNOWN/#0/LOW_FORCE/REST/act=0/mav=20279/base=435495/th=56455
1778760591.927,11306,-43,506881,0,22203,26,STAND/UNKNOWN/#0/LOW_FORCE/REST/act=0/mav=20279/base=435495/th=56455
1778760591.927,11307,-43,507732,0,22203,26,STAND/UNKNOWN/#0/LOW_FORCE/REST/act=0/mav=20279/base=435495/th=56455
1778760591.992,11308,-43,507819,0,22203,26,STAND/UNKNOWN/#0/LOW_FORCE/REST/act=0/mav=20279/base=435495/th=56455
1778760591.992,11309,-43,506821,0,22203,26,STAND/UNKNOWN/#0/LOW_FORCE/REST/act=0/mav=20279/base=435495/th=56455
1778760591.992,11310,-43,506440,0,22203,26,STAND/UNKNOWN/#0/LOW_FORCE/REST/act=0/mav=20279/base=435495/th=56455
1778760592.053,11311,-43,506481,0,22203,26,STAND/UNKNOWN/#0/LOW_FORCE/REST/act=0/mav=20279/base=435495/th=56455
1778760592.053,11312,-43,505966,0,22174,26,STAND/UNKNOWN/#0/LOW_FORCE/REST/act=0/mav=20227/base=435495/th=56455
1778760592.053,11313,-43,506381,0,22174,26,STAND/UNKNOWN/#0/LOW_FORCE/REST/act=0/mav=20227/base=435495/th=56455
1778760592.053,11314,-43,507329,0,22174,26,STAND/UNKNOWN/#0/LOW_FORCE/REST/act=0/mav=20227/base=435495/th=56455
1778760592.116,11315,-43,508181,0,22174,26,STAND/UNKNOWN/#0/LOW_FORCE/REST/act=0/mav=20227/base=435495/th=56455
1778760592.116,11316,-43,508033,0,22174,26,STAND/UNKNOWN/#0/LOW_FORCE/REST/act=0/mav=20227/base=435495/th=56455
1778760592.116,11317,-43,507359,0,22174,26,STAND/UNKNOWN/#0/LOW_FORCE/REST/act=0/mav=20227/base=435495/th=56455
1778760592.181,11318,-43,507341,0,22174,26,STAND/UNKNOWN/#0/LOW_FORCE/REST/act=0/mav=20227/base=435495/th=56455
1778760592.181,11319,-43,507159,0,22174,26,STAND/UNKNOWN/#0/LOW_FORCE/REST/act=0/mav=20227/base=435495/th=56455
1778760592.181,11320,-43,506809,0,22174,26,STAND/UNKNOWN/#0/LOW_FORCE/REST/act=0/mav=20227/base=435495/th=56455
1778760592.245,11321,-43,507078,0,22174,26,STAND/UNKNOWN/#0/LOW_FORCE/REST/act=0/mav=20227/base=435495/th=56455
1778760592.245,11322,-43,507803,0,22174,26,STAND/UNKNOWN/#0/LOW_FORCE/REST/act=0/mav=20227/base=435495/th=56455
1778760592.245,11323,-43,508772,0,22174,26,STAND/UNKNOWN/#0/LOW_FORCE/REST/act=0/mav=20227/base=435495/th=56455
1778760592.304,11324,-43,508771,0,21936,25,STAND/UNKNOWN/#0/LOW_FORCE/REST/act=0/mav=19967/base=435495/th=56455
1778760592.305,11325,-43,508214,0,21936,25,STAND/UNKNOWN/#0/LOW_FORCE/REST/act=0/mav=19967/base=435495/th=56455
1778760592.305,11326,-43,507839,0,21936,25,STAND/UNKNOWN/#0/LOW_FORCE/REST/act=0/mav=19967/base=435495/th=56455
1778760592.364,11327,-43,507722,0,21936,25,STAND/UNKNOWN/#0/LOW_FORCE/REST/act=0/mav=19967/base=435495/th=56455
1778760592.364,11328,-43,507351,0,21936,25,STAND/UNKNOWN/#0/LOW_FORCE/REST/act=0/mav=19967/base=435495/th=56455
1778760592.364,11329,-43,507622,0,21936,25,STAND/UNKNOWN/#0/LOW_FORCE/REST/act=0/mav=19967/base=435495/th=56455
1778760592.428,11330,-43,508148,0,21936,25,STAND/UNKNOWN/#0/LOW_FORCE/REST/act=0/mav=19967/base=435495/th=56455
1778760592.429,11331,-43,509412,0,21936,25,STAND/UNKNOWN/#0/LOW_FORCE/REST/act=0/mav=19967/base=435495/th=56455
1778760592.429,11332,-43,509314,0,21936,25,STAND/UNKNOWN/#0/LOW_FORCE/REST/act=0/mav=19967/base=435495/th=56455
1778760592.483,11333,-43,508440,0,21936,25,STAND/UNKNOWN/#0/LOW_FORCE/REST/act=0/mav=19967/base=435495/th=56455
1778760592.484,11334,-43,508473,0,21936,25,STAND/UNKNOWN/#0/LOW_FORCE/REST/act=0/mav=19967/base=435495/th=56455
1778760592.484,11335,-43,508455,0,21936,25,STAND/UNKNOWN/#0/LOW_FORCE/REST/act=0/mav=19967/base=435495/th=56455
1778760592.548,11336,-43,507734,0,21936,25,STAND/UNKNOWN/#0/LOW_FORCE/REST/act=0/mav=19967/base=435495/th=56455
1778760592.548,11337,-43,507994,0,21757,25,STAND/UNKNOWN/#0/LOW_FORCE/REST/act=0/mav=19813/base=435495/th=56455
1778760592.548,11338,-43,508531,0,21757,25,STAND/UNKNOWN/#0/LOW_FORCE/REST/act=0/mav=19813/base=435495/th=56455
1778760592.610,11339,-43,509646,0,21757,25,STAND/UNKNOWN/#0/LOW_FORCE/REST/act=0/mav=19813/base=435495/th=56455
1778760592.610,11340,-43,509488,0,21757,25,STAND/UNKNOWN/#0/LOW_FORCE/REST/act=0/mav=19813/base=435495/th=56455
1778760592.610,11341,-43,509041,0,21757,25,STAND/UNKNOWN/#0/LOW_FORCE/REST/act=0/mav=19813/base=435495/th=56455
1778760592.694,11342,-43,508704,0,21757,25,STAND/UNKNOWN/#0/LOW_FORCE/REST/act=0/mav=19813/base=435495/th=56455
1778760592.695,11343,-43,508552,0,21757,25,STAND/UNKNOWN/#0/LOW_FORCE/REST/act=0/mav=19813/base=435495/th=56455
1778760592.695,11344,-43,508200,0,21757,25,STAND/UNKNOWN/#0/LOW_FORCE/REST/act=0/mav=19813/base=435495/th=56455
1778760592.695,11345,-43,508458,0,21757,25,STAND/UNKNOWN/#0/LOW_FORCE/REST/act=0/mav=19813/base=435495/th=56455
1778760592.695,11346,-43,509273,0,21757,25,STAND/UNKNOWN/#0/LOW_FORCE/REST/act=0/mav=19813/base=435495/th=56455
1778760592.781,11347,-43,510252,0,21757,25,STAND/UNKNOWN/#0/LOW_FORCE/REST/act=0/mav=19813/base=435495/th=56455
1778760592.781,11348,-43,510106,0,21757,25,STAND/UNKNOWN/#0/LOW_FORCE/REST/act=0/mav=19813/base=435495/th=56455
1778760592.781,11349,-43,509245,0,21757,25,STAND/UNKNOWN/#0/LOW_FORCE/REST/act=0/mav=19813/base=435495/th=56455
1778760592.782,11350,-43,508973,0,21822,26,STAND/UNKNOWN/#0/LOW_FORCE/REST/act=0/mav=19840/base=435495/th=56455
1778760592.857,11351,-43,508436,0,21822,26,STAND/UNKNOWN/#0/LOW_FORCE/REST/act=0/mav=19840/base=435495/th=56455
1778760592.857,11352,-43,508439,0,21822,26,STAND/UNKNOWN/#0/LOW_FORCE/REST/act=0/mav=19840/base=435495/th=56455
1778760592.857,11353,-43,508882,0,21822,26,STAND/UNKNOWN/#0/LOW_FORCE/REST/act=0/mav=19840/base=435495/th=56455
1778760592.857,11354,-43,509348,0,21822,26,STAND/UNKNOWN/#0/LOW_FORCE/REST/act=0/mav=19840/base=435495/th=56455
1778760592.947,11355,-43,510342,0,21822,26,STAND/UNKNOWN/#0/LOW_FORCE/REST/act=0/mav=19840/base=435495/th=56455
1778760592.947,11356,-43,510009,0,21822,26,STAND/UNKNOWN/#0/LOW_FORCE/REST/act=0/mav=19840/base=435495/th=56455
1778760592.947,11357,-43,509332,0,21822,26,STAND/UNKNOWN/#0/LOW_FORCE/REST/act=0/mav=19840/base=435495/th=56455
1778760592.947,11358,-43,509048,0,21822,26,STAND/UNKNOWN/#0/LOW_FORCE/REST/act=0/mav=19840/base=435495/th=56455
1778760593.010,11359,-43,508994,0,21822,26,STAND/UNKNOWN/#0/LOW_FORCE/REST/act=0/mav=19840/base=435495/th=56455
1778760593.010,11360,-43,508493,0,21822,26,STAND/UNKNOWN/#0/LOW_FORCE/REST/act=0/mav=19840/base=435495/th=56455
1778760593.010,11361,-43,509101,0,21822,26,STAND/UNKNOWN/#0/LOW_FORCE/REST/act=0/mav=19840/base=435495/th=56455
1778760593.011,11362,-43,509617,0,21822,26,STAND/UNKNOWN/#0/LOW_FORCE/REST/act=0/mav=19840/base=435495/th=56455
1778760593.082,11363,-43,510683,0,21896,26,STAND/UNKNOWN/#0/LOW_FORCE/REST/act=0/mav=19935/base=435495/th=56455
1778760593.082,11364,-43,510383,0,21896,26,STAND/UNKNOWN/#0/LOW_FORCE/REST/act=0/mav=19935/base=435495/th=56455
1778760593.082,11365,-43,509545,0,21896,26,STAND/UNKNOWN/#0/LOW_FORCE/REST/act=0/mav=19935/base=435495/th=56455
1778760593.151,11366,-43,509189,0,21896,26,STAND/UNKNOWN/#0/LOW_FORCE/REST/act=0/mav=19935/base=435495/th=56455
1778760593.151,11367,-43,509147,0,21896,26,STAND/UNKNOWN/#0/LOW_FORCE/REST/act=0/mav=19935/base=435495/th=56455
1778760593.151,11368,-43,508623,0,21896,26,STAND/UNKNOWN/#0/LOW_FORCE/REST/act=0/mav=19935/base=435495/th=56455
1778760593.151,11369,-43,508374,0,21896,26,STAND/UNKNOWN/#0/LOW_FORCE/REST/act=0/mav=19935/base=435495/th=56455
1778760593.242,11370,-43,509313,0,21896,26,STAND/UNKNOWN/#0/LOW_FORCE/REST/act=0/mav=19935/base=435495/th=56455
1778760593.242,11371,-43,510285,0,21896,26,STAND/UNKNOWN/#0/LOW_FORCE/REST/act=0/mav=19935/base=435495/th=56455
1778760593.242,11372,-43,510329,0,21896,26,STAND/UNKNOWN/#0/LOW_FORCE/REST/act=0/mav=19935/base=435495/th=56455
1778760593.242,11373,-43,509528,0,21896,26,STAND/UNKNOWN/#0/LOW_FORCE/REST/act=0/mav=19935/base=435495/th=56455
1778760593.308,11374,-43,509292,0,21896,26,STAND/UNKNOWN/#0/LOW_FORCE/REST/act=0/mav=19935/base=435495/th=56455
1778760593.308,11375,-43,509428,0,21896,26,STAND/UNKNOWN/#0/LOW_FORCE/REST/act=0/mav=19935/base=435495/th=56455
1778760593.308,11376,-43,508756,0,21790,26,STAND/UNKNOWN/#0/LOW_FORCE/REST/act=0/mav=19837/base=435495/th=56455
1778760593.373,11377,-43,509313,0,21790,26,STAND/UNKNOWN/#0/LOW_FORCE/REST/act=0/mav=19837/base=435495/th=56455
1778760593.373,11378,-43,509881,0,21790,26,STAND/UNKNOWN/#0/LOW_FORCE/REST/act=0/mav=19837/base=435495/th=56455
1778760593.373,11379,-43,510916,0,21790,26,STAND/UNKNOWN/#0/LOW_FORCE/REST/act=0/mav=19837/base=435495/th=56455
1778760593.373,11380,-43,510947,0,21790,26,STAND/UNKNOWN/#0/LOW_FORCE/REST/act=0/mav=19837/base=435495/th=56455
1778760593.435,11381,-43,509908,0,21790,26,STAND/UNKNOWN/#0/LOW_FORCE/REST/act=0/mav=19837/base=435495/th=56455
1778760593.435,11382,-43,509480,0,21790,26,STAND/UNKNOWN/#0/LOW_FORCE/REST/act=0/mav=19837/base=435495/th=56455
1778760593.436,11383,-43,509759,0,21790,26,STAND/UNKNOWN/#0/LOW_FORCE/REST/act=0/mav=19837/base=435495/th=56455
1778760593.499,11384,-43,509079,0,21790,26,STAND/UNKNOWN/#0/LOW_FORCE/REST/act=0/mav=19837/base=435495/th=56455
1778760593.499,11385,-43,509378,0,21790,26,STAND/UNKNOWN/#0/LOW_FORCE/REST/act=0/mav=19837/base=435495/th=56455
1778760593.499,11386,-43,510006,0,21790,26,STAND/UNKNOWN/#0/LOW_FORCE/REST/act=0/mav=19837/base=435495/th=56455
1778760593.592,11387,-43,510926,0,21790,26,STAND/UNKNOWN/#0/LOW_FORCE/REST/act=0/mav=19837/base=435495/th=56455
1778760593.592,11388,-43,511336,0,21495,25,STAND/UNKNOWN/#0/LOW_FORCE/REST/act=0/mav=19537/base=435495/th=56455
1778760593.592,11389,-43,510465,0,21495,25,STAND/UNKNOWN/#0/LOW_FORCE/REST/act=0/mav=19537/base=435495/th=56455
1778760593.592,11390,-43,510352,0,21495,25,STAND/UNKNOWN/#0/LOW_FORCE/REST/act=0/mav=19537/base=435495/th=56455
1778760593.592,11391,-43,510303,0,21495,25,STAND/UNKNOWN/#0/LOW_FORCE/REST/act=0/mav=19537/base=435495/th=56455
1778760593.667,11392,-43,509859,0,21495,25,STAND/UNKNOWN/#0/LOW_FORCE/REST/act=0/mav=19537/base=435495/th=56455
1778760593.667,11393,-43,510241,0,21495,25,STAND/UNKNOWN/#0/LOW_FORCE/REST/act=0/mav=19537/base=435495/th=56455
1778760593.667,11394,-43,511024,0,21495,25,STAND/UNKNOWN/#0/LOW_FORCE/REST/act=0/mav=19537/base=435495/th=56455
1778760593.758,11395,-43,511980,0,21495,25,STAND/UNKNOWN/#0/LOW_FORCE/REST/act=0/mav=19537/base=435495/th=56455
1778760593.758,11396,-43,511818,0,21495,25,STAND/UNKNOWN/#0/LOW_FORCE/REST/act=0/mav=19537/base=435495/th=56455
1778760593.758,11397,-43,510985,0,21495,25,STAND/UNKNOWN/#0/LOW_FORCE/REST/act=0/mav=19537/base=435495/th=56455
1778760593.758,11398,-43,510879,0,21495,25,STAND/UNKNOWN/#0/LOW_FORCE/REST/act=0/mav=19537/base=435495/th=56455
1778760593.758,11399,-43,510563,0,21495,25,STAND/UNKNOWN/#0/LOW_FORCE/REST/act=0/mav=19537/base=435495/th=56455
1778760593.838,11400,-43,510043,0,21495,25,STAND/UNKNOWN/#0/LOW_FORCE/REST/act=0/mav=19537/base=435495/th=56455
1778760593.838,11401,-43,510500,0,21470,25,STAND/UNKNOWN/#0/LOW_FORCE/REST/act=0/mav=19513/base=435495/th=56455
1778760593.839,11402,-43,511107,0,21470,25,STAND/UNKNOWN/#0/LOW_FORCE/REST/act=0/mav=19513/base=435495/th=56455
1778760593.920,11403,-43,511803,0,21470,25,STAND/UNKNOWN/#0/LOW_FORCE/REST/act=0/mav=19513/base=435495/th=56455
1778760593.920,11404,-43,511967,0,21470,25,STAND/UNKNOWN/#0/LOW_FORCE/REST/act=0/mav=19513/base=435495/th=56455
1778760593.920,11405,-43,511136,0,21470,25,STAND/UNKNOWN/#0/LOW_FORCE/REST/act=0/mav=19513/base=435495/th=56455
1778760593.920,11406,-43,510689,0,21470,25,STAND/UNKNOWN/#0/LOW_FORCE/REST/act=0/mav=19513/base=435495/th=56455
1778760593.920,11407,-43,510854,0,21470,25,STAND/UNKNOWN/#0/LOW_FORCE/REST/act=0/mav=19513/base=435495/th=56455
1778760594.036,11408,-43,510124,0,21470,25,STAND/UNKNOWN/#0/LOW_FORCE/REST/act=0/mav=19513/base=435495/th=56455
1778760594.037,11409,-43,510552,0,21470,25,STAND/UNKNOWN/#0/LOW_FORCE/REST/act=0/mav=19513/base=435495/th=56455
1778760594.037,11410,-43,511448,0,21470,25,STAND/UNKNOWN/#0/LOW_FORCE/REST/act=0/mav=19513/base=435495/th=56455
1778760594.037,11411,-43,512248,0,21470,25,STAND/UNKNOWN/#0/LOW_FORCE/REST/act=0/mav=19513/base=435495/th=56455
1778760594.037,11412,-43,512025,0,21470,25,STAND/UNKNOWN/#0/LOW_FORCE/REST/act=0/mav=19513/base=435495/th=56455
1778760594.037,11413,-43,511356,0,21470,25,STAND/UNKNOWN/#0/LOW_FORCE/REST/act=0/mav=19513/base=435495/th=56455
1778760594.136,11414,-43,511007,0,21605,26,STAND/UNKNOWN/#0/LOW_FORCE/REST/act=0/mav=19611/base=435495/th=56455
1778760594.136,11415,-43,511012,0,21605,26,STAND/UNKNOWN/#0/LOW_FORCE/REST/act=0/mav=19611/base=435495/th=56455
1778760594.136,11416,-43,510225,0,21605,26,STAND/UNKNOWN/#0/LOW_FORCE/REST/act=0/mav=19611/base=435495/th=56455
1778760594.136,11417,-43,510698,0,21605,26,STAND/UNKNOWN/#0/LOW_FORCE/REST/act=0/mav=19611/base=435495/th=56455
1778760594.136,11418,-43,511558,0,21605,26,STAND/UNKNOWN/#0/LOW_FORCE/REST/act=0/mav=19611/base=435495/th=56455
1778760594.208,11419,-43,512661,0,21605,26,STAND/UNKNOWN/#0/LOW_FORCE/REST/act=0/mav=19611/base=435495/th=56455
1778760594.208,11420,-43,512334,0,21605,26,STAND/UNKNOWN/#0/LOW_FORCE/REST/act=0/mav=19611/base=435495/th=56455
1778760594.208,11421,-43,511778,0,21605,26,STAND/UNKNOWN/#0/LOW_FORCE/REST/act=0/mav=19611/base=435495/th=56455
1778760594.284,11422,-43,511558,0,21605,26,STAND/UNKNOWN/#0/LOW_FORCE/REST/act=0/mav=19611/base=435495/th=56455
1778760594.284,11423,-43,511541,0,21605,26,STAND/UNKNOWN/#0/LOW_FORCE/REST/act=0/mav=19611/base=435495/th=56455
1778760594.284,11424,-43,510951,0,21605,26,STAND/UNKNOWN/#0/LOW_FORCE/REST/act=0/mav=19611/base=435495/th=56455
1778760594.284,11425,-43,511283,0,21605,26,STAND/UNKNOWN/#0/LOW_FORCE/REST/act=0/mav=19611/base=435495/th=56455
1778760594.347,11426,-43,512182,0,21605,26,STAND/UNKNOWN/#0/LOW_FORCE/REST/act=0/mav=19611/base=435495/th=56455
1778760594.348,11427,-43,513221,0,21650,26,STAND/UNKNOWN/#0/LOW_FORCE/REST/act=0/mav=19710/base=435495/th=56455
1778760594.348,11428,-43,512893,0,21650,26,STAND/UNKNOWN/#0/LOW_FORCE/REST/act=0/mav=19710/base=435495/th=56455
1778760594.407,11429,-43,512078,0,21650,26,STAND/UNKNOWN/#0/LOW_FORCE/REST/act=0/mav=19710/base=435495/th=56455
1778760594.407,11430,-43,511856,0,21650,26,STAND/UNKNOWN/#0/LOW_FORCE/REST/act=0/mav=19710/base=435495/th=56455
1778760594.407,11431,-43,512043,0,21650,26,STAND/UNKNOWN/#0/LOW_FORCE/REST/act=0/mav=19710/base=435495/th=56455
1778760594.468,11432,-43,511512,0,21650,26,STAND/UNKNOWN/#0/LOW_FORCE/REST/act=0/mav=19710/base=435495/th=56455
1778760594.469,11433,-43,512055,0,21650,26,STAND/UNKNOWN/#0/LOW_FORCE/REST/act=0/mav=19710/base=435495/th=56455
1778760594.469,11434,-43,513114,0,21650,26,STAND/UNKNOWN/#0/LOW_FORCE/REST/act=0/mav=19710/base=435495/th=56455
1778760594.544,11435,-43,514206,0,21650,26,STAND/UNKNOWN/#0/LOW_FORCE/REST/act=0/mav=19710/base=435495/th=56455
1778760594.545,11436,-43,514041,0,21650,26,STAND/UNKNOWN/#0/LOW_FORCE/REST/act=0/mav=19710/base=435495/th=56455
1778760594.545,11437,-43,513585,0,21650,26,STAND/UNKNOWN/#0/LOW_FORCE/REST/act=0/mav=19710/base=435495/th=56455
1778760594.545,11438,-43,513345,0,21650,26,STAND/UNKNOWN/#0/LOW_FORCE/REST/act=0/mav=19710/base=435495/th=56455
1778760594.619,11439,-43,513316,0,21650,26,STAND/UNKNOWN/#0/LOW_FORCE/REST/act=0/mav=19710/base=435495/th=56455
1778760594.619,11440,-43,513028,0,21751,26,STAND/UNKNOWN/#0/LOW_FORCE/REST/act=0/mav=19850/base=435495/th=56455
1778760594.619,11441,-43,513628,0,21751,26,STAND/UNKNOWN/#0/LOW_FORCE/REST/act=0/mav=19850/base=435495/th=56455
1778760594.619,11442,-43,514327,0,21751,26,STAND/UNKNOWN/#0/LOW_FORCE/REST/act=0/mav=19850/base=435495/th=56455
1778760594.740,11443,-43,515535,0,21751,26,STAND/UNKNOWN/#0/LOW_FORCE/REST/act=0/mav=19850/base=435495/th=56455
1778760594.740,11444,-43,515452,0,21751,26,STAND/UNKNOWN/#0/LOW_FORCE/REST/act=0/mav=19850/base=435495/th=56455
1778760594.740,11445,-43,515258,0,21751,26,STAND/UNKNOWN/#0/LOW_FORCE/REST/act=0/mav=19850/base=435495/th=56455
1778760594.741,11446,-43,515383,0,21751,26,STAND/UNKNOWN/#0/LOW_FORCE/REST/act=0/mav=19850/base=435495/th=56455
1778760594.741,11447,-43,515813,0,21751,26,STAND/UNKNOWN/#0/LOW_FORCE/REST/act=0/mav=19850/base=435495/th=56455
1778760594.742,11448,-43,515070,0,21751,26,STAND/UNKNOWN/#0/LOW_FORCE/REST/act=0/mav=19850/base=435495/th=56455
1778760594.846,11449,-43,516003,0,21751,26,STAND/UNKNOWN/#0/LOW_FORCE/REST/act=0/mav=19850/base=435495/th=56455
1778760594.846,11450,-43,517321,0,21751,26,STAND/UNKNOWN/#0/LOW_FORCE/REST/act=0/mav=19850/base=435495/th=56455
1778760594.847,11451,-43,518181,0,21751,26,STAND/UNKNOWN/#0/LOW_FORCE/REST/act=0/mav=19850/base=435495/th=56455
1778760594.847,11452,-43,518266,0,21822,25,STAND/UNKNOWN/#0/LOW_FORCE/REST/act=0/mav=19973/base=435495/th=56455
1778760594.847,11453,-43,517501,0,21822,25,STAND/UNKNOWN/#0/LOW_FORCE/REST/act=0/mav=19973/base=435495/th=56455
1778760594.950,11454,-43,517593,0,21822,25,STAND/UNKNOWN/#0/LOW_FORCE/REST/act=0/mav=19973/base=435495/th=56455
1778760594.950,11455,-43,517588,0,21822,25,STAND/UNKNOWN/#0/LOW_FORCE/REST/act=0/mav=19973/base=435495/th=56455
1778760594.950,11456,-43,516669,0,21822,25,STAND/UNKNOWN/#0/LOW_FORCE/REST/act=0/mav=19973/base=435495/th=56455
1778760594.951,11457,-43,517371,0,21822,25,STAND/UNKNOWN/#0/LOW_FORCE/REST/act=0/mav=19973/base=435495/th=56455
1778760594.951,11458,-43,518620,0,21822,25,STAND/UNKNOWN/#0/LOW_FORCE/REST/act=0/mav=19973/base=435495/th=56455
1778760594.951,11459,-43,519900,0,21822,25,STAND/UNKNOWN/#0/LOW_FORCE/REST/act=0/mav=19973/base=435495/th=56455
1778760595.027,11460,-43,519844,0,21822,25,STAND/UNKNOWN/#0/LOW_FORCE/REST/act=0/mav=19973/base=435495/th=56455
1778760595.027,11461,-43,519289,0,21822,25,STAND/UNKNOWN/#0/LOW_FORCE/REST/act=0/mav=19973/base=435495/th=56455
1778760595.027,11462,-43,518986,0,21822,25,STAND/UNKNOWN/#0/LOW_FORCE/REST/act=0/mav=19973/base=435495/th=56455
1778760595.092,11463,-43,518744,0,21822,25,STAND/UNKNOWN/#0/LOW_FORCE/REST/act=0/mav=19973/base=435495/th=56455
1778760595.092,11464,-43,518308,0,21822,25,STAND/UNKNOWN/#0/LOW_FORCE/REST/act=0/mav=19973/base=435495/th=56455
1778760595.092,11465,-43,519184,0,21903,25,STAND/UNKNOWN/#0/LOW_FORCE/REST/act=0/mav=20147/base=435495/th=56455
1778760595.092,11466,-43,520254,0,21903,25,STAND/UNKNOWN/#0/LOW_FORCE/REST/act=0/mav=20147/base=435495/th=56455
1778760595.175,11467,-43,521415,0,21903,25,STAND/UNKNOWN/#0/LOW_FORCE/REST/act=0/mav=20147/base=435495/th=56455
1778760595.175,11468,-43,521500,0,21903,25,STAND/UNKNOWN/#0/LOW_FORCE/REST/act=0/mav=20147/base=435495/th=56455
1778760595.175,11469,-43,520988,0,21903,25,STAND/UNKNOWN/#0/LOW_FORCE/REST/act=0/mav=20147/base=435495/th=56455
1778760595.175,11470,-43,520893,0,21903,25,STAND/UNKNOWN/#0/LOW_FORCE/REST/act=0/mav=20147/base=435495/th=56455
1778760595.244,11471,-43,521214,0,21903,25,STAND/UNKNOWN/#0/LOW_FORCE/REST/act=0/mav=20147/base=435495/th=56455
1778760595.244,11472,-43,521014,0,21903,25,STAND/UNKNOWN/#0/LOW_FORCE/REST/act=0/mav=20147/base=435495/th=56455
1778760595.244,11473,-43,521708,0,21903,25,STAND/UNKNOWN/#0/LOW_FORCE/REST/act=0/mav=20147/base=435495/th=56455
1778760595.312,11474,-43,522918,0,21903,25,STAND/UNKNOWN/#0/LOW_FORCE/REST/act=0/mav=20147/base=435495/th=56455
1778760595.313,11475,-43,524461,0,21903,25,STAND/UNKNOWN/#0/LOW_FORCE/REST/act=0/mav=20147/base=435495/th=56455
1778760595.313,11476,-43,524378,0,21903,25,STAND/UNKNOWN/#0/LOW_FORCE/REST/act=0/mav=20147/base=435495/th=56455
1778760595.313,11477,-43,523818,0,21903,25,STAND/UNKNOWN/#0/LOW_FORCE/REST/act=0/mav=20147/base=435495/th=56455
1778760595.400,11478,-43,524352,0,21989,26,STAND/UNKNOWN/#0/LOW_FORCE/REST/act=0/mav=20274/base=435495/th=56455
1778760595.401,11479,-43,524724,0,21989,26,STAND/UNKNOWN/#0/LOW_FORCE/REST/act=0/mav=20274/base=435495/th=56455
1778760595.401,11480,-43,524453,0,21989,26,STAND/UNKNOWN/#0/LOW_FORCE/REST/act=0/mav=20274/base=435495/th=56455
1778760595.402,11481,-43,525831,0,21989,26,STAND/UNKNOWN/#0/LOW_FORCE/REST/act=0/mav=20274/base=435495/th=56455
1778760595.486,11482,-43,527204,0,21989,26,STAND/UNKNOWN/#0/LOW_FORCE/REST/act=0/mav=20274/base=435495/th=56455
1778760595.486,11483,-43,529289,0,21989,26,STAND/UNKNOWN/#0/LOW_FORCE/REST/act=0/mav=20274/base=435495/th=56455
1778760595.486,11484,-43,529373,0,21989,26,STAND/UNKNOWN/#0/LOW_FORCE/REST/act=0/mav=20274/base=435495/th=56455
1778760595.486,11485,-43,528730,0,21989,26,STAND/UNKNOWN/#0/LOW_FORCE/REST/act=0/mav=20274/base=435495/th=56455
1778760595.551,11486,-43,528898,0,21989,26,STAND/UNKNOWN/#0/LOW_FORCE/REST/act=0/mav=20274/base=435495/th=56455
1778760595.552,11487,-43,529071,0,21989,26,STAND/UNKNOWN/#0/LOW_FORCE/REST/act=0/mav=20274/base=435495/th=56455
1778760595.552,11488,-43,528691,0,21989,26,STAND/UNKNOWN/#0/LOW_FORCE/REST/act=0/mav=20274/base=435495/th=56455
1778760595.552,11489,-43,529640,0,21989,26,STAND/UNKNOWN/#0/LOW_FORCE/REST/act=0/mav=20274/base=435495/th=56455
1778760595.616,11490,-43,530656,0,21989,26,STAND/UNKNOWN/#0/LOW_FORCE/REST/act=0/mav=20274/base=435495/th=56455
1778760595.616,11491,-43,532297,0,23033,26,STAND/UNKNOWN/#0/LOW_FORCE/REST/act=0/mav=21296/base=435495/th=56455
1778760595.616,11492,-43,532559,0,23033,26,STAND/UNKNOWN/#0/LOW_FORCE/REST/act=0/mav=21296/base=435495/th=56455
1778760595.672,11493,-43,532255,0,23033,26,STAND/UNKNOWN/#0/LOW_FORCE/REST/act=0/mav=21296/base=435495/th=56455
1778760595.672,11494,-43,532467,0,23033,26,STAND/UNKNOWN/#0/LOW_FORCE/REST/act=0/mav=21296/base=435495/th=56455
1778760595.672,11495,-43,533231,0,23033,26,STAND/UNKNOWN/#0/LOW_FORCE/REST/act=0/mav=21296/base=435495/th=56455
1778760595.746,11496,-43,532416,0,23033,26,STAND/UNKNOWN/#0/LOW_FORCE/REST/act=0/mav=21296/base=435495/th=56455
1778760595.746,11497,-43,533095,0,23033,26,STAND/UNKNOWN/#0/LOW_FORCE/REST/act=0/mav=21296/base=435495/th=56455
1778760595.746,11498,-43,534522,0,23033,26,STAND/UNKNOWN/#0/LOW_FORCE/REST/act=0/mav=21296/base=435495/th=56455
1778760595.801,11499,-43,536039,0,23033,26,STAND/UNKNOWN/#0/LOW_FORCE/REST/act=0/mav=21296/base=435495/th=56455
1778760595.801,11500,-43,535744,0,23033,26,STAND/UNKNOWN/#0/LOW_FORCE/REST/act=0/mav=21296/base=435495/th=56455
1778760595.802,11501,-43,535564,0,23033,26,STAND/UNKNOWN/#0/LOW_FORCE/REST/act=0/mav=21296/base=435495/th=56455
1778760595.862,11502,-43,535371,0,23033,26,STAND/UNKNOWN/#0/LOW_FORCE/REST/act=0/mav=21296/base=435495/th=56455
1778760595.863,11503,-43,535331,0,23033,26,STAND/UNKNOWN/#0/LOW_FORCE/REST/act=0/mav=21296/base=435495/th=56455
1778760595.863,11504,-43,535233,0,24860,26,STAND/UNKNOWN/#0/LOW_FORCE/REST/act=0/mav=23021/base=435495/th=56455
1778760595.921,11505,-43,536088,0,24860,26,STAND/UNKNOWN/#0/LOW_FORCE/REST/act=0/mav=23021/base=435495/th=56455
1778760595.921,11506,-43,537074,0,24860,26,STAND/UNKNOWN/#0/LOW_FORCE/REST/act=0/mav=23021/base=435495/th=56455
1778760595.921,11507,-43,537934,0,24860,26,STAND/UNKNOWN/#0/LOW_FORCE/REST/act=0/mav=23021/base=435495/th=56455
1778760595.985,11508,-43,537999,0,24860,26,STAND/UNKNOWN/#0/LOW_FORCE/REST/act=0/mav=23021/base=435495/th=56455
1778760595.986,11509,-43,537385,0,24860,26,STAND/UNKNOWN/#0/LOW_FORCE/REST/act=0/mav=23021/base=435495/th=56455
1778760595.986,11510,-43,537533,0,24860,26,STAND/UNKNOWN/#0/LOW_FORCE/REST/act=0/mav=23021/base=435495/th=56455
1778760596.047,11511,-43,538101,0,24860,26,STAND/UNKNOWN/#0/LOW_FORCE/REST/act=0/mav=23021/base=435495/th=56455
1778760596.047,11512,-43,537352,0,24860,26,STAND/UNKNOWN/#0/LOW_FORCE/REST/act=0/mav=23021/base=435495/th=56455
1778760596.047,11513,-43,538024,0,24860,26,STAND/UNKNOWN/#0/LOW_FORCE/REST/act=0/mav=23021/base=435495/th=56455
1778760596.103,11514,-43,539066,0,24860,26,STAND/UNKNOWN/#0/LOW_FORCE/REST/act=0/mav=23021/base=435495/th=56455
1778760596.103,11515,-43,541158,0,24860,26,STAND/UNKNOWN/#0/LOW_FORCE/REST/act=0/mav=23021/base=435495/th=56455
1778760596.104,11516,-43,541517,0,25730,25,STAND/UNKNOWN/#0/LOW_FORCE/REST/act=0/mav=23785/base=435495/th=56455
1778760596.163,11517,-43,540671,0,25730,25,STAND/UNKNOWN/#0/LOW_FORCE/REST/act=0/mav=23785/base=435495/th=56455
1778760596.163,11518,-43,541268,0,25730,25,STAND/UNKNOWN/#0/LOW_FORCE/REST/act=0/mav=23785/base=435495/th=56455
1778760596.163,11519,-43,541914,0,25730,25,STAND/UNKNOWN/#0/LOW_FORCE/REST/act=0/mav=23785/base=435495/th=56455
1778760596.221,11520,-43,541574,0,25730,25,STAND/UNKNOWN/#0/LOW_FORCE/REST/act=0/mav=23785/base=435495/th=56455
1778760596.221,11521,-43,542280,0,25730,25,STAND/UNKNOWN/#0/LOW_FORCE/REST/act=0/mav=23785/base=435495/th=56455
1778760596.221,11522,-43,542856,0,25730,25,STAND/UNKNOWN/#0/LOW_FORCE/REST/act=0/mav=23785/base=435495/th=56455
1778760596.283,11523,-43,544409,0,25730,25,STAND/UNKNOWN/#0/LOW_FORCE/REST/act=0/mav=23785/base=435495/th=56455
1778760596.283,11524,-43,544747,0,25730,25,STAND/UNKNOWN/#0/LOW_FORCE/REST/act=0/mav=23785/base=435495/th=56455
1778760596.284,11525,-43,543914,0,25730,25,STAND/UNKNOWN/#0/LOW_FORCE/REST/act=0/mav=23785/base=435495/th=56455
1778760596.347,11526,-43,543772,0,25730,25,STAND/UNKNOWN/#0/LOW_FORCE/REST/act=0/mav=23785/base=435495/th=56455
1778760596.348,11527,-43,543963,0,25730,25,STAND/UNKNOWN/#0/LOW_FORCE/REST/act=0/mav=23785/base=435495/th=56455
1778760596.348,11528,-43,543546,0,25730,25,STAND/UNKNOWN/#0/LOW_FORCE/REST/act=0/mav=23785/base=435495/th=56455
1778760596.405,11529,-43,544004,0,26325,25,STAND/UNKNOWN/#0/LOW_FORCE/REST/act=0/mav=24299/base=435495/th=56455
1778760596.405,11530,-43,545209,0,26325,25,STAND/UNKNOWN/#0/LOW_FORCE/REST/act=0/mav=24299/base=435495/th=56455
1778760596.405,11531,-43,546562,0,26325,25,STAND/UNKNOWN/#0/LOW_FORCE/REST/act=0/mav=24299/base=435495/th=56455
1778760596.464,11532,-43,546718,0,26325,25,STAND/UNKNOWN/#0/LOW_FORCE/REST/act=0/mav=24299/base=435495/th=56455
1778760596.465,11533,-43,545611,0,26325,25,STAND/UNKNOWN/#0/LOW_FORCE/REST/act=0/mav=24299/base=435495/th=56455
1778760596.465,11534,-43,545576,0,26325,25,STAND/UNKNOWN/#0/LOW_FORCE/REST/act=0/mav=24299/base=435495/th=56455
1778760596.529,11535,-43,545474,0,26325,25,STAND/UNKNOWN/#0/LOW_FORCE/REST/act=0/mav=24299/base=435495/th=56455
1778760596.529,11536,-43,544743,0,26325,25,STAND/UNKNOWN/#0/LOW_FORCE/REST/act=0/mav=24299/base=435495/th=56455
1778760596.529,11537,-43,544669,0,26325,25,STAND/UNKNOWN/#0/LOW_FORCE/REST/act=0/mav=24299/base=435495/th=56455
1778760596.643,11538,-43,546166,0,26325,25,STAND/UNKNOWN/#0/LOW_FORCE/REST/act=0/mav=24299/base=435495/th=56455
1778760596.644,11539,-43,547894,0,26325,25,STAND/UNKNOWN/#0/LOW_FORCE/REST/act=0/mav=24299/base=435495/th=56455
1778760596.644,11540,-43,547549,0,26325,25,STAND/UNKNOWN/#0/LOW_FORCE/REST/act=0/mav=24299/base=435495/th=56455
1778760596.644,11541,-43,545620,0,26325,25,STAND/UNKNOWN/#0/LOW_FORCE/REST/act=0/mav=24299/base=435495/th=56455
1778760596.645,11542,-43,539507,0,26963,26,STAND/UNKNOWN/#0/LOW_FORCE/REST/act=0/mav=24846/base=435495/th=56455
1778760596.645,11543,-43,529268,0,26963,26,STAND/UNKNOWN/#0/LOW_FORCE/REST/act=0/mav=24846/base=435495/th=56455
1778760596.733,11544,-43,530025,0,26963,26,STAND/UNKNOWN/#0/LOW_FORCE/REST/act=0/mav=24846/base=435495/th=56455
1778760596.734,11545,-43,527484,0,26963,26,STAND/UNKNOWN/#0/LOW_FORCE/REST/act=0/mav=24846/base=435495/th=56455
1778760596.734,11546,-43,528691,0,26963,26,STAND/UNKNOWN/#0/LOW_FORCE/REST/act=0/mav=24846/base=435495/th=56455
1778760596.734,11547,-43,530539,0,26963,26,STAND/UNKNOWN/#0/LOW_FORCE/REST/act=0/mav=24846/base=435495/th=56455
1778760596.734,11548,-43,530594,0,26963,26,STAND/UNKNOWN/#0/LOW_FORCE/REST/act=0/mav=24846/base=435495/th=56455
1778760596.823,11549,-43,530131,0,26963,26,STAND/UNKNOWN/#0/LOW_FORCE/REST/act=0/mav=24846/base=435495/th=56455
1778760596.823,11550,-43,530513,0,26963,26,STAND/UNKNOWN/#0/LOW_FORCE/REST/act=0/mav=24846/base=435495/th=56455
1778760596.823,11551,-43,531416,0,26963,26,STAND/UNKNOWN/#0/LOW_FORCE/REST/act=0/mav=24846/base=435495/th=56455
1778760596.823,11552,-43,531768,0,26963,26,STAND/UNKNOWN/#0/LOW_FORCE/REST/act=0/mav=24846/base=435495/th=56455
1778760596.909,11553,-43,532505,0,26963,26,STAND/UNKNOWN/#0/LOW_FORCE/REST/act=0/mav=24846/base=435495/th=56455
1778760596.909,11554,-43,534231,0,26963,26,STAND/UNKNOWN/#0/LOW_FORCE/REST/act=0/mav=24846/base=435495/th=56455
1778760596.909,11555,-43,536263,0,27534,22,STAND/UNKNOWN/#0/LOW_FORCE/REST/act=0/mav=24181/base=435495/th=56455
1778760596.909,11556,-43,536733,0,27534,22,STAND/UNKNOWN/#0/LOW_FORCE/REST/act=0/mav=24181/base=435495/th=56455
1778760596.999,11557,-43,533504,0,27534,22,STAND/UNKNOWN/#0/LOW_FORCE/REST/act=0/mav=24181/base=435495/th=56455
1778760597.000,11558,-43,534171,0,27534,22,STAND/UNKNOWN/#0/LOW_FORCE/REST/act=0/mav=24181/base=435495/th=56455
1778760597.000,11559,-43,532372,0,27534,22,STAND/UNKNOWN/#0/LOW_FORCE/REST/act=0/mav=24181/base=435495/th=56455
1778760597.000,11560,-43,530595,0,27534,22,STAND/UNKNOWN/#0/LOW_FORCE/REST/act=0/mav=24181/base=435495/th=56455
1778760597.000,11561,-43,532033,0,27534,22,STAND/UNKNOWN/#0/LOW_FORCE/REST/act=0/mav=24181/base=435495/th=56455
1778760597.094,11562,-43,532393,0,27534,22,STAND/UNKNOWN/#0/LOW_FORCE/REST/act=0/mav=24181/base=435495/th=56455
1778760597.095,11563,-43,533101,0,27534,22,STAND/UNKNOWN/#0/LOW_FORCE/REST/act=0/mav=24181/base=435495/th=56455
1778760597.095,11564,-43,533716,0,27534,22,STAND/UNKNOWN/#0/LOW_FORCE/REST/act=0/mav=24181/base=435495/th=56455
1778760597.175,11565,-43,532297,0,27534,22,STAND/UNKNOWN/#0/LOW_FORCE/REST/act=0/mav=24181/base=435495/th=56455
1778760597.175,11566,-43,532326,0,27534,22,STAND/UNKNOWN/#0/LOW_FORCE/REST/act=0/mav=24181/base=435495/th=56455
1778760597.175,11567,-43,532003,0,27534,22,STAND/UNKNOWN/#0/LOW_FORCE/REST/act=0/mav=24181/base=435495/th=56455
1778760597.175,11568,-43,530251,0,27038,22,STAND/UNKNOWN/#0/LOW_FORCE/REST/act=0/mav=23337/base=435495/th=56455
1778760597.175,11569,-43,526958,0,27038,22,STAND/UNKNOWN/#0/LOW_FORCE/REST/act=0/mav=23337/base=435495/th=56455
1778760597.175,11570,-43,528315,0,27038,22,STAND/UNKNOWN/#0/LOW_FORCE/REST/act=0/mav=23337/base=435495/th=56455
1778760597.252,11571,-43,529760,0,27038,22,STAND/UNKNOWN/#0/LOW_FORCE/REST/act=0/mav=23337/base=435495/th=56455
1778760597.252,11572,-43,530218,0,27038,22,STAND/UNKNOWN/#0/LOW_FORCE/REST/act=0/mav=23337/base=435495/th=56455
1778760597.252,11573,-43,529134,0,27038,22,STAND/UNKNOWN/#0/LOW_FORCE/REST/act=0/mav=23337/base=435495/th=56455
1778760597.252,11574,-43,528124,0,27038,22,STAND/UNKNOWN/#0/LOW_FORCE/REST/act=0/mav=23337/base=435495/th=56455
1778760597.344,11575,-43,528507,0,27038,22,STAND/UNKNOWN/#0/LOW_FORCE/REST/act=0/mav=23337/base=435495/th=56455
1778760597.344,11576,-43,527617,0,27038,22,STAND/UNKNOWN/#0/LOW_FORCE/REST/act=0/mav=23337/base=435495/th=56455
1778760597.344,11577,-43,528409,0,27038,22,STAND/UNKNOWN/#0/LOW_FORCE/REST/act=0/mav=23337/base=435495/th=56455
1778760597.344,11578,-43,528734,0,27038,22,STAND/UNKNOWN/#0/LOW_FORCE/REST/act=0/mav=23337/base=435495/th=56455
1778760597.439,11579,-43,529241,0,27038,22,STAND/UNKNOWN/#0/LOW_FORCE/REST/act=0/mav=23337/base=435495/th=56455
1778760597.439,11580,-43,529619,0,24561,25,STAND/UNKNOWN/#0/LOW_FORCE/REST/act=0/mav=21783/base=435495/th=56455
1778760597.439,11581,-43,528716,0,24561,25,STAND/UNKNOWN/#0/LOW_FORCE/REST/act=0/mav=21783/base=435495/th=56455
1778760597.439,11582,-43,529290,0,24561,25,STAND/UNKNOWN/#0/LOW_FORCE/REST/act=0/mav=21783/base=435495/th=56455
1778760597.439,11583,-43,528901,0,24561,25,STAND/UNKNOWN/#0/LOW_FORCE/REST/act=0/mav=21783/base=435495/th=56455
1778760597.549,11584,-43,528156,0,24561,25,STAND/UNKNOWN/#0/LOW_FORCE/REST/act=0/mav=21783/base=435495/th=56455
1778760597.549,11585,-43,529491,0,24561,25,STAND/UNKNOWN/#0/LOW_FORCE/REST/act=0/mav=21783/base=435495/th=56455
1778760597.549,11586,-43,530926,0,24561,25,STAND/UNKNOWN/#0/LOW_FORCE/REST/act=0/mav=21783/base=435495/th=56455
1778760597.549,11587,-43,530804,0,24561,25,STAND/UNKNOWN/#0/LOW_FORCE/REST/act=0/mav=21783/base=435495/th=56455
1778760597.629,11588,-43,530983,0,24561,25,STAND/UNKNOWN/#0/LOW_FORCE/REST/act=0/mav=21783/base=435495/th=56455
1778760597.629,11589,-43,530160,0,24561,25,STAND/UNKNOWN/#0/LOW_FORCE/REST/act=0/mav=21783/base=435495/th=56455
1778760597.629,11590,-43,530524,0,24561,25,STAND/UNKNOWN/#0/LOW_FORCE/REST/act=0/mav=21783/base=435495/th=56455
1778760597.630,11591,-43,529522,0,24561,25,STAND/UNKNOWN/#0/LOW_FORCE/REST/act=0/mav=21783/base=435495/th=56455
1778760597.630,11592,-43,528398,0,24561,25,STAND/UNKNOWN/#0/LOW_FORCE/REST/act=0/mav=21783/base=435495/th=56455
1778760597.707,11593,-43,528611,0,22653,25,STAND/UNKNOWN/#0/LOW_FORCE/REST/act=0/mav=20283/base=435495/th=56455
1778760597.707,11594,-43,529516,0,22653,25,STAND/UNKNOWN/#0/LOW_FORCE/REST/act=0/mav=20283/base=435495/th=56455
1778760597.707,11595,-43,530115,0,22653,25,STAND/UNKNOWN/#0/LOW_FORCE/REST/act=0/mav=20283/base=435495/th=56455
1778760597.707,11596,-43,529850,0,22653,25,STAND/UNKNOWN/#0/LOW_FORCE/REST/act=0/mav=20283/base=435495/th=56455
1778760597.800,11597,-43,529620,0,22653,25,STAND/UNKNOWN/#0/LOW_FORCE/REST/act=0/mav=20283/base=435495/th=56455
1778760597.800,11598,-43,528748,0,22653,25,STAND/UNKNOWN/#0/LOW_FORCE/REST/act=0/mav=20283/base=435495/th=56455
1778760597.800,11599,-43,529276,0,22653,25,STAND/UNKNOWN/#0/LOW_FORCE/REST/act=0/mav=20283/base=435495/th=56455
1778760597.800,11600,-43,529476,0,22653,25,STAND/UNKNOWN/#0/LOW_FORCE/REST/act=0/mav=20283/base=435495/th=56455
1778760597.800,11601,-43,529011,0,22653,25,STAND/UNKNOWN/#0/LOW_FORCE/REST/act=0/mav=20283/base=435495/th=56455
1778760597.887,11602,-43,531244,0,22653,25,STAND/UNKNOWN/#0/LOW_FORCE/REST/act=0/mav=20283/base=435495/th=56455
1778760597.887,11603,-43,531639,0,22653,25,STAND/UNKNOWN/#0/LOW_FORCE/REST/act=0/mav=20283/base=435495/th=56455
1778760597.887,11604,-43,531496,0,22653,25,STAND/UNKNOWN/#0/LOW_FORCE/REST/act=0/mav=20283/base=435495/th=56455
1778760597.887,11605,-43,530592,0,22653,25,STAND/UNKNOWN/#0/LOW_FORCE/REST/act=0/mav=20283/base=435495/th=56455
1778760597.965,11606,-43,530105,0,22181,26,STAND/UNKNOWN/#0/LOW_FORCE/REST/act=0/mav=20097/base=435495/th=56455
1778760597.965,11607,-43,529588,0,22181,26,STAND/UNKNOWN/#0/LOW_FORCE/REST/act=0/mav=20097/base=435495/th=56455
1778760597.965,11608,-43,530533,0,22181,26,STAND/UNKNOWN/#0/LOW_FORCE/REST/act=0/mav=20097/base=435495/th=56455
1778760597.965,11609,-43,530254,0,22181,26,STAND/UNKNOWN/#0/LOW_FORCE/REST/act=0/mav=20097/base=435495/th=56455
1778760598.046,11610,-43,531224,0,22181,26,STAND/UNKNOWN/#0/LOW_FORCE/REST/act=0/mav=20097/base=435495/th=56455
1778760598.047,11611,-43,532573,0,22181,26,STAND/UNKNOWN/#0/LOW_FORCE/REST/act=0/mav=20097/base=435495/th=56455
1778760598.047,11612,-43,532068,0,22181,26,STAND/UNKNOWN/#0/LOW_FORCE/REST/act=0/mav=20097/base=435495/th=56455
1778760598.047,11613,-43,531565,0,22181,26,STAND/UNKNOWN/#0/LOW_FORCE/REST/act=0/mav=20097/base=435495/th=56455
1778760598.141,11614,-43,532284,0,22181,26,STAND/UNKNOWN/#0/LOW_FORCE/REST/act=0/mav=20097/base=435495/th=56455
1778760598.141,11615,-43,532308,0,22181,26,STAND/UNKNOWN/#0/LOW_FORCE/REST/act=0/mav=20097/base=435495/th=56455
1778760598.141,11616,-43,534524,0,22181,26,STAND/UNKNOWN/#0/LOW_FORCE/REST/act=0/mav=20097/base=435495/th=56455
1778760598.141,11617,-43,537058,0,22181,26,STAND/UNKNOWN/#0/LOW_FORCE/REST/act=0/mav=20097/base=435495/th=56455
1778760598.141,11618,-43,540140,0,22181,26,STAND/UNKNOWN/#0/LOW_FORCE/REST/act=0/mav=20097/base=435495/th=56455
1778760598.232,11619,-43,542234,0,22736,26,STAND/UNKNOWN/#0/LOW_FORCE/REST/act=0/mav=20704/base=435495/th=56455
1778760598.232,11620,-43,542682,0,22736,26,STAND/UNKNOWN/#0/LOW_FORCE/REST/act=0/mav=20704/base=435495/th=56455
1778760598.232,11621,-43,542829,0,22736,26,STAND/UNKNOWN/#0/LOW_FORCE/REST/act=0/mav=20704/base=435495/th=56455
1778760598.232,11622,-43,543083,0,22736,26,STAND/UNKNOWN/#0/LOW_FORCE/REST/act=0/mav=20704/base=435495/th=56455
1778760598.327,11623,-43,543838,0,22736,26,STAND/UNKNOWN/#0/LOW_FORCE/REST/act=0/mav=20704/base=435495/th=56455
1778760598.327,11624,-43,543500,0,22736,26,STAND/UNKNOWN/#0/LOW_FORCE/REST/act=0/mav=20704/base=435495/th=56455
1778760598.327,11625,-43,544793,0,22736,26,STAND/UNKNOWN/#0/LOW_FORCE/REST/act=0/mav=20704/base=435495/th=56455
1778760598.406,11626,-43,546684,0,22736,26,STAND/UNKNOWN/#0/LOW_FORCE/REST/act=0/mav=20704/base=435495/th=56455
1778760598.406,11627,-43,548570,0,22736,26,STAND/UNKNOWN/#0/LOW_FORCE/REST/act=0/mav=20704/base=435495/th=56455
1778760598.406,11628,-43,549639,0,22736,26,STAND/UNKNOWN/#0/LOW_FORCE/REST/act=0/mav=20704/base=435495/th=56455
1778760598.406,11629,-43,550469,0,22736,26,STAND/UNKNOWN/#0/LOW_FORCE/REST/act=0/mav=20704/base=435495/th=56455
1778760598.407,11630,-43,550403,0,22736,26,STAND/UNKNOWN/#0/LOW_FORCE/REST/act=0/mav=20704/base=435495/th=56455
1778760598.477,11631,-43,551612,0,22736,26,STAND/UNKNOWN/#0/LOW_FORCE/REST/act=0/mav=20704/base=435495/th=56455
1778760598.477,11632,-43,551137,0,26491,26,STAND/UNKNOWN/#0/LOW_FORCE/REST/act=0/mav=24255/base=435495/th=56455
1778760598.477,11633,-43,552176,0,26491,26,STAND/UNKNOWN/#0/LOW_FORCE/REST/act=0/mav=24255/base=435495/th=56455
1778760598.477,11634,-43,553611,0,26491,26,STAND/UNKNOWN/#0/LOW_FORCE/REST/act=0/mav=24255/base=435495/th=56455
1778760598.477,11635,-43,555369,0,26491,26,STAND/UNKNOWN/#0/LOW_FORCE/REST/act=0/mav=24255/base=435495/th=56455
1778760598.562,11636,-43,555498,0,26491,26,STAND/UNKNOWN/#0/LOW_FORCE/REST/act=0/mav=24255/base=435495/th=56455
1778760598.562,11637,-43,554652,0,26491,26,STAND/UNKNOWN/#0/LOW_FORCE/REST/act=0/mav=24255/base=435495/th=56455
1778760598.563,11638,-43,554654,0,26491,26,STAND/UNKNOWN/#0/LOW_FORCE/REST/act=0/mav=24255/base=435495/th=56455
1778760598.563,11639,-43,554764,0,26491,26,STAND/UNKNOWN/#0/LOW_FORCE/REST/act=0/mav=24255/base=435495/th=56455
1778760598.633,11640,-43,554371,0,26491,26,STAND/UNKNOWN/#0/LOW_FORCE/REST/act=0/mav=24255/base=435495/th=56455
1778760598.633,11641,-43,555234,0,26491,26,STAND/UNKNOWN/#0/LOW_FORCE/REST/act=0/mav=24255/base=435495/th=56455
1778760598.633,11642,-43,556594,0,26491,26,STAND/UNKNOWN/#0/LOW_FORCE/REST/act=0/mav=24255/base=435495/th=56455
1778760598.633,11643,-43,557926,0,26491,26,STAND/UNKNOWN/#0/LOW_FORCE/REST/act=0/mav=24255/base=435495/th=56455
1778760598.704,11644,-43,557739,0,29587,25,STAND/UNKNOWN/#0/LOW_FORCE/REST/act=0/mav=27381/base=435495/th=56455
1778760598.704,11645,-43,556694,0,29587,25,STAND/UNKNOWN/#0/LOW_FORCE/REST/act=0/mav=27381/base=435495/th=56455
1778760598.704,11646,-43,556551,0,29587,25,STAND/UNKNOWN/#0/LOW_FORCE/REST/act=0/mav=27381/base=435495/th=56455
1778760598.785,11647,-43,556631,0,29587,25,STAND/UNKNOWN/#0/LOW_FORCE/REST/act=0/mav=27381/base=435495/th=56455
1778760598.786,11648,-43,555771,0,29587,25,STAND/UNKNOWN/#0/LOW_FORCE/REST/act=0/mav=27381/base=435495/th=56455
1778760598.786,11649,-43,556433,0,29587,25,STAND/UNKNOWN/#0/LOW_FORCE/REST/act=0/mav=27381/base=435495/th=56455
1778760598.786,11650,-43,557768,0,29587,25,STAND/UNKNOWN/#0/LOW_FORCE/REST/act=0/mav=27381/base=435495/th=56455
1778760598.886,11651,-43,558978,0,29587,25,STAND/UNKNOWN/#0/LOW_FORCE/REST/act=0/mav=27381/base=435495/th=56455
1778760598.886,11652,-43,558761,0,29587,25,STAND/UNKNOWN/#0/LOW_FORCE/REST/act=0/mav=27381/base=435495/th=56455
1778760598.886,11653,-43,557836,0,29587,25,STAND/UNKNOWN/#0/LOW_FORCE/REST/act=0/mav=27381/base=435495/th=56455
1778760598.886,11654,-43,557838,0,29587,25,STAND/UNKNOWN/#0/LOW_FORCE/REST/act=0/mav=27381/base=435495/th=56455
1778760598.887,11655,-43,557961,0,29587,25,STAND/UNKNOWN/#0/LOW_FORCE/REST/act=0/mav=27381/base=435495/th=56455
1778760598.980,11656,-43,557306,0,29587,25,STAND/UNKNOWN/#0/LOW_FORCE/REST/act=0/mav=27381/base=435495/th=56455
1778760598.980,11657,-43,557871,0,29726,25,STAND/UNKNOWN/#0/LOW_FORCE/REST/act=0/mav=27466/base=435495/th=56455
1778760598.980,11658,-43,559228,0,29726,25,STAND/UNKNOWN/#0/LOW_FORCE/REST/act=0/mav=27466/base=435495/th=56455
1778760598.981,11659,-43,560329,0,29726,25,STAND/UNKNOWN/#0/LOW_FORCE/REST/act=0/mav=27466/base=435495/th=56455
1778760598.981,11660,-43,560142,0,29726,25,STAND/UNKNOWN/#0/LOW_FORCE/REST/act=0/mav=27466/base=435495/th=56455
1778760599.055,11661,-43,559232,0,29726,25,STAND/UNKNOWN/#0/LOW_FORCE/REST/act=0/mav=27466/base=435495/th=56455
1778760599.055,11662,-43,558999,0,29726,25,STAND/UNKNOWN/#0/LOW_FORCE/REST/act=0/mav=27466/base=435495/th=56455
1778760599.055,11663,-43,559016,0,29726,25,STAND/UNKNOWN/#0/LOW_FORCE/REST/act=0/mav=27466/base=435495/th=56455
1778760599.055,11664,-43,558110,0,29726,25,STAND/UNKNOWN/#0/LOW_FORCE/REST/act=0/mav=27466/base=435495/th=56455
1778760599.141,11665,-43,558731,0,29726,25,STAND/UNKNOWN/#0/LOW_FORCE/REST/act=0/mav=27466/base=435495/th=56455
1778760599.141,11666,-43,560287,0,29726,25,STAND/UNKNOWN/#0/LOW_FORCE/REST/act=0/mav=27466/base=435495/th=56455
1778760599.141,11667,-43,561709,0,29726,25,STAND/UNKNOWN/#0/LOW_FORCE/REST/act=0/mav=27466/base=435495/th=56455
1778760599.141,11668,-43,561908,0,29726,25,STAND/UNKNOWN/#0/LOW_FORCE/REST/act=0/mav=27466/base=435495/th=56455
1778760599.215,11669,-43,560815,0,29726,25,STAND/UNKNOWN/#0/LOW_FORCE/REST/act=0/mav=27466/base=435495/th=56455
1778760599.215,11670,-43,560848,0,29597,26,STAND/UNKNOWN/#0/LOW_FORCE/REST/act=0/mav=27253/base=435495/th=56455
1778760599.215,11671,-43,560704,0,29597,26,STAND/UNKNOWN/#0/LOW_FORCE/REST/act=0/mav=27253/base=435495/th=56455
1778760599.215,11672,-43,560193,0,29597,26,STAND/UNKNOWN/#0/LOW_FORCE/REST/act=0/mav=27253/base=435495/th=56455
1778760599.282,11673,-43,560769,0,29597,26,STAND/UNKNOWN/#0/LOW_FORCE/REST/act=0/mav=27253/base=435495/th=56455
1778760599.282,11674,-43,561819,0,29597,26,STAND/UNKNOWN/#0/LOW_FORCE/REST/act=0/mav=27253/base=435495/th=56455
1778760599.282,11675,-43,563223,0,29597,26,STAND/UNKNOWN/#0/LOW_FORCE/REST/act=0/mav=27253/base=435495/th=56455
1778760599.348,11676,-43,563323,0,29597,26,STAND/UNKNOWN/#0/LOW_FORCE/REST/act=0/mav=27253/base=435495/th=56455
1778760599.348,11677,-43,562101,0,29597,26,STAND/UNKNOWN/#0/LOW_FORCE/REST/act=0/mav=27253/base=435495/th=56455
1778760599.348,11678,-43,561807,0,29597,26,STAND/UNKNOWN/#0/LOW_FORCE/REST/act=0/mav=27253/base=435495/th=56455
1778760599.422,11679,-43,561787,0,29597,26,STAND/UNKNOWN/#0/LOW_FORCE/REST/act=0/mav=27253/base=435495/th=56455
1778760599.422,11680,-43,561424,0,29597,26,STAND/UNKNOWN/#0/LOW_FORCE/REST/act=0/mav=27253/base=435495/th=56455
1778760599.422,11681,-43,562135,0,29597,26,STAND/UNKNOWN/#0/LOW_FORCE/REST/act=0/mav=27253/base=435495/th=56455
1778760599.422,11682,-43,563339,0,29597,26,STAND/UNKNOWN/#0/LOW_FORCE/REST/act=0/mav=27253/base=435495/th=56455
1778760599.495,11683,-43,564129,0,29842,26,STAND/UNKNOWN/#0/LOW_FORCE/REST/act=0/mav=27453/base=435495/th=56455
1778760599.495,11684,-43,564348,0,29842,26,STAND/UNKNOWN/#0/LOW_FORCE/REST/act=0/mav=27453/base=435495/th=56455
1778760599.495,11685,-43,563117,0,29842,26,STAND/UNKNOWN/#0/LOW_FORCE/REST/act=0/mav=27453/base=435495/th=56455
1778760599.495,11686,-43,562844,0,29842,26,STAND/UNKNOWN/#0/LOW_FORCE/REST/act=0/mav=27453/base=435495/th=56455
1778760599.560,11687,-43,562606,0,29842,26,STAND/UNKNOWN/#0/LOW_FORCE/REST/act=0/mav=27453/base=435495/th=56455
1778760599.560,11688,-43,561874,0,29842,26,STAND/UNKNOWN/#0/LOW_FORCE/REST/act=0/mav=27453/base=435495/th=56455
1778760599.560,11689,-43,563274,0,29842,26,STAND/UNKNOWN/#0/LOW_FORCE/REST/act=0/mav=27453/base=435495/th=56455
1778760599.620,11690,-43,564472,0,29842,26,STAND/UNKNOWN/#0/LOW_FORCE/REST/act=0/mav=27453/base=435495/th=56455
1778760599.620,11691,-43,565638,0,29842,26,STAND/UNKNOWN/#0/LOW_FORCE/REST/act=0/mav=27453/base=435495/th=56455
1778760599.620,11692,-43,565440,0,29842,26,STAND/UNKNOWN/#0/LOW_FORCE/REST/act=0/mav=27453/base=435495/th=56455
1778760599.681,11693,-43,564567,0,29842,26,STAND/UNKNOWN/#0/LOW_FORCE/REST/act=0/mav=27453/base=435495/th=56455
1778760599.681,11694,-43,564196,0,29842,26,STAND/UNKNOWN/#0/LOW_FORCE/REST/act=0/mav=27453/base=435495/th=56455
1778760599.681,11695,-43,564213,0,29842,26,STAND/UNKNOWN/#0/LOW_FORCE/REST/act=0/mav=27453/base=435495/th=56455
1778760599.763,11696,-43,563426,0,30038,26,STAND/UNKNOWN/#0/LOW_FORCE/REST/act=0/mav=27611/base=435495/th=56455
1778760599.763,11697,-43,563924,0,30038,26,STAND/UNKNOWN/#0/LOW_FORCE/REST/act=0/mav=27611/base=435495/th=56455
1778760599.763,11698,-43,565388,0,30038,26,STAND/UNKNOWN/#0/LOW_FORCE/REST/act=0/mav=27611/base=435495/th=56455
1778760599.763,11699,-43,566438,0,30038,26,STAND/UNKNOWN/#0/LOW_FORCE/REST/act=0/mav=27611/base=435495/th=56455
1778760599.843,11700,-43,566240,0,30038,26,STAND/UNKNOWN/#0/LOW_FORCE/REST/act=0/mav=27611/base=435495/th=56455
1778760599.843,11701,-43,564883,0,30038,26,STAND/UNKNOWN/#0/LOW_FORCE/REST/act=0/mav=27611/base=435495/th=56455
1778760599.843,11702,-43,564917,0,30038,26,STAND/UNKNOWN/#0/LOW_FORCE/REST/act=0/mav=27611/base=435495/th=56455
1778760599.843,11703,-43,565040,0,30038,26,STAND/UNKNOWN/#0/LOW_FORCE/REST/act=0/mav=27611/base=435495/th=56455
1778760599.915,11704,-43,564179,0,30038,26,STAND/UNKNOWN/#0/LOW_FORCE/REST/act=0/mav=27611/base=435495/th=56455
1778760599.915,11705,-43,564687,0,30038,26,STAND/UNKNOWN/#0/LOW_FORCE/REST/act=0/mav=27611/base=435495/th=56455
1778760599.915,11706,-43,565981,0,30038,26,STAND/UNKNOWN/#0/LOW_FORCE/REST/act=0/mav=27611/base=435495/th=56455
1778760599.915,11707,-43,567207,0,30038,26,STAND/UNKNOWN/#0/LOW_FORCE/REST/act=0/mav=27611/base=435495/th=56455
1778760599.984,11708,-43,566875,0,29860,25,STAND/UNKNOWN/#0/LOW_FORCE/REST/act=0/mav=27352/base=435495/th=56455
1778760599.984,11709,-43,565648,0,29860,25,STAND/UNKNOWN/#0/LOW_FORCE/REST/act=0/mav=27352/base=435495/th=56455
1778760599.984,11710,-43,565181,0,29860,25,STAND/UNKNOWN/#0/LOW_FORCE/REST/act=0/mav=27352/base=435495/th=56455
1778760600.054,11711,-43,565402,0,29860,25,STAND/UNKNOWN/#0/LOW_FORCE/REST/act=0/mav=27352/base=435495/th=56455
1778760600.054,11712,-43,563966,0,29860,25,STAND/UNKNOWN/#0/LOW_FORCE/REST/act=0/mav=27352/base=435495/th=56455
1778760600.054,11713,-43,564867,0,29860,25,STAND/UNKNOWN/#0/LOW_FORCE/REST/act=0/mav=27352/base=435495/th=56455
1778760600.054,11714,-43,566538,0,29860,25,STAND/UNKNOWN/#0/LOW_FORCE/REST/act=0/mav=27352/base=435495/th=56455
1778760600.122,11715,-43,567861,0,29860,25,STAND/UNKNOWN/#0/LOW_FORCE/REST/act=0/mav=27352/base=435495/th=56455
1778760600.122,11716,-43,567210,0,29860,25,STAND/UNKNOWN/#0/LOW_FORCE/REST/act=0/mav=27352/base=435495/th=56455
1778760600.122,11717,-43,565902,0,29860,25,STAND/UNKNOWN/#0/LOW_FORCE/REST/act=0/mav=27352/base=435495/th=56455
1778760600.181,11718,-43,565726,0,29860,25,STAND/UNKNOWN/#0/LOW_FORCE/REST/act=0/mav=27352/base=435495/th=56455
1778760600.182,11719,-43,565697,0,29860,25,STAND/UNKNOWN/#0/LOW_FORCE/REST/act=0/mav=27352/base=435495/th=56455
1778760600.182,11720,-43,564847,0,29860,25,STAND/UNKNOWN/#0/LOW_FORCE/REST/act=0/mav=27352/base=435495/th=56455
1778760600.240,11721,-43,565502,0,29775,25,STAND/UNKNOWN/#0/LOW_FORCE/REST/act=0/mav=27182/base=435495/th=56455
1778760600.240,11722,-43,566854,0,29775,25,STAND/UNKNOWN/#0/LOW_FORCE/REST/act=0/mav=27182/base=435495/th=56455
1778760600.240,11723,-43,568189,0,29775,25,STAND/UNKNOWN/#0/LOW_FORCE/REST/act=0/mav=27182/base=435495/th=56455
1778760600.304,11724,-43,567729,0,29775,25,STAND/UNKNOWN/#0/LOW_FORCE/REST/act=0/mav=27182/base=435495/th=56455
1778760600.304,11725,-43,566911,0,29775,25,STAND/UNKNOWN/#0/LOW_FORCE/REST/act=0/mav=27182/base=435495/th=56455
1778760600.304,11726,-43,566301,0,29775,25,STAND/UNKNOWN/#0/LOW_FORCE/REST/act=0/mav=27182/base=435495/th=56455
1778760600.372,11727,-43,566371,0,29775,25,STAND/UNKNOWN/#0/LOW_FORCE/REST/act=0/mav=27182/base=435495/th=56455
1778760600.372,11728,-43,565483,0,29775,25,STAND/UNKNOWN/#0/LOW_FORCE/REST/act=0/mav=27182/base=435495/th=56455
1778760600.372,11729,-43,566269,0,29775,25,STAND/UNKNOWN/#0/LOW_FORCE/REST/act=0/mav=27182/base=435495/th=56455
1778760600.372,11730,-43,567483,0,29775,25,STAND/UNKNOWN/#0/LOW_FORCE/REST/act=0/mav=27182/base=435495/th=56455
1778760600.441,11731,-43,568649,0,29775,25,STAND/UNKNOWN/#0/LOW_FORCE/REST/act=0/mav=27182/base=435495/th=56455
1778760600.441,11732,-43,568458,0,29775,25,STAND/UNKNOWN/#0/LOW_FORCE/REST/act=0/mav=27182/base=435495/th=56455
1778760600.441,11733,-43,567201,0,29775,25,STAND/UNKNOWN/#0/LOW_FORCE/REST/act=0/mav=27182/base=435495/th=56455
1778760600.512,11734,-43,567094,0,29968,26,STAND/UNKNOWN/#0/LOW_FORCE/REST/act=0/mav=27290/base=435495/th=56455
1778760600.512,11735,-43,567504,0,29968,26,STAND/UNKNOWN/#0/LOW_FORCE/REST/act=0/mav=27290/base=435495/th=56455
1778760600.512,11736,-43,566108,0,29968,26,STAND/UNKNOWN/#0/LOW_FORCE/REST/act=0/mav=27290/base=435495/th=56455
1778760600.512,11737,-43,567303,0,29968,26,STAND/UNKNOWN/#0/LOW_FORCE/REST/act=0/mav=27290/base=435495/th=56455
1778760600.582,11738,-43,568567,0,29968,26,STAND/UNKNOWN/#0/LOW_FORCE/REST/act=0/mav=27290/base=435495/th=56455
1778760600.582,11739,-43,569789,0,29968,26,STAND/UNKNOWN/#0/LOW_FORCE/REST/act=0/mav=27290/base=435495/th=56455
1778760600.582,11740,-43,569620,0,29968,26,STAND/UNKNOWN/#0/LOW_FORCE/REST/act=0/mav=27290/base=435495/th=56455
1778760600.674,11741,-43,567986,0,29968,26,STAND/UNKNOWN/#0/LOW_FORCE/REST/act=0/mav=27290/base=435495/th=56455
1778760600.674,11742,-43,567808,0,29968,26,STAND/UNKNOWN/#0/LOW_FORCE/REST/act=0/mav=27290/base=435495/th=56455
1778760600.674,11743,-43,567918,0,29968,26,STAND/UNKNOWN/#0/LOW_FORCE/REST/act=0/mav=27290/base=435495/th=56455
1778760600.674,11744,-43,567213,0,29968,26,STAND/UNKNOWN/#0/LOW_FORCE/REST/act=0/mav=27290/base=435495/th=56455
1778760600.674,11745,-43,567803,0,29968,26,STAND/UNKNOWN/#0/LOW_FORCE/REST/act=0/mav=27290/base=435495/th=56455
1778760600.759,11746,-43,569135,0,29968,26,STAND/UNKNOWN/#0/LOW_FORCE/REST/act=0/mav=27290/base=435495/th=56455
1778760600.759,11747,-43,570229,0,30203,26,STAND/UNKNOWN/#0/LOW_FORCE/REST/act=0/mav=27580/base=435495/th=56455
1778760600.848,11748,-43,569855,0,30203,26,STAND/UNKNOWN/#0/LOW_FORCE/REST/act=0/mav=27580/base=435495/th=56455
1778760600.849,11749,-43,568889,0,30203,26,STAND/UNKNOWN/#0/LOW_FORCE/REST/act=0/mav=27580/base=435495/th=56455
1778760600.849,11750,-43,568376,0,30203,26,STAND/UNKNOWN/#0/LOW_FORCE/REST/act=0/mav=27580/base=435495/th=56455
1778760600.849,11751,-43,568293,0,30203,26,STAND/UNKNOWN/#0/LOW_FORCE/REST/act=0/mav=27580/base=435495/th=56455
1778760600.849,11752,-43,567371,0,30203,26,STAND/UNKNOWN/#0/LOW_FORCE/REST/act=0/mav=27580/base=435495/th=56455
1778760600.849,11753,-43,568246,0,30203,26,STAND/UNKNOWN/#0/LOW_FORCE/REST/act=0/mav=27580/base=435495/th=56455
1778760600.939,11754,-43,569636,0,30203,26,STAND/UNKNOWN/#0/LOW_FORCE/REST/act=0/mav=27580/base=435495/th=56455
1778760600.939,11755,-43,570654,0,30203,26,STAND/UNKNOWN/#0/LOW_FORCE/REST/act=0/mav=27580/base=435495/th=56455
1778760600.939,11756,-43,569999,0,30203,26,STAND/UNKNOWN/#0/LOW_FORCE/REST/act=0/mav=27580/base=435495/th=56455
1778760600.939,11757,-43,569241,0,30203,26,STAND/UNKNOWN/#0/LOW_FORCE/REST/act=0/mav=27580/base=435495/th=56455
1778760600.939,11758,-43,568593,0,30203,26,STAND/UNKNOWN/#0/LOW_FORCE/REST/act=0/mav=27580/base=435495/th=56455
1778760601.024,11759,-43,568501,0,30203,26,STAND/UNKNOWN/#0/LOW_FORCE/REST/act=0/mav=27580/base=435495/th=56455
1778760601.024,11760,-43,567773,0,30318,26,STAND/UNKNOWN/#0/LOW_FORCE/REST/act=0/mav=27704/base=435495/th=56455
1778760601.024,11761,-43,568475,0,30318,26,STAND/UNKNOWN/#0/LOW_FORCE/REST/act=0/mav=27704/base=435495/th=56455
1778760601.024,11762,-43,569540,0,30318,26,STAND/UNKNOWN/#0/LOW_FORCE/REST/act=0/mav=27704/base=435495/th=56455
1778760601.132,11763,-43,570635,0,30318,26,STAND/UNKNOWN/#0/LOW_FORCE/REST/act=0/mav=27704/base=435495/th=56455
1778760601.132,11764,-43,570528,0,30318,26,STAND/UNKNOWN/#0/LOW_FORCE/REST/act=0/mav=27704/base=435495/th=56455
1778760601.132,11765,-43,569251,0,30318,26,STAND/UNKNOWN/#0/LOW_FORCE/REST/act=0/mav=27704/base=435495/th=56455
1778760601.132,11766,-43,568971,0,30318,26,STAND/UNKNOWN/#0/LOW_FORCE/REST/act=0/mav=27704/base=435495/th=56455
1778760601.133,11767,-43,569026,0,30318,26,STAND/UNKNOWN/#0/LOW_FORCE/REST/act=0/mav=27704/base=435495/th=56455
1778760601.209,11768,-43,568133,0,30318,26,STAND/UNKNOWN/#0/LOW_FORCE/REST/act=0/mav=27704/base=435495/th=56455
1778760601.209,11769,-43,568459,0,30318,26,STAND/UNKNOWN/#0/LOW_FORCE/REST/act=0/mav=27704/base=435495/th=56455
1778760601.209,11770,-43,570223,0,30318,26,STAND/UNKNOWN/#0/LOW_FORCE/REST/act=0/mav=27704/base=435495/th=56455
1778760601.209,11771,-43,571214,0,30318,26,STAND/UNKNOWN/#0/LOW_FORCE/REST/act=0/mav=27704/base=435495/th=56455
1778760601.301,11772,-43,570769,0,30048,25,STAND/UNKNOWN/#0/LOW_FORCE/REST/act=0/mav=27387/base=435495/th=56455
1778760601.301,11773,-43,569783,0,30048,25,STAND/UNKNOWN/#0/LOW_FORCE/REST/act=0/mav=27387/base=435495/th=56455
1778760601.301,11774,-43,569296,0,30048,25,STAND/UNKNOWN/#0/LOW_FORCE/REST/act=0/mav=27387/base=435495/th=56455
1778760601.301,11775,-43,569271,0,30048,25,STAND/UNKNOWN/#0/LOW_FORCE/REST/act=0/mav=27387/base=435495/th=56455
1778760601.301,11776,-43,568549,0,30048,25,STAND/UNKNOWN/#0/LOW_FORCE/REST/act=0/mav=27387/base=435495/th=56455
1778760601.366,11777,-43,568719,0,30048,25,STAND/UNKNOWN/#0/LOW_FORCE/REST/act=0/mav=27387/base=435495/th=56455
1778760601.366,11778,-43,570262,0,30048,25,STAND/UNKNOWN/#0/LOW_FORCE/REST/act=0/mav=27387/base=435495/th=56455
1778760601.366,11779,-43,571720,0,30048,25,STAND/UNKNOWN/#0/LOW_FORCE/REST/act=0/mav=27387/base=435495/th=56455
1778760601.452,11780,-43,571294,0,30048,25,STAND/UNKNOWN/#0/LOW_FORCE/REST/act=0/mav=27387/base=435495/th=56455
1778760601.453,11781,-43,570174,0,30048,25,STAND/UNKNOWN/#0/LOW_FORCE/REST/act=0/mav=27387/base=435495/th=56455
1778760601.453,11782,-43,569952,0,30048,25,STAND/UNKNOWN/#0/LOW_FORCE/REST/act=0/mav=27387/base=435495/th=56455
1778760601.453,11783,-43,569905,0,30048,25,STAND/UNKNOWN/#0/LOW_FORCE/REST/act=0/mav=27387/base=435495/th=56455
1778760601.453,11784,-43,569396,0,30048,25,STAND/UNKNOWN/#0/LOW_FORCE/REST/act=0/mav=27387/base=435495/th=56455
1778760601.531,11785,-43,569946,0,29969,25,STAND/UNKNOWN/#0/LOW_FORCE/REST/act=0/mav=27282/base=435495/th=56455
1778760601.531,11786,-43,570903,0,29969,25,STAND/UNKNOWN/#0/LOW_FORCE/REST/act=0/mav=27282/base=435495/th=56455
1778760601.531,11787,-43,572140,0,29969,25,STAND/UNKNOWN/#0/LOW_FORCE/REST/act=0/mav=27282/base=435495/th=56455
1778760601.531,11788,-43,571844,0,29969,25,STAND/UNKNOWN/#0/LOW_FORCE/REST/act=0/mav=27282/base=435495/th=56455
1778760601.607,11789,-43,570639,0,29969,25,STAND/UNKNOWN/#0/LOW_FORCE/REST/act=0/mav=27282/base=435495/th=56455
1778760601.608,11790,-43,570421,0,29969,25,STAND/UNKNOWN/#0/LOW_FORCE/REST/act=0/mav=27282/base=435495/th=56455
1778760601.608,11791,-43,570351,0,29969,25,STAND/UNKNOWN/#0/LOW_FORCE/REST/act=0/mav=27282/base=435495/th=56455
1778760601.682,11792,-43,569569,0,29969,25,STAND/UNKNOWN/#0/LOW_FORCE/REST/act=0/mav=27282/base=435495/th=56455
1778760601.682,11793,-43,570106,0,29969,25,STAND/UNKNOWN/#0/LOW_FORCE/REST/act=0/mav=27282/base=435495/th=56455
1778760601.683,11794,-43,571403,0,29969,25,STAND/UNKNOWN/#0/LOW_FORCE/REST/act=0/mav=27282/base=435495/th=56455
1778760601.683,11795,-43,572676,0,29969,25,STAND/UNKNOWN/#0/LOW_FORCE/REST/act=0/mav=27282/base=435495/th=56455
1778760601.754,11796,-43,572603,0,29969,25,STAND/UNKNOWN/#0/LOW_FORCE/REST/act=0/mav=27282/base=435495/th=56455
1778760601.755,11797,-43,571464,0,29969,25,STAND/UNKNOWN/#0/LOW_FORCE/REST/act=0/mav=27282/base=435495/th=56455
1778760601.755,11798,-43,570395,0,30223,26,STAND/UNKNOWN/#0/LOW_FORCE/REST/act=0/mav=27491/base=435495/th=56455
1778760601.755,11799,-43,571011,0,30223,26,STAND/UNKNOWN/#0/LOW_FORCE/REST/act=0/mav=27491/base=435495/th=56455
1778760601.821,11800,-43,570111,0,30223,26,STAND/UNKNOWN/#0/LOW_FORCE/REST/act=0/mav=27491/base=435495/th=56455
1778760601.822,11801,-43,570679,0,30223,26,STAND/UNKNOWN/#0/LOW_FORCE/REST/act=0/mav=27491/base=435495/th=56455
1778760601.822,11802,-43,571850,0,30223,26,STAND/UNKNOWN/#0/LOW_FORCE/REST/act=0/mav=27491/base=435495/th=56455
1778760601.912,11803,-43,573173,0,30223,26,STAND/UNKNOWN/#0/LOW_FORCE/REST/act=0/mav=27491/base=435495/th=56455
1778760601.912,11804,-43,572622,0,30223,26,STAND/UNKNOWN/#0/LOW_FORCE/REST/act=0/mav=27491/base=435495/th=56455
1778760601.913,11805,-43,571499,0,30223,26,STAND/UNKNOWN/#0/LOW_FORCE/REST/act=0/mav=27491/base=435495/th=56455
1778760601.913,11806,-43,571015,0,30223,26,STAND/UNKNOWN/#0/LOW_FORCE/REST/act=0/mav=27491/base=435495/th=56455
1778760601.913,11807,-43,570706,0,30223,26,STAND/UNKNOWN/#0/LOW_FORCE/REST/act=0/mav=27491/base=435495/th=56455
1778760602.003,11808,-43,570390,0,30223,26,STAND/UNKNOWN/#0/LOW_FORCE/REST/act=0/mav=27491/base=435495/th=56455
1778760602.003,11809,-43,570940,0,30223,26,STAND/UNKNOWN/#0/LOW_FORCE/REST/act=0/mav=27491/base=435495/th=56455
1778760602.004,11810,-43,572373,0,30223,26,STAND/UNKNOWN/#0/LOW_FORCE/REST/act=0/mav=27491/base=435495/th=56455
1778760602.004,11811,-43,573425,0,30337,26,STAND/UNKNOWN/#0/LOW_FORCE/REST/act=0/mav=27663/base=435495/th=56455
1778760602.071,11812,-43,573214,0,30337,26,STAND/UNKNOWN/#0/LOW_FORCE/REST/act=0/mav=27663/base=435495/th=56455
1778760602.071,11813,-43,571986,0,30337,26,STAND/UNKNOWN/#0/LOW_FORCE/REST/act=0/mav=27663/base=435495/th=56455
1778760602.072,11814,-43,571560,0,30337,26,STAND/UNKNOWN/#0/LOW_FORCE/REST/act=0/mav=27663/base=435495/th=56455
1778760602.072,11815,-43,571446,0,30337,26,STAND/UNKNOWN/#0/LOW_FORCE/REST/act=0/mav=27663/base=435495/th=56455
1778760602.136,11816,-43,570543,0,30337,26,STAND/UNKNOWN/#0/LOW_FORCE/REST/act=0/mav=27663/base=435495/th=56455
1778760602.136,11817,-43,571223,0,30337,26,STAND/UNKNOWN/#0/LOW_FORCE/REST/act=0/mav=27663/base=435495/th=56455
1778760602.136,11818,-43,572401,0,30337,26,STAND/UNKNOWN/#0/LOW_FORCE/REST/act=0/mav=27663/base=435495/th=56455
1778760602.198,11819,-43,573504,0,30337,26,STAND/UNKNOWN/#0/LOW_FORCE/REST/act=0/mav=27663/base=435495/th=56455
1778760602.198,11820,-43,573324,0,30337,26,STAND/UNKNOWN/#0/LOW_FORCE/REST/act=0/mav=27663/base=435495/th=56455
1778760602.198,11821,-43,572053,0,30337,26,STAND/UNKNOWN/#0/LOW_FORCE/REST/act=0/mav=27663/base=435495/th=56455
1778760602.282,11822,-43,571824,0,30337,26,STAND/UNKNOWN/#0/LOW_FORCE/REST/act=0/mav=27663/base=435495/th=56455
1778760602.283,11823,-43,571794,0,30337,26,STAND/UNKNOWN/#0/LOW_FORCE/REST/act=0/mav=27663/base=435495/th=56455
1778760602.283,11824,-43,570661,0,30315,26,STAND/UNKNOWN/#0/LOW_FORCE/REST/act=0/mav=27667/base=435495/th=56455
1778760602.283,11825,-43,571589,0,30315,26,STAND/UNKNOWN/#0/LOW_FORCE/REST/act=0/mav=27667/base=435495/th=56455
1778760602.355,11826,-43,573047,0,30315,26,STAND/UNKNOWN/#0/LOW_FORCE/REST/act=0/mav=27667/base=435495/th=56455
1778760602.355,11827,-43,574129,0,30315,26,STAND/UNKNOWN/#0/LOW_FORCE/REST/act=0/mav=27667/base=435495/th=56455
1778760602.355,11828,-43,573651,0,30315,26,STAND/UNKNOWN/#0/LOW_FORCE/REST/act=0/mav=27667/base=435495/th=56455
1778760602.355,11829,-43,571761,0,30315,26,STAND/UNKNOWN/#0/LOW_FORCE/REST/act=0/mav=27667/base=435495/th=56455
1778760602.417,11830,-43,571888,0,30315,26,STAND/UNKNOWN/#0/LOW_FORCE/REST/act=0/mav=27667/base=435495/th=56455
1778760602.418,11831,-43,571418,0,30315,26,STAND/UNKNOWN/#0/LOW_FORCE/REST/act=0/mav=27667/base=435495/th=56455
1778760602.418,11832,-43,570873,0,30315,26,STAND/UNKNOWN/#0/LOW_FORCE/REST/act=0/mav=27667/base=435495/th=56455
1778760602.485,11833,-43,571860,0,30315,26,STAND/UNKNOWN/#0/LOW_FORCE/REST/act=0/mav=27667/base=435495/th=56455
1778760602.485,11834,-43,572889,0,30315,26,STAND/UNKNOWN/#0/LOW_FORCE/REST/act=0/mav=27667/base=435495/th=56455
1778760602.485,11835,-43,573749,0,30315,26,STAND/UNKNOWN/#0/LOW_FORCE/REST/act=0/mav=27667/base=435495/th=56455
1778760602.550,11836,-43,573755,0,30038,25,STAND/UNKNOWN/#0/LOW_FORCE/REST/act=0/mav=27361/base=435495/th=56455
1778760602.550,11837,-43,572311,0,30038,25,STAND/UNKNOWN/#0/LOW_FORCE/REST/act=0/mav=27361/base=435495/th=56455
1778760602.550,11838,-43,572157,0,30038,25,STAND/UNKNOWN/#0/LOW_FORCE/REST/act=0/mav=27361/base=435495/th=56455
1778760602.621,11839,-43,571918,0,30038,25,STAND/UNKNOWN/#0/LOW_FORCE/REST/act=0/mav=27361/base=435495/th=56455
1778760602.621,11840,-43,571346,0,30038,25,STAND/UNKNOWN/#0/LOW_FORCE/REST/act=0/mav=27361/base=435495/th=56455
1778760602.621,11841,-43,571873,0,30038,25,STAND/UNKNOWN/#0/LOW_FORCE/REST/act=0/mav=27361/base=435495/th=56455
1778760602.621,11842,-43,572979,0,30038,25,STAND/UNKNOWN/#0/LOW_FORCE/REST/act=0/mav=27361/base=435495/th=56455
1778760602.695,11843,-43,574066,0,30038,25,STAND/UNKNOWN/#0/LOW_FORCE/REST/act=0/mav=27361/base=435495/th=56455
1778760602.696,11844,-43,573664,0,30038,25,STAND/UNKNOWN/#0/LOW_FORCE/REST/act=0/mav=27361/base=435495/th=56455
1778760602.696,11845,-43,572444,0,30038,25,STAND/UNKNOWN/#0/LOW_FORCE/REST/act=0/mav=27361/base=435495/th=56455
1778760602.696,11846,-43,572298,0,30038,25,STAND/UNKNOWN/#0/LOW_FORCE/REST/act=0/mav=27361/base=435495/th=56455
1778760602.772,11847,-43,572185,0,30038,25,STAND/UNKNOWN/#0/LOW_FORCE/REST/act=0/mav=27361/base=435495/th=56455
1778760602.772,11848,-43,571426,0,30038,25,STAND/UNKNOWN/#0/LOW_FORCE/REST/act=0/mav=27361/base=435495/th=56455
1778760602.772,11849,-43,572153,0,29878,25,STAND/UNKNOWN/#0/LOW_FORCE/REST/act=0/mav=27178/base=435495/th=56455
1778760602.772,11850,-43,573366,0,29878,25,STAND/UNKNOWN/#0/LOW_FORCE/REST/act=0/mav=27178/base=435495/th=56455
1778760602.847,11851,-43,574605,0,29878,25,STAND/UNKNOWN/#0/LOW_FORCE/REST/act=0/mav=27178/base=435495/th=56455
1778760602.847,11852,-43,574027,0,29878,25,STAND/UNKNOWN/#0/LOW_FORCE/REST/act=0/mav=27178/base=435495/th=56455
1778760602.847,11853,-43,572804,0,29878,25,STAND/UNKNOWN/#0/LOW_FORCE/REST/act=0/mav=27178/base=435495/th=56455
1778760602.916,11854,-43,572369,0,29878,25,STAND/UNKNOWN/#0/LOW_FORCE/REST/act=0/mav=27178/base=435495/th=56455
1778760602.916,11855,-43,572606,0,29878,25,STAND/UNKNOWN/#0/LOW_FORCE/REST/act=0/mav=27178/base=435495/th=56455
1778760602.916,11856,-43,571550,0,29878,25,STAND/UNKNOWN/#0/LOW_FORCE/REST/act=0/mav=27178/base=435495/th=56455
1778760602.917,11857,-43,571983,0,29878,25,STAND/UNKNOWN/#0/LOW_FORCE/REST/act=0/mav=27178/base=435495/th=56455
1778760602.989,11858,-43,573529,0,29878,25,STAND/UNKNOWN/#0/LOW_FORCE/REST/act=0/mav=27178/base=435495/th=56455
1778760602.989,11859,-43,574791,0,29878,25,STAND/UNKNOWN/#0/LOW_FORCE/REST/act=0/mav=27178/base=435495/th=56455
1778760602.989,11860,-43,574368,0,29878,25,STAND/UNKNOWN/#0/LOW_FORCE/REST/act=0/mav=27178/base=435495/th=56455
1778760603.051,11861,-43,573244,0,29878,25,STAND/UNKNOWN/#0/LOW_FORCE/REST/act=0/mav=27178/base=435495/th=56455
1778760603.051,11862,-43,572679,0,29939,26,STAND/UNKNOWN/#0/LOW_FORCE/REST/act=0/mav=27206/base=435495/th=56455
1778760603.051,11863,-43,572934,0,29939,26,STAND/UNKNOWN/#0/LOW_FORCE/REST/act=0/mav=27206/base=435495/th=56455
1778760603.051,11864,-43,571883,0,29939,26,STAND/UNKNOWN/#0/LOW_FORCE/REST/act=0/mav=27206/base=435495/th=56455
1778760603.119,11865,-43,572675,0,29939,26,STAND/UNKNOWN/#0/LOW_FORCE/REST/act=0/mav=27206/base=435495/th=56455
1778760603.119,11866,-43,573999,0,29939,26,STAND/UNKNOWN/#0/LOW_FORCE/REST/act=0/mav=27206/base=435495/th=56455
1778760603.119,11867,-43,575201,0,29939,26,STAND/UNKNOWN/#0/LOW_FORCE/REST/act=0/mav=27206/base=435495/th=56455
1778760603.191,11868,-43,574803,0,29939,26,STAND/UNKNOWN/#0/LOW_FORCE/REST/act=0/mav=27206/base=435495/th=56455
1778760603.191,11869,-43,573808,0,29939,26,STAND/UNKNOWN/#0/LOW_FORCE/REST/act=0/mav=27206/base=435495/th=56455
1778760603.191,11870,-43,573300,0,29939,26,STAND/UNKNOWN/#0/LOW_FORCE/REST/act=0/mav=27206/base=435495/th=56455
1778760603.191,11871,-43,573259,0,29939,26,STAND/UNKNOWN/#0/LOW_FORCE/REST/act=0/mav=27206/base=435495/th=56455
1778760603.258,11872,-43,572175,0,29939,26,STAND/UNKNOWN/#0/LOW_FORCE/REST/act=0/mav=27206/base=435495/th=56455
1778760603.258,11873,-43,573176,0,29939,26,STAND/UNKNOWN/#0/LOW_FORCE/REST/act=0/mav=27206/base=435495/th=56455
1778760603.259,11874,-43,574513,0,29939,26,STAND/UNKNOWN/#0/LOW_FORCE/REST/act=0/mav=27206/base=435495/th=56455
1778760603.337,11875,-43,575546,0,29987,26,STAND/UNKNOWN/#0/LOW_FORCE/REST/act=0/mav=27320/base=435495/th=56455
1778760603.337,11876,-43,575161,0,29987,26,STAND/UNKNOWN/#0/LOW_FORCE/REST/act=0/mav=27320/base=435495/th=56455
1778760603.337,11877,-43,574051,0,29987,26,STAND/UNKNOWN/#0/LOW_FORCE/REST/act=0/mav=27320/base=435495/th=56455
1778760603.337,11878,-43,573538,0,29987,26,STAND/UNKNOWN/#0/LOW_FORCE/REST/act=0/mav=27320/base=435495/th=56455
1778760603.398,11879,-43,573513,0,29987,26,STAND/UNKNOWN/#0/LOW_FORCE/REST/act=0/mav=27320/base=435495/th=56455
1778760603.399,11880,-43,572739,0,29987,26,STAND/UNKNOWN/#0/LOW_FORCE/REST/act=0/mav=27320/base=435495/th=56455
1778760603.399,11881,-43,573328,0,29987,26,STAND/UNKNOWN/#0/LOW_FORCE/REST/act=0/mav=27320/base=435495/th=56455
1778760603.460,11882,-43,574653,0,29987,26,STAND/UNKNOWN/#0/LOW_FORCE/REST/act=0/mav=27320/base=435495/th=56455
1778760603.460,11883,-43,575979,0,29987,26,STAND/UNKNOWN/#0/LOW_FORCE/REST/act=0/mav=27320/base=435495/th=56455
1778760603.460,11884,-43,575302,0,29987,26,STAND/UNKNOWN/#0/LOW_FORCE/REST/act=0/mav=27320/base=435495/th=56455
1778760603.530,11885,-43,574335,0,29987,26,STAND/UNKNOWN/#0/LOW_FORCE/REST/act=0/mav=27320/base=435495/th=56455
1778760603.531,11886,-43,573938,0,29987,26,STAND/UNKNOWN/#0/LOW_FORCE/REST/act=0/mav=27320/base=435495/th=56455
1778760603.531,11887,-43,574173,0,29987,26,STAND/UNKNOWN/#0/LOW_FORCE/REST/act=0/mav=27320/base=435495/th=56455
1778760603.531,11888,-43,573259,0,30003,26,STAND/UNKNOWN/#0/LOW_FORCE/REST/act=0/mav=27370/base=435495/th=56455
1778760603.598,11889,-43,573786,0,30003,26,STAND/UNKNOWN/#0/LOW_FORCE/REST/act=0/mav=27370/base=435495/th=56455
1778760603.598,11890,-43,575129,0,30003,26,STAND/UNKNOWN/#0/LOW_FORCE/REST/act=0/mav=27370/base=435495/th=56455
1778760603.598,11891,-43,576294,0,30003,26,STAND/UNKNOWN/#0/LOW_FORCE/REST/act=0/mav=27370/base=435495/th=56455
1778760603.666,11892,-43,575929,0,30003,26,STAND/UNKNOWN/#0/LOW_FORCE/REST/act=0/mav=27370/base=435495/th=56455
1778760603.666,11893,-43,574467,0,30003,26,STAND/UNKNOWN/#0/LOW_FORCE/REST/act=0/mav=27370/base=435495/th=56455
1778760603.666,11894,-43,574479,0,30003,26,STAND/UNKNOWN/#0/LOW_FORCE/REST/act=0/mav=27370/base=435495/th=56455
1778760603.734,11895,-43,574360,0,30003,26,STAND/UNKNOWN/#0/LOW_FORCE/REST/act=0/mav=27370/base=435495/th=56455
1778760603.734,11896,-43,573241,0,30003,26,STAND/UNKNOWN/#0/LOW_FORCE/REST/act=0/mav=27370/base=435495/th=56455
1778760603.734,11897,-43,574345,0,30003,26,STAND/UNKNOWN/#0/LOW_FORCE/REST/act=0/mav=27370/base=435495/th=56455
1778760603.734,11898,-43,575606,0,30003,26,STAND/UNKNOWN/#0/LOW_FORCE/REST/act=0/mav=27370/base=435495/th=56455
1778760603.800,11899,-43,576700,0,30003,26,STAND/UNKNOWN/#0/LOW_FORCE/REST/act=0/mav=27370/base=435495/th=56455
1778760603.800,11900,-43,576266,0,29761,25,STAND/UNKNOWN/#0/LOW_FORCE/REST/act=0/mav=27130/base=435495/th=56455
1778760603.800,11901,-43,575146,0,29761,25,STAND/UNKNOWN/#0/LOW_FORCE/REST/act=0/mav=27130/base=435495/th=56455
1778760603.863,11902,-43,574636,0,29761,25,STAND/UNKNOWN/#0/LOW_FORCE/REST/act=0/mav=27130/base=435495/th=56455
1778760603.863,11903,-43,574679,0,29761,25,STAND/UNKNOWN/#0/LOW_FORCE/REST/act=0/mav=27130/base=435495/th=56455
1778760603.863,11904,-43,573623,0,29761,25,STAND/UNKNOWN/#0/LOW_FORCE/REST/act=0/mav=27130/base=435495/th=56455
1778760603.926,11905,-43,574563,0,29761,25,STAND/UNKNOWN/#0/LOW_FORCE/REST/act=0/mav=27130/base=435495/th=56455
1778760603.926,11906,-43,576088,0,29761,25,STAND/UNKNOWN/#0/LOW_FORCE/REST/act=0/mav=27130/base=435495/th=56455
1778760603.926,11907,-43,577057,0,29761,25,STAND/UNKNOWN/#0/LOW_FORCE/REST/act=0/mav=27130/base=435495/th=56455
1778760603.993,11908,-43,576763,0,29761,25,STAND/UNKNOWN/#0/LOW_FORCE/REST/act=0/mav=27130/base=435495/th=56455
1778760603.993,11909,-43,575634,0,29761,25,STAND/UNKNOWN/#0/LOW_FORCE/REST/act=0/mav=27130/base=435495/th=56455
1778760603.993,11910,-43,575471,0,29761,25,STAND/UNKNOWN/#0/LOW_FORCE/REST/act=0/mav=27130/base=435495/th=56455
1778760603.993,11911,-43,575443,0,29761,25,STAND/UNKNOWN/#0/LOW_FORCE/REST/act=0/mav=27130/base=435495/th=56455
1778760604.068,11912,-43,574488,0,29761,25,STAND/UNKNOWN/#0/LOW_FORCE/REST/act=0/mav=27130/base=435495/th=56455
1778760604.069,11913,-43,575340,0,29702,25,STAND/UNKNOWN/#0/LOW_FORCE/REST/act=0/mav=27072/base=435495/th=56455
1778760604.069,11914,-43,576734,0,29702,25,STAND/UNKNOWN/#0/LOW_FORCE/REST/act=0/mav=27072/base=435495/th=56455
1778760604.143,11915,-43,577652,0,29702,25,STAND/UNKNOWN/#0/LOW_FORCE/REST/act=0/mav=27072/base=435495/th=56455
1778760604.143,11916,-43,577504,0,29702,25,STAND/UNKNOWN/#0/LOW_FORCE/REST/act=0/mav=27072/base=435495/th=56455
1778760604.144,11917,-43,576159,0,29702,25,STAND/UNKNOWN/#0/LOW_FORCE/REST/act=0/mav=27072/base=435495/th=56455
1778760604.144,11918,-43,575973,0,29702,25,STAND/UNKNOWN/#0/LOW_FORCE/REST/act=0/mav=27072/base=435495/th=56455
1778760604.209,11919,-43,575735,0,29702,25,STAND/UNKNOWN/#0/LOW_FORCE/REST/act=0/mav=27072/base=435495/th=56455
1778760604.210,11920,-43,574875,0,29702,25,STAND/UNKNOWN/#0/LOW_FORCE/REST/act=0/mav=27072/base=435495/th=56455
1778760604.210,11921,-43,575972,0,29702,25,STAND/UNKNOWN/#0/LOW_FORCE/REST/act=0/mav=27072/base=435495/th=56455
1778760604.272,11922,-43,576580,0,29702,25,STAND/UNKNOWN/#0/LOW_FORCE/REST/act=0/mav=27072/base=435495/th=56455
1778760604.272,11923,-43,578298,0,29702,25,STAND/UNKNOWN/#0/LOW_FORCE/REST/act=0/mav=27072/base=435495/th=56455
1778760604.272,11924,-43,577883,0,29702,25,STAND/UNKNOWN/#0/LOW_FORCE/REST/act=0/mav=27072/base=435495/th=56455
1778760604.272,11925,-43,576490,0,29702,25,STAND/UNKNOWN/#0/LOW_FORCE/REST/act=0/mav=27072/base=435495/th=56455
1778760604.338,11926,-43,576178,0,29876,26,STAND/UNKNOWN/#0/LOW_FORCE/REST/act=0/mav=27217/base=435495/th=56455
1778760604.338,11927,-43,575519,0,29876,26,STAND/UNKNOWN/#0/LOW_FORCE/REST/act=0/mav=27217/base=435495/th=56455
1778760604.338,11928,-43,575307,0,29876,26,STAND/UNKNOWN/#0/LOW_FORCE/REST/act=0/mav=27217/base=435495/th=56455
1778760604.399,11929,-43,575799,0,29876,26,STAND/UNKNOWN/#0/LOW_FORCE/REST/act=0/mav=27217/base=435495/th=56455
1778760604.400,11930,-43,577643,0,29876,26,STAND/UNKNOWN/#0/LOW_FORCE/REST/act=0/mav=27217/base=435495/th=56455
1778760604.400,11931,-43,578518,0,29876,26,STAND/UNKNOWN/#0/LOW_FORCE/REST/act=0/mav=27217/base=435495/th=56455
1778760604.469,11932,-43,578406,0,29876,26,STAND/UNKNOWN/#0/LOW_FORCE/REST/act=0/mav=27217/base=435495/th=56455
1778760604.469,11933,-43,576998,0,29876,26,STAND/UNKNOWN/#0/LOW_FORCE/REST/act=0/mav=27217/base=435495/th=56455
1778760604.469,11934,-43,576663,0,29876,26,STAND/UNKNOWN/#0/LOW_FORCE/REST/act=0/mav=27217/base=435495/th=56455
1778760604.533,11935,-43,576693,0,29876,26,STAND/UNKNOWN/#0/LOW_FORCE/REST/act=0/mav=27217/base=435495/th=56455
1778760604.533,11936,-43,575709,0,29876,26,STAND/UNKNOWN/#0/LOW_FORCE/REST/act=0/mav=27217/base=435495/th=56455
1778760604.533,11937,-43,576582,0,29876,26,STAND/UNKNOWN/#0/LOW_FORCE/REST/act=0/mav=27217/base=435495/th=56455
1778760604.533,11938,-43,577937,0,29876,26,STAND/UNKNOWN/#0/LOW_FORCE/REST/act=0/mav=27217/base=435495/th=56455
1778760604.599,11939,-43,578596,0,30026,26,STAND/UNKNOWN/#0/LOW_FORCE/REST/act=0/mav=27410/base=435495/th=56455
1778760604.600,11940,-43,578543,0,30026,26,STAND/UNKNOWN/#0/LOW_FORCE/REST/act=0/mav=27410/base=435495/th=56455
1778760604.600,11941,-43,577254,0,30026,26,STAND/UNKNOWN/#0/LOW_FORCE/REST/act=0/mav=27410/base=435495/th=56455
1778760604.664,11942,-43,577068,0,30026,26,STAND/UNKNOWN/#0/LOW_FORCE/REST/act=0/mav=27410/base=435495/th=56455
1778760604.664,11943,-43,577303,0,30026,26,STAND/UNKNOWN/#0/LOW_FORCE/REST/act=0/mav=27410/base=435495/th=56455
1778760604.664,11944,-43,576273,0,30026,26,STAND/UNKNOWN/#0/LOW_FORCE/REST/act=0/mav=27410/base=435495/th=56455
1778760604.727,11945,-43,577141,0,30026,26,STAND/UNKNOWN/#0/LOW_FORCE/REST/act=0/mav=27410/base=435495/th=56455
1778760604.728,11946,-43,578551,0,30026,26,STAND/UNKNOWN/#0/LOW_FORCE/REST/act=0/mav=27410/base=435495/th=56455
1778760604.728,11947,-43,579268,0,30026,26,STAND/UNKNOWN/#0/LOW_FORCE/REST/act=0/mav=27410/base=435495/th=56455
1778760604.787,11948,-43,579019,0,30026,26,STAND/UNKNOWN/#0/LOW_FORCE/REST/act=0/mav=27410/base=435495/th=56455
1778760604.787,11949,-43,577770,0,30026,26,STAND/UNKNOWN/#0/LOW_FORCE/REST/act=0/mav=27410/base=435495/th=56455
1778760604.787,11950,-43,577287,0,30026,26,STAND/UNKNOWN/#0/LOW_FORCE/REST/act=0/mav=27410/base=435495/th=56455
1778760604.852,11951,-43,577074,0,30026,26,STAND/UNKNOWN/#0/LOW_FORCE/REST/act=0/mav=27410/base=435495/th=56455
1778760604.852,11952,-43,576207,0,30126,26,STAND/UNKNOWN/#0/LOW_FORCE/REST/act=0/mav=27512/base=435495/th=56455
1778760604.852,11953,-43,577028,0,30126,26,STAND/UNKNOWN/#0/LOW_FORCE/REST/act=0/mav=27512/base=435495/th=56455
1778760604.852,11954,-43,578301,0,30126,26,STAND/UNKNOWN/#0/LOW_FORCE/REST/act=0/mav=27512/base=435495/th=56455
1778760604.921,11955,-43,579728,0,30126,26,STAND/UNKNOWN/#0/LOW_FORCE/REST/act=0/mav=27512/base=435495/th=56455
1778760604.921,11956,-43,579199,0,30126,26,STAND/UNKNOWN/#0/LOW_FORCE/REST/act=0/mav=27512/base=435495/th=56455
1778760604.921,11957,-43,578171,0,30126,26,STAND/UNKNOWN/#0/LOW_FORCE/REST/act=0/mav=27512/base=435495/th=56455
1778760605.012,11958,-43,577756,0,30126,26,STAND/UNKNOWN/#0/LOW_FORCE/REST/act=0/mav=27512/base=435495/th=56455
1778760605.013,11959,-43,577726,0,30126,26,STAND/UNKNOWN/#0/LOW_FORCE/REST/act=0/mav=27512/base=435495/th=56455
1778760605.013,11960,-43,576805,0,30126,26,STAND/UNKNOWN/#0/LOW_FORCE/REST/act=0/mav=27512/base=435495/th=56455
1778760605.013,11961,-43,577791,0,30126,26,STAND/UNKNOWN/#0/LOW_FORCE/REST/act=0/mav=27512/base=435495/th=56455
1778760605.013,11962,-43,578739,0,30126,26,STAND/UNKNOWN/#0/LOW_FORCE/REST/act=0/mav=27512/base=435495/th=56455
1778760605.083,11963,-43,580154,0,30126,26,STAND/UNKNOWN/#0/LOW_FORCE/REST/act=0/mav=27512/base=435495/th=56455
1778760605.083,11964,-43,579595,0,29866,25,STAND/UNKNOWN/#0/LOW_FORCE/REST/act=0/mav=27235/base=435495/th=56455
1778760605.083,11965,-43,578412,0,29866,25,STAND/UNKNOWN/#0/LOW_FORCE/REST/act=0/mav=27235/base=435495/th=56455
1778760605.149,11966,-43,577990,0,29866,25,STAND/UNKNOWN/#0/LOW_FORCE/REST/act=0/mav=27235/base=435495/th=56455
1778760605.149,11967,-43,578084,0,29866,25,STAND/UNKNOWN/#0/LOW_FORCE/REST/act=0/mav=27235/base=435495/th=56455
1778760605.150,11968,-43,577229,0,29866,25,STAND/UNKNOWN/#0/LOW_FORCE/REST/act=0/mav=27235/base=435495/th=56455
1778760605.214,11969,-43,578037,0,29866,25,STAND/UNKNOWN/#0/LOW_FORCE/REST/act=0/mav=27235/base=435495/th=56455
1778760605.214,11970,-43,579328,0,29866,25,STAND/UNKNOWN/#0/LOW_FORCE/REST/act=0/mav=27235/base=435495/th=56455
1778760605.214,11971,-43,580735,0,29866,25,STAND/UNKNOWN/#0/LOW_FORCE/REST/act=0/mav=27235/base=435495/th=56455
1778760605.214,11972,-43,580010,0,29866,25,STAND/UNKNOWN/#0/LOW_FORCE/REST/act=0/mav=27235/base=435495/th=56455
1778760605.277,11973,-43,578401,0,29866,25,STAND/UNKNOWN/#0/LOW_FORCE/REST/act=0/mav=27235/base=435495/th=56455
1778760605.277,11974,-43,578302,0,29866,25,STAND/UNKNOWN/#0/LOW_FORCE/REST/act=0/mav=27235/base=435495/th=56455
1778760605.277,11975,-43,578516,0,29866,25,STAND/UNKNOWN/#0/LOW_FORCE/REST/act=0/mav=27235/base=435495/th=56455
1778760605.341,11976,-43,577558,0,29866,25,STAND/UNKNOWN/#0/LOW_FORCE/REST/act=0/mav=27235/base=435495/th=56455
1778760605.341,11977,-43,578586,0,29717,25,STAND/UNKNOWN/#0/LOW_FORCE/REST/act=0/mav=27082/base=435495/th=56455
1778760605.342,11978,-43,579959,0,29717,25,STAND/UNKNOWN/#0/LOW_FORCE/REST/act=0/mav=27082/base=435495/th=56455
1778760605.407,11979,-43,580763,0,29717,25,STAND/UNKNOWN/#0/LOW_FORCE/REST/act=0/mav=27082/base=435495/th=56455
1778760605.407,11980,-43,580171,0,29717,25,STAND/UNKNOWN/#0/LOW_FORCE/REST/act=0/mav=27082/base=435495/th=56455
1778760605.407,11981,-43,579263,0,29717,25,STAND/UNKNOWN/#0/LOW_FORCE/REST/act=0/mav=27082/base=435495/th=56455
1778760605.469,11982,-43,578952,0,29717,25,STAND/UNKNOWN/#0/LOW_FORCE/REST/act=0/mav=27082/base=435495/th=56455
1778760605.469,11983,-43,579177,0,29717,25,STAND/UNKNOWN/#0/LOW_FORCE/REST/act=0/mav=27082/base=435495/th=56455
1778760605.469,11984,-43,578255,0,29717,25,STAND/UNKNOWN/#0/LOW_FORCE/REST/act=0/mav=27082/base=435495/th=56455
1778760605.573,11985,-43,579181,0,29717,25,STAND/UNKNOWN/#0/LOW_FORCE/REST/act=0/mav=27082/base=435495/th=56455
1778760605.573,11986,-43,580666,0,29717,25,STAND/UNKNOWN/#0/LOW_FORCE/REST/act=0/mav=27082/base=435495/th=56455
1778760605.573,11987,-43,581533,0,29717,25,STAND/UNKNOWN/#0/LOW_FORCE/REST/act=0/mav=27082/base=435495/th=56455
1778760605.573,11988,-43,581143,0,29717,25,STAND/UNKNOWN/#0/LOW_FORCE/REST/act=0/mav=27082/base=435495/th=56455
1778760605.574,11989,-43,580018,0,29717,25,STAND/UNKNOWN/#0/LOW_FORCE/REST/act=0/mav=27082/base=435495/th=56455
1778760605.650,11990,-43,579919,0,29784,26,STAND/UNKNOWN/#0/LOW_FORCE/REST/act=0/mav=27146/base=435495/th=56455
1778760605.650,11991,-43,580018,0,29784,26,STAND/UNKNOWN/#0/LOW_FORCE/REST/act=0/mav=27146/base=435495/th=56455
1778760605.650,11992,-43,578428,0,29784,26,STAND/UNKNOWN/#0/LOW_FORCE/REST/act=0/mav=27146/base=435495/th=56455
1778760605.650,11993,-43,579683,0,29784,26,STAND/UNKNOWN/#0/LOW_FORCE/REST/act=0/mav=27146/base=435495/th=56455
1778760605.714,11994,-43,581308,0,29784,26,STAND/UNKNOWN/#0/LOW_FORCE/REST/act=0/mav=27146/base=435495/th=56455
1778760605.715,11995,-43,582333,0,29784,26,STAND/UNKNOWN/#0/LOW_FORCE/REST/act=0/mav=27146/base=435495/th=56455
1778760605.715,11996,-43,581819,0,29784,26,STAND/UNKNOWN/#0/LOW_FORCE/REST/act=0/mav=27146/base=435495/th=56455
1778760605.715,11997,-43,580855,0,29784,26,STAND/UNKNOWN/#0/LOW_FORCE/REST/act=0/mav=27146/base=435495/th=56455
1778760605.775,11998,-43,580103,0,29784,26,STAND/UNKNOWN/#0/LOW_FORCE/REST/act=0/mav=27146/base=435495/th=56455
1778760605.775,11999,-43,580763,0,29784,26,STAND/UNKNOWN/#0/LOW_FORCE/REST/act=0/mav=27146/base=435495/th=56455
1778760605.775,12000,-43,579006,0,29784,26,STAND/UNKNOWN/#0/LOW_FORCE/REST/act=0/mav=27146/base=435495/th=56455
1778760605.841,12001,-43,580228,0,29784,26,STAND/UNKNOWN/#0/LOW_FORCE/REST/act=0/mav=27146/base=435495/th=56455
1778760605.842,12002,-43,580643,0,29784,26,STAND/UNKNOWN/#0/LOW_FORCE/REST/act=0/mav=27146/base=435495/th=56455
1778760605.842,12003,-43,575748,0,29710,26,STAND/UNKNOWN/#0/LOW_FORCE/REST/act=0/mav=27172/base=435495/th=56455
1778760605.910,12004,-43,573320,0,29710,26,STAND/UNKNOWN/#0/LOW_FORCE/REST/act=0/mav=27172/base=435495/th=56455
1778760605.910,12005,-43,573234,0,29710,26,STAND/UNKNOWN/#0/LOW_FORCE/REST/act=0/mav=27172/base=435495/th=56455
1778760605.911,12006,-43,575636,0,29710,26,STAND/UNKNOWN/#0/LOW_FORCE/REST/act=0/mav=27172/base=435495/th=56455
1778760605.911,12007,-43,578473,0,29710,26,STAND/UNKNOWN/#0/LOW_FORCE/REST/act=0/mav=27172/base=435495/th=56455
1778760605.983,12008,-43,578956,0,29710,26,STAND/UNKNOWN/#0/LOW_FORCE/REST/act=0/mav=27172/base=435495/th=56455
1778760605.984,12009,-43,580496,0,29710,26,STAND/UNKNOWN/#0/LOW_FORCE/REST/act=0/mav=27172/base=435495/th=56455
1778760605.984,12010,-43,581381,0,29710,26,STAND/UNKNOWN/#0/LOW_FORCE/REST/act=0/mav=27172/base=435495/th=56455
1778760606.046,12011,-43,582696,0,29710,26,STAND/UNKNOWN/#0/LOW_FORCE/REST/act=0/mav=27172/base=435495/th=56455
1778760606.047,12012,-43,581947,0,29710,26,STAND/UNKNOWN/#0/LOW_FORCE/REST/act=0/mav=27172/base=435495/th=56455
1778760606.047,12013,-43,576530,0,29710,26,STAND/UNKNOWN/#0/LOW_FORCE/REST/act=0/mav=27172/base=435495/th=56455
1778760606.122,12014,-43,572939,0,29710,26,STAND/UNKNOWN/#0/LOW_FORCE/REST/act=0/mav=27172/base=435495/th=56455
1778760606.122,12015,-43,571742,0,29710,26,STAND/UNKNOWN/#0/LOW_FORCE/REST/act=0/mav=27172/base=435495/th=56455
1778760606.122,12016,-43,570768,0,28384,26,STAND/UNKNOWN/#0/LOW_FORCE/REST/act=0/mav=25735/base=435495/th=56455
1778760606.122,12017,-43,571408,0,28384,26,STAND/UNKNOWN/#0/LOW_FORCE/REST/act=0/mav=25735/base=435495/th=56455
1778760606.195,12018,-43,572824,0,28384,26,STAND/UNKNOWN/#0/LOW_FORCE/REST/act=0/mav=25735/base=435495/th=56455
1778760606.195,12019,-43,573628,0,28384,26,STAND/UNKNOWN/#0/LOW_FORCE/REST/act=0/mav=25735/base=435495/th=56455
1778760606.195,12020,-43,573089,0,28384,26,STAND/UNKNOWN/#0/LOW_FORCE/REST/act=0/mav=25735/base=435495/th=56455
1778760606.195,12021,-43,571855,0,28384,26,STAND/UNKNOWN/#0/LOW_FORCE/REST/act=0/mav=25735/base=435495/th=56455
1778760606.269,12022,-43,571728,0,28384,26,STAND/UNKNOWN/#0/LOW_FORCE/REST/act=0/mav=25735/base=435495/th=56455
1778760606.269,12023,-43,570729,0,28384,26,STAND/UNKNOWN/#0/LOW_FORCE/REST/act=0/mav=25735/base=435495/th=56455
1778760606.269,12024,-43,570194,0,28384,26,STAND/UNKNOWN/#0/LOW_FORCE/REST/act=0/mav=25735/base=435495/th=56455
1778760606.348,12025,-43,571473,0,28384,26,STAND/UNKNOWN/#0/LOW_FORCE/REST/act=0/mav=25735/base=435495/th=56455
1778760606.348,12026,-43,572806,0,28384,26,STAND/UNKNOWN/#0/LOW_FORCE/REST/act=0/mav=25735/base=435495/th=56455
1778760606.348,12027,-43,574010,0,28384,26,STAND/UNKNOWN/#0/LOW_FORCE/REST/act=0/mav=25735/base=435495/th=56455
1778760606.348,12028,-43,573573,0,25200,25,STAND/UNKNOWN/#0/LOW_FORCE/REST/act=0/mav=22510/base=435495/th=56455
1778760606.421,12029,-43,572339,0,25200,25,STAND/UNKNOWN/#0/LOW_FORCE/REST/act=0/mav=22510/base=435495/th=56455
1778760606.421,12030,-43,571879,0,25200,25,STAND/UNKNOWN/#0/LOW_FORCE/REST/act=0/mav=22510/base=435495/th=56455
1778760606.421,12031,-43,571971,0,25200,25,STAND/UNKNOWN/#0/LOW_FORCE/REST/act=0/mav=22510/base=435495/th=56455
1778760606.421,12032,-43,571075,0,25200,25,STAND/UNKNOWN/#0/LOW_FORCE/REST/act=0/mav=22510/base=435495/th=56455
1778760606.496,12033,-43,572231,0,25200,25,STAND/UNKNOWN/#0/LOW_FORCE/REST/act=0/mav=22510/base=435495/th=56455
1778760606.496,12034,-43,573392,0,25200,25,STAND/UNKNOWN/#0/LOW_FORCE/REST/act=0/mav=22510/base=435495/th=56455
1778760606.496,12035,-43,574404,0,25200,25,STAND/UNKNOWN/#0/LOW_FORCE/REST/act=0/mav=22510/base=435495/th=56455
1778760606.496,12036,-43,576199,0,25200,25,STAND/UNKNOWN/#0/LOW_FORCE/REST/act=0/mav=22510/base=435495/th=56455
1778760606.561,12037,-43,575698,0,25200,25,STAND/UNKNOWN/#0/LOW_FORCE/REST/act=0/mav=22510/base=435495/th=56455
1778760606.562,12038,-43,576244,0,25200,25,STAND/UNKNOWN/#0/LOW_FORCE/REST/act=0/mav=22510/base=435495/th=56455
1778760606.562,12039,-43,576080,0,25200,25,STAND/UNKNOWN/#0/LOW_FORCE/REST/act=0/mav=22510/base=435495/th=56455
1778760606.633,12040,-43,575401,0,25200,25,STAND/UNKNOWN/#0/LOW_FORCE/REST/act=0/mav=22510/base=435495/th=56455
1778760606.633,12041,-43,576302,0,23754,25,STAND/UNKNOWN/#0/LOW_FORCE/REST/act=0/mav=21447/base=435495/th=56455
1778760606.633,12042,-43,577734,0,23754,25,STAND/UNKNOWN/#0/LOW_FORCE/REST/act=0/mav=21447/base=435495/th=56455
1778760606.633,12043,-43,579228,0,23754,25,STAND/UNKNOWN/#0/LOW_FORCE/REST/act=0/mav=21447/base=435495/th=56455
1778760606.703,12044,-43,578551,0,23754,25,STAND/UNKNOWN/#0/LOW_FORCE/REST/act=0/mav=21447/base=435495/th=56455
1778760606.703,12045,-43,577206,0,23754,25,STAND/UNKNOWN/#0/LOW_FORCE/REST/act=0/mav=21447/base=435495/th=56455
1778760606.703,12046,-43,576751,0,23754,25,STAND/UNKNOWN/#0/LOW_FORCE/REST/act=0/mav=21447/base=435495/th=56455
1778760606.782,12047,-43,576671,0,23754,25,STAND/UNKNOWN/#0/LOW_FORCE/REST/act=0/mav=21447/base=435495/th=56455
1778760606.782,12048,-43,576074,0,23754,25,STAND/UNKNOWN/#0/LOW_FORCE/REST/act=0/mav=21447/base=435495/th=56455
1778760606.782,12049,-43,576943,0,23754,25,STAND/UNKNOWN/#0/LOW_FORCE/REST/act=0/mav=21447/base=435495/th=56455
1778760606.782,12050,-43,578305,0,23754,25,STAND/UNKNOWN/#0/LOW_FORCE/REST/act=0/mav=21447/base=435495/th=56455
1778760606.859,12051,-43,579457,0,23754,25,STAND/UNKNOWN/#0/LOW_FORCE/REST/act=0/mav=21447/base=435495/th=56455
1778760606.860,12052,-43,578819,0,23754,25,STAND/UNKNOWN/#0/LOW_FORCE/REST/act=0/mav=21447/base=435495/th=56455
1778760606.860,12053,-43,577752,0,23754,25,STAND/UNKNOWN/#0/LOW_FORCE/REST/act=0/mav=21447/base=435495/th=56455
1778760606.860,12054,-43,577374,0,24981,26,STAND/UNKNOWN/#0/LOW_FORCE/REST/act=0/mav=22853/base=435495/th=56455
1778760606.932,12055,-43,577479,0,24981,26,STAND/UNKNOWN/#0/LOW_FORCE/REST/act=0/mav=22853/base=435495/th=56455
1778760606.932,12056,-43,576615,0,24981,26,STAND/UNKNOWN/#0/LOW_FORCE/REST/act=0/mav=22853/base=435495/th=56455
1778760606.932,12057,-43,577286,0,24981,26,STAND/UNKNOWN/#0/LOW_FORCE/REST/act=0/mav=22853/base=435495/th=56455
1778760606.932,12058,-43,578869,0,24981,26,STAND/UNKNOWN/#0/LOW_FORCE/REST/act=0/mav=22853/base=435495/th=56455
1778760607.011,12059,-43,579923,0,24981,26,STAND/UNKNOWN/#0/LOW_FORCE/REST/act=0/mav=22853/base=435495/th=56455
1778760607.012,12060,-43,579552,0,24981,26,STAND/UNKNOWN/#0/LOW_FORCE/REST/act=0/mav=22853/base=435495/th=56455
1778760607.012,12061,-43,578346,0,24981,26,STAND/UNKNOWN/#0/LOW_FORCE/REST/act=0/mav=22853/base=435495/th=56455
1778760607.012,12062,-43,577984,0,24981,26,STAND/UNKNOWN/#0/LOW_FORCE/REST/act=0/mav=22853/base=435495/th=56455
1778760607.076,12063,-43,578333,0,24981,26,STAND/UNKNOWN/#0/LOW_FORCE/REST/act=0/mav=22853/base=435495/th=56455
1778760607.077,12064,-43,577571,0,24981,26,STAND/UNKNOWN/#0/LOW_FORCE/REST/act=0/mav=22853/base=435495/th=56455
1778760607.077,12065,-43,578305,0,24981,26,STAND/UNKNOWN/#0/LOW_FORCE/REST/act=0/mav=22853/base=435495/th=56455
1778760607.153,12066,-43,579776,0,24981,26,STAND/UNKNOWN/#0/LOW_FORCE/REST/act=0/mav=22853/base=435495/th=56455
1778760607.153,12067,-43,581064,0,25726,26,STAND/UNKNOWN/#0/LOW_FORCE/REST/act=0/mav=23616/base=435495/th=56455
1778760607.153,12068,-43,580726,0,25726,26,STAND/UNKNOWN/#0/LOW_FORCE/REST/act=0/mav=23616/base=435495/th=56455
1778760607.153,12069,-43,579289,0,25726,26,STAND/UNKNOWN/#0/LOW_FORCE/REST/act=0/mav=23616/base=435495/th=56455
1778760607.237,12070,-43,578978,0,25726,26,STAND/UNKNOWN/#0/LOW_FORCE/REST/act=0/mav=23616/base=435495/th=56455
1778760607.237,12071,-43,578603,0,25726,26,STAND/UNKNOWN/#0/LOW_FORCE/REST/act=0/mav=23616/base=435495/th=56455
1778760607.237,12072,-43,578289,0,25726,26,STAND/UNKNOWN/#0/LOW_FORCE/REST/act=0/mav=23616/base=435495/th=56455
1778760607.237,12073,-43,579343,0,25726,26,STAND/UNKNOWN/#0/LOW_FORCE/REST/act=0/mav=23616/base=435495/th=56455
1778760607.323,12074,-43,580599,0,25726,26,STAND/UNKNOWN/#0/LOW_FORCE/REST/act=0/mav=23616/base=435495/th=56455
1778760607.323,12075,-43,581684,0,25726,26,STAND/UNKNOWN/#0/LOW_FORCE/REST/act=0/mav=23616/base=435495/th=56455
1778760607.324,12076,-43,581213,0,25726,26,STAND/UNKNOWN/#0/LOW_FORCE/REST/act=0/mav=23616/base=435495/th=56455
1778760607.324,12077,-43,579891,0,25726,26,STAND/UNKNOWN/#0/LOW_FORCE/REST/act=0/mav=23616/base=435495/th=56455
1778760607.409,12078,-43,579594,0,25726,26,STAND/UNKNOWN/#0/LOW_FORCE/REST/act=0/mav=23616/base=435495/th=56455
1778760607.409,12079,-43,579763,0,25726,26,STAND/UNKNOWN/#0/LOW_FORCE/REST/act=0/mav=23616/base=435495/th=56455
1778760607.409,12080,-43,577623,0,25880,26,STAND/UNKNOWN/#0/LOW_FORCE/REST/act=0/mav=23721/base=435495/th=56455
1778760607.409,12081,-43,579471,0,25880,26,STAND/UNKNOWN/#0/LOW_FORCE/REST/act=0/mav=23721/base=435495/th=56455
1778760607.478,12082,-43,580561,0,25880,26,STAND/UNKNOWN/#0/LOW_FORCE/REST/act=0/mav=23721/base=435495/th=56455
1778760607.478,12083,-43,582229,0,25880,26,STAND/UNKNOWN/#0/LOW_FORCE/REST/act=0/mav=23721/base=435495/th=56455
1778760607.479,12084,-43,581506,0,25880,26,STAND/UNKNOWN/#0/LOW_FORCE/REST/act=0/mav=23721/base=435495/th=56455
1778760607.479,12085,-43,580165,0,25880,26,STAND/UNKNOWN/#0/LOW_FORCE/REST/act=0/mav=23721/base=435495/th=56455
1778760607.551,12086,-43,579823,0,25880,26,STAND/UNKNOWN/#0/LOW_FORCE/REST/act=0/mav=23721/base=435495/th=56455
1778760607.552,12087,-43,579914,0,25880,26,STAND/UNKNOWN/#0/LOW_FORCE/REST/act=0/mav=23721/base=435495/th=56455
1778760607.552,12088,-43,578636,0,25880,26,STAND/UNKNOWN/#0/LOW_FORCE/REST/act=0/mav=23721/base=435495/th=56455
1778760607.552,12089,-43,580035,0,25880,26,STAND/UNKNOWN/#0/LOW_FORCE/REST/act=0/mav=23721/base=435495/th=56455
1778760607.623,12090,-43,581313,0,25880,26,STAND/UNKNOWN/#0/LOW_FORCE/REST/act=0/mav=23721/base=435495/th=56455
1778760607.623,12091,-43,582314,0,25880,26,STAND/UNKNOWN/#0/LOW_FORCE/REST/act=0/mav=23721/base=435495/th=56455
1778760607.623,12092,-43,581351,0,25826,25,STAND/UNKNOWN/#0/LOW_FORCE/REST/act=0/mav=23597/base=435495/th=56455
1778760607.692,12093,-43,580711,0,25826,25,STAND/UNKNOWN/#0/LOW_FORCE/REST/act=0/mav=23597/base=435495/th=56455
1778760607.692,12094,-43,580126,0,25826,25,STAND/UNKNOWN/#0/LOW_FORCE/REST/act=0/mav=23597/base=435495/th=56455
1778760607.692,12095,-43,580326,0,25826,25,STAND/UNKNOWN/#0/LOW_FORCE/REST/act=0/mav=23597/base=435495/th=56455
1778760607.692,12096,-43,578546,0,25826,25,STAND/UNKNOWN/#0/LOW_FORCE/REST/act=0/mav=23597/base=435495/th=56455
1778760607.762,12097,-43,580033,0,25826,25,STAND/UNKNOWN/#0/LOW_FORCE/REST/act=0/mav=23597/base=435495/th=56455
1778760607.762,12098,-43,581408,0,25826,25,STAND/UNKNOWN/#0/LOW_FORCE/REST/act=0/mav=23597/base=435495/th=56455
1778760607.762,12099,-43,582438,0,25826,25,STAND/UNKNOWN/#0/LOW_FORCE/REST/act=0/mav=23597/base=435495/th=56455
1778760607.829,12100,-43,581781,0,25826,25,STAND/UNKNOWN/#0/LOW_FORCE/REST/act=0/mav=23597/base=435495/th=56455
1778760607.829,12101,-43,580366,0,25826,25,STAND/UNKNOWN/#0/LOW_FORCE/REST/act=0/mav=23597/base=435495/th=56455
1778760607.829,12102,-43,580277,0,25826,25,STAND/UNKNOWN/#0/LOW_FORCE/REST/act=0/mav=23597/base=435495/th=56455
1778760607.903,12103,-43,580521,0,25826,25,STAND/UNKNOWN/#0/LOW_FORCE/REST/act=0/mav=23597/base=435495/th=56455
1778760607.903,12104,-43,579517,0,25826,25,STAND/UNKNOWN/#0/LOW_FORCE/REST/act=0/mav=23597/base=435495/th=56455
1778760607.903,12105,-43,580134,0,25782,25,STAND/UNKNOWN/#0/LOW_FORCE/REST/act=0/mav=23469/base=435495/th=56455
1778760607.903,12106,-43,581618,0,25782,25,STAND/UNKNOWN/#0/LOW_FORCE/REST/act=0/mav=23469/base=435495/th=56455
1778760607.988,12107,-43,582859,0,25782,25,STAND/UNKNOWN/#0/LOW_FORCE/REST/act=0/mav=23469/base=435495/th=56455
1778760607.988,12108,-43,582153,0,25782,25,STAND/UNKNOWN/#0/LOW_FORCE/REST/act=0/mav=23469/base=435495/th=56455
1778760607.988,12109,-43,580933,0,25782,25,STAND/UNKNOWN/#0/LOW_FORCE/REST/act=0/mav=23469/base=435495/th=56455
1778760607.988,12110,-43,580708,0,25782,25,STAND/UNKNOWN/#0/LOW_FORCE/REST/act=0/mav=23469/base=435495/th=56455
1778760608.067,12111,-43,580469,0,25782,25,STAND/UNKNOWN/#0/LOW_FORCE/REST/act=0/mav=23469/base=435495/th=56455
1778760608.067,12112,-43,580606,0,25782,25,STAND/UNKNOWN/#0/LOW_FORCE/REST/act=0/mav=23469/base=435495/th=56455
1778760608.068,12113,-43,580917,0,25782,25,STAND/UNKNOWN/#0/LOW_FORCE/REST/act=0/mav=23469/base=435495/th=56455
1778760608.068,12114,-43,582120,0,25782,25,STAND/UNKNOWN/#0/LOW_FORCE/REST/act=0/mav=23469/base=435495/th=56455
1778760608.126,12115,-43,582798,0,25782,25,STAND/UNKNOWN/#0/LOW_FORCE/REST/act=0/mav=23469/base=435495/th=56455
1778760608.126,12116,-43,582731,0,25782,25,STAND/UNKNOWN/#0/LOW_FORCE/REST/act=0/mav=23469/base=435495/th=56455
1778760608.126,12117,-43,581394,0,25782,25,STAND/UNKNOWN/#0/LOW_FORCE/REST/act=0/mav=23469/base=435495/th=56455
1778760608.191,12118,-43,581292,0,25954,26,STAND/UNKNOWN/#0/LOW_FORCE/REST/act=0/mav=23578/base=435495/th=56455
1778760608.191,12119,-43,581154,0,25954,26,STAND/UNKNOWN/#0/LOW_FORCE/REST/act=0/mav=23578/base=435495/th=56455
1778760608.191,12120,-43,580836,0,25954,26,STAND/UNKNOWN/#0/LOW_FORCE/REST/act=0/mav=23578/base=435495/th=56455
1778760608.191,12121,-43,581108,0,25954,26,STAND/UNKNOWN/#0/LOW_FORCE/REST/act=0/mav=23578/base=435495/th=56455
1778760608.253,12122,-43,582750,0,25954,26,STAND/UNKNOWN/#0/LOW_FORCE/REST/act=0/mav=23578/base=435495/th=56455
1778760608.254,12123,-43,583362,0,25954,26,STAND/UNKNOWN/#0/LOW_FORCE/REST/act=0/mav=23578/base=435495/th=56455
1778760608.254,12124,-43,583157,0,25954,26,STAND/UNKNOWN/#0/LOW_FORCE/REST/act=0/mav=23578/base=435495/th=56455
1778760608.320,12125,-43,581899,0,25954,26,STAND/UNKNOWN/#0/LOW_FORCE/REST/act=0/mav=23578/base=435495/th=56455
1778760608.320,12126,-43,581286,0,25954,26,STAND/UNKNOWN/#0/LOW_FORCE/REST/act=0/mav=23578/base=435495/th=56455
1778760608.320,12127,-43,581564,0,25954,26,STAND/UNKNOWN/#0/LOW_FORCE/REST/act=0/mav=23578/base=435495/th=56455
1778760608.393,12128,-43,580294,0,25954,26,STAND/UNKNOWN/#0/LOW_FORCE/REST/act=0/mav=23578/base=435495/th=56455
1778760608.393,12129,-43,581343,0,25954,26,STAND/UNKNOWN/#0/LOW_FORCE/REST/act=0/mav=23578/base=435495/th=56455
1778760608.393,12130,-43,582698,0,25954,26,STAND/UNKNOWN/#0/LOW_FORCE/REST/act=0/mav=23578/base=435495/th=56455
1778760608.393,12131,-43,583534,0,26187,26,STAND/UNKNOWN/#0/LOW_FORCE/REST/act=0/mav=23815/base=435495/th=56455
1778760608.457,12132,-43,583289,0,26187,26,STAND/UNKNOWN/#0/LOW_FORCE/REST/act=0/mav=23815/base=435495/th=56455
1778760608.457,12133,-43,581878,0,26187,26,STAND/UNKNOWN/#0/LOW_FORCE/REST/act=0/mav=23815/base=435495/th=56455
1778760608.457,12134,-43,581828,0,26187,26,STAND/UNKNOWN/#0/LOW_FORCE/REST/act=0/mav=23815/base=435495/th=56455
1778760608.521,12135,-43,581808,0,26187,26,STAND/UNKNOWN/#0/LOW_FORCE/REST/act=0/mav=23815/base=435495/th=56455
1778760608.521,12136,-43,580209,0,26187,26,STAND/UNKNOWN/#0/LOW_FORCE/REST/act=0/mav=23815/base=435495/th=56455
1778760608.521,12137,-43,581728,0,26187,26,STAND/UNKNOWN/#0/LOW_FORCE/REST/act=0/mav=23815/base=435495/th=56455
1778760608.583,12138,-43,582978,0,26187,26,STAND/UNKNOWN/#0/LOW_FORCE/REST/act=0/mav=23815/base=435495/th=56455
1778760608.583,12139,-43,583989,0,26187,26,STAND/UNKNOWN/#0/LOW_FORCE/REST/act=0/mav=23815/base=435495/th=56455
1778760608.583,12140,-43,583533,0,26187,26,STAND/UNKNOWN/#0/LOW_FORCE/REST/act=0/mav=23815/base=435495/th=56455
1778760608.645,12141,-43,581885,0,26187,26,STAND/UNKNOWN/#0/LOW_FORCE/REST/act=0/mav=23815/base=435495/th=56455
1778760608.645,12142,-43,582335,0,26187,26,STAND/UNKNOWN/#0/LOW_FORCE/REST/act=0/mav=23815/base=435495/th=56455
1778760608.645,12143,-43,582276,0,26187,26,STAND/UNKNOWN/#0/LOW_FORCE/REST/act=0/mav=23815/base=435495/th=56455
1778760608.716,12144,-43,580683,0,26338,26,STAND/UNKNOWN/#0/LOW_FORCE/REST/act=0/mav=23962/base=435495/th=56455
1778760608.716,12145,-43,581286,0,26338,26,STAND/UNKNOWN/#0/LOW_FORCE/REST/act=0/mav=23962/base=435495/th=56455
1778760608.716,12146,-43,583563,0,26338,26,STAND/UNKNOWN/#0/LOW_FORCE/REST/act=0/mav=23962/base=435495/th=56455
1778760608.716,12147,-43,584619,0,26338,26,STAND/UNKNOWN/#0/LOW_FORCE/REST/act=0/mav=23962/base=435495/th=56455
1778760608.787,12148,-43,583974,0,26338,26,STAND/UNKNOWN/#0/LOW_FORCE/REST/act=0/mav=23962/base=435495/th=56455
1778760608.787,12149,-43,582142,0,26338,26,STAND/UNKNOWN/#0/LOW_FORCE/REST/act=0/mav=23962/base=435495/th=56455
1778760608.787,12150,-43,582527,0,26338,26,STAND/UNKNOWN/#0/LOW_FORCE/REST/act=0/mav=23962/base=435495/th=56455
1778760608.859,12151,-43,582823,0,26338,26,STAND/UNKNOWN/#0/LOW_FORCE/REST/act=0/mav=23962/base=435495/th=56455
1778760608.859,12152,-43,581013,0,26338,26,STAND/UNKNOWN/#0/LOW_FORCE/REST/act=0/mav=23962/base=435495/th=56455
1778760608.860,12153,-43,581611,0,26338,26,STAND/UNKNOWN/#0/LOW_FORCE/REST/act=0/mav=23962/base=435495/th=56455
1778760608.860,12154,-43,583326,0,26338,26,STAND/UNKNOWN/#0/LOW_FORCE/REST/act=0/mav=23962/base=435495/th=56455
1778760608.924,12155,-43,585024,0,26338,26,STAND/UNKNOWN/#0/LOW_FORCE/REST/act=0/mav=23962/base=435495/th=56455
1778760608.924,12156,-43,584308,0,26174,25,STAND/UNKNOWN/#0/LOW_FORCE/REST/act=0/mav=23798/base=435495/th=56455
1778760608.924,12157,-43,583173,0,26174,25,STAND/UNKNOWN/#0/LOW_FORCE/REST/act=0/mav=23798/base=435495/th=56455
1778760608.988,12158,-43,582647,0,26174,25,STAND/UNKNOWN/#0/LOW_FORCE/REST/act=0/mav=23798/base=435495/th=56455
1778760608.988,12159,-43,582973,0,26174,25,STAND/UNKNOWN/#0/LOW_FORCE/REST/act=0/mav=23798/base=435495/th=56455
1778760608.988,12160,-43,581530,0,26174,25,STAND/UNKNOWN/#0/LOW_FORCE/REST/act=0/mav=23798/base=435495/th=56455
