session,source_log,t_start_ms,t_end_ms,n_rows,label,mav,rms,wl,iemg,var,zc,ssc,swing,tilt_std,tilt_p95,tilt_zc,gyro_mean,gyro_max,gyro_std,acc_std,acc_mag_median,imu_nonzero_ratio,duration_s,zc_per_mav,ssc_per_rms,rms_mav_ratio,wl_per_iemg,var_per_rms2,fatigue,group
session_20260531_093520,D:\mpu_wave\session_20260531_093520.log,414099,417009,49,FreshSquat,0.0002290563031929,0.0003248873278502,0.2866499944395215,0.33327692114577,5.3084985765236286e-08,0.0,1.0439253826530612,0.0,0.0,0.0,0.0,3.987233320869444,4.12903719969826,0.0361817777346656,0.0021649284865081,1.015653800556,1.0,2.91,0.0,3213.182171119073,1.4183670344557116,0.8600955403511118,0.4982083627216214,0,session_20260531_093520
session_20260531_093520,D:\mpu_wave\session_20260531_093520.log,415070,418044,50,FreshSquat,0.0003097883224487,0.0004327777261897,0.3770735544994784,0.4606552354812622,9.132775556039884e-08,0.0,12.430390625,0.0,0.0,0.0,0.0,3.992932336503918,4.12903719969826,0.0339743216834355,0.0019780716568485,1.015452020212113,1.0,2.974,0.0,28722.27739666909,1.397006593929348,0.8185591406271062,0.4850208385202794,0,session_20260531_093520
session_20260531_093520,D:\mpu_wave\session_20260531_093520.log,416102,419015,49,FreshSquat,0.0003075167759746,0.0004288895098065,0.3719436087732545,0.447898184207021,8.937964411624782e-08,0.0,13.236686862244898,0.0,0.0,0.0,0.0,3.99513895957924,4.0507603198715785,0.0277790465951167,0.0019336104451355,1.0152487057727153,1.0,2.913,0.0,30862.62474825233,1.3946820096732155,0.830419995118623,0.4832737223019899,0,session_20260531_093520
session_20260531_093520,D:\mpu_wave\session_20260531_093520.log,417071,420047,50,FreshSquat,0.0002987816015879,0.000420785822964,0.3622067937999963,0.4445870231628417,8.779026336010206e-08,0.0,13.2525,0.0,0.0,0.0,0.0,3.9985603216301526,4.066847177444386,0.0339286957368949,0.0018985453283904,1.0150954510184078,1.0,2.976,0.0,31494.569878989616,1.4083344235164086,0.8147039254733814,0.4930355716767705,0,session_20260531_093520
session_20260531_093520,D:\mpu_wave\session_20260531_093520.log,418105,421019,49,FreshSquat,0.0002582405375785,0.0003446921755674,0.3067680736123996,0.3762564632519573,5.2124520648574595e-08,0.0,5.459103954081632,0.0,0.0,0.0,0.0,3.995299187551325,4.066847177444386,0.0343521865965842,0.002108790717918,1.0151637350343397,1.0,2.914,0.0,15837.574808651954,1.334766586349868,0.8153164204694557,0.4350500609150369,0,session_20260531_093520
session_20260531_093520,D:\mpu_wave\session_20260531_093520.log,419076,422049,50,FreshSquat,0.0002750891685485,0.0003760156742771,0.3257764397187158,0.4089200490474701,6.571373664936293e-08,0.0,8.3615625,0.0,0.0,0.0,0.0,4.000098703494955,4.248233915985534,0.0442939070390155,0.0024032511782609,1.0152655832954092,1.0,2.973,0.0,22237.211996180067,1.3668815438264583,0.796675143908687,0.4615124505722774,0,session_20260531_093520
session_20260531_093520,D:\mpu_wave\session_20260531_093520.log,420107,423017,49,FreshSquat,0.0003005096944821,0.0004009683072281,0.3513799684269506,0.4372416054715916,7.0469506923631e-08,0.0,8.35140306122449,0.0,0.0,0.0,0.0,3.995652560308736,4.248233915985534,0.051460415812057,0.0025586546298729,1.0160614469726534,1.0,2.91,0.0,20828.0357390858,1.3342896428995947,0.8036288478182151,0.4356003881548407,0,session_20260531_093520
session_20260531_093520,D:\mpu_wave\session_20260531_093520.log,421080,424048,50,FreshSquat,0.0002876691023508,0.0003801317164141,0.3443118159090479,0.4269009478886921,6.174660937662048e-08,0.0,4.2896875,0.0,0.0,0.0,0.0,3.998836888749421,4.248233915985534,0.0515354821450424,0.0023592752522678,1.016295318048957,1.0,2.968,0.0,11284.710088795176,1.3214154453580134,0.806537949389337,0.4243749668561828,0,session_20260531_093520
session_20260531_093520,D:\mpu_wave\session_20260531_093520.log,422110,425021,49,FreshSquat,0.0002934712131007,0.0003801834457869,0.3543546380149359,0.4271473506680961,5.841409953166125e-08,0.0,3.829041772959184,0.0,0.0,0.0,0.0,3.9985435853798528,4.068143696527713,0.0395403760271136,0.0021338656156955,1.0159940855917595,1.0,2.911,0.0,10071.537158846648,1.2954665853032965,0.8295840688959205,0.4013626446172129,0,session_20260531_093520
session_20260531_093520,D:\mpu_wave\session_20260531_093520.log,423078,426053,50,FreshSquat,0.0002742573658625,0.0003591356343859,0.342168417108866,0.4079578317205111,5.3761301155969974e-08,0.0,3.951171875,0.0,0.0,0.0,0.0,4.004334722963385,4.369807306565076,0.0649851509744069,0.0017301362223583,1.015411811267585,1.0,2.975,0.0,11001.8625132892,1.309479232316288,0.8387347653728787,0.4136171821527799,0,session_20260531_093520
session_20260531_093520,D:\mpu_wave\session_20260531_093520.log,424109,427027,49,FreshSquat,0.0002799918294763,0.0003699242530998,0.3534232136594182,0.4085080792060515,5.8448528457931036e-08,0.0,6.513392857142857,0.0,0.0,0.0,0.0,4.005800569989414,4.369807306565076,0.0672115263660275,0.001787920313675,1.01526005130133,1.0,2.918,0.0,17607.321486065557,1.3211918812050278,0.8651559927068064,0.4240195320326363,0,session_20260531_093520
session_20260531_093520,D:\mpu_wave\session_20260531_093520.log,425082,428004,49,FreshSquat,0.0003250173078913,0.0004490736675584,0.4032044380191447,0.4748502868292282,9.603090846548517e-08,0.0,16.305803571428573,0.0,0.0,0.0,0.0,4.004092549204134,4.369807306565076,0.0673286992973317,0.0016711761148043,1.0154823863329945,1.0,2.922,0.0,36309.78264723812,1.3816872977771373,0.8491190767986861,0.4738355685714091,0,session_20260531_093520
session_20260531_093520,D:\mpu_wave\session_20260531_093520.log,426113,429036,49,FreshSquat,0.0003400107549161,0.0004636461830409,0.4154812301036927,0.496925718309928,9.936046958976337e-08,0.0,18.292051977040813,0.0,0.0,0.0,0.0,3.999806134469319,4.121635536313463,0.0431424669633785,0.0017576849090125,1.015538762172654,1.0,2.923,0.0,39452.52477771864,1.3636180994838532,0.8361032926222135,0.4600707947606013,0,session_20260531_093520
session_20260531_093520,D:\mpu_wave\session_20260531_093520.log,427088,430008,49,FreshSquat,0.0003259171109621,0.0004458458116756,0.3903555016394476,0.4758389820046975,9.255652457085445e-08,0.0,15.247130102040815,0.0,0.0,0.0,0.0,3.994546347504728,4.121635536313463,0.0417585311285168,0.0017592357208044,1.015489723293026,1.0,2.92,0.0,34198.1364512522,1.3679688138825197,0.8203520845949562,0.4632957511858109,0,session_20260531_093520
session_20260531_093520,D:\mpu_wave\session_20260531_093520.log,428064,431041,50,FreshSquat,0.0002550884008407,0.0003328355863507,0.3068621102867027,0.3796990846514702,4.5709435297920955e-08,0.0,2.4420703125,0.0,0.0,0.0,0.0,3.9940599247020008,4.121635536313463,0.0419608122702125,0.0020276391499034,1.015554671295502,1.0,2.977,0.0,7337.145051496336,1.3047801486604218,0.8081718441860424,0.4089249284130725,0,session_20260531_093520
session_20260531_093520,D:\mpu_wave\session_20260531_093520.log,429096,432009,49,FreshSquat,0.000247888386655,0.0003221396148775,0.2876876982490589,0.3610494351630308,4.2325279235050806e-08,0.0,0.9288903061224488,0.0,0.0,0.0,0.0,3.990877356835673,4.151815695328237,0.0489889175342634,0.0021171764669195,1.016293210510382,1.0,2.913,0.0,2883.493304547884,1.2995296782346717,0.7968097147758856,0.4039676534020777,0,session_20260531_093520
session_20260531_093520,D:\mpu_wave\session_20260531_093520.log,430069,433041,50,FreshSquat,0.0002484570582707,0.0003241686873983,0.284412986139829,0.3692071885903676,4.335442808501227e-08,0.0,0.92875,0.0,0.0,0.0,0.0,3.993960111191981,4.151815695328237,0.0492932493023475,0.0020952082796743,1.0164745664484038,1.0,2.972,0.0,2865.0118629342496,1.304721970599486,0.7703343655235504,0.4086750247252727,0,session_20260531_093520
session_20260531_093520,D:\mpu_wave\session_20260531_093520.log,431102,434012,49,FreshSquat,0.0002452193960851,0.0003132366664856,0.2779609009423958,0.3567942213039009,3.798465701467576e-08,0.0,0.5799585459183674,0.0,0.0,0.0,0.0,3.99371012560624,4.151815695328237,0.0489932930327945,0.0022086520542629,1.0161137798551907,1.0,2.91,0.0,1851.4968280321143,1.277367916724505,0.7790510147488922,0.3832296864425716,0,session_20260531_093520
session_20260531_093520,D:\mpu_wave\session_20260531_093520.log,432070,435046,50,FreshSquat,0.0002730457226435,0.00036087938699,0.3250921696424484,0.4062920352935791,5.5679965300381234e-08,0.0,3.83625,0.0,0.0,0.0,0.0,3.999325000068659,4.051184665888861,0.0290694115104273,0.0023813844961394,1.015744829333037,1.0,2.976,0.0,10630.253508639184,1.3216763178702489,0.8001440850480831,0.4242802487985052,0,session_20260531_093520
session_20260531_093520,D:\mpu_wave\session_20260531_093520.log,433101,436015,49,FreshSquat,0.000269555291351,0.0003584944304462,0.3285381998628263,0.3927420594984171,5.585820156566935e-08,0.0,3.832987882653061,0.0,0.0,0.0,0.0,3.99978796866265,4.042588382722058,0.0267858107062148,0.0021877259891628,1.0153679595810254,1.0,2.914,0.0,10691.873751031071,1.32994273162577,0.8365241029847641,0.4312766632728391,0,session_20260531_093520
session_20260531_093520,D:\mpu_wave\session_20260531_093520.log,434072,437045,50,FreshSquat,0.0002768191258112,0.0003804234873654,0.3416979945480823,0.4114916305184364,6.809320132439713e-08,0.0,6.96796875,0.0,0.0,0.0,0.0,4.001933920049098,4.074090927695133,0.0276835209072697,0.0021395095941928,1.0155369678619346,1.0,2.973,0.0,18316.299243129222,1.3742623888006278,0.8303886844240062,0.467281449800104,0,session_20260531_093520
session_20260531_093520,D:\mpu_wave\session_20260531_093520.log,435107,438020,49,FreshSquat,0.0002694188980829,0.0003755414638481,0.3211860774812877,0.3924086250577653,6.844484842503108e-08,0.0,6.27000956632653,0.0,0.0,0.0,0.0,4.001129518916185,4.074090927695133,0.0255405144307626,0.0019975089655958,1.015442054117058,1.0,2.913,0.0,16695.8737557335,1.393889117026606,0.8184990241116841,0.4818994442690691,0,session_20260531_093520
session_20260531_093520,D:\mpu_wave\session_20260531_093520.log,436076,439050,50,FreshSquat,0.0003049879074096,0.0009571199776517,0.3481878134750762,0.4535170183181762,8.230610279539627e-07,0.23234375,7.20265625,0.0,0.0,0.0,0.0,3.9976033550884127,4.074090927695133,0.0305076366313617,0.0021898128171068,1.0157240153967997,1.0,2.974,761.8104932843039,7525.33526918546,3.1382124214967835,0.7677502687739186,0.897481395406993,0,session_20260531_093520
session_20260531_093520,D:\mpu_wave\session_20260531_093520.log,437106,440027,49,FreshSquat,0.0004372513050935,0.0018204700675337,0.431421039509777,0.6386055310891599,3.1229225629802688e-06,0.9314413265306122,7.800821109693877,0.0,0.0,0.0,0.0,3.9937906773366407,4.0461399829624245,0.0293505518986438,0.0020576917553303,1.0145395787783016,1.0,2.921,2130.21478830463,4285.056350970708,4.163431607625636,0.6755673382571694,0.9420264695995136,0,session_20260531_093520
session_20260531_093520,D:\mpu_wave\session_20260531_093520.log,438081,441006,49,FreshSquat,0.0006056950286943,0.0019741479372636,0.6090190777452946,0.8858289794654262,3.5303936104172328e-06,6.529017857142857,49.317402742346935,0.0,0.0,0.0,0.0,3.993229878668562,4.073347104560177,0.0333244411313071,0.0020950215150275,1.0145395787783016,1.0,2.925,10779.363819203802,24981.601849506824,3.259304739902741,0.6875131556717732,0.9056331644361072,0,session_20260531_093520
session_20260531_093520,D:\mpu_wave\session_20260531_093520.log,439110,442048,49,FreshSquat,0.0010536026711366,0.002160334708294,1.0839533420388592,1.5477423238997556,3.556967463233554e-06,25.061065051020407,153.76251594387756,0.0,0.0,0.0,0.0,3.992461558354327,4.074441335764919,0.0315901575001049,0.0021726263023362,1.0145395787783016,1.0,2.938,23786.04568071002,71175.28787472588,2.050424431383571,0.7003448342792233,0.7619820849488778,0,session_20260531_093520
session_20260531_093520,D:\mpu_wave\session_20260531_093520.log,440088,443027,49,FreshSquat,0.0009750381862225,0.0015373604119556,1.0542735021611431,1.4328186146539896,1.4127775716564864e-06,24.718152104591837,164.3581393494898,0.0,0.0,0.0,0.0,3.995774112860409,4.089480479407791,0.0360034228835399,0.0023973161645611,1.0152458730400988,1.0,2.939,25350.931997261087,106909.23947441088,1.576716539887708,0.7358038837874361,0.5975010752897655,0,session_20260531_093520
session_20260531_093520,D:\mpu_wave\session_20260531_093520.log,441067,444003,49,FreshSquat,0.0008576173198466,0.0013673065313052,0.9162119106565708,1.2589822255348673,1.1340196832489603e-06,19.07557397959184,132.47576530612247,0.0,0.0,0.0,0.0,3.9998787420440713,4.115141079967449,0.0399744398049482,0.0025873430483755,1.0157409455066926,1.0,2.936,22242.498251440047,96888.05354539584,1.5943065809854855,0.7277401470378871,0.6062567351217455,0,session_20260531_093520
session_20260531_093520,D:\mpu_wave\session_20260531_093520.log,442110,445042,49,FreshSquat,0.0004094506283195,0.0005927308000789,0.4486356021689416,0.6002546211164824,1.8367998433092122e-07,0.3506058673469387,34.943718112244895,0.0,0.0,0.0,0.0,4.0094520281595,4.258652674682202,0.0571767925714911,0.0024915924000838,1.0157409455066926,1.0,2.932,856.2815314372156,58953.67535130006,1.4476210596879595,0.7474088255864886,0.5213296849166942,0,session_20260531_093520
session_20260531_093520,D:\mpu_wave\session_20260531_093520.log,443088,446010,49,FreshSquat,0.000345741234669,0.0005090261927019,0.3786800409515141,0.5051279438515099,1.3957066350612386e-07,0.0,21.08107461734694,0.0,0.0,0.0,0.0,4.011240451898363,4.258652674682202,0.0622545778697017,0.0021805525739213,1.0159478628051888,1.0,2.922,0.0,41414.43702731928,1.472270789217128,0.749671533343563,0.5365880455043949,0,session_20260531_093520
session_20260531_093520,D:\mpu_wave\session_20260531_093520.log,444064,447042,50,FreshSquat,0.0003104585727055,0.0004250387593292,0.345569469209543,0.4622728147586186,8.427342156572173e-08,0.0,9.53890625,0.0,0.0,0.0,0.0,4.0072544196055855,4.258652674682202,0.064426809826254,0.0020489187543067,1.0155949024074302,1.0,2.978,0.0,22442.385778342687,1.3690631460485765,0.7475444314034385,0.4639126610696307,0,session_20260531_093520
session_20260531_093520,D:\mpu_wave\session_20260531_093520.log,445101,448014,49,FreshSquat,0.000316364675963,0.0004543617886364,0.3234957306951816,0.4607851505401182,1.0635802677572801e-07,0.0,1.973891900510204,0.0,0.0,0.0,0.0,4.00743839445803,4.272259326780037,0.0657531247355558,0.0019858147949243,1.0154152066621132,1.0,2.913,0.0,4344.308006458726,1.436191796892566,0.7020532879888525,0.5127056035439015,0,session_20260531_093520
session_20260531_093520,D:\mpu_wave\session_20260531_093520.log,446071,449046,50,FreshSquat,0.0003587137063344,0.0004981344503451,0.3710438451209726,0.5335866381724675,1.1946240750844104e-07,0.0,8.134765625,0.0,0.0,0.0,0.0,4.003778192329628,4.272259326780037,0.0652011016305448,0.0019684247721799,1.0147902454034052,1.0,2.975,0.0,16330.429041667652,1.388664700801805,0.6953769414024678,0.4795030897577453,0,session_20260531_093520
session_20260531_093520,D:\mpu_wave\session_20260531_093520.log,447103,450021,49,FreshSquat,0.0003867857958994,0.000536574497215,0.3983661549821888,0.5643204762173347,1.383089391520028e-07,0.0,13.840959821428571,0.0,0.0,0.0,0.0,4.010896654958724,4.3441017052891295,0.0805809591369139,0.0017419224942029,1.014477462976027,1.0,2.918,0.0,25794.990440797417,1.3872616720724689,0.7059218494897316,0.4787230979897161,0,session_20260531_093520
session_20260531_093520,D:\mpu_wave\session_20260531_093520.log,448074,450996,49,FreshSquat,0.0003852579950475,0.0005074025997985,0.4236225812932552,0.5628619307644513,1.0903367553427501e-07,0.0,18.402264030612244,0.0,0.0,0.0,0.0,4.003710394271822,4.3441017052891295,0.0709351846866472,0.0018293546421266,1.0155803817338236,1.0,2.922,0.0,36267.507833839765,1.3170428369516392,0.7526225480648325,0.4218632403595325,0,session_20260531_093520
session_20260531_093520,D:\mpu_wave\session_20260531_093520.log,449106,452027,49,FreshSquat,0.0003659254758536,0.0004804879852673,0.4158780821685546,0.5344341574842427,9.696725010753532e-08,0.0,12.574457908163264,0.0,0.0,0.0,0.0,4.004536854398021,4.3441017052891295,0.0645871118947273,0.0020192846083222,1.0158396053994196,1.0,2.921,0.0,26170.127294733826,1.313072480329356,0.7781652343257106,0.4181989567392674,0,session_20260531_093520
session_20260531_093520,D:\mpu_wave\session_20260531_093520.log,450083,452996,49,FreshSquat,0.000292144567788,0.0003824234542942,0.344628154312365,0.4255085629832988,6.089924990629404e-08,0.0,5.457230548469387,0.0,0.0,0.0,0.0,3.994548417013792,4.137517251500972,0.0408821255647271,0.0020906227859862,1.0158891041028768,1.0,2.913,0.0,14270.087823071372,1.3090167932026038,0.8099206067351716,0.4135837135001748,0,session_20260531_093520
session_20260531_093520,D:\mpu_wave\session_20260531_093520.log,451056,454028,50,FreshSquat,0.0002618409077326,0.0003436256748846,0.3210701672617346,0.3890955888907114,4.9517943477703956e-08,0.0,0.92875,0.0,0.0,0.0,0.0,3.9941222182829854,4.1113868860660245,0.0348111797004023,0.0020031168121822,1.0156447370793529,1.0,2.972,0.0,2702.787844720303,1.3123402508797466,0.8251704095436198,0.4158424908537723,0,session_20260531_093520
session_20260531_093520,D:\mpu_wave\session_20260531_093520.log,452088,454998,49,FreshSquat,0.0002640514795472,0.0003476300590356,0.309900540791984,0.3841949027411792,5.112347409407198e-08,0.0,1.3919005102040816,0.0,0.0,0.0,0.0,3.9907847351960295,4.1113868860660245,0.0337127013114969,0.0021116978071536,1.0152023903364684,1.0,2.91,0.0,4003.959007763137,1.3165188209244607,0.8066232471442539,0.4195722308369783,0,session_20260531_093520
session_20260531_093520,D:\mpu_wave\session_20260531_093520.log,453056,456031,50,FreshSquat,0.0003035156647364,0.0004061449355434,0.3572911811883871,0.4514795512954394,7.283194992723577e-08,0.0,4.5322265625,0.0,0.0,0.0,0.0,3.991710126531599,4.100778705501229,0.0359839348444179,0.0020930550798882,1.0150570454961978,1.0,2.975,0.0,11159.108502304818,1.3381305962102277,0.7913784342432031,0.4388690708509656,0,session_20260531_093520
session_20260531_093520,D:\mpu_wave\session_20260531_093520.log,454088,456997,49,FreshSquat,0.0002977308043006,0.0003987535801692,0.3370197142531531,0.4330494548552701,7.036078586826105e-08,0.0,4.869977678571428,0.0,0.0,0.0,0.0,3.990852127202722,4.100778705501229,0.0363059823443633,0.0023977842729342,1.0150508578248043,1.0,2.909,0.0,12212.969883643393,1.3393046171398315,0.778247633604668,0.4397427701100587,0,session_20260531_093520
session_20260531_093520,D:\mpu_wave\session_20260531_093520.log,455060,458028,50,FreshSquat,0.0002735255718231,0.0003678321971307,0.3186777915341158,0.4059119485855102,6.048428680488871e-08,0.0,3.5940625,0.0,0.0,0.0,0.0,3.992200620116175,4.100778705501229,0.0357047604662763,0.0021934576100158,1.01548091853375,1.0,2.968,0.0,9770.903028967794,1.3447768334867272,0.7850909337838611,0.4437568138178541,0,session_20260531_093520
session_20260531_093520,D:\mpu_wave\session_20260531_093520.log,456092,458999,49,FreshSquat,0.0002324926285516,0.0002971819623567,0.2759872162172437,0.3379280355998447,3.4264296419338666e-08,0.0,0.3476163903061224,0.0,0.0,0.0,0.0,3.996286112484031,4.061513492258079,0.0274614124454677,0.0020669266401706,1.01518352156615,1.0,2.907,0.0,1169.7049775311325,1.2782370175391586,0.8167041095322083,0.383625187408562,0,session_20260531_093520
session_20260531_093520,D:\mpu_wave\session_20260531_093520.log,457058,460032,50,FreshSquat,0.0002628506104151,0.0003468684544434,0.3072172592317064,0.3908588576873143,5.122728129240632e-08,0.0,2.904296875,0.0,0.0,0.0,0.0,3.997921058622183,4.08883209121758,0.031805171137255,0.0018785844978929,1.01535723888427,1.0,2.974,0.0,8372.881606596224,1.319636025420044,0.7860056191728254,0.4222571880913756,0,session_20260531_093520
session_20260531_093520,D:\mpu_wave\session_20260531_093520.log,458089,461002,49,FreshSquat,0.0002728346172644,0.0003733703014647,0.3036106567026819,0.3973836200456229,6.496665363802516e-08,0.0,2.902782206632653,0.0,0.0,0.0,0.0,3.9968303365041375,4.08883209121758,0.0409230450705542,0.0019810670825696,1.0153433629326647,1.0,2.913,0.0,7774.518810752898,1.3684807915047887,0.7640240830857618,0.4627077160809486,0,session_20260531_093520
session_20260531_093520,D:\mpu_wave\session_20260531_093520.log,459060,462033,50,FreshSquat,0.0002773095528284,0.0003841550530066,0.3077359311056789,0.412220650279522,7.067451666059388e-08,0.0,5.342109375000001,0.0,0.0,0.0,0.0,3.9943523251553454,4.08883209121758,0.0402563118735798,0.0021832421843052,1.0158574425990192,1.0,2.973,0.0,13906.091894660103,1.3852882592760145,0.7465320578929627,0.475682092092527,0,session_20260531_093520
session_20260531_093520,D:\mpu_wave\session_20260531_093520.log,460092,463005,49,FreshSquat,0.0002743781180608,0.0003879518010724,0.3124859437877692,0.3996317289556775,7.522324828475155e-08,0.0,11.146683673469388,0.0,0.0,0.0,0.0,3.9938319843044927,4.065062892591851,0.0386161757421491,0.0020388931278433,1.0155946066783603,1.0,2.913,0.0,28732.061329766715,1.4139261173162534,0.7819347673479943,0.4965014613680427,0,session_20260531_093520
session_20260531_093520,D:\mpu_wave\session_20260531_093520.log,461063,464037,50,FreshSquat,0.0002478050788243,0.0003523489705631,0.2887693242402747,0.368486152211825,6.27424399657946e-08,0.0,11.1525,0.0,0.0,0.0,0.0,3.994513268895821,4.064066505317186,0.0330153521966661,0.0019123622559545,1.015227555476869,1.0,2.974,0.0,31651.76935356037,1.4218737983943086,0.7836639768503731,0.5013387271994307,0,session_20260531_093520
session_20260531_093520,D:\mpu_wave\session_20260531_093520.log,462094,465015,49,FreshSquat,0.0003886138581905,0.0016249421612096,0.401874039254506,0.5675705398872597,2.489416296499063e-06,0.0,12.45802774234694,0.0,0.0,0.0,0.0,3.998259684523594,4.058844021312957,0.0330544105946674,0.0016909345211786,1.014684601213634,1.0,2.921,0.0,7666.746775974998,4.181369103527769,0.7080600741297687,0.9424477172054898,0,session_20260531_093520
session_20260531_093520,D:\mpu_wave\session_20260531_093520.log,463066,466048,50,FreshSquat,0.0003826782782872,0.0016943384172629,0.4027243724349886,0.5705733129262924,2.7243400075401875e-06,0.0,4.1934375,0.0,0.0,0.0,0.0,3.999862158904101,4.20865524551301,0.0494144975797408,0.0018231275376816,1.014956864689502,1.0,2.982,0.0,2474.9689804030763,4.427567713742558,0.7058240590744018,0.9486581397333692,0,session_20260531_093520
session_20260531_093520,D:\mpu_wave\session_20260531_093520.log,464097,467019,49,FreshSquat,0.0003745054955385,0.0017084132227193,0.391713239722505,0.5471525289817731,2.7784213733736286e-06,0.0,4.425860969387755,0.0,0.0,0.0,0.0,4.00263351866065,4.20865524551301,0.0484412630167347,0.0017458603220215,1.014684601213634,1.0,2.922,0.0,2590.62521871484,4.561771940064,0.7159123247324723,0.9516198445346086,0,session_20260531_093520
session_20260531_093520,D:\mpu_wave\session_20260531_093520.log,465077,468048,50,FreshSquat,0.0002167591253916,0.0006199220975381,0.2660858866896169,0.3219956807692846,3.373188885755162e-07,0.0,2.32109375,0.0,0.0,0.0,0.0,3.9963318042431455,4.20865524551301,0.0476401605881697,0.0019903611586613,1.015058128669788,1.0,2.971,0.0,3744.1640087579767,2.859945280148032,0.8263647674637824,0.8754630310379038,0,session_20260531_093520
session_20260531_093520,D:\mpu_wave\session_20260531_093520.log,466109,469018,49,FreshSquat,0.0001989546032989,0.0002845333571684,0.2403749798798179,0.2893794704983834,4.137629716770092e-08,0.0,1.8552295918367343,0.0,0.0,0.0,0.0,3.987603184580472,4.052953494194783,0.0420171111213302,0.0020299942075543,1.0150142153557216,1.0,2.909,0.0,6520.230492721382,1.4301349268402934,0.8306566413822506,0.504839985568773,0,session_20260531_093520
session_20260531_093520,D:\mpu_wave\session_20260531_093520.log,467079,470047,50,FreshSquat,0.0002225173155466,0.0003111824848455,0.2653817648331324,0.3302156962712606,4.7320583156551806e-08,0.0,1.6231250000000002,0.0,0.0,0.0,0.0,3.992956792984872,4.091246993736142,0.0505528568993929,0.0022137865586659,1.0152623003816728,1.0,2.968,0.0,5215.974108669762,1.3984578486541634,0.8036618701839925,0.4836797280475931,0,session_20260531_093520
session_20260531_093520,D:\mpu_wave\session_20260531_093520.log,468108,471017,49,FreshSquat,0.0002121661066198,0.0002955252082391,0.2482636265369246,0.3085956020785027,4.232069190658804e-08,0.0,0.0,0.0,0.0,0.0,0.0,3.993494656501967,4.091246993736142,0.0509817623458175,0.0021703554284346,1.0152822503033283,1.0,2.909,0.0,0.0,1.3928889022779751,0.8044950221593715,0.4790923265213404,0,session_20260531_093520
session_20260531_093520,D:\mpu_wave\session_20260531_093520.log,469077,472048,50,FreshSquat,0.0001875710248947,0.0002530711330412,0.2238535724129838,0.2786367574810982,2.8862108998733592e-08,0.0,0.0,0.0,0.0,0.0,0.0,3.999972960253729,4.091246993736142,0.0401850362546336,0.0020826533153949,1.015752259671424,1.0,2.971,0.0,0.0,1.3491944397535338,0.8033885178439919,0.4437252627889414,0,session_20260531_093520
session_20260531_093520,D:\mpu_wave\session_20260531_093520.log,470106,473018,49,FreshSquat,0.0001874514501921,0.0002570619489042,0.2208468620550064,0.2729293114798409,3.0942799395287334e-08,0.0,0.0,0.0,0.0,0.0,0.0,3.985727272621241,4.069597312153101,0.0357371707575345,0.0019493686132184,1.0156742157382206,1.0,2.912,0.0,0.0,1.371344832466413,0.8091723825791656,0.4612762276669181,0,session_20260531_093520
session_20260531_093520,D:\mpu_wave\session_20260531_093520.log,471077,474049,50,FreshSquat,0.0001968920230865,0.0002726563309369,0.2352852143457159,0.2925815463066101,3.5575006044868786e-08,0.0,0.0,0.0,0.0,0.0,0.0,3.983588095179664,4.069597312153101,0.0342366735490604,0.0017804742020683,1.0155703455904077,1.0,2.972,0.0,0.0,1.3847942738787025,0.8041696973430431,0.472183563426569,0,session_20260531_093520
session_20260531_093520,D:\mpu_wave\session_20260531_093520.log,472109,475020,49,FreshSquat,0.0001857018876237,0.0002594724381038,0.2253383355462119,0.2702890974364313,3.2840755068507364e-08,0.0,0.0,0.0,0.0,0.0,0.0,3.98121658603924,4.052464626996311,0.0339541867189408,0.0017075600172709,1.0154563763826197,1.0,2.911,0.0,0.0,1.397245037080337,0.8336937628996114,0.4806483762896856,0,session_20260531_093520
session_20260531_093520,D:\mpu_wave\session_20260531_093520.log,473079,476051,50,FreshSquat,0.0001687944014867,0.000237116164894,0.2130340182264645,0.250828480609258,2.7732525680789806e-08,0.0,0.92875,0.0,0.0,0.0,0.0,3.987848835766484,4.053902303405257,0.0274546100190945,0.00174199601527,1.015565554876465,1.0,2.972,0.0,3916.840016264142,1.4047548855333154,0.8493214839865358,0.4846303826460848,0,session_20260531_093520
session_20260531_093520,D:\mpu_wave\session_20260531_093520.log,474110,477025,49,FreshSquat,0.0002357474233017,0.0014168526939056,0.2848280912911405,0.3436018694622987,1.951894708634192e-06,0.1161910076530612,1.510483099489796,0.0,0.0,0.0,0.0,3.987857609931219,4.053902303405257,0.0323542271459127,0.0017837332519486,1.015797886438625,1.0,2.915,492.86016858887456,1066.0826209416762,6.010019808667403,0.8289480232104641,0.971830894284767,0,session_20260531_093520
session_20260531_093520,D:\mpu_wave\session_20260531_093520.log,475080,478002,49,FreshSquat,0.0007294302165102,0.0037036749828458,0.739401427061506,1.0656975463215186,1.3185139937799909e-05,2.0964604591836737,4.658801020408164,0.0,0.0,0.0,0.0,3.990527406821675,4.066531939077547,0.0311654337911128,0.0019383308480462,1.0162015818807306,1.0,2.922,2874.1030157901514,1257.88569032122,5.077483522798542,0.6938192068846248,0.9611415407866648,0,session_20260531_093520
session_20260531_093520,D:\mpu_wave\session_20260531_093520.log,476112,479033,49,FreshSquat,0.0007241589601348,0.0037026697266533,0.7348218199289498,1.0576341612768825,1.3185356905131891e-05,2.095742984693877,3.7257653061224487,0.0,0.0,0.0,0.0,3.992046244766938,4.066531939077547,0.0313720153155495,0.0019599793827627,1.0159440713140135,1.0,2.921,2894.033224791589,1006.2372760566648,5.1130550299468585,0.6947788244160156,0.9616792883421378,0,session_20260531_093520
session_20260531_093520,D:\mpu_wave\session_20260531_093520.log,477086,480005,49,FreshSquat,0.0006660672028859,0.0034295330529122,0.6705710278907124,0.9721250826120376,1.1318051442257572e-05,1.9779575892857144,3.1414620535714284,0.0,0.0,0.0,0.0,3.9921362573812966,4.066531939077547,0.0331536987878549,0.0019876401125868,1.015387602717431,1.0,2.919,2969.6021829530423,916.0025837631688,5.148921744128874,0.68979912070485,0.9621986760150428,0,session_20260531_093520
session_20260531_093520,D:\mpu_wave\session_20260531_093520.log,478062,481036,50,FreshSquat,0.0002094758033752,0.0002769381122341,0.252759157070114,0.311490519618988,3.2814605808098253e-08,0.0,0.0,0.0,0.0,0.0,0.0,3.994898960746312,4.141107044539941,0.0436818262823298,0.002001805818563,1.015430060377792,1.0,2.974,0.0,0.0,1.322046679020766,0.8114505589699355,0.422353110346613,0,session_20260531_093520
session_20260531_093520,D:\mpu_wave\session_20260531_093520.log,479094,482006,49,FreshSquat,0.0002347377206192,0.0003070626847762,0.2667563838015,0.3417781212216332,3.918569490049855e-08,0.0,0.0,0.0,0.0,0.0,0.0,3.9905041900863374,4.141107044539941,0.0445051183548166,0.0020681208569219,1.0152360171238357,1.0,2.912,0.0,0.0,1.3081041081174791,0.7804957850067308,0.411236500414949,0,session_20260531_093520
session_20260531_093520,D:\mpu_wave\session_20260531_093520.log,480065,483037,50,FreshSquat,0.0001995980262756,0.0002736344895741,0.2376706727309773,0.2966026670455932,3.5036461791398164e-08,0.0,0.0,0.0,0.0,0.0,0.0,3.990126417392724,4.141107044539941,0.0392305693085922,0.0020976044597713,1.0156419704378004,1.0,2.972,0.0,0.0,1.3709209642952662,0.8013099622368975,0.4617604841710072,0,session_20260531_093520
session_20260531_093520,D:\mpu_wave\session_20260531_093520.log,481098,484004,49,FreshSquat,0.0001612188053779,0.0002299555193599,0.1995662679057885,0.2342509242142139,2.6888037676586933e-08,0.0,0.0,0.0,0.0,0.0,0.0,3.986027973475784,4.077257808087575,0.0268724733565291,0.0018964420513521,1.0151419297708888,1.0,2.906,0.0,0.0,1.4263478287967366,0.8519337446513496,0.4990398439814044,0,session_20260531_093520
session_20260531_093520,D:\mpu_wave\session_20260531_093520.log,482067,485034,50,FreshSquat,0.0001767748991648,0.0002556944209937,0.2200556250427383,0.2622455629110336,3.4130271952607126e-08,0.0,0.0,0.0,0.0,0.0,0.0,3.987972105570351,4.077257808087575,0.031197833930968,0.0020449940485234,1.015262181795614,1.0,2.967,0.0,0.0,1.44643258612622,0.8391204860090287,0.5141678010375988,0,session_20260531_093520
session_20260531_093520,D:\mpu_wave\session_20260531_093520.log,483098,486005,49,FreshSquat,0.0002089878490992,0.0002914318147969,0.2430901293004197,0.3037638386658259,4.1256581604672646e-08,0.0,0.0,0.0,0.0,0.0,0.0,3.9854122455569,4.077257808087575,0.034060228354055,0.0018676210214776,1.0153148250840869,1.0,2.907,0.0,0.0,1.3944849978978906,0.8002602599698698,0.4801045043493229,0,session_20260531_093520
session_20260531_093520,D:\mpu_wave\session_20260531_093520.log,484065,487037,50,FreshSquat,0.0002310036261876,0.000306990063884,0.2733098022514333,0.3432713885148366,4.088022401171296e-08,0.0,0.0,0.0,0.0,0.0,0.0,3.989072552682737,4.088490042836253,0.0357380805053988,0.0020698598688517,1.016123608868381,1.0,2.972,0.0,0.0,1.3289347012241992,0.7961916157292231,0.4292207009872444,0,session_20260531_093520
session_20260531_093520,D:\mpu_wave\session_20260531_093520.log,485095,488009,49,FreshSquat,0.000176533120019,0.0002395573219978,0.2220558104797133,0.2572087558678217,2.62237680591124e-08,0.0,0.0,0.0,0.0,0.0,0.0,3.990957875358493,4.088490042836253,0.0295976049018487,0.0019207121871353,1.0158406908910005,1.0,2.914,0.0,0.0,1.3570029520182985,0.8633291229420569,0.4491316378791265,0,session_20260531_093520
session_20260531_093520,D:\mpu_wave\session_20260531_093520.log,486066,489043,50,FreshSquat,0.0003246944189071,0.0018105309075282,0.3368841180442987,0.4833076425433159,3.172595701445669e-06,0.8140234375000001,1.860625,0.0,0.0,0.0,0.0,3.995158941230844,4.096819336446887,0.039368221524868,0.0018625700604263,1.015622159478181,1.0,2.977,2507.037026391615,1027.6676109730206,5.576090089666219,0.6970386720443122,0.9675432308031342,0,session_20260531_093520
session_20260531_093520,D:\mpu_wave\session_20260531_093520.log,487097,490014,49,FreshSquat,0.0003897521041688,0.0020755770033077,0.3698017399408695,0.5684534439302624,4.156113193955798e-06,1.046436543367347,2.092873086734694,0.0,0.0,0.0,0.0,3.9882947305083,4.096819336446887,0.0385160300233023,0.0015148385392114,1.015330616762057,1.0,2.917,2684.8703247633825,1008.332658854264,5.325363624066347,0.6505400631114773,0.9645147373715848,0,session_20260531_093520
session_20260531_093520,D:\mpu_wave\session_20260531_093520.log,488070,491045,50,FreshSquat,0.0004355674664179,0.0020629526661692,0.4207513149168032,0.6479066062966983,4.066054685052974e-06,1.0458984375,2.091796875,0.0,0.0,0.0,0.0,3.98713349108878,4.096819336446887,0.0409065746534592,0.0015837524437233,1.0156747035672908,1.0,2.975,2401.226255200052,1013.9815107356882,4.736230524524995,0.6494011793957938,0.9551963456093876,0,session_20260531_093520
session_20260531_093520,D:\mpu_wave\session_20260531_093520.log,489105,492018,49,FreshSquat,0.0003092692822826,0.001032951326302,0.3264318473081161,0.4504507096446291,9.713409535456331e-07,0.2322225765306122,0.3483338647959184,0.0,0.0,0.0,0.0,3.985793186264917,4.109607759827032,0.0490985943713277,0.0016910178191277,1.0155653202422226,1.0,2.913,750.8725856770299,337.2216276843436,3.3399630856163567,0.7246782824273214,0.9095051171747414,0,session_20260531_093520
session_20260531_093520,D:\mpu_wave\session_20260531_093520.log,490074,493050,50,FreshSquat,0.0002781528949737,0.0003668526393775,0.3206495935946702,0.4138915077209472,5.721182603597325e-08,0.0,2.20875,0.0,0.0,0.0,0.0,3.990470665041972,4.109607759827032,0.058188260446654,0.0022047536892384,1.0161245619416517,1.0,2.976,0.0,6020.793479786144,1.3188837043325814,0.7747189464832865,0.4219756863191914,0,session_20260531_093520
session_20260531_093520,D:\mpu_wave\session_20260531_093520.log,491106,494020,49,FreshSquat,0.0002682149085868,0.0003581023079918,0.307145653330328,0.3907891218110817,5.6298025800832684e-08,0.0,3.136080994897959,0.0,0.0,0.0,0.0,3.9903913080080535,4.109607759827032,0.0575198639535941,0.0025219426725581,1.0155653202422226,1.0,2.914,0.0,8757.475635967052,1.335127024636836,0.7859626468641778,0.4356175958754313,0,session_20260531_093520
session_20260531_093520,D:\mpu_wave\session_20260531_093520.log,492078,495051,50,FreshSquat,0.0002761681079864,0.0003898195947025,0.3362022431195248,0.4105238925218581,7.569049254528358e-08,1.0451953125,12.4262109375,0.0,0.0,0.0,0.0,3.993304539734352,4.088468663862267,0.0433954763876089,0.0025158893383622,1.0158064846711627,1.0,2.973,3784.6206627545066,31876.743061715737,1.4115249802730496,0.818959014139877,0.4948406826058928,0,session_20260531_093520
session_20260531_093520,D:\mpu_wave\session_20260531_093520.log,493111,496022,49,FreshSquat,0.0002516406733973,0.0003608444070636,0.3045730642452012,0.3662630001298423,6.688565760123597e-08,1.044284119897959,10.32680963010204,0.0,0.0,0.0,0.0,3.991815809207268,4.067355806015033,0.0289683428626943,0.0023463602556473,1.015856987794088,1.0,2.911,4149.885453388334,28618.37625740061,1.4339612441451728,0.8315692912078452,0.5097654704477165,0,session_20260531_093520
session_20260531_093520,D:\mpu_wave\session_20260531_093520.log,494081,497052,50,FreshSquat,0.0002120866060256,0.0003217055838825,0.2697168320271342,0.315054653251171,5.8513754245692234e-08,1.0444921875,9.4004296875,0.0,0.0,0.0,0.0,3.990739947834971,4.067355806015033,0.03036451861969,0.0020689224100454,1.0164261756028918,1.0,2.971,4924.814830402928,29220.507625460737,1.5168523513040169,0.8560953738906133,0.5599697968075146,0,session_20260531_093520
session_20260531_093520,D:\mpu_wave\session_20260531_093520.log,495112,498023,49,FreshSquat,0.000186006074049,0.0002657939380129,0.2253241985549257,0.2707318407783702,3.6048157901270346e-08,0.0,0.0,0.0,0.0,0.0,0.0,3.9849991627684704,4.158827386471386,0.046575112769213,0.0021684450550937,1.0163630004993616,1.0,2.911,0.0,0.0,1.4289453203421285,0.832278157880606,0.5031397125908859,0,session_20260531_093520
session_20260531_093520,D:\mpu_wave\session_20260531_093520.log,496083,499052,50,FreshSquat,0.0001753988186518,0.0002418576521401,0.2163425159495324,0.2603795462886492,2.7730378314295263e-08,0.0,0.0,0.0,0.0,0.0,0.0,3.98692190448962,4.158827386471386,0.0554002960288476,0.0021746275267014,1.0159488663074676,1.0,2.969,0.0,0.0,1.3788933990875467,0.8308736926625859,0.4660949754720274,0,session_20260531_093520
session_20260531_093520,D:\mpu_wave\session_20260531_093520.log,497112,500022,49,FreshSquat,0.0002059185099439,0.0002849593269487,0.2424453123059237,0.2996114319684554,3.8799385277573354e-08,0.0,0.0,0.0,0.0,0.0,0.0,3.9870272395493376,4.158827386471386,0.0597865201275867,0.0019990685178764,1.0158780369624614,1.0,2.91,0.0,0.0,1.383838408640128,0.8091991347054154,0.4720015471000937,0,session_20260531_093520
session_20260531_093520,D:\mpu_wave\session_20260531_093520.log,498083,501053,50,FreshSquat,0.0002143291076024,0.0002864114080592,0.2513454257282428,0.3182787247896194,3.6094528300841084e-08,0.0,0.0,0.0,0.0,0.0,0.0,3.99162616050726,4.13958704163113,0.045842428667182,0.0020339617919806,1.0157756800085829,1.0,2.97,0.0,0.0,1.3363097292450616,0.789702249513154,0.43470888300659,0,session_20260531_093520
session_20260531_093520,D:\mpu_wave\session_20260531_093520.log,499112,502026,49,FreshSquat,0.0002473261323915,0.0003276677397637,0.2821026743502122,0.3603541748945404,4.6195931918110413e-08,0.0,1.6261160714285714,0.0,0.0,0.0,0.0,3.981019960773813,4.051242200909859,0.0406854167251234,0.001955372514276,1.015802712664838,1.0,2.914,0.0,4962.682960238928,1.3248353975372686,0.7828483564812942,0.4262948615071084,0,session_20260531_093520
session_20260531_093520,D:\mpu_wave\session_20260531_093520.log,500083,502997,49,FreshSquat,0.0002625226974487,0.0003425774494675,0.2985064998197173,0.3824955701828003,4.84411422079101e-08,0.0,1.8584183673469383,0.0,0.0,0.0,0.0,3.978921404141513,4.184661528728087,0.0575751595497845,0.0020604316315309,1.0153772345347731,1.0,2.914,0.0,5424.7964816104495,1.3049391456724344,0.7804181860109869,0.4092719251640918,0,session_20260531_093520
session_20260531_093520,D:\mpu_wave\session_20260531_093520.log,501114,504029,49,FreshSquat,0.0002323493665578,0.0003176562322391,0.2691681388927921,0.3386492017580538,4.6919253740514825e-08,0.0,1.8590561224489797,0.0,0.0,0.0,0.0,3.9799961663507935,4.184661528728087,0.0595857571982843,0.0021721021205065,1.0159751141900215,1.0,2.915,0.0,5852.396652029112,1.3671432369357968,0.7948287983571538,0.4604193304890733,0,session_20260531_093520
session_20260531_093520,D:\mpu_wave\session_20260531_093520.log,502086,505000,49,FreshSquat,0.0002129677850372,0.0002908492125465,0.2527985957221185,0.3102940627993369,3.9237986975266846e-08,0.0,0.9292091836734692,0.0,0.0,0.0,0.0,3.9847179325494015,4.184661528728087,0.0555283672589261,0.0022223556753269,1.0159956695814474,1.0,2.914,0.0,3194.8031790580126,1.365689401362903,0.8147065162213349,0.4584237700531919,0,session_20260531_093520
session_20260531_093520,D:\mpu_wave\session_20260531_093520.log,503057,506030,50,FreshSquat,0.000239658220609,0.0003243313004754,0.2978265334536787,0.3562519449353218,4.775472976260247e-08,0.0,4.877578124999999,0.0,0.0,0.0,0.0,3.987176961982526,4.105500779082687,0.0386891548362893,0.0022737899416102,1.0161097138616586,1.0,2.973,0.0,15038.829366825245,1.35330199126592,0.8359997379712548,0.4497068780888255,0,session_20260531_093520
session_20260531_093520,D:\mpu_wave\session_20260531_093520.log,504089,506998,49,FreshSquat,0.0002633008259494,0.0003442104768451,0.3161913948243192,0.3829710513434442,4.9153527424288587e-08,0.0,4.985929528061225,0.0,0.0,0.0,0.0,3.984799394292857,4.105500779082687,0.0402439403790738,0.0021923409283467,1.0155430173796969,1.0,2.909,0.0,14485.076365727273,1.3072848074787895,0.825627401573846,0.4113925072454123,0,session_20260531_093520
session_20260531_093520,D:\mpu_wave\session_20260531_093520.log,505061,508027,50,FreshSquat,0.0002192199150721,0.0003073879786741,0.2778423761907655,0.3251031340519587,4.64299982691645e-08,0.0,4.286796875,0.0,0.0,0.0,0.0,3.985145501014034,4.105500779082687,0.0392946498187375,0.0021414587955476,1.015715206232105,1.0,2.966,0.0,13945.837920050932,1.4021836309416114,0.8546284124462846,0.4862423014129783,0,session_20260531_093520
session_20260531_093520,D:\mpu_wave\session_20260531_093520.log,506091,508998,49,FreshSquat,0.0001732184692304,0.0002363887917198,0.2154643820672847,0.2517730450265261,2.5875022768203183e-08,0.0,0.1158721301020408,0.0,0.0,0.0,0.0,3.981236779944408,4.085538686893089,0.0304805714294207,0.0022499076488207,1.015909162529215,1.0,2.907,0.0,490.1740014195476,1.3646779589497156,0.8557881213566599,0.4549081759839232,0,session_20260531_093520
session_20260531_093520,D:\mpu_wave\session_20260531_093520.log,507059,510029,50,FreshSquat,0.0001791424115498,0.000247969390155,0.2383590142680331,0.2660264811515807,2.9396814837947313e-08,0.0,0.928125,0.0,0.0,0.0,0.0,3.980535575143687,4.139199914694069,0.0391256020817989,0.0021238763779831,1.0158406885832163,1.0,2.97,0.0,3742.886396314298,1.384194863822693,0.8959973170348402,0.4704332001357163,0,session_20260531_093520
session_20260531_093520,D:\mpu_wave\session_20260531_093520.log,508088,511001,49,FreshSquat,0.0002269662480776,0.0002961842743441,0.2756272757127976,0.3305763403250247,3.621144660234264e-08,0.0,0.9288903061224488,0.0,0.0,0.0,0.0,3.983513037382064,4.139199914694069,0.0411091939747479,0.0020095579293398,1.0160705836067738,1.0,2.913,0.0,3136.1799069158333,1.3049648213687446,0.8337779848612915,0.4081306942083074,0,session_20260531_093520
session_20260531_093520,D:\mpu_wave\session_20260531_093520.log,509058,512033,50,FreshSquat,0.0002377522865931,0.0003126154593976,0.2860683852003421,0.3536565263072649,4.1202275674163454e-08,0.0,0.9296875,0.0,0.0,0.0,0.0,3.986807375682248,4.139199914694069,0.042090232001739,0.0018414839201549,1.01575498101352,1.0,2.975,0.0,2973.891719557075,1.314873345716027,0.8088876158414555,0.4173294113070328,0,session_20260531_093520
session_20260531_093520,D:\mpu_wave\session_20260531_093520.log,510090,513002,49,FreshSquat,0.0002657902484037,0.0003495719808612,0.3090079609375624,0.386990601675851,5.155611365674855e-08,0.0,4.178571428571429,0.0,0.0,0.0,0.0,3.986657876794629,4.049357503957936,0.0301870846290979,0.0019758472371922,1.0156968164728526,1.0,2.912,0.0,11953.359262138494,1.31521253224358,0.7984895726173277,0.4184730130637686,0,session_20260531_093520
session_20260531_093520,D:\mpu_wave\session_20260531_093520.log,511061,514031,50,FreshSquat,0.0002541498581568,0.0003399775344544,0.304763520821929,0.3774125393629075,5.099257353256113e-08,0.0,4.1765625,0.0,0.0,0.0,0.0,3.984192303521986,4.251504085372348,0.0683531362350851,0.0019950325167461,1.0157487021633331,1.0,2.97,0.0,12284.78293990646,1.3376997304672102,0.8075076692705504,0.4373864071725085,0,session_20260531_093520
session_20260531_093520,D:\mpu_wave\session_20260531_093520.log,512094,515001,49,FreshSquat,0.0002230137870425,0.000308568729348,0.2686798940279654,0.3241505394663129,4.547951152044735e-08,0.0,4.1713966836734695,0.0,0.0,0.0,0.0,3.9785920005862137,4.251504085372348,0.0689237423171919,0.0020274128835413,1.0159171417857806,1.0,2.907,0.0,13518.48962140992,1.383624527503874,0.8288738116600107,0.4726879580999149,0,session_20260531_093520
session_20260531_093520,D:\mpu_wave\session_20260531_093520.log,513063,516031,50,FreshSquat,0.0002108980417251,0.0002845231904906,0.2565366967620949,0.3129726939201355,3.6475461923447785e-08,0.0,0.0,0.0,0.0,0.0,0.0,3.9783632111638334,4.251504085372348,0.0681562408256159,0.0018414395050717,1.0159490728525529,1.0,2.968,0.0,0.0,1.3490966491037693,0.819677565889759,0.4450753901911397,0,session_20260531_093520
session_20260531_093520,D:\mpu_wave\session_20260531_093520.log,514092,517004,49,FreshSquat,0.0002384782324031,0.0003249349297772,0.2858343502276,0.3472243063790458,4.8710841259213e-08,0.0,2.7857142857142856,0.0,0.0,0.0,0.0,3.977811252704836,4.033237007359177,0.028814809918796,0.0019634214922111,1.015948816175985,1.0,2.912,0.0,8573.118668728708,1.3625292504628528,0.8231979851444279,0.4570238634756767,0,session_20260531_093520
session_20260531_093520,D:\mpu_wave\session_20260531_093520.log,515062,518036,50,FreshSquat,0.0002622467120488,0.0003420372300438,0.311596887518124,0.3899608608166376,4.8216128755618505e-08,0.0,2.788125,0.0,0.0,0.0,0.0,3.983965157744594,4.053327294033288,0.0290066824197987,0.002169899980742,1.015447769708794,1.0,2.974,0.0,8151.501075311928,1.3042524846894026,0.799046566023436,0.4086477385602651,0,session_20260531_093520
session_20260531_093520,D:\mpu_wave\session_20260531_093520.log,516092,519005,49,FreshSquat,0.0002336642369121,0.0003091584910663,0.2678484307708009,0.3403319610624897,4.0979996986681554e-08,0.0,2.786670918367347,0.0,0.0,0.0,0.0,3.980813471104908,4.053327294033288,0.0275746242655317,0.0023532213166252,1.015277751834038,1.0,2.913,0.0,9013.700044452477,1.3230829504287764,0.7870210871396799,0.424315934246749,0,session_20260531_093520
session_20260531_093520,D:\mpu_wave\session_20260531_093520.log,517064,520031,50,FreshSquat,0.0002052937110265,0.0002635379333887,0.2432153554990887,0.304553220307827,2.7306734547779766e-08,0.0,0.0,0.0,0.0,0.0,0.0,3.980251403421462,4.053327294033288,0.0266328163216803,0.0020699631820145,1.0152740312184738,1.0,2.967,0.0,0.0,1.2837054207145373,0.7985972187542844,0.387592128267654,0,session_20260531_093520
session_20260531_093520,D:\mpu_wave\session_20260531_093520.log,518096,521001,49,FreshSquat,0.0002040001729718,0.0002642162404446,0.2401087354330922,0.2963102512416385,2.8194151142134047e-08,0.0,0.0,0.0,0.0,0.0,0.0,3.976608145687898,4.0641095198845205,0.0288420914648911,0.0019205822385963,1.0156236868629769,1.0,2.905,0.0,0.0,1.2951702021882476,0.8103288145335097,0.3981649888872827,0,session_20260531_093520
session_20260531_093520,D:\mpu_wave\session_20260531_093520.log,519066,522032,50,FreshSquat,0.0002287091970443,0.0003047905075015,0.2780932668503684,0.3391757392168045,4.058935665037973e-08,0.0,2.08546875,0.0,0.0,0.0,0.0,3.9778887518482846,4.0641095198845205,0.0309879459171029,0.0016714326034112,1.0155827733531493,1.0,2.966,0.0,6842.279718011152,1.3326494027829972,0.8199090733099261,0.4322741630174236,0,session_20260531_093520
session_20260531_093520,D:\mpu_wave\session_20260531_093520.log,520091,523002,49,FreshSquat,0.0002487587523298,0.0003319856484575,0.2994078349747353,0.3620683640160527,4.8333553921104656e-08,0.0,6.149673150510204,0.0,0.0,0.0,0.0,3.97779314613472,4.0641095198845205,0.0323555907570211,0.0019383721478547,1.0160212184072992,1.0,2.911,0.0,18523.856845092883,1.3345633501733214,0.8269372966662266,0.4345977064076202,0,session_20260531_093520
session_20260531_093520,D:\mpu_wave\session_20260531_093520.log,521062,524034,50,FreshSquat,0.0002812483549118,0.0003704649796006,0.3463066764536002,0.417935055398941,5.814366396990767e-08,0.0,8.93921875,0.0,0.0,0.0,0.0,3.971816200645208,4.107764027714229,0.0480285591643369,0.0020003908602813,1.015967757328284,1.0,2.972,0.0,24129.661675375377,1.3172118375767092,0.8286136114962135,0.4205863352257194,0,session_20260531_093520
session_20260531_093520,D:\mpu_wave\session_20260531_093520.log,522093,525002,49,FreshSquat,0.000261521825985,0.0003446338551283,0.3131188399822698,0.38038349589523,5.037882863407271e-08,0.0,6.841159119897959,0.0,0.0,0.0,0.0,3.972961421714344,4.107764027714229,0.0525688507208831,0.0022909217076999,1.016266231583194,1.0,2.909,0.0,19850.45626725841,1.3177964631969037,0.8231662060473485,0.4206210199793492,0,session_20260531_093520
session_20260531_093520,D:\mpu_wave\session_20260531_093520.log,523063,526035,50,FreshSquat,0.0002712763388951,0.0003633976263482,0.3345016284196948,0.4031166395982107,5.846698279118215e-08,0.0,6.965625,0.0,0.0,0.0,0.0,3.9726295460788936,4.107764027714229,0.0509903416348748,0.0019973596252119,1.0157702585106,1.0,2.972,0.0,19168.00035816502,1.3395797372101634,0.8297886882647818,0.4394102975104429,0,session_20260531_093520
session_20260531_093520,D:\mpu_wave\session_20260531_093520.log,524094,527005,49,FreshSquat,0.0002635628187737,0.0003536609092711,0.3189768452158191,0.3836156827251927,5.5610679306556524e-08,0.0,5.105389030612245,0.0,0.0,0.0,0.0,3.971312850163321,4.093240529122663,0.0677054453019663,0.0018881456901803,1.0162008633646706,1.0,2.911,0.0,14435.7899360247,1.341841649269684,0.8315010536543175,0.4410884087051877,0,session_20260531_093520
session_20260531_093520,D:\mpu_wave\session_20260531_093520.log,525063,528037,50,FreshSquat,0.0002668278773625,0.0003558007851116,0.3258821527873476,0.3967730536381403,5.5397082548221246e-08,0.0,5.1115625,0.0,0.0,0.0,0.0,3.969253586451458,4.093240529122663,0.0641723767724979,0.0016025222267739,1.0160573971996087,1.0,2.974,0.0,14366.320557938252,1.3334418246947892,0.8213313605293946,0.4341661542507429,0,session_20260531_093520
session_20260531_093520,D:\mpu_wave\session_20260531_093520.log,526095,529008,49,FreshSquat,0.0002618583935458,0.0003410530965897,0.3129912055507112,0.3813967501995514,4.7747396423025503e-08,0.0,1.8577806122448977,0.0,0.0,0.0,0.0,3.9711241482501127,4.093240529122663,0.064928489477007,0.0018494002581998,1.0156885127235693,1.0,2.913,0.0,5447.1728409692405,1.3024283451187275,0.820644655640893,0.4069939483970107,0,session_20260531_093520
session_20260531_093520,D:\mpu_wave\session_20260531_093520.log,527066,530038,50,FreshSquat,0.0002369493325551,0.0003140303053353,0.2939712416686117,0.3521067081769307,4.247004647067986e-08,0.0,1.8575,0.0,0.0,0.0,0.0,3.9903461812752106,4.586611222425712,0.1310342921274375,0.0019669675324813,1.016000348173162,1.0,2.972,0.0,5915.015377261471,1.325300124920756,0.8348924743745613,0.4263417411285437,0,session_20260531_093520
session_20260531_093520,D:\mpu_wave\session_20260531_093520.log,528098,531019,49,FreshSquat,0.000478713877347,0.0019560044534002,0.4593159599863088,0.6991616178653678,3.5967864453569552e-06,0.9314413265306122,4.890066964285714,0.0,0.0,0.0,0.0,3.996716391524756,4.586611222425712,0.1354833375476773,0.002081848874914,1.0162811580564195,1.0,2.921,1945.7120942062368,2500.027265151537,4.085948747279512,0.6569524807893606,0.9398563423693034,0,session_20260531_093520
session_20260531_093520,D:\mpu_wave\session_20260531_093520.log,529069,532051,50,FreshSquat,0.000478902943929,0.0019411600082734,0.4494072481853887,0.7140442893981933,3.538754148016323e-06,0.931875,4.659375,0.0,0.0,0.0,0.0,3.9905619754656687,4.586611222425712,0.1366772253651313,0.0021425524669542,1.01616131206541,1.0,2.982,1945.8495003292023,2400.3032103680152,4.0533389479897455,0.6293828747440481,0.938885172425008,0,session_20260531_093520
session_20260531_093520,D:\mpu_wave\session_20260531_093520.log,530099,533022,49,FreshSquat,0.0005260070164998,0.0019692298413221,0.4793103540896875,0.7687592546145122,3.601182786546579e-06,0.932079081632653,5.359454719387755,0.0,0.0,0.0,0.0,3.977357508202204,4.11627374867539,0.0474525760736551,0.002154589225754,1.016085806259318,1.0,2.923,1771.9864572310016,2721.5980000543814,3.743725912060798,0.6234856368741187,0.9284111981740384,0,session_20260531_093520
session_20260531_093520,D:\mpu_wave\session_20260531_093520.log,531081,534053,50,FreshSquat,0.0002810185273488,0.0003842696371024,0.3110312643773854,0.4175935316403707,6.869174128552128e-08,0.0,2.321875,0.0,0.0,0.0,0.0,3.972705031446092,4.064754683771229,0.0353678506883409,0.001990926215628,1.015990865502493,1.0,2.972,0.0,6042.290968438252,1.3674125806404285,0.7448182025492329,0.4620629889640437,0,session_20260531_093520
session_20260531_093520,D:\mpu_wave\session_20260531_093520.log,532112,535025,49,FreshSquat,0.0002709908550288,0.000362249648262,0.3052486206099334,0.3946981803495057,5.7788764156691235e-08,0.0,2.670559630102041,0.0,0.0,0.0,0.0,3.97650336080953,4.029876478810922,0.0292061027845671,0.0019153422573157,1.0163800074175184,1.0,2.913,0.0,7372.132093937445,1.3367547457227529,0.7733722500728611,0.4370493342118234,0,session_20260531_093520
session_20260531_093520,D:\mpu_wave\session_20260531_093520.log,533082,535995,49,FreshSquat,0.0002561063263692,0.0003430957037766,0.2994156062460447,0.3730188643567416,5.212421154363321e-08,0.0,4.18000637755102,0.0,0.0,0.0,0.0,3.977127867419284,4.029876478810922,0.0280051507458485,0.002040075297998,1.0162424044894145,1.0,2.913,0.0,12183.172649401877,1.3396559506540555,0.8026822073990669,0.439071389224053,0,session_20260531_093520
session_20260531_093520,D:\mpu_wave\session_20260531_093520.log,534114,537026,49,FreshSquat,0.0002594092021994,0.0003479685201221,0.3031155653262422,0.3776997984023321,5.378895681029056e-08,0.0,4.178571428571429,0.0,0.0,0.0,0.0,3.978249536647244,4.047522318768032,0.0298049870487006,0.0023278434587589,1.0164651183688778,1.0,2.912,0.0,12008.440932137406,1.3413833271472704,0.8025303847285299,0.4405966212689077,0,session_20260531_093520
session_20260531_093520,D:\mpu_wave\session_20260531_093520.log,535085,537996,49,FreshSquat,0.0002384105263924,0.0003163779502736,0.2814396521028885,0.3470065211641545,4.325542832466765e-08,0.0,3.132852359693877,0.0,0.0,0.0,0.0,3.977332673611493,4.047522318768032,0.0321578840213616,0.0022333058858298,1.0165454068463318,1.0,2.911,0.0,9902.214913425349,1.3270245573317596,0.8110500354507775,0.4278690850204934,0,session_20260531_093520
session_20260531_093520,D:\mpu_wave\session_20260531_093520.log,536056,539025,50,FreshSquat,0.000195413049062,0.0002630806403516,0.2355225604335777,0.2900906713326771,3.1025163584069164e-08,0.0,0.0,0.0,0.0,0.0,0.0,3.981868165264552,4.047522318768032,0.0327100955066624,0.0021087235825416,1.0165215640282947,1.0,2.969,0.0,0.0,1.3462729093137813,0.8118929110670595,0.441881991755308,0,session_20260531_093520
session_20260531_093520,D:\mpu_wave\session_20260531_093520.log,537087,539996,49,FreshSquat,0.0001786457438047,0.0002389450448628,0.2202055636323437,0.2598402343639711,2.5180432684969518e-08,0.0,0.0,0.0,0.0,0.0,0.0,3.9776692876947775,4.046413607739798,0.0284346708614384,0.0016094848614311,1.0162419865938617,1.0,2.909,0.0,0.0,1.337528128271086,0.8474652254062611,0.4334374348565286,0,session_20260531_093520
session_20260531_093520,D:\mpu_wave\session_20260531_093520.log,538057,541026,50,FreshSquat,0.0001857747157414,0.0002491834239283,0.2319991498967166,0.2757825655182202,2.7580133751850577e-08,0.0,0.0,0.0,0.0,0.0,0.0,3.975860893581449,4.103193677702665,0.0359589696048209,0.0016712427142415,1.0159221529082123,1.0,2.969,0.0,0.0,1.3413132224189848,0.8412393605068182,0.4371389111269392,0,session_20260531_093520
session_20260531_093520,D:\mpu_wave\session_20260531_093520.log,539086,541997,49,FreshSquat,0.0001991596838243,0.0002623902092137,0.2391477492012615,0.289876919806409,2.918404223022001e-08,0.0,0.0,0.0,0.0,0.0,0.0,3.96955630966604,4.103193677702665,0.0386596043010422,0.0017088721839927,1.016242353168917,1.0,2.911,0.0,0.0,1.317479957264751,0.8249975490838528,0.4178184399350966,0,session_20260531_093520
session_20260531_093520,D:\mpu_wave\session_20260531_093520.log,540057,543028,50,FreshSquat,0.0002301872094472,0.0003057398455769,0.2768461075968264,0.3419430996338526,4.049070178033985e-08,0.0,0.9284375,0.0,0.0,0.0,0.0,3.9734555986552222,4.103193677702665,0.038710676516573,0.0018622263865233,1.016171114018881,1.0,2.971,0.0,3036.6812724936094,1.3282167940364675,0.8096262421544482,0.4285780105949029,0,session_20260531_093520
session_20260531_093520,D:\mpu_wave\session_20260531_093520.log,541086,543996,49,FreshSquat,0.000215767281396,0.0002874899258424,0.2607319211843898,0.3139413944312504,3.609493773986356e-08,0.0,0.9279336734693876,0.0,0.0,0.0,0.0,3.9784719062281457,4.039560215403815,0.0330980980515898,0.0022186115778009,1.0161545253377346,1.0,2.91,0.0,3227.6972594880026,1.3324012407308743,0.8305114425137577,0.4314971948208759,0,session_20260531_093520
session_20260531_093520,D:\mpu_wave\session_20260531_093520.log,542057,545027,50,FreshSquat,0.0002042359272638,0.0002750239174793,0.256565843952354,0.303290351986885,3.392584120034922e-08,0.0,0.928125,0.0,0.0,0.0,0.0,3.981121287988622,4.039560215403815,0.0293712993738304,0.0023730605045166,1.015607704266948,1.0,2.97,0.0,3374.694222277739,1.3465925147022884,0.8459413279242961,0.4426755983119334,0,session_20260531_093520
session_20260531_093520,D:\mpu_wave\session_20260531_093520.log,543089,545995,49,FreshSquat,0.0001956870523439,0.0002597120050117,0.2365304999067416,0.2843332870558005,2.9156903092125004e-08,0.0,0.0,0.0,0.0,0.0,0.0,3.979603345167529,4.118184420701262,0.0417361798881347,0.0024455546177945,1.0159220407835767,1.0,2.906,0.0,0.0,1.3271735392163144,0.8318776233485629,0.4259571135570402,0,session_20260531_093520
session_20260531_093520,D:\mpu_wave\session_20260531_093520.log,544057,547024,50,FreshSquat,0.0001926656961441,0.000258538035762,0.2293920012487098,0.2858195602297783,2.9721845465011307e-08,0.0,0.0,0.0,0.0,0.0,0.0,3.975525984077955,4.118184420701262,0.0420538264185003,0.0022614384600855,1.0164393973935102,1.0,2.967,0.0,0.0,1.3418927138745689,0.8025762836585393,0.4381044529046007,0,session_20260531_093520
session_20260531_093520,D:\mpu_wave\session_20260531_093520.log,545088,547995,49,FreshSquat,0.000186302410502,0.0002534560384912,0.2101892594999766,0.2707905536646746,2.9531375288799297e-08,0.0,0.0,0.0,0.0,0.0,0.0,3.9755909021797233,4.118184420701262,0.0435486018502263,0.0021713116617885,1.0164287980999658,1.0,2.907,0.0,0.0,1.360447657980347,0.7762060229916743,0.4526577534411347,0,session_20260531_093520
session_20260531_093520,D:\mpu_wave\session_20260531_093520.log,546056,549024,50,FreshSquat,0.0001575443903605,0.0002118107341444,0.1879585243079811,0.2337958752950032,2.004355216476269e-08,0.0,0.0,0.0,0.0,0.0,0.0,3.973983969640528,4.049695663009444,0.0294795190798883,0.0021100878558305,1.01680958344358,1.0,2.968,0.0,0.0,1.3444425994299265,0.8039428551375106,0.4370234869957899,0,session_20260531_093520
session_20260531_093520,D:\mpu_wave\session_20260531_093520.log,547085,549995,49,FreshSquat,0.0001909976751625,0.0002650881797463,0.2197005502646789,0.2779016173615748,3.379163112371077e-08,0.0,0.0,0.0,0.0,0.0,0.0,3.970523247494385,4.0589875859132345,0.0333416029993001,0.0018628007714086,1.016114249130441,1.0,2.91,0.0,0.0,1.3879058559996404,0.7905695244236716,0.474123820770936,0,session_20260531_093520
session_20260531_093520,D:\mpu_wave\session_20260531_093520.log,548055,551027,50,FreshSquat,0.0002103220303853,0.0002832802343519,0.2490952966553469,0.3125385371526082,3.601233470908191e-08,0.0,0.0,0.0,0.0,0.0,0.0,3.971916432894148,4.0589875859132345,0.0341231685715899,0.0017721472124651,1.016149832138471,1.0,2.972,0.0,0.0,1.3468816697483963,0.7970066607712778,0.4432413301658005,0,session_20260531_093520
session_20260531_093520,D:\mpu_wave\session_20260531_093520.log,549084,551997,49,FreshSquat,0.0002130786658955,0.000287061267108,0.2394404253478599,0.3103490768768349,3.700165321388157e-08,0.0,0.0,0.0,0.0,0.0,0.0,3.974954194274141,4.0589875859132345,0.0364703815466829,0.0015673543900762,1.0159258543583227,1.0,2.913,0.0,0.0,1.3472016013429973,0.7715196931981355,0.4436427187938297,0,session_20260531_093520
session_20260531_093520,D:\mpu_wave\session_20260531_093520.log,550055,553026,50,FreshSquat,0.0001824821233749,0.0002424130887496,0.2149675735701651,0.2710771942734717,2.5464380245701875e-08,0.0,0.0,0.0,0.0,0.0,0.0,3.980695692637456,4.05501615203201,0.0298731801912654,0.0017619319078303,1.016072286190303,1.0,2.971,0.0,0.0,1.328413741864447,0.793012386576077,0.4260815081440029,0,session_20260531_093520
session_20260531_093520,D:\mpu_wave\session_20260531_093520.log,551087,553996,49,FreshSquat,0.0001862052670952,0.00025089127406,0.2145733733936276,0.2708355609900286,2.8274029905460888e-08,0.0,0.0,0.0,0.0,0.0,0.0,3.973812410561446,4.05501615203201,0.0357244656530963,0.0018885895925978,1.0157751339204728,1.0,2.909,0.0,0.0,1.3473836191115696,0.7922643976920857,0.4421518024803296,0,session_20260531_093520
session_20260531_093520,D:\mpu_wave\session_20260531_093520.log,552058,555027,50,FreshSquat,0.0002147858778635,0.000288689628519,0.2505403647754497,0.3188496356884639,3.720872828484312e-08,0.0,0.0,0.0,0.0,0.0,0.0,3.975016532840225,4.05501615203201,0.0406224483228311,0.0020944767885031,1.016157484557501,1.0,2.969,0.0,0.0,1.3440747935375514,0.7857633691464524,0.441166440474818,0,session_20260531_093520
session_20260531_093520,D:\mpu_wave\session_20260531_093520.log,553087,555998,49,FreshSquat,0.0002244061758729,0.0002971453952868,0.2527687235687523,0.3266231889830154,3.793725417026999e-08,0.0,0.0,0.0,0.0,0.0,0.0,3.979568431992908,4.035750152831357,0.0411719839265294,0.0020509962715064,1.016010981354447,1.0,2.911,0.0,0.0,1.324134997604212,0.7738848046334259,0.4248512257474093,0,session_20260531_093520
session_20260531_093520,D:\mpu_wave\session_20260531_093520.log,554057,557030,50,FreshSquat,0.0002306112845738,0.0003010679912127,0.267727962052729,0.342803674519062,3.746037076004583e-08,0.0,1.0451953125,0.0,0.0,0.0,0.0,3.982532628966067,4.072209650778405,0.0448790422770441,0.0017790510804975,1.015988823700004,1.0,2.973,0.0,3471.613958946526,1.3055158434817455,0.7809950160170952,0.4087688744676114,0,session_20260531_093520
session_20260531_093520,D:\mpu_wave\session_20260531_093520.log,555088,558001,49,FreshSquat,0.0002212789431721,0.0002861000347577,0.2554126962865893,0.3222927807301891,3.2888859197041684e-08,0.0,1.045001594387755,0.0,0.0,0.0,0.0,3.9764773268580464,4.072209650778405,0.0407066479749221,0.0016449263704127,1.015847702551916,1.0,2.913,0.0,3652.56139416772,1.292932520934614,0.7924865549747582,0.3969532538603183,0,session_20260531_093520
session_20260531_093520,D:\mpu_wave\session_20260531_093520.log,556059,559032,50,FreshSquat,0.0002348279953002,0.0003014230025531,0.2861978641984518,0.3490718150138855,3.571163909138714e-08,0.0,1.0451953125,0.0,0.0,0.0,0.0,3.9689913940432167,4.072209650778405,0.0416073362462167,0.0017277800374894,1.0158306609083794,1.0,2.973,0.0,3467.525159399957,1.2835851133616358,0.819882474232945,0.3887792474848945,0,session_20260531_093520
session_20260531_093520,D:\mpu_wave\session_20260531_093520.log,557090,560000,49,FreshSquat,0.0002095795407587,0.0002724063180099,0.2527641409979562,0.3049382318039329,3.0281618187106346e-08,0.0,0.0,0.0,0.0,0.0,0.0,3.9693049134678144,4.04976760810079,0.0371096329267649,0.002040949865207,1.016489687873408,1.0,2.91,0.0,0.0,1.2997691342135047,0.828902754088159,0.4026532386704651,0,session_20260531_093520
session_20260531_093520,D:\mpu_wave\session_20260531_093520.log,558062,561030,50,FreshSquat,0.0002296765883763,0.0003010877311762,0.2846834043366213,0.3408400571505228,3.790248661665987e-08,0.0,0.46375,0.0,0.0,0.0,0.0,3.971237609506384,4.083676953211416,0.0506896658338924,0.0019586060908137,1.016203560231664,1.0,2.968,0.0,1540.2436291397544,1.3109147187790728,0.8352404523147293,0.4135396194666433,0,session_20260531_093520
session_20260531_093520,D:\mpu_wave\session_20260531_093520.log,559093,561999,49,FreshSquat,0.0002427309548773,0.0003264708436267,0.2774138435238313,0.3526880774368234,4.7664895282673794e-08,0.0,2.664142219387755,0.0,0.0,0.0,0.0,3.9775730376882974,4.231666152553284,0.0722849961613667,0.0019324345798506,1.01618913975025,1.0,2.906,0.0,8160.40424739877,1.344985021818289,0.7865699480214332,0.4430514251479672,0,session_20260531_093520
session_20260531_093520,D:\mpu_wave\session_20260531_093520.log,560061,563031,50,FreshSquat,0.0002647844314575,0.0003480950320584,0.3094551688511855,0.3932048807144164,5.105935620147357e-08,0.0,4.060546875,0.0,0.0,0.0,0.0,3.9800886278044776,4.231666152553284,0.0688585030026689,0.0016720295734736,1.0158658934136269,1.0,2.97,0.0,11665.019135634617,1.314630605401228,0.7870074438087519,0.4179364242400392,0,session_20260531_093520
session_20260531_093520,D:\mpu_wave\session_20260531_093520.log,561091,563999,49,FreshSquat,0.0002350477945236,0.0003145928078401,0.2657034287990711,0.3417594932374499,4.372116903432354e-08,0.0,3.593271683673469,0.0,0.0,0.0,0.0,3.979668445290853,4.231666152553284,0.0635689832803995,0.001793972230903,1.0157294733159623,1.0,2.908,0.0,11421.94027384922,1.338414895841895,0.7774573443582635,0.4373488659312547,0,session_20260531_093520
session_20260531_093520,D:\mpu_wave\session_20260531_093520.log,562060,565028,50,FreshSquat,0.0002085901498794,0.000276211218964,0.2482374293660124,0.309547782421112,3.2782786854898285e-08,0.0,1.39125,0.0,0.0,0.0,0.0,3.974950415812953,4.0833558788547935,0.0337082338673453,0.0019453614091432,1.015913597514048,1.0,2.968,0.0,5036.887959619347,1.3241751585516373,0.8019357354864584,0.4241385457015729,0,session_20260531_093520
session_20260531_093520,D:\mpu_wave\session_20260531_093520.log,563091,566000,49,FreshSquat,0.0002165346161848,0.0002860149517837,0.2529859453354024,0.3149495992409128,3.491731263753043e-08,0.0,0.0,0.0,0.0,0.0,0.0,3.977518713480219,4.098810161617937,0.047108880719931,0.0020647128000724,1.0166014672241752,1.0,2.909,0.0,0.0,1.3208679330588788,0.8032585059383694,0.4216834886809497,0,session_20260531_093520
session_20260531_093520,D:\mpu_wave\session_20260531_093520.log,564060,567029,50,FreshSquat,0.0002213662544886,0.0002888276019731,0.2614734225159821,0.3286182047883669,3.4418365035236906e-08,0.0,0.0,0.0,0.0,0.0,0.0,3.978449442341622,4.098810161617937,0.043880141476666,0.0018937701093564,1.016486077718583,1.0,2.969,0.0,0.0,1.3047440220567448,0.7956754005417865,0.4076972390457108,0,session_20260531_093520
session_20260531_093520,D:\mpu_wave\session_20260531_093520.log,565089,567999,49,FreshSquat,0.0002213701990996,0.0002862000003262,0.2572782817306187,0.3220936396900488,3.290567513728673e-08,0.0,0.0,0.0,0.0,0.0,0.0,3.983141595893735,4.098810161617937,0.0470614858697075,0.001560964251781,1.0163904166839288,1.0,2.91,0.0,0.0,1.292851109314029,0.7987685853698613,0.3968821666267803,0,session_20260531_093520
session_20260531_093520,D:\mpu_wave\session_20260531_093520.log,566059,569029,50,FreshSquat,0.0001944764296213,0.0002537858973878,0.2288267870075069,0.2887974979877472,2.65862000346744e-08,0.0,1.85625,0.0,0.0,0.0,0.0,3.9814789572654576,4.1759981361994365,0.0541124970469937,0.0018285982696785,1.016035443458637,1.0,2.97,0.0,7314.207388584077,1.3049632437138403,0.7923433818144504,0.4064715630799437,0,session_20260531_093520
session_20260531_093520,D:\mpu_wave\session_20260531_093520.log,567089,569997,49,FreshSquat,0.0001855291882339,0.0002430143416189,0.21789979360003,0.2697594396922053,2.4634890545752132e-08,0.0,1.8545918367346936,0.0,0.0,0.0,0.0,3.9856057235451017,4.1759981361994365,0.0583671989600461,0.0022263632526438,1.016318700539831,1.0,2.908,0.0,7631.583357574195,1.309837196481017,0.8077559511574351,0.4101988603360542,0,session_20260531_093520
session_20260531_093520,D:\mpu_wave\session_20260531_093520.log,568060,571025,50,FreshSquat,0.0001963967879613,0.0002569447416151,0.2426675312154305,0.2911582381526629,2.7448901922173582e-08,0.0,1.853125,0.0,0.0,0.0,0.0,3.986965513137722,4.1759981361994365,0.0648554107992125,0.0022156852719311,1.0162388088203744,1.0,2.965,0.0,7212.125752118003,1.3082873502923231,0.8334558277370016,0.4095591776612634,0,session_20260531_093520
session_20260531_093520,D:\mpu_wave\session_20260531_093520.log,569090,571995,49,FreshSquat,0.0001900684346958,0.0002474999244592,0.2341370717217658,0.2760744013956615,2.5130202739634922e-08,0.0,0.0,0.0,0.0,0.0,0.0,3.986091738370799,4.175858594384077,0.0476189798947772,0.0019132757012703,1.016738640505795,1.0,2.905,0.0,0.0,1.3021553142165418,0.8480940995978599,0.4036577505626834,0,session_20260531_093520
session_20260531_093520,D:\mpu_wave\session_20260531_093520.log,570058,573024,50,FreshSquat,0.0001899337291717,0.0002460102617913,0.2357154958871193,0.2816717203617096,2.4446227429546182e-08,0.0,0.0,0.0,0.0,0.0,0.0,3.9857926547317617,4.175858594384077,0.040547281860198,0.0016782167854514,1.0166140801053718,1.0,2.966,0.0,0.0,1.2952358047635504,0.8368447309782457,0.3973636318627473,0,session_20260531_093520
session_20260531_093520,D:\mpu_wave\session_20260531_093520.log,571086,573995,49,FreshSquat,0.000171542500152,0.0002221335725811,0.1988686677533657,0.2495085664711842,1.9916494709263303e-08,0.0,0.0,0.0,0.0,0.0,0.0,3.980793261273434,4.028184313738725,0.0264363186196495,0.0017735733585189,1.0172956444345287,1.0,2.909,0.0,0.0,1.2949110422970336,0.7970414393739532,0.395613421999824,0,session_20260531_093520
session_20260531_093520,D:\mpu_wave\session_20260531_093520.log,575085,577997,49,FatiguedSquat,0.0002199748665297,0.0002978229786909,0.2568076106941416,0.3202834056672596,4.030958473160886e-08,0.0,0.8125,0.0,0.0,0.0,0.0,3.9720808134912806,4.159892128789276,0.0606783522186823,0.0017873759479161,1.016223811636806,1.0,2.912,0.0,2728.121501737844,1.353889330631472,0.8018136604901839,0.4493895969442061,1,session_20260531_093520
session_20260531_093520,D:\mpu_wave\session_20260531_093520.log,576056,579028,50,FatiguedSquat,0.0002305833975474,0.0003019617017299,0.2658379150511697,0.3426469287554423,3.801216608712591e-08,0.0,0.8126562500000001,0.0,0.0,0.0,0.0,3.977228248134827,4.159892128789276,0.0606230819102474,0.0021647621618872,1.0164792136352316,1.0,2.972,0.0,2691.24711543629,1.309549583327049,0.775836267498169,0.4123650207574044,1,session_20260531_093520
session_20260531_093520,D:\mpu_wave\session_20260531_093520.log,577088,579999,49,FatiguedSquat,0.000208624787882,0.0002757009536123,0.2385528407301468,0.3036533787623555,3.248671370392278e-08,0.0,0.0,0.0,0.0,0.0,0.0,3.9844131434269343,4.110649811649815,0.0389732129918801,0.0021107530524079,1.0159115973825317,1.0,2.911,0.0,0.0,1.321509466357049,0.7856090418517406,0.4218450225184622,1,session_20260531_093520
session_20260531_093520,D:\mpu_wave\session_20260531_093520.log,578058,581028,50,FatiguedSquat,0.000202354033788,0.0002656106164307,0.238302987263538,0.3004957401752472,2.96018445704394e-08,0.0,0.0,0.0,0.0,0.0,0.0,3.985366697924492,4.110649811649815,0.0359849221578637,0.0021030396985269,1.015855241760982,1.0,2.97,0.0,0.0,1.3125970303707866,0.7930328274588131,0.4137282806492988,1,session_20260531_093520
session_20260531_093520,D:\mpu_wave\session_20260531_093520.log,579089,581999,49,FatiguedSquat,0.0002052895309162,0.0002726843470144,0.2412863880134549,0.2986962674831857,3.2212961602862316e-08,0.0,0.0,0.0,0.0,0.0,0.0,3.981708645105362,4.110649811649815,0.0371039371245389,0.0020204977548702,1.0159379990317443,1.0,2.91,0.0,0.0,1.3282850689574148,0.8077984677837963,0.4274727914199813,1,session_20260531_093520
session_20260531_093520,D:\mpu_wave\session_20260531_093520.log,580059,583029,50,FatiguedSquat,0.0001972266674041,0.0002540257682066,0.2316109509319067,0.2928816010951996,2.5630732577631826e-08,0.0,0.0,0.0,0.0,0.0,0.0,3.982311287542424,4.073475852899291,0.0376285870471354,0.0021409998825486,1.0159981148331267,1.0,2.97,0.0,0.0,1.2879824192520613,0.790800614565823,0.3911351770721945,1,session_20260531_093520
session_20260531_093520,D:\mpu_wave\session_20260531_093520.log,581088,583999,49,FatiguedSquat,0.0001928100375091,0.0002484194110799,0.222018826055993,0.2806350095945151,2.4536493237053715e-08,0.0,0.0,0.0,0.0,0.0,0.0,3.9771534141887273,4.073475852899291,0.0421878373583147,0.0021098505980314,1.0170364402489698,1.0,2.911,0.0,0.0,1.2884086631618723,0.7911301786104811,0.3912554773993993,1,session_20260531_093520
session_20260531_093520,D:\mpu_wave\session_20260531_093520.log,582059,585030,50,FatiguedSquat,0.000204049372673,0.0002679014324554,0.237398191589148,0.303115343105793,3.013503102341454e-08,0.0,0.0,0.0,0.0,0.0,0.0,3.977079542586966,4.073475852899291,0.0426035390890679,0.001973225394914,1.016904285493696,1.0,2.971,0.0,0.0,1.3129181238238306,0.7831942400985532,0.4141066841824905,1,session_20260531_093520
session_20260531_093520,D:\mpu_wave\session_20260531_093520.log,583089,585998,49,FatiguedSquat,0.0001906463889037,0.0002556340292129,0.21605120714445,0.2772951726605292,2.9002711289598373e-08,0.0,0.0,0.0,0.0,0.0,0.0,3.978350205408763,4.073797705945361,0.0418031575745953,0.0019446119047653,1.0167236547965877,1.0,2.909,0.0,0.0,1.3408734873467432,0.7791380004649654,0.4371251647858779,1,session_20260531_093520
session_20260531_093520,D:\mpu_wave\session_20260531_093520.log,584060,587029,50,FatiguedSquat,0.000223624142011,0.0003044907485872,0.26566636564699,0.3319700388153394,4.270685908504604e-08,0.0,2.4355078125,0.0,0.0,0.0,0.0,3.9810113343109386,4.073797705945361,0.0347040424521955,0.0018142344890036,1.0160341172310208,1.0,2.969,0.0,7998.600368647991,1.361612320730162,0.8002721142991359,0.4557118293729705,1,session_20260531_093520
session_20260531_093520,D:\mpu_wave\session_20260531_093520.log,585091,587997,49,FatiguedSquat,0.0002209463005974,0.0003057715196003,0.2553345154441551,0.3210349747680482,4.4678954450997635e-08,0.0,4.054129464285714,0.0,0.0,0.0,0.0,3.9764380987994743,4.106685770141715,0.0494799284057484,0.0018616518165068,1.0164032375282257,1.0,2.906,0.0,13258.64557608079,1.3839115425874653,0.7953479674085028,0.472812070275765,1,session_20260531_093520
session_20260531_093520,D:\mpu_wave\session_20260531_093520.log,586059,589029,50,FatiguedSquat,0.0002294602235158,0.0003123582441909,0.268405196766369,0.3407484319210053,4.4915678538120316e-08,0.0,4.060546875,0.0,0.0,0.0,0.0,3.9748576472644417,4.106685770141715,0.0452995416382129,0.0016915857127404,1.01630209810314,1.0,2.97,0.0,12999.60526385991,1.3612681018821684,0.7876931214782508,0.4556836668795164,1,session_20260531_093520
session_20260531_093520,D:\mpu_wave\session_20260531_093520.log,587090,590000,49,FatiguedSquat,0.0002315614255918,0.0003081932037906,0.2635024777081395,0.3369218742360874,4.136235704062669e-08,0.0,1.6238839285714284,0.0,0.0,0.0,0.0,3.974624370043504,4.106685770141715,0.0468443032662775,0.0020772481068098,1.016450773666979,1.0,2.91,0.0,5269.028127714399,1.3309292429589117,0.7820877689330753,0.4309339687459717,1,session_20260531_093520
session_20260531_093520,D:\mpu_wave\session_20260531_093520.log,588058,591032,50,FatiguedSquat,0.0002139531135559,0.0002801805248561,0.248460666214923,0.3181482798576354,3.272519170840686e-08,0.0,0.0,0.0,0.0,0.0,0.0,3.975944849965732,4.035815127212931,0.0264360536205872,0.0021005495993915,1.0161970867512622,1.0,2.974,0.0,0.0,1.3095355831190778,0.7809586949366666,0.4116317987624526,1,session_20260531_093520
session_20260531_093520,D:\mpu_wave\session_20260531_093520.log,589089,592002,49,FatiguedSquat,0.0002241167081456,0.0002943770095277,0.2604734368262128,0.3264259854141546,3.6429524868465895e-08,0.0,0.0,0.0,0.0,0.0,0.0,3.9711091840121817,4.035815127212931,0.027434190315934,0.0022544457335031,1.0163490868693292,1.0,2.913,0.0,0.0,1.3134928603519649,0.7979555784989981,0.4155878313513312,1,session_20260531_093520
session_20260531_093520,D:\mpu_wave\session_20260531_093520.log,590060,593029,50,FatiguedSquat,0.0002032146851221,0.0002683663396468,0.2285147119695476,0.3016722000638644,3.0724284006126347e-08,0.0,0.0,0.0,0.0,0.0,0.0,3.9729119427782704,4.098575578920105,0.0341837274729018,0.0019337709650464,1.0159235658339596,1.0,2.969,0.0,0.0,1.3205985526435875,0.7574934354696166,0.4207624881334821,1,session_20260531_093520
session_20260531_093520,D:\mpu_wave\session_20260531_093520.log,591092,593997,49,FatiguedSquat,0.0002089662616755,0.0002786934609338,0.2258918278645502,0.3035234950837635,3.400314664862497e-08,0.0,0.0,0.0,0.0,0.0,0.0,3.991081530036194,4.461020632895138,0.1326336869990531,0.0017674918717916,1.0162999844546112,1.0,2.905,0.0,0.0,1.3336704453089605,0.744231767158516,0.432224826823466,1,session_20260531_093520
session_20260531_093520,D:\mpu_wave\session_20260531_093520.log,592063,595028,50,FatiguedSquat,0.0001802703936894,0.0002430696134356,0.1936666974939871,0.2672508586446444,2.658542213481971e-08,0.0,0.0,0.0,0.0,0.0,0.0,4.01856723914696,4.461020632895138,0.1837150608941656,0.0016309676246999,1.0158810938309124,1.0,2.965,0.0,0.0,1.3483537707285558,0.724662580137254,0.4424794745550662,1,session_20260531_093520
session_20260531_093520,D:\mpu_wave\session_20260531_093520.log,593090,595995,49,FatiguedSquat,0.0001799753328569,0.0002448242036245,0.1984676595344873,0.2614141709747768,2.7547770243426293e-08,0.0,0.0,0.0,0.0,0.0,0.0,4.019636017973538,4.461020632895138,0.1935900382662016,0.0020032342087814,1.0164924878210142,1.0,2.905,0.0,0.0,1.3603133241920236,0.7592077278566095,0.4520556566724951,1,session_20260531_093520
session_20260531_093520,D:\mpu_wave\session_20260531_093520.log,594058,597025,50,FatiguedSquat,0.0002069207747777,0.0002819723763269,0.2460844130613841,0.3069669693827628,3.669221397686136e-08,0.0,0.0,0.0,0.0,0.0,0.0,4.000672515176516,4.427507238668791,0.1574563213999789,0.0020977774721271,1.0160787001376597,1.0,2.967,0.0,0.0,1.3627003568370486,0.8016641424142045,0.4557562242045513,1,session_20260531_093520
session_20260531_093520,D:\mpu_wave\session_20260531_093520.log,595089,598053,50,FatiguedSquat,0.0002209604501724,0.000302521545271,0.2617427222980186,0.3274633871555328,4.2695764812809585e-08,0.0,0.34734375,0.0,0.0,0.0,0.0,4.003536073848375,5.134239012015698,0.1908068544994545,0.0024119840009244,1.016674240646842,1.0,2.964,0.0,1148.158229624646,1.36911459005643,0.7993037749114739,0.4614796217870724,1,session_20260531_093520
session_20260531_093520,D:\mpu_wave\session_20260531_093520.log,596056,599022,50,FatiguedSquat,0.0002209431409835,0.0003084885584351,0.2566716955733795,0.3276586780786514,4.634931913768122e-08,0.0,0.926875,0.0,0.0,0.0,0.0,4.033199609320901,5.657570128693606,0.3119343026240898,0.0020893678738574,1.0165410220981768,1.0,2.966,0.0,3004.5587432579737,1.3962287348367997,0.7833508219440994,0.4819760539894772,1,session_20260531_093520
session_20260531_093520,D:\mpu_wave\session_20260531_093520.log,597086,600051,50,FatiguedSquat,0.0001958323160807,0.0002717115985408,0.2199415597871411,0.290321408589681,3.547689676010566e-08,0.0,0.9265625,0.0,0.0,0.0,0.0,4.068967220089824,5.657570128693606,0.3477987232820936,0.0021422917331554,1.0165723558807485,1.0,2.965,0.0,3410.082951529191,1.3874636041442807,0.7575795395110214,0.4741177029536587,1,session_20260531_093520
session_20260531_093520,D:\mpu_wave\session_20260531_093520.log,598115,601020,49,FatiguedSquat,0.000185961917955,0.000255487746926,0.2030390102843133,0.2701096858297075,3.0692153899823204e-08,0.0,0.5789620535714286,0.0,0.0,0.0,0.0,4.037637364349237,5.657570128693606,0.3134935371557452,0.0019004204640062,1.016162649309135,1.0,2.905,0.0,2266.096102224938,1.3738639387654463,0.751690961799236,0.4631101046121738,1,session_20260531_093520
session_20260531_093520,D:\mpu_wave\session_20260531_093520.log,599083,602049,50,FatiguedSquat,0.0001789337396621,0.000237278440966,0.203501158590801,0.2653587359189986,2.428377535781105e-08,0.0,0.0,0.0,0.0,0.0,0.0,4.007939451654496,5.073924698557221,0.1833661545614581,0.0019689381029642,1.0158307269482714,1.0,2.966,0.0,0.0,1.3260613417722984,0.7668907417693963,0.4237927880122054,1,session_20260531_093520
session_20260531_093520,D:\mpu_wave\session_20260531_093520.log,600112,603017,49,FatiguedSquat,0.0001777773406229,0.0002379868522434,0.1991289247736511,0.2582215872548875,2.503295900176194e-08,0.0,0.0,0.0,0.0,0.0,0.0,3.978670307564363,4.175195707072275,0.0574945538850039,0.0018849484066225,1.0161177466907114,1.0,2.905,0.0,0.0,1.3386718056286873,0.7711552164147225,0.4343154017194082,1,session_20260531_093520
session_20260531_093520,D:\mpu_wave\session_20260531_093520.log,601080,604049,50,FatiguedSquat,0.000171606183052,0.0002326036919433,0.1979275591661843,0.2547493787407875,2.4655795443981296e-08,0.0,0.0,0.0,0.0,0.0,0.0,3.984115045205511,4.175195707072275,0.0547618328899021,0.0019207153605231,1.0166110019668957,1.0,2.969,0.0,0.0,1.3554426324496405,0.7769501121752659,0.4474372421268326,1,session_20260531_093520
session_20260531_093520,D:\mpu_wave\session_20260531_093520.log,602109,605016,49,FatiguedSquat,0.0001434827742933,0.0002029410976448,0.1606691679920601,0.2085522124353719,2.0597782594366242e-08,0.0,0.0,0.0,0.0,0.0,0.0,3.981913987412785,4.07472021044721,0.0419893251490556,0.0019017389100027,1.016800310419986,1.0,2.907,0.0,0.0,1.4143836029146566,0.7704026025206862,0.4882716388023907,1,session_20260531_093520
session_20260531_093520,D:\mpu_wave\session_20260531_093520.log,603078,606047,50,FatiguedSquat,0.0001405111869176,0.0001956248618425,0.1610694575122092,0.2085888569792111,1.8525692921921603e-08,0.0,0.0,0.0,0.0,0.0,0.0,3.974090200867973,4.07472021044721,0.0336778981535002,0.0020635628551478,1.0166712686317727,1.0,2.969,0.0,0.0,1.3922270098695984,0.7721862954360776,0.4717627665839343,1,session_20260531_093520
session_20260531_093520,D:\mpu_wave\session_20260531_093520.log,604109,607017,49,FatiguedSquat,0.0001409511582381,0.0001943017725371,0.1574485318347507,0.2049429840782061,1.7885949802423877e-08,0.0,0.0,0.0,0.0,0.0,0.0,3.9737546979254863,4.214355801955546,0.0495417918793436,0.0023690434292192,1.0167272968205603,1.0,2.908,0.0,0.0,1.3784944832766988,0.7682552870724922,0.4615350366382491,1,session_20260531_093520
session_20260531_093520,D:\mpu_wave\session_20260531_093520.log,605075,608049,50,FatiguedSquat,0.0001897096713383,0.0002634445099983,0.2070450402616833,0.2820982812801996,3.3413250448935075e-08,0.0,0.348515625,0.0,0.0,0.0,0.0,3.9746154978897175,4.214355801955546,0.0514967068760592,0.0023319229440678,1.016713519988398,1.0,2.974,0.0,1322.913512559821,1.3886646868082806,0.7339464763419997,0.4745997439733265,1,session_20260531_093520
session_20260531_093520,D:\mpu_wave\session_20260531_093520.log,606107,609018,49,FatiguedSquat,0.0002052806996974,0.0002886628815648,0.2216341704619908,0.2987860584096844,4.1186093525009896e-08,0.0,0.928252551020408,0.0,0.0,0.0,0.0,3.9788765727057593,4.214355801955546,0.0549109314227282,0.0023329038637694,1.016577200913749,1.0,2.911,0.0,3215.6865139777133,1.4061793232918554,0.741782166476831,0.4884136201346341,1,session_20260531_093520
session_20260531_093520,D:\mpu_wave\session_20260531_093520.log,607078,610050,50,FatiguedSquat,0.0001962044636408,0.0002812770165649,0.2184079602108647,0.2915598329703013,4.0620568495090954e-08,0.0,0.92875,0.0,0.0,0.0,0.0,3.975711410612037,4.1030161546326935,0.0379597186830819,0.0019825374519976,1.0165473926514814,1.0,2.972,0.0,3301.8933059260708,1.4335840161914768,0.7491016757579577,0.5070171144079503,1,session_20260531_093520
session_20260531_093520,D:\mpu_wave\session_20260531_093520.log,608110,611021,49,FatiguedSquat,0.0001665401053266,0.0002336403275983,0.1911051257803472,0.2423991233029333,2.6852195998051064e-08,0.0,0.5801578443877551,0.0,0.0,0.0,0.0,3.97336965747668,4.062797370701648,0.0327146342335877,0.002167203479248,1.0164801152194072,1.0,2.911,0.0,2483.113113383403,1.4028988647582976,0.7883903307402937,0.483059137136679,1,session_20260531_093520
session_20260531_093520,D:\mpu_wave\session_20260531_093520.log,609079,612053,50,FatiguedSquat,0.0001611091216405,0.0002184795526735,0.1826683642367521,0.2395692638794581,2.177716586063708e-08,0.0,0.0,0.0,0.0,0.0,0.0,3.973584400196062,4.062797370701648,0.0289172921769269,0.0022431538396604,1.0162717545255853,1.0,2.974,0.0,0.0,1.3560883105842003,0.7624866417178503,0.4468640372412504,1,session_20260531_093520
session_20260531_093520,D:\mpu_wave\session_20260531_093520.log,610110,613023,49,FatiguedSquat,0.0001708585713185,0.0002311120581616,0.1853991615482872,0.2488555091254564,2.4220132034709567e-08,0.0,0.0,0.0,0.0,0.0,0.0,3.9777056886863256,4.064439283110347,0.0315755038862268,0.0021433126853179,1.0162343324764973,1.0,2.913,0.0,0.0,1.3526433221045353,0.7450072592518494,0.4451184171984409,1,session_20260531_093520
session_20260531_093520,D:\mpu_wave\session_20260531_093520.log,611081,614053,50,FatiguedSquat,0.0001821176687876,0.0002425990330713,0.200538331273881,0.2706268558184306,2.5687445562527564e-08,0.0,0.0,0.0,0.0,0.0,0.0,3.9870353116332007,4.63610857396937,0.1055125487629956,0.0020684187360131,1.0164607401456494,1.0,2.972,0.0,0.0,1.3320931603902268,0.7410141537002979,0.4291663170501242,1,session_20260531_093520
session_20260531_093520,D:\mpu_wave\session_20260531_093520.log,612113,615020,49,FatiguedSquat,0.000162765249914,0.0002173147926147,0.1791106699225587,0.2365792907500754,2.073319250962843e-08,0.0,0.0,0.0,0.0,0.0,0.0,3.9884234742817206,4.63610857396937,0.1058409278958581,0.0017767628616549,1.0169459628975142,1.0,2.907,0.0,0.0,1.335134235319354,0.75708515566854,0.4299198208174821,1,session_20260531_093520
session_20260531_093520,D:\mpu_wave\session_20260531_093520.log,613084,616051,50,FatiguedSquat,0.0001570895433425,0.0002105052266756,0.1799423265274148,0.2330423375487327,1.9635325830170567e-08,0.0,0.0,0.0,0.0,0.0,0.0,3.982278846600513,4.63610857396937,0.104731177479748,0.0020972362432551,1.0171185808138206,1.0,2.967,0.0,0.0,1.3400248175126648,0.7721443564633047,0.4333318024474762,1,session_20260531_093520
session_20260531_093520,D:\mpu_wave\session_20260531_093520.log,614114,617022,49,FatiguedSquat,0.0001552518452105,0.0002109966472484,0.1755892845757027,0.2257361829361948,2.0416449708798173e-08,0.0,0.0,0.0,0.0,0.0,0.0,3.974722677075877,4.0226979684389566,0.0250842107983954,0.0020408279168362,1.017046381277686,1.0,2.908,0.0,0.0,1.3590517259909722,0.7778517449614266,0.4485201181311198,1,session_20260531_093520
session_20260531_093520,D:\mpu_wave\session_20260531_093520.log,615081,618051,50,FatiguedSquat,0.000156295243899,0.0002233910928413,0.1764929795642383,0.2320984371900558,2.5475377095397684e-08,0.0,0.0,0.0,0.0,0.0,0.0,3.9730236385374353,4.030021075344808,0.0252049920621287,0.0023002450215881,1.0166781610172009,1.0,2.97,0.0,0.0,1.4292799831176457,0.7604229521773669,0.500463364557137,1,session_20260531_093520
session_20260531_093520,D:\mpu_wave\session_20260531_093520.log,616112,619021,49,FatiguedSquat,0.0001649544109292,0.0002318220318936,0.1801478885095186,0.239926190696606,2.6531496786265937e-08,0.0,0.0,0.0,0.0,0.0,0.0,3.9782036446276745,4.030021075344808,0.0235417715598965,0.0021356364212874,1.0163524223459413,1.0,2.909,0.0,0.0,1.4053617919392376,0.7508471135878365,0.4846691970923689,1,session_20260531_093520
session_20260531_093520,D:\mpu_wave\session_20260531_093520.log,617082,620051,50,FatiguedSquat,0.0001840649525324,0.0002563953380382,0.2081467473230635,0.2732444220344226,3.1858662616984105e-08,0.0,0.0,0.0,0.0,0.0,0.0,3.977875515794659,4.030201813716726,0.0245535886267638,0.0024042714868678,1.016408964599538,1.0,2.969,0.0,0.0,1.392953637056073,0.7617602767937983,0.4773650816730818,1,session_20260531_093520
session_20260531_093520,D:\mpu_wave\session_20260531_093520.log,618111,621022,49,FatiguedSquat,0.0001933575730745,0.0002592640287136,0.2173864453154153,0.2814319476100052,2.983068551953e-08,0.0,0.0,0.0,0.0,0.0,0.0,3.9785330914878383,4.032427845768932,0.0246463680869861,0.0023779709967915,1.0161239352164952,1.0,2.911,0.0,0.0,1.340845790238883,0.7724298765264173,0.4372857160670009,1,session_20260531_093520
session_20260531_093520,D:\mpu_wave\session_20260531_093520.log,619081,622052,50,FatiguedSquat,0.0001893317540486,0.0002592223349243,0.2197077461110583,0.2812523206392924,3.1349705832493555e-08,0.0,0.0,0.0,0.0,0.0,0.0,3.977617521101336,4.059375184972712,0.0297695486619383,0.0023896557821311,1.0165726238186583,1.0,2.971,0.0,0.0,1.36913623966898,0.7811766488912208,0.4596985921990354,1,session_20260531_093520
session_20260531_093520,D:\mpu_wave\session_20260531_093520.log,620111,623019,49,FatiguedSquat,0.000177436848076,0.0002418506158787,0.2026809666424888,0.2579931771025366,2.7007885345767457e-08,0.0,0.0,0.0,0.0,0.0,0.0,3.9767554972804056,4.059375184972712,0.0312662524829414,0.0021354437336478,1.0165605857425353,1.0,2.908,0.0,0.0,1.3630159433353253,0.7856059145949025,0.4539772116818693,1,session_20260531_093520
session_20260531_093520,D:\mpu_wave\session_20260531_093520.log,621083,624049,50,FatiguedSquat,0.0001816810925801,0.0002449926916639,0.2061354715221251,0.2694330602963766,2.701339956764652e-08,0.0,0.0,0.0,0.0,0.0,0.0,3.973690268914224,4.059375184972712,0.0314291446523753,0.0023050384753429,1.0169103812968845,1.0,2.966,0.0,0.0,1.3484691208953223,0.7650711851407719,0.4426871748340195,1,session_20260531_093520
session_20260531_093520,D:\mpu_wave\session_20260531_093520.log,622113,625018,49,FatiguedSquat,0.0001732351504215,0.0002321824097638,0.1922080709144384,0.2516240559873126,2.389825406215441e-08,0.0,0.0,0.0,0.0,0.0,0.0,3.967980258483143,4.045614283438964,0.0292463652203213,0.0023315628167609,1.0167369404266648,1.0,2.905,0.0,0.0,1.3402653499215966,0.7638700099495251,0.4352364289865001,1,session_20260531_093520
session_20260531_093520,D:\mpu_wave\session_20260531_093520.log,623080,626049,50,FatiguedSquat,0.0001686482350031,0.0002275530335114,0.1943852840795181,0.2503583048621813,2.333815589057172e-08,0.0,0.0,0.0,0.0,0.0,0.0,3.9672793056576494,4.012813809449463,0.0261837246120707,0.0024603554704372,1.0164351419176354,1.0,2.969,0.0,0.0,1.349268103748989,0.776428341013477,0.4421748107422869,1,session_20260531_093520
session_20260531_093520,D:\mpu_wave\session_20260531_093520.log,624110,627015,49,FatiguedSquat,0.000161323798757,0.0002185012725079,0.1892471087425725,0.2343228176945731,2.1717438042202698e-08,0.0,0.0,0.0,0.0,0.0,0.0,3.9704951179464176,4.015151073699502,0.0253557706115654,0.0021250253212961,1.0163096907635307,1.0,2.905,0.0,0.0,1.3544183795143412,0.807634142491456,0.4455516574727565,1,session_20260531_093520
session_20260531_093520,D:\mpu_wave\session_20260531_093520.log,625079,628047,50,FatiguedSquat,0.0001649421453475,0.0002264413397792,0.1980625873933236,0.2447741436958313,2.4069769049136066e-08,0.0,0.0,0.0,0.0,0.0,0.0,3.972504716402778,4.015151073699502,0.0231524835755864,0.0019980736594845,1.016051976452308,1.0,2.968,0.0,0.0,1.3728448023833604,0.8091646592798686,0.4604391350416869,1,session_20260531_093520
session_20260531_093520,D:\mpu_wave\session_20260531_093520.log,626110,629018,49,FatiguedSquat,0.0001786585000096,0.0002474982833729,0.1999761159734508,0.2597694590140362,2.933654064685865e-08,0.0,0.0,0.0,0.0,0.0,0.0,3.969999380367024,4.027902217111731,0.0275814957090729,0.0020627921396878,1.0162741493860776,1.0,2.908,0.0,0.0,1.3853071533256216,0.7698215023530691,0.4712288495202255,1,session_20260531_093520
session_20260531_093520,D:\mpu_wave\session_20260531_093520.log,627076,630047,50,FatiguedSquat,0.0001741785208384,0.000242460171963,0.1962569917231643,0.2587421927054723,2.8448777866897346e-08,0.0,0.0,0.0,0.0,0.0,0.0,3.9673736023790607,4.027902217111731,0.0269080494167884,0.0020848019339004,1.0164786446679372,1.0,2.971,0.0,0.0,1.3920130839490772,0.7585040109328467,0.4758360312740142,1,session_20260531_093520
session_20260531_093520,D:\mpu_wave\session_20260531_093520.log,628107,631018,49,FatiguedSquat,0.0001988437224407,0.0002658622299801,0.2147256615983328,0.289417038012524,3.1143899375910775e-08,0.0,0.0,0.0,0.0,0.0,0.0,3.9666921997993945,4.027902217111731,0.0295126650734862,0.0018977055945192,1.0165220920307716,1.0,2.911,0.0,0.0,1.3370343789704509,0.7419247406129427,0.4344686845056817,1,session_20260531_093520
session_20260531_093520,D:\mpu_wave\session_20260531_093520.log,629078,632049,50,FatiguedSquat,0.0001915761788686,0.0002551135552861,0.2175449190705083,0.2845864137093226,2.8381493780848254e-08,0.0,0.46421875,0.0,0.0,0.0,0.0,3.967732403044584,4.0161668512872994,0.0243867206946297,0.0017611561147987,1.016353056449471,1.0,2.971,0.0,1819.648234022879,1.3316489823724096,0.7644248208148283,0.4294830065768298,1,session_20260531_093520
session_20260531_093520,D:\mpu_wave\session_20260531_093520.log,630107,633019,49,FatiguedSquat,0.000225361909996,0.0003031065578867,0.246649293800195,0.3281269409542993,4.1085594956866774e-08,0.0,2.321428571428572,0.0,0.0,0.0,0.0,3.969126225301245,4.067420275516979,0.029115118577212,0.0020796753527122,1.0163508828965575,1.0,2.912,0.0,7658.761753133097,1.3449709088865158,0.7516886371206536,0.4423819190881355,1,session_20260531_093520
session_20260531_093520,D:\mpu_wave\session_20260531_093520.log,631079,634050,50,FatiguedSquat,0.000242908501625,0.0003241088081332,0.2766753585341541,0.3608405791640282,4.6041979347840406e-08,0.0,3.017421875,0.0,0.0,0.0,0.0,3.970009608526584,4.067420275516979,0.0328029901002708,0.0023042174317838,1.0160046852829812,1.0,2.971,0.0,9309.875231419152,1.3342780169774866,0.7667523381333251,0.4341677554413678,1,session_20260531_093520
session_20260531_093520,D:\mpu_wave\session_20260531_093520.log,632110,635021,49,FatiguedSquat,0.0002305644791142,0.0003120764624973,0.2487312959306746,0.3355865993507865,4.4231739415615954e-08,0.0,2.5526945153061225,0.0,0.0,0.0,0.0,3.971595892599025,4.069919471917817,0.042894560802482,0.0022500492939876,1.0170144333813902,1.0,2.911,0.0,8179.682361163967,1.3535263982110772,0.741183633883705,0.4495473817790161,1,session_20260531_093520
session_20260531_093520,D:\mpu_wave\session_20260531_093520.log,633080,636053,50,FatiguedSquat,0.0001947168350219,0.0002605345334169,0.218041820135666,0.2894465752601624,2.9963597261816465e-08,0.0,0.696796875,0.0,0.0,0.0,0.0,3.970042073512451,4.069919471917817,0.0404235793658051,0.0020106982477879,1.0168884267941294,1.0,2.973,0.0,2674.4792384417747,1.338010631576484,0.7533059224707642,0.4350226706145834,1,session_20260531_093520
session_20260531_093520,D:\mpu_wave\session_20260531_093520.log,634111,637025,49,FatiguedSquat,0.0001504888745392,0.0001969616704061,0.1638410710730925,0.2192622902036524,1.6146998249090825e-08,0.0,0.0,0.0,0.0,0.0,0.0,3.977473157234853,4.069919471917817,0.0389219477334915,0.0020967131400811,1.0169477065857009,1.0,2.914,0.0,0.0,1.3088034727199718,0.7472377953075195,0.4057656677951821,1,session_20260531_093520
session_20260531_093520,D:\mpu_wave\session_20260531_093520.log,635082,637995,49,FatiguedSquat,0.0001181911449043,0.000158189245162,0.1341369491000185,0.1721454025531301,1.1054690551137716e-08,0.0,0.0,0.0,0.0,0.0,0.0,3.977272290389118,4.04943665009688,0.0311796561676958,0.0021397571794354,1.0168016660022745,1.0,2.913,0.0,0.0,1.338407432152873,0.7792072650874996,0.4247909495476066,1,session_20260531_093520
session_20260531_093520,D:\mpu_wave\session_20260531_093520.log,636113,639025,49,FatiguedSquat,8.31292437858322e-05,0.0001093891658583,0.0977886221167586,0.1210361789521716,5.0555184347852206e-09,0.0,0.0,0.0,0.0,0.0,0.0,3.97605269145992,4.04943665009688,0.0334877743321846,0.0023356144437758,1.0168016660022745,1.0,2.912,0.0,0.0,1.3158768803828658,0.8079288536320344,0.3899060995685184,1,session_20260531_093520
session_20260531_095213,D:\mpu_wave\session_20260531_095213.log,1408026,1410940,49,FreshSquat,5.127111259771853e-05,6.60886377961883e-05,0.0856455401180717,0.0747020110548759,1.7389810587478375e-09,0.0,0.0,0.0,0.0,0.0,0.0,3.993421658234208,4.11192543381625,0.0420640064258856,0.0023897939815902,1.0109198667471246,1.0,2.914,0.0,0.0,1.288978246609816,1.1464957604509602,0.3239708724700191,0,session_20260531_095213
session_20260531_095213,D:\mpu_wave\session_20260531_095213.log,1408997,1411970,50,FreshSquat,5.790981451670328e-05,7.611934692859212e-05,0.0881194093011785,0.0860829392790794,2.440608359476389e-09,0.0,0.0,0.0,0.0,0.0,0.0,3.998908951834338,4.11192543381625,0.0436300729033515,0.0020361884604113,1.0107739872004682,1.0,2.973,0.0,0.0,1.3144236972636074,1.023657056967349,0.3592217675042193,0,session_20260531_095213
session_20260531_095213,D:\mpu_wave\session_20260531_095213.log,1410029,1412941,49,FreshSquat,8.181044844543041e-05,0.000113203751344,0.1066427637530224,0.1191160129365466,6.1221398435337845e-09,0.0,0.0,0.0,0.0,0.0,0.0,3.998207539643611,4.11192543381625,0.0395057621155689,0.0017978938195262,1.0107747243168457,1.0,2.912,0.0,0.0,1.3837152806261102,0.8952848590940194,0.4431487703369668,0,session_20260531_095213
session_20260531_095213,D:\mpu_wave\session_20260531_095213.log,1411001,1413972,50,FreshSquat,0.000108156466484,0.0001521259191516,0.1313319317161726,0.1606664309620857,1.1444474035405711e-08,0.0,0.0,0.0,0.0,0.0,0.0,4.001533626027941,4.056144061082089,0.0291590933894222,0.0019753162748365,1.0110952820142178,1.0,2.971,0.0,0.0,1.406522583200734,0.8174198562345901,0.4740425010858352,0,session_20260531_095213
session_20260531_095213,D:\mpu_wave\session_20260531_095213.log,1412031,1414949,49,FreshSquat,0.0001621666895288,0.0002309735604324,0.1831975648335504,0.236601200022665,2.705075042607009e-08,0.0,0.0,0.2000000000000001,0.0835489366957499,0.2000000000000001,0.0,4.222093752037499,7.554278850769879,0.8096084905674084,0.0025997478852853,1.0111859660392513,1.0,2.918,0.0,0.0,1.424288408519668,0.7742883976992204,0.4977250203120744,0,session_20260531_095213
session_20260531_095213,D:\mpu_wave\session_20260531_095213.log,1413002,1415930,49,FreshSquat,0.0002032730692908,0.0002785761989852,0.2208699605370662,0.2975917734418596,3.6284757942146445e-08,0.0,0.0,2.2,0.5142776157444635,1.3199999999999987,1.0,9.930849995346945,60.12335376513911,12.71827256700776,0.0103955064885599,1.0122024749491376,1.0,2.928,0.0,0.0,1.3704463139694945,0.7421910802182387,0.461610547072073,0,session_20260531_095213
session_20260531_095213,D:\mpu_wave\session_20260531_095213.log,1414032,1416960,49,FreshSquat,0.0002341136478242,0.0003069566129284,0.2465104412523154,0.3427423804146903,3.941316212294242e-08,0.0,0.0,4.5,1.7975989353935748,4.2,1.0,10.711721457958138,60.12335376513911,12.760939041349465,0.0109858130636012,1.0098100427417167,1.0,2.928,0.0,0.0,1.311138007729052,0.7192295281220502,0.4139065782853564,0,session_20260531_095213
session_20260531_095213,D:\mpu_wave\session_20260531_095213.log,1415010,1417930,49,FreshSquat,0.0002251627169498,0.0002914094292409,0.2406098393229197,0.328737566746822,3.4221206346287085e-08,0.0,0.0,4.5,1.6665886417943494,4.5,0.0,10.47982063887226,60.12335376513911,12.852895075883549,0.0113996990888178,1.005996909506982,1.0,2.92,0.0,0.0,1.29421131072295,0.7319207262256864,0.3982940320890127,0,session_20260531_095213
session_20260531_095213,D:\mpu_wave\session_20260531_095213.log,1415990,1418961,50,FreshSquat,0.000196116956075,0.0002593575955806,0.2202540649911233,0.2913317382494608,2.880450192525385e-08,0.0,0.0,2.0,0.4108527716834828,2.0,0.0,4.750601267821166,21.8758595525681,3.1902989689729977,0.0023565923071425,1.0052491566849984,1.0,2.971,0.0,0.0,1.3224571618595182,0.7560249547768109,0.4219428268733769,0,session_20260531_095213
session_20260531_095213,D:\mpu_wave\session_20260531_095213.log,1417020,1419929,49,FreshSquat,0.0001751260124907,0.0002329663273043,0.2053794587515833,0.2547207851677525,2.3604189406780017e-08,0.0,0.0,0.0999999999999999,0.0327803640902224,0.0999999999999999,0.0,4.176507677109751,13.6606268718199,1.3698544476137653,0.0018946381950775,1.0051882013798663,1.0,2.909,0.0,0.0,1.3302706646508904,0.8062924971357686,0.4270449798097147,0,session_20260531_095213
session_20260531_095213,D:\mpu_wave\session_20260531_095213.log,1417991,1420960,50,FreshSquat,0.0001521381537119,0.0002018687074191,0.1896900855536107,0.2258490891853968,1.7604957220179872e-08,0.0,0.0,0.0999999999999999,0.0498397431775084,0.0999999999999999,0.0,4.173834600664622,13.6606268718199,1.3561815004708149,0.00185225366134,1.0053002844481775,1.0,2.969,0.0,0.0,1.3268688729615803,0.839897497031741,0.4216657744015636,0,session_20260531_095213
session_20260531_095213,D:\mpu_wave\session_20260531_095213.log,1419022,1421939,49,FreshSquat,0.0004308751651218,0.0022236289614721,0.3961483205461615,0.6284314283302851,4.758872350378803e-06,0.9301658163265304,2.790497448979592,0.0999999999999999,0.0403028931798601,0.0999999999999999,0.0,4.176508461824706,13.6606268718199,1.3697769593132387,0.0020234882700003,1.0059063131991348,1.0,2.917,2158.777606237246,1254.928876355027,5.160714705217126,0.6303763657529573,0.9622581264275788,0,session_20260531_095213
session_20260531_095213,D:\mpu_wave\session_20260531_095213.log,1419990,1422970,50,FreshSquat,0.0004251665671666,0.0022014150198208,0.3953217882743726,0.633498185078303,4.665461479656473e-06,0.93125,2.79375,0.0,0.0,0.0,0.0,3.995645109788103,4.406570785964932,0.0700664846415819,0.0019656045709441,1.0063552453895277,1.0,2.98,2190.312883473053,1269.0695329033626,5.177758582319086,0.6240298661652509,0.962500916713558,0,session_20260531_095213
session_20260531_095213,D:\mpu_wave\session_20260531_095213.log,1421021,1423938,49,FreshSquat,0.0004421928626339,0.002224968429868,0.4013381106760764,0.6449382901516091,4.754949986145115e-06,0.9301658163265304,2.790497448979592,0.0,0.0,0.0,0.0,3.9964880849701694,4.406570785964932,0.0757861071751213,0.0020409102797609,1.005986363070623,1.0,2.917,2103.52493538911,1254.173388415981,5.031658324280991,0.6222891649981622,0.9603079587117144,0,session_20260531_095213
session_20260531_095213,D:\mpu_wave\session_20260531_095213.log,1421999,1424969,50,FreshSquat,0.0001557980855305,0.0002037380950058,0.1771608355147764,0.2313601570129394,1.7236167901593006e-08,0.0,0.0,0.0,0.0,0.0,0.0,4.001272365195344,4.406570785964932,0.0752254134068372,0.0021397863921796,1.005983756065933,1.0,2.97,0.0,0.0,1.307697630650001,0.7657361450490893,0.4054690113398167,0,session_20260531_095213
session_20260531_095213,D:\mpu_wave\session_20260531_095213.log,1423031,1425939,49,FreshSquat,0.0001610892808356,0.0002112428764931,0.1846125425494016,0.2342238143349991,1.867379646894251e-08,0.0,0.0,0.0,0.0,0.0,0.0,3.980541056004277,4.137298947976922,0.0448450343896777,0.0019679857345932,1.005981149061243,1.0,2.908,0.0,0.0,1.311332225614874,0.7881886062070977,0.4093016719352762,0,session_20260531_095213
session_20260531_095213,D:\mpu_wave\session_20260531_095213.log,1423999,1426968,50,FreshSquat,0.0001665355523427,0.0002224343399558,0.1884851019792879,0.2472220274527867,2.1742945397516252e-08,0.0,0.0,0.0,0.0,0.0,0.0,3.982662036222253,4.1396363097351685,0.0451194046245947,0.0020060337281701,1.0061010161109074,1.0,2.969,0.0,0.0,1.3356487619494244,0.7624122460239577,0.4307492534511662,0,session_20260531_095213
session_20260531_095213,D:\mpu_wave\session_20260531_095213.log,1425030,1427939,49,FreshSquat,0.0001712383137268,0.0002273227512092,0.1963941807087929,0.2490661273156704,2.2353073129313306e-08,0.0,0.0,0.0,0.0,0.0,0.0,3.988505262887773,4.179596704394609,0.0552436707344388,0.001689673319215,1.0054922452373412,1.0,2.909,0.0,0.0,1.3275149629006486,0.7885222371942913,0.4243531926249958,0,session_20260531_095213
session_20260531_095213,D:\mpu_wave\session_20260531_095213.log,1426000,1428971,50,FreshSquat,0.0001958265463511,0.0008930342248285,0.2142344797676894,0.2909003346045812,7.591620904593364e-07,0.232109375,0.9284375,0.0,0.0,0.0,0.0,3.989414623607904,4.179596704394609,0.0591503368847391,0.0020963817183001,1.005179417568059,1.0,2.971,1185.2743872092055,1039.6426413955164,4.560309524725211,0.7364531887611738,0.9507231844163672,0,session_20260531_095213
session_20260531_095213,D:\mpu_wave\session_20260531_095213.log,1427029,1429944,49,FreshSquat,0.0003449552561961,0.0018752797106758,0.3251446392518615,0.5027722859058251,3.3976798644953185e-06,1.045719068877551,4.182876275510204,0.0,0.0,0.0,0.0,3.984412455950059,4.179596704394609,0.0532326806939673,0.0020108485252565,1.0055200319172697,1.0,2.915,3031.454133949852,2230.533408517072,5.4362826503131965,0.6467035827548799,0.9658882178943234,0,session_20260531_095213
session_20260531_095213,D:\mpu_wave\session_20260531_095213.log,1428000,1430975,50,FreshSquat,0.0003334836403528,0.0018558151874618,0.3223497440960879,0.4960569150249164,3.332838671631075e-06,1.0458984375,4.18359375,0.0,0.0,0.0,0.0,3.9853470062021055,4.125479278653187,0.0496098467898955,0.0019471447422148,1.005764046044406,1.0,2.975,3136.271692733005,2254.314720533704,5.56491952822199,0.6498241102637838,0.9674282410830506,0,session_20260531_095213
session_20260531_095213,D:\mpu_wave\session_20260531_095213.log,1429031,1431945,49,FreshSquat,0.0003004488571971,0.0016575114256506,0.2897551390662041,0.4377539849362405,2.6570746103715247e-06,0.8130580357142857,3.252232142857143,0.0,0.0,0.0,0.0,3.985028183129572,4.125479278653187,0.0446790747485814,0.0015695124805317,1.0057100425902508,1.0,2.914,2706.1355372213875,1962.116297004776,5.516765563190432,0.6619131941117433,0.9667910888879456,0,session_20260531_095213
session_20260531_095213,D:\mpu_wave\session_20260531_095213.log,1430005,1432916,49,FreshSquat,0.0001409334958005,0.0001876923200041,0.1584647543657552,0.2051287031376442,1.5366156749984922e-08,0.0,0.0,0.0,0.0,0.0,0.0,3.994068370144104,4.131160607735033,0.0511397172695793,0.0018906850250247,1.0055794409679222,1.0,2.911,0.0,0.0,1.3317699044371374,0.7725137982611303,0.4241466304286199,0,session_20260531_095213
session_20260531_095213,D:\mpu_wave\session_20260531_095213.log,1431036,1433946,49,FreshSquat,0.0001534816764649,0.0002049326735604,0.1769016195844136,0.2233158392565591,1.8440775682138043e-08,0.0,0.0,0.0,0.0,0.0,0.0,3.982343475930795,4.131160607735033,0.0456359030731949,0.0021221156612447,1.0055794409679222,1.0,2.91,0.0,0.0,1.3352169657219646,0.7921588517015993,0.4288811738634682,0,session_20260531_095213
session_20260531_095213,D:\mpu_wave\session_20260531_095213.log,1432006,1434917,49,FreshSquat,0.0001436584174227,0.0001908075091817,0.1665009755990309,0.2090948265588202,1.5769764663716795e-08,0.0,0.0,0.0,0.0,0.0,0.0,3.98738237476484,4.131160607735033,0.0428406966350909,0.002120798112735,1.00566811085692,1.0,2.911,0.0,0.0,1.3281935330435506,0.7962940907861183,0.4215668601149864,0,session_20260531_095213
session_20260531_095213,D:\mpu_wave\session_20260531_095213.log,1432977,1435948,50,FreshSquat,0.0001370743513107,0.0001830721063569,0.1680429857707427,0.2036239488720894,1.4726018338717168e-08,0.0,0.0,0.0,0.0,0.0,0.0,3.9822316093129935,4.063571805066228,0.0312966145585701,0.0018221306700355,1.005592078179511,1.0,2.971,0.0,0.0,1.3355581773557774,0.8252613991443657,0.4266507121914526,0,session_20260531_095213
session_20260531_095213,D:\mpu_wave\session_20260531_095213.log,1434006,1436915,49,FreshSquat,0.0001329324115701,0.0001745805557475,0.1540013846453456,0.1933501926287501,1.2807344399261145e-08,0.0,0.0,0.0,0.0,0.0,0.0,3.985924772680636,4.074255408705383,0.0305935005262323,0.0015551955442974,1.0053749695787018,1.0,2.909,0.0,0.0,1.3132932773294268,0.7964894255086303,0.4068617345231843,0,session_20260531_095213
session_20260531_095213,D:\mpu_wave\session_20260531_095213.log,1434977,1437945,50,FreshSquat,0.0001320960362752,0.0001738020010699,0.1519974441154549,0.1960305178324382,1.2757772776297862e-08,0.0,0.0,0.0,0.0,0.0,0.0,3.987953700351974,4.074255408705383,0.0290298188893803,0.0017138092297089,1.0052953452980444,1.0,2.968,0.0,0.0,1.3157146138225528,0.7753764312860817,0.4088094770908832,0,session_20260531_095213
session_20260531_095213,D:\mpu_wave\session_20260531_095213.log,1436009,1438915,49,FreshSquat,0.0001287827199819,0.0001700754673109,0.1453299399211901,0.1871212921337205,1.2340675615096629e-08,0.0,0.0,0.0,0.0,0.0,0.0,3.983965682417636,4.074255408705383,0.0297543746475012,0.0016207809235344,1.0058739300017356,1.0,2.906,0.0,0.0,1.320628627087579,0.7766616908602405,0.4123776627141876,0,session_20260531_095213
session_20260531_095213,D:\mpu_wave\session_20260531_095213.log,1436976,1439946,50,FreshSquat,0.0001118923664093,0.0001471377223223,0.1273200122234411,0.1661601641178131,9.129607669521594e-09,0.0,0.0,0.0,0.0,0.0,0.0,3.98302813690178,4.087905643975526,0.0315203545996561,0.0019500068715403,1.005988474545657,1.0,2.97,0.0,0.0,1.3149816387155455,0.7662487102920668,0.4030819183067478,0,session_20260531_095213
session_20260531_095213,D:\mpu_wave\session_20260531_095213.log,1438006,1440917,49,FreshSquat,0.0001130425443454,0.0001473687271425,0.1275820115347215,0.1645334232948264,8.938924907523587e-09,0.0,0.0,0.0,0.0,0.0,0.0,3.9962203812436994,4.232629969583189,0.0588968262616746,0.0017669309496818,1.0060669101571742,1.0,2.911,0.0,0.0,1.3036456703109118,0.7754169833972948,0.3934811701890142,0,session_20260531_095213
session_20260531_095213,D:\mpu_wave\session_20260531_095213.log,1438976,1441949,50,FreshSquat,0.0001217759132385,0.0001607375679188,0.1438487096035853,0.1810198950290679,1.100719269538874e-08,0.0,0.0,0.0,0.0,0.0,0.0,4.004317119228876,4.313915995893511,0.0779715959289344,0.001874988830409,1.0057284403233586,1.0,2.973,0.0,0.0,1.3199346546418695,0.794656901031952,0.410156530527731,0,session_20260531_095213
session_20260531_095213,D:\mpu_wave\session_20260531_095213.log,1440007,1442920,49,FreshSquat,0.0001243523918852,0.0001626767552507,0.1451537870284531,0.1811192587808686,1.1000209331343688e-08,0.0,0.0,0.0,0.0,0.0,0.0,4.010068679271701,4.313915995893511,0.0827828960937357,0.0017592551835216,1.005652589745497,1.0,2.913,0.0,0.0,1.3081810860527734,0.8014265694552352,0.4005359306089195,0,session_20260531_095213
session_20260531_095213,D:\mpu_wave\session_20260531_095213.log,1440978,1443952,50,FreshSquat,0.0001380378961563,0.0001806126540766,0.1686584110181778,0.2052623515844345,1.356647003736769e-08,0.0,0.0,0.2,0.0412310562561766,0.0549999999999997,0.0,4.607534503229626,34.582955753131344,4.282864339376192,0.0022235840085223,1.0052428724076692,1.0,2.974,0.0,0.0,1.3084185624910794,0.821672405556203,0.4035126247091305,0,session_20260531_095213
session_20260531_095213,D:\mpu_wave\session_20260531_095213.log,1442009,1444919,49,FreshSquat,0.0001415330374321,0.0001828143069501,0.168195181596568,0.2059305694638466,1.33894701408945e-08,0.0,0.0,0.2,0.095896654077312,0.2,0.0,4.606392236290887,34.582955753131344,4.327143719787837,0.0022445480457599,1.0047287966604483,1.0,2.91,0.0,0.0,1.2916631947122144,0.8167567409623456,0.3889905171371348,0,session_20260531_095213
session_20260531_095213,D:\mpu_wave\session_20260531_095213.log,1442981,1445948,50,FreshSquat,0.0001647344350814,0.0002092490307063,0.1988733486192301,0.2443835344433784,1.6647722749946804e-08,0.0,0.0,0.2,0.0896437393240598,0.2,0.0,4.59002441729233,34.582955753131344,4.284986584671814,0.0023512991074398,1.004613219993019,1.0,2.967,0.0,0.0,1.2702126327762209,0.8137755608552744,0.3717241139765315,0,session_20260531_095213
session_20260531_095213,D:\mpu_wave\session_20260531_095213.log,1444013,1446916,49,FreshSquat,0.00017204686087,0.0002186499566281,0.2037167273519947,0.2497260185528774,1.8207681198232895e-08,0.0,0.0,0.0,0.0,0.0,0.0,3.977011023980814,4.08906010757612,0.0488546268952993,0.0019847560332022,1.0044976433255894,1.0,2.903,0.0,0.0,1.2708670454976017,0.8157609195739387,0.3730485676485423,0,session_20260531_095213
session_20260531_095213,D:\mpu_wave\session_20260531_095213.log,1444981,1447945,50,FreshSquat,0.0001666480620702,0.0002126576149393,0.2012361713334918,0.2469724279880523,1.7451684599943558e-08,0.0,0.0,0.0,0.0,0.0,0.0,3.983770171830473,4.08906010757612,0.0428027980633969,0.0020528919588227,1.004939764311962,1.0,2.964,0.0,0.0,1.276080478927467,0.8148122936557703,0.3775519976309481,0,session_20260531_095213
session_20260531_095213,D:\mpu_wave\session_20260531_095213.log,1446009,1448974,50,FreshSquat,0.0001529382228851,0.0001976672326973,0.1806281676266807,0.2267309154272079,1.5682234862966242e-08,0.0,0.0,0.0,0.0,0.0,0.0,3.991726149074645,4.152236730693871,0.0481737224305847,0.0020052033023441,1.00493417036514,1.0,2.965,0.0,0.0,1.292456107520649,0.7966631568071639,0.3913481684822184,0,session_20260531_095213
session_20260531_095213,D:\mpu_wave\session_20260531_095213.log,1446977,1449942,50,FreshSquat,0.0001549393574396,0.0002016631330103,0.1806704289897655,0.229697597404321,1.6661814731717e-08,0.0,0.0,0.0,0.0,0.0,0.0,3.9912564072475134,4.152236730693871,0.0395905830662022,0.0019889999417428,1.0053269838249892,1.0,2.965,0.0,0.0,1.301553296653721,0.7865577622267679,0.3998705732933958,0,session_20260531_095213
session_20260531_095213,D:\mpu_wave\session_20260531_095213.log,1448006,1450969,50,FreshSquat,0.0001596426486968,0.0002082440711769,0.1837937565058625,0.2365105840444565,1.7879817897368926e-08,0.0,0.0,0.0,0.0,0.0,0.0,3.9960855511384863,4.152236730693871,0.0419110379198359,0.0019218889613083,1.0060650436705922,1.0,2.963,0.0,0.0,1.3044306671559205,0.7771058385032327,0.4030109058768523,0,session_20260531_095213
session_20260531_095213,D:\mpu_wave\session_20260531_095213.log,1449035,1451943,49,FreshSquat,0.0003072106270563,0.0014439614525891,0.2950703255768206,0.4466842517398653,1.990646307186932e-06,0.0,2.0864158163265305,0.0,0.0,0.0,0.0,3.990619596534445,4.089986293313732,0.0336831281293042,0.0019475566555755,1.0060421379490077,1.0,2.908,0.0,1444.923870828816,4.700217457344065,0.6605791983194451,0.954277449136669,0,session_20260531_095213
session_20260531_095213,D:\mpu_wave\session_20260531_095213.log,1450003,1452974,50,FreshSquat,0.0003013664404551,0.0014294164547579,0.2981591841606889,0.4476798472960789,1.9524096697003e-06,0.0,2.088984375,0.0,0.0,0.0,0.0,3.99022857385424,4.089986293313732,0.0310462878648582,0.0019810007373224,1.0053448057285854,1.0,2.971,0.0,1461.4235806667723,4.7431018181636055,0.666009840057615,0.955082515911994,0,session_20260531_095213
session_20260531_095213,D:\mpu_wave\session_20260531_095213.log,1451030,1453943,49,FreshSquat,0.0003014124412925,0.0014433373694721,0.2931576436492424,0.4390072207426538,1.992373302348767e-06,0.0,2.09000318877551,0.0,0.0,0.0,0.0,3.999350146777022,4.333948877433863,0.0584547304077699,0.001855889481591,1.0039360620844229,1.0,2.913,0.0,1448.034108273506,4.788563387493575,0.6677740800835654,0.9559310734747164,0,session_20260531_095213
session_20260531_095213,D:\mpu_wave\session_20260531_095213.log,1452003,1454975,50,FreshSquat,0.0001579386552174,0.0002074190381904,0.190526065277867,0.234696841653188,1.8078038591929858e-08,0.0,0.0,0.6000000000000001,0.1298614646459834,0.4,0.0,4.966645412746138,41.05198516143046,5.296363802718819,0.0033691840720763,1.004736812770728,1.0,2.972,0.0,0.0,1.3132803025611002,0.8117964567568031,0.4106530513615364,0,session_20260531_095213
session_20260531_095213,D:\mpu_wave\session_20260531_095213.log,1453034,1455948,49,FreshSquat,0.0001551694205018,0.0001979603497847,0.1788542516211199,0.2260818456711412,1.5110751028024703e-08,0.0,0.0,3.1,1.078964749785012,2.6,0.0,14.092845168736892,225.10399580464733,37.82507822813161,0.0198584927718205,1.004401778592309,1.0,2.914,0.0,0.0,1.2757608643743958,0.7911039928883873,0.3759987607177463,0,session_20260531_095213
session_20260531_095213,D:\mpu_wave\session_20260531_095213.log,1454003,1456926,49,FreshSquat,0.0001422277599775,0.000182292820464,0.1639600693335167,0.2078658712072437,1.3001936684510445e-08,0.0,0.0,3.1,1.187516632207775,2.6,0.0,14.082736345028708,225.10399580464733,37.82782163422719,0.0198627208462616,1.0033928786804809,1.0,2.923,0.0,0.0,1.281687476518921,0.7887782039085638,0.3798329327373436,0,session_20260531_095213
session_20260531_095213,D:\mpu_wave\session_20260531_095213.log,1455036,1457960,49,FreshSquat,0.0001423798531902,0.0001836362928149,0.1627187955490358,0.208159345364084,1.3450265444350081e-08,0.0,0.0,2.7,0.5419894861360773,1.9,2.0,13.077057309284136,225.10399580464733,37.69170636738574,0.0195532406837514,1.001963431322062,1.0,2.924,0.0,0.0,1.2897541256451166,0.7817030481275157,0.3873669105363776,0,session_20260531_095213
session_20260531_095213,D:\mpu_wave\session_20260531_095213.log,1456010,1458930,49,FreshSquat,0.0001418058239683,0.0001859731041868,0.1649232576550523,0.2070365029938367,1.4477103769543456e-08,0.0,0.0,0.0,0.0,0.0,0.0,4.024111603122422,4.488718384945847,0.2452166717005421,0.0018386188149228,1.0021003852881756,1.0,2.92,0.0,0.0,1.3114538425056466,0.7965902363766824,0.4068202553815238,0,session_20260531_095213
session_20260531_095213,D:\mpu_wave\session_20260531_095213.log,1456986,1459973,50,FreshSquat,0.0001439537922541,0.0001885560127748,0.1686518235646188,0.2149949887315432,1.4830675649193945e-08,0.0,0.0,0.0,0.0,0.0,0.0,4.043157274645811,4.488718384945847,0.2385884978131854,0.0021564044836819,1.002603212160627,1.0,2.987,0.0,0.0,1.3098279662823331,0.7844453667278874,0.4057266311709245,0,session_20260531_095213
session_20260531_095213,D:\mpu_wave\session_20260531_095213.log,1458021,1460946,49,FreshSquat,0.0001480720643283,0.0001973826676214,0.1708375710616249,0.2165553940802204,1.7034581242885214e-08,0.0,0.0,0.0,0.0,0.0,0.0,4.142773332760346,5.893342360600106,0.418088812141476,0.0022837594913223,1.0029963143419796,1.0,2.925,0.0,0.0,1.3330085962407976,0.7888862385457549,0.4262917022424393,0,session_20260531_095213
session_20260531_095213,D:\mpu_wave\session_20260531_095213.log,1458991,1461924,49,FreshSquat,0.000141379962973,0.0001871367718949,0.1618822992963361,0.2073337156999679,1.503187746499738e-08,0.0,0.0,0.0,0.0,0.0,0.0,4.433658620104154,10.548726224695578,1.1620660855284115,0.0024770656857032,1.0035023303430144,1.0,2.933,0.0,0.0,1.32363486539991,0.7807813503415637,0.4173183214496572,0,session_20260531_095213
session_20260531_095213,D:\mpu_wave\session_20260531_095213.log,1460035,1462961,49,FreshSquat,0.0001409285895678,0.0001855838403908,0.1604910732162673,0.2061785265377589,1.4580494456633398e-08,0.0,0.0,0.0,0.0,0.0,0.0,4.416840953921542,10.548726224695578,1.170702360308161,0.0024028312161601,1.002970359445574,1.0,2.926,0.0,0.0,1.3168550405910653,0.7784082810799753,0.4113976921390484,0,session_20260531_095213
session_20260531_095213,D:\mpu_wave\session_20260531_095213.log,1461007,1463940,49,FreshSquat,0.0001306696570649,0.0001671139875699,0.1551285474881574,0.1916270520857401,1.0852525564075424e-08,0.0,0.0,0.0,0.0,0.0,0.0,4.316886816282614,10.548726224695578,1.1397406305954074,0.0022163457164427,1.002970359445574,1.0,2.933,0.0,0.0,1.2788945224859605,0.809533648773213,0.3751683110663431,0,session_20260531_095213
session_20260531_095213,D:\mpu_wave\session_20260531_095213.log,1461984,1464974,50,FreshSquat,0.0001201940457026,0.0001560896498265,0.1464748110376919,0.1796900983254114,9.917370160601603e-09,0.0,0.0,0.0,0.0,0.0,0.0,3.978957306981662,4.381739234104713,0.1983896528618045,0.0018768973383411,1.0028351401549185,1.0,2.99,0.0,0.0,1.2986363033024564,0.8151523739348154,0.3910021470000055,0,session_20260531_095213
session_20260531_095213,D:\mpu_wave\session_20260531_095213.log,1463023,1465945,49,FreshSquat,0.0001279653416198,0.0001653149164051,0.1512866898274467,0.1869573641066648,1.0953892930152494e-08,0.0,0.0,0.0,0.0,0.0,0.0,3.9992149856097416,4.324371896181712,0.1892011336380711,0.0020814658065473,1.0028628704987887,1.0,2.922,0.0,0.0,1.291862487529852,0.8092042254721181,0.3866668284635369,0,session_20260531_095213
session_20260531_095213,D:\mpu_wave\session_20260531_095213.log,1464000,1466918,49,FreshSquat,0.0001383930485264,0.0001808026192405,0.1567100344709799,0.2019154578001321,1.3536951243783762e-08,0.0,0.0,0.0,0.0,0.0,0.0,3.9991828851409417,4.568362688023044,0.2500111765684207,0.00218146159707,1.00284569378364,1.0,2.918,0.0,0.0,1.306433485873039,0.7761170709871243,0.4018141033864258,0,session_20260531_095213
session_20260531_095213,D:\mpu_wave\session_20260531_095213.log,1465035,1467950,49,FreshSquat,0.0001521197062771,0.0001952548483879,0.1700707848317648,0.2217144718989223,1.49840507811431e-08,0.0,0.0,0.0,0.0,0.0,0.0,4.013507047838205,4.568362688023044,0.254358781706732,0.0022184382820118,1.0028156041055378,1.0,2.915,0.0,0.0,1.2835520762846804,0.7670711911950766,0.3829842605471417,0,session_20260531_095213
session_20260531_095213,D:\mpu_wave\session_20260531_095213.log,1466007,1468924,49,FreshSquat,0.0001388758218207,0.0001831139697733,0.154549501016736,0.2025503861255386,1.424423203977322e-08,0.0,0.0,0.0,0.0,0.0,0.0,3.997952753735728,4.568362688023044,0.2456499755905274,0.0022255782736379,1.0026136455665793,1.0,2.917,0.0,0.0,1.3185351405126846,0.7630175543478368,0.4125089078704591,0,session_20260531_095213
session_20260531_095213,D:\mpu_wave\session_20260531_095213.log,1466978,1469958,50,FreshSquat,0.0001643055518468,0.0012189668262864,0.1915088403768216,0.2448152722517649,1.4588838092191998e-06,0.0,1.74609375,0.0,0.0,0.0,0.0,4.021927495637051,4.340243474733172,0.1413980144824989,0.0020989103663204,1.0028065918450109,1.0,2.98,0.0,1432.4362894133208,7.418857085034969,0.7822585487951823,0.9811711018772976,0,session_20260531_095213
session_20260531_095213,D:\mpu_wave\session_20260531_095213.log,1468010,1470940,49,FreshSquat,0.0003271829189897,0.0021143384982424,0.3462359835789698,0.4793229763199682,4.363378622671634e-06,0.0,4.67155612244898,0.0,0.0,0.0,0.0,4.071566231448699,5.347141624043524,0.2363474122127441,0.0020620143223278,1.0026334568385642,1.0,2.93,0.0,2209.4635825193395,6.462232327221405,0.7223438056628834,0.9758357554337342,0,session_20260531_095213
session_20260531_095213,D:\mpu_wave\session_20260531_095213.log,1468985,1471971,50,FreshSquat,0.0003421055396397,0.0020951211899348,0.376857763700746,0.5107635706822077,4.272496600261813e-06,0.0,4.665625,0.0,0.0,0.0,0.0,4.080445769203202,5.347141624043524,0.2923378548544865,0.001933611372476,1.0026935682029243,1.0,2.986,0.0,2226.898756747486,6.124177550481323,0.7378321097950646,0.9731157457157792,0,session_20260531_095213
session_20260531_095213,D:\mpu_wave\session_20260531_095213.log,1470019,1472953,49,FreshSquat,0.000299866978003,0.0017284992193464,0.3175063445790652,0.4399048567304806,2.8977893467846677e-06,0.0,2.923708545918368,0.0,0.0,0.0,0.0,4.075752745733927,5.347141624043524,0.3121940887207883,0.0019746065401749,1.0026934530291538,1.0,2.934,0.0,1691.4713190049797,5.764200735461201,0.7217613968100208,0.9695787754090376,0,session_20260531_095213
session_20260531_095213,D:\mpu_wave\session_20260531_095213.log,1471001,1473922,49,FreshSquat,0.0001260617233458,0.0001673371059423,0.1453496727180591,0.1841131469465437,1.2110148932249749e-08,0.0,0.0,0.0,0.0,0.0,0.0,3.9977203517421698,4.740328943185115,0.2330945473531019,0.0020367269672078,1.0026936833766955,1.0,2.921,0.0,0.0,1.3274114781998996,0.7894584082624051,0.4175667632854304,0,session_20260531_095213
session_20260531_095213,D:\mpu_wave\session_20260531_095213.log,1472033,1474954,49,FreshSquat,0.0001233515204215,0.0001615449518399,0.1406308650937356,0.1801548955756791,1.0881173874673496e-08,0.0,0.0,0.0,0.0,0.0,0.0,3.994785534353032,4.337181289947215,0.1518141910850152,0.0019609673740714,1.0022284964040895,1.0,2.921,0.0,0.0,1.3096201949332529,0.7806108397095922,0.4015671715257808,0,session_20260531_095213
session_20260531_095213,D:\mpu_wave\session_20260531_095213.log,1473014,1475925,49,FreshSquat,0.0001398325371904,0.0001804084644859,0.1593451084403264,0.2035262578806909,1.299407560106378e-08,0.0,0.0,0.0,0.0,0.0,0.0,4.0046992494094,4.928490444772656,0.2204941217868488,0.0020124621662087,1.0026327137371538,1.0,2.911,0.0,0.0,1.2901659223584712,0.782921620613761,0.3873369507980088,0,session_20260531_095213
session_20260531_095213,D:\mpu_wave\session_20260531_095213.log,1473983,1476957,50,FreshSquat,0.0001394735972086,0.0001813326066633,0.1609973361155328,0.2073972390492757,1.3428629921002592e-08,0.0,0.0,0.0,0.0,0.0,0.0,4.029249426220453,4.928490444772656,0.2204221494220644,0.0018926152999287,1.0025860867370615,1.0,2.974,0.0,0.0,1.300112065511627,0.7762752102066612,0.3963409021848312,0,session_20260531_095213
session_20260531_095213,D:\mpu_wave\session_20260531_095213.log,1475015,1477931,49,FreshSquat,0.0001327459747288,0.0001724717168871,0.1501781685893632,0.1935436311546637,1.2124999319278896e-08,0.0,0.0,0.0,0.0,0.0,0.0,3.997849721503712,4.928490444772656,0.2786452162507017,0.0019305641956932,1.003251177437037,1.0,2.916,0.0,0.0,1.299251581735956,0.7759396003757623,0.3943538949171757,0,session_20260531_095213
session_20260531_095213,D:\mpu_wave\session_20260531_095213.log,1475985,1478970,50,FreshSquat,0.0001234299023946,0.0001601853020689,0.141444273751229,0.1842191293239593,1.042439019378738e-08,0.0,0.0,0.0,0.0,0.0,0.0,4.008661535606333,4.519619062605622,0.2479691587118553,0.0017356789092521,1.002741203823117,1.0,2.985,0.0,0.0,1.297773077578776,0.7678044810139509,0.3910221976014848,0,session_20260531_095213
session_20260531_095213,D:\mpu_wave\session_20260531_095213.log,1477017,1479946,49,FreshSquat,0.000109464919486,0.0001444815454496,0.122392048147716,0.1603113745872666,8.89234837745249e-09,0.0,0.0,0.0,0.0,0.0,0.0,3.990689833889765,4.519619062605622,0.2588207921797816,0.0019279026148115,1.0029392780562283,1.0,2.929,0.0,0.0,1.3198769637901249,0.7634645245813583,0.4065088972634271,0,session_20260531_095213
session_20260531_095213,D:\mpu_wave\session_20260531_095213.log,1477993,1480926,49,FreshSquat,0.0003020728202093,0.0017653512098747,0.2748490698392768,0.4429897908369699,3.0252169054971326e-06,0.9352678571428572,0.9352678571428572,0.0,0.0,0.0,0.0,3.985946327194911,4.564285492493834,0.3107607750992238,0.0019354793163468,1.0025180837493728,1.0,2.933,3096.1566166004222,529.7910818652999,5.844105287414454,0.6204410912033553,0.9704092934997756,0,session_20260531_095213
session_20260531_095213,D:\mpu_wave\session_20260531_095213.log,1479030,1481958,49,FreshSquat,0.0003082527108743,0.0017662908454876,0.2852056193633043,0.4512819687201052,3.024763617092168e-06,0.933673469387755,0.933673469387755,0.0,0.0,0.0,0.0,3.999503307421376,4.620711008403411,0.3318619755368215,0.0020783623384422,1.0025938339031233,1.0,2.928,3028.9123421719983,528.6065673535197,5.729990534347304,0.6319898389474655,0.9692321693093028,0,session_20260531_095213
session_20260531_095213,D:\mpu_wave\session_20260531_095213.log,1480008,1482927,49,FreshSquat,0.0003111630880913,0.0017666362556363,0.2881566639959679,0.4541425270693642,3.0241811923381323e-06,0.9308035714285714,0.9308035714285714,0.0,0.0,0.0,0.0,3.981274185243218,4.620711008403411,0.3330061602145516,0.0017415919315434,1.002517340562444,1.0,2.919,2991.3592443715124,526.8787174384089,5.677506895067922,0.6345071121635976,0.9686667672263192,0,session_20260531_095213
session_20260531_095213,D:\mpu_wave\session_20260531_095213.log,1480986,1483965,50,FreshSquat,0.000127566798528,0.0001729317678105,0.1514809247732162,0.1900107464075088,1.3632108231391333e-08,0.0,0.0,0.0,0.0,0.0,0.0,4.028864622294323,4.620711008403411,0.2412860776010543,0.0023506336670821,1.00262027007369,1.0,2.979,0.0,0.0,1.3556067425005378,0.7972229299658553,0.441091519781442,0,session_20260531_095213
session_20260531_095213,D:\mpu_wave\session_20260531_095213.log,1482018,1484942,49,FreshSquat,0.0001245721911086,0.000168424999216,0.1451312184176046,0.1821245434008488,1.2848749563310018e-08,0.0,0.0,0.0,0.0,0.0,0.0,3.9947942613619967,4.394507381113593,0.1972013330974661,0.0023880978908024,1.0026648746623057,1.0,2.924,0.0,0.0,1.352016414744753,0.7968789648592156,0.4375236883533399,0,session_20260531_095213
session_20260531_095213,D:\mpu_wave\session_20260531_095213.log,1482988,1485916,49,FreshSquat,0.0001245515849314,0.000166426624084,0.1444901912233659,0.1823435203396544,1.2184723895072054e-08,0.0,0.0,0.0,0.0,0.0,0.0,4.044454905686057,4.394507381113593,0.1767810407553067,0.0024606854358343,1.0025917531355566,1.0,2.928,0.0,0.0,1.336195665273629,0.7924064982501985,0.4245870726022003,0,session_20260531_095213
session_20260531_095213,D:\mpu_wave\session_20260531_095213.log,1484026,1486952,49,FreshSquat,0.0001160775398721,0.000158329122678,0.1342612555917973,0.1698214408329555,1.1594115825222591e-08,0.0,0.0,0.0,0.0,0.0,0.0,3.999911363044639,4.394507381113593,0.2033923243230859,0.00202526253712,1.0024178079911026,1.0,2.926,0.0,0.0,1.363982721116327,0.7906024948478715,0.4447624066848011,0,session_20260531_095213
session_20260531_095213,D:\mpu_wave\session_20260531_095213.log,1485004,1487925,49,FreshSquat,0.0001245574724106,0.0001764904219072,0.1469481396067691,0.1819161884557633,1.5634305091661857e-08,0.0,0.0,0.0,0.0,0.0,0.0,4.021956372951705,4.579777338310692,0.2456962322718666,0.0019434900885815,1.0023482140481066,1.0,2.921,0.0,0.0,1.4169282786751192,0.8077793408403742,0.486309645278887,0,session_20260531_095213
session_20260531_095213,D:\mpu_wave\session_20260531_095213.log,1485978,1488960,50,FreshSquat,0.0001721350749333,0.0009452711639622,0.1875444606200792,0.2566533967256546,8.639070893962558e-07,0.4659375,0.4659375,0.0,0.0,0.0,0.0,3.9991373844297233,4.579777338310692,0.2376700115065726,0.0018912142240396,1.0024352447277225,1.0,2.982,2706.797515746505,492.9135943736526,5.491418137239141,0.7307304804144916,0.9657583035833148,0,session_20260531_095213
session_20260531_095213,D:\mpu_wave\session_20260531_095213.log,1487012,1489940,49,FreshSquat,0.0002531095994573,0.0013445554109259,0.2495925091070179,0.3705524536054961,1.7437647837128864e-06,0.933673469387755,0.933673469387755,0.0,0.0,0.0,0.0,4.05007243298866,4.579777338310692,0.2532028693406895,0.0018665118374202,1.0029551011592153,1.0,2.928,3688.79640516692,694.4100387314705,5.3121260579716365,0.6735686297713055,0.9640295128864614,0,session_20260531_095213
session_20260531_095213,D:\mpu_wave\session_20260531_095213.log,1487987,1490918,49,FreshSquat,0.0003833288643635,0.001896932141614,0.3459900144242909,0.5617684507248353,3.451410531634251e-06,1.8692602040816324,1.8692602040816324,0.0,0.0,0.0,0.0,4.048529611174285,4.636630161832947,0.2357083592215751,0.0017793291226999,1.0037268392947778,1.0,2.931,4876.375095859087,985.41174861393,4.948563412254355,0.6158943482176236,0.9588978691845594,0,session_20260531_095213
session_20260531_095213,D:\mpu_wave\session_20260531_095213.log,1489022,1491953,49,FreshSquat,0.0003362143120798,0.0016490260114025,0.3104543276011886,0.4927220743529651,2.6062467226348296e-06,1.4019451530612244,1.4019451530612244,0.0,0.0,0.0,0.0,4.055702497886448,4.636630161832947,0.2400192445589812,0.0019298061516661,1.0030201738316882,1.0,2.931,4169.783774536788,850.1650630142461,4.904672548081553,0.6300800047953855,0.958077926113385,0,session_20260531_095213
session_20260531_095213,D:\mpu_wave\session_20260531_095213.log,1490001,1492927,49,FreshSquat,0.0002523295084635,0.0013492465137997,0.241620115153048,0.3691580708821614,1.756795974159222e-06,0.9330357142857142,0.9330357142857142,0.0,0.0,0.0,0.0,4.051387338119643,5.145547803603863,0.2492653108813001,0.0020413016497925,1.002914458310578,1.0,2.926,3697.673024031199,691.5230191220634,5.347139836618921,0.6545166787797486,0.964495535278596,0,session_20260531_095213
session_20260531_095213,D:\mpu_wave\session_20260531_095213.log,1490979,1493971,50,FreshSquat,0.0001052764097849,0.0001427604105699,0.1274581952681143,0.1574935090382893,9.297412368890336e-09,0.0,0.0,0.0,0.0,0.0,0.0,4.063058333048582,5.145547803603863,0.2113979283326784,0.0021130715754334,1.002371572371091,1.0,2.992,0.0,0.0,1.3560403021081069,0.8092917304156031,0.4348540597562976,0,session_20260531_095213
session_20260531_095213,D:\mpu_wave\session_20260531_095213.log,1492013,1494944,49,FreshSquat,0.000110549196905,0.0001462470838138,0.1349215718256594,0.1620098480643058,9.167084587698091e-09,0.0,0.0,0.0,0.0,0.0,0.0,4.060227642527721,5.145547803603863,0.2018882704727988,0.0021569144327787,1.003352335247486,1.0,2.931,0.0,0.0,1.322902065379925,0.8327985774007214,0.4094603714447779,0,session_20260531_095213
session_20260531_095213,D:\mpu_wave\session_20260531_095213.log,1492988,1495922,49,FreshSquat,0.0001093864197633,0.0001456637112606,0.1326024624979959,0.1604698777928644,9.252527949586484e-09,0.0,0.0,0.0,0.0,0.0,0.0,4.008025978348865,4.403475326792921,0.1512127581283956,0.0018825761366067,1.00282304859884,1.0,2.934,0.0,0.0,1.3316312933953771,0.8263386468258016,0.416444441751195,0,session_20260531_095213
session_20260531_095213,D:\mpu_wave\session_20260531_095213.log,1494032,1496959,49,FreshSquat,0.0001160912773236,0.0001546187550591,0.1335281322163143,0.1698995843631069,1.0429774745399724e-08,0.0,0.0,0.0,0.0,0.0,0.0,4.034568609965579,5.589001035935357,0.3282537598567893,0.0017880473743186,1.0030125748092338,1.0,2.927,0.0,0.0,1.3318608147215387,0.7859238263056375,0.4187494174294177,0,session_20260531_095213
session_20260531_095213,D:\mpu_wave\session_20260531_095213.log,1495006,1497940,49,FreshSquat,0.0001770325745044,0.0012091676833572,0.1965877617262684,0.2597067867979711,1.4307459540399016e-06,0.4677933673469387,1.4033801020408163,0.0,0.0,0.0,0.0,4.034797259636769,5.589001035935357,0.3299278015334548,0.0017857386525206,1.002939441488615,1.0,2.934,2642.3991531351176,1160.6156538427117,6.830160249219453,0.7569604298490504,0.9778956796234478,0,session_20260531_095213
session_20260531_095213,D:\mpu_wave\session_20260531_095213.log,1495982,1498915,49,FreshSquat,0.0003024123315097,0.0017559219683697,0.3044602543808564,0.4434876841590517,2.991808740754289e-06,0.9352678571428572,2.805803571428571,0.0,0.0,0.0,0.0,4.110833685009795,5.589001035935357,0.3260319154637218,0.0020276857989293,1.0030125748092338,1.0,2.933,3092.680644975786,1597.908121239271,5.806364288252656,0.6865134355910361,0.9700242004479294,0,session_20260531_095213
session_20260531_095213,D:\mpu_wave\session_20260531_095213.log,1497021,1499949,49,FreshSquat,0.0002934986880036,0.0017551212343773,0.2970139176345297,0.4296820792373345,2.99430906750245e-06,0.933673469387755,2.8010204081632653,0.0,0.0,0.0,0.0,4.0588550751908405,4.5316065922171,0.1844628485828435,0.0018240401645868,1.0027638477471543,1.0,2.928,3181.173635101661,1595.911870580879,5.979976490999101,0.6912411089391355,0.9717206300992068,0,session_20260531_095213
session_20260531_095213,D:\mpu_wave\session_20260531_095213.log,1498002,1500921,49,FreshSquat,0.0002132405715734,0.0012794611833131,0.2105369557782874,0.3112246142114911,1.5915493782400094e-06,0.4654017857142857,1.3962053571428572,0.0,0.0,0.0,0.0,4.060016836365552,4.5316065922171,0.1803871257488803,0.0016610558429635,1.0028330933764626,1.0,2.919,2182.5096404990586,1091.2439424566987,6.000055119985089,0.6764791262902456,0.971629457958211,0,session_20260531_095213
session_20260531_095213,D:\mpu_wave\session_20260531_095213.log,1498976,1501956,50,FreshSquat,0.0001488186359405,0.0012503071614297,0.1520566944079473,0.221739767551422,1.5411210115192454e-06,0.58203125,0.58203125,0.0,0.0,0.0,0.0,4.005932120120516,4.353387663660084,0.148576211199649,0.0017181097436892,1.0027807915291946,1.0,2.98,3910.984234852592,465.5102381595664,8.401493213766345,0.6857439033210002,0.9852026721546764,0,session_20260531_095213
session_20260531_095213,D:\mpu_wave\session_20260531_095213.log,1500009,1502933,49,FreshSquat,0.0002658648231402,0.0016769108926953,0.2441709732611467,0.3886943714310523,2.74134603785704e-06,0.9323979591836734,0.9323979591836734,0.0,0.0,0.0,0.0,4.053859303623136,4.750913473820817,0.1933105685887615,0.0018662994144345,1.0032889550053834,1.0,2.924,3507.024513984999,556.0208400007124,6.30735787281222,0.6281824244946032,0.9745171219063432,0,session_20260531_095213
session_20260531_095213,D:\mpu_wave\session_20260531_095213.log,1500981,1503968,50,FreshSquat,0.0002938571373621,0.0016634869014752,0.2814372385689678,0.4388756346503893,2.68083665420092e-06,0.9334375,0.9334375,0.0,0.0,0.0,0.0,4.01799760185062,4.750913473820817,0.3225375173918705,0.0022222459019145,1.00303728058055,1.0,2.987,3176.490222047501,561.1327255053734,5.660850219795228,0.6412687688891489,0.9684443412106192,0,session_20260531_095213
session_20260531_095213,D:\mpu_wave\session_20260531_095213.log,1502017,1504942,49,FreshSquat,0.000229474314216,0.0011141797659357,0.223853211446038,0.3356061845409627,1.1887380899358182e-06,0.3497688137755102,0.3497688137755102,0.0,0.0,0.0,0.0,4.035569991721528,4.750913473820817,0.3347691778651081,0.0021331379905555,1.002637908004482,1.0,2.925,1524.2110680637977,313.9246560963035,4.855336051035248,0.6670115781245499,0.9568105200795384,0,session_20260531_095213
session_20260531_095213,D:\mpu_wave\session_20260531_095213.log,1502993,1505916,49,FreshSquat,0.0001246173284491,0.0001744031659329,0.1429105874155426,0.182128225528464,1.4886985737628884e-08,0.0,0.0,0.0,0.0,0.0,0.0,3.989805722613181,4.61317611393352,0.2939101400353149,0.0020467738353548,1.0027888569670371,1.0,2.923,0.0,0.0,1.3994985176204535,0.784670175181263,0.4738593624484254,0,session_20260531_095213
session_20260531_095213,D:\mpu_wave\session_20260531_095213.log,1504030,1506952,49,FreshSquat,0.0001180155017748,0.0001659079489256,0.1416994091042564,0.1724206480931262,1.3597788857526568e-08,0.0,0.0,0.0,0.0,0.0,0.0,4.020099348672555,4.4103709931990585,0.194116515693747,0.0018122147167072,1.0026274525634156,1.0,2.922,0.0,0.0,1.4058029718765357,0.8218238931911399,0.4766897644484715,0,session_20260531_095213
session_20260531_095213,D:\mpu_wave\session_20260531_095213.log,1505003,1507926,49,FreshSquat,0.0001227951536373,0.0001749200650772,0.149349766070115,0.1794651170409455,1.5518379409810404e-08,0.0,0.0,0.0,0.0,0.0,0.0,4.074140721146668,5.292614748479535,0.2992415439213767,0.0019467955577365,1.002986182058221,1.0,2.923,0.0,0.0,1.424475115025675,0.8321938419032515,0.4911341293504447,0,session_20260531_095213
session_20260531_095213,D:\mpu_wave\session_20260531_095213.log,1505976,1508957,50,FreshSquat,0.0001263041893641,0.0001704572102903,0.1560481279347713,0.188256394247214,1.3102912289053529e-08,0.0,0.0,0.0,0.0,0.0,0.0,4.046897218842254,5.292614748479535,0.329413114146013,0.0020078676966157,1.0024402868852935,1.0,2.981,0.0,0.0,1.349566167063692,0.8289127587397628,0.4359548934758602,0,session_20260531_095213
session_20260531_095213,D:\mpu_wave\session_20260531_095213.log,1507013,1509936,49,FreshSquat,0.0001286482892068,0.0001686241628197,0.1506487675502161,0.1880194746758662,1.1883725970791592e-08,0.0,0.0,0.0,0.0,0.0,0.0,4.068895495875736,5.292614748479535,0.3273008178667381,0.0019800896289193,1.0028449359806073,1.0,2.923,0.0,0.0,1.310727512443106,0.8012402279534337,0.403739969122193,0,session_20260531_095213
session_20260531_095213,D:\mpu_wave\session_20260531_095213.log,1507986,1510971,50,FreshSquat,0.0001351357221603,0.0001708943143407,0.161383839023998,0.2016900653243064,1.0943203270182385e-08,0.0,0.0,0.0,0.0,0.0,0.0,4.009543570568308,4.567322998030156,0.2823415606255404,0.0018853776122085,1.002464204950709,1.0,2.985,0.0,0.0,1.2646030746397476,0.8001575980668367,0.3622993403116009,0,session_20260531_095213
session_20260531_095213,D:\mpu_wave\session_20260531_095213.log,1509018,1511949,49,FreshSquat,0.0001265503841192,0.0001636008798536,0.1461124095044631,0.1854595879267673,1.075024816816328e-08,0.0,0.0,0.0,0.0,0.0,0.0,4.046787298914172,4.803013156001792,0.2732312866445512,0.0020883103198011,1.0033293821857971,1.0,2.931,0.0,0.0,1.2927624695080364,0.7878396061912911,0.387183583275815,0,session_20260531_095213
session_20260531_095213,D:\mpu_wave\session_20260531_095213.log,1509998,1512921,49,FreshSquat,0.0001371213530196,0.0001857299844603,0.1614988484814268,0.2004028574382367,1.5693361673684e-08,0.0,0.0,0.0,0.0,0.0,0.0,4.057548039214222,4.803013156001792,0.2573680250802888,0.0021807842802796,1.0023755081152637,1.0,2.923,0.0,0.0,1.3544836444987,0.8058709827794205,0.442120986262828,0,session_20260531_095213
session_20260531_095213,D:\mpu_wave\session_20260531_095213.log,1511031,1513955,49,FreshSquat,0.0001395293320117,0.0001897225176131,0.1607790775906269,0.2039918834011571,1.6526199197828898e-08,0.0,0.0,0.0,0.0,0.0,0.0,4.049915347700218,4.803013156001792,0.2151870441565273,0.00213938469341,1.0033984328547034,1.0,2.924,0.0,0.0,1.359722397830945,0.788164088304853,0.4467188224256661,0,session_20260531_095213
session_20260531_095213,D:\mpu_wave\session_20260531_095213.log,1512011,1514927,49,FreshSquat,0.0001556983123831,0.0002110077494949,0.1803814038269373,0.2270081394545886,2.028230586795725e-08,0.0,0.0,0.0,0.0,0.0,0.0,4.024201753081964,5.175155920092928,0.2981102417895481,0.0020803182094316,1.0023755081152637,1.0,2.916,0.0,0.0,1.3552259561410338,0.7946032396270891,0.4455273135274855,0,session_20260531_095213
session_20260531_095213,D:\mpu_wave\session_20260531_095213.log,1512982,1515961,50,FreshSquat,0.0001433085441589,0.0001918266900785,0.1681474113651551,0.2134580765247345,1.6260140197529658e-08,0.0,0.0,0.0,0.0,0.0,0.0,4.00886313777921,5.175155920092928,0.2975130935343256,0.0020809589281744,1.002764952637302,1.0,2.979,0.0,0.0,1.338547904847036,0.7877303745775138,0.4301911295760439,0,session_20260531_095213
session_20260531_095213,D:\mpu_wave\session_20260531_095213.log,1514016,1516938,49,FreshSquat,0.0001463509579094,0.0001959436240273,0.1732316183633342,0.2138187495056464,1.6975300915960893e-08,0.0,0.0,0.0,0.0,0.0,0.0,4.048038041814364,5.175155920092928,0.3311968132521716,0.0020805571367394,1.0025124726744363,1.0,2.922,0.0,0.0,1.3388520852492802,0.8101797337870031,0.4309118741684545,0,session_20260531_095213
session_20260531_095213,D:\mpu_wave\session_20260531_095213.log,1514987,1517970,50,FreshSquat,0.0001365791161855,0.0001772884572697,0.1685797664144076,0.2037077517906824,1.2777342103087608e-08,0.0,0.0,0.0,0.0,0.0,0.0,4.058107729618714,4.970409497497207,0.2802266847107854,0.0020354759769307,1.002340709058804,1.0,2.983,0.0,0.0,1.2980546672620434,0.8275569491340364,0.3939830549928501,0,session_20260531_095213
session_20260531_095213,D:\mpu_wave\session_20260531_095213.log,1516022,1518941,49,FreshSquat,0.0001458024410974,0.0001923320784218,0.1766974575019308,0.2127986627817153,1.5733276560095353e-08,0.0,0.0,0.0,0.0,0.0,0.0,3.986195510676271,4.970409497497207,0.356484367474513,0.0021366599765272,1.0027756391593752,1.0,2.919,0.0,0.0,1.319118924589113,0.8303504089818139,0.4141248276740983,0,session_20260531_095213
session_20260531_095213,D:\mpu_wave\session_20260531_095213.log,1516998,1519974,50,FreshSquat,0.0001465674797693,0.000193667298187,0.1805441357463598,0.2180924098968505,1.6024996261118514e-08,0.0,0.0,0.0,0.0,0.0,0.0,3.984389991470532,4.6342165399582536,0.3630078160653658,0.0020739447174168,1.0026072175819665,1.0,2.976,0.0,0.0,1.3213434327200415,0.8278331877937299,0.4161577620839352,0,session_20260531_095213
session_20260531_095213,D:\mpu_wave\session_20260531_095213.log,1518030,1520949,49,FreshSquat,0.0001387737721812,0.0001880353218576,0.1681583081418648,0.2025403204986027,1.6099122420677216e-08,0.0,0.0,0.0,0.0,0.0,0.0,4.003956353719408,5.391945165222206,0.4347276005297943,0.0018630315498049,1.003010101214724,1.0,2.919,0.0,0.0,1.3549676133640618,0.8302460808675318,0.4428032409806002,0,session_20260531_095213
session_20260531_095213,D:\mpu_wave\session_20260531_095213.log,1519002,1521924,49,FreshSquat,0.0001324398258105,0.0001765996576308,0.1582090739482937,0.1934945855092029,1.3647131614592303e-08,0.0,0.0,0.0,0.0,0.0,0.0,4.106189253145456,5.391945165222206,0.4031594099492054,0.0019964519127581,1.0025342776557598,1.0,2.922,0.0,0.0,1.333423108395869,0.8176408281105532,0.4239893575458973,0,session_20260531_095213
session_20260531_095213,D:\mpu_wave\session_20260531_095213.log,1520036,1522957,49,FreshSquat,0.0001281282285443,0.0001752129286596,0.1542218082903434,0.187131277789064,1.4282727419562471e-08,0.0,0.0,0.0,0.0,0.0,0.0,4.122389730118598,5.5469401435915655,0.4693103988195093,0.0021695716341998,1.00262194613591,1.0,2.921,0.0,0.0,1.3674704097585306,0.8241369870837231,0.450565331109738,0,session_20260531_095213
session_20260531_095213,D:\mpu_wave\session_20260531_095213.log,1521009,1523933,49,FreshSquat,0.0001407931775462,0.0001926117321377,0.1705175162720031,0.2058396255726717,1.7276560513524254e-08,0.0,0.0,0.0,0.0,0.0,0.0,4.11482264192763,5.5469401435915655,0.4178509746387612,0.0022078970461854,1.0019865123398748,1.0,2.924,0.0,0.0,1.368037624101523,0.8283998524054936,0.4534616088559325,0,session_20260531_095213
session_20260531_095213,D:\mpu_wave\session_20260531_095213.log,1521986,1524972,50,FreshSquat,0.0001385542869567,0.0001957075770208,0.1707957922044831,0.2068615504264831,1.910416526928341e-08,0.0,0.0,0.0,0.0,0.0,0.0,4.062508602689605,5.5469401435915655,0.4760841318621889,0.0019953770398606,1.002022924174677,1.0,2.986,0.0,0.0,1.4124872555886407,0.8256526697528056,0.4860930702787419,0,session_20260531_095213
session_20260531_095213,D:\mpu_wave\session_20260531_095213.log,1523019,1525950,49,FreshSquat,0.00013990907442,0.0001944618050321,0.1694096858832244,0.2050367485625403,1.8240844511284037e-08,0.0,0.0,0.0,0.0,0.0,0.0,4.032305568745855,5.059059161453932,0.4164976021129153,0.0018939533491348,1.0019865123398748,1.0,2.931,0.0,0.0,1.3899056650369048,0.8262405946478927,0.4699384139080354,0,session_20260531_095213
session_20260531_095213,D:\mpu_wave\session_20260531_095213.log,1523993,1526924,49,FreshSquat,0.0001315517976981,0.0001804279368358,0.1581269780299341,0.1927891595266303,1.5248364913233392e-08,0.0,0.0,0.0,0.0,0.0,0.0,4.037850009987946,5.059059161453932,0.3855313748808514,0.0020617627994152,1.0025243562251054,1.0,2.931,0.0,0.0,1.3715248933729836,0.8202067875496131,0.454439282058459,0,session_20260531_095213
session_20260531_095213,D:\mpu_wave\session_20260531_095213.log,1525034,1527965,49,FreshSquat,0.0001281910283224,0.0001676776309772,0.1607024885772974,0.1878639520066125,1.1682848187778778e-08,0.0,0.0,0.0,0.0,0.0,0.0,4.045988548485632,5.059059161453932,0.2465823405429956,0.0022372772043748,1.0028687173498485,1.0,2.931,0.0,0.0,1.3080191738246434,0.8554194990863467,0.4012547493409311,0,session_20260531_095213
session_20260531_095213,D:\mpu_wave\session_20260531_095213.log,1526010,1528939,49,FreshSquat,0.0001094835631701,0.0001422699494197,0.1404427863836136,0.1603386782626716,8.254087903464284e-09,0.0,0.0,0.0,0.0,0.0,0.0,4.033861596006143,4.485172952254018,0.1263163858784962,0.0022812945506667,1.0028687173498485,1.0,2.929,0.0,0.0,1.2994521355366502,0.8759133293940637,0.3885970302019622,0,session_20260531_095213
session_20260531_095213,D:\mpu_wave\session_20260531_095213.log,1526985,1529974,50,FreshSquat,9.12925084431966e-05,0.0001173563129613,0.1277963788227799,0.1364366538683573,5.438182094019594e-09,0.0,0.0,0.0,0.0,0.0,0.0,4.013995009864108,4.117752827877685,0.0436464539796483,0.00211476831238,1.0027687400881138,1.0,2.989,0.0,0.0,1.2854836555473206,0.9366718859098818,0.3681286546537056,0,session_20260531_095213
session_20260531_095213,D:\mpu_wave\session_20260531_095213.log,1531014,1533936,49,FatiguedSquat,0.0001039620889287,0.0001536800803762,0.1250674177591251,0.1518886119248915,1.280945117002924e-08,0.0,0.0,0.0,0.0,0.0,0.0,4.066083616994841,5.800577463522052,0.3185153741819862,0.0021672596848808,1.002732774817182,1.0,2.922,0.0,0.0,1.4782177209221383,0.8234153657125739,0.5203378187485548,1,session_20260531_095213
session_20260531_095213,D:\mpu_wave\session_20260531_095213.log,1531986,1534967,50,FatiguedSquat,0.0001371080080668,0.0001939961692667,0.1542694399527274,0.2043594860235849,1.8835907814112344e-08,0.0,0.0,0.0,0.0,0.0,0.0,4.065634541627723,5.800577463522052,0.3629381503012602,0.0020111846542559,1.0024540222847658,1.0,2.981,0.0,0.0,1.414904622256367,0.7548924799117512,0.4875409579416796,1,session_20260531_095213
session_20260531_095213,D:\mpu_wave\session_20260531_095213.log,1533024,1535940,49,FatiguedSquat,0.0001703188857253,0.0002281746037668,0.185806747461308,0.2483249353875919,2.3055126969438404e-08,0.0,0.0,0.0,0.0,0.0,0.0,4.0566699758384805,5.800577463522052,0.4746514206812915,0.0019680399201645,1.0021172773847091,1.0,2.916,0.0,0.0,1.3396826964456183,0.7482403908534424,0.4344806106350103,1,session_20260531_095213
session_20260531_095213,D:\mpu_wave\session_20260531_095213.log,1533997,1536974,50,FatiguedSquat,0.00015817425251,0.0002103967041917,0.1807829078476875,0.2354423748612403,1.924767897761897e-08,0.0,0.0,0.0,0.0,0.0,0.0,4.034199332314447,5.627616355703239,0.4181053840449336,0.0019580168049171,1.0023830598506889,1.0,2.977,0.0,0.0,1.3301493176268235,0.7678435421252854,0.4252054574406568,1,session_20260531_095213
session_20260531_095213,D:\mpu_wave\session_20260531_095213.log,1535028,1537950,49,FatiguedSquat,0.000145937853119,0.0001942541996106,0.1710544261640432,0.2132152034068593,1.6436837093398274e-08,0.0,0.0,0.0,0.0,0.0,0.0,4.028299416805752,5.627616355703239,0.4703463163924054,0.0021574739431919,1.0026656920476076,1.0,2.922,0.0,0.0,1.3310656857928755,0.8022618585756927,0.4243440535564788,1,session_20260531_095213
session_20260531_095213,D:\mpu_wave\session_20260531_095213.log,1536001,1538919,49,FatiguedSquat,0.000134949854442,0.0001809025752474,0.1607844837798996,0.196891837630953,1.4514278517238892e-08,0.0,0.0,0.0,0.0,0.0,0.0,4.019795422236876,5.283755297374994,0.3890019923943717,0.0021824961437466,1.0029194133941752,1.0,2.918,0.0,0.0,1.3405070756714574,0.8166132476484628,0.4303620253316654,1,session_20260531_095213
session_20260531_095213,D:\mpu_wave\session_20260531_095213.log,1537034,1539960,49,FatiguedSquat,0.0003044660805033,0.0015373704160748,0.2983628443575331,0.4454338757764725,2.270808202045061e-06,1.0496651785714286,1.0496651785714286,0.0,0.0,0.0,0.0,4.018937349641201,5.283755297374994,0.393432934057339,0.0022133684365233,1.002982378711209,1.0,2.926,3447.5489988472195,682.7661602109052,5.049381409421994,0.6698252196638772,0.9603724739978408,1,session_20260531_095213
session_20260531_095213,D:\mpu_wave\session_20260531_095213.log,1538011,1540934,49,FatiguedSquat,0.0003123268464795,0.0015384880726672,0.3033155039434961,0.4564656861298749,2.2693974907075146e-06,1.0485889668367347,1.0485889668367347,0.0,0.0,0.0,0.0,4.042096978644763,5.187611254680656,0.3653538025829501,0.0019190639459492,1.0030025021159568,1.0,2.923,3357.334219974405,681.5706302150185,4.925875454297472,0.6644869756819112,0.9583824640550912,1,session_20260531_095213
session_20260531_095213,D:\mpu_wave\session_20260531_095213.log,1538980,1541967,50,FatiguedSquat,0.0003102287451426,0.0015230222386516,0.3010093566974004,0.4633266308705012,2.2233548651147334e-06,1.0501171875,1.0501171875,0.0,0.0,0.0,0.0,4.0219231847668215,5.187611254680656,0.3559169442246236,0.0020884401285796,1.0029622243796528,1.0,2.987,3384.966154735549,689.4951835598239,4.909336588441868,0.6496698786387307,0.958096177306207,1,session_20260531_095213
session_20260531_095213,D:\mpu_wave\session_20260531_095213.log,1540020,1542941,49,FatiguedSquat,0.0001532039836961,0.0002006239310115,0.1678050037329782,0.2237544181882118,1.6778501074168396e-08,0.0,0.0,0.0,0.0,0.0,0.0,4.020376110185636,4.820869061633065,0.3398018518870905,0.0018846773092606,1.0028900316936025,1.0,2.921,0.0,0.0,1.3095130861374569,0.7499516851634935,0.4067519189088394,1,session_20260531_095213
session_20260531_095213,D:\mpu_wave\session_20260531_095213.log,1540995,1543973,50,FatiguedSquat,0.0001547258774439,0.0002039036231187,0.1736086186881487,0.2303868315140405,1.7636590370172614e-08,0.0,0.0,0.0,0.0,0.0,0.0,4.078784174277958,5.384661617538132,0.3898216164966413,0.002051971111999,1.0024572519337152,1.0,2.978,0.0,0.0,1.3178293680273023,0.7535526956713919,0.4142311531747294,1,session_20260531_095213
session_20260531_095213,D:\mpu_wave\session_20260531_095213.log,1542027,1544944,49,FatiguedSquat,0.0001499158265639,0.0001980155734052,0.1698547351411005,0.2186522330434955,1.673541225666636e-08,0.0,0.0,0.0,0.0,0.0,0.0,4.123985016338088,5.384661617538132,0.3872924606496349,0.0018931668886369,1.002863546565902,1.0,2.917,0.0,0.0,1.3208362126102935,0.7768259761174544,0.4161985233043927,1,session_20260531_095213
session_20260531_095213,D:\mpu_wave\session_20260531_095213.log,1543001,1545921,49,FatiguedSquat,0.0001436279987802,0.000191216283653,0.169072830113804,0.2096968782191373,1.5934665100478717e-08,0.0,0.0,0.0,0.0,0.0,0.0,4.0689641942520485,5.384661617538132,0.4219393314351012,0.0018860700301308,1.002440350843674,1.0,2.92,0.0,0.0,1.331320870276738,0.8062725146096219,0.4242041929398426,1,session_20260531_095213
session_20260531_095213,D:\mpu_wave\session_20260531_095213.log,1544034,1546959,49,FatiguedSquat,0.0001303958892822,0.0001718154645043,0.1554957600049104,0.1907039880752563,1.2517465901155168e-08,0.0,0.0,0.0,0.0,0.0,0.0,3.9919138453098064,4.427994179251916,0.3326876314590477,0.001823997698641,1.0025142563308014,1.0,2.925,0.0,0.0,1.3176346878376397,0.8153775951878391,0.410132331333312,1,session_20260531_095213
session_20260531_095213,D:\mpu_wave\session_20260531_095213.log,1545005,1547931,49,FatiguedSquat,0.0001396107754739,0.0001911985369188,0.170918402143621,0.204250564518429,1.7065711891477933e-08,0.0,0.0,0.0,0.0,0.0,0.0,4.010534195383153,4.7792661083790655,0.3952833066622641,0.0017650745712324,1.0026818538474227,1.0,2.926,0.0,0.0,1.3695015070883163,0.8368074855009374,0.4543964156561104,1,session_20260531_095213
session_20260531_095213,D:\mpu_wave\session_20260531_095213.log,1545981,1548970,50,FatiguedSquat,0.0001367608626683,0.0001842064130298,0.1661298403065186,0.204389109257857,1.522846904354139e-08,0.0,0.0,0.0,0.0,0.0,0.0,4.0232114233282985,4.7792661083790655,0.3596225480773629,0.0018797821825009,1.0024570467652012,1.0,2.989,0.0,0.0,1.3469136017588113,0.8128116028145014,0.4359460640530177,1,session_20260531_095213
session_20260531_095213,D:\mpu_wave\session_20260531_095213.log,1547020,1549940,49,FatiguedSquat,0.0001544207293971,0.0002060023152256,0.1857943532443573,0.225454264919774,1.85911922108057e-08,0.0,0.0,0.0,0.0,0.0,0.0,4.00215066207557,4.805099460846054,0.4097068328700454,0.0020581065442399,1.0025534811047645,1.0,2.92,0.0,0.0,1.3340241430396764,0.824088878896932,0.4280040507185832,1,session_20260531_095213
session_20260531_095213,D:\mpu_wave\session_20260531_095213.log,1547992,1550915,49,FatiguedSquat,0.0001442000655089,0.0001881431265509,0.1705855118654997,0.2107483957413913,1.4604177175576857e-08,0.0,0.0,0.0,0.0,0.0,0.0,3.965198315167876,4.805099460846054,0.3718685865533933,0.0022427198292435,1.002259116639684,1.0,2.923,0.0,0.0,1.304727713951867,0.8094273290003943,0.401237511706534,1,session_20260531_095213
session_20260531_095213,D:\mpu_wave\session_20260531_095213.log,1549032,1551951,49,FatiguedSquat,0.0001522560995452,0.0002012279142858,0.1841832645623279,0.222217777286257,1.7310753639112643e-08,0.0,0.5817522321428572,0.0,0.0,0.0,0.0,3.969381450801342,5.55961593036468,0.4599585922126222,0.0024335758142,1.003050249945148,1.0,2.919,0.0,2890.9972217830987,1.3216323894708797,0.8288412654592663,0.417200247272244,1,session_20260531_095213
session_20260531_095213,D:\mpu_wave\session_20260531_095213.log,1550002,1552922,49,FatiguedSquat,0.0001378494379471,0.0001863187756118,0.1630606838501989,0.2012601794028768,1.5712218603143236e-08,0.0,0.9311224489795916,0.0,0.0,0.0,0.0,4.03575861826493,5.609793770095176,0.4706715078741584,0.0022936515505115,1.002239342571715,1.0,2.92,0.0,4997.442949477325,1.3516008972219449,0.8101984382791905,0.4399371882797551,1,session_20260531_095213
session_20260531_095213,D:\mpu_wave\session_20260531_095213.log,1550976,1553955,50,FatiguedSquat,0.0001432219982147,0.0001948498931333,0.1748179091158323,0.2133291663408279,1.7453940081471106e-08,0.0,0.9309375,0.0,0.0,0.0,0.0,4.115202760232725,7.6518560034272385,0.6992019817875201,0.0024679679989696,1.0019323695040407,1.0,2.979,0.0,4777.691726374386,1.360465117768703,0.8194749517609675,0.4479218984857243,1,session_20260531_095213
session_20260531_095213,D:\mpu_wave\session_20260531_095213.log,1552011,1554937,49,FatiguedSquat,0.0001384372046204,0.0001872843855306,0.161143368677724,0.2025336303597405,1.59105814404608e-08,0.0,0.3498883928571428,0.0,0.0,0.0,0.0,4.2237669444959245,7.6518560034272385,0.7380039141689341,0.0024428542950682,1.0024825662300412,1.0,2.926,0.0,1868.2098011320868,1.3528374341756946,0.7956375817480946,0.4410363663306455,1,session_20260531_095213
session_20260531_095213,D:\mpu_wave\session_20260531_095213.log,1552983,1555969,50,FatiguedSquat,0.0001451702435811,0.0001931997406292,0.1726070075969211,0.2167391736666361,1.625174015779635e-08,0.0,0.0,0.0,0.0,0.0,0.0,4.104323847270141,7.6518560034272385,0.7512992654628462,0.0025406074210364,1.0026879388503906,1.0,2.986,0.0,0.0,1.3308402949738003,0.7963812165585936,0.4240380129964246,1,session_20260531_095213
session_20260531_095213,D:\mpu_wave\session_20260531_095213.log,1554017,1556950,49,FatiguedSquat,0.0001456964664718,0.0001928718780111,0.1659703746871534,0.213663868081002,1.5972100985152506e-08,0.0,0.0,0.0,0.0,0.0,0.0,4.019673310176503,6.32465206196454,0.5908384287127401,0.0022210255634553,1.0025291125786453,1.0,2.933,0.0,0.0,1.323783334615286,0.7767825950218683,0.4181226283778422,1,session_20260531_095213
session_20260531_095213,D:\mpu_wave\session_20260531_095213.log,1554998,1557922,49,FatiguedSquat,0.0001391329084123,0.0001860577558928,0.1594926606260595,0.2034123120989118,1.525952232459644e-08,0.0,0.0,0.0,0.0,0.0,0.0,3.9318305358471592,4.565810879167568,0.4361722252910656,0.0022045393115602,1.002447798123725,1.0,2.924,0.0,0.0,1.3372567335734529,0.7840855757266973,0.4284278020514863,1,session_20260531_095213
session_20260531_095213,D:\mpu_wave\session_20260531_095213.log,1556030,1558959,49,FatiguedSquat,0.0001320178898013,0.0001785615751203,0.1545845409394654,0.1933401996140577,1.4455512881868829e-08,0.0,0.0,0.0,0.0,0.0,0.0,4.00623242582046,4.996135095027833,0.5104788221690342,0.0020411869931159,1.0017593151727575,1.0,2.929,0.0,0.0,1.3525456500131825,0.7995468115192677,0.4395879178627891,1,session_20260531_095213
session_20260531_095213,D:\mpu_wave\session_20260531_095213.log,1557011,1559931,49,FatiguedSquat,0.0001234565138005,0.0001698479186674,0.1431557840819717,0.1802465101488593,1.3606804675877994e-08,0.0,0.0,0.0,0.0,0.0,0.0,4.021256079256197,4.996135095027833,0.438498662993501,0.0019585726073946,1.0017672732615446,1.0,2.92,0.0,0.0,1.3757600767970786,0.7942222191681944,0.4558650784486603,1,session_20260531_095213
session_20260531_095213,D:\mpu_wave\session_20260531_095213.log,1557984,1560963,50,FatiguedSquat,0.0001429113944371,0.0001964779772601,0.1691457715029828,0.2128665220141411,1.8179928888272905e-08,0.0,0.0,0.0,0.0,0.0,0.0,4.020122421373816,4.996135095027833,0.4180157357231361,0.0019191785213345,1.0017690768366765,1.0,2.979,0.0,0.0,1.3748141162561196,0.7946095473723042,0.4590474333605964,1,session_20260531_095213
session_20260531_095213,D:\mpu_wave\session_20260531_095213.log,1559019,1561938,49,FatiguedSquat,0.0001320914832913,0.0001867516427391,0.151708406506971,0.1927875198636736,1.7428016107667282e-08,0.0,0.0,0.0,0.0,0.0,0.0,4.038714553795843,4.659097004354501,0.2413989905407273,0.0017309751163788,1.0021620712884394,1.0,2.919,0.0,0.0,1.4137946239323838,0.7869202624076952,0.4857824333261956,1,session_20260531_095213
session_20260531_095213,D:\mpu_wave\session_20260531_095213.log,1559991,1562970,50,FatiguedSquat,0.0001405323425928,0.000195794008102,0.1691278393354732,0.2093229242920875,1.8585954294039448e-08,0.0,0.0,0.0,0.0,0.0,0.0,4.115485099321679,6.028673981090821,0.3833968017508671,0.0018004723386915,1.002315247582466,1.0,2.979,0.0,0.0,1.3932210284736724,0.8079757107324658,0.4725007134543879,1,session_20260531_095213
session_20260531_095213,D:\mpu_wave\session_20260531_095213.log,1561024,1563946,49,FatiguedSquat,0.0001246408783659,0.0001720180654181,0.1458906317679972,0.1821003232926738,1.4054866270368228e-08,0.0,0.0,0.0,0.0,0.0,0.0,4.111376668868978,6.028673981090821,0.3842128817443788,0.0018558583981245,1.0023646188230029,1.0,2.922,0.0,0.0,1.3800984682940676,0.8011552551302435,0.4594562786950185,1,session_20260531_095213
session_20260531_095213,D:\mpu_wave\session_20260531_095213.log,1561998,1564920,49,FatiguedSquat,0.0001219934752198,0.0001657868828958,0.1417062075098748,0.1782324672961721,1.2602882544101514e-08,0.0,0.0,0.0,0.0,0.0,0.0,4.074375119952865,6.028673981090821,0.3892270207216253,0.0018939023381841,1.0023646188230029,1.0,2.922,0.0,0.0,1.3589704172838868,0.7950639345598864,0.4424347550980986,1,session_20260531_095213
session_20260531_095213,D:\mpu_wave\session_20260531_095213.log,1563030,1565954,49,FatiguedSquat,0.0001112625631345,0.0001462462674707,0.1293880547781405,0.1626658673026934,9.008612793867098e-09,0.0,0.0,0.0,0.0,0.0,0.0,4.026397769750111,4.532731609919269,0.2513016986576565,0.0021147795050679,1.0025018152615293,1.0,2.924,0.0,0.0,1.3144129430219602,0.7954222734505766,0.4023863035561438,1,session_20260531_095213
session_20260531_095213,D:\mpu_wave\session_20260531_095213.log,1564008,1566927,49,FatiguedSquat,0.0001005208573373,0.0001302773386563,0.118139569482633,0.1467101912839072,6.867742207539522e-09,0.0,0.0,0.0,0.0,0.0,0.0,4.01825169972642,4.532731609919269,0.2216173998200516,0.0020203920115976,1.0025018152615293,1.0,2.919,0.0,0.0,1.2960100629567777,0.8052580917760265,0.3821317341215915,1,session_20260531_095213
session_20260531_095213,D:\mpu_wave\session_20260531_095213.log,1564980,1567961,50,FatiguedSquat,0.0002889182488123,0.0017746375612797,0.2739987961435691,0.4306326498548189,3.0658647194081697e-06,0.9315625,0.9315625,0.0,0.0,0.0,0.0,4.038581509567797,4.532731609919269,0.2075208778188418,0.0021095071415572,1.0025374769062871,1.0,2.981,3224.300574742999,524.9308339880857,6.142330663583858,0.6362703701163233,0.9731858163189396,1,session_20260531_095213
session_20260531_095213,D:\mpu_wave\session_20260531_095213.log,1566014,1568940,49,FatiguedSquat,0.0003265500149759,0.0019028945964648,0.297832442832268,0.4777426719097865,3.5143729329742715e-06,1.0496651785714286,1.0496651785714286,0.0,0.0,0.0,0.0,3.997895399682739,4.436355937723753,0.1433107645745613,0.0018907006386843,1.0022668774830614,1.0,2.926,3214.398762927738,551.6146973704075,5.827250595454708,0.6234160348671818,0.9702830814069646,1,session_20260531_095213
session_20260531_095213,D:\mpu_wave\session_20260531_095213.log,1566988,1569974,50,FatiguedSquat,0.0003321979522705,0.0018847063611825,0.3136305885639662,0.4959715427398681,3.4417625883890643e-06,1.049765625,1.049765625,0.0,0.0,0.0,0.0,4.011398258752039,4.436355937723753,0.1315429739541443,0.002100676691138,1.0022024489269223,1.0,2.986,3160.0509809711307,556.9913115537245,5.673426566522686,0.6323560142161345,0.9686597863157684,1,session_20260531_095213
session_20260531_095213,D:\mpu_wave\session_20260531_095213.log,1568023,1570944,49,FatiguedSquat,0.0001397972123152,0.0006533708053193,0.152419055969562,0.2041738285864291,4.073501486725247e-07,0.1164301658163265,0.1164301658163265,0.0,0.0,0.0,0.0,4.0167593178366445,4.436355937723753,0.1174062605530075,0.0020934794915615,1.0024459325926982,1.0,2.921,832.8444540747673,178.19894410567767,4.673670675029399,0.7465161244136888,0.951989770986589,1,session_20260531_095213
session_20260531_095213,D:\mpu_wave\session_20260531_095213.log,1569000,1571918,49,FatiguedSquat,9.969857274269568e-05,0.0001301447136481,0.1194585440576798,0.145460217631593,6.997841083630291e-09,0.0,0.0,0.0,0.0,0.0,0.0,3.990226538617577,4.265898564876788,0.1371570322480357,0.00213048034498,1.0023742965479805,1.0,2.918,0.0,0.0,1.3053688202258835,0.8212454592841802,0.3901203587278123,1,session_20260531_095213
session_20260531_095213,D:\mpu_wave\session_20260531_095213.log,1570035,1572955,49,FatiguedSquat,9.457548459370933e-05,0.000126811169889,0.1134219643222738,0.1380802075068156,7.136550522490634e-09,0.0,0.0,0.0,0.0,0.0,0.0,3.9936400057225354,4.265898564876788,0.1415499571510216,0.0019010875436241,1.0026438602004804,1.0,2.92,0.0,0.0,1.3408319249103209,0.8214208650812933,0.4178045841995843,1,session_20260531_095213
session_20260531_095213,D:\mpu_wave\session_20260531_095213.log,1571005,1573925,49,FatiguedSquat,9.431054802978932e-05,0.0001282194825495,0.1149285880341923,0.1376934001234924,7.545756235597013e-09,0.0,0.0,0.0,0.0,0.0,0.0,3.983660687269109,4.265898564876788,0.1505811526691524,0.0018231753832292,1.0026762882731246,1.0,2.92,0.0,0.0,1.3595310990872265,0.8346702681206695,0.4326636613812616,1,session_20260531_095213
session_20260531_095213,D:\mpu_wave\session_20260531_095213.log,1571978,1574958,50,FatiguedSquat,0.0001040945768356,0.0001457518625149,0.1296908255061135,0.1551009194850921,1.0407924499987187e-08,0.0,0.0,0.0,0.0,0.0,0.0,4.019567191949306,4.260410592987247,0.1151404271981457,0.0017083978544646,1.0026905661481744,1.0,2.98,0.0,0.0,1.400173445842873,0.8361705726857953,0.4679063623180375,1,session_20260531_095213
session_20260531_095213,D:\mpu_wave\session_20260531_095213.log,1573016,1575932,49,FatiguedSquat,0.0001107788085937,0.0001551349765451,0.1343149382442388,0.1615155029296874,1.1794916514218431e-08,0.0,0.0,0.0,0.0,0.0,0.0,4.025130416298306,4.260410592987247,0.1143781922180938,0.0016728352147811,1.003060314731094,1.0,2.916,0.0,0.0,1.4003903645841669,0.8315916118040911,0.4705382352757334,1,session_20260531_095213
session_20260531_095213,D:\mpu_wave\session_20260531_095213.log,1573986,1576964,50,FatiguedSquat,0.000120921031634,0.00016268217848,0.1458579516161543,0.1800514161030451,1.1843595303587276e-08,0.0,0.0,0.0,0.0,0.0,0.0,4.026143883062516,4.260410592987247,0.0905695494391125,0.0018834068663592,1.0024686435443302,1.0,2.978,0.0,0.0,1.3453477110974248,0.8100905505935477,0.4312173126448296,1,session_20260531_095213
session_20260531_095213,D:\mpu_wave\session_20260531_095213.log,1575019,1577938,49,FatiguedSquat,0.0001181185326608,0.0001553393529967,0.1344868780725768,0.1723939984185354,1.0178326831482137e-08,0.0,0.0,0.0,0.0,0.0,0.0,4.022251194183848,4.213546848080008,0.1006962256000254,0.0022563234311892,1.0024020804650202,1.0,2.919,0.0,0.0,1.3151030104623858,0.7801134524762182,0.405021862947939,1,session_20260531_095213
session_20260531_095213,D:\mpu_wave\session_20260531_095213.log,1575992,1578916,49,FatiguedSquat,0.0001235448259885,0.000165778546384,0.1352267996696945,0.1806225355952775,1.2219202412661104e-08,0.0,0.0,0.0,0.0,0.0,0.0,3.98998284442845,4.403693667654032,0.1892884445843597,0.002295098822021,1.0023919421746827,1.0,2.924,0.0,0.0,1.3418385045188626,0.7486706931411244,0.4290069716211623,1,session_20260531_095213
session_20260531_095213,D:\mpu_wave\session_20260531_095213.log,1577025,1579949,49,FatiguedSquat,0.0001371606028809,0.000180872398039,0.1516601151392041,0.2005288014119985,1.3901793389735562e-08,0.0,0.0,0.0,0.0,0.0,0.0,3.992341571616765,4.403693667654032,0.2084356788598814,0.0021785379012062,1.0028064581503875,1.0,2.924,0.0,0.0,1.318680988264864,0.75630090697699,0.4123347414234686,1,session_20260531_095213
session_20260531_095213,D:\mpu_wave\session_20260531_095213.log,1577999,1580924,49,FatiguedSquat,0.0001455689044225,0.0006377785251323,0.1599832895040816,0.2128945227180208,3.855711411852379e-07,0.0,0.2331792091836734,0.0,0.0,0.0,0.0,3.9900782771326058,4.403693667654032,0.2080730030373786,0.0020240495845419,1.0028078326493797,1.0,2.925,0.0,365.6109987777919,4.38125261991622,0.7514673778832367,0.9455801766167024,1,session_20260531_095213
session_20260531_095213,D:\mpu_wave\session_20260531_095213.log,1578977,1581968,50,FatiguedSquat,0.0002908299525578,0.0015122052455644,0.278243289547367,0.434936194050312,2.202182643407817e-06,1.0515234375,1.0515234375,0.0,0.0,0.0,0.0,4.0181653490838185,4.758248629037091,0.2019704762918801,0.0019700105526125,1.0028658367464462,1.0,2.991,3615.5829640956954,695.3571581814928,5.1996021477923255,0.6397335809570429,0.962591405869438,1,session_20260531_095213
session_20260531_095213,D:\mpu_wave\session_20260531_095213.log,1580010,1582944,49,FatiguedSquat,0.0002948410332608,0.0015276918605675,0.2813557235245612,0.4325317957936501,2.2469111859499647e-06,1.0525350765306123,1.0525350765306123,0.0,0.0,0.0,0.0,4.047262033650756,4.758248629037091,0.2044433646665012,0.002002412271105,1.0024649073340035,1.0,2.934,3569.827086355302,688.9703445623229,5.181391010202485,0.6504856420042311,0.962339542013922,1,session_20260531_095213
session_20260531_095213,D:\mpu_wave\session_20260531_095213.log,1580985,1583915,49,FatiguedSquat,0.000286531837619,0.0014001285189883,0.2767478776921449,0.4197691421119534,1.8782593757151425e-06,1.0511001275510206,0.8175223214285714,0.0,0.0,0.0,0.0,4.048886519873848,4.758248629037091,0.205460410804451,0.0020234303392503,1.002716435508614,1.0,2.93,3668.340900418408,583.890497515733,4.886450469770213,0.6592859009132445,0.9576311847439122,1,session_20260531_095213
session_20260531_095213,D:\mpu_wave\session_20260531_095213.log,1582030,1584948,49,FatiguedSquat,0.0001300720779263,0.0001733084180883,0.1575899218478347,0.1897751616945072,1.3117062324209311e-08,0.0,0.0,0.0,0.0,0.0,0.0,4.037466652872587,4.56119486235178,0.1565720517172715,0.0021863341440052,1.002716435508614,1.0,2.918,0.0,0.0,1.3323926891812297,0.8304033025729345,0.4226428523166509,1,session_20260531_095213
session_20260531_095213,D:\mpu_wave\session_20260531_095213.log,1583004,1585923,49,FatiguedSquat,0.0001228304785125,0.0001616536904337,0.1484016143244558,0.1792710833890097,1.1044589179240288e-08,0.0,0.0,0.0,0.0,0.0,0.0,4.007242996094382,4.358243840938219,0.1338865205675059,0.0022368233480619,1.0029183064885687,1.0,2.919,0.0,0.0,1.316060771972969,0.8278056376477947,0.4070700104448606,1,session_20260531_095213
session_20260531_095213,D:\mpu_wave\session_20260531_095213.log,1583976,1586961,50,FatiguedSquat,0.0001158196290334,0.0001522901947472,0.1466832649265415,0.1728607963323592,9.778116946716616e-09,0.0,0.0,0.0,0.0,0.0,0.0,3.9881531253133975,4.349999849297421,0.1596104919568678,0.002078493668177,1.002976215141004,1.0,2.985,0.0,0.0,1.314879706820753,0.8485629315044395,0.4041829659009667,1,session_20260531_095213
session_20260531_095213,D:\mpu_wave\session_20260531_095213.log,1585010,1587934,49,FatiguedSquat,0.0001137922166967,0.000144924866886,0.1424164280738225,0.1663642208105852,8.054548461186097e-09,0.0,0.0,0.0,0.0,0.0,0.0,4.004908862540427,4.442046323211419,0.1958503114446842,0.0021756118055988,1.0024329926982682,1.0,2.924,0.0,0.0,1.2735808960591064,0.856052019622172,0.3660623101537731,1,session_20260531_095213
session_20260531_095213,D:\mpu_wave\session_20260531_095213.log,1585983,1588974,50,FatiguedSquat,0.0001079449097315,0.0001390081848726,0.139102014077222,0.1614316125035285,7.671171924631169e-09,0.0,0.0,0.0,0.0,0.0,0.0,4.014215693783886,4.442046323211419,0.1947848453941467,0.0022869963521171,1.00292206794921,1.0,2.991,0.0,0.0,1.287757778116201,0.861677654446423,0.377457459509022,1,session_20260531_095213
session_20260531_095213,D:\mpu_wave\session_20260531_095213.log,1587022,1589948,49,FatiguedSquat,0.0001216618138916,0.0001554278824382,0.1437236445978106,0.1779912337235042,9.356229679824324e-09,0.0,0.0,0.0,0.0,0.0,0.0,4.019096235680473,4.442046323211419,0.1724177233417327,0.0023401513780484,1.0015890043563465,1.0,2.926,0.0,0.0,1.2775298997821871,0.8074759682468317,0.3719013495876898,1,session_20260531_095213
session_20260531_095213,D:\mpu_wave\session_20260531_095213.log,1587996,1590923,49,FatiguedSquat,0.000109422725885,0.0001442810024477,0.1300022150168423,0.1601401593328333,8.843674727206316e-09,0.0,0.0,0.0,0.0,0.0,0.0,4.005300908208568,4.243629474800861,0.1101448335801333,0.0021032061493274,1.0018815801407968,1.0,2.927,0.0,0.0,1.3185531865298672,0.8118027029987193,0.4053569060457879,1,session_20260531_095213
session_20260531_095213,D:\mpu_wave\session_20260531_095213.log,1589034,1591958,49,FatiguedSquat,0.0001167555812264,0.0001531158655067,0.1342708522173873,0.1706966597531117,9.812602522348278e-09,0.0,0.0,0.0,0.0,0.0,0.0,3.956958635108388,4.243107643349312,0.1340190031159437,0.0019052353251637,1.0017654287755662,1.0,2.924,0.0,0.0,1.3114110048301546,0.7866050315512083,0.4014242573825476,1,session_20260531_095213
session_20260531_095213,D:\mpu_wave\session_20260531_095213.log,1590010,1592929,49,FatiguedSquat,0.0001078664688836,0.0001426825665335,0.1302400272569087,0.1574311113357543,8.723139683152627e-09,0.0,0.0,0.0,0.0,0.0,0.0,3.972434898578596,4.226802412338055,0.1283454402860908,0.0018333327791779,1.0020440266739084,1.0,2.919,0.0,0.0,1.3227580846209872,0.8272826465149082,0.4084189116914323,1,session_20260531_095213
session_20260531_095213,D:\mpu_wave\session_20260531_095213.log,1590983,1593972,50,FatiguedSquat,0.0002807569662729,0.0014913504946439,0.2688046029576565,0.4195912860949834,2.145301823764059e-06,1.0508203125,1.0508203125,0.0,0.0,0.0,0.0,3.969307270433484,4.226802412338055,0.129761348020673,0.0019618917674943,1.0023254831799564,1.0,2.989,3742.7978498685015,704.609420565102,5.311872408969872,0.6406343773692491,0.9641258681868756,1,session_20260531_095213
session_20260531_095213,D:\mpu_wave\session_20260531_095213.log,1592019,1594942,49,FatiguedSquat,0.0002743437744322,0.0015050648356939,0.2552768175366499,0.4009534263327007,2.1899556530727823e-06,1.0485889668367347,1.0485889668367347,0.0,0.0,0.0,0.0,3.9980253999924007,4.226802412338055,0.1023112144123495,0.0018526343781091,1.0019796118851112,1.0,2.923,3822.157608093137,696.7063778663507,5.486034274969456,0.6366744866974982,0.9663472649622216,1,session_20260531_095213
session_20260531_095213,D:\mpu_wave\session_20260531_095213.log,1592990,1595914,49,FatiguedSquat,0.0002683866267301,0.0015043006593347,0.247258306730057,0.3923812482794937,2.1908890922674497e-06,1.0489477040816326,1.0489477040816326,0.0,0.0,0.0,0.0,3.9844127193024494,4.162636786324177,0.0973252833205526,0.0019973562498435,1.001683025874467,1.0,2.924,3908.3310838925418,697.2987748650706,5.604955331443869,0.6301481204417457,0.9677411895617332,1,session_20260531_095213
session_20260531_095213,D:\mpu_wave\session_20260531_095213.log,1594032,1596956,49,FatiguedSquat,9.860252036529334e-05,0.000126455735218,0.1240594160176661,0.1441568847740588,6.268595947146749e-09,0.0,0.0,0.0,0.0,0.0,0.0,4.002244904052695,4.232216932018531,0.1016813990275857,0.0022130500564547,1.001673311718201,1.0,2.924,0.0,0.0,1.2824667390125892,0.8605861270623447,0.3689351071052758,1,session_20260531_095213
session_20260531_095213,D:\mpu_wave\session_20260531_095213.log,1595004,1597929,49,FatiguedSquat,9.258747911777624e-05,0.0001202452921956,0.1190163094671537,0.1354091882097477,5.8864890058317285e-09,0.0,0.0,0.0,0.0,0.0,0.0,4.018627359144213,4.232216932018531,0.1026930417449933,0.0023350386486095,1.0022286227823185,1.0,2.925,0.0,0.0,1.2987068514505955,0.8789382032470371,0.3807824275948283,1,session_20260531_095213
session_20260531_095213,D:\mpu_wave\session_20260531_095213.log,1595976,1598961,50,FatiguedSquat,7.71191676457723e-05,0.0001036895884012,0.1056184013893362,0.1151003577113151,4.804164724439928e-09,0.0,0.0,0.0,0.0,0.0,0.0,4.039424312295674,4.232216932018531,0.0969441834928352,0.002374157066826,1.0022702965215546,1.0,2.985,0.0,0.0,1.3445197484203737,0.9176200888673096,0.408811824568179,1,session_20260531_095213
session_20260531_095213,D:\mpu_wave\session_20260531_095213.log,1597017,1599936,49,FatiguedSquat,8.39878345022396e-05,0.0001189280607024,0.1078016097604164,0.1225802444560187,7.089927278080386e-09,0.0,0.0,0.0,0.0,0.0,0.0,4.017668920814417,4.219309849665237,0.1058733971393312,0.0020678182914285,1.0030265694452654,1.0,2.919,0.0,0.0,1.4159984646449906,0.8794370525150824,0.4681710091569345,1,session_20260531_095213
session_20260531_095213,D:\mpu_wave\session_20260531_095213.log,1597990,1600973,50,FatiguedSquat,9.461010297139486e-05,0.0001335124313718,0.120072316309701,0.1411109685818354,8.874497746572845e-09,0.0,0.0,0.0,0.0,0.0,0.0,4.015970637487622,4.240737995855217,0.1266315385147156,0.0018308762211644,1.0030664716053912,1.0,2.983,0.0,0.0,1.411170858162874,0.8509070320012699,0.4714066061226105,1,session_20260531_095213
session_20260531_095213,D:\mpu_wave\session_20260531_095213.log,1599021,1601949,49,FatiguedSquat,0.0001165073258536,0.0001577406423414,0.1390073986708813,0.1705667250497,1.1308153268743449e-08,0.0,0.0,0.0,0.0,0.0,0.0,3.996452920152607,4.995534396491756,0.2714347348570238,0.0017208069807534,1.002541791123304,1.0,2.928,0.0,0.0,1.35390017138922,0.8149737166812777,0.4369100185854352,1,session_20260531_095213
session_20260531_095213,D:\mpu_wave\session_20260531_095213.log,1599996,1602925,49,FatiguedSquat,0.0001007279003558,0.0001363757657242,0.1189616927331738,0.1475160100711446,8.452239566780875e-09,0.0,0.0,0.0,0.0,0.0,0.0,4.007677156865527,4.995534396491756,0.2652935852565903,0.0016823904155456,1.0023508602374789,1.0,2.929,0.0,0.0,1.3538891543785352,0.8064324127894189,0.4312730302494217,1,session_20260531_095213
session_20260531_095213,D:\mpu_wave\session_20260531_095213.log,1601035,1603965,49,FatiguedSquat,9.568134943644206e-05,0.0001277134348062,0.1133793736998067,0.1401731769243876,7.155800800030553e-09,0.0,0.0,0.0,0.0,0.0,0.0,3.978413708027137,4.995534396491756,0.2617220474347094,0.0018438384291221,1.0024436880049492,1.0,2.93,0.0,0.0,1.3347648292340508,0.8088521311899343,0.4133739214141347,1,session_20260531_095213
session_20260531_095213,D:\mpu_wave\session_20260531_095213.log,1602009,1604940,49,FatiguedSquat,9.107341571730008e-05,0.0001164495765039,0.1084867225541277,0.1334680907337032,5.266136817541488e-09,0.0,0.0,0.0,0.0,0.0,0.0,3.995724675939495,4.228215264595377,0.1154101003543644,0.0019104332194003,1.002740071321007,1.0,2.931,0.0,0.0,1.2786200777334835,0.8128289027356543,0.3616727048251627,1,session_20260531_095213
session_20260531_095213,D:\mpu_wave\session_20260531_095213.log,1602987,1605918,49,FatiguedSquat,9.269247249681122e-05,0.0001191125894207,0.1092662793223993,0.1358408184440768,5.595914500949327e-09,0.0,0.0,0.0,0.0,0.0,0.0,3.9949096728396754,4.228215264595377,0.1242725636525159,0.0018118835801469,1.0027028006385093,1.0,2.931,0.0,0.0,1.2850159370701075,0.8043699954812348,0.3684477804686649,1,session_20260531_095213
session_20260531_095213,D:\mpu_wave\session_20260531_095213.log,1604025,1606958,49,FatiguedSquat,8.369444178886153e-05,0.0001095637471146,0.1019424547838224,0.1227378988833654,4.999455095443521e-09,0.0,0.0,0.0,0.0,0.0,0.0,4.023912299531698,4.566787114447746,0.1551384472688698,0.0018362947644748,1.002655853656621,1.0,2.933,0.0,0.0,1.3090766327633387,0.8305703037178871,0.3844488281513312,1,session_20260531_095213
session_20260531_095213,D:\mpu_wave\session_20260531_095213.log,1605002,1607928,49,FatiguedSquat,9.055924253398869e-05,0.0001218136749608,0.1097755188594705,0.1324881718272254,6.6375949991432125e-09,0.0,0.0,0.0,0.0,0.0,0.0,4.019188828994599,4.566787114447746,0.1654238637930007,0.0019510178558705,1.0025906755935126,1.0,2.926,0.0,0.0,1.345112066314901,0.8285684413704314,0.4190778845124532,1,session_20260531_095213
session_20260531_095213,D:\mpu_wave\session_20260531_095213.log,1605978,1608966,50,FatiguedSquat,0.0001110788345336,0.0001493686704963,0.1349379860663786,0.1659517787933349,9.97249224448928e-09,0.0,0.0,0.0,0.0,0.0,0.0,4.046467594512086,4.626162039016228,0.2377053410940335,0.00194816651346,1.002422163466269,1.0,2.988,0.0,0.0,1.3446965520196468,0.8131156305429277,0.4278019974162472,1,session_20260531_095213
session_20260531_095213,D:\mpu_wave\session_20260531_095213.log,1607019,1609935,49,FatiguedSquat,0.0001185738310521,0.0001553476931791,0.1389491283114315,0.1728806456741021,1.0073152365675423e-08,0.0,0.0,0.0,0.0,0.0,0.0,4.020002075430665,4.626162039016228,0.228314297933683,0.0018320614161218,1.0023950044843322,1.0,2.916,0.0,0.0,1.3101236729633137,0.8037286473908497,0.4007953738189069,1,session_20260531_095213
session_20260531_095213,D:\mpu_wave\session_20260531_095213.log,1607989,1610968,50,FatiguedSquat,0.0001105355183283,0.0001447797600179,0.1359857640059665,0.1646426545500755,8.743078098732254e-09,0.0,0.0,0.0,0.0,0.0,0.0,4.001184006712168,4.626162039016228,0.2243633429897557,0.0017695153336018,1.002669600417157,1.0,2.979,0.0,0.0,1.3097912093436868,0.8259449141635529,0.398115152844236,1,session_20260531_095213
session_20260531_095213,D:\mpu_wave\session_20260531_095213.log,1609026,1611941,49,FatiguedSquat,0.0001068548037081,0.0001412969468493,0.1345364633269709,0.1557408764046065,8.546878113445081e-09,0.0,0.0,0.0,0.0,0.0,0.0,4.038967190850797,6.316760452853069,0.3895565123835804,0.0018656389997732,1.0027597166335789,1.0,2.915,0.0,0.0,1.3223142023739882,0.8638481146953625,0.4076770123795857,1,session_20260531_095213
session_20260531_095213,D:\mpu_wave\session_20260531_095213.log,1609997,1612917,49,FatiguedSquat,0.0001162845828906,0.0001517720195121,0.1407263964370247,0.1697754910203064,9.512641688748595e-09,0.0,0.0,0.0,0.0,0.0,0.0,4.070635465390297,6.316760452853069,0.385736048583931,0.0022455155900022,1.0028715181800207,1.0,2.92,0.0,0.0,1.305166261710197,0.8288970025202038,0.3957870711693072,1,session_20260531_095213
session_20260531_095213,D:\mpu_wave\session_20260531_095213.log,1611029,1613949,49,FatiguedSquat,0.0001177623401693,0.0001527461764137,0.1399024776835628,0.1719330166472869,9.463425646867314e-09,0.0,0.0,0.0,0.0,0.0,0.0,4.079389440827376,6.316760452853069,0.3852573885957315,0.0020429257149631,1.0025220746537582,1.0,2.92,0.0,0.0,1.2970604960262502,0.8137033805255871,0.3889388946551013,1,session_20260531_095213
session_20260531_095213,D:\mpu_wave\session_20260531_095213.log,1612002,1614923,49,FatiguedSquat,0.0001220798249147,0.0001583627965442,0.1441728090426605,0.1782975842879743,1.0175291678095037e-08,0.0,0.0,0.0,0.0,0.0,0.0,4.047570326585336,4.382111583334229,0.1595625459341612,0.0022907990145603,1.002801673393257,1.0,2.921,0.0,0.0,1.297196317724986,0.8086077487241472,0.3901752114356294,1,session_20260531_095213
session_20260531_095213,D:\mpu_wave\session_20260531_095213.log,1612978,1615958,50,FatiguedSquat,0.0001528478304545,0.0002064538123274,0.1928301935394605,0.2277432673772176,1.926071734987912e-08,0.0,0.0,0.0,0.0,0.0,0.0,4.040366337838647,4.615171470651311,0.2032919694389473,0.0021642870707645,1.0029078204555395,1.0,2.98,0.0,0.0,1.35070586875622,0.8466998603887181,0.4415248691230989,1,session_20260531_095213
session_20260531_095213,D:\mpu_wave\session_20260531_095213.log,1614010,1616932,49,FatiguedSquat,0.00018971911093,0.0002500482282115,0.2381573048196923,0.2771796210687987,2.6530775379644775e-08,0.0,0.0,0.0,0.0,0.0,0.0,4.048357483055161,4.615171470651311,0.197910516484562,0.0021659056758098,1.003034346634704,1.0,2.922,0.0,0.0,1.3179848303153308,0.8592165002684767,0.4176488689639109,1,session_20260531_095213
session_20260531_095213,D:\mpu_wave\session_20260531_095213.log,1614984,1617963,50,FatiguedSquat,0.0001856372038523,0.0002474608133039,0.2392592260312288,0.2765066151380539,2.6775682666927093e-08,0.0,0.0,0.0,0.0,0.0,0.0,4.017641255050815,4.615171470651311,0.190987215531009,0.0018844734820302,1.002889114042794,1.0,2.979,0.0,0.0,1.33302740582842,0.8652929516586022,0.4302223022849561,1,session_20260531_095213
session_20260531_095213,D:\mpu_wave\session_20260531_095213.log,1616018,1618935,49,FatiguedSquat,0.0001915353982626,0.0002541777565238,0.2429316823861757,0.2793543783661459,2.792052312384045e-08,0.0,0.0,0.0,0.0,0.0,0.0,4.021698196583956,4.7226497378683705,0.208418889685305,0.001723837424622,1.0028714661752878,1.0,2.917,0.0,0.0,1.3270467588892625,0.8696183068165492,0.4255766525936523,1,session_20260531_095213
session_20260531_095213,D:\mpu_wave\session_20260531_095213.log,1616993,1619974,50,FatiguedSquat,0.0001862862984339,0.0002464611672244,0.233678695887948,0.2776597278157869,2.6040521965406487e-08,0.0,0.0,0.0,0.0,0.0,0.0,4.016432120830385,4.7226497378683705,0.2007115822959248,0.0019924114859051,1.0028383863584809,1.0,2.981,0.0,0.0,1.323016487416734,0.8416009656300639,0.4217559376571755,1,session_20260531_095213
session_20260531_095213,D:\mpu_wave\session_20260531_095213.log,1618024,1620945,49,FatiguedSquat,0.0001974464273777,0.0002584454496972,0.2428004631486429,0.2883705071851509,2.7808958785009854e-08,0.0,0.0,0.0,0.0,0.0,0.0,3.983713400258462,4.7226497378683705,0.2146973327686209,0.0019748922107551,1.0024220817327267,1.0,2.921,0.0,0.0,1.3089329809442618,0.8419739753440759,0.4101976293278206,1,session_20260531_095213
session_20260531_095213,D:\mpu_wave\session_20260531_095213.log,1618995,1621916,49,FatiguedSquat,0.0001725414091227,0.0002283338918693,0.2127388642400306,0.2519967280237042,2.2365828314154125e-08,0.0,0.0,0.0,0.0,0.0,0.0,3.994953536825265,4.333263107940275,0.1433918594808125,0.0018196261712822,1.002312058671042,1.0,2.921,0.0,0.0,1.3233493900445557,0.8442128001590814,0.420913771935186,1,session_20260531_095213
session_20260531_095213,D:\mpu_wave\session_20260531_095213.log,1620035,1622953,49,FatiguedSquat,0.0001685810981153,0.0002253446614808,0.2104719260580153,0.2459598221503146,2.236062981612948e-08,0.0,0.0,0.0,0.0,0.0,0.0,3.989731879181898,4.4530585222072565,0.1685332013614916,0.0016598108580052,1.002312058671042,1.0,2.918,0.0,0.0,1.3367057593898637,0.8557166912963202,0.4318373182990654,1,session_20260531_095213
session_20260531_095213,D:\mpu_wave\session_20260531_095213.log,1621006,1623923,49,FatiguedSquat,0.0001577805175262,0.0002108845318645,0.1926245580693124,0.2301228848119982,1.9577594068879225e-08,0.0,0.0,0.0,0.0,0.0,0.0,4.011963413319568,4.4530585222072565,0.1426715015949039,0.0017252020200982,1.0027329085621293,1.0,2.917,0.0,0.0,1.336560423368223,0.8370508538932518,0.4305390356604751,1,session_20260531_095213
session_20260531_095213,D:\mpu_wave\session_20260531_095213.log,1621977,1624955,50,FatiguedSquat,0.0001641084194183,0.0002159760437205,0.2003424005455958,0.2443574365139007,1.9714078137176452e-08,0.0,0.0,0.0,0.0,0.0,0.0,3.99818322996462,4.4530585222072565,0.1621745048382052,0.0017793498917495,1.0031865680992231,1.0,2.978,0.0,0.0,1.31604903902532,0.8198743716740725,0.4137644786585995,1,session_20260531_095213
session_20260531_095213,D:\mpu_wave\session_20260531_095213.log,1623014,1625931,49,FatiguedSquat,0.0001609106939666,0.000214561838803,0.194101234535674,0.2346882471503043,2.0144531237741815e-08,0.0,0.0,0.0,0.0,0.0,0.0,4.023450724332134,4.5669657492952265,0.1813890371291824,0.0017879218462508,1.003279300955742,1.0,2.917,0.0,0.0,1.3334135855135474,0.8270598807800692,0.4282718777521899,1,session_20260531_095213
session_20260531_095213,D:\mpu_wave\session_20260531_095213.log,1623984,1626967,50,FatiguedSquat,0.000176551802953,0.0002342240534389,0.2239171784775797,0.2633270141045252,2.3690368083368755e-08,0.0,0.9321875,0.0,0.0,0.0,0.0,4.032606802191262,4.5669657492952265,0.1922257611122847,0.0017200227609239,1.0031139621651026,1.0,2.983,0.0,3979.879548808088,1.326651571208139,0.850338801693772,0.4240956559223585,1,session_20260531_095213
session_20260531_095213,D:\mpu_wave\session_20260531_095213.log,1625017,1627943,49,FatiguedSquat,0.0001600844843857,0.0002181661222184,0.2004558874582428,0.2342036006564185,2.1969414742758946e-08,0.0,0.9330357142857142,0.0,0.0,0.0,0.0,4.0224124631606655,4.5669657492952265,0.1682942325485159,0.0016972677243598,1.0032338142795676,1.0,2.926,0.0,4276.70175413312,1.3628101451888013,0.8559043756821286,0.4520785290022114,1,session_20260531_095213
session_20260531_095213,D:\mpu_wave\session_20260531_095213.log,1625991,1628920,49,FatiguedSquat,0.0001505919054251,0.0002015988363426,0.188931509276003,0.220541845495198,1.7964168835138443e-08,0.0,0.9339923469387754,0.0,0.0,0.0,0.0,4.016694073596248,4.272361622123808,0.131209769521364,0.0016834760514928,1.003386767568239,1.0,2.929,0.0,4632.902307277156,1.3387007560116302,0.8566696628257201,0.4313944973383588,1,session_20260531_095213
session_20260531_095213,D:\mpu_wave\session_20260531_095213.log,1627029,1629954,49,FatiguedSquat,0.0001529979219242,0.0002045459296851,0.1788193801220753,0.2237594608141451,1.8430673237631536e-08,0.0,0.0,0.0,0.0,0.0,0.0,4.013087727228343,4.258734772620592,0.1246258725286053,0.0017841408863969,1.0034124889363372,1.0,2.925,0.0,0.0,1.3369109214146568,0.7991589659372837,0.4302307982956208,1,session_20260531_095213
session_20260531_095213,D:\mpu_wave\session_20260531_095213.log,1628004,1630931,49,FatiguedSquat,0.0001582328721779,0.0002095571502673,0.1844440713451484,0.2315738084324363,1.887655739047409e-08,0.0,0.0,0.0,0.0,0.0,0.0,4.025541209405409,4.279448137223598,0.1272159742329357,0.0018733204870343,1.0028342598123146,1.0,2.927,0.0,0.0,1.324350768788892,0.7964807065064998,0.4202803949500102,1,session_20260531_095213
session_20260531_095213,D:\mpu_wave\session_20260531_095213.log,1628981,1631962,50,FatiguedSquat,0.0001585887114206,0.0002080679053876,0.1833778711760882,0.2363764743725458,1.8141873862337745e-08,0.0,0.0,0.0,0.0,0.0,0.0,4.021769139724846,4.279448137223598,0.1229092561985925,0.0018254778169489,1.0022934637477463,1.0,2.981,0.0,0.0,1.3119886752030674,0.7757873150746994,0.4095947379093632,1,session_20260531_095213
session_20260531_095213,D:\mpu_wave\session_20260531_095213.log,1630015,1632936,49,FatiguedSquat,0.0001401602735324,0.000180409843707,0.1670965936704583,0.2047040794941843,1.2902809429720696e-08,0.0,0.0,0.0,0.0,0.0,0.0,4.029841286407026,4.279448137223598,0.108781074604109,0.0020166866176449,1.0021654911556694,1.0,2.921,0.0,0.0,1.2871589930673268,0.8162836484112269,0.3846107163026434,1,session_20260531_095213
session_20260531_095213,D:\mpu_wave\session_20260531_095213.log,1630991,1633970,50,FatiguedSquat,0.00014002652963,0.0001826582684478,0.1724429515896365,0.2085695158839225,1.375661403212784e-08,0.0,0.0,0.0,0.0,0.0,0.0,4.003585976086089,4.21465307077148,0.1188605846531924,0.0021480092298943,1.0024395840840217,1.0,2.979,0.0,0.0,1.3044454110590449,0.8267888527814353,0.4003200094696371,1,session_20260531_095213
session_20260531_095213,D:\mpu_wave\session_20260531_095213.log,1632023,1634945,49,FatiguedSquat,0.0001394145261673,0.0001843660098717,0.1763434905350702,0.2036846227305276,1.4554415489570865e-08,0.0,0.0,0.0,0.0,0.0,0.0,4.015782838539415,4.298096331252132,0.1351602804512336,0.0022361338513709,1.0030330021583196,1.0,2.922,0.0,0.0,1.3224209307251151,0.8657673186384979,0.4159494736590812,1,session_20260531_095213
session_20260531_095213,D:\mpu_wave\session_20260531_095213.log,1632997,1635916,49,FatiguedSquat,0.0001497323334622,0.0001978605031614,0.1834854427708445,0.2185343406881604,1.672900702723143e-08,0.0,0.0,0.0,0.0,0.0,0.0,4.007372980504319,4.298096331252132,0.137475630917695,0.0020126581015531,1.003366778105148,1.0,2.919,0.0,0.0,1.321419209646326,0.8396183471825713,0.4166753650847664,1,session_20260531_095213
session_20260531_095213,D:\mpu_wave\session_20260531_095213.log,1634031,1636948,49,FatiguedSquat,0.0001651516414823,0.0002148230149631,0.1997993282084574,0.2408736691020783,1.8873863073540258e-08,0.0,0.0,0.0,0.0,0.0,0.0,4.0517263345310415,4.514839661512093,0.1601764336953823,0.0019542089629548,1.002761915933572,1.0,2.917,0.0,0.0,1.3007543387435063,0.8294776599027438,0.4003031239748496,1,session_20260531_095213
session_20260531_095213,D:\mpu_wave\session_20260531_095213.log,1635007,1637925,49,FatiguedSquat,0.0001799763141035,0.000242678885822,0.2152000638305013,0.2625854422770389,2.6501567985534864e-08,0.0,0.0,0.0,0.0,0.0,0.0,4.042558224254483,4.514839661512093,0.1544492211015223,0.0017308204608995,1.0022040233314533,1.0,2.918,0.0,0.0,1.348385973147969,0.8195430072011112,0.4424815849558212,1,session_20260531_095213
session_20260531_095213,D:\mpu_wave\session_20260531_095213.log,1635977,1638957,50,FatiguedSquat,0.0001859506924947,0.0002528836041253,0.2342782468606407,0.2770665318171184,2.9372457196151334e-08,0.0,0.0,0.0,0.0,0.0,0.0,4.044988691683864,4.514839661512093,0.1542889415082482,0.0017618214600542,1.0019584702023692,1.0,2.98,0.0,0.0,1.3599424707173224,0.8455667470140803,0.4522310112188094,1,session_20260531_095213
session_20260531_095213,D:\mpu_wave\session_20260531_095213.log,1637010,1639932,49,FatiguedSquat,0.0001793326163778,0.0002469314268732,0.2213874861606568,0.2620049525280388,2.8814942280758432e-08,0.0,0.0,0.0,0.0,0.0,0.0,4.041831978362615,4.46635343825037,0.1500044004039427,0.0018913743705341,1.0018886523110817,1.0,2.922,0.0,0.0,1.3769388688009443,0.8449744296035405,0.464943639119624,1,session_20260531_095213
session_20260531_095213,D:\mpu_wave\session_20260531_095213.log,1637985,1640964,50,FatiguedSquat,0.0001670865615208,0.0002233882145602,0.2100631227634381,0.2488754333853721,2.1984375363525528e-08,0.0,0.0,0.0,0.0,0.0,0.0,4.040958240737652,4.46635343825037,0.1391861052325014,0.0018868328193624,1.0022391672923805,1.0,2.979,0.0,0.0,1.3369529875644353,0.8440492460905765,0.4318936036334091,1,session_20260531_095213
session_20260531_095213,D:\mpu_wave\session_20260531_095213.log,1639019,1641935,49,FatiguedSquat,0.0001654322779908,0.0002196291448302,0.1983431348073467,0.2412002613106552,2.0869122657616477e-08,0.0,0.0,0.0,0.0,0.0,0.0,4.023245440258103,4.46635343825037,0.1364533426291159,0.0019956666304853,1.002728807042307,1.0,2.916,0.0,0.0,1.3275995464611396,0.8223172433862846,0.4238507439136945,1,session_20260531_095213
session_20260531_095213,D:\mpu_wave\session_20260531_095213.log,1639992,1642968,50,FatiguedSquat,0.0001753738164901,0.0002290528659879,0.2182472481638193,0.2609562389373779,2.1709239906945493e-08,0.0,0.0,0.0,0.0,0.0,0.0,4.006152699014521,4.298394587037423,0.1243545461177418,0.0022167434546254,1.002636554758355,1.0,2.976,0.0,0.0,1.3060761549007367,0.8363365758802795,0.4060441866270174,1,session_20260531_095213
session_20260531_095213,D:\mpu_wave\session_20260531_095213.log,1641024,1643943,49,FatiguedSquat,0.0001661005068798,0.0002169492791635,0.2033263469108247,0.2424236897911343,1.9477611343852693e-08,0.0,0.0,0.0,0.0,0.0,0.0,3.9789215401975673,4.363328329639109,0.1472900659876007,0.0023354176701545,1.0024045481272106,1.0,2.919,0.0,0.0,1.3061246898892414,0.8387230895102786,0.4052180395199693,1,session_20260531_095213
session_20260531_095213,D:\mpu_wave\session_20260531_095213.log,1641995,1644974,50,FatiguedSquat,0.0001535296201705,0.0002001140257955,0.1998830956114456,0.2286823692440986,1.6474279050387712e-08,0.0,0.0,0.0,0.0,0.0,0.0,4.008603346167424,4.363328329639109,0.1646651050290534,0.002205617793602,1.0021418000760125,1.0,2.979,0.0,0.0,1.3034144301197184,0.8740642988704712,0.4013650596046501,1,session_20260531_095213
session_20260531_095213,D:\mpu_wave\session_20260531_095213.log,1643029,1645946,49,FatiguedSquat,0.000154656228565,0.0002051707495362,0.1926247369628209,0.2255661093621026,1.817648743131487e-08,0.0,0.0,0.0,0.0,0.0,0.0,4.006947458232315,4.363328329639109,0.1377032076194074,0.0019139151250889,1.002694478446836,1.0,2.917,0.0,0.0,1.3266159715903276,0.8539613360074315,0.4217768198423746,1,session_20260531_095213
session_20260531_095213,D:\mpu_wave\session_20260531_095213.log,1644003,1646916,49,FatiguedSquat,0.0001690952712986,0.0002208413994541,0.2111119909483787,0.2462872626465194,2.017771293727644e-08,0.0,0.0,0.0,0.0,0.0,0.0,4.025193355930558,4.435377270139003,0.1406919943726523,0.0020414148392388,1.0029426507009915,1.0,2.913,0.0,0.0,1.3060098709334391,0.8571778654838379,0.4054116627147788,1,session_20260531_095213
session_20260531_095213,D:\mpu_wave\session_20260531_095213.log,1645035,1647954,49,FatiguedSquat,0.0001653734031988,0.0002167569267326,0.207602852872972,0.2413624819687434,1.9635202801018152e-08,0.0,0.0,0.0,0.0,0.0,0.0,4.015995218775767,4.435377270139003,0.121052948078687,0.0019640614981843,1.0024078333788922,1.0,2.919,0.0,0.0,1.3107042114130436,0.8601289244271517,0.4092068332926604,1,session_20260531_095213
session_20260531_095213,D:\mpu_wave\session_20260531_095213.log,1646006,1648926,49,FatiguedSquat,0.0001693248829874,0.0002218523197375,0.2142388598290177,0.2472143291616115,2.0547535774214412e-08,0.0,1.047512755102041,0.0,0.0,0.0,0.0,4.0251259530684695,4.435377270139003,0.1319656932500386,0.0018067672735997,1.0024078333788922,1.0,2.92,0.0,4721.645618562038,1.3102091412333488,0.8666118169159661,0.4091630675340227,1,session_20260531_095213
session_20260531_095213,D:\mpu_wave\session_20260531_095213.log,1646977,1649958,50,FatiguedSquat,0.0001731341997782,0.0002289664200796,0.22187184467831,0.2580565247694651,2.2450170391255378e-08,0.0,1.0480078125,0.0,0.0,0.0,0.0,4.0128593033280975,4.42127757053869,0.1362705948145894,0.0015826217288567,1.0023552034970575,1.0,2.981,0.0,4577.1045161590055,1.322471804537478,0.8597800191905214,0.4202135557959861,1,session_20260531_095213
session_20260531_095213,D:\mpu_wave\session_20260531_095213.log,1648014,1650928,49,FatiguedSquat,0.0001715493688778,0.0002263742162199,0.2109382015853157,0.2499474304549547,2.181609980680536e-08,0.0,1.0453603316326532,0.0,0.0,0.0,0.0,4.022971504429926,4.5700524767097725,0.1659385608046431,0.0018627159696372,1.0024839560373584,1.0,2.914,0.0,4617.821460707807,1.3195787202367293,0.843930263085463,0.4175706857684791,1,session_20260531_095213
session_20260531_095213,D:\mpu_wave\session_20260531_095213.log,1648986,1651958,50,FatiguedSquat,0.0001625073194503,0.0002121311587105,0.2044852963000535,0.2414858767032622,1.859099962094138e-08,0.0,0.0,0.0,0.0,0.0,0.0,4.008532805820349,4.5700524767097725,0.1597443260417593,0.0022310878147004,1.002055758312082,1.0,2.972,0.0,0.0,1.3053556853459622,0.8467795228643764,0.4041554297031547,1,session_20260531_095213
session_20260531_095213,D:\mpu_wave\session_20260531_095213.log,1650018,1652936,49,FatiguedSquat,0.0001879773983339,0.0002524783158325,0.2304204075498709,0.2742590241691693,2.8409797681234525e-08,0.0,0.0,0.0,0.0,0.0,0.0,3.994372350460576,4.5700524767097725,0.1872578569476728,0.0022322209994385,1.0019383494457,1.0,2.918,0.0,0.0,1.34312409335475,0.8401561531393261,0.4387932050097975,1,session_20260531_095213
session_20260531_095213,D:\mpu_wave\session_20260531_095213.log,1650989,1653975,50,FatiguedSquat,0.0001886297702789,0.0002535652247252,0.2367830409241219,0.2816242470264434,2.8714132954464105e-08,0.0,0.0,0.0,0.0,0.0,0.0,3.9948980270130257,4.356070601673773,0.1692063493848894,0.0021154938152384,1.0020639680259973,1.0,2.986,0.0,0.0,1.3442410501227344,0.8407764692970929,0.4397578808352591,1,session_20260531_095213
session_20260531_095213,D:\mpu_wave\session_20260531_095213.log,1652020,1654953,49,FatiguedSquat,0.0001825040051726,0.0002519304158902,0.2285738776471199,0.2676421235856555,3.016122254660532e-08,0.0,1.0521763392857144,0.0,0.0,0.0,0.0,3.994420643186958,4.356070601673773,0.1791257122940175,0.0016622653663075,1.0015748706119123,1.0,2.933,0.0,4176.439589987088,1.380402776636171,0.8540280346413396,0.467841182789998,1,session_20260531_095213
session_20260531_095213,D:\mpu_wave\session_20260531_095213.log,1652996,1655924,49,FatiguedSquat,0.0001528566224234,0.0002044048055812,0.1947846671535956,0.2237820952279226,1.8416177526023373e-08,0.0,1.0503826530612246,0.0,0.0,0.0,0.0,4.0225415639652855,4.356070601673773,0.108417461732582,0.001702660259717,1.001334566433571,1.0,2.928,0.0,5138.712425873223,1.3372235047268677,0.8704211392997542,0.4304723549821302,1,session_20260531_095213
session_20260531_095213,D:\mpu_wave\session_20260531_095213.log,1654037,1656954,49,FatiguedSquat,0.0001725355216435,0.0002351119366994,0.2161438273995018,0.2516430583170482,2.5509116549771923e-08,0.0,1.976602359693877,0.0,0.0,0.0,0.0,4.01245545884585,4.754138169027296,0.1578694562196947,0.0016774066919157,1.001073514383448,1.0,2.917,0.0,8407.033604537848,1.3626792429793184,0.8589302164188822,0.4532728159137301,1,session_20260531_095213
session_20260531_095213,D:\mpu_wave\session_20260531_095213.log,1655013,1657924,49,FatiguedSquat,0.0001695770633463,0.0002285221247903,0.2093876196040778,0.2468194157006789,2.346598110550824e-08,0.0,0.928252551020408,0.0,0.0,0.0,0.0,4.008747079419905,4.754138169027296,0.1605354451953025,0.0020239899328656,1.0017953640657853,1.0,2.911,0.0,4061.963321532575,1.3475924909199404,0.8483433856340602,0.4409045453059276,1,session_20260531_095213
session_20260531_095213,D:\mpu_wave\session_20260531_095213.log,1655985,1658958,50,FatiguedSquat,0.0001733072916666,0.000237055076007,0.2144619679288007,0.2576212890625,2.6159691715895023e-08,0.0,0.9290625,0.0,0.0,0.0,0.0,4.0101362532111695,4.754138169027296,0.2214649570796938,0.0022297480257572,1.0018103126711355,1.0,2.973,0.0,3919.1676317640113,1.3678230494766923,0.8324698936053435,0.4573763761533965,1,session_20260531_095213
session_20260531_095213,D:\mpu_wave\session_20260531_095213.log,1657016,1659934,49,FatiguedSquat,0.000153943843582,0.0002093917150715,0.192013539973659,0.2246040677862102,2.0146183363806182e-08,0.0,0.0,0.0,0.0,0.0,0.0,4.001785688635239,4.439585978908634,0.1795998049912749,0.0023193906696474,1.0021812000915238,1.0,2.918,0.0,0.0,1.3601736193261031,0.8548978698886683,0.4492414455868938,1,session_20260531_095213
session_20260531_095213,D:\mpu_wave\session_20260531_095213.log,1657985,1660965,50,FatiguedSquat,0.0001431046803792,0.0002019590086341,0.1854554326528062,0.2132259737650553,2.0308491622030652e-08,0.0,0.0,0.0,0.0,0.0,0.0,3.9917607664105694,4.439585978908634,0.1769746414593221,0.0021115114999725,1.0025424468981656,1.0,2.98,0.0,0.0,1.4112578068104409,0.8697600414637651,0.4859950993446506,1,session_20260531_095213
session_20260531_095213,D:\mpu_wave\session_20260531_095213.log,1659019,1661935,49,FatiguedSquat,0.0001428184703904,0.0001994826583537,0.1851038475752789,0.2082293298293133,1.9396215499215907e-08,0.0,0.0,0.0,0.0,0.0,0.0,3.991323317945124,4.1504961746068,0.0936489719528621,0.0018410273876198,1.002987964872168,1.0,2.916,0.0,0.0,1.3967469407944508,0.8889422390115133,0.4754751581055078,1,session_20260531_095213
session_20260531_095213,D:\mpu_wave\session_20260531_095213.log,1659996,1662969,50,FatiguedSquat,0.0001494783083597,0.0002072886452665,0.1982474315823987,0.2221995053768158,2.0624817786346185e-08,0.0,0.0,0.0,0.0,0.0,0.0,4.008222751154533,4.424248622707784,0.1606602073470078,0.0018311237942058,1.0031191741193115,1.0,2.973,0.0,0.0,1.3867380545248629,0.8922046444432776,0.4690807989267219,1,session_20260531_095213
session_20260531_095213,D:\mpu_wave\session_20260531_095213.log,1661026,1663945,49,FatiguedSquat,0.0001717279557468,0.0002288156724189,0.2166972768093858,0.2506369514124733,2.286612115954644e-08,0.0,0.0,0.0,0.0,0.0,0.0,4.0328958954051,4.424248622707784,0.150180910445605,0.0021567558682635,1.0026001579237551,1.0,2.919,0.0,0.0,1.332423361126586,0.8645863059041948,0.4285527196389471,1,session_20260531_095213
session_20260531_095213,D:\mpu_wave\session_20260531_095213.log,1661996,1664916,49,FatiguedSquat,0.0001767951128434,0.000237391857524,0.2328847608839472,0.2581208647513875,2.5098382093379903e-08,0.0,0.9311224489795916,0.0,0.0,0.0,0.0,4.025156657176362,5.39298255364889,0.2849123135867868,0.0022020165720973,1.0021677735388277,1.0,2.92,0.0,3922.285020245179,1.3427436480702162,0.9022314418713177,0.4375979159720617,1,session_20260531_095213
session_20260531_095213,D:\mpu_wave\session_20260531_095213.log,1663030,1665957,49,FatiguedSquat,0.0003117371173132,0.0014260249776894,0.3383290417929857,0.4562272711878731,1.936367206683355e-06,0.8166852678571428,3.9667570153061225,0.0,0.0,0.0,0.0,4.038989586845551,5.39298255364889,0.3485691147352692,0.0020596237099421,1.0017969556313269,1.0,2.927,2619.779945089676,2781.686362918466,4.574432507580358,0.7415800466519739,0.9517435483799332,1,session_20260531_095213
session_20260531_095213,D:\mpu_wave\session_20260531_095213.log,1664006,1666931,49,FatiguedSquat,0.0003261918599913,0.0015221077494037,0.3481229253574179,0.4770555952373814,2.21041087127036e-06,0.932716836734694,4.6635841836734695,0.0,0.0,0.0,0.0,4.022642072588502,5.39298255364889,0.3601848334861505,0.0018890559538189,1.0017969556313269,1.0,2.925,2859.4029825158186,3063.8968375290374,4.666281626900186,0.7297324003808414,0.9536627088444652,1,session_20260531_095213
session_20260531_095213,D:\mpu_wave\session_20260531_095213.log,1664977,1667963,50,FatiguedSquat,0.0003040205160776,0.0015029154235482,0.3230382328213502,0.4539026305039723,2.166326296143053e-06,0.933125,3.7325,0.0,0.0,0.0,0.0,4.021461342936851,5.183970533519219,0.2646787343298052,0.0018527555013354,1.0018569699700004,1.0,2.986,3069.272898966752,2483.5046989425573,4.943450854854125,0.7116905926519687,0.958655480929856,1,session_20260531_095213
session_20260531_095213,D:\mpu_wave\session_20260531_095213.log,1666017,1668933,49,FatiguedSquat,0.0001574066625971,0.0005646440938075,0.2011409754505647,0.229498914066626,2.940460952418325e-07,0.1162308673469387,0.6973852040816326,0.0,0.0,0.0,0.0,3.983453706417528,4.269591963551696,0.1152932833528553,0.0018965163270941,1.0021328532513258,1.0,2.916,738.4066660364264,1235.0859180922375,3.587144898102727,0.8764354088217423,0.9194027282450208,1,session_20260531_095213
session_20260531_095213,D:\mpu_wave\session_20260531_095213.log,1666992,1669975,50,FatiguedSquat,0.0001124606847763,0.0001448106997518,0.1704715647392596,0.1677351113438606,8.322733142260671e-09,0.0,0.0,0.0,0.0,0.0,0.0,3.990834943715184,4.132084407982,0.0620581828696963,0.0020310701880895,1.0020679226737816,1.0,2.983,0.0,0.0,1.287644765769552,1.016314129803599,0.3788202356018955,1,session_20260531_095213
session_20260531_095213,D:\mpu_wave\session_20260531_095213.log,1668024,1670947,49,FatiguedSquat,9.790583532683702e-05,0.0001231378634519,0.151735870761838,0.1430893783301723,5.5773808244723765e-09,0.0,0.0,0.0,0.0,0.0,0.0,4.000220498424013,4.257879508125664,0.0689497328788953,0.0023178546650375,1.0022662307484085,1.0,2.923,0.0,0.0,1.257704459968644,1.0604272062129383,0.3450723133659332,1,session_20260531_095213
session_20260531_095213,D:\mpu_wave\session_20260531_095213.log,1668994,1671921,49,FatiguedSquat,0.0001086387099051,0.0001378113758589,0.1567364133311099,0.1589927519462546,7.189606026276729e-09,0.0,0.0,0.0,0.0,0.0,0.0,3.9912455347800977,4.329301000557629,0.1139354525957983,0.0024794196711255,1.002035676704597,1.0,2.927,0.0,0.0,1.2685175243861528,0.9858085379784108,0.3596245949979555,1,session_20260531_095213
session_20260531_095213,D:\mpu_wave\session_20260531_095213.log,1670036,1672958,49,FatiguedSquat,0.0001202399876652,0.0001562191153548,0.1597035807833949,0.1756706219789933,9.9467573685048e-09,0.0,0.0,0.0,0.0,0.0,0.0,4.0041329819232665,4.329301000557629,0.1263141388320241,0.002334066924686,1.002035676704597,1.0,2.922,0.0,0.0,1.2992168343603054,0.9091080686979308,0.3915366105549705,1,session_20260531_095213
session_20260531_095213,D:\mpu_wave\session_20260531_095213.log,1671008,1673929,49,FatiguedSquat,0.0001372302713848,0.0001853937034305,0.1758451962319589,0.2004248113575435,1.5538677887333922e-08,0.0,0.0,0.0,0.0,0.0,0.0,4.001904626100054,4.329301000557629,0.1253772493137556,0.0022772244075953,1.002035676704597,1.0,2.921,0.0,0.0,1.3509581421179355,0.8773624091924488,0.4393077562646424,1,session_20260531_095213
session_20260531_095213,D:\mpu_wave\session_20260531_095213.log,1671981,1674963,50,FatiguedSquat,0.0001347395340601,0.0001833105444894,0.1779312716458924,0.200896645283699,1.5448013682263117e-08,0.0,0.0,0.0,0.0,0.0,0.0,3.988324537460661,4.18027283351791,0.1198793108787953,0.0019398517283901,1.0021979898811175,1.0,2.982,0.0,0.0,1.3604706688158603,0.8856856246102998,0.4464388272082747,1,session_20260531_095213
session_20260531_095213,D:\mpu_wave\session_20260531_095213.log,1673019,1675934,49,FatiguedSquat,0.0001393487826496,0.0001892227496897,0.1837847103528697,0.2031008507118744,1.6387165774224258e-08,0.0,0.0,0.0,0.0,0.0,0.0,3.9914676552847537,4.967735771426934,0.1981759281030702,0.0018791840113497,1.0023405950649735,1.0,2.915,0.0,0.0,1.357897702399164,0.9048938436437126,0.4452399105940183,1,session_20260531_095213
session_20260531_095213,D:\mpu_wave\session_20260531_095213.log,1673990,1676967,50,FatiguedSquat,0.0001491638580958,0.0002013462175523,0.1984246341101825,0.2220304027756054,1.8290442760597208e-08,0.0,1.0466015625,0.0,0.0,0.0,0.0,3.985659948887388,4.967735771426934,0.2087012290021502,0.0016012754929395,1.0023093301240529,1.0,2.977,0.0,5197.993670948481,1.3498234109738607,0.8936822648429714,0.4403059934292851,1,session_20260531_095213
session_20260531_095213,D:\mpu_wave\session_20260531_095213.log,1675023,1677938,49,FatiguedSquat,0.0001499531139321,0.0002042553364529,0.1915283821295902,0.2185566635561638,1.923430609155433e-08,0.0,1.045719068877551,0.0,0.0,0.0,0.0,4.036060424535936,4.967735771426934,0.2087556391150096,0.0018465983303932,1.002278065183132,1.0,2.915,0.0,5119.640776081148,1.3621189248954746,0.876332838069882,0.4502386920036861,1,session_20260531_095213
session_20260531_095213,D:\mpu_wave\session_20260531_095213.log,1675994,1678917,49,FatiguedSquat,0.0001535631199272,0.0002084455588228,0.1945853519805257,0.2244324997736483,1.9867919191192075e-08,0.0,1.0485889668367347,0.0,0.0,0.0,0.0,4.122625018368215,7.633072501692528,0.5582693685662103,0.0021233124834241,1.0015999541517635,1.0,2.923,0.0,5030.493056629454,1.357384517435728,0.8670105769430205,0.4469768253526583,1,session_20260531_095213
session_20260531_095213,D:\mpu_wave\session_20260531_095213.log,1677028,1679950,49,FatiguedSquat,0.0001514995584682,0.0002055235113537,0.193873498622347,0.2213408549221194,1.928779750308513e-08,0.0,0.0,0.0,0.0,0.0,0.0,4.119762537922778,7.633072501692528,0.5569264393988949,0.0020756405044783,1.0015999541517635,1.0,2.922,0.0,0.0,1.3565858332910503,0.8759047118285427,0.4460646621165209,1,session_20260531_095213
session_20260531_095213,D:\mpu_wave\session_20260531_095213.log,1677999,1680920,49,FatiguedSquat,0.0001638927021805,0.0002210916943484,0.2132876336233228,0.2393652915346379,2.2020719481849362e-08,0.0,0.0,0.0,0.0,0.0,0.0,4.154690195972486,7.633072501692528,0.615188315953628,0.0021803695572287,1.0017722265820834,1.0,2.921,0.0,0.0,1.3489944482733387,0.8910549702708405,0.4414603211815607,1,session_20260531_095213
session_20260531_095213,D:\mpu_wave\session_20260531_095213.log,1678977,1681955,50,FatiguedSquat,0.0001795886039733,0.0002409237108551,0.233687004595343,0.2674074313163757,2.5792167775128993e-08,0.0,0.0,0.0,0.0,0.0,0.0,4.033185071604382,4.959371086707038,0.3665481106033695,0.0020276707164217,1.001751940596145,1.0,2.978,0.0,0.0,1.3415237047401638,0.8738986892438454,0.4368278802224468,1,session_20260531_095213
session_20260531_095213,D:\mpu_wave\session_20260531_095213.log,1680011,1682927,49,FatiguedSquat,0.0001777390720081,0.000234121452194,0.2314994034899056,0.2591435669879524,2.322167665913596e-08,0.0,0.0,0.0,0.0,0.0,0.0,4.045873756866598,4.959371086707038,0.3787762021142294,0.0022201179684733,1.0023881068416347,1.0,2.916,0.0,0.0,1.317212542725286,0.8933249059095614,0.4160632334279847,1,session_20260531_095213
session_20260531_095213,D:\mpu_wave\session_20260531_095213.log,1680981,1683962,50,FatiguedSquat,0.000168854022026,0.0002228732176605,0.2214653090207061,0.2516769198298453,2.1160790396003182e-08,0.0,0.0,0.0,0.0,0.0,0.0,4.021684531973998,4.83121683832548,0.2945224299861908,0.002021010692828,1.0027342969790018,1.0,2.981,0.0,0.0,1.319908729905482,0.8799587514440197,0.4175993377785775,1,session_20260531_095213
session_20260531_095213,D:\mpu_wave\session_20260531_095213.log,1682016,1684938,49,FatiguedSquat,0.0001868627022723,0.0002513750819717,0.2353886625316108,0.2730064080199417,2.827176233576673e-08,0.0,0.0,0.0,0.0,0.0,0.0,4.058127194481272,4.839995656110482,0.2537795868404631,0.0019687127447993,1.002874853906546,1.0,2.922,0.0,0.0,1.345232267769883,0.8622092916302814,0.440442632486085,1,session_20260531_095213
session_20260531_095213,D:\mpu_wave\session_20260531_095213.log,1682987,1685974,50,FatiguedSquat,0.000184793861707,0.0002517705008947,0.2328309873908448,0.2759896324594815,2.9239613796211882e-08,0.0,0.0,0.0,0.0,0.0,0.0,4.031220558897661,4.839995656110482,0.2445042676521648,0.0020291702500845,1.0024754398507068,1.0,2.987,0.0,0.0,1.3624323672696,0.8436222204158514,0.4541131718297855,1,session_20260531_095213
session_20260531_095213,D:\mpu_wave\session_20260531_095213.log,1684023,1686944,49,FatiguedSquat,0.0001914480673212,0.0002644917636618,0.2395213158489331,0.2796099023226978,3.330353056389368e-08,0.0,0.0,0.0,0.0,0.0,0.0,4.04117016770726,4.839995656110482,0.2415586904308246,0.0020342007221214,1.0025484350328566,1.0,2.921,0.0,0.0,1.381525474960873,0.8566267253148813,0.4693553859268805,1,session_20260531_095213
session_20260531_095213,D:\mpu_wave\session_20260531_095213.log,1684998,1687975,50,FatiguedSquat,0.0001676010290781,0.0002280526959317,0.2164095937348126,0.2494741317828496,2.3917927173701823e-08,0.0,0.0,0.0,0.0,0.0,0.0,4.034856969734861,4.796214248210447,0.1936925061919244,0.0019497477151413,1.002512576378657,1.0,2.977,0.0,0.0,1.3606798031391458,0.8674630564732038,0.4512132636571229,1,session_20260531_095213
session_20260531_095213,D:\mpu_wave\session_20260531_095213.log,1686035,1688946,49,FatiguedSquat,0.0001736531614446,0.0002332796502548,0.2150693455806515,0.2527521764826612,2.4263974743289212e-08,0.0,0.0,0.0,0.0,0.0,0.0,4.05004655082002,4.796214248210447,0.1918654740227176,0.0017157175794285,1.0024863714732986,1.0,2.911,0.0,0.0,1.3433576731714856,0.8509099613806698,0.4378246035643724,1,session_20260531_095213
session_20260531_095213,D:\mpu_wave\session_20260531_095213.log,1687005,1689925,49,FatiguedSquat,0.0003409988701749,0.0017086911589556,0.3710830252275479,0.4978583504553553,2.803345247232792e-06,0.8147321428571428,5.004783163265306,0.0,0.0,0.0,0.0,4.105891275884135,6.545818218214759,0.4923826194535374,0.0017959067452519,1.002044115898494,1.0,2.92,2389.2447303257377,2929.0139461540543,5.010826420782199,0.745358642960967,0.959844139415869,1,session_20260531_095213
session_20260531_095213,D:\mpu_wave\session_20260531_095213.log,1688036,1690959,49,FatiguedSquat,0.0004170199640754,0.001982692401856,0.4289541529133744,0.609474677496216,3.757163509940387e-06,0.932079081632653,6.524553571428571,0.0,0.0,0.0,0.0,4.096966575584339,6.545818218214759,0.4944671907695873,0.0018889476167974,1.002044115898494,1.0,2.923,2235.0892687114365,3290.752652588978,4.754419016444312,0.7038096381161432,0.9555181652957878,1,session_20260531_095213
session_20260531_095213,D:\mpu_wave\session_20260531_095213.log,1689006,1691937,49,FatiguedSquat,0.0004019686235051,0.0019807365898237,0.4140180052777429,0.5890850177468085,3.7617386639841376e-06,0.9346301020408162,6.5424107142857135,0.0,0.0,0.0,0.0,4.09067107228388,6.545818218214759,0.4984947277988233,0.0020609683385468,1.002426964924766,1.0,2.931,2325.1261970764917,3303.017395084498,4.927577791953159,0.7028153697721005,0.9585714517645046,1,session_20260531_095213
session_20260531_095213,D:\mpu_wave\session_20260531_095213.log,1689987,1692971,50,FatiguedSquat,0.0002559750159581,0.0010259851508672,0.2912896094267567,0.3819147238095601,9.871223210053035e-07,0.1165625,1.5153125,0.0,0.0,0.0,0.0,4.00814724350927,4.220739016051291,0.1308580708731828,0.0019724180024987,1.002128638891739,1.0,2.984,455.3649277011051,1476.932703934786,4.008130007910515,0.7627085066489825,0.9368637678295872,1,session_20260531_095213
session_20260531_095213,D:\mpu_wave\session_20260531_095213.log,1691020,1693944,49,FatiguedSquat,0.0001938069839866,0.000266485515962,0.2488960282751644,0.2833458105885252,3.3453383175568815e-08,0.0,0.0,0.0,0.0,0.0,0.0,3.991880254235069,4.220739016051291,0.1434262355529934,0.0019138780004521,1.00167605638599,1.0,2.924,0.0,0.0,1.374997616096181,0.8784178840681479,0.4645365744176085,1,session_20260531_095213
session_20260531_095213,D:\mpu_wave\session_20260531_095213.log,1691997,1694975,50,FatiguedSquat,0.0002064957380294,0.0002794788638138,0.2631457846735914,0.3074721539258957,3.54679454943273e-08,0.0,0.0,0.0,0.0,0.0,0.0,4.003795886273972,4.289784293664675,0.1430728836803252,0.0020842975318593,1.00230554027525,1.0,2.978,0.0,0.0,1.353429920882947,0.8558361479497633,0.4483459362007892,1,session_20260531_095213
session_20260531_095213,D:\mpu_wave\session_20260531_095213.log,1693032,1695950,49,FatiguedSquat,0.0001701295051444,0.0002329165927905,0.2083280750788862,0.248218948005819,2.5306090676471042e-08,0.0,0.1163105867346938,0.0,0.0,0.0,0.0,4.01725440410734,4.387347718022195,0.1609063957390021,0.0022186556987725,1.002696774486974,1.0,2.918,0.0,499.3636819836999,1.3690466186106862,0.8392915847613326,0.4580276365667829,1,session_20260531_095213
session_20260531_095213,D:\mpu_wave\session_20260531_095213.log,1694005,1696920,49,FatiguedSquat,0.0001772150863595,0.0002486148826073,0.2178962672663833,0.2582909883690529,3.040417302045831e-08,0.0,0.9295280612244896,0.0,0.0,0.0,0.0,3.9887112678542618,4.401668636984628,0.2491204388675411,0.002366956056256,1.002758765583439,1.0,2.915,0.0,3738.812064120649,1.4028911692754902,0.8436076992025742,0.4840707354953014,1,session_20260531_095213
session_20260531_095213,D:\mpu_wave\session_20260531_095213.log,1695036,1697955,49,FatiguedSquat,0.0001789921238308,0.0002525421108157,0.2315030100768698,0.2612390047311783,3.173933734177734e-08,0.0,0.9308035714285714,0.0,0.0,0.0,0.0,3.9720402039784193,4.52467675377183,0.2541135577058064,0.0021108012998164,1.002758765583439,1.0,2.919,0.0,3685.721492944264,1.4109039800564722,0.8861732168552667,0.4899745845694334,1,session_20260531_095213
session_20260531_095213,D:\mpu_wave\session_20260531_095213.log,1696011,1698929,49,FatiguedSquat,0.0001923203954891,0.0002637575029363,0.2456838178691029,0.2805954570186381,3.258088583414326e-08,0.0,0.8141741071428571,0.0,0.0,0.0,0.0,3.958862557135069,4.52467675377183,0.2492677864423171,0.0020485134989748,1.0024191830230045,1.0,2.918,0.0,3086.8165313298737,1.371441291103238,0.875580166564149,0.4616947686803705,1,session_20260531_095213
session_20260531_095213,D:\mpu_wave\session_20260531_095213.log,1696982,1699963,50,FatiguedSquat,0.0001957236528396,0.000268494228803,0.2548108629084347,0.2917261045575142,3.378140261963046e-08,0.0,2.32890625,0.0,0.0,0.0,0.0,4.001424767010323,4.52467675377183,0.1660690050236714,0.0019996043722043,1.0023805920356934,1.0,2.981,0.0,8673.920428241787,1.37179565735634,0.873459241576851,0.4621944871900994,1,session_20260531_095213
session_20260531_095213,D:\mpu_wave\session_20260531_095213.log,1698015,1700940,49,FatiguedSquat,0.000220652907884,0.000296855744948,0.2625263393203233,0.3227048777804082,3.943562755095714e-08,0.0,2.798150510204082,0.0,0.0,0.0,0.0,3.996654239669704,4.467083999833655,0.1532738224495981,0.0021610997222608,1.002055960391722,1.0,2.925,0.0,9425.928693970243,1.34534551322798,0.8135183462750348,0.4424837591564162,1,session_20260531_095213
session_20260531_095213,D:\mpu_wave\session_20260531_095213.log,1698989,1701914,49,FatiguedSquat,0.0002261743821254,0.0003030130164932,0.2656600960169215,0.330780033858455,4.066203703453504e-08,0.0,2.798150510204082,0.0,0.0,0.0,0.0,4.01145916033613,7.03190179903362,0.5116160544805428,0.0022874792614924,1.002655890810847,1.0,2.925,0.0,9234.392991408364,1.3397258960978782,0.8031321966895639,0.4380887771472265,1,session_20260531_095213
session_20260531_095213,D:\mpu_wave\session_20260531_095213.log,1700025,1702947,49,FatiguedSquat,0.0002152295582959,0.0002866686672949,0.2448598719588766,0.3144503846703743,3.5855162044404674e-08,0.0,1.397640306122449,0.1,0.0475996073048596,0.1,0.0,4.172762727799632,7.901958090882655,0.8715588815646986,0.0023686125387151,1.0021578261761437,1.0,2.922,0.0,4875.438407246486,1.3319143413677983,0.7786915937051938,0.4310606578154106,1,session_20260531_095213
session_20260531_095213,D:\mpu_wave\session_20260531_095213.log,1701000,1703916,49,FatiguedSquat,0.0001937157280591,0.0002568228371381,0.2272088785773637,0.2824375315101779,2.8432186378224758e-08,0.0,0.9298469387755102,0.1,0.0468943889513308,0.1,0.0,4.138893188281328,7.901958090882655,0.8957046152759847,0.0026875460569247,1.0021489046906458,1.0,2.916,0.0,3620.563220053782,1.3257648924351004,0.8044571008606158,0.4246273672265406,1,session_20260531_095213
session_20260531_095213,D:\mpu_wave\session_20260531_095213.log,1701976,1704954,50,FatiguedSquat,0.0001784211953481,0.0002396445670342,0.2140630798055169,0.2656691598733267,2.5595395559575603e-08,0.0,0.930625,0.0,0.0,0.0,0.0,4.14980762591704,7.901958090882655,0.7638867608248988,0.002501176247059,1.0021769771804618,1.0,2.978,0.0,3883.3390974725903,1.3431320389634092,0.8057505775297119,0.4380559041509734,1,session_20260531_095213
session_20260531_095213,D:\mpu_wave\session_20260531_095213.log,1703008,1705928,49,FatiguedSquat,0.0001331512295469,0.0001801180730752,0.1632566953578418,0.194400795138612,1.4713270318452349e-08,0.0,0.0,0.0,0.0,0.0,0.0,3.998820133042418,5.400039063454673,0.2901028320294453,0.0022904811705405,1.0027697323255944,1.0,2.92,0.0,0.0,1.3527229223874555,0.8397943763637482,0.4399569831818404,1,session_20260531_095213
session_20260531_095213,D:\mpu_wave\session_20260531_095213.log,1703977,1706961,50,FatiguedSquat,0.000135419400533,0.0001929082702203,0.1678950520501782,0.2020457455952962,1.887518667869612e-08,0.0,1.39875,0.0,0.0,0.0,0.0,4.033742710812597,5.400039063454673,0.2703509998761891,0.0019337409253841,1.0027473786678311,1.0,2.984,0.0,7250.81795396339,1.424514101723739,0.8309754344221717,0.4939389725999251,1,session_20260531_095213
session_20260531_095213,D:\mpu_wave\session_20260531_095213.log,1705014,1707939,49,FatiguedSquat,0.0001659817760493,0.000236585945982,0.1964304060520774,0.2427483474721713,2.84229598557406e-08,0.0,1.865433673469388,0.0,0.0,0.0,0.0,3.988805447443108,4.314834430858803,0.204515822972776,0.0021580373464981,1.002767176401827,1.0,2.925,0.0,7884.770081992053,1.425364436077048,0.8091935837602464,0.4988855218636338,1,session_20260531_095213
session_20260531_095213,D:\mpu_wave\session_20260531_095213.log,1705989,1708972,50,FatiguedSquat,0.0001807925542195,0.0002470042188483,0.2162200503113214,0.2696520946184794,2.8325136467658968e-08,0.0,1.864375,0.0,0.0,0.0,0.0,3.984390473886165,4.314834430858803,0.1997637463203783,0.0022413007462683,1.0023451265245251,1.0,2.983,0.0,7547.917443576362,1.3662224846157724,0.8018482104335023,0.4567753792013033,1,session_20260531_095213
session_20260531_095213,D:\mpu_wave\session_20260531_095213.log,1707023,1709944,49,FatiguedSquat,0.0001525602859704,0.0002085146789253,0.1864022107813412,0.2228142976598674,2.0203730471954854e-08,0.0,0.4657206632653061,0.0,0.0,0.0,0.0,4.002357227572323,4.204901394148774,0.0945292206694759,0.0021386706586744,1.0020308585250188,1.0,2.921,0.0,2233.5042892962347,1.3667601029905012,0.8365810089499223,0.4542371914489023,1,session_20260531_095213
session_20260531_095213,D:\mpu_wave\session_20260531_095213.log,1707999,1710921,49,FatiguedSquat,0.0001099192366308,0.0001406645799151,0.1478630653980701,0.1605920047176127,7.70428546119217e-09,0.0,0.0,0.0,0.0,0.0,0.0,4.006710411482607,4.064668667836315,0.0273595986797499,0.0018638416963788,1.001954121431149,1.0,2.922,0.0,0.0,1.27969684406297,0.9207373974646944,0.3706384696820326,1,session_20260531_095213
session_20260531_095213,D:\mpu_wave\session_20260531_095213.log,1709033,1711953,49,FatiguedSquat,9.727391255956116e-05,0.0001218519086398,0.1362108287572556,0.1420199123369593,5.385673574521022e-09,0.0,0.0,0.0,0.0,0.0,0.0,4.003167198572916,4.067821396126688,0.0269218679287583,0.0017651655286555,1.0019704731709067,1.0,2.92,0.0,0.0,1.2526550313289342,0.9590966897302572,0.33983542142304,1,session_20260531_095213
session_20260531_103454,D:\mpu_wave\session_20260531_103454.log,3956754,3959728,50,FreshSquat,7.226394017537436e-05,9.701612242634808e-05,0.0803683627731477,0.1074564790407816,4.1900509609740765e-09,0.0,0.0,0.0,0.0,0.0,0.0,3.9670044413867966,4.033468166569722,0.0364266554659131,0.0019181068854338,0.9976374768227776,1.0,2.974,0.0,0.0,1.3425060920400256,0.7479154606836785,0.4024202311660643,0,session_20260531_103454
session_20260531_103454,D:\mpu_wave\session_20260531_103454.log,3957786,3960698,49,FreshSquat,0.0001324231446194,0.0001987087789318,0.1440122000340904,0.1928080985659644,2.194928959366032e-08,0.0,0.0,0.0,0.0,0.0,0.0,3.9719130358048513,4.061506318612828,0.0461094109931028,0.0020358692628895,0.9976763550742204,1.0,2.912,0.0,0.0,1.500547951454022,0.746919866739417,0.5421561724790575,0,session_20260531_103454
session_20260531_103454,D:\mpu_wave\session_20260531_103454.log,3958758,3961728,50,FreshSquat,0.0001731428543726,0.0002464788669055,0.1940995103521272,0.2571171387434006,3.077338381071783e-08,0.0,0.116015625,0.0,0.0,0.0,0.0,4.0514798037786255,5.498419816334708,0.2818170424413758,0.0019996847468787,0.9981702328816846,1.0,2.97,0.0,470.6900667244752,1.4235496131154717,0.7549069289812257,0.4983396103118403,0,session_20260531_103454
session_20260531_103454,D:\mpu_wave\session_20260531_103454.log,3959789,3962697,49,FreshSquat,0.0002590196473257,0.0003653469130933,0.2881872164502384,0.376614567211696,6.638718920608585e-08,0.0,7.4183673469387745,0.0,0.0,0.0,0.0,4.039908089263185,5.498419816334708,0.3235011789316316,0.0020902174818111,0.9977475518110802,1.0,2.908,0.0,20304.939705629866,1.4104933983654884,0.7652046436192229,0.4936644512649755,0,session_20260531_103454
session_20260531_103454,D:\mpu_wave\session_20260531_103454.log,3960759,3963729,50,FreshSquat,0.0002429604291915,0.0003480669167347,0.2819989188658073,0.3607962373495101,6.21208083722764e-08,0.0,7.425,0.0,0.0,0.0,0.0,4.128421173307125,7.116903241817632,0.5902533130592517,0.0022375703809141,0.9979849380507256,1.0,2.97,0.0,21332.043670253737,1.4326015363544893,0.7816016047058385,0.5085592644937128,0,session_20260531_103454
session_20260531_103454,D:\mpu_wave\session_20260531_103454.log,3961789,3964709,49,FreshSquat,0.0002577253831487,0.0003656297495478,0.2976721995047667,0.37627905939712,6.726274063524073e-08,0.0,7.3325892857142865,0.0,0.0,0.0,0.0,4.054982880062885,7.116903241817632,0.536249384453669,0.0022111882956982,0.9978033167998592,1.0,2.92,0.0,20054.62969069989,1.4186741189660492,0.7910942458254449,0.4994073863121913,0,session_20260531_103454
session_20260531_103454,D:\mpu_wave\session_20260531_103454.log,3962758,3965685,49,FreshSquat,0.0002590157223396,0.0003769446776346,0.30194006529605,0.3790695096440867,7.499814557795205e-08,0.0,6.183474170918368,0.0,0.0,0.0,0.0,4.028349644061143,7.116903241817632,0.6155573288436593,0.0035955999968662,0.9979943039517504,1.0,2.927,0.0,16404.151944969955,1.455290894849429,0.7965295462117645,0.5241426095880317,0,session_20260531_103454
session_20260531_103454,D:\mpu_wave\session_20260531_103454.log,3963790,3966722,49,FreshSquat,0.0003226201226111,0.0004565900527585,0.3653850759283265,0.4729610997478978,1.043907327644371e-07,0.0,12.504942602040815,0.0,0.0,0.0,0.0,3.928053799487685,4.490178600391216,0.3297452652996217,0.0034169563320271,0.9981465299239404,1.0,2.932,0.0,27387.620774631647,1.4152515776498316,0.7725478381848733,0.4983458348685515,0,session_20260531_103454
session_20260531_103454,D:\mpu_wave\session_20260531_103454.log,3964770,3967692,49,FreshSquat,0.000339756612064,0.0004732581426693,0.3751628236447898,0.4963844102256152,1.0853871416154567e-07,0.0,12.57876275510204,0.0,0.0,0.0,0.0,3.93048291403024,4.490178600391216,0.3302822459105527,0.0034530912898971,0.9977839696588368,1.0,2.922,0.0,26579.0169084836,1.3929287405636,0.7557909055171191,0.4824516012643329,0,session_20260531_103454
session_20260531_103454,D:\mpu_wave\session_20260531_103454.log,3965745,3968727,50,FreshSquat,0.0003133299748102,0.0004278684358063,0.3504243696797638,0.4671749924421309,8.489572524475544e-08,0.0,6.4066406250000005,0.0,0.0,0.0,0.0,3.97608674667674,4.0399568902786935,0.034805571642688,0.0018961326088245,0.9975195049398008,1.0,2.982,0.0,14973.354226450703,1.365547839837452,0.7500923093033038,0.4612108453645318,0,session_20260531_103454
session_20260531_103454,D:\mpu_wave\session_20260531_103454.log,3966783,3969702,49,FreshSquat,0.0002887622109886,0.0003851411549294,0.3213325157854706,0.4214484469379697,6.495009472533708e-08,0.0,1.047154017857143,0.0,0.0,0.0,0.0,3.973496638331736,4.057228569514857,0.0634694992539014,0.0020840586213191,0.9974177144823528,1.0,2.919,0.0,2718.8766652897566,1.3337611588775908,0.7624479752094507,0.4349325752665526,0,session_20260531_103454
session_20260531_103454,D:\mpu_wave\session_20260531_103454.log,3967754,3970675,49,FreshSquat,0.0002839599904559,0.0003836599862219,0.3197547607783538,0.4147235660609745,6.656170884808693e-08,0.0,4.075055803571429,0.0,0.0,0.0,0.0,3.9734169951313736,4.097338466229867,0.0668301076133196,0.0021157377415757,0.9977444154979284,1.0,2.921,0.0,10621.501664007144,1.3511010283697589,0.7710069698820421,0.4491495365755908,0,session_20260531_103454
session_20260531_103454,D:\mpu_wave\session_20260531_103454.log,3968787,3971709,49,FreshSquat,0.0002803195658184,0.0003831736792746,0.3172907742177497,0.4095468856607164,6.824300950823478e-08,0.0,8.152901785714286,0.0,0.0,0.0,0.0,3.9735704048233687,4.097338466229867,0.0676422534777984,0.0021555791155969,0.9976298362324102,1.0,2.922,0.0,21277.24567068984,1.3669124780621291,0.7747361402373568,0.4616564374038353,0,session_20260531_103454
session_20260531_103454,D:\mpu_wave\session_20260531_103454.log,3969762,3972686,49,FreshSquat,0.0002801468664286,0.00039047188888,0.3149537803707201,0.409574718718626,7.39860292357737e-08,0.0,9.673628826530614,0.0,0.0,0.0,0.0,3.980165704086983,4.097338466229867,0.0370088034660933,0.0019430167290047,0.9973882304699452,1.0,2.924,0.0,24774.13695551765,1.3938063989487517,0.7689775887220051,0.4820932476705269,0,session_20260531_103454
session_20260531_103454,D:\mpu_wave\session_20260531_103454.log,3970736,3973720,50,FreshSquat,0.0002766046841939,0.0003926811488996,0.3176829078612228,0.4126941888173421,7.768833338313634e-08,0.0,7.3434375,0.0,0.0,0.0,0.0,3.983811765516064,4.126164275675218,0.0474224268719445,0.0018329860611656,0.9972336697530936,1.0,2.984,0.0,18700.71639512284,1.4196423694039253,0.7697779995444783,0.5005740457629345,0,session_20260531_103454
session_20260531_103454,D:\mpu_wave\session_20260531_103454.log,3971769,3974696,49,FreshSquat,0.000296408083974,0.0004049048297744,0.333223560225285,0.4337932308960934,7.609016892947113e-08,0.0,3.500079719387755,0.0,0.0,0.0,0.0,3.981824482988268,4.126164275675218,0.0457099281849445,0.0018716349936815,0.9972418432989938,1.0,2.927,0.0,8644.182083862672,1.366033808227757,0.7681621927773694,0.4612981381492972,0,session_20260531_103454
session_20260531_103454,D:\mpu_wave\session_20260531_103454.log,3972747,3975673,49,FreshSquat,0.0003012122669998,0.0004069728790049,0.3445146520597683,0.4406735466207777,7.48980944543596e-08,0.0,3.848772321428571,0.0,0.0,0.0,0.0,3.9877192368000727,4.126164275675218,0.0483928258018117,0.0016863371101,0.9968979001778188,1.0,2.926,0.0,9457.04999750638,1.351112064413544,0.7817910875745164,0.4494957510227285,0,session_20260531_103454
session_20260531_103454,D:\mpu_wave\session_20260531_103454.log,3973782,3976707,49,FreshSquat,0.0002919581309467,0.0003972494809385,0.3433202515731623,0.4269887665096594,7.25675998800311e-08,0.0,5.129942602040816,0.0,0.0,0.0,0.0,3.976878467765274,4.037504094123436,0.0403577060015947,0.0019528703690679,0.9973103965574056,1.0,2.925,0.0,12913.62213060243,1.3606338656042642,0.8040498432207485,0.4569542355719475,0,session_20260531_103454
session_20260531_103454,D:\mpu_wave\session_20260531_103454.log,3974756,3977683,49,FreshSquat,0.0002903675303167,0.0004091842907792,0.3351222708331718,0.4249528806185235,8.311848115828829e-08,0.0,6.766820790816326,0.0,0.0,0.0,0.0,3.9767135075560014,4.070835698071663,0.0496735545828892,0.001904780945197,0.997580372576826,1.0,2.927,0.0,16537.302154555866,1.4091895231653784,0.7886104208936938,0.4934845388021203,0,session_20260531_103454
session_20260531_103454,D:\mpu_wave\session_20260531_103454.log,3975734,3978714,50,FreshSquat,0.0002640007098515,0.0003720695834471,0.3150169688857471,0.3933610576788584,6.87394001244236e-08,0.0,3.9578125,0.0,0.0,0.0,0.0,3.96865450296632,4.070835698071663,0.0526657949150971,0.0018439354412769,0.9978162524915452,1.0,2.98,0.0,10637.262594993044,1.4093453548325805,0.8008341495311264,0.4929825230334658,0,session_20260531_103454
session_20260531_103454,D:\mpu_wave\session_20260531_103454.log,3976767,3979687,49,FreshSquat,0.0002876416274479,0.0003962582091612,0.335814485394833,0.4199567760740007,7.428286248674083e-08,0.0,10.24234693877551,0.0,0.0,0.0,0.0,3.9837457174871886,4.125330965351085,0.0575002624934133,0.0016343767687398,0.9977070627438752,1.0,2.92,0.0,25847.59344888513,1.37760599907228,0.7996405909545757,0.470083504146884,0,session_20260531_103454
session_20260531_103454,D:\mpu_wave\session_20260531_103454.log,3977745,3980723,50,FreshSquat,0.0002648950179417,0.0003631301496807,0.3256228625696463,0.3944286817153295,6.169413507674592e-08,0.0,9.422578125,0.0,0.0,0.0,0.0,3.985322189043779,4.125330965351085,0.06000513581156,0.0020068760220381,0.9975248598795328,1.0,2.978,0.0,25948.14059131309,1.370840348987406,0.82555573881694,0.4643422194441615,0,session_20260531_103454
session_20260531_103454,D:\mpu_wave\session_20260531_103454.log,3978775,3981694,49,FreshSquat,0.0002633096571682,0.000366766872861,0.3142079689390292,0.3843004446370261,6.518596347021349e-08,0.0,9.424386160714286,0.0,0.0,0.0,0.0,3.987585829488544,4.125330965351085,0.0544920795778118,0.0021437520350822,0.9971601649345022,1.0,2.919,0.0,25695.77887833461,1.3929055390519625,0.8176102122863537,0.4810135391493738,0,session_20260531_103454
session_20260531_103454,D:\mpu_wave\session_20260531_103454.log,3979749,3982725,50,FreshSquat,0.000229716014862,0.0003167145833245,0.2823551199525595,0.3418174301147461,4.753867980636551e-08,0.0,1.04625,0.0,0.0,0.0,0.0,3.986716592890036,4.090563272234758,0.0511190293122414,0.0020626809405163,0.9972604898972972,1.0,2.976,0.0,3303.437074416765,1.378716258849065,0.8260407289111436,0.4692484312740478,0,session_20260531_103454
session_20260531_103454,D:\mpu_wave\session_20260531_103454.log,3980783,3983697,49,FreshSquat,0.0002122043752345,0.0002898584658649,0.2610765884523945,0.309181774716799,3.8987233364853296e-08,0.0,0.0,0.0,0.0,0.0,0.0,3.988272326879793,4.090563272234758,0.0439019833161189,0.0019981180442196,0.997433931438144,1.0,2.914,0.0,0.0,1.3659336647079248,0.8444113106185555,0.458576599756661,0,session_20260531_103454
session_20260531_103454,D:\mpu_wave\session_20260531_103454.log,3981755,3984729,50,FreshSquat,0.0002215143442153,0.0003032003086616,0.2760542241054586,0.3293918298482894,4.286182247932875e-08,0.0,3.2528125,0.0,0.0,0.0,0.0,4.002359974072411,4.090563272234758,0.0420113043891582,0.0019690487004511,0.997440624287876,1.0,2.974,0.0,10728.22711207414,1.3687553326635655,0.838072466443781,0.4612248515738064,0,session_20260531_103454
session_20260531_103454,D:\mpu_wave\session_20260531_103454.log,3982786,3985700,49,FreshSquat,0.0002162579046625,0.0002977267719816,0.2617665859277607,0.31508776709336,4.1873749425597836e-08,0.0,4.181441326530613,0.0,0.0,0.0,0.0,3.997724130071344,4.119033323779434,0.0455107931577878,0.0020357640405633,0.9971575647449644,1.0,2.914,0.0,14044.51220219947,1.3767145100741471,0.830773557195656,0.4671259985286353,0,session_20260531_103454
session_20260531_103454,D:\mpu_wave\session_20260531_103454.log,3983758,3986671,49,FreshSquat,0.0002281309877123,0.000313641240766,0.2706536150036607,0.332272783602987,4.6327080354684407e-08,0.0,4.18000637755102,0.0,0.0,0.0,0.0,4.003186350688403,4.119033323779434,0.0452072975973727,0.0017819916644212,0.9971575647449644,1.0,2.913,0.0,13327.306830040969,1.3748236006324004,0.814552462751497,0.4662040291842795,0,session_20260531_103454
session_20260531_103454,D:\mpu_wave\session_20260531_103454.log,3984790,3987704,49,FreshSquat,0.0002253727037079,0.0003065806693039,0.262768850374403,0.3283680293024802,4.31988512142513e-08,0.0,0.9292091836734692,0.0,0.0,0.0,0.0,3.993214281466491,4.137728502009632,0.059456130063085,0.0019216556491643,0.997006473122802,1.0,2.914,0.0,3030.8699987934315,1.3603213873667954,0.8002266546239297,0.4547644491676606,0,session_20260531_103454
session_20260531_103454,D:\mpu_wave\session_20260531_103454.log,3985760,3988675,49,FreshSquat,0.0002192811252308,0.0003001574947656,0.2613375509621062,0.3196022400239697,4.201030978147716e-08,0.0,0.0,0.0,0.0,0.0,0.0,3.995626031022895,4.137728502009632,0.0534695061875766,0.0017620135478042,0.9976583123839232,1.0,2.915,0.0,0.0,1.3688187965601166,0.817696240567056,0.4611727359021365,0,session_20260531_103454
session_20260531_103454,D:\mpu_wave\session_20260531_103454.log,3986732,3989711,50,FreshSquat,0.0002383436838785,0.0003254323413447,0.2928401508956216,0.355012917137146,4.909849714832298e-08,0.0,0.0,0.0,0.0,0.0,0.0,3.98278912103118,4.137728502009632,0.0554073426723617,0.0019293079184761,0.997662696120859,1.0,2.979,0.0,0.0,1.3653853572440044,0.8248718171503093,0.4592670313782139,0,session_20260531_103454
session_20260531_103454,D:\mpu_wave\session_20260531_103454.log,3987765,3990685,49,FreshSquat,0.0002418694204213,0.0003279468844208,0.3020847920303036,0.3531293538151955,4.904834246636252e-08,0.0,0.0,0.0,0.0,0.0,0.0,3.981901393472789,4.049249574911761,0.0393327771385448,0.0019860643084788,0.9973850706165516,1.0,2.92,0.0,0.0,1.3558784238664228,0.8554508083543345,0.4518537307669179,0,session_20260531_103454
session_20260531_103454,D:\mpu_wave\session_20260531_103454.log,3988736,3991717,50,FreshSquat,0.0002403650124867,0.0003242274902197,0.2967057198575542,0.3582640511115392,4.734812618641298e-08,0.0,0.0,0.0,0.0,0.0,0.0,3.97917067783985,4.049249574911761,0.0357480988633956,0.0021543609401801,0.9965329921274296,1.0,2.981,0.0,0.0,1.3488907473454117,0.8281760843959307,0.4461607619165257,0,session_20260531_103454
session_20260531_103454,D:\mpu_wave\session_20260531_103454.log,3989771,3992688,49,FreshSquat,0.0001764094829559,0.0002485317664096,0.2216336722570617,0.2572932308912277,3.0647733237900124e-08,0.0,0.0,0.0,0.0,0.0,0.0,3.9895844320418594,4.0305632661465705,0.0251165930994897,0.0019855444949447,0.9961264361834192,1.0,2.917,0.0,0.0,1.4088265178191854,0.8614049838308949,0.4882697272023981,0,session_20260531_103454
session_20260531_103454,D:\mpu_wave\session_20260531_103454.log,3990746,3993722,50,FreshSquat,0.0001516515731811,0.0002162678083702,0.1938513842344283,0.2256575408935546,2.3773565288936943e-08,0.0,0.0,0.0,0.0,0.0,0.0,3.983677648666564,4.02646972935852,0.0344873895056999,0.0021806837623218,0.99664003172714,1.0,2.976,0.0,0.0,1.426074110274916,0.8590512092251292,0.49764887941992,0,session_20260531_103454
session_20260531_103454,D:\mpu_wave\session_20260531_103454.log,3991778,3994693,49,FreshSquat,0.0001661417192342,0.0002371226377591,0.2058102403034861,0.2421515557838946,2.8624074467752967e-08,0.0,0.0,0.0,0.0,0.0,0.0,3.982422652906648,4.043626089479339,0.0391215786435869,0.0022332218259573,0.9965386463012702,1.0,2.915,0.0,0.0,1.4272225641428975,0.8499232589578566,0.5001835107930184,0,session_20260531_103454
session_20260531_103454,D:\mpu_wave\session_20260531_103454.log,3992748,3995728,50,FreshSquat,0.0001941648642222,0.0002645019311759,0.2478058338851357,0.2893056476910909,3.2261277097351865e-08,0.0,0.0,0.0,0.0,0.0,0.0,3.978053590958624,4.064632827326203,0.0461520283768328,0.0021783954001784,0.9963760459450406,1.0,2.98,0.0,0.0,1.3622473354698277,0.856553734800156,0.4546321729002124,0,session_20260531_103454
session_20260531_103454,D:\mpu_wave\session_20260531_103454.log,3993782,3996699,49,FreshSquat,0.0002139137066951,0.000289080724044,0.2645072178417012,0.3119931412148637,3.7808591101763084e-08,0.0,0.0,0.0,0.0,0.0,0.0,3.988687098172339,4.091410785046193,0.0459252003717987,0.0019391419273242,0.9965710861300302,1.0,2.917,0.0,0.0,1.3513831213858816,0.8477981790367048,0.4470809392169606,0,session_20260531_103454
session_20260531_103454,D:\mpu_wave\session_20260531_103454.log,3994754,3997670,49,FreshSquat,0.0001891715753646,0.000260216068148,0.2464689423662743,0.2758121568816049,3.1926517196500765e-08,0.0,0.0,0.0,0.0,0.0,0.0,3.9960857074492218,4.091410785046193,0.0477340715020583,0.0020116991381337,0.996389681669528,1.0,2.916,0.0,0.0,1.3755485838605663,0.8936115951497451,0.4646398060660856,0,session_20260531_103454
session_20260531_103454,D:\mpu_wave\session_20260531_103454.log,3995789,3998702,49,FreshSquat,0.0002203673651429,0.000302728029586,0.2644918488781443,0.3209650673306718,4.308248427701533e-08,0.0,0.9288903061224488,0.0,0.0,0.0,0.0,4.005735751723785,4.095325582461314,0.0414005940329731,0.0021812028324357,0.9966553619484152,1.0,2.913,0.0,3068.3886094195027,1.3737363318446598,0.8240518205104288,0.4650313395011177,0,session_20260531_103454
session_20260531_103454,D:\mpu_wave\session_20260531_103454.log,3996759,3999672,49,FreshSquat,0.0002124173057322,0.0002880830484162,0.2498547499011537,0.3093858057990366,3.7870731010221285e-08,0.0,0.9288903061224488,0.0,0.0,0.0,0.0,3.997345505214038,4.095325582461314,0.0410670073656051,0.0024347428849441,0.9965016520941552,1.0,2.913,0.0,3224.3725788678453,1.3562063185802642,0.8075831030718493,0.4508858212250895,0,session_20260531_103454
session_20260531_103454,D:\mpu_wave\session_20260531_103454.log,3997730,4000703,50,FreshSquat,0.0002148733854293,0.0002875726878472,0.2612516019891947,0.3194092874407768,3.6527479029808695e-08,0.0,0.9290625,0.0,0.0,0.0,0.0,3.989391987406172,4.095325582461314,0.039534104870986,0.0022748391997416,0.9964023747753984,1.0,2.973,0.0,3230.693694387939,1.3383293093432065,0.8179211170236039,0.4364197096892073,0,session_20260531_103454
session_20260531_103454,D:\mpu_wave\session_20260531_103454.log,3998762,4001676,49,FreshSquat,0.0001981627373468,0.0002642427437513,0.2452325594000721,0.2887231083143325,3.055575715245092e-08,0.0,0.0,0.0,0.0,0.0,0.0,3.9871551231165374,4.148811070225776,0.0435138611973355,0.0022180940177489,0.9959763102395152,1.0,2.914,0.0,0.0,1.333456601541901,0.8493693490017374,0.4314308560360722,0,session_20260531_103454
session_20260531_103454,D:\mpu_wave\session_20260531_103454.log,3999733,4002710,50,FreshSquat,0.0001956092198689,0.0002626684625041,0.2547410001148625,0.2911643237749735,3.073175429652376e-08,0.0,0.0,0.0,0.0,0.0,0.0,3.992572907114395,4.148811070225776,0.0455745636091758,0.0018102950156724,0.9964863240602028,1.0,2.977,0.0,0.0,1.342815639592094,0.8749045760044238,0.4390581714187593,0,session_20260531_103454
session_20260531_103454,D:\mpu_wave\session_20260531_103454.log,4000764,4003682,49,FreshSquat,0.0002114821777862,0.0002816418165239,0.263306635860322,0.3085524973901761,3.459740129368882e-08,0.0,0.0,0.0,0.0,0.0,0.0,3.996042091886126,4.148811070225776,0.0499630743676431,0.0016992718500778,0.9963932783775878,1.0,2.918,0.0,0.0,1.3317457183690722,0.8533608939615875,0.4307332075964089,0,session_20260531_103454
session_20260531_103454,D:\mpu_wave\session_20260531_103454.log,4001736,4004712,50,FreshSquat,0.0001885518789291,0.00025029751858,0.2504229552835226,0.2805651958465577,2.7097036759611007e-08,0.0,0.0,0.0,0.0,0.0,0.0,3.992171759320678,4.08294201244073,0.0447798629132908,0.0017924864666006,0.9964341116049592,1.0,2.976,0.0,0.0,1.3274659077154398,0.8925659992692536,0.4257270585893455,0,session_20260531_103454
session_20260531_103454,D:\mpu_wave\session_20260531_103454.log,4002770,4005682,49,FreshSquat,0.0001869480707207,0.0002502931925169,0.2503519297745965,0.2721963909694126,2.7697101074121225e-08,0.0,0.0,0.0,0.0,0.0,0.0,3.989557081379396,4.08294201244073,0.0462791269193902,0.0019247473066145,0.9958425840974964,1.0,2.912,0.0,0.0,1.338830899517162,0.9197474219376468,0.4351695973442805,0,session_20260531_103454
session_20260531_103454,D:\mpu_wave\session_20260531_103454.log,4003743,4006716,50,FreshSquat,0.0001831562201182,0.0002475109359643,0.2508469779078849,0.2722617212057114,2.7715462453936115e-08,0.0,0.0,0.0,0.0,0.0,0.0,3.9887060669670897,4.08294201244073,0.0412161026488472,0.0020138756294492,0.9958507464061064,1.0,2.973,0.0,0.0,1.3513577887050492,0.9213450053708016,0.4451449082900117,0,session_20260531_103454
session_20260531_103454,D:\mpu_wave\session_20260531_103454.log,4004774,4007687,49,FreshSquat,0.0001973620401758,0.0002613848721005,0.2622349080478544,0.2874578115161584,2.9370276460663358e-08,0.0,0.0,0.0,0.0,0.0,0.0,3.9877853135494914,4.067628003628015,0.0415699084493301,0.0021663821054742,0.9959304451311044,1.0,2.913,0.0,0.0,1.3243861255262133,0.9122552827925446,0.423678697949206,0,session_20260531_103454
session_20260531_103454,D:\mpu_wave\session_20260531_103454.log,4005743,4008719,50,FreshSquat,0.0002128607114156,0.0002837168325946,0.2752686785399913,0.3167367385864257,3.5185558633200525e-08,0.0,1.04625,0.0,0.0,0.0,0.0,3.979592033278629,4.2378307937265065,0.1111419014176221,0.0021788475889571,0.9964026046551944,1.0,2.976,0.0,3687.642720345544,1.3328692638420598,0.8690771992520325,0.4317498563023966,0,session_20260531_103454
session_20260531_103454,D:\mpu_wave\session_20260531_103454.log,4006776,4009689,49,FreshSquat,0.000194888317666,0.0002636077654156,0.2541915186227546,0.2838548346806545,3.1507597624738435e-08,0.0,1.045001594387755,0.0,0.0,0.0,0.0,3.981539481856692,4.2378307937265065,0.1110471975269717,0.0021312768204832,0.9962967759211262,1.0,2.913,0.0,3964.214136581739,1.3526024338971057,0.8954982852880756,0.4469856785189021,0,session_20260531_103454
session_20260531_103454,D:\mpu_wave\session_20260531_103454.log,4007747,4010720,50,FreshSquat,0.0001996326446533,0.0002710062178542,0.2555057302237953,0.2967539262771606,3.359117730441126e-08,0.0,1.0451953125,0.0,0.0,0.0,0.0,3.979678632707944,4.2378307937265065,0.1103767963962772,0.0019598593507358,0.996941011654923,1.0,2.973,0.0,3856.706551121962,1.357517758717073,0.8610020179620387,0.4512252202847437,0,session_20260531_103454
session_20260531_103454,D:\mpu_wave\session_20260531_103454.log,4008779,4011691,49,FreshSquat,0.0001931986111361,0.0002568118106174,0.2486720747145868,0.281297177814302,2.8626602727665525e-08,0.0,0.0,0.0,0.0,0.0,0.0,3.991283394801656,4.117738676527408,0.0439287006153251,0.0019875522411768,0.9966984951331144,1.0,2.912,0.0,0.0,1.3292563536084196,0.8840190853060327,0.4275670907677964,0,session_20260531_103454
session_20260531_103454,D:\mpu_wave\session_20260531_103454.log,4009750,4012722,50,FreshSquat,0.0002158782800038,0.0002830848397,0.271554982803141,0.3207951240857442,3.35335946905972e-08,0.0,0.0,0.0,0.0,0.0,0.0,3.9889211798828033,4.117738676527408,0.0518874625109763,0.0021934165672683,0.9953535243912937,1.0,2.972,0.0,0.0,1.3113108386085928,0.8465059521417541,0.4132958299108053,0,session_20260531_103454
session_20260531_103454,D:\mpu_wave\session_20260531_103454.log,4010781,4013696,49,FreshSquat,0.0002136477888846,0.0002817487056909,0.2613887073589349,0.3113916522994333,3.373695546319484e-08,0.0,0.0,0.0,0.0,0.0,0.0,3.999155278095596,4.117738676527408,0.0544485697502577,0.0020568277848319,0.9952228628544268,1.0,2.915,0.0,0.0,1.3187470294670915,0.839421046098446,0.4197060988098804,0,session_20260531_103454
session_20260531_103454,D:\mpu_wave\session_20260531_103454.log,4011752,4014670,49,FreshSquat,0.0002090889174921,0.0002737304847913,0.2567780894015719,0.3050607306211172,3.1210202886036086e-08,0.0,0.0,0.0,0.0,0.0,0.0,3.997546962835795,4.115176480583562,0.0458637447479066,0.0020362145825362,0.9953120287021258,1.0,2.918,0.0,0.0,1.309152005388024,0.8417277701952409,0.4110479320529974,0,session_20260531_103454
session_20260531_103454,D:\mpu_wave\session_20260531_103454.log,4012782,4015701,49,FreshSquat,0.0001986062607797,0.0002606725333763,0.2494031104708223,0.2898658376080649,2.8505722835947322e-08,0.0,0.0,0.0,0.0,0.0,0.0,3.9945351639586377,4.082271174319444,0.0396420649172336,0.0023526701074905,0.9954382516059712,1.0,2.919,0.0,0.0,1.3125025356724194,0.8604087727910795,0.4134249847071757,0,session_20260531_103454
session_20260531_103454,D:\mpu_wave\session_20260531_103454.log,4013756,4016672,49,FreshSquat,0.0002080124900454,0.0002715121697424,0.2676170492563776,0.3032822104862758,3.0449662303339475e-08,0.0,0.0,0.0,0.0,0.0,0.0,3.987702338057678,4.130194274987617,0.0398235633762253,0.0022211000310407,0.9951101944877035,1.0,2.916,0.0,0.0,1.3052623158388088,0.8824027230112963,0.4075231205172457,0,session_20260531_103454
session_20260531_103454,D:\mpu_wave\session_20260531_103454.log,4014732,4017707,50,FreshSquat,0.0001951649506886,0.0002564712840963,0.2592569748463574,0.2903078641494115,2.7688161588728842e-08,0.0,0.0,0.0,0.0,0.0,0.0,3.990137441022039,4.130194274987617,0.0384279277238749,0.0022347555021825,0.9948455579749156,1.0,2.975,0.0,0.0,1.3141190007343393,0.893041512026988,0.4146329748193914,0,session_20260531_103454
session_20260531_103454,D:\mpu_wave\session_20260531_103454.log,4015762,4018677,49,FreshSquat,0.0001806003868985,0.0002382836728755,0.2413738131890593,0.263225063904613,2.41626090111597e-08,0.0,0.0,0.0,0.0,0.0,0.0,3.997922098381924,4.130194274987617,0.0353306915527411,0.0018486763625855,0.9948240228287468,1.0,2.915,0.0,0.0,1.3193900499192657,0.9169864324148912,0.4181893686162299,0,session_20260531_103454
session_20260531_103454,D:\mpu_wave\session_20260531_103454.log,4016733,4019708,50,FreshSquat,0.0001858170270919,0.000262861729648,0.2473598124781468,0.2764028277993202,3.456832135627354e-08,0.0,0.9296875,0.0,0.0,0.0,0.0,4.000968125160796,4.060437303840664,0.0259226891098537,0.0019969080811479,0.9955807368673188,1.0,2.975,0.0,3536.7794485155728,1.4146190967680097,0.8949250394891586,0.4931548002333528,0,session_20260531_103454
session_20260531_103454,D:\mpu_wave\session_20260531_103454.log,4017767,4020678,49,FreshSquat,0.0001836972009567,0.0002665576542272,0.2392985028628779,0.2673712759926205,3.7308321387753246e-08,0.0,0.928252551020408,0.0,0.0,0.0,0.0,4.003265899635118,4.060437303840664,0.026866439547468,0.0019402338791021,0.9954696195901293,1.0,2.911,0.0,3482.3575835927,1.4510629545572042,0.8950045253719701,0.5177901013995907,0,session_20260531_103454
session_20260531_103454,D:\mpu_wave\session_20260531_103454.log,4018738,4021710,50,FreshSquat,0.0001721620003382,0.0002549341834071,0.2285043791256845,0.2558327325026194,3.5351683509010976e-08,0.0,0.92875,0.0,0.0,0.0,0.0,4.003555955506079,4.053262600374271,0.0245381352660095,0.0019405382124285,0.9958179427832796,1.0,2.972,0.0,3643.082871447734,1.4807721920871832,0.8931788203847842,0.5357010644158706,0,session_20260531_103454
session_20260531_103454,D:\mpu_wave\session_20260531_103454.log,4019769,4022682,49,FreshSquat,0.0001519666318179,0.0002086830987213,0.2011872517787471,0.2213393992428876,2.0454778505852906e-08,0.0,0.0,0.0,0.0,0.0,0.0,4.002798587411684,4.046449609622522,0.0252472641134052,0.0021289289768206,0.9953956177049368,1.0,2.913,0.0,0.0,1.373207545744508,0.9089536321051448,0.4591561152914747,0,session_20260531_103454
session_20260531_103454,D:\mpu_wave\session_20260531_103454.log,4020739,4023713,50,FreshSquat,0.0001607187032699,0.0002166355002607,0.2161839882860581,0.2389887117624282,2.1100438392459757e-08,0.0,0.5808593750000001,0.0,0.0,0.0,0.0,4.003484819946069,4.053557307570094,0.0266931585148476,0.0020490234757405,0.994832702835081,1.0,2.974,0.0,2681.262734122786,1.3479087868703734,0.9045782362992194,0.4402258416847581,0,session_20260531_103454
session_20260531_103454,D:\mpu_wave\session_20260531_103454.log,4021770,4024683,49,FreshSquat,0.0001978350010047,0.000260080390697,0.2505224642854146,0.288146678963486,2.8503122002573948e-08,0.0,0.9288903061224488,0.0,0.0,0.0,0.0,4.005329658630055,4.073890680980291,0.0341193439581908,0.0020210226441537,0.9948081153321956,1.0,2.913,0.0,3571.536985529144,1.3146262023905686,0.8694268638360185,0.4152443264277518,0,session_20260531_103454
session_20260531_103454,D:\mpu_wave\session_20260531_103454.log,4022742,4025715,50,FreshSquat,0.0001993066549301,0.0002610885263597,0.257575267456565,0.2962693425536155,2.8444075897257528e-08,0.0,0.9290625,0.0,0.0,0.0,0.0,4.012423079674293,4.073890680980291,0.0309623916183896,0.0017115943752531,0.9948755741831928,1.0,2.973,0.0,3558.405857766872,1.3099774138191858,0.8693956126782043,0.4112363699791593,0,session_20260531_103454
session_20260531_103454,D:\mpu_wave\session_20260531_103454.log,4023773,4026690,49,FreshSquat,0.0002073815485247,0.0002715314603068,0.264648107660532,0.3024659885232951,3.072222726784339e-08,0.0,0.348812181122449,0.0,0.0,0.0,0.0,4.011758130442326,4.073890680980291,0.0385628987830831,0.0017865039810468,0.9952195164530828,1.0,2.917,0.0,1284.6058284461174,1.309326470517633,0.874968151221344,0.4111133560217476,0,session_20260531_103454
session_20260531_103454,D:\mpu_wave\session_20260531_103454.log,4024744,4027724,50,FreshSquat,0.000191594449679,0.0002540804353504,0.2558475203346461,0.2854757300217946,2.7848434480036552e-08,0.0,0.0,0.0,0.0,0.0,0.0,4.004970720062602,4.074655856445369,0.0399111602031708,0.0016808431127729,0.9951817425442632,1.0,2.98,0.0,0.0,1.3261297999301591,0.8962146078719154,0.4247981254705781,0,session_20260531_103454
session_20260531_103454,D:\mpu_wave\session_20260531_103454.log,4025776,4028694,49,FreshSquat,0.0002083421888805,0.0002779858677488,0.2765194027085288,0.3039712535767327,3.3869675000521095e-08,0.0,0.8141741071428571,0.0,0.0,0.0,0.0,3.9961293385952703,4.074655856445369,0.0415222522886339,0.0016844555845642,0.9949133816833182,1.0,2.918,0.0,2928.822191264542,1.3342690454267074,0.9096893161610642,0.4326947374521067,0,session_20260531_103454
session_20260531_103454,D:\mpu_wave\session_20260531_103454.log,4026750,4029725,50,FreshSquat,0.0001988373835881,0.0002645243896471,0.2700174289223893,0.2957706080873807,3.0436847606015814e-08,0.0,0.9296875,0.0,0.0,0.0,0.0,4.00292909824297,4.074655856445369,0.0390454288894728,0.0016641101794096,0.9949254682540888,1.0,2.975,0.0,3514.5492129889585,1.3303487227850863,0.9129285352440712,0.428850155873253,0,session_20260531_103454
session_20260531_103454,D:\mpu_wave\session_20260531_103454.log,4027784,4030695,49,FreshSquat,0.00020161476265,0.0002644750776101,0.2707615652809642,0.2934502870371552,2.9298554158446833e-08,0.0,1.1603156887755102,0.0,0.0,0.0,0.0,4.008341102608643,4.066159353135127,0.0337524561546824,0.0016642196859479,0.994856945445816,1.0,2.911,0.0,4387.223597916301,1.3117777803374484,0.9226829085500222,0.4129635731365978,0,session_20260531_103454
session_20260531_103454,D:\mpu_wave\session_20260531_103454.log,4028755,4031729,50,FreshSquat,0.0001962544679641,0.0002594551694444,0.2701735645126861,0.2918303938627243,2.880116875553356e-08,0.0,1.045546875,0.0,0.0,0.0,0.0,4.012710658367189,4.066159353135127,0.0294131840959867,0.0016798564637191,0.9952068194424272,1.0,2.974,0.0,4029.763012530578,1.3220277230277606,0.9257896684811552,0.4215813794477041,0,session_20260531_103454
session_20260531_103454,D:\mpu_wave\session_20260531_103454.log,4029786,4032702,49,FreshSquat,0.0002077230223182,0.0002698079253261,0.2755642787137126,0.3028601665399513,2.9647462567775124e-08,0.0,0.9298469387755102,0.0,0.0,0.0,0.0,4.015419558370592,4.081464595316002,0.0298045625015645,0.0017098592259165,0.9952165668193016,1.0,2.916,0.0,3446.3164539556483,1.2988768574527547,0.9098729653095168,0.4017471866653416,0,session_20260531_103454
session_20260531_103454,D:\mpu_wave\session_20260531_103454.log,4030756,4033671,49,FreshSquat,0.0002111357977601,0.0002763821938279,0.2750209290137495,0.3077304252353655,3.1808791969349633e-08,0.0,0.6971460459183674,0.0,0.0,0.0,0.0,4.012390214475554,4.081464595316002,0.0337803472928236,0.0019040724555678,0.9954523302723032,1.0,2.915,0.0,2522.3894270226515,1.30901953974865,0.8937073021287847,0.4110347196752534,0,session_20260531_103454
session_20260531_103454,D:\mpu_wave\session_20260531_103454.log,4031790,4034703,49,FreshSquat,0.0001773102672732,0.0002315557608941,0.2392730040735641,0.258252404283504,2.2179139522774585e-08,0.0,0.0,0.0,0.0,0.0,0.0,4.007968451953986,4.084147816609293,0.0389228653397928,0.0020955651143339,0.9950772802495024,1.0,2.913,0.0,0.0,1.3059280690681463,0.926508327428336,0.4060769514376457,0,session_20260531_103454
session_20260531_103454,D:\mpu_wave\session_20260531_103454.log,4032762,4035675,49,FreshSquat,0.0001650584230617,0.0002201749644377,0.2250574143516964,0.2404075931894536,2.1232731941514105e-08,0.0,0.0,0.0,0.0,0.0,0.0,4.003106375206286,4.084147816609293,0.0348614850300932,0.0023438986940061,0.994974599698553,1.0,2.913,0.0,0.0,1.3339133286279112,0.9361493554747672,0.4291433498255733,0,session_20260531_103454
session_20260531_103454,D:\mpu_wave\session_20260531_103454.log,4033732,4036709,50,FreshSquat,0.0001829763968785,0.0002484892432101,0.2390761519734126,0.2723603667537371,2.8266542176511443e-08,0.0,0.0,0.0,0.0,0.0,0.0,4.008061549360218,4.133564878384149,0.0461884057673436,0.0022795686937717,0.994694110456567,1.0,2.977,0.0,0.0,1.3580324534571162,0.8777934687971216,0.4504850499155843,0,session_20260531_103454
session_20260531_103454,D:\mpu_wave\session_20260531_103454.log,4034764,4037680,49,FreshSquat,0.00020467428934,0.0002705207230174,0.2535515014646689,0.2984151138578142,3.1289896865011093e-08,0.0,0.0,0.0,0.0,0.0,0.0,4.016767112312136,4.133564878384149,0.0426326717163874,0.0024441995661582,0.9953866281257746,1.0,2.916,0.0,0.0,1.3217068063744692,0.8496603852840314,0.4218021079360573,0,session_20260531_103454
session_20260531_103454,D:\mpu_wave\session_20260531_103454.log,4035735,4038711,50,FreshSquat,0.000212620306015,0.0002798353914794,0.2690197119385003,0.3163790153503418,3.310045179452611e-08,0.0,0.0,0.0,0.0,0.0,0.0,4.000385620884253,4.133564878384149,0.0821156673124046,0.0021388361553243,0.9952938227944896,1.0,2.976,0.0,0.0,1.316121120334322,0.8503083265187277,0.4173666708728132,0,session_20260531_103454
session_20260531_103454,D:\mpu_wave\session_20260531_103454.log,4036769,4039679,49,FreshSquat,0.0002004480605222,0.0002629478285445,0.2578724392894084,0.2916519280599088,2.8962135569129628e-08,0.0,0.0,0.0,0.0,0.0,0.0,4.000377146021711,4.0834843116268775,0.0773401524460048,0.0019776679930627,0.9952010174632046,1.0,2.91,0.0,0.0,1.3117937687479804,0.8841787541766554,0.412909769153953,0,session_20260531_103454
session_20260531_103454,D:\mpu_wave\session_20260531_103454.log,4037742,4040710,50,FreshSquat,0.000206881348292,0.000273963336881,0.2713590938565631,0.3070119208653768,3.225601768387592e-08,0.0,0.0,0.0,0.0,0.0,0.0,3.9947058927819383,4.0834843116268775,0.0769882091519198,0.0017247235935794,0.9949132693373696,1.0,2.968,0.0,0.0,1.3242470377140956,0.8838715194113951,0.424109286220605,0,session_20260531_103454
session_20260531_103454,D:\mpu_wave\session_20260531_103454.log,4038772,4041683,49,FreshSquat,0.0002032289131969,0.0002659539345113,0.2625390191720069,0.2957996831580894,2.9429504122867893e-08,0.0,0.0,0.0,0.0,0.0,0.0,4.005408291160963,4.081742990152019,0.0380466049855774,0.0017572658466992,0.9951681361759098,1.0,2.911,0.0,0.0,1.3086357727942683,0.8875567934402984,0.4102731165319456,0,session_20260531_103454
session_20260531_103454,D:\mpu_wave\session_20260531_103454.log,4039741,4042720,50,FreshSquat,0.0001985488971074,0.0002592868731662,0.2643073643788229,0.2957385822415352,2.7808018053741586e-08,0.0,0.0,0.0,0.0,0.0,0.0,4.005253040496551,4.064812026716618,0.0335418042466578,0.0020694267160232,0.9953227889764223,1.0,2.979,0.0,0.0,1.305902833210364,0.8937195866761763,0.4075648163024005,0,session_20260531_103454
session_20260531_103454,D:\mpu_wave\session_20260531_103454.log,4040772,4043690,49,FreshSquat,0.0001919710717233,0.0002497532611267,0.2500371347366179,0.2800857936443925,2.55237990648174e-08,0.0,1.046795280612245,0.0,0.0,0.0,0.0,4.009248544868287,4.065012720655347,0.0300846480852107,0.0018998578202662,0.9959888627423512,1.0,2.918,0.0,4191.300984775151,1.300987476379501,0.8927162302325058,0.4027316428721701,0,session_20260531_103454
session_20260531_103454,D:\mpu_wave\session_20260531_103454.log,4041744,4044723,50,FreshSquat,0.0001951764901479,0.0002559896945244,0.2649839749925304,0.2907153820753098,2.7436861396268133e-08,0.0,1.0473046875,0.0,0.0,0.0,0.0,4.016648512930161,4.084055075081882,0.0275892598009544,0.002194379750817,0.9956858179353186,1.0,2.979,0.0,4091.1826480471623,1.3115738619779564,0.9114893480675782,0.412393851581453,0,session_20260531_103454
session_20260531_103454,D:\mpu_wave\session_20260531_103454.log,4042781,4045694,49,FreshSquat,0.0001881491164771,0.0002445193354909,0.2578665688402038,0.274039188149024,2.4389615397808036e-08,0.0,1.045001594387755,0.0,0.0,0.0,0.0,4.022286556909261,4.156991466781222,0.0358573706732558,0.0019515167922146,0.9950351475373668,1.0,2.913,0.0,4273.679701483433,1.299597045535897,0.940984279076868,0.4012129229070281,0,session_20260531_103454
session_20260531_103454,D:\mpu_wave\session_20260531_103454.log,4043751,4046727,50,FreshSquat,0.0001958265463511,0.0002567645439489,0.2744004562988877,0.2913899009704589,2.7579994773492843e-08,0.0,0.0,0.0,0.0,0.0,0.0,4.022470720963002,4.382643455928313,0.0742361997120924,0.0021229947759169,0.9941880752276252,1.0,2.976,0.0,0.0,1.3111768427540265,0.9416951460682615,0.4120843591143376,0,session_20260531_103454
session_20260531_103454,D:\mpu_wave\session_20260531_103454.log,4044784,4047699,49,FreshSquat,0.0001807024365379,0.0002369186639794,0.247624329351234,0.2633738012540908,2.3477082771048294e-08,0.0,0.0,0.0,0.0,0.0,0.0,4.0236859760541615,4.382643455928313,0.0737127280676342,0.0020070888866027,0.9942128543058458,1.0,2.915,0.0,0.0,1.311091081157539,0.9402010649196518,0.4109381494067035,0,session_20260531_103454
session_20260531_103454,D:\mpu_wave\session_20260531_103454.log,4045755,4048669,49,FreshSquat,0.0001927374252656,0.0002534692861268,0.2537120694582838,0.2808184286120797,2.7098963911623562e-08,0.0,0.0,0.0,0.0,0.0,0.0,4.021193739769975,4.382643455928313,0.0698322619141467,0.0019050916648353,0.9939316040820806,1.0,2.914,0.0,0.0,1.3150947237297688,0.9034737136332526,0.4153309305997055,0,session_20260531_103454
session_20260531_103454,D:\mpu_wave\session_20260531_103454.log,4046787,4049700,49,FreshSquat,0.000192614769449,0.0002548387009334,0.2478232351815974,0.2805434117025259,2.7842314083528764e-08,0.0,0.0,0.0,0.0,0.0,0.0,4.017755131107543,4.083398690227658,0.0277418906017968,0.002237352184437,0.9947184474156406,1.0,2.913,0.0,0.0,1.3230417304998878,0.8833685767000229,0.4222194007125661,0,session_20260531_103454
session_20260531_103454,D:\mpu_wave\session_20260531_103454.log,4047760,4050672,49,FreshSquat,0.0002021034234235,0.0002620658667654,0.2558424267988829,0.294262584504627,2.7832724764028112e-08,0.0,0.0,0.0,0.0,0.0,0.0,4.01004559535992,4.107735656141112,0.033350744909843,0.0024110281223506,0.9947184474156406,1.0,2.912,0.0,0.0,1.296685457578035,0.8694358012254333,0.3994448411619041,0,session_20260531_103454
session_20260531_103454,D:\mpu_wave\session_20260531_103454.log,4048730,4051704,50,FreshSquat,0.0002048830986022,0.0002662220533928,0.2610924337505051,0.3046611676216125,2.8897097619824964e-08,0.0,0.0,0.0,0.0,0.0,0.0,4.010249245013053,4.107735656141112,0.0383802785672894,0.0024234735774654,0.9951999206507636,1.0,2.974,0.0,0.0,1.299378796153499,0.856992819044755,0.4020511528789738,0,session_20260531_103454
session_20260531_103454,D:\mpu_wave\session_20260531_103454.log,4049761,4052675,49,FreshSquat,0.0001969901477398,0.0002529891621816,0.2567943954958143,0.2870146452569638,2.519839787479269e-08,0.0,0.0,0.0,0.0,0.0,0.0,4.017201392399224,4.144595311840908,0.0441556310498588,0.0022481478005145,0.9946038117049782,1.0,2.914,0.0,0.0,1.284266654031207,0.8947083322915398,0.3876466898265719,0,session_20260531_103454
session_20260531_103454,D:\mpu_wave\session_20260531_103454.log,4050732,4053705,50,FreshSquat,0.0002014337619145,0.0002637725960643,0.265041756518837,0.2994312870860099,2.9000421995496353e-08,0.0,0.0,0.0,0.0,0.0,0.0,4.026611980450026,4.156718111690372,0.0452260607921399,0.0019955944574433,0.9948716026128808,1.0,2.973,0.0,0.0,1.3094690983687574,0.8851505071931737,0.4109106383660962,0,session_20260531_103454
session_20260531_103454,D:\mpu_wave\session_20260531_103454.log,4051764,4054675,49,FreshSquat,0.0001968861356073,0.000261847800816,0.2548566132455075,0.2865677703764973,2.9800120397806245e-08,0.0,0.0,0.0,0.0,0.0,0.0,4.024103962545458,4.156718111690372,0.0450737599584426,0.0020603409391382,0.9952882015190682,1.0,2.911,0.0,0.0,1.3299385965889163,0.8893415055759109,0.4283825598750733,0,session_20260531_103454
session_20260531_103454,D:\mpu_wave\session_20260531_103454.log,4052736,4055709,50,FreshSquat,0.0002073813915252,0.0002749786634305,0.2609739535624161,0.3082724385023117,3.260622379107921e-08,0.0,0.0,0.0,0.0,0.0,0.0,4.02193077420059,4.156718111690372,0.037251702386274,0.00178651122893,0.9952940928500544,1.0,2.973,0.0,0.0,1.3259499102507772,0.8465692034738612,0.4255950147211506,0,session_20260531_103454
session_20260531_103454,D:\mpu_wave\session_20260531_103454.log,4053766,4056680,49,FreshSquat,0.000196447518407,0.0002594412291526,0.2480116879747116,0.2862240343191186,2.871812389592596e-08,0.0,0.0,0.0,0.0,0.0,0.0,4.014367680430787,4.087991170978339,0.0313684874286553,0.0018857953837463,0.9953237586829384,1.0,2.914,0.0,0.0,1.3206576015758629,0.8664949737648585,0.4204103120562252,0,session_20260531_103454
session_20260531_103454,D:\mpu_wave\session_20260531_103454.log,4054737,4057714,50,FreshSquat,0.0001928964853286,0.0002502107094882,0.2587993920149747,0.2871264184117317,2.5396345090435864e-08,0.0,0.0,0.0,0.0,0.0,0.0,4.018495466523191,4.109806266258824,0.0313664465121826,0.001948442492788,0.9952737112879194,1.0,2.977,0.0,0.0,1.2971175288359855,0.9013430131062344,0.3992797063265343,0,session_20260531_103454
session_20260531_103454,D:\mpu_wave\session_20260531_103454.log,4055769,4058683,49,FreshSquat,0.0001762927146185,0.0002237573092011,0.2458006434714687,0.2568584851991563,1.898821219338398e-08,0.0,0.0,0.0,0.0,0.0,0.0,4.018685411909858,4.109806266258824,0.03404337463695,0.002076853928545,0.9951101944877035,1.0,2.914,0.0,0.0,1.2692302143917695,0.9569496694802064,0.3718269766871424,0,session_20260531_103454
session_20260531_103454,D:\mpu_wave\session_20260531_103454.log,4059774,4062686,49,FatiguedSquat,0.0002165620910878,0.0002868980033979,0.2755129835222448,0.3153144046238491,3.541132505742541e-08,0.0,0.0,0.0,0.0,0.0,0.0,4.013953703187153,4.081200459583659,0.0291015659301073,0.0019216631187493,0.9948336391016056,1.0,2.912,0.0,0.0,1.3247779294102215,0.8737722685937636,0.4250525469053109,1,session_20260531_103454
session_20260531_103454,D:\mpu_wave\session_20260531_103454.log,4060744,4063718,50,FatiguedSquat,0.0002066044012705,0.0002771871770133,0.2730819889664339,0.3072207446893056,3.414735247627554e-08,0.0,0.0,0.0,0.0,0.0,0.0,4.0178623800041,4.100849754394477,0.0290619279578459,0.0019118020586747,0.9943851627097626,1.0,2.974,0.0,0.0,1.3416259948131173,0.8888787388160417,0.4387274093224761,1,session_20260531_103454
session_20260531_103454,D:\mpu_wave\session_20260531_103454.log,4061776,4064690,49,FatiguedSquat,0.0001996630632958,0.0002598218774263,0.2676387016800213,0.2909090832220454,2.7642069144676208e-08,0.0,0.0,0.0,0.0,0.0,0.0,4.020509452359423,4.100849754394477,0.0275860307778326,0.0017295111582644,0.9943187456624798,1.0,2.914,0.0,0.0,1.3012951511528417,0.9200080581730395,0.4034902203418747,1,session_20260531_103454
session_20260531_103454,D:\mpu_wave\session_20260531_103454.log,4062746,4065721,50,FatiguedSquat,0.0001839216709136,0.0002381887318221,0.2555344054944968,0.2735834854841232,2.29066909353369e-08,0.0,0.0,0.0,0.0,0.0,0.0,4.023661634519026,4.100849754394477,0.0241075669703007,0.002054143014329,0.994661729246558,1.0,2.975,0.0,0.0,1.2950482430405383,0.934027154849224,0.3967634623297223,1,session_20260531_103454
session_20260531_103454,D:\mpu_wave\session_20260531_103454.log,4063778,4066692,49,FatiguedSquat,0.0001756313544552,0.0002276089596855,0.2400297666650239,0.2558948834412763,2.0959465861379457e-08,0.0,0.0,0.0,0.0,0.0,0.0,4.019869772928037,4.071100506276743,0.022818111698169,0.0020963568340786,0.9951886122417696,1.0,2.914,0.0,0.0,1.2959398078536288,0.938001426597908,0.3969156904838384,1,session_20260531_103454
session_20260531_103454,D:\mpu_wave\session_20260531_103454.log,4064751,4067724,50,FatiguedSquat,0.0001690223058064,0.0002177524515257,0.2359092758961022,0.2512516575813293,1.8847590285317893e-08,0.0,0.0,0.0,0.0,0.0,0.0,4.013064166547248,4.059525907945968,0.0244248486040441,0.0019643648251437,0.9951413133885436,1.0,2.973,0.0,0.0,1.2882983827983088,0.9389361934092036,0.3892832869684988,1,session_20260531_103454
session_20260531_103454,D:\mpu_wave\session_20260531_103454.log,4065782,4068696,49,FatiguedSquat,0.0001767499755028,0.0002310160198824,0.2405865473589752,0.25752471430772,2.212784760203644e-08,0.0,0.0,0.0,0.0,0.0,0.0,4.012832019420078,4.059525907945968,0.0289573030447385,0.0017522277302684,0.9945959685934294,1.0,2.914,0.0,0.0,1.3070141153400665,0.9342270200027007,0.4069983117954239,1,session_20260531_103454
session_20260531_103454,D:\mpu_wave\session_20260531_103454.log,4066752,4069726,50,FatiguedSquat,0.000184878484408,0.0002421178601654,0.2499051146919838,0.2749143063147862,2.4441004214082232e-08,0.0,0.0,0.0,0.0,0.0,0.0,4.020965705790095,4.122455458467789,0.0351616678526551,0.0014713011886779,0.9944716073141008,1.0,2.974,0.0,0.0,1.3095983090858785,0.9090291339614928,0.4099391213007749,1,session_20260531_103454
session_20260531_103454,D:\mpu_wave\session_20260531_103454.log,4067784,4070696,49,FatiguedSquat,0.0001858834182324,0.0002429979588437,0.2439172104888018,0.270646256946382,2.4495362828459462e-08,0.0,0.0,0.0,0.0,0.0,0.0,4.025009364329573,4.122455458467789,0.0328288777987249,0.0016687784901511,0.9943659513938158,1.0,2.912,0.0,0.0,1.307252975555622,0.9012399149339964,0.4079296490160462,1,session_20260531_103454
session_20260531_103454,D:\mpu_wave\session_20260531_103454.log,4068756,4071727,50,FatiguedSquat,0.0001924926042556,0.0002485592257657,0.2543641978986251,0.2859477636218072,2.4728286020154136e-08,0.0,0.0,0.0,0.0,0.0,0.0,4.022135599411872,4.122455458467789,0.0318231809366197,0.0017332942433415,0.9946629662303348,1.0,2.971,0.0,0.0,1.291259658869708,0.8895477753954315,0.3938773633994471,1,session_20260531_103454
session_20260531_103454,D:\mpu_wave\session_20260531_103454.log,4069787,4072698,49,FatiguedSquat,0.000196594705387,0.0002537357092197,0.2590210673850042,0.2861435936908332,2.5732331947009124e-08,0.0,0.0,0.0,0.0,0.0,0.0,4.017491004456552,4.065750902395069,0.0242083088185453,0.0019371693922638,0.9952949687066546,1.0,2.911,0.0,0.0,1.290647263734338,0.905213578744847,0.3935701978054086,1,session_20260531_103454
session_20260531_103454,D:\mpu_wave\session_20260531_103454.log,4070757,4073670,49,FatiguedSquat,0.0001887643580534,0.0002454577319965,0.2547302266778138,0.27493528750478,2.461751532557493e-08,0.0,0.0,0.0,0.0,0.0,0.0,4.0141824755335325,4.065750902395069,0.0228425296513899,0.0019632224153936,0.9949383860469764,1.0,2.913,0.0,0.0,1.3003325108365753,0.926509754579522,0.4019219103875981,1,session_20260531_103454
session_20260531_103454,D:\mpu_wave\session_20260531_103454.log,4071788,4074704,49,FatiguedSquat,0.0001764320516261,0.0002288447627766,0.2462572944804797,0.2572379312709886,2.1241656609277915e-08,0.0,0.0,0.0,0.0,0.0,0.0,4.031708876209255,4.445875188132315,0.0757758246466819,0.0030006294233529,0.9949657860341584,1.0,2.916,0.0,0.0,1.2970628840083265,0.9573133025383626,0.398007987270973,1,session_20260531_103454
session_20260531_103454,D:\mpu_wave\session_20260531_103454.log,4072758,4075673,49,FatiguedSquat,0.0001689892966731,0.0002182192468718,0.2442178563389065,0.2463018999010527,1.906225731525261e-08,0.0,0.0,0.0,0.0,0.0,0.0,4.031151136502312,4.445875188132315,0.0958275928480959,0.0029917352291083,0.9948487223828496,1.0,2.915,0.0,0.0,1.2913122893321285,0.991538658229912,0.3920690780677527,1,session_20260531_103454
session_20260531_103454,D:\mpu_wave\session_20260531_103454.log,4073730,4076705,50,FatiguedSquat,0.0001793424288431,0.0002304663901771,0.2634604252898134,0.2667718629042307,2.0951050217923412e-08,0.0,0.0,0.0,0.0,0.0,0.0,4.031429423185832,4.445875188132315,0.0956563681036446,0.0029331963214067,0.9949650964061576,1.0,2.975,0.0,0.0,1.2850562279518478,0.9875870019950598,0.387159646996515,1,session_20260531_103454
session_20260531_103454,D:\mpu_wave\session_20260531_103454.log,4074765,4077680,49,FatiguedSquat,0.0001896553299053,0.0002434494974331,0.2659733640896409,0.27642264333712,2.3298513638926706e-08,0.0,0.0,0.0,0.0,0.0,0.0,4.015267766547365,4.192820622220594,0.0643218397054254,0.001937103739169,0.9951709287318232,1.0,2.915,0.0,0.0,1.2836349704467076,0.9621981756504168,0.3865840234918122,1,session_20260531_103454
session_20260531_103454,D:\mpu_wave\session_20260531_103454.log,4075735,4078712,50,FatiguedSquat,0.0001872844616572,0.0002386924663975,0.265890272224027,0.2787729211767514,2.1898623936719822e-08,0.0,0.0,0.0,0.0,0.0,0.0,4.016319385264373,4.083577066116815,0.0297943519893065,0.0018521243501283,0.9947958025751628,1.0,2.977,0.0,0.0,1.274484758643164,0.953788015521262,0.3777312004209773,1,session_20260531_103454
session_20260531_103454,D:\mpu_wave\session_20260531_103454.log,4076767,4079680,49,FatiguedSquat,0.0001823352307689,0.0002326367279034,0.2560742863873495,0.2655712636149659,2.087371079005461e-08,0.0,0.0,0.0,0.0,0.0,0.0,4.01952440699004,4.083577066116815,0.0281127805215013,0.0018738979116506,0.9946555881732349,1.0,2.913,0.0,0.0,1.2758667156953352,0.9642394359141776,0.3786968190572201,1,session_20260531_103454
session_20260531_103454,D:\mpu_wave\session_20260531_103454.log,4077740,4080711,50,FatiguedSquat,0.0001771922429402,0.000227226474356,0.2570965511836732,0.2632190768877664,2.0234779690071943e-08,0.0,0.0,0.0,0.0,0.0,0.0,4.021909853847981,4.083577066116815,0.0242623105990662,0.0017351160405426,0.9945237388462828,1.0,2.971,0.0,0.0,1.282365346361634,0.976739806425795,0.3844586833193877,1,session_20260531_103454
session_20260531_103454,D:\mpu_wave\session_20260531_103454.log,4078772,4081681,49,FatiguedSquat,0.0001905786828929,0.0002508360771792,0.2612767678468494,0.2771966942678503,2.659850324142701e-08,0.0,0.0,0.0,0.0,0.0,0.0,4.018528590655392,4.074612953212808,0.0222531629027786,0.001901270073407,0.9946555881732349,1.0,2.909,0.0,0.0,1.3161742813899724,0.9425681197042493,0.4161299836955713,1,session_20260531_103454
session_20260531_103454,D:\mpu_wave\session_20260531_103454.log,4079741,4082712,50,FatiguedSquat,0.0002088872909545,0.000281174135142,0.2777183284051716,0.3103020707130433,3.5424993950504867e-08,0.0,0.0,0.0,0.0,0.0,0.0,4.018572458426597,4.057286018829274,0.0209678930139079,0.0018602605498557,0.9946884375441132,1.0,2.971,0.0,0.0,1.3460502446406897,0.8949934715936928,0.442486675243994,1,session_20260531_103454
session_20260531_103454,D:\mpu_wave\session_20260531_103454.log,4080772,4083683,49,FatiguedSquat,0.000197485677239,0.0002678189364899,0.2632930273737847,0.2874404032214158,3.2726390028025564e-08,0.0,0.0,0.0,0.0,0.0,0.0,4.019028089651713,4.072338435078501,0.0263410274635068,0.0020110619307466,0.9945270709049614,1.0,2.911,0.0,0.0,1.356136728989291,0.9159917099579696,0.4499896571243606,1,session_20260531_103454
session_20260531_103454,D:\mpu_wave\session_20260531_103454.log,4081742,4084716,50,FatiguedSquat,0.0002133607546488,0.0002859016353866,0.2861283472149011,0.3172674421628316,3.621693349242819e-08,0.0,0.0,0.0,0.0,0.0,0.0,4.017459006672893,4.072338435078501,0.0272861298920194,0.0019949111366366,0.994186182402346,1.0,2.974,0.0,0.0,1.3399853964323585,0.9018522176826416,0.4377211150617291,1,session_20260531_103454
session_20260531_103454,D:\mpu_wave\session_20260531_103454.log,4082773,4085688,49,FatiguedSquat,0.0002129628788046,0.0002812747015486,0.2844676054531841,0.3103933958577461,3.3762269982549786e-08,0.0,0.0,0.0,0.0,0.0,0.0,4.015710350404343,4.072338435078501,0.0296083525450325,0.0019171123833115,0.9941522039252516,1.0,2.915,0.0,0.0,1.3207624838892484,0.9164744106446188,0.4214201720694576,1,session_20260531_103454
session_20260531_103454,D:\mpu_wave\session_20260531_103454.log,4083744,4086720,50,FatiguedSquat,0.0002224769274393,0.0002918597798848,0.2948256985068321,0.3310456680297852,3.5686147871557e-08,0.0,0.0,0.0,0.0,0.0,0.0,4.01097677540985,4.066754041379316,0.0260580941772253,0.0019010267992006,0.9942878673487584,1.0,2.976,0.0,0.0,1.311859487563611,0.890589202906339,0.4140782713318838,1,session_20260531_103454
session_20260531_103454,D:\mpu_wave\session_20260531_103454.log,4084776,4087695,49,FatiguedSquat,0.0002239018151549,0.0002917553255768,0.2902232825400174,0.3267846992186137,3.498914717278343e-08,0.0,1.047154017857143,0.0,0.0,0.0,0.0,4.011766064398741,4.066754041379316,0.0276945979404224,0.0016838775820184,0.9945097202508768,1.0,2.919,0.0,3589.139038499842,1.30304447210713,0.8881177189319533,0.4062781215325626,1,session_20260531_103454
session_20260531_103454,D:\mpu_wave\session_20260531_103454.log,4085749,4088729,50,FatiguedSquat,0.0002148945411046,0.0002817768457181,0.2895653344312062,0.3201928662459056,3.321852698630123e-08,0.0,1.97890625,0.0,0.0,0.0,0.0,4.011422742075524,4.063442742921865,0.0275184595006957,0.00178195510294,0.9941446717292431,1.0,2.98,0.0,7022.93058191445,1.3112270467303688,0.9043466112217368,0.4131750560906626,1,session_20260531_103454
session_20260531_103454,D:\mpu_wave\session_20260531_103454.log,4086781,4089699,49,FatiguedSquat,0.0002149606967458,0.0002833556525664,0.2800431073235576,0.3136276565522564,3.4082324695901713e-08,0.0,1.977279974489796,0.0,0.0,0.0,0.0,4.014434443667353,4.070728338486522,0.0282625614648117,0.0018358853465855,0.9937278700109874,1.0,2.918,0.0,6978.060887509352,1.318168105555319,0.8929158528593641,0.4192661601060533,1,session_20260531_103454
session_20260531_103454,D:\mpu_wave\session_20260531_103454.log,4087755,4090670,49,FatiguedSquat,0.0002163089294822,0.0002955865596242,0.2837085946917622,0.3152702647204302,4.058186125670845e-08,0.0,0.9295280612244896,0.0,0.0,0.0,0.0,4.016129714679432,4.070728338486522,0.028910527561397,0.0020916903186599,0.9937139918443354,1.0,2.915,0.0,3144.679236183715,1.3664955664849598,0.8998901118805296,0.4592193257297811,1,session_20260531_103454
session_20260531_103454,D:\mpu_wave\session_20260531_103454.log,4088789,4091703,49,FatiguedSquat,0.0002210817126189,0.0002968856371329,0.2817869783899284,0.3221160552858494,3.926395788129929e-08,0.0,0.0,0.0,0.0,0.0,0.0,4.035444510903826,5.123980055586285,0.164694059550454,0.0071937521232019,0.9939540920368302,1.0,2.914,0.0,0.0,1.3428713336108622,0.8747995416281498,0.4404698395488191,1,session_20260531_103454
session_20260531_103454,D:\mpu_wave\session_20260531_103454.log,4089760,4092674,49,FatiguedSquat,0.0002182105852633,0.0002944048633746,0.2865466720275074,0.3179328227286436,3.90583640576992e-08,0.0,0.0,0.0,0.0,0.0,0.0,4.030779710742371,5.123980055586285,0.1667407161231874,0.0071502249471013,0.9940692373849114,1.0,2.914,0.0,0.0,1.3491715530108763,0.9012805556436526,0.4454942680234688,1,session_20260531_103454
session_20260531_103454,D:\mpu_wave\session_20260531_103454.log,4090731,4093708,50,FatiguedSquat,0.0002100691239039,0.0002732645531118,0.278892904963515,0.3126878909309705,3.054447916967754e-08,0.0,0.0,0.0,0.0,0.0,0.0,4.026433937923655,5.123980055586285,0.16520788189944,0.0069933625947935,0.994682107493763,1.0,2.977,0.0,0.0,1.3008254007451012,0.891921024639751,0.4036349939752983,1,session_20260531_103454
session_20260531_103454,D:\mpu_wave\session_20260531_103454.log,4091763,4094679,49,FatiguedSquat,0.0002104587376523,0.0002751638333159,0.2771845318013992,0.3068488394970796,3.1422254910938324e-08,0.0,2.092155612244898,0.0,0.0,0.0,0.0,4.008060562671458,4.0638442561328345,0.0363168072506628,0.0020627333091197,0.9947230613312824,1.0,2.916,0.0,7603.281229772548,1.3074416816510337,0.9033259873244892,0.4095965527962022,1,session_20260531_103454
session_20260531_103454,D:\mpu_wave\session_20260531_103454.log,4092734,4095708,50,FatiguedSquat,0.0002107230265935,0.0002754028860407,0.2868630693883324,0.3133451405445734,3.1442555702856034e-08,0.0,2.09109375,0.0,0.0,0.0,0.0,4.015373599811054,4.0638442561328345,0.0281443129693677,0.001907904923411,0.9948453055369064,1.0,2.974,0.0,7592.825867716145,1.306936330388264,0.9154859334160956,0.4091592142845375,1,session_20260531_103454
session_20260531_103454,D:\mpu_wave\session_20260531_103454.log,4093769,4096677,49,FatiguedSquat,0.0002011162894112,0.0002623982745677,0.2781771723468641,0.2924230848039899,2.8405092629594506e-08,0.0,3.013711734693877,0.0,0.0,0.0,0.0,4.018763623941461,4.069074643174038,0.0277587480670513,0.0021511854310192,0.9945694348960022,1.0,2.908,0.0,11485.213667827036,1.3047027201684367,0.9512832120693958,0.4066418306664733,1,session_20260531_103454
session_20260531_103454,D:\mpu_wave\session_20260531_103454.log,4094740,4097709,50,FatiguedSquat,0.0001893625259399,0.0002457068878187,0.2721007050308088,0.2811086697578429,2.4513708491222527e-08,0.0,0.9278125,0.0,0.0,0.0,0.0,4.020156114336235,4.081593087599846,0.0261948804892792,0.0021661273660562,0.9938111836691228,1.0,2.969,0.0,3776.079426006874,1.2975407307143298,0.9679555749641252,0.399429031660391,1,session_20260531_103454
session_20260531_103454,D:\mpu_wave\session_20260531_103454.log,4095769,4098680,49,FatiguedSquat,0.0001922114771239,0.0002488559800129,0.2652415555500153,0.2797638049539254,2.498404685005485e-08,0.0,1.6244419642857142,0.0,0.0,0.0,0.0,4.016625539079898,4.081593087599846,0.0271909115134403,0.002054518049108,0.9938090582758552,1.0,2.911,0.0,6527.612623929076,1.29469212267894,0.9480910321676788,0.3970177219697196,1,session_20260531_103454
session_20260531_103454,D:\mpu_wave\session_20260531_103454.log,4096738,4099714,50,FatiguedSquat,0.0002001365343729,0.0002599231661725,0.2768159880399703,0.2978031631469727,2.750541992235587e-08,0.0,1.04625,0.0,0.0,0.0,0.0,4.017593769449403,4.081593087599846,0.027262225125418,0.0021320194958106,0.9949766605534608,1.0,2.976,0.0,4025.212489497189,1.298722735777279,0.9295266852952416,0.4011872656793377,1,session_20260531_103454
session_20260531_103454,D:\mpu_wave\session_20260531_103454.log,4097770,4100684,49,FatiguedSquat,0.0002090692925615,0.0002685544409795,0.2788407619942461,0.3046139592621601,2.8411518677658815e-08,0.0,1.0453603316326532,0.0,0.0,0.0,0.0,4.015027061800222,4.064518135570063,0.0266538068144205,0.0018932559824463,0.995136511617854,1.0,2.914,0.0,3892.5308227593914,1.28451745912446,0.915390620161555,0.3885522511123922,1,session_20260531_103454
session_20260531_103454,D:\mpu_wave\session_20260531_103454.log,4098740,4101717,50,FatiguedSquat,0.0002393110752105,0.0003113490553594,0.3126193583211396,0.3562145354509354,3.966844355479905e-08,0.0,3.488671875,0.0,0.0,0.0,0.0,4.021263266739673,4.0669331473036605,0.0268911403316529,0.0018807089113962,0.9948958168126976,1.0,2.977,0.0,11204.982350082017,1.301016904748832,0.8776153871648621,0.4050353148508652,1,session_20260531_103454
session_20260531_103454,D:\mpu_wave\session_20260531_103454.log,4099775,4102691,49,FatiguedSquat,0.0002320844299939,0.0003048746262969,0.3005839178941156,0.3383790989311374,3.9085355114121754e-08,0.0,3.1382334183673466,0.0,0.0,0.0,0.0,4.018554993253188,4.0669331473036605,0.0261034723834528,0.0017191079923706,0.9943061271159688,1.0,2.916,0.0,10293.487401680166,1.3136310465718086,0.8883052113894936,0.4160294140403032,1,session_20260531_103454
session_20260531_103454,D:\mpu_wave\session_20260531_103454.log,4100745,4103723,50,FatiguedSquat,0.0002292621294657,0.0003054239963994,0.3045116659676346,0.3413713107744852,4.0722693569455676e-08,0.0,3.140859375,0.0,0.0,0.0,0.0,4.017817900580447,4.0669331473036605,0.0255558021497222,0.0016198011513312,0.9942045836649192,1.0,2.978,0.0,10283.57014660341,1.332198496597371,0.8920247702853231,0.4319160447269954,1,session_20260531_103454
session_20260531_103454,D:\mpu_wave\session_20260531_103454.log,4101779,4104693,49,FatiguedSquat,0.0002306155039339,0.0003140116975802,0.2906828816409925,0.3360067892317869,4.5419835562537466e-08,0.0,1.8584183673469383,0.0,0.0,0.0,0.0,4.011428115554334,4.067957481632939,0.0273708889226127,0.0016179238892775,0.9941383916383848,1.0,2.914,0.0,5918.290507573416,1.3616184974784038,0.8651101409006388,0.4560071251368209,1,session_20260531_103454
session_20260531_103454,D:\mpu_wave\session_20260531_103454.log,4102751,4105724,50,FatiguedSquat,0.0002229365825653,0.0003066537784146,0.2859281335873995,0.3313952299833297,4.433581997011225e-08,0.0,1.858125,0.0,0.0,0.0,0.0,4.014554428246851,4.067957481632939,0.02672455361709,0.0016562126364514,0.9939760128654044,1.0,2.973,0.0,6059.338157409068,1.3755140559347645,0.8628009906448612,0.4665134069058683,1,session_20260531_103454
session_20260531_103454,D:\mpu_wave\session_20260531_103454.log,4103783,4106697,49,FatiguedSquat,0.000239068942816,0.0003276773060186,0.2982868602290293,0.3483234496830272,5.021845746045754e-08,0.0,1.9745695153061225,0.0,0.0,0.0,0.0,4.018778226436659,4.067957481632939,0.0247777268350375,0.0022016210457828,0.9940549817321116,1.0,2.914,0.0,6025.9390964795775,1.370633640343326,0.8563502102546321,0.463387814966089,1,session_20260531_103454
session_20260531_103454,D:\mpu_wave\session_20260531_103454.log,4104754,4107728,50,FatiguedSquat,0.0002162340799967,0.0002879147678763,0.2922002992217739,0.3215400769551594,3.61377362092579e-08,0.0,1.045546875,0.0,0.0,0.0,0.0,4.020781516113196,4.061054353415504,0.0221976943576133,0.0023418851943864,0.9942684390238294,1.0,2.974,0.0,3631.433188643566,1.3314896356349364,0.9087523430361388,0.4307500261366194,1,session_20260531_103454
session_20260531_103454,D:\mpu_wave\session_20260531_103454.log,4105785,4108702,49,FatiguedSquat,0.0002044495838839,0.0002731114845647,0.2763706079465463,0.2981897180948127,3.2790250650794536e-08,0.0,1.046436543367347,0.0,0.0,0.0,0.0,4.019279921231665,4.071100506276743,0.0249924720415637,0.0022131815689558,0.9948897097075646,1.0,2.917,0.0,3831.5221841110806,1.335831277056458,0.9268280904703868,0.4337915253857745,1,session_20260531_103454
session_20260531_103454,D:\mpu_wave\session_20260531_103454.log,4106757,4109673,49,FatiguedSquat,0.0001876015809117,0.0002439569398552,0.262217552460616,0.2735231049693361,2.432063534293743e-08,0.0,0.9298469387755102,0.0,0.0,0.0,0.0,4.018836107368921,4.088112331169386,0.0302418133036562,0.0018445163182706,0.9948704706638424,1.0,2.916,0.0,3811.505128004098,1.3003922369809071,0.9586669160228553,0.4018944057391692,1,session_20260531_103454
session_20260531_103454,D:\mpu_wave\session_20260531_103454.log,4107789,4110704,49,FatiguedSquat,0.0001910889310901,0.0002452042095795,0.2660059730104981,0.278512117063918,2.3610124810337932e-08,0.0,0.0,0.0,0.0,0.0,0.0,4.0168568836110605,4.088112331169386,0.0305131871464223,0.001865861929019,0.9949358998670448,1.0,2.915,0.0,0.0,1.283187492824129,0.9550965855979386,0.3862590509059025,1,session_20260531_103454
session_20260531_103454,D:\mpu_wave\session_20260531_103454.log,4108763,4111674,49,FatiguedSquat,0.0002103086069327,0.0002657589129932,0.2845075131061512,0.306104177390637,2.6398089685348954e-08,0.0,0.0,0.0,0.0,0.0,0.0,4.019683966861763,4.088112331169386,0.029523312163113,0.0017510782951171,0.9943969111423172,1.0,2.911,0.0,0.0,1.2636556021818062,0.9294466825051794,0.3685453098661482,1,session_20260531_103454
session_20260531_103454,D:\mpu_wave\session_20260531_103454.log,4109734,4112708,50,FatiguedSquat,0.0002268561522165,0.0002906988100195,0.3117016355731835,0.3373350983460744,3.3042084348260745e-08,0.0,0.813203125,0.0,0.0,0.0,0.0,4.016889962364576,4.065012720655347,0.0270053358633523,0.0019819997577004,0.9943594775766628,1.0,2.974,0.0,2797.398199005798,1.2814178754302503,0.924011868843232,0.3864309212287666,1,session_20260531_103454
session_20260531_103454,D:\mpu_wave\session_20260531_103454.log,4110765,4113681,49,FatiguedSquat,0.000210837498814,0.0002728120549063,0.2896248136158576,0.3074010732709145,2.9973966396063226e-08,0.0,0.9298469387755102,0.0,0.0,0.0,0.0,4.021367399639616,4.071572824097724,0.0264926851618148,0.0020005701223617,0.9943077756287636,1.0,2.916,0.0,3408.3667260521497,1.2939385190128476,0.942172418566792,0.397393479209764,1,session_20260531_103454
session_20260531_103454,D:\mpu_wave\session_20260531_103454.log,4111735,4114714,50,FatiguedSquat,0.0002231991052627,0.0002876658765688,0.3072185041034594,0.3324550672888756,3.293381595203569e-08,0.0,0.9309375,0.0,0.0,0.0,0.0,4.018458312536961,4.071572824097724,0.0264746604356874,0.0024353464654786,0.9944315138220934,1.0,2.979,0.0,3236.165077827989,1.2888250040483322,0.9240903009380872,0.3932318154861638,1,session_20260531_103454
session_20260531_103454,D:\mpu_wave\session_20260531_103454.log,4112768,4115687,49,FatiguedSquat,0.0002343334470476,0.0003000342104462,0.3062255150961157,0.3420096659660339,3.5108363032861814e-08,0.0,0.6981026785714286,0.0,0.0,0.0,0.0,4.0215174395081466,4.099613327966905,0.0271632357635498,0.0022274610771947,0.9944698260832854,1.0,2.919,0.0,2326.735843880362,1.2803675013483156,0.8953709344318853,0.3857191780913477,1,session_20260531_103454
session_20260531_103454,D:\mpu_wave\session_20260531_103454.log,4113742,4116723,50,FatiguedSquat,0.0002417459011077,0.0003090285848367,0.3275134142535117,0.3603222656011581,3.7057585543795076e-08,0.0,0.9315625,0.0,0.0,0.0,0.0,4.0194925783519935,4.099613327966905,0.0243107889885004,0.0019798373240205,0.9944049092086512,1.0,2.981,0.0,3014.47675468379,1.2783145654428658,0.9089458093802384,0.3840217381786862,1,session_20260531_103454
session_20260531_103454,D:\mpu_wave\session_20260531_103454.log,4114775,4117694,49,FatiguedSquat,0.000238148533568,0.0003065510238475,0.3208760581318555,0.3475777847426278,3.7258806181339895e-08,0.0,0.9308035714285714,0.0,0.0,0.0,0.0,4.0205993763922905,4.099613327966905,0.0233601386008439,0.0014492918965913,0.9944374300925714,1.0,2.919,0.0,3036.3641373038586,1.2872207610681183,0.9231776922862834,0.3923072680804721,1,session_20260531_103454
session_20260531_103454,D:\mpu_wave\session_20260531_103454.log,4115748,4118676,49,FatiguedSquat,0.0002383702952845,0.0003099341580011,0.3168711602824683,0.348974112296591,3.9238784621861694e-08,0.0,0.3501275510204081,0.0,0.0,0.0,0.0,4.023599978430195,4.080286560832104,0.0262847733525842,0.0017669570997705,0.9945365102528444,1.0,2.928,0.0,1129.6800055805882,1.3002159409806784,0.9080076378420696,0.4042768926512563,1,session_20260531_103454
session_20260531_103454,D:\mpu_wave\session_20260531_103454.log,4116783,4119710,49,FatiguedSquat,0.0002485193281757,0.0003189809882363,0.318367797254306,0.363708036785223,3.9987014379313494e-08,0.0,0.0,0.0,0.0,0.0,0.0,4.020017351899547,4.080286560832104,0.033947925735705,0.001939437101182,0.9945478598263208,1.0,2.927,0.0,0.0,1.2835207106710749,0.8753389097282162,0.3891722998616631,1,session_20260531_103454
session_20260531_103454,D:\mpu_wave\session_20260531_103454.log,4117756,4120686,49,FatiguedSquat,0.0002533872922261,0.0003258348515033,0.324525396432094,0.371212383111318,4.1963230592522784e-08,0.0,0.0,0.0,0.0,0.0,0.0,4.018740444882064,4.080286560832104,0.0355815465507864,0.001900548516142,0.9943539103987524,1.0,2.93,0.0,0.0,1.2859112338645786,0.8742310610380292,0.391563651158802,1,session_20260531_103454
session_20260531_103454,D:\mpu_wave\session_20260531_103454.log,4118736,4121718,50,FatiguedSquat,0.0002471079031626,0.0003174183873719,0.3219931942036375,0.3684378836154938,3.969211683639805e-08,0.0,0.0,0.0,0.0,0.0,0.0,4.01256705568013,4.075835518366201,0.0339705873469749,0.0016667606064968,0.9946226401584648,1.0,2.982,0.0,0.0,1.2845283326885035,0.8739415995173067,0.3900775210069775,1,session_20260531_103454
session_20260531_103454,D:\mpu_wave\session_20260531_103454.log,4119771,4122689,49,FatiguedSquat,0.0002511157065021,0.0003215168012732,0.3233177309987281,0.3663778157866731,4.0313955448886297e-08,0.0,0.0,0.0,0.0,0.0,0.0,4.0179723827047855,4.084996660433252,0.0310203569902049,0.0017605488143117,0.9947286264640448,1.0,2.918,0.0,0.0,1.2803481128423055,0.8824708161492836,0.3862486925182331,1,session_20260531_103454
session_20260531_103454,D:\mpu_wave\session_20260531_103454.log,4120746,4123721,50,FatiguedSquat,0.0002536613543828,0.0003213670291153,0.3350293866017212,0.3773212646444638,3.8932684695116894e-08,0.0,0.0,0.0,0.0,0.0,0.0,4.018101441533878,4.084996660433252,0.0282197995148395,0.0019230218566112,0.9950351849723936,1.0,2.975,0.0,0.0,1.2669086427794198,0.8879154638408514,0.3733591447542529,1,session_20260531_103454
session_20260531_103454,D:\mpu_wave\session_20260531_103454.log,4121778,4124691,49,FatiguedSquat,0.0002567048867543,0.0003219637807479,0.3416872086153574,0.3738906675577162,3.776327722994008e-08,0.0,0.0,0.0,0.0,0.0,0.0,4.0157005402603545,4.084996660433252,0.0245649227060112,0.001850999884713,0.9947893390661574,1.0,2.913,0.0,0.0,1.254212689933479,0.9138693135440268,0.3608162934948498,1,session_20260531_103454
session_20260531_103454,D:\mpu_wave\session_20260531_103454.log,4122750,4125725,50,FatiguedSquat,0.0002572857062021,0.0003256136102644,0.3542888411084035,0.3827124879757563,3.982828857349144e-08,0.0,0.0,0.0,0.0,0.0,0.0,4.012103205608882,4.062682627129563,0.0209906104806078,0.0017673298992244,0.9948541012213648,1.0,2.975,0.0,0.0,1.2655671762868632,0.9257310678744184,0.3721427484971207,1,session_20260531_103454
session_20260531_103454,D:\mpu_wave\session_20260531_103454.log,4123782,4126700,49,FatiguedSquat,0.0002409509736664,0.0003076812970585,0.3313049774758555,0.3515474705793419,3.66104088488478e-08,0.0,0.0,0.0,0.0,0.0,0.0,4.010787467886041,4.062682627129563,0.0223126842694829,0.001729400424799,0.9945386678054956,1.0,2.918,0.0,0.0,1.2769403478077306,0.9424188886566408,0.3826827447514451,1,session_20260531_103454
session_20260531_103454,D:\mpu_wave\session_20260531_103454.log,4124752,4127670,49,FatiguedSquat,0.0002385351447021,0.0003117908565819,0.3286314593271675,0.3480227761203739,4.03145229900265e-08,0.0,2.09359056122449,0.0,0.0,0.0,0.0,4.010541562992083,4.062682627129563,0.0220618445322276,0.0019432139072818,0.9946524720731292,1.0,2.918,0.0,6714.705714818706,1.3071010977027695,0.9442814692944668,0.4104782671427071,1,session_20260531_103454
session_20260531_103454,D:\mpu_wave\session_20260531_103454.log,4125786,4128702,49,FatiguedSquat,0.0002193468687485,0.0002863584047395,0.3081140212900936,0.3198077346354114,3.3888087135178474e-08,0.0,2.092155612244898,0.0,0.0,0.0,0.0,4.00960449455271,4.072495832581343,0.0242604246445548,0.002017584065833,0.9946532436084397,1.0,2.916,0.0,7306.048195440831,1.3054989153680563,0.9634351735673806,0.4082846185319281,1,session_20260531_103454
session_20260531_103454,D:\mpu_wave\session_20260531_103454.log,4126761,4129673,49,FatiguedSquat,0.000214787997356,0.0002830182421312,0.3042907115710633,0.3127313241504487,3.396544157085077e-08,0.0,2.0892857142857144,0.0,0.0,0.0,0.0,4.012911597496974,4.072495832581343,0.0252484501389151,0.0020219114643972,0.9948471571473172,1.0,2.912,0.0,7382.133096506983,1.3176570756187356,0.9730100156249942,0.4188128743622102,1,session_20260531_103454
session_20260531_103454,D:\mpu_wave\session_20260531_103454.log,4127732,4130708,50,FatiguedSquat,0.0002194343566894,0.0002870744037452,0.3182799845740198,0.3265183227539062,3.4260276389951515e-08,0.0,2.79,0.0,0.0,0.0,0.0,4.0149309064110925,4.072495832581343,0.0251329257490154,0.0020423610463253,0.9945981620517466,1.0,2.976,0.0,9718.700953134476,1.3082413339226662,0.9747691367358128,0.4107369941271686,1,session_20260531_103454
session_20260531_103454,D:\mpu_wave\session_20260531_103454.log,4128763,4131681,49,FatiguedSquat,0.0002384360388022,0.0003114627128182,0.3319934279164046,0.3478781806125122,4.01572768763906e-08,0.0,2.791454081632653,0.0,0.0,0.0,0.0,4.012893895546335,4.070728338486522,0.0260018213924852,0.0022123233044374,0.9945850990022974,1.0,2.918,0.0,8962.373357635719,1.306268163632688,0.9543381719932036,0.4097304132985325,1,session_20260531_103454
session_20260531_103454,D:\mpu_wave\session_20260531_103454.log,4129734,4132713,50,FatiguedSquat,0.0002631006320317,0.0003439305466752,0.3593243697124533,0.3918883914113044,4.90662783608248e-08,0.0,3.8401171875,0.0,0.0,0.0,0.0,4.0131772201414,4.169322813623362,0.0340581055593976,0.0021709279185393,0.9947183972884804,1.0,2.979,0.0,11165.353177462255,1.3072155578029014,0.9169048552357384,0.4113254265650551,1,session_20260531_103454
session_20260531_103454,D:\mpu_wave\session_20260531_103454.log,4130768,4133691,49,FatiguedSquat,0.0002448082537878,0.0003202214414423,0.3213251257706022,0.3577872629108882,4.261069043677297e-08,0.0,1.980668048469388,0.0,0.0,0.0,0.0,4.015207212179817,4.169322813623362,0.0341718165388203,0.0020509643428248,0.9954365151484832,1.0,2.923,0.0,6185.288075214494,1.30804467759169,0.8980898935816578,0.41153140220634,1,session_20260531_103454
session_20260531_103454,D:\mpu_wave\session_20260531_103454.log,4131742,4134722,50,FatiguedSquat,0.0002449154059092,0.0003184078630011,0.3199974995199591,0.3649239548047382,4.140001116925878e-08,0.0,2.91015625,0.0,0.0,0.0,0.0,4.016201053461213,4.169322813623362,0.0314976427455813,0.0016975948409811,0.9954022153997096,1.0,2.98,0.0,9139.683558336776,1.3000675141343323,0.876888169246915,0.4043618745957573,1,session_20260531_103454
session_20260531_103454,D:\mpu_wave\session_20260531_103454.log,4132774,4135693,49,FatiguedSquat,0.0002700076460027,0.0003503705494974,0.334145111050124,0.3940761593409947,4.9855393055222996e-08,0.0,2.7924107142857144,0.0,0.0,0.0,0.0,4.014809753695974,4.067764095604138,0.0234573535450614,0.0016532849003659,0.9949804404866596,1.0,2.919,0.0,7969.855766801753,1.29762714892442,0.8479201349327697,0.40284086644489,1,session_20260531_103454
session_20260531_103454,D:\mpu_wave\session_20260531_103454.log,4133751,4136724,50,FatiguedSquat,0.0002799838225046,0.0003600260990938,0.3646990314649883,0.4161959521532058,5.1227851164426945e-08,0.0,2.7871875,0.0,0.0,0.0,0.0,4.015193731956855,4.080286560832104,0.0254798583245841,0.0019360452066077,0.9948660332225694,1.0,2.973,0.0,7741.604748683632,1.2858771981751485,0.8762676059244118,0.3921935761980402,1,session_20260531_103454
session_20260531_103454,D:\mpu_wave\session_20260531_103454.log,4134783,4137695,49,FatiguedSquat,0.0002888308982459,0.0003749067909293,0.3780490529288848,0.4205377878461565,5.713181410336561e-08,0.0,1.857142857142857,0.0,0.0,0.0,0.0,4.015675240296038,4.080286560832104,0.0267405907353241,0.0021353065086792,0.9948860551416628,1.0,2.912,0.0,4953.598997073898,1.2980103416765432,0.8989657123707017,0.4036012361447792,1,session_20260531_103454
session_20260531_103454,D:\mpu_wave\session_20260531_103454.log,4135754,4138669,49,FatiguedSquat,0.000268220796066,0.0003458118689721,0.3667595328769462,0.3909318102663066,4.764345327968417e-08,0.0,2.556202168367347,0.0,0.0,0.0,0.0,4.018206357466209,4.080286560832104,0.0271768221778213,0.0022462078687347,0.9951286053213076,1.0,2.915,0.0,7391.865363383251,1.2892757935561223,0.938167532820976,0.3950998710430802,1,session_20260531_103454
session_20260531_103454,D:\mpu_wave\session_20260531_103454.log,4136785,4139701,49,FatiguedSquat,0.0002575840836479,0.0003350162471393,0.3526485768823447,0.3755575939587184,4.5886325698559744e-08,0.0,2.092155612244898,0.0,0.0,0.0,0.0,4.019089882473283,4.075142061513181,0.027840824210649,0.0020586346681339,0.9947988508208072,1.0,2.916,0.0,6244.919120163484,1.30060422131118,0.9389999872618956,0.4052277717015555,1,session_20260531_103454
session_20260531_103454,D:\mpu_wave\session_20260531_103454.log,4137756,4140670,49,FatiguedSquat,0.0002606848226923,0.000340342633276,0.3458953289538432,0.379817786662757,4.7876531243098944e-08,0.0,4.41374362244898,0.0,0.0,0.0,0.0,4.0212466113992855,4.088026806701407,0.0311335629319875,0.0020909595630691,0.9947887998143508,1.0,2.914,0.0,12968.49181506408,1.3055663317665531,0.9106875459476008,0.409785651108033,1,session_20260531_103454
session_20260531_103454,D:\mpu_wave\session_20260531_103454.log,4138730,4141702,50,FatiguedSquat,0.0002430056254069,0.0003173161206711,0.3393423860843603,0.3611063593546549,4.1637786458402495e-08,0.0,2.78625,0.0,0.0,0.0,0.0,4.016874189659723,4.088026806701407,0.0310733500189963,0.0019768528010603,0.9946871418328698,1.0,2.972,0.0,8780.648185974578,1.3057920545986907,0.9397297398779698,0.4094599549603565,1,session_20260531_103454
session_20260531_103454,D:\mpu_wave\session_20260531_103454.log,4139762,4142675,49,FatiguedSquat,0.0002622616858709,0.0003427207435003,0.3535917605998051,0.3819841454710279,4.867631614956608e-08,0.0,3.715561224489796,0.0,0.0,0.0,0.0,4.013518022703632,4.088026806701407,0.0311910564317986,0.0021051832965612,0.9948124891701614,1.0,2.913,0.0,10841.33497496042,1.3067842356689794,0.925671297791998,0.4109179482242219,1,session_20260531_103454
session_20260531_103454,D:\mpu_wave\session_20260531_103454.log,4140731,4143707,50,FatiguedSquat,0.0002436249097188,0.000316182302777,0.351461793884635,0.3625138656616211,4.0618151953909776e-08,0.0,2.0925,0.0,0.0,0.0,0.0,4.013526644871649,4.057889187525541,0.0264369435986811,0.0019733203649362,0.9947547685125806,1.0,2.976,0.0,6617.996528030668,1.2978188696842148,0.9695126896006372,0.4022744347658432,1,session_20260531_103454
session_20260531_103454,D:\mpu_wave\session_20260531_103454.log,4141763,4144683,49,FatiguedSquat,0.0002545863754895,0.0003349819950916,0.3495203547477469,0.3716961082147092,4.7398714450713307e-08,0.0,2.095025510204082,0.0,0.0,0.0,0.0,4.010100670665657,4.063055531890979,0.0401401457577464,0.0019604364626731,0.9950668501920884,1.0,2.92,0.0,6254.1249582852815,1.3157839992952374,0.940339019114799,0.4186687112958256,1,session_20260531_103454
session_20260531_103454,D:\mpu_wave\session_20260531_103454.log,4142735,4145720,50,FatiguedSquat,0.0002667028665542,0.0003490377858882,0.3649678792848717,0.3980540283322333,5.0696956949519844e-08,0.0,1.7490234375,0.0,0.0,0.0,0.0,4.022533376563727,4.208537555650636,0.0546237737753399,0.0018581862489794,0.9948537996746248,1.0,2.985,0.0,5010.971583140683,1.3087091327086176,0.9168802534096534,0.4127496541055424,1,session_20260531_103454
session_20260531_103454,D:\mpu_wave\session_20260531_103454.log,4143767,4146692,49,FatiguedSquat,0.0002953424502392,0.0003892766488231,0.3728610117770066,0.4319383334748599,6.430914640569462e-08,0.0,5.246532206632653,0.0,0.0,0.0,0.0,4.020269791122576,4.208537555650636,0.0593739116487868,0.0019130255409789,0.994479498224685,1.0,2.925,0.0,13477.609676521244,1.318047339488553,0.8632274146964102,0.4215989405591565,1,session_20260531_103454
session_20260531_103454,D:\mpu_wave\session_20260531_103454.log,4144744,4147727,50,FatiguedSquat,0.000301562611262,0.0003894809837439,0.3711784048937727,0.4497806346972783,6.07554281869755e-08,0.0,5.2435546875000005,0.0,0.0,0.0,0.0,4.034143185241364,4.208537555650636,0.0511534839884892,0.0021197114499455,0.9938734643294216,1.0,2.983,0.0,13462.894065332535,1.2915383991921194,0.8252431861997537,0.3978863383264291,1,session_20260531_103454
session_20260531_103454,D:\mpu_wave\session_20260531_103454.log,4145780,4148699,49,FatiguedSquat,0.0002660129913667,0.0003480076985239,0.3203189430455677,0.3882459608997617,5.034644665606334e-08,0.0,4.188616071428572,0.0,0.0,0.0,0.0,4.026407858413708,4.132620258508787,0.0373166287518787,0.0021835746018101,0.9943179888539312,1.0,2.919,0.0,12035.952231062236,1.3082308067179045,0.8250412740371742,0.4123062096553681,1,session_20260531_103454
session_20260531_103454,D:\mpu_wave\session_20260531_103454.log,4146753,4149671,49,FatiguedSquat,0.0002262646568064,0.0002900166541168,0.2803548578333528,0.3301201342806524,3.2913964745384495e-08,0.0,0.0,0.0,0.0,0.0,0.0,4.030532133579582,4.1007716005442,0.0297658326260879,0.0021963876474525,0.994674344492645,1.0,2.918,0.0,0.0,1.281752866122789,0.8492510085608937,0.3867241964646984,1,session_20260531_103454
session_20260531_103454,D:\mpu_wave\session_20260531_103454.log,4147788,4150702,49,FatiguedSquat,0.0001968076358847,0.0002550546587899,0.2571482124316132,0.2867487254840176,2.63196334279056e-08,0.0,0.0,0.0,0.0,0.0,0.0,4.02310783109694,4.06911760480044,0.0269120526685151,0.002239073041225,0.99514442533852,1.0,2.914,0.0,0.0,1.2959525766913795,0.8967719424063274,0.3984630774335666,1,session_20260531_103454
session_20260531_103454,D:\mpu_wave\session_20260531_103454.log,4148760,4151672,49,FatiguedSquat,0.0002075326604908,0.0002710864584631,0.2611238823121502,0.3021675536746071,3.0418062791714464e-08,0.0,0.0,0.0,0.0,0.0,0.0,4.020953653729886,4.068215315371479,0.0293067514597646,0.0021325785449591,0.995058756152597,1.0,2.912,0.0,0.0,1.3062288682330965,0.8641691613560055,0.4083626451382588,1,session_20260531_103454
session_20260531_103454,D:\mpu_wave\session_20260531_103454.log,4149731,4152703,50,FatiguedSquat,0.0002085218747456,0.0002705348882651,0.2704804254974549,0.3098635058720907,2.9707753521154472e-08,0.0,0.0,0.0,0.0,0.0,0.0,4.019662966353335,4.068215315371479,0.0280015143072966,0.0021661184919386,0.9950405984432776,1.0,2.972,0.0,0.0,1.2973871024703791,0.8729018406452977,0.400432721283311,1,session_20260531_103454
session_20260531_103454,D:\mpu_wave\session_20260531_103454.log,4150763,4153674,49,FatiguedSquat,0.0002095834657448,0.0002700277272753,0.2662623534362041,0.3050487343916276,2.898974438386073e-08,0.0,0.0,0.0,0.0,0.0,0.0,4.019076938235183,4.064403440577485,0.0256044240081796,0.0019222302796885,0.9949970940327022,1.0,2.911,0.0,0.0,1.2883957134689128,0.8728518513422818,0.39220394748363,1,session_20260531_103454
session_20260531_103454,D:\mpu_wave\session_20260531_103454.log,4151733,4154706,50,FatiguedSquat,0.0002049311796824,0.0002658963721329,0.2790818473659922,0.304630198597908,2.8704092307457865e-08,0.0,0.3483984375,0.0,0.0,0.0,0.0,4.019663485787482,4.0638442561328345,0.0223652615204044,0.0018804549072443,0.9948148463921276,1.0,2.973,0.0,1310.2740907335906,1.297484721750629,0.9161332255776412,0.400331098053862,1,session_20260531_103454
session_20260531_103454,D:\mpu_wave\session_20260531_103454.log,4152764,4155679,49,FatiguedSquat,0.0002273989777986,0.0003040760799476,0.2848865828795206,0.3314340101415608,4.075196729247514e-08,0.0,3.137157206632653,0.0,0.0,0.0,0.0,4.020279587207755,4.0638442561328345,0.024533384892205,0.0015900551821725,0.994917755058514,1.0,2.915,0.0,10316.980178750458,1.3371860582014126,0.8595574784201642,0.4360259023011247,1,session_20260531_103454
session_20260531_103454,D:\mpu_wave\session_20260531_103454.log,4153734,4156710,50,FatiguedSquat,0.0002282908916473,0.000311572948179,0.2778776379421353,0.3396968467712402,4.4960970827843586e-08,0.0,3.4875,0.0,0.0,0.0,0.0,4.017934152886668,4.0638442561328345,0.0260622584001232,0.0016424767881937,0.994462128009038,1.0,2.976,0.0,11193.16945586202,1.364800764191639,0.8180165337573713,0.4584219439693934,1,session_20260531_103454
session_20260531_103454,D:\mpu_wave\session_20260531_103454.log,4154766,4157680,49,FatiguedSquat,0.0002073148237604,0.0002901391205673,0.23197397130551,0.3020576982190009,4.1201273132733124e-08,0.0,3.136080994897959,0.0,0.0,0.0,0.0,4.017528542641567,4.063686523531195,0.0290405653934973,0.0017881486756723,0.9949314067550232,1.0,2.914,0.0,10808.849836989411,1.3995030157588335,0.7679790050222224,0.4836925341343894,1,session_20260531_103454
session_20260531_103454,D:\mpu_wave\session_20260531_103454.log,4155740,4158711,50,FatiguedSquat,0.0001618216832478,0.0002271460079892,0.1796794562713708,0.2403861104647318,2.5409051776275904e-08,0.0,0.3481640625,0.0,0.0,0.0,0.0,4.016305286553104,4.075749736284797,0.0286207176616597,0.0017560047281701,0.9954303023136204,1.0,2.971,0.0,1532.769749344312,1.4036722382195728,0.7474618861153819,0.4831049058505793,1,session_20260531_103454
session_20260531_103454,D:\mpu_wave\session_20260531_103454.log,4156771,4159682,49,FatiguedSquat,0.0001343130254421,0.0001810464359663,0.1453023284295143,0.1954926085309917,1.473782317272112e-08,0.0,0.0,0.0,0.0,0.0,0.0,4.016096368663761,4.075749736284797,0.0286673467396216,0.0016866814892802,0.9958299624147916,1.0,2.911,0.0,0.0,1.3479339582776988,0.7432625140055708,0.436316691653509,1,session_20260531_103454
session_20260531_103454,D:\mpu_wave\session_20260531_103454.log,4157741,4160718,50,FatiguedSquat,0.0001390697161356,0.0001865169786185,0.151773764760963,0.2070052724679311,1.5448197366945734e-08,0.0,0.0,0.0,0.0,0.0,0.0,4.014396858202457,4.075749736284797,0.0255550570020972,0.0017013810514388,0.9957191159589271,1.0,2.977,0.0,0.0,1.3411664497119824,0.7331879145797487,0.4316515474177679,1,session_20260531_103454
session_20260531_103454,D:\mpu_wave\session_20260531_103454.log,4158772,4161687,49,FatiguedSquat,0.0001704670539518,0.0002254521892809,0.1865421948904571,0.2484557311348363,2.1769673168554885e-08,0.0,0.0,0.0,0.0,0.0,0.0,4.014529431897771,4.060107215572794,0.0263617499673762,0.001757745723557,0.9957337944542308,1.0,2.915,0.0,0.0,1.3225480320473118,0.750806565369243,0.4200313246370233,1,session_20260531_103454
session_20260531_103454,D:\mpu_wave\session_20260531_103454.log,4159743,4162718,50,FatiguedSquat,0.0001913934707641,0.0002517216401349,0.2121977622519868,0.2846977877616882,2.6732323461084583e-08,0.0,0.0,0.0,0.0,0.0,0.0,4.01728057551299,4.060107215572794,0.0241392350471894,0.0019252201328373,0.9950099471025826,1.0,2.975,0.0,0.0,1.3151980782409305,0.7453439072180889,0.4153317557350171,1,session_20260531_103454
session_20260531_103454,D:\mpu_wave\session_20260531_103454.log,4160778,4163688,49,FatiguedSquat,0.0001766233947001,0.0002383920415547,0.1948159019210927,0.256987039288696,2.5634941921243458e-08,0.0,0.0,0.0,0.0,0.0,0.0,4.018198201485623,4.070649606324505,0.0245348207846674,0.0019636149192051,0.994851403498279,1.0,2.91,0.0,0.0,1.3497118671488424,0.7580767563307433,0.4432751617579231,1,session_20260531_103454
session_20260531_103454,D:\mpu_wave\session_20260531_103454.log,4161748,4164722,50,FatiguedSquat,0.0001472608089447,0.0002039603299579,0.167791062714563,0.218976822900772,1.9914070345521152e-08,0.0,0.0,0.0,0.0,0.0,0.0,4.015124521391141,4.070649606324505,0.0237980803534426,0.0023041365531303,0.9943369560823204,1.0,2.974,0.0,0.0,1.3850185015353935,0.7662503260646272,0.4674684569912519,1,session_20260531_103454
session_20260531_103454,D:\mpu_wave\session_20260531_103454.log,4162779,4165694,49,FatiguedSquat,0.0001098927429744,0.0001558104563948,0.1285798799662318,0.1601686728852135,1.2200483363534157e-08,0.0,0.0,0.0,0.0,0.0,0.0,4.017945397896779,4.070649606324505,0.02415185764576,0.0021963939970917,0.9943415545528012,1.0,2.915,0.0,0.0,1.4178282782772689,0.8027779518133481,0.4826732777148984,1,session_20260531_103454
session_20260602_205846,D:\mpu_wave\session_20260602_205846.log,207684,210627,51,FreshSquat,0.0003245190078136,0.0004349257748725,0.3304077478235258,0.4775297199978547,8.384784321607707e-08,237.69864430147055,498.84030330882354,0.0,0.0,0.0,0.0,0.0,0.0,0.0,0.0,0.0,0.0,2.943,732462.2167454484,1146952.3886061865,1.3402125120193125,0.6919103320587037,0.4409321296290764,0,session_20260602_205846
session_20260602_205846,D:\mpu_wave\session_20260602_205846.log,208683,211629,51,FreshSquat,0.0003597256716559,0.0005287497822832,0.3680145012695963,0.5298759143492753,1.5017377341628096e-07,226.6587775735294,491.5641084558824,0.0,0.0,0.0,0.0,0.0,0.0,0.0,0.0,0.0,0.0,2.946,630086.105459215,929670.6972860958,1.4698653837626596,0.6945295881716276,0.5352332187258028,0,session_20260602_205846
session_20260602_205846,D:\mpu_wave\session_20260602_205846.log,209682,212636,51,FreshSquat,0.0009180233759038,0.0019271512804542,0.9861579965127728,1.3559205262099996,2.871145139050655e-06,253.859375,494.5958946078431,0.0,0.0,0.0,0.0,0.0,0.0,0.0,0.0,0.0,0.0,2.954,276527.92416329664,256645.98466046172,2.0992375922010416,0.7272977853222223,0.7728702845214951,0,session_20260602_205846
session_20260602_205846,D:\mpu_wave\session_20260602_205846.log,210687,213645,51,FreshSquat,0.0012691444197511,0.0022242563782819,1.3760265295921517,1.8770645968119304,3.3365888781427065e-06,276.06640625,508.74609375,0.0,0.0,0.0,0.0,0.0,0.0,0.0,0.0,0.0,0.0,2.958,217521.4927727772,228726.27004297136,1.7525622703804489,0.7330736146194263,0.6742876938198776,0,session_20260602_205846
session_20260602_205846,D:\mpu_wave\session_20260602_205846.log,211687,214643,51,FreshSquat,0.0015244285577262,0.0023435961398673,1.637892261495132,2.25310540831946,3.1685604391898262e-06,307.57705269607845,518.0245098039215,0.0,0.0,0.0,0.0,0.0,0.0,0.0,0.0,0.0,0.0,2.956,201765.34306697245,221038.20703298663,1.5373594194558176,0.7269487946371092,0.576789550017621,0,session_20260602_205846
session_20260602_205846,D:\mpu_wave\session_20260602_205846.log,212694,215646,51,FreshSquat,0.001220194109125,0.0016877702750592,1.2971960762066437,1.8010065050686108,1.3596948374302014e-06,314.3961397058824,528.6286764705883,0.0,0.0,0.0,0.0,0.0,0.0,0.0,0.0,0.0,0.0,2.952,257660.54736222967,313211.0874751175,1.3831970497484547,0.720261737997978,0.4771581510585591,0,session_20260602_205846
session_20260602_205846,D:\mpu_wave\session_20260602_205846.log,213703,216654,51,FreshSquat,0.0013250881706187,0.0025567630638161,1.3669280130426198,1.9551675957480288,4.781178704580733e-06,284.9062117034314,491.946346507353,0.0,0.0,0.0,0.0,0.0,0.0,0.0,0.0,0.0,0.0,2.951,215009.0861963541,192409.7547636393,1.929502648204571,0.6991359796040962,0.7312865372329256,0,session_20260602_205846
session_20260602_205846,D:\mpu_wave\session_20260602_205846.log,214701,217656,51,FreshSquat,0.0010596542109071,0.0024375404572106,1.0953392809074298,1.5656390966153613,4.818736433845399e-06,259.0377987132353,476.5435431985294,0.0,0.0,0.0,0.0,0.0,0.0,0.0,0.0,0.0,0.0,2.955,244454.79628366133,195501.7182533796,2.3003146987064307,0.6996116043446735,0.8108796842370781,0,session_20260602_205846
session_20260602_205846,D:\mpu_wave\session_20260602_205846.log,215706,218661,51,FreshSquat,0.0010039272962831,0.0024457459817081,1.017156862320068,1.4833025802584254,4.973803390819247e-06,240.13901654411765,458.4369255514706,0.0,0.0,0.0,0.0,0.0,0.0,0.0,0.0,0.0,0.0,2.955,239199.370545859,187442.49874583672,2.4361759607364086,0.685737943944733,0.8313680277056359,0,session_20260602_205846
session_20260602_205846,D:\mpu_wave\session_20260602_205846.log,216714,219661,51,FreshSquat,0.0006312084197998,0.0013068529041125,0.6567352672353436,0.9300856065750122,1.3094404437612249e-06,261.7223115808823,500.759765625,0.0,0.0,0.0,0.0,0.0,0.0,0.0,0.0,0.0,0.0,2.947,414636.257589265,383179.60718421306,2.070395122631452,0.7061019565151989,0.7662634654821734,0,session_20260602_205846
session_20260602_205846,D:\mpu_wave\session_20260602_205846.log,217714,220669,51,FreshSquat,0.0008428273948968,0.0016375277644362,0.8806256385969784,1.2452774759601144,1.9711391617108543e-06,285.7450597426471,524.1865808823529,0.0,0.0,0.0,0.0,0.0,0.0,0.0,0.0,0.0,0.0,2.955,339031.1259952435,320108.31947909226,1.9428958188298888,0.7071722205613973,0.734814998845815,0,session_20260602_205846
session_20260602_205846,D:\mpu_wave\session_20260602_205846.log,218719,221668,51,FreshSquat,0.0007339360043893,0.001527770231487,0.7961063225493837,1.0821886384720896,1.7954198216788863e-06,280.87327665441177,519.6212086397059,0.0,0.0,0.0,0.0,0.0,0.0,0.0,0.0,0.0,0.0,2.949,382693.98459899926,340117.15754979034,2.0816094873948456,0.7356446866211219,0.7688894496116591,0,session_20260602_205846
session_20260602_205846,D:\mpu_wave\session_20260602_205846.log,219720,222615,50,FreshSquat,0.0009251174847284,0.0018809647921666,0.949977515458828,1.3391075591444968,2.6821861888199866e-06,270.3884765625,502.327734375,0.0,0.0,0.0,0.0,0.0,0.0,0.0,0.0,0.0,0.0,2.895,292274.428655324,267058.4103480104,2.033215013230045,0.7094109119631289,0.7578876947170091,0,session_20260602_205846
session_20260602_205846,D:\mpu_wave\session_20260602_205846.log,220728,223626,50,FreshSquat,0.0012613907893498,0.0025689106421899,1.3056495960826051,1.8277552537679669,5.008195164100332e-06,259.801171875,489.71671875,0.0,0.0,0.0,0.0,0.0,0.0,0.0,0.0,0.0,0.0,2.898,205963.89961353925,190631.9823178178,2.03656838730021,0.7143459676434399,0.7587827419745519,0,session_20260602_205846
session_20260602_205846,D:\mpu_wave\session_20260602_205846.log,221727,224628,50,FreshSquat,0.0013301246166229,0.0026723113898761,1.3632677532220725,1.929345756411552,5.372016668715627e-06,277.408125,510.6213281250001,0.0,0.0,0.0,0.0,0.0,0.0,0.0,0.0,0.0,0.0,2.901,208557.83960037967,191078.45701701855,2.0090669305812945,0.7065958747855847,0.7521464593523193,0,session_20260602_205846
session_20260602_205846,D:\mpu_wave\session_20260602_205846.log,222675,225638,51,FreshSquat,0.0017518021000756,0.0030798868910374,1.9077788748342872,2.5952948112620247,6.416892663755107e-06,290.7171415441176,517.3221890318628,0.0,0.0,0.0,0.0,0.0,0.0,0.0,0.0,0.0,0.0,2.963,165953.09229191853,167967.86355025455,1.7581238958331145,0.7350913914752877,0.6764091262071766,0,session_20260602_205846
session_20260602_205846,D:\mpu_wave\session_20260602_205846.log,223686,226639,51,FreshSquat,0.0012604794549007,0.0024283014434678,1.3827201308248398,1.8610979151608895,4.307839444121102e-06,279.21863511029414,500.98766850490193,0.0,0.0,0.0,0.0,0.0,0.0,0.0,0.0,0.0,0.0,2.953,221517.62371618045,206311.89078303208,1.9264887718224144,0.742959367595845,0.7304334739730733,0,session_20260602_205846
session_20260602_205846,D:\mpu_wave\session_20260602_205846.log,224686,227652,51,FreshSquat,0.0017100469816743,0.0028827101951887,1.929449769437337,2.535999673823126,5.385757389911309e-06,291.4658394607843,486.1550245098039,0.0,0.0,0.0,0.0,0.0,0.0,0.0,0.0,0.0,0.0,2.966,170443.07679331634,168645.06764368273,1.6857481346027017,0.7608241391323943,0.6480261918466693,0,session_20260602_205846
session_20260602_205846,D:\mpu_wave\session_20260602_205846.log,225698,228657,51,FreshSquat,0.0010154469574199,0.0020525116948013,1.1602299927827882,1.5023537735027428,3.1816717339630343e-06,269.9271599264705,480.9281556372549,0.0,0.0,0.0,0.0,0.0,0.0,0.0,0.0,0.0,0.0,2.959,265820.77195990883,234311.9030909564,2.021286940215514,0.7722748213328164,0.7550592148303625,0,session_20260602_205846
session_20260602_205846,D:\mpu_wave\session_20260602_205846.log,226697,229668,51,FreshSquat,0.0016774687502119,0.002755053923272,1.8695120227244664,2.491879828439819,4.776420712198982e-06,294.46032475490193,508.70638020833337,0.0,0.0,0.0,0.0,0.0,0.0,0.0,0.0,0.0,0.0,2.971,175538.38137331567,184644.7328186736,1.642386649848054,0.7502416451377343,0.6291948407154492,0,session_20260602_205846
session_20260602_205846,D:\mpu_wave\session_20260602_205846.log,227712,230616,50,FreshSquat,0.0012075745979944,0.0022130188665661,1.289723567278683,1.753398316287994,3.4392160940562195e-06,267.031875,499.57875,0.0,0.0,0.0,0.0,0.0,0.0,0.0,0.0,0.0,0.0,2.904,221130.56560887813,225745.26218563665,1.8326131053339347,0.7355565216199801,0.7021025704350183,0,session_20260602_205846
session_20260602_205846,D:\mpu_wave\session_20260602_205846.log,228715,231625,50,FreshSquat,0.0018286667585372,0.0029282463535943,1.960955949320458,2.6607101336717607,5.230604593559115e-06,294.978515625,525.959765625,0.0,0.0,0.0,0.0,0.0,0.0,0.0,0.0,0.0,0.0,2.91,161307.87796080916,179615.8937800811,1.6013003673978203,0.7370047280863881,0.609938465381561,0,session_20260602_205846
session_20260602_205846,D:\mpu_wave\session_20260602_205846.log,229726,232631,50,FreshSquat,0.0013403649250666,0.0025300860403749,1.4658819195771746,1.94688005365928,4.6047572393514864e-06,279.7197265625,479.6654296875,0.0,0.0,0.0,0.0,0.0,0.0,0.0,0.0,0.0,0.0,2.905,208689.07611822127,189584.5565915428,1.8876084456184687,0.7529389990251433,0.7192308699893264,0,session_20260602_205846
session_20260602_205846,D:\mpu_wave\session_20260602_205846.log,230676,233640,51,FreshSquat,0.0017338367459041,0.0028579782095912,1.9243330869007416,2.569546057429968,5.161849585050599e-06,301.14476102941177,505.0105698529412,0.0,0.0,0.0,0.0,0.0,0.0,0.0,0.0,0.0,0.0,2.964,173686.81800866598,176701.9746533344,1.6483538995171798,0.74890001702345,0.6318796253656674,0,session_20260602_205846
session_20260602_205846,D:\mpu_wave\session_20260602_205846.log,231686,234645,51,FreshSquat,0.001251023509144,0.0023304950099515,1.3867504752871695,1.850889281778554,3.866147170977864e-06,277.63288909313724,485.1209788602941,0.0,0.0,0.0,0.0,0.0,0.0,0.0,0.0,0.0,0.0,2.959,221924.4203961309,208162.1151843937,1.862869186748474,0.7492346993361917,0.7117083677209399,0,session_20260602_205846
session_20260602_205846,D:\mpu_wave\session_20260602_205846.log,232691,235648,51,FreshSquat,0.0014832598399492,0.0024558289745097,1.5670761329304197,2.192999673364989,3.831036199235169e-06,281.06901041666663,519.78515625,0.0,0.0,0.0,0.0,0.0,0.0,0.0,0.0,0.0,0.0,2.957,189493.98706317935,211653.55975173664,1.6556959560758893,0.7145811060752605,0.6351086305148382,0,session_20260602_205846
session_20260602_205846,D:\mpu_wave\session_20260602_205846.log,233700,236656,51,FreshSquat,0.0012321870389327,0.0023448612380534,1.2392239378124863,1.8211724435426049,3.98008932681147e-06,255.05009191176472,494.7043504901961,0.0,0.0,0.0,0.0,0.0,0.0,0.0,0.0,0.0,0.0,2.956,206989.58588550685,210973.73758761937,1.903006005547972,0.6804539249020555,0.7237349493680847,0,session_20260602_205846
session_20260602_205846,D:\mpu_wave\session_20260602_205846.log,234703,237663,51,FreshSquat,0.0015014599429236,0.0026176175681744,1.5790212975620157,2.222160715527005,4.5975397730111484e-06,286.6819852941176,510.4503676470589,0.0,0.0,0.0,0.0,0.0,0.0,0.0,0.0,0.0,0.0,2.96,190935.35975427317,195005.63369057025,1.743380392617738,0.7105792510047849,0.6708875355641846,0,session_20260602_205846
session_20260602_205846,D:\mpu_wave\session_20260602_205846.log,235707,238614,50,FreshSquat,0.0014665075620015,0.0026346324768857,1.574912757243309,2.1315687413692475,4.790643858853325e-06,293.652421875,493.962890625,0.0,0.0,0.0,0.0,0.0,0.0,0.0,0.0,0.0,0.0,2.907,200239.1458759792,187488.2768167392,1.7965339890616705,0.7388514974622807,0.6900669721472084,0,session_20260602_205846
session_20260602_205846,D:\mpu_wave\session_20260602_205846.log,236714,239623,50,FreshSquat,0.0015935627778371,0.0026578570033701,1.7695690278530125,2.3178370603640874,4.524761523455673e-06,319.6491015625,515.0975390625,0.0,0.0,0.0,0.0,0.0,0.0,0.0,0.0,0.0,0.0,2.909,200587.5798685305,193801.7525425977,1.6678698652259356,0.7634570424944324,0.6404290122814782,0,session_20260602_205846
session_20260602_205846,D:\mpu_wave\session_20260602_205846.log,237722,240634,50,FreshSquat,0.0018080428600311,0.0029150776144799,1.935336178003252,2.632510404205322,5.228658514732665e-06,315.77000000000004,516.08375,0.0,0.0,0.0,0.0,0.0,0.0,0.0,0.0,0.0,0.0,2.912,174647.31192669392,177039.39353006668,1.612282577276515,0.7351675321687117,0.6152320188277614,0,session_20260602_205846
session_20260602_205846,D:\mpu_wave\session_20260602_205846.log,238672,241638,51,FreshSquat,0.0016701764530605,0.0026548400513128,1.823034288927858,2.4768716798888315,4.258686313696793e-06,326.2236519607843,536.9286917892157,0.0,0.0,0.0,0.0,0.0,0.0,0.0,0.0,0.0,0.0,2.966,195322.74930606,202245.1368693802,1.5895556765228107,0.7360229046155744,0.6041396180367542,0,session_20260602_205846
session_20260602_205846,D:\mpu_wave\session_20260602_205846.log,239683,242650,51,FreshSquat,0.0019371772903242,0.0029193842905514,2.175740883129914,2.873802510196088,4.770148781770249e-06,342.1276424632353,551.4265854779412,0.0,0.0,0.0,0.0,0.0,0.0,0.0,0.0,0.0,0.0,2.967,176611.33421331167,188884.48443671732,1.5070292213850394,0.7570947810969663,0.5596267143042372,0,session_20260602_205846
session_20260602_205846,D:\mpu_wave\session_20260602_205846.log,240694,243657,51,FreshSquat,0.0015172022542143,0.002373513239247,1.7527453460124187,2.2477351396185115,3.3316624166877923e-06,325.6667432598039,549.3214996936274,0.0,0.0,0.0,0.0,0.0,0.0,0.0,0.0,0.0,0.0,2.963,214649.38356492663,231438.04684647676,1.5644003086957026,0.7797828642435666,0.5912900746380843,0,session_20260602_205846
session_20260602_205846,D:\mpu_wave\session_20260602_205846.log,241696,244664,51,FreshSquat,0.0019873993926578,0.0031021087194852,2.2516661553804345,2.949300698704189,5.673322161569643e-06,315.98651960784315,554.6813725490197,0.0,0.0,0.0,0.0,0.0,0.0,0.0,0.0,0.0,0.0,2.968,158994.89643617562,178807.78654117533,1.56088764546166,0.7634576411982249,0.5894925064404609,0,session_20260602_205846
session_20260602_205846,D:\mpu_wave\session_20260602_205846.log,242710,245613,50,FreshSquat,0.001788410393397,0.0030141596790721,1.8887203435378304,2.5958776860157653,5.886746835733992e-06,295.062734375,526.9625390625,0.0,0.0,0.0,0.0,0.0,0.0,0.0,0.0,0.0,0.0,2.903,164985.93973646103,174828.94748156273,1.68538384971195,0.7275844902034322,0.6478807066562232,0,session_20260602_205846
session_20260602_205846,D:\mpu_wave\session_20260602_205846.log,243717,246620,50,FreshSquat,0.0019615763266881,0.0031776072908362,2.025227391687268,2.8472280381878217,6.249406409352287e-06,305.8355859375,527.52953125,0.0,0.0,0.0,0.0,0.0,0.0,0.0,0.0,0.0,0.0,2.903,155913.09186564866,166014.65094716664,1.619924561526826,0.7112979233883102,0.6188641319313005,0,session_20260602_205846
session_20260602_205846,D:\mpu_wave\session_20260602_205846.log,244725,247633,50,FreshSquat,0.0019069571812947,0.0030994090330811,1.9749275894233336,2.772715741602579,5.969850663053658e-06,314.4275,518.5554687499999,0.0,0.0,0.0,0.0,0.0,0.0,0.0,0.0,0.0,0.0,2.908,164884.31843141656,167307.79832782949,1.6253156799572834,0.7122719285928638,0.621384579749157,0,session_20260602_205846
session_20260602_205846,D:\mpu_wave\session_20260602_205846.log,245673,248637,51,FreshSquat,0.0016337470213572,0.002749764071433,1.7064931850690468,2.4212130856513974,4.892073118750212e-06,300.2366727941176,532.7072610294117,0.0,0.0,0.0,0.0,0.0,0.0,0.0,0.0,0.0,0.0,2.964,183771.71318297868,193728.28121341977,1.6831016995807375,0.7048091696171908,0.6469111547909231,0,session_20260602_205846
session_20260602_205846,D:\mpu_wave\session_20260602_205846.log,246680,249651,51,FreshSquat,0.0020780303431492,0.0033156205225673,2.1678488693920306,3.08691407474817,6.675129342621021e-06,304.01776960784315,534.1928998161765,0.0,0.0,0.0,0.0,0.0,0.0,0.0,0.0,0.0,0.0,2.971,146300.85855543893,161113.9559145273,1.5955584758132657,0.7022705576495882,0.6071423729618829,0,session_20260602_205846
session_20260602_205846,D:\mpu_wave\session_20260602_205846.log,247692,250658,51,FreshSquat,0.0016419566300959,0.0027441014219195,1.6925724195364216,2.435021682432274,4.834071038665049e-06,309.63985906862746,550.33203125,0.0,0.0,0.0,0.0,0.0,0.0,0.0,0.0,0.0,0.0,2.966,188579.688898876,200550.8347115655,1.6712376565765863,0.6950954199104558,0.6418817675697205,0,session_20260602_205846
session_20260602_205846,D:\mpu_wave\session_20260602_205846.log,248697,251669,51,FreshSquat,0.0022270326676711,0.0033335161400135,2.3173596553853257,3.309370544159334,6.1526553528561015e-06,327.45266544117646,551.4453125,0.0,0.0,0.0,0.0,0.0,0.0,0.0,0.0,0.0,0.0,2.972,147035.34580310105,165424.4719130991,1.4968413762237496,0.7002418205404537,0.5536284293481561,0,session_20260602_205846
session_20260602_205846,D:\mpu_wave\session_20260602_205846.log,249710,252616,50,FreshSquat,0.0017803404649098,0.0027864319257652,1.8444902695308127,2.5868346955140438,4.594590705928571e-06,325.222265625,534.885625,0.0,0.0,0.0,0.0,0.0,0.0,0.0,0.0,0.0,0.0,2.906,182674.0948492508,191960.7036128796,1.565110952412914,0.713029816716315,0.5916897187042417,0,session_20260602_205846
session_20260602_205846,D:\mpu_wave\session_20260602_205846.log,250716,253624,50,FreshSquat,0.0022183417956034,0.0034680879270944,2.2200784723473093,3.2254689708073934,7.106593547937438e-06,304.31765625,512.535,0.0,0.0,0.0,0.0,0.0,0.0,0.0,0.0,0.0,0.0,2.908,137182.43044002558,147786.00283165023,1.563368805744512,0.6882963351227921,0.5908063729187952,0,session_20260602_205846
session_20260602_205846,D:\mpu_wave\session_20260602_205846.log,251728,254638,50,FreshSquat,0.0022007623910903,0.0034365571808895,2.1651479978282,3.202109279036521,6.966570155485676e-06,290.090625,504.816796875,0.0,0.0,0.0,0.0,0.0,0.0,0.0,0.0,0.0,0.0,2.91,131813.63620205957,146896.0425818624,1.561529601411116,0.6761630564349465,0.5898411854776541,0,session_20260602_205846
session_20260602_205846,D:\mpu_wave\session_20260602_205846.log,252674,255648,51,FreshSquat,0.0022463169518639,0.003399742840323,2.2926530274779235,3.340273307421628,6.512311532096984e-06,291.2269454656863,515.0286458333334,0.0,0.0,0.0,0.0,0.0,0.0,0.0,0.0,0.0,0.0,2.974,129646.35982365618,151490.4269329856,1.513473565708773,0.6863668974923689,0.5633852329900726,0,session_20260602_205846
session_20260602_205846,D:\mpu_wave\session_20260602_205846.log,253683,256655,51,FreshSquat,0.001924671495662,0.0028548398348756,2.022657551314816,2.860061842553756,4.44575011657895e-06,298.8844975490196,536.4214154411765,0.0,0.0,0.0,0.0,0.0,0.0,0.0,0.0,0.0,0.0,2.972,155291.09405505087,187898.8870020637,1.4832860350579735,0.7072076276510064,0.5454164958215245,0,session_20260602_205846
session_20260602_205846,D:\mpu_wave\session_20260602_205846.log,254698,257613,50,FreshSquat,0.0019973582665125,0.0030157300574052,2.150373069514443,2.9111496734420457,5.105187734331331e-06,309.83261718750003,521.6255859375,0.0,0.0,0.0,0.0,0.0,0.0,0.0,0.0,0.0,0.0,2.915,155121.12536893616,172968.204394961,1.509858595780209,0.7386679868758675,0.5612793155455523,0,session_20260602_205846
session_20260602_205846,D:\mpu_wave\session_20260602_205846.log,255708,258626,50,FreshSquat,0.0020261396010716,0.003123097986639,2.230116110958438,2.956137677963574,5.648499351117756e-06,325.42539062500003,531.1671875000001,0.0,0.0,0.0,0.0,0.0,0.0,0.0,0.0,0.0,0.0,2.918,160613.42951860031,170076.96194465706,1.54140240069575,0.7544019775629394,0.5790516971536123,0,session_20260602_205846
session_20260602_205846,D:\mpu_wave\session_20260602_205846.log,256716,259640,50,FreshSquat,0.0024776055574417,0.0036854699395617,2.724703452625188,3.622259324979782,7.444159377147053e-06,341.7425,519.01,0.0,0.0,0.0,0.0,0.0,0.0,0.0,0.0,0.0,0.0,2.924,137932.51352743886,140825.96458126474,1.487512183277078,0.7522110394147954,0.548021936826424,0,session_20260602_205846
session_20260602_205846,D:\mpu_wave\session_20260602_205846.log,257672,260643,51,FreshSquat,0.0019602326396244,0.00317608687892,2.2073943621540453,2.9119255861620488,6.2450158609994284e-06,349.64319087009807,552.5113357843137,0.0,0.0,0.0,0.0,0.0,0.0,0.0,0.0,0.0,0.0,2.971,178368.12092312262,173959.71296996254,1.6202593480278422,0.7580531493956764,0.6190215208945155,0,session_20260602_205846
session_20260602_205846,D:\mpu_wave\session_20260602_205846.log,258685,261657,51,FreshSquat,0.0023727569938485,0.0037181661850538,2.5539083018950093,3.5259168928588918,8.194784027820761e-06,324.9486825980392,533.3483455882352,0.0,0.0,0.0,0.0,0.0,0.0,0.0,0.0,0.0,0.0,2.972,136949.77888199466,143443.88486138306,1.5670229305699763,0.7243245881215082,0.5927185310905015,0,session_20260602_205846
session_20260602_205846,D:\mpu_wave\session_20260602_205846.log,259700,262665,51,FreshSquat,0.001883840288212,0.0031091485773285,2.023883006262313,2.7927932272744336,6.117950644412956e-06,317.8245634191176,551.281977634804,0.0,0.0,0.0,0.0,0.0,0.0,0.0,0.0,0.0,0.0,2.965,168710.90224418874,177309.57096907575,1.650430212345189,0.724680576339265,0.6328169344482031,0,session_20260602_205846
session_20260602_205846,D:\mpu_wave\session_20260602_205846.log,260703,263619,50,FreshSquat,0.002292970363299,0.0035140790028718,2.34561896301303,3.343150789690018,7.091038151456788e-06,293.30859375,528.9806249999999,0.0,0.0,0.0,0.0,0.0,0.0,0.0,0.0,0.0,0.0,2.916,127916.37891543366,150531.7535650015,1.5325437810160325,0.701619253772547,0.5741846952668963,0,session_20260602_205846
session_20260602_205846,D:\mpu_wave\session_20260602_205846.log,261717,264628,50,FreshSquat,0.0017981333494186,0.0027993068338658,1.8064967163339412,2.6171830900788304,4.602835207836729e-06,293.9427734375,541.6051953125,0.0,0.0,0.0,0.0,0.0,0.0,0.0,0.0,0.0,0.0,2.911,163470.9739750734,193478.25514585729,1.556784027161782,0.6902446842529784,0.5873121684881222,0,session_20260602_205846
session_20260602_205846,D:\mpu_wave\session_20260602_205846.log,265694,268621,50,FatiguedSquat,0.0027267395973205,0.0038665471073041,2.914605889518124,3.990583400678636,7.515077701406475e-06,320.7123046875,534.63484375,0.0,0.0,0.0,0.0,0.0,0.0,0.0,0.0,0.0,0.0,2.927,117617.46056909458,138271.8716831783,1.4180106135155144,0.7303708746676231,0.5026408897259187,1,session_20260602_205846
session_20260602_205846,D:\mpu_wave\session_20260602_205846.log,266711,269637,50,FatiguedSquat,0.0027642899592717,0.0038013274363167,2.9446955719462906,4.0441562104145685,6.80879129916363e-06,327.8034375,556.282890625,0.0,0.0,0.0,0.0,0.0,0.0,0.0,0.0,0.0,0.0,2.926,118584.9978637414,146339.0759163152,1.3751546028708124,0.7281359616215943,0.4711610797619036,1,session_20260602_205846
session_20260602_205846,D:\mpu_wave\session_20260602_205846.log,267724,270658,50,FatiguedSquat,0.0025939194599787,0.0034407329175514,3.175305036072806,3.8052798477888112,5.1102248450659085e-06,395.173125,571.098515625,0.0,0.0,0.0,0.0,0.0,0.0,0.0,0.0,0.0,0.0,2.934,152345.89151713578,165981.59849321033,1.3264604565321478,0.8344471792484537,0.431619841981996,1,session_20260602_205846
session_20260602_205846,D:\mpu_wave\session_20260602_205846.log,268680,271613,50,FatiguedSquat,0.0026773709058761,0.0034535836028552,3.570112800944519,3.926364433467388,4.758924734278505e-06,445.220234375,576.288671875,0.0,0.0,0.0,0.0,0.0,0.0,0.0,0.0,0.0,0.0,2.933,166290.02246488555,166866.81756646527,1.2899155307021404,0.9092667938830302,0.3989628690573876,1,session_20260602_205846
session_20260602_205846,D:\mpu_wave\session_20260602_205846.log,269698,272621,50,FatiguedSquat,0.0023500387589136,0.0031557824579504,3.1549973027587868,3.434581646152337,4.436280753511297e-06,432.3984765625,561.30734375,0.0,0.0,0.0,0.0,0.0,0.0,0.0,0.0,0.0,0.0,2.923,183996.23875401137,177866.2418474506,1.342863432833682,0.9185972636215076,0.445411372340885,1,session_20260602_205846
session_20260602_205846,D:\mpu_wave\session_20260602_205846.log,270717,273640,50,FatiguedSquat,0.0023989699125289,0.0034391648747952,2.874111736387294,3.506094527161122,6.07279839480591e-06,374.6235546875,549.889375,0.0,0.0,0.0,0.0,0.0,0.0,0.0,0.0,0.0,0.0,2.923,156160.10712383853,159890.3324291508,1.4336000727785665,0.8197473608604355,0.5133885212314252,1,session_20260602_205846
session_20260602_205846,D:\mpu_wave\session_20260602_205846.log,271674,274654,51,FatiguedSquat,0.002229821370318,0.0032787792245781,2.582099045572644,3.3224338417738872,5.778289859998277e-06,352.3000919117647,565.8256740196078,0.0,0.0,0.0,0.0,0.0,0.0,0.0,0.0,0.0,0.0,2.98,157994.68899467326,172572.00399651876,1.4704217108156887,0.7771709438815668,0.53744568267707,1,session_20260602_205846
session_20260602_205846,D:\mpu_wave\session_20260602_205846.log,272682,275614,50,FatiguedSquat,0.0029193524042765,0.0043295334446429,3.499343481205341,4.279770624669392,1.0222241387927072e-05,355.505,561.77578125,0.0,0.0,0.0,0.0,0.0,0.0,0.0,0.0,0.0,0.0,2.932,121775.2532047763,129754.3161817536,1.483045334045788,0.8176474365744811,0.5453066154692172,1,session_20260602_205846
session_20260602_205846,D:\mpu_wave\session_20260602_205846.log,273699,276628,50,FatiguedSquat,0.0035212804079055,0.0057481019210186,4.037309116278884,5.156915157377719,2.0641259983318173e-05,334.54671875,516.465078125,0.0,0.0,0.0,0.0,0.0,0.0,0.0,0.0,0.0,0.0,2.929,95007.0954280774,89849.65739504853,1.6323892512860887,0.7828922897286824,0.6247037884584455,1,session_20260602_205846
session_20260602_205846,D:\mpu_wave\session_20260602_205846.log,274714,277647,50,FatiguedSquat,0.0046940423806508,0.0078404941653528,4.650632167411347,6.8838131512244525,3.943931488558594e-05,293.070859375,476.6125,0.0,0.0,0.0,0.0,0.0,0.0,0.0,0.0,0.0,0.0,2.933,62434.62951004198,60788.57137826583,1.6703071381214536,0.6755895409375733,0.641557262225386,1,session_20260602_205846
session_20260602_205846,D:\mpu_wave\session_20260602_205846.log,275673,278666,51,FatiguedSquat,0.0051398514376746,0.0097570051333929,4.558357753850234,7.69178767648008,6.87810763716906e-05,275.7796415441177,472.4703584558824,0.0,0.0,0.0,0.0,0.0,0.0,0.0,0.0,0.0,0.0,2.993,53655.16712555388,48423.70210661975,1.8983045236620109,0.5926265706990504,0.7224891659219895,1,session_20260602_205846
session_20260602_205846,D:\mpu_wave\session_20260602_205846.log,276688,279626,50,FatiguedSquat,0.0052012362321217,0.0106864471441021,4.2104674917745095,7.640616024986902,8.71472942213527e-05,277.50328125,505.4278125,0.0,0.0,0.0,0.0,0.0,0.0,0.0,0.0,0.0,0.0,2.938,53353.3213090524,47296.14608001868,2.054597140485119,0.5510638772389643,0.7631034561822948,1,session_20260602_205846
session_20260602_205846,D:\mpu_wave\session_20260602_205846.log,277706,280637,50,FatiguedSquat,0.0041514973958333,0.009322251744161,3.675115307118278,6.084019433593751,6.966944695390317e-05,308.21296875,535.9379296875001,0.0,0.0,0.0,0.0,0.0,0.0,0.0,0.0,0.0,0.0,2.931,74241.37970505758,57490.17371613114,2.2455149575674604,0.604060415425625,0.8016701485308633,1,session_20260602_205846
session_20260602_205846,D:\mpu_wave\session_20260602_205846.log,278727,281648,50,FatiguedSquat,0.00289958050251,0.0065411050235088,2.923203846558851,4.234837323915958,3.437848783803554e-05,328.384296875,562.2925,0.0,0.0,0.0,0.0,0.0,0.0,0.0,0.0,0.0,0.0,2.921,113252.30782122482,85962.90871591364,2.255879001106328,0.6902753570627091,0.8034787132562957,1,session_20260602_205846
session_20260602_205846,D:\mpu_wave\session_20260602_205846.log,279685,282662,51,FatiguedSquat,0.0023705678905536,0.0037367220235847,2.787734727424195,3.528590305089171,8.343499357819371e-06,333.0199525122549,564.1159620098039,0.0,0.0,0.0,0.0,0.0,0.0,0.0,0.0,0.0,0.0,2.977,140481.02708142417,150965.42035610272,1.5762975876697676,0.7900420523781108,0.597496755793031,1,session_20260602_205846
session_20260602_205846,D:\mpu_wave\session_20260602_205846.log,280697,283617,50,FatiguedSquat,0.002156902829806,0.0035348709388722,2.549967012057702,3.1490781315167737,7.843082737258377e-06,336.484375,561.3015625,0.0,0.0,0.0,0.0,0.0,0.0,0.0,0.0,0.0,0.0,2.92,156003.42043542257,158789.78707191185,1.6388634903532855,0.809750315728033,0.6276317676164685,1,session_20260602_205846
session_20260602_205846,D:\mpu_wave\session_20260602_205846.log,281709,284631,50,FatiguedSquat,0.0024292965730031,0.0039195241031156,2.804026691692136,3.5492022931575784,9.461187355299596e-06,324.84421875,545.934609375,0.0,0.0,0.0,0.0,0.0,0.0,0.0,0.0,0.0,0.0,2.922,133719.4020032806,139285.90709650947,1.6134392701303588,0.790044201286556,0.6158156124864733,1,session_20260602_205846
session_20260602_205846,D:\mpu_wave\session_20260602_205846.log,282721,285648,50,FatiguedSquat,0.0021472683429718,0.0032888703847183,2.606775783332437,3.142527219939232,6.205907070748446e-06,341.7501171875,567.56359375,0.0,0.0,0.0,0.0,0.0,0.0,0.0,0.0,0.0,0.0,2.927,159155.68221847797,172570.93007259924,1.531652466181334,0.8295157368766817,0.5736825013474107,1,session_20260602_205846
session_20260602_205846,D:\mpu_wave\session_20260602_205846.log,283678,286665,51,FatiguedSquat,0.0026049461863399,0.0041506337683266,3.204962644486663,3.8904871292986902,1.0442016045046813e-05,332.8802849264706,573.5607383578431,0.0,0.0,0.0,0.0,0.0,0.0,0.0,0.0,0.0,0.0,2.987,127787.72893057468,138186.27038318582,1.593365804148417,0.823794691293736,0.6060805091982975,1,session_20260602_205846
session_20260602_205846,D:\mpu_wave\session_20260602_205846.log,284691,287617,50,FatiguedSquat,0.0024841532389322,0.0039133242012232,3.0432062019895763,3.634316188557943,9.143088989381645e-06,339.576015625,562.7978125000001,0.0,0.0,0.0,0.0,0.0,0.0,0.0,0.0,0.0,0.0,2.926,136696.83238789247,143815.7534988608,1.5753145033801152,0.8373531754703308,0.5969980754926674,1,session_20260602_205846
session_20260602_205846,D:\mpu_wave\session_20260602_205846.log,285707,288639,50,FatiguedSquat,0.0030351143360137,0.0045616278579396,3.842276984286992,4.449477616596221,1.1596529681654874e-05,351.84,561.8903125,0.0,0.0,0.0,0.0,0.0,0.0,0.0,0.0,0.0,0.0,2.932,115923.10704808122,123177.5600336292,1.5029504163524632,0.8635343998792239,0.5572723160930458,1,session_20260602_205846
session_20260602_205846,D:\mpu_wave\session_20260602_205846.log,286725,289660,50,FatiguedSquat,0.0035460267782211,0.0059598335178637,4.009424595666272,5.203794297039508,2.2945309648790432e-05,341.65234375,509.1537109375,0.0,0.0,0.0,0.0,0.0,0.0,0.0,0.0,0.0,0.0,2.935,96347.9039415169,85430.84701620285,1.680706946084182,0.7704809925282392,0.6459716220179552,1,session_20260602_205846
session_20260602_205846,D:\mpu_wave\session_20260602_205846.log,287677,290667,51,FatiguedSquat,0.0033514002413531,0.0059295614451269,3.7539632814861776,5.010343360822964,2.392781535379344e-05,339.05445772058823,498.7913602941176,0.0,0.0,0.0,0.0,0.0,0.0,0.0,0.0,0.0,0.0,2.99,101167.9692473028,84119.42110569052,1.769278286336373,0.7492427185909141,0.6805272955576185,1,session_20260602_205846
session_20260602_205846,D:\mpu_wave\session_20260602_205846.log,288700,291613,50,FatiguedSquat,0.0027378011306126,0.0054046859414278,2.664485908080032,3.987607346737385,2.171507509468393e-05,310.0751953125,461.4146484375,0.0,0.0,0.0,0.0,0.0,0.0,0.0,0.0,0.0,0.0,2.913,113256.977867538,85373.05739221933,1.9740966233444923,0.6681916436912706,0.7433708766479182,1,session_20260602_205846
session_20260602_205846,D:\mpu_wave\session_20260602_205846.log,289719,292630,50,FatiguedSquat,0.0023523774226506,0.0036094519871727,2.2129412369209964,3.423885338668029,7.494464109108659e-06,299.1734765625,468.8301953125,0.0,0.0,0.0,0.0,0.0,0.0,0.0,0.0,0.0,0.0,2.911,127179.14502267538,129889.54198285103,1.534384073760382,0.6463245749741017,0.575207727518504,1,session_20260602_205846
session_20260602_205846,D:\mpu_wave\session_20260602_205846.log,290725,293640,50,FatiguedSquat,0.0020758150498072,0.0031988012066353,1.9261426268016613,3.0255004350940387,5.923321038565839e-06,292.5248046875,482.9107421875,0.0,0.0,0.0,0.0,0.0,0.0,0.0,0.0,0.0,0.0,2.915,140920.3887380412,150966.11512452402,1.540984909010818,0.6366360433543143,0.5788263962002329,1,session_20260602_205846
session_20260602_205846,D:\mpu_wave\session_20260602_205846.log,291672,294645,51,FatiguedSquat,0.0017400835152545,0.0029360068564245,1.617877243836365,2.586634145425815,5.592245620911548e-06,301.7176011029412,531.1368336397059,0.0,0.0,0.0,0.0,0.0,0.0,0.0,0.0,0.0,0.0,2.973,173392.49815622473,180904.43200874788,1.6872783078557214,0.6254758702818223,0.6486668870120651,1,session_20260602_205846
session_20260602_205846,D:\mpu_wave\session_20260602_205846.log,292690,295650,51,FatiguedSquat,0.0008449212787977,0.0015349221099626,0.8624452079968904,1.2504834926206303,1.6420939162869496e-06,297.1109068627451,553.186274509804,0.0,0.0,0.0,0.0,0.0,0.0,0.0,0.0,0.0,0.0,2.96,351642.883988711,360399.9906700684,1.8166429605179035,0.6896893980581703,0.6966922999736166,1,session_20260602_205846
session_20260602_205846,D:\mpu_wave\session_20260602_205846.log,293700,296655,51,FatiguedSquat,0.0008645713563058,0.0016143767045627,0.9398938747673002,1.2774041789419512,1.8587285140901984e-06,304.9833409926471,560.7393152573529,0.0,0.0,0.0,0.0,0.0,0.0,0.0,0.0,0.0,0.0,2.955,352756.2947949989,347340.8445077829,1.8672545944686116,0.735784248654965,0.7129180178913753,1,session_20260602_205846
session_20260602_205846,D:\mpu_wave\session_20260602_205846.log,294705,297659,51,FatiguedSquat,0.0008301207910176,0.0015097579392406,0.9210595463129564,1.2260884083330243,1.5902685074203615e-06,300.015625,551.6124387254902,0.0,0.0,0.0,0.0,0.0,0.0,0.0,0.0,0.0,0.0,2.954,361411.5762847527,365364.57866773166,1.8187185971709705,0.7512178887768789,0.6973733123641404,1,session_20260602_205846
session_20260602_205846,D:\mpu_wave\session_20260602_205846.log,295708,298667,51,FatiguedSquat,0.0010744443282582,0.0016951974270212,1.1746181501994013,1.5896403836580664,1.7192637020530489e-06,314.2351026348039,568.4108455882354,0.0,0.0,0.0,0.0,0.0,0.0,0.0,0.0,0.0,0.0,2.959,292462.6264085522,335306.3786090463,1.5777419124426395,0.7389206776173235,0.5980683553508505,1,session_20260602_205846
session_20260602_205846,D:\mpu_wave\session_20260602_205846.log,296713,299616,50,FatiguedSquat,0.0011092747529347,0.0016095289623772,1.1539733000439123,1.610112303884824,1.3600930032327696e-06,301.9800390625,545.2196875,0.0,0.0,0.0,0.0,0.0,0.0,0.0,0.0,0.0,0.0,2.903,272231.7135875021,338744.6647434324,1.4509728154780268,0.7167036091475989,0.5248115730576385,1,session_20260602_205846
session_20260602_205846,D:\mpu_wave\session_20260602_205846.log,297718,300618,50,FatiguedSquat,0.0013582760890324,0.0018600581793664,1.4180959009798244,1.969500329097112,1.6149024965907823e-06,315.48828125,517.015625,0.0,0.0,0.0,0.0,0.0,0.0,0.0,0.0,0.0,0.0,2.9,232270.9289565682,277956.5460794039,1.369424688368572,0.7200282626557879,0.4666247196178669,1,session_20260602_205846
session_20260602_205846,D:\mpu_wave\session_20260602_205846.log,298726,301624,50,FatiguedSquat,0.0011710349003473,0.0015843877180147,1.2817190586942246,1.6968295706033707,1.138961703164497e-06,328.2890625,515.5270312499999,0.0,0.0,0.0,0.0,0.0,0.0,0.0,0.0,0.0,0.0,2.898,280340.7328525214,325379.1354282962,1.3529796290146008,0.7553611041108276,0.4535375143377697,1,session_20260602_205846
session_20260602_205846,D:\mpu_wave\session_20260602_205846.log,299675,302625,51,FatiguedSquat,0.0011781750161663,0.0015930649282063,1.3315077082419868,1.7378081488453485,1.1497594967625029e-06,337.6819087009804,534.2581954656862,0.0,0.0,0.0,0.0,0.0,0.0,0.0,0.0,0.0,0.0,2.95,286614.14259624993,335364.7743048642,1.3521451008568328,0.7661994843104406,0.4528652108199339,1,session_20260602_205846
session_20260602_205846,D:\mpu_wave\session_20260602_205846.log,300677,303625,51,FatiguedSquat,0.0008943382587308,0.0012527115190618,1.0097432799259918,1.3182545933692285,7.694452289606846e-07,303.69638480392155,526.5575980392157,0.0,0.0,0.0,0.0,0.0,0.0,0.0,0.0,0.0,0.0,2.948,339576.2646435817,420333.9473557216,1.4007117621557283,0.7659698545629903,0.4900031939818157,1,session_20260602_205846
session_20260602_205846,D:\mpu_wave\session_20260602_205846.log,301683,304627,51,FatiguedSquat,0.0009713198390661,0.0013596063905164,1.0638250763237087,1.429782803105373,9.0506730736958e-07,287.95098039215685,524.4901960784314,0.0,0.0,0.0,0.0,0.0,0.0,0.0,0.0,0.0,0.0,2.944,296453.00379738526,385765.9201743648,1.3997500473927549,0.7440466295084258,0.4893500153409343,1,session_20260602_205846
session_20260602_205846,D:\mpu_wave\session_20260602_205846.log,302685,305628,51,FatiguedSquat,0.0010405650793337,0.0014324211192723,1.1282172925111509,1.531191514239592,9.690545786086912e-07,293.150390625,528.0313648897059,0.0,0.0,0.0,0.0,0.0,0.0,0.0,0.0,0.0,0.0,2.943,281722.0323121636,368628.3238616353,1.3765787177970834,0.7368231088549455,0.4720578199300386,1,session_20260602_205846
session_20260602_205846,D:\mpu_wave\session_20260602_205846.log,303683,306628,51,FatiguedSquat,0.0012417410323822,0.0016073659020528,1.3599737622307195,1.8284636701828516,1.0417043515803835e-06,316.8085554534314,562.225222120098,0.0,0.0,0.0,0.0,0.0,0.0,0.0,0.0,0.0,0.0,2.945,255132.3440712113,349780.2657265491,1.2944443049649756,0.7437794820123164,0.4030388524109835,1,session_20260602_205846
session_20260602_205846,D:\mpu_wave\session_20260602_205846.log,304686,307632,51,FatiguedSquat,0.0012793658917246,0.0021376890514856,1.4711655517335178,1.88450595851038,2.93293739593312e-06,304.50574448529414,525.5234375,0.0,0.0,0.0,0.0,0.0,0.0,0.0,0.0,0.0,0.0,2.946,238012.83779886636,245837.06002410417,1.6708960231133854,0.7806637831571233,0.6416802905162345,1,session_20260602_205846
session_20260602_205846,D:\mpu_wave\session_20260602_205846.log,305688,308636,51,FatiguedSquat,0.0013673297564188,0.0023398894940823,1.507956433847875,2.0154440609614057,3.605492181728256e-06,293.42264093137254,490.4301470588235,0.0,0.0,0.0,0.0,0.0,0.0,0.0,0.0,0.0,0.0,2.948,214595.21739997077,209595.34144830523,1.711282718609093,0.7482005887974633,0.6584071651396732,1,session_20260602_205846
session_20260602_205846,D:\mpu_wave\session_20260602_205846.log,306686,309642,51,FatiguedSquat,0.0014555887069577,0.0026312663630282,1.5027324587860893,2.151360108883553,4.804824189381016e-06,283.12484681372547,464.1390931372549,0.0,0.0,0.0,0.0,0.0,0.0,0.0,0.0,0.0,0.0,2.956,194508.68981855456,176393.74077254147,1.8076978357642604,0.698503449925651,0.6938812479774782,1,session_20260602_205846
session_20260602_205846,D:\mpu_wave\session_20260602_205846.log,307690,310651,51,FatiguedSquat,0.0015806447680479,0.0024299836329474,1.5656103611986756,2.340144579094998,3.406382573635084e-06,308.3241038602941,509.4888556985294,0.0,0.0,0.0,0.0,0.0,0.0,0.0,0.0,0.0,0.0,2.961,195062.11327858988,209667.52167504287,1.537335993976938,0.669022920427899,0.5767839707941028,1,session_20260602_205846
session_20260602_205846,D:\mpu_wave\session_20260602_205846.log,308696,311659,51,FatiguedSquat,0.0014420656674827,0.0021937808770035,1.5042299819800975,2.1364202863757136,2.733121146974045e-06,322.82992493872547,556.8107000612745,0.0,0.0,0.0,0.0,0.0,0.0,0.0,0.0,0.0,0.0,2.963,223866.15835330947,253813.1552175132,1.5212756292557412,0.7040889804635907,0.5677827045347194,1,session_20260602_205846
session_20260602_205846,D:\mpu_wave\session_20260602_205846.log,309702,312670,51,FatiguedSquat,0.001478246208889,0.0021391046764178,1.6795227230894163,2.1937173739913245,2.390556962577777e-06,350.76776960784315,585.8253676470589,0.0,0.0,0.0,0.0,0.0,0.0,0.0,0.0,0.0,0.0,2.968,237286.27221387447,273864.6220733199,1.447054771052433,0.7656057896227669,0.5223241676243922,1,session_20260602_205846
session_20260602_205846,D:\mpu_wave\session_20260602_205846.log,310711,313616,50,FatiguedSquat,0.001257757782936,0.0018739477380199,1.4465503941232647,1.82689317971468,1.929725484293797e-06,348.826953125,560.6876953125,0.0,0.0,0.0,0.0,0.0,0.0,0.0,0.0,0.0,0.0,2.905,277340.1051596736,299201.1915464297,1.4899102780625706,0.7918089625565162,0.5493598664601211,1,session_20260602_205846
session_20260602_205846,D:\mpu_wave\session_20260602_205846.log,311719,314619,50,FatiguedSquat,0.0010494599660237,0.0017018667946004,1.1966890275571491,1.5217169507344563,1.79498436627717e-06,332.02734375,535.59375,0.0,0.0,0.0,0.0,0.0,0.0,0.0,0.0,0.0,0.0,2.9,316378.9359484209,314709.3750168341,1.6216580222593635,0.7864071082293987,0.6195261196906121,1,session_20260602_205846
session_20260602_205846,D:\mpu_wave\session_20260602_205846.log,312729,315622,50,FatiguedSquat,0.0010303208112716,0.0016356745878536,1.1433040320481018,1.4903590535044673,1.6138703832107348e-06,311.33652343750003,514.4115625000001,0.0,0.0,0.0,0.0,0.0,0.0,0.0,0.0,0.0,0.0,2.893,302174.05865962896,314494.8584670221,1.5875375731732209,0.7671332814683649,0.6029933772740286,1,session_20260602_205846
