subject,condition,label,ambulation,speed,trial,window_idx,start_sample,end_sample,window_samples,step_samples,window_sec,step_sec,channel_count,sample_count,ch01_rms,ch01_mav,ch01_iemg,ch01_wl,ch01_mdf,ch01_mpf,ch02_rms,ch02_mav,ch02_iemg,ch02_wl,ch02_mdf,ch02_mpf,ch03_rms,ch03_mav,ch03_iemg,ch03_wl,ch03_mdf,ch03_mpf,ch04_rms,ch04_mav,ch04_iemg,ch04_wl,ch04_mdf,ch04_mpf,ch05_rms,ch05_mav,ch05_iemg,ch05_wl,ch05_mdf,ch05_mpf,ch06_rms,ch06_mav,ch06_iemg,ch06_wl,ch06_mdf,ch06_mpf,ch07_rms,ch07_mav,ch07_iemg,ch07_wl,ch07_mdf,ch07_mpf,ch08_rms,ch08_mav,ch08_iemg,ch08_wl,ch08_mdf,ch08_mpf,ch09_rms,ch09_mav,ch09_iemg,ch09_wl,ch09_mdf,ch09_mpf,ch10_rms,ch10_mav,ch10_iemg,ch10_wl,ch10_mdf,ch10_mpf,ch11_rms,ch11_mav,ch11_iemg,ch11_wl,ch11_mdf,ch11_mpf,ch12_rms,ch12_mav,ch12_iemg,ch12_wl,ch12_mdf,ch12_mpf,ch13_rms,ch13_mav,ch13_iemg,ch13_wl,ch13_mdf,ch13_mpf
P03,Fatigue,1,LG_0,S_1,Trial_1,0,0,4000,4000,2000,2.0,1.0,13,90201,14.631774719871837,5.197637012926862,20790.548051707447,8418.482542037964,72.0,94.145594159382,32.91557547703367,17.630784741742538,70523.13896697015,23181.956820189953,80.5,90.1555309921419,2.486080271298799,1.738948789529968,6955.795158119872,3641.8848671019077,94.0,141.09874675078137,7.8616216424554475,4.849270262103528,19397.08104841411,9379.539731889963,111.5,143.53900874384948,4.024614182949493,1.5881605492322706,6352.642196929082,3137.0933167636395,89.5,151.01933601192854,7.85331335663774,2.715395521838218,10861.582087352872,4815.662559121847,83.5,128.2567951264848,3.566751220414859,1.5025792686501518,6010.317074600607,3211.865946650505,114.5,166.76602795580618,7.125037829455455,4.391494711406994,17565.97884562798,6565.952487289906,78.0,98.86266182137734,2.381395099530089,1.5978502046316863,6391.400818526745,3125.8011236786842,78.5,122.01683700419916,11.440634527091214,3.744343360280618,14977.373441122472,6272.050272673368,63.0,89.32598746733791,4.990250945681496,3.458020305435639,13832.081221742555,6501.861661672592,95.5,130.40960225854928,4.308594261592433,1.953852309146896,7815.409236587584,3552.157711237669,71.0,108.93218676145922,2.5549183542230027,1.3987887544790283,5595.155017916113,2805.3469955921173,66.0,129.70080637335877
P03,Fatigue,1,LG_0,S_1,Trial_1,1,2000,6000,4000,2000,2.0,1.0,13,90201,120.56586018513862,58.25328153846785,233013.12615387142,94378.62383201718,81.0,98.17902540326737,9.96815518624892,3.693987045995891,14775.948183983564,5838.369019329548,64.0,88.51897466594886,6.362159436701172,3.3858267971896567,13543.307188758627,6037.050578743219,97.0,102.4618475763108,11.306553825603022,6.274157029669732,25096.628118678927,9163.462091237307,55.5,76.9982513791811,11.639439625325002,6.4892246294301,25956.8985177204,9670.084808021784,82.5,102.78989253221586,19.273025406160215,10.230197117477655,40920.78846991062,16747.848317027092,81.5,111.36664912433457,10.380006872453205,5.81391585150268,23255.663406010717,8056.2167800962925,61.0,76.19712555300742,11.731036940708256,6.215985983680002,24863.94393472001,8887.566346675158,56.5,74.84428499560777,10.150361256215454,4.648603107873351,18594.4124314934,6393.822841346264,59.0,77.3779719558599,35.69206289240356,16.014553707966115,64058.21483186446,27307.574823498726,90.0,107.92391359946333,4.934413572345522,3.2982401604531333,13192.960641812533,5880.485847592354,71.5,105.45639258639952,10.631705552777836,5.958895860728807,23835.58344291523,8185.619208961725,77.0,90.91812136199604,7.251606335120412,4.3428418397088535,17371.367358835414,6128.914095461369,67.0,88.492643828102
P03,Fatigue,1,LG_0,S_1,Trial_1,2,4000,8000,4000,2000,2.0,1.0,13,90201,120.13671249000237,56.96709891492501,227868.39565970004,92808.398604393,106.0,129.39657295931715,3.467053027134682,2.096242324181367,8384.969296725467,3914.4234731793404,95.0,121.109479105397,6.34063323849411,3.404169553332031,13616.678213328123,6199.108809232712,111.0,128.85147824521724,12.053985526373133,7.238702286407351,28954.809145629406,10812.122281640768,63.5,94.25428997032022,12.365401757657793,7.788401515269652,31153.606061078608,11814.68591094017,81.5,100.49933002731633,19.495210699391706,11.874184743349906,47496.738973399624,20943.66103410721,85.5,115.06720915174155,10.461948249374428,6.446538613596931,25786.154454387724,8986.14414036274,70.5,92.7109141785733,11.89350430257082,6.848692445340566,27394.769781362265,9892.876725643873,70.5,95.90331870403456,10.19468975465362,4.889236843166873,19556.94737266749,6681.31597340107,64.0,89.05581906810204,49.899404624147294,22.59116804744117,90364.67218976468,38337.91110664606,92.5,121.41897674674955,5.032091941643983,3.285981836321298,13143.927345285192,5454.434454441071,57.5,97.07270834143249,17.326170180449946,11.718115228274836,46872.46091309935,15581.090096384287,73.5,87.84766750772899,9.21259354670084,6.570443194103428,26281.77277641371,9259.293135255575,71.0,90.41141935747194
P03,Fatigue,1,LG_0,S_1,Trial_1,3,6000,10000,4000,2000,2.0,1.0,13,90201,20.35402687935166,9.908476356300525,39633.9054252021,16199.719160795212,90.0,119.3530060389523,7.59978542133457,2.5393128453288227,10157.251381315291,4399.682581424713,98.5,137.01608894784925,2.0279389760779303,1.4752661621780134,5901.064648712054,3157.236147671938,78.5,128.56929705138168,6.31835363555641,3.575189207214862,14300.756828859448,6555.575877428055,96.0,126.89265311032766,5.805405030536298,2.9199566515162587,11679.826606065035,5210.278928279877,77.0,115.14233213921251,8.328485588381792,4.173759826971218,16695.039307884872,8394.982572644949,121.5,148.21996413269088,3.7569944756177436,2.0461818577256055,8184.7274309024215,3882.9884491860867,69.0,108.93155992404552,4.206501822244342,2.4107842262019403,9643.136904807761,4380.150139331818,74.5,117.32131907318502,2.0043555753332942,1.3062672767671757,5225.069107068703,2896.6001234948635,86.5,145.15553170704882,37.83606808280104,12.240507569001057,48962.030276004225,19807.727448642254,95.0,120.4983737851402,3.7410009828956596,2.4073292347602546,9629.316939041018,4580.052476376295,97.0,132.17675822166,15.855972414751884,10.840960101224482,43363.84040489793,15251.785330474377,96.0,102.69555566490294,7.1097367561234215,5.100552077684552,20402.208310738206,8008.60645249486,97.5,115.26916632846167
P03,Fatigue,1,LG_0,S_1,Trial_1,4,8000,12000,4000,2000,2.0,1.0,13,90201,18.92802137530002,9.250733958091587,37002.93583236635,14953.000005334616,83.0,107.2982058954006,39.68300614500158,13.845809629186988,55383.23851674795,16490.569431334734,81.0,89.209427989632,3.842740463823455,2.138324245833792,8553.296983335167,4123.176448047161,86.5,121.68045347596752,11.465760183097867,5.0473536404781045,20189.414561912417,8186.53479218483,65.5,103.38641546608869,1.1757492359472161,0.8788611637894064,3515.4446551576257,2197.3997354507446,81.0,149.33836683101214,1.6589340550370297,1.2441445354372263,4976.578141748905,2525.7889181375504,61.5,109.85165304397395,1.2402217908289739,0.9029783507226966,3611.9134028907865,2474.211063235998,133.0,176.5549734148651,2.4983540014620127,1.3498996623093262,5399.598649237305,2726.301643997431,67.0,91.30087268722973,6.819351323103824,2.150284013536293,8601.136054145172,4105.780366808176,98.0,112.46244829445098,10.224198465044207,4.158784089982509,16635.13635993004,6935.542915016413,57.5,91.71755491933605,20.229337183658043,6.312503791414201,25250.015165656805,7856.314443051815,63.0,98.76294521839343,7.96990706121767,5.456045575719327,21824.182302877307,8799.365162849426,94.0,110.51021886383916,4.317145895196617,3.1252841243520377,12501.136497408152,5430.324096232653,87.0,116.2653462332157
P03,Fatigue,1,LG_0,S_1,Trial_1,5,10000,14000,4000,2000,2.0,1.0,13,90201,48.22770551895964,17.284353457554243,69137.41383021697,23861.929960548878,65.0,89.32983985983147,91.19218222109428,31.199315752356778,124797.26300942712,34227.55282372236,78.0,82.84583769867751,7.866658042214025,4.608527114614844,18434.108458459377,8156.0153514146805,91.5,111.93205643112758,26.47534742311315,14.107940533722285,56431.76213488914,20619.239378720522,80.5,109.30247090657198,9.463850611554479,3.4400655276840553,13760.262110736221,4846.792388707399,69.5,77.35300794982646,13.874529422220716,4.584292427834589,18337.169711338356,6358.420290052891,58.0,73.98470531414091,9.747331960761406,3.561394114792347,14245.576459169388,5088.506359606981,59.5,77.517610914316,6.893357031899831,3.2886739943409338,13154.695977363735,4613.623861223459,51.5,77.39866005596157,12.852519726464852,5.184510677750223,20738.04271100089,7929.561100900173,92.5,107.19784908249899,25.987598627673837,12.757902389450464,51031.60955780186,18801.806680858135,86.0,108.34563064117178,41.91172960687361,18.112245018896648,72448.98007558659,16979.490872472525,34.5,48.84806093096997,10.658959583261451,5.5788667923770845,22315.467169508338,7563.938200473785,73.0,92.42277852097307,24.072958903894545,8.6669790008571,34667.9160034284,11524.751223623753,59.0,77.12671351274356
P03,Fatigue,1,LG_0,S_1,Trial_1,6,12000,16000,4000,2000,2.0,1.0,13,90201,54.31843069526819,25.628683753637596,102514.73501455039,35474.88236799836,69.5,93.84315525924347,137.85681818989312,45.799351901654155,183197.40760661662,44673.13662171364,61.0,70.47918642501439,10.691158774428786,6.520687502413057,26082.750009652227,11732.89380967617,89.5,114.35009448954291,37.82652018661155,21.072166191414,84288.664765656,27621.925063431263,57.5,86.26716428810805,11.571641161180763,5.569755213335156,22279.020853340626,7151.315361261368,68.0,82.26080874690359,17.273934441539655,7.943584555038251,31774.338220153004,10217.908769845963,61.5,84.3400887426284,12.468638756796604,6.198967466072645,24795.86986429058,7412.866968661547,57.5,71.07053901023043,12.112860679774398,6.452955898258369,25811.823593033478,8467.008452862501,52.5,86.44580098528418,24.699441753521757,10.104897951125167,40419.59180450067,14260.819088667631,97.0,97.25516712301457,50.67928040732622,29.83083013211144,119323.32052844577,43568.94325464964,81.5,99.60698274368394,43.33587623957368,21.43969346679514,85758.77386718057,22178.782802075148,55.5,79.05596258418622,16.057580824620985,9.542153263604268,38168.613054417074,10224.623046815395,62.5,72.7195561402525,33.4077698474884,14.663311304710806,58653.24521884322,17854.483239352703,55.0,71.23415921693051
P03,Fatigue,1,LG_0,S_1,Trial_1,7,14000,18000,4000,2000,2.0,1.0,13,90201,35.471503235791154,20.324491012608632,81297.96405043453,30020.14271914959,69.0,98.77613034967231,164.88676735876285,55.812720447639,223250.881790556,55917.71937906742,67.0,68.08373837616831,42.57091913724993,15.060629559960216,60242.518239840865,17283.15930813551,69.0,96.1018793063138,38.17614221519998,18.700332554092164,74801.33021636866,24885.857198387384,54.0,81.78720102775925,8.625497086629982,4.603321718797088,18413.28687518835,6182.32311680913,67.0,87.92359565634786,12.528214492423391,6.830549629684538,27322.19851873815,9349.935874342918,73.0,97.0207370697808,9.015851650066233,5.167535230703652,20670.140922814608,6897.088419646025,71.0,89.01560691523832,14.48458902690673,8.263419977761805,33053.67991104722,11080.998554825783,65.0,78.9156255987219,43.93008599701522,21.770932058920152,87083.72823568061,32343.58774498105,89.5,104.47522297717462,55.75938833593334,32.270793843036515,129083.17537214607,45777.94037759304,72.0,99.61332435221857,35.02836655324527,17.366753582376987,69467.01432950795,20543.24597120285,43.5,60.06816133290959,15.769779218819231,9.764331282675267,39057.325130701065,10357.077419757843,67.0,76.0676326041604,32.74022869712277,13.730902408715338,54923.60963486135,16131.96600228548,63.5,76.69529012151641
P03,Fatigue,1,LG_0,S_1,Trial_1,8,16000,20000,4000,2000,2.0,1.0,13,90201,63.73609545545832,30.622624710435048,122490.49884174019,44544.95497047901,81.5,97.97481365760682,170.8548086345253,55.61688009556383,222467.52038225532,57730.87935522199,74.5,79.41423230953643,49.072803951909464,19.68551425554324,78742.05702217296,19642.617274075747,50.5,56.46492773938952,43.128179976357316,17.560570037737488,70242.28015094995,23843.007907271385,71.0,92.50823962368577,8.48865884052896,4.737753560754936,18951.014243019745,6123.725790530443,62.0,79.33949645914736,10.988481836538588,6.507981763279531,26031.927053118125,9642.922505736351,71.0,98.13840842883242,8.067868483799236,5.0175740291015245,20070.296116406098,6929.133832454681,58.5,84.24531533272226,15.654200611032875,8.912529074714985,35650.11629885994,11341.329384595156,68.5,84.26751753641132,52.15695006151589,24.988587467186154,99954.34986874461,37168.711330741644,94.0,108.04156722995602,55.40178453133839,29.729233660537282,118916.93464214914,42784.2884324491,78.5,98.80105699964633,38.55418215989794,20.513867041934283,82055.46816773713,25079.35045287013,45.5,74.76290720684719,13.854186170568413,8.154060619382653,32616.242477530614,8968.137670308352,74.5,80.57982381215491,35.39922913904209,14.27296021814691,57091.840872587636,16963.620763272047,35.5,63.962630048166034
P03,Fatigue,1,LG_0,S_1,Trial_1,9,18000,22000,4000,2000,2.0,1.0,13,90201,121.5286151287924,58.08972537567606,232358.90150270425,79213.81890773773,81.5,91.56215912905216,188.85296310377558,54.348400922177824,217393.6036887113,55484.0381257236,68.5,74.76826678460033,47.404485555853874,16.382840917422435,65531.363669689745,17668.00945624709,44.0,59.573050644241164,57.285964252024364,21.46599119147286,85863.96476589143,26026.673894375563,60.5,79.98920928056387,15.466889292331446,7.455090004578233,29820.36001831293,8958.066254854202,54.0,75.8182407981001,14.288476619025356,8.402182337618433,33608.72935047373,12140.328343957663,69.0,99.39972369156136,9.945096639809684,6.220669420761988,24882.67768304795,7640.8471912145615,57.0,75.93330408481617,22.044927096743418,11.262306579237338,45049.22631694935,12492.522690445185,61.5,75.68958468084732,57.957488952843484,21.460684204066638,85842.73681626655,29544.03944313526,116.0,111.419302485112,55.535826945011806,29.635256329202093,118541.02531680837,42058.536130934954,78.5,100.4553882982084,38.03043959188821,19.970886133867317,79883.54453546926,25166.636053472757,55.5,76.19447031085973,13.672192821550802,8.393834278685972,33575.33711474389,9179.637394845486,62.5,77.7222327253972,36.42439891663153,14.718371313356329,58873.485253425315,17647.866625338793,71.0,77.0503433270237
P03,Fatigue,1,LG_0,S_1,Trial_1,10,20000,24000,4000,2000,2.0,1.0,13,90201,128.55107513056265,62.3595560150221,249438.2240600884,88288.1642319262,81.0,90.16112415110643,173.75642558833104,56.10574320642045,224422.9728256818,58839.34544399381,69.0,72.90106039531412,49.92482506292085,16.2498481052462,64999.392420984805,17288.652807474136,44.0,50.34043405449403,51.76222900693139,20.22390492527047,80895.61970108189,24357.870873063803,53.5,79.40540811584658,15.77172638802991,7.707541706622578,30830.166826490313,9501.007106155157,46.5,71.19736134888763,15.502995673734967,8.81048492109403,35241.93968437612,12876.15206092596,66.0,93.87991132647765,9.975637253355547,6.191124809079338,24764.49923631735,7631.996553391218,58.5,76.69757814679527,23.25308463538327,11.607663846155628,46430.655384622514,12456.81494474411,58.0,62.11767724083473,55.1999607261798,20.083312085655052,80333.24834262021,27277.97096595168,104.5,108.33520533039476,60.410341269890964,32.86230539244134,131449.22156976536,45000.30502676964,84.0,104.1515571883953,39.73072455584958,17.534155461750924,70136.6218470037,21430.44611439109,57.5,72.73424227619928,11.8613394473271,7.491056936630048,29964.22774652019,8430.690318346024,65.5,76.0986719972073,32.545964841185416,12.897774474322796,51591.09789729118,15637.856256216764,47.0,67.38432308650256
P03,Fatigue,1,LG_0,S_1,Trial_1,11,22000,26000,4000,2000,2.0,1.0,13,90201,99.10326202966385,52.60099466152023,210403.97864608094,85739.18053880334,93.0,113.67838755527443,114.23034265505798,48.59694833266549,194387.79333066195,53163.645043969154,53.0,72.58060320049543,33.35853710305015,13.339294188236817,53357.17675294727,16000.427212566137,59.0,78.40934183602698,42.46014005245557,19.36475760350004,77459.03041400015,25530.122593045235,76.0,98.05097339726825,8.99354622812988,5.156531904125586,20626.127616502345,6904.107891023159,73.5,87.11650003579102,13.039652838489326,7.06430077329278,28257.20309317112,10905.206575989723,80.5,101.76460454492698,8.566883327539543,5.1660060922731645,20664.024369092658,6500.640884041786,59.0,75.97324608955427,18.873395042582953,9.056703256256878,36226.81302502751,10567.966755479574,62.5,74.14949755496224,46.23172460581528,17.31795269139111,69271.81076556444,24697.857443243265,103.5,113.04567288395245,70.24700321846743,36.61537021701224,146461.48086804897,53292.437084019184,78.0,96.02213112593726,44.45896316670566,18.8868746625958,75547.4986503832,22744.308039546013,57.5,70.93252614759868,11.151852860662451,6.972723948571366,27890.89579428546,8242.080174386501,84.5,85.2413726885132,45.45282742080354,12.756042420282029,51024.169681128114,13617.469277232885,57.0,63.1772525052578
P03,Fatigue,1,LG_0,S_1,Trial_1,12,24000,28000,4000,2000,2.0,1.0,13,90201,80.02104713208944,45.080892373109236,180323.56949243695,71635.23137569427,103.5,124.80971172007602,106.99880185613988,41.377568896091546,165510.27558436617,51880.60775399208,94.0,96.74303721113823,19.69591565410056,10.485133330896497,41940.53332358599,16155.160777270794,54.0,89.32898269109837,45.307972301913985,20.672715161344968,82690.86064537987,29578.22121679783,59.0,99.46341347266416,7.718027119002202,4.49420701188501,17976.82804754004,6036.440189927816,68.0,84.88075990144267,10.610535263387886,5.927510583424009,23710.042333696038,8920.83253711462,82.5,108.45055892926564,7.521286912799474,4.606961467303336,18427.845869213343,5754.4405572116375,54.5,73.02724362822958,17.960532074754283,8.614245069539175,34456.9802781567,10614.661499857903,62.5,74.87903567542736,46.72387361490345,19.693511874997057,78774.04749998823,29389.611072838306,102.0,111.904369067104,76.13095636949659,41.05185619206168,164207.4247682467,62407.06807002425,87.0,118.24657430630461,44.04484170298045,18.587514885282143,74350.05954112858,21669.71853002906,50.0,64.41268023918856,13.273713557574368,7.970094771322328,31880.379085289314,9554.72132191062,51.0,79.32343827871308,52.077250956195265,15.46046746209031,61841.86984836124,14716.77953377366,48.0,59.52320493326814
P03,Fatigue,1,LG_0,S_1,Trial_1,13,26000,30000,4000,2000,2.0,1.0,13,90201,51.80444192064267,31.647822319995612,126591.28927998245,44808.9481331408,82.5,103.20060605599078,144.00094362402444,47.76502698436379,191060.10793745518,55114.44769799709,83.0,79.979473980352,21.8415601493034,11.23217309494503,44928.692379780114,16971.555817872286,55.5,82.64080095202576,37.91519860651373,17.373660322569776,69494.6412902791,25934.810377657413,55.5,94.44315350985204,7.191301929188239,4.444872412178666,17779.48964871466,5766.343139111996,78.0,84.34773736463987,10.064094313379563,5.881612930539996,23526.45172215998,8396.813739091158,65.5,89.4881959931479,7.1227236638583955,4.526868879247923,18107.47551699169,5719.648394733667,53.0,72.90011722687949,21.476429720758766,9.664196005626582,38656.78402250633,11709.393840283155,66.5,78.58515884493724,49.60322214595606,24.277279711794108,97109.11884717643,36478.97196933627,97.5,109.32894182922705,87.53999129628554,47.89656508739572,191586.26034958288,74275.46819671988,84.5,107.39268837954819,70.5487333283582,31.870250751078128,127481.00300431252,33033.632300794125,48.0,58.79019913661637,15.41259377058145,9.16079724811716,36643.18899246864,10663.492605090141,70.0,80.50658743211194,43.834284053993585,16.576880393596365,66307.52157438546,18667.82633587718,53.0,82.38555582496676
P03,Fatigue,1,LG_0,S_1,Trial_1,14,28000,32000,4000,2000,2.0,1.0,13,90201,83.13604841536755,46.001074112951756,184004.29645180702,71285.78377887607,89.0,102.67432027492593,169.89238404476805,62.773900532186964,251095.60212874785,68586.03404834867,79.5,85.87682297747797,51.00126356742619,20.27411745483987,81096.46981935948,22388.756554573774,54.0,61.41397821315086,34.56149090849768,17.731921590538697,70927.68636215478,25928.09610068798,62.0,93.82258185549433,9.570933842607673,5.433446235023439,21733.784940093756,6913.263723254204,54.5,76.68957438203489,12.515865595548041,7.150974916899576,28603.899667598307,10372.94752895832,65.5,96.18191625311384,9.255573088267296,5.502616258570924,22010.465034283698,6663.919892162085,62.5,78.88172047977496,23.511328633015683,10.574025932652876,42296.1037306115,12927.729915827513,78.0,78.292438646124,50.112843008966216,22.955974476528354,91823.89790611342,32621.009461581707,84.0,105.5838614581751,79.13424745526265,43.3228084283066,173291.2337132264,69255.63057884574,79.5,107.66215882738702,73.42664416527901,35.45618989721406,141824.75958885625,39958.18821713328,50.0,60.59333208256898,15.309455607935517,9.385351930488833,37541.40772195533,10479.765571653843,61.5,72.54658671897278,39.598088205641915,16.57476997426711,66299.07989706844,19661.84452176094,54.0,67.96149032776425
P03,Fatigue,1,LG_0,S_1,Trial_1,15,30000,34000,4000,2000,2.0,1.0,13,90201,107.33927379726902,60.54133377922699,242165.33511690795,95996.15419283509,101.0,126.8789984033182,188.94021987833233,81.47154260682873,325886.17042731494,88983.7022870779,59.5,67.45350167977168,73.36069126016207,29.053801011829638,116215.20404731855,27649.392560124397,45.0,53.50889334131775,46.16688335356684,24.941242735018022,99764.97094007209,33509.12518799305,65.0,86.48868086955436,10.46598807466812,5.682957732293289,22731.830929173157,7392.113748937845,66.5,80.82828976646898,13.639137274340774,7.876398676633835,31505.59470653534,11435.024067759514,78.0,102.76454857275466,10.091750739557988,5.822361572645605,23289.44629058242,7181.5296076238155,56.0,72.53053065459247,25.24486924068073,11.783866998157464,47135.467992629856,13519.501872360706,66.0,83.79706295156625,48.841281332468355,22.358370636356995,89433.48254542798,30972.349271178246,65.5,93.39636881899382,73.80768435867743,45.19121938850731,180764.87755402923,68949.21539351344,77.0,103.12074510869232,51.34301542394807,26.426325856812763,105705.30342725106,32124.45816025138,57.5,79.03446327285162,15.825898122122517,10.075990127574187,40303.96051029675,10386.376082897186,39.5,58.223690221100014,33.938088017870044,15.756748857861385,63026.99543144554,19353.598169982433,70.0,89.45772506238035
P03,Fatigue,1,LG_0,S_1,Trial_1,16,32000,36000,4000,2000,2.0,1.0,13,90201,97.49558434619392,51.36546149149071,205461.84596596286,77117.74371564388,95.5,102.95085632200455,163.74657743184508,69.29373867856339,277174.95471425354,74264.48119804263,69.0,78.76170763096815,57.05515742160751,19.950452986778693,79801.81194711477,21766.770351678133,58.5,73.55293294438344,49.205405961733454,26.066319258324803,104265.27703329921,35988.829750567675,75.0,98.56699824215329,8.316057098988194,4.586757673812099,18347.030695248395,6155.7712033391,62.0,80.89241679982136,12.251546674737902,6.9973442103364505,27989.376841345802,9988.40257525444,74.0,106.09809309424928,8.2007270689914,4.8166513890028,19266.6055560112,6404.504645615816,61.0,83.27802020794482,24.12046154860298,11.173117481113877,44692.46992445551,12272.477522492409,54.0,62.5195237458869,50.83247049429321,25.050353245506994,100201.41298202798,35956.173948943615,87.5,98.51582107683629,74.04545010576503,42.70814059656114,170832.56238624454,63479.521218687296,80.0,101.5648776223823,54.562255737420855,26.21319860679796,104852.79442719184,28783.800173550844,57.5,69.9144405900577,15.15480900343489,9.922545131808146,39690.18052723259,10528.596676886082,55.0,70.92330929226388,34.03664355193173,15.332561973645351,61330.24789458141,19619.11730468273,54.5,74.04432369128982
P03,Fatigue,1,LG_0,S_1,Trial_1,17,34000,38000,4000,2000,2.0,1.0,13,90201,91.92427771577788,50.430926611251195,201723.7064450048,73751.14420428872,85.0,112.12838354281917,146.6763359135893,66.44245504150167,265769.8201660067,78049.50224235654,83.5,94.10545156331169,24.15330861751897,12.227713972027413,48910.855888109654,17035.341449081898,57.5,76.53176289478215,41.30136827586455,21.179990917863325,84719.9636714533,33210.64505726099,80.0,110.44482772194267,6.842951106250717,3.9448404067778027,15779.361627111211,5455.0448432564735,71.5,87.22847312762335,10.724188192794845,6.121783304424025,24487.1332176961,9074.650518596172,61.0,91.67244400736796,6.750586555751261,4.273929133196361,17095.716532785445,5680.888704955578,50.0,73.50790676722339,17.978755111861506,8.598971310211345,34395.88524084538,10476.103238761425,62.0,70.08779618327839,48.32214907690425,22.014925145357847,88059.70058143139,32100.652996450663,94.0,109.07494299203941,66.91567805868507,36.386954100546426,145547.8164021857,57319.78248804808,85.5,110.3065299609937,50.73013526507733,21.483303153503222,85933.21261401288,25061.343982815742,45.0,63.573940138443845,12.554662178093968,8.18612621317152,32744.504852686077,9359.091706573963,59.0,75.38060538117543,39.91792285797603,16.493753677187488,65975.01470874995,18507.294077426195,53.5,68.79479837239947
P03,Fatigue,1,LG_0,S_1,Trial_1,18,36000,40000,4000,2000,2.0,1.0,13,90201,87.43177251702983,51.38977774147643,205559.1109659057,77219.37345340848,90.0,108.8426098722516,166.68152491624767,79.25777010698803,317031.0804279521,89470.18217295408,71.0,80.22598036322651,25.41607111955976,12.937725032679737,51750.90013071895,17226.08795389533,58.0,76.47377214986643,50.60470280087197,25.333028540492524,101332.1141619701,37325.88645070791,70.5,95.24767804953724,6.103150111183029,3.702460616128519,14809.842464514077,4947.20134884119,73.5,87.98926453250954,8.680994922847708,5.176299689256121,20705.198757024482,7651.223801076412,91.0,110.14781482321052,5.727650114173472,3.7506195306777954,15002.478122711182,5089.421942830086,65.5,84.1077543385678,15.564686975264925,7.284218942222651,29136.875768890604,9262.34507933259,64.5,80.08861614516022,42.33020303533698,17.22518400620902,68900.73602483608,25578.648503869772,92.5,107.55134476617117,67.08829772477016,38.13675854071043,152547.03416284174,62976.255640387535,92.5,115.39222031640307,44.29869989882898,20.12332875675056,80493.31502700225,23916.864953935146,60.5,71.30297264223825,14.14658343164872,8.852304947795346,35409.219791181386,10147.103667259216,58.0,71.64375270062288,40.21294905287626,16.534093968803063,66136.37587521225,18351.644929498434,61.0,72.091395841148
P03,Fatigue,1,LG_0,S_1,Trial_1,19,38000,42000,4000,2000,2.0,1.0,13,90201,114.50425684921323,60.578072319040075,242312.2892761603,89033.75416994095,79.5,99.26250826173504,159.24632688341447,63.74284234326333,254971.3693730533,70068.66848096251,75.0,82.77303592323959,30.696040433340286,13.74020320829004,54960.81283316016,18050.11285468936,63.5,77.04719968761177,59.413918399807834,29.06032278742641,116241.29114970565,38962.644059211016,74.0,94.28040557622779,8.422769962991207,4.98597610759316,19943.90443037264,6453.335750848055,58.5,84.93208195868725,11.566722981968814,6.360768761020154,25443.075044080615,9220.838639885187,70.0,96.87955089260431,6.546949873972974,4.156126457080245,16624.50582832098,5568.88235732913,60.5,85.1003725148481,13.686332768383371,6.629154129000381,26516.616516001523,8398.339711129665,71.0,81.93890401117855,34.11112496875208,13.319517438020558,53278.06975208223,19305.072259157896,92.5,108.26754889473163,63.18307909689151,34.905637955176644,139622.55182070658,57183.05539339781,97.0,120.95461298249606,35.776599136610415,17.25901057173032,69036.04228692129,20776.719693094492,57.5,71.17001882841963,15.068840258410097,9.380555952969008,37522.22381187603,10914.362408220768,63.0,77.12122483029773,43.5996446980063,18.545292612351478,74181.17044940591,21527.803130447865,54.0,70.99324167475966
P03,Fatigue,1,LG_0,S_1,Trial_1,20,40000,44000,4000,2000,2.0,1.0,13,90201,110.2799018518683,53.7530731074512,215012.2924298048,79149.42288771272,81.0,99.46732578465092,155.2203156039784,56.18501340999501,224740.05363998003,63196.911197155714,76.5,81.3287061057849,35.500865994865876,16.162417842494325,64649.671369977295,21178.660728037357,51.0,74.29055520946602,49.81666662929231,23.24948791161878,92997.95164647512,32347.25007787347,86.0,98.50925658927228,8.816690372652472,5.135529493167996,20542.117972671986,6876.030005514622,67.0,84.73814544219586,12.596362885495507,6.768929085752461,27075.716343009844,10014.344099909067,69.0,98.11425480577506,7.3164523642550945,4.566087161772884,18264.348647091538,5991.576611995697,67.5,78.86641970629802,14.566505554450826,7.242785253492184,28971.141013968736,9036.196023225784,70.5,78.06212379246826,42.68514172742353,17.83658126023365,71346.32504093461,25763.291120529175,93.5,104.20830210891948,75.93538425027731,41.53438793048262,166137.5517219305,64048.098400235176,88.5,110.90396610213958,28.265625580551948,14.707458057277837,58829.83222911134,17805.346939712763,70.0,81.24746726485134,12.340534119607835,7.574571478832513,30298.285915330052,9273.637272417545,63.0,82.17725248454173,43.04751866291466,17.96404803171754,71856.19212687016,21398.40070158243,48.5,72.78588056681616
P03,Fatigue,1,LG_0,S_1,Trial_1,21,42000,46000,4000,2000,2.0,1.0,13,90201,65.922707007173,35.19917584396899,140796.70337587595,52019.47120949626,79.0,95.95877816495498,160.1784735444301,61.8743870154256,247497.5480617024,71725.87411478162,73.5,81.70752813786521,34.948146365254445,16.321674769814127,65286.699079256505,22201.061993837357,56.5,75.92950495539628,37.59823567999817,19.029900893522427,76119.6035740897,27876.457199454308,86.5,100.6753313141722,7.206236957464101,4.4105908399447795,17642.36335977912,5756.271723657846,54.5,77.78390414414974,11.138322948848064,6.0970610695774665,24388.244278309867,8945.24808973074,56.5,88.48042845277621,8.33681390834885,5.057338991109281,20229.355964437127,6369.712483137846,59.5,72.50623725517721,17.22674977001389,9.558284848113544,38233.13939245418,11743.575613945723,59.0,73.88802999149082,62.291752032864935,30.70075215169927,122803.00860679708,43637.91719079018,77.5,94.42505081294675,89.6979325147328,53.38448982127011,213537.95928508043,87780.01554310322,82.0,108.25322875425866,35.05155525271079,17.833751955477055,71335.00782190822,21888.84811475873,69.0,78.97190607230239,15.239890569999986,9.224234003969467,36896.93601587787,11128.303688019514,53.5,77.65309756422573,38.26884045330145,15.725443617790006,62901.774471160024,18346.151430159807,48.0,70.56295777376997
P03,Fatigue,1,LG_0,S_1,Trial_1,22,44000,48000,4000,2000,2.0,1.0,13,90201,84.23036686982128,43.35248702033423,173409.94808133692,60677.531361579895,87.5,102.60880971819624,158.116410598766,59.83174224643735,239326.9689857494,68502.41078063846,77.5,87.5349628000614,41.03855774725893,17.208917411323636,68835.66964529455,21880.60786575079,51.0,67.14471149123293,43.72646358910618,21.459211145108565,85836.84458043426,29183.299653232098,77.0,98.01141256000685,8.120701952905192,5.16913971400354,20676.558856014162,6702.069193124771,80.0,92.42865768661925,12.873906887781754,7.392435576440766,29569.742305763066,10764.817148447037,71.0,94.9230437540404,8.826637201897661,5.60372167234309,22414.88668937236,6915.400084108114,61.0,81.27821142253273,17.17268239031069,10.018852736894042,40075.410947576165,12399.743590503931,76.5,82.45075249209735,60.1671423954891,29.6518844650127,118607.5378600508,41163.70612755418,85.0,102.20017604052336,81.79513400303819,46.546765605150725,186187.0624206029,77697.91828468442,104.5,128.1496715853465,46.82407627324212,21.166604595200624,84666.4183808025,23352.86568850279,38.5,53.045718267842055,16.789770290366985,10.697662857663818,42790.65143065527,11757.919751107693,63.5,81.85314043052242,36.87428658210366,15.412733072962146,61650.932291848585,18416.651338338852,40.0,67.13333138537072
P03,Fatigue,1,LG_0,S_1,Trial_1,23,46000,50000,4000,2000,2.0,1.0,13,90201,90.51256027488783,45.44595600478351,181783.82401913404,61757.614370435476,82.5,93.59268000798475,162.58347274251045,65.1305968702305,260522.38748092204,73141.36577770114,65.0,73.54854031892388,38.05638001220645,16.058158816758077,64232.63526703231,19656.045828014612,46.0,59.1085506869524,48.887730684378745,24.63996359007433,98559.85436029732,33160.593174397945,70.5,97.4976004864762,8.160284283231551,5.018599367863499,20074.397471453995,6788.439210504293,71.5,82.54699878810261,12.619727867043455,7.464490602724254,29857.962410897017,10587.49919757247,71.0,89.87274992251581,8.35334210014031,5.398611345328391,21594.445381313562,6526.277214288712,40.5,65.8488392227345,16.03518088062442,8.44081121344352,33763.244853774086,10801.745671778917,74.0,84.49221289952925,54.24639058132846,24.312049556931015,97248.19822772406,35092.47377514839,83.0,101.42440928111948,73.13177010423969,38.988411394157445,155953.6455766298,60679.362528026104,123.5,126.88906377180177,48.98765542213494,22.39844743075082,89593.78972300328,25072.9413703084,58.5,78.61536878218854,14.81157484701171,9.768580389965791,39074.321559863165,10490.752570331097,53.0,70.3345098609731,38.21387850916516,15.274606242310256,61098.42496924102,18935.78702583909,62.0,83.42082885496052
P03,Fatigue,1,LG_0,S_1,Trial_1,24,48000,52000,4000,2000,2.0,1.0,13,90201,90.21104481891318,48.49203100259183,193968.12401036732,71390.46546071768,86.0,105.69149610660668,168.95535142814813,65.18330733972834,260733.22935891338,75759.93379577994,75.5,82.56099941750547,47.4002048946204,19.27167681888677,77086.70727554709,21752.12102010846,38.5,65.33780416900935,60.91275828795511,27.94163146521896,111766.52586087584,38216.44373238087,86.5,100.16335072216093,14.917262619123903,6.922655852255412,27690.623409021646,8318.073581904173,72.5,74.91557657890343,14.362891523156371,8.293621215212625,33174.4848608505,12183.665949851274,77.0,100.75623031530986,8.210153559465274,5.364029385498725,21456.1175419949,6730.147078633308,56.5,78.62986893931262,16.554537962541705,9.018826570198872,36075.306280795485,11052.310280501842,55.5,75.79605446113015,56.626067308226,22.757363264425656,91029.45305770263,33235.36580428481,98.0,105.85827014739394,69.95871121937358,37.866832398762924,151467.3295950517,57249.892968684435,81.0,104.33444622681495,36.260075493107564,18.596438311971724,74385.7532478869,24774.76643398404,74.0,91.38693570300244,13.860295273578398,8.903521757712587,35614.08703085035,10133.064724504948,69.5,83.79843643521309,43.33417253000879,16.893981770367827,67575.92708147131,20112.921856343746,59.5,72.09519061763164
P03,Fatigue,1,LG_0,S_1,Trial_1,25,50000,54000,4000,2000,2.0,1.0,13,90201,80.79453544768037,45.64261122592725,182570.444903709,68242.38514527678,83.5,100.87202798521938,197.88100306505123,73.82593499324284,295303.7399729714,71668.49756613374,73.0,75.13131590287385,46.39617578907442,19.58001396600157,78320.05586400628,22845.93777731061,40.5,59.6298208490401,61.44034519249373,28.959422998386437,115837.69199354574,38878.715597093105,58.0,83.4331781570137,14.83910208696763,6.965440598479472,27861.76239391789,8119.392022490501,72.0,74.75184420811192,14.181944010597038,8.05864307563752,32234.572302550077,11944.393534213305,78.0,101.31408495245945,8.382024668307798,5.354880114947446,21419.520459789783,7243.78926679492,55.5,78.4395103731546,17.289759203995086,9.653687246586196,38614.748986344784,11477.751284837723,63.0,73.47758163416053,59.17041117658082,26.73815606837161,106952.62427348644,38767.31963828206,99.0,109.17862195720295,66.52450035206326,38.74789309864864,154991.57239459455,58271.07345685363,79.5,114.068571154644,44.24825587238552,21.03611071483465,84144.4428593386,25791.979394853115,54.0,68.1796806088718,12.699641458657016,8.410099957988132,33640.39983195253,9969.78571638465,73.5,86.16521529655505,43.84407398403085,17.20153872612864,68806.15490451455,21015.992108732462,74.5,83.25512606904391
P03,Fatigue,1,LG_0,S_1,Trial_1,26,52000,56000,4000,2000,2.0,1.0,13,90201,50.048975185358096,30.20892442051554,120835.69768206216,45594.823732972145,87.5,104.73158364451089,211.88417827098556,85.60985746048391,342439.42984193563,88828.05313915014,48.0,60.12219149025672,36.563995241917965,17.591489664674736,70365.95865869895,21923.9454716444,49.5,78.57202349849263,41.529460348208204,22.04727357806405,88189.0943122562,30324.72673803568,70.5,93.58121840829764,7.325292163216623,4.612836612248794,18451.346448995173,5791.979469358921,56.0,73.26017797495349,10.460129123947254,6.302636856213212,25210.547424852848,8987.059723585844,64.0,87.86500752084316,8.748559618851468,5.37521975809941,21500.879032397643,7342.977449297905,60.5,81.27842534595159,16.00742068566451,9.144461297802627,36577.84519121051,11428.920179605484,66.5,79.60396111109429,69.22866604869435,35.22586704053683,140903.46816214733,53044.924419373274,95.0,104.22994921826252,78.11831364298703,47.776446748711166,191105.78699484468,74112.49438300729,108.5,138.26543195774715,54.060302864150685,26.01310868964065,104052.4347585626,28991.63756519556,50.0,69.74684442449421,15.350432227471332,10.099450612440705,40397.80244976282,11736.250948160887,80.0,87.07616404470579,46.57391215551911,16.86243088694755,67449.7235477902,19934.993516653776,65.0,82.85715024144804
P03,Fatigue,1,LG_0,S_1,Trial_1,27,54000,58000,4000,2000,2.0,1.0,13,90201,46.73875631188365,26.790219945367426,107160.8797814697,43827.4429179728,92.5,109.64039618812842,207.66079723037282,83.33131069029915,333325.24276119657,95060.12294441462,79.5,86.27818353687634,44.16674346543658,19.72248836728977,78889.95346915908,22852.34685987234,49.5,65.13645626726748,32.31359362904221,17.30118485284038,69204.73941136152,25090.032257139683,82.0,105.24212171949087,6.801527751819192,4.232015945902094,16928.063783608377,5457.791592925787,60.0,77.06020214019868,9.62392769068528,5.921432636794634,23685.730547178537,8550.326526165009,65.5,90.02451030739654,8.183583997052034,5.055936546507292,20223.746186029166,6894.03647556901,67.5,85.5370543699436,15.194271172155352,8.484346547164023,33937.38618865609,11162.790656089783,71.5,82.96750297916378,70.55495820733965,34.32799585118191,137311.98340472765,52807.788364589214,100.0,107.67671490467303,81.68199999608582,47.0630457411753,188252.1829647012,74081.36455342174,93.0,114.82509295387823,50.278491379451246,25.59488400707487,102379.53602829948,29909.051954746246,55.5,73.73509775662963,17.327939641011568,10.528406235575677,42113.624942302704,12353.048846125603,69.0,82.88363679041306,39.933825636809964,14.198661669623107,56794.64667849243,16666.971798986197,57.5,69.98678717734965
P03,Fatigue,1,LG_0,S_1,Trial_1,28,56000,60000,4000,2000,2.0,1.0,13,90201,74.76126585691165,40.4517909208429,161807.16368337162,63550.936710089445,87.5,107.40552841818878,159.14450554712943,53.24986852988368,212999.47411953472,57837.39220350981,66.5,79.61988830631937,33.80090940948931,13.689268932095729,54757.075728382915,16768.601536750793,46.0,54.86928698151134,29.29495724679085,15.203122845152393,60812.49138060957,22615.821193903685,76.0,111.38111031874494,6.640028455270536,4.022709310229402,16090.837240917608,5320.759303867817,61.5,81.20526166965122,10.000326968083096,5.836551205138676,23346.204820554703,8546.35899886489,76.5,94.46036435593085,7.373158313564735,4.716044357698411,18864.177430793643,6041.933689266443,57.0,80.33022296608968,20.76109476636314,9.985300846339669,39941.203385358676,11794.23788562417,58.0,75.18887988218908,61.795211886059654,29.491164512000978,117964.65804800391,43121.22305855155,91.0,102.03391107019638,77.34605910386689,42.17680201586336,168707.20806345344,66526.2769907713,106.0,125.12139831352845,41.420068906555215,20.82237658574013,83289.50634296052,25210.27885377407,58.5,77.73407051960616,16.90707789885108,10.08436920188833,40337.47680755332,12178.47764492035,83.0,88.77888897399957,28.295028165304593,10.828319711843506,43313.27884737402,12873.405311256647,45.5,70.21836870159086
P03,Fatigue,1,LG_0,S_1,Trial_1,29,58000,62000,4000,2000,2.0,1.0,13,90201,80.2408488215532,47.014442196523305,188057.76878609322,70733.99228975177,90.0,107.90034763415349,150.18082556986062,43.270433977851646,173081.73591140658,48889.397364109755,81.5,81.97352834189405,26.648462536051714,11.950095710228197,47800.38284091279,15021.058358252048,54.5,65.75205288374504,36.02218667404221,17.094139440683648,68376.55776273459,23041.262198239565,43.5,78.39402901996898,10.242163691445066,5.342456718790345,21369.82687516138,6416.102033108473,48.0,60.89724151631672,10.213035741282871,6.264975141466129,25059.90056586452,9193.981532007456,61.5,92.44600910307891,7.482852794240541,5.011534804012626,20046.139216050506,6284.868437796831,48.0,71.17479884731074,22.081604617392493,11.18070518632885,44722.8207453154,13163.645192980766,57.0,72.37452336722166,60.32868735866731,30.652844145102428,122611.3765804097,42764.450795948505,82.0,99.1125319704352,69.39363518433635,38.40469164872775,153618.766594911,59493.0718652904,90.5,116.26640443495022,36.1031894115632,18.556036905176008,74224.14762070403,23455.10581508279,57.5,80.76922585298874,17.20002710243261,10.661476414534263,42645.90565813705,12032.899912446737,59.5,72.34869259020543,34.28775313670118,12.272626762557774,49090.5070502311,15202.038642019033,72.5,92.60027364348954
P03,Fatigue,1,LG_0,S_1,Trial_1,30,60000,64000,4000,2000,2.0,1.0,13,90201,71.01792964983714,41.26406011454528,165056.24045818113,57353.964261710644,73.5,97.1537972788783,193.79689484624822,64.78260970495175,259130.43881980702,73329.97592166066,81.0,86.81278830125956,27.831673331120474,13.569442054070532,54277.76821628213,18141.671176999807,70.0,83.6673575710725,43.762555124731946,21.0265742670279,84106.2970681116,29153.695795685053,91.0,113.00679132140088,9.902212662796522,5.233653004979715,20934.61201991886,6249.465886503458,56.0,72.79732623225468,10.212936867818186,6.2562593995709905,25025.03759828396,9014.222025871277,70.5,102.31922280732297,7.422985313787459,4.864475047495216,19457.900189980865,6230.849027633667,63.5,88.03844202964554,20.14601421000026,9.853862312983257,39415.44925193302,12375.633232295513,70.5,83.42763279545842,58.50904511422186,29.188955134502613,116755.82053801045,42183.665838092566,99.5,106.84109894145395,65.28491934163156,35.24103291364154,140964.13165456615,52650.613244622946,84.5,112.11706589552743,36.983661723554874,19.00262032840401,76010.48131361604,25163.889303803444,73.0,85.63551246894342,17.17077399177747,10.629196383524686,42516.785534098744,11449.063010513783,71.5,76.86521160365996,37.64294498571062,14.501954258373008,58007.81703349203,18401.391617953777,50.5,69.30900742812535
P03,Fatigue,1,LG_0,S_1,Trial_1,31,62000,66000,4000,2000,2.0,1.0,13,90201,67.61297854931958,38.011264278832826,152045.0571153313,52813.892252743244,71.0,89.64331958837695,180.7024290680957,59.34106189362937,237364.2475745175,69049.62435364723,84.0,84.00348130379146,29.92821713744235,12.886600429622922,51546.40171849169,17655.19129112363,52.0,69.6873880397854,40.714805704559446,19.13506524031982,76540.26096127927,29059.08552929759,63.5,94.16605662885823,7.20943643493771,4.302850118256174,17211.400473024696,5430.324096232653,66.0,78.36780495799812,11.107337668471311,6.0805669141118415,24322.267656447366,8727.644477039576,82.5,97.02133159635527,7.189405396716036,4.573206965811551,18292.827863246202,5798.388551920652,51.5,71.54100604709535,19.796100281687824,8.960752423433586,35843.00969373435,10929.316934198141,71.0,76.3527943611563,53.89173498138028,25.065546509809792,100262.18603923917,37556.00303411484,108.0,113.12524203271893,62.4375151463211,34.437882432900366,137751.52973160148,52461.08751744032,97.0,118.31717631141589,38.5809743893831,18.688361036404967,74753.44414561987,24022.15702459216,65.5,79.45566612316516,15.874890908755424,9.809231331339106,39236.925325356424,10672.953631728888,68.5,74.690183361489,36.12968038070576,14.72575129562756,58903.00518251024,17945.73636725545,46.5,76.66033686033207
P03,Fatigue,1,LG_0,S_1,Trial_1,32,64000,68000,4000,2000,2.0,1.0,13,90201,91.93912062862049,41.73275590264238,166931.02361056954,58642.800245434046,78.0,94.76369921179607,187.28791130962628,58.30742600203958,233229.7040081583,68188.36573511362,83.5,84.29724748476157,34.467750876307896,13.817034527054057,55268.138108216226,17217.237316071987,41.5,62.76080440852444,36.32285477698356,17.437436607200652,69749.74642880261,26283.95278006792,86.0,112.916089286305,8.549976496168245,4.874412864097394,19497.651456389576,6173.167284578085,66.5,75.58676071596041,11.540651180875782,6.347251624404453,25389.00649761781,9613.318648189306,67.5,93.9307262791792,7.346569923882678,4.707520277891308,18830.081111565232,5987.609084695578,53.5,74.5460082803899,17.789102651369006,8.53543876146432,34141.75504585728,10697.97957316041,60.5,76.91999682498292,54.46700615147406,22.72130229434697,90885.20917738788,34253.18915396929,118.5,111.86752694995658,64.50956575248681,38.72383798062801,154895.35192251205,60096.746403723955,87.0,111.56218653427706,50.166598532347585,22.709710133308544,90838.84053323418,26174.082793295383,59.0,74.17492353989536,14.100105161176755,9.021821366623044,36087.285466492176,10004.272684454918,61.0,72.88660018033968,34.769744772747416,14.45949732909212,57837.989316368476,18471.891526132822,76.5,87.01480262165062
P03,Fatigue,1,LG_0,S_1,Trial_1,33,66000,70000,4000,2000,2.0,1.0,13,90201,103.32567072364712,50.27682090774179,201107.28363096714,72380.82131370902,83.0,100.25256205742647,195.33280138260054,62.26862151008099,249074.48604032397,67567.60030984879,59.0,69.8702917409283,60.81472110429575,20.51949768800987,82077.99075203948,20726.057421416044,48.0,53.74550345490112,41.4893656843128,18.515449634986,74061.798539944,26375.51110237837,61.0,86.52193809385882,7.769772768779481,4.644992619880941,18579.970479523763,6052.920687943697,70.0,83.32282286125806,13.29299806514972,7.135378872277215,28541.51548910886,9750.96132606268,67.5,103.93426940791045,9.719500571291979,5.645882296003402,22583.529184013605,6687.114667147398,42.5,65.66368571219877,19.67791132407257,10.052000206708907,40208.00082683563,12240.12691527605,57.0,75.84540102934568,51.74964996580233,21.101060052320825,84404.2402092833,30737.9599660635,115.5,116.47072961760125,82.07357168215856,42.34930712722708,169397.2285089083,64256.240986287594,91.5,107.03000134929995,49.90773652985751,21.584276532544756,86337.10613017902,24826.649483293295,55.5,63.89869334934266,13.123184234842672,8.610826739575714,34443.306958302855,9545.565489679575,49.0,67.08548812636293,38.32656342948335,15.35853012651205,61434.1205060482,19954.52595874667,65.0,81.119278697241
P03,Fatigue,1,LG_0,S_1,Trial_1,34,68000,72000,4000,2000,2.0,1.0,13,90201,78.114543986094,43.627830286719835,174511.32114687935,63335.46945825219,87.0,101.03811211545097,202.30259938616354,62.760643955296835,251042.57582118735,63457.85241574049,51.5,64.59551345075258,57.65807125687583,18.848061945289373,75392.2477811575,21644.692588597536,50.0,78.82477395606692,43.92611888911915,19.075387831032277,76301.5513241291,26191.47887453437,63.0,87.17657873119323,6.912518029839456,4.501187609124463,18004.750436497852,5639.382265508175,57.0,78.55235663542148,12.623330712077266,6.926360569021199,27705.442276084796,9164.682868868113,50.0,78.41670803135682,10.437228262696298,6.042554759886116,24170.219039544463,7067.081704735756,57.0,70.9929233877497,19.744241218593288,10.517422059946693,42069.688239786774,12447.659112513065,77.5,78.45772522567557,59.041906009274,26.42284915841883,105691.39663367532,37762.31445372105,85.5,100.11965268743486,97.6990569865485,54.574077079549895,218296.3083181996,92313.06808069348,99.5,126.3543063261432,53.90183484893836,25.546013073972425,102184.0522958897,29371.90979719162,43.0,59.89312828439771,18.7733059816762,10.5133564889431,42053.4259557724,11826.89368724823,75.5,83.97174488728162,46.16067843814104,18.390801982395352,73563.2079295814,22028.321959078312,69.5,79.91931333850869
P03,Fatigue,1,LG_0,S_1,Trial_1,35,70000,74000,4000,2000,2.0,1.0,13,90201,60.503870773385216,31.307526778627654,125230.10711451061,43368.43052878976,72.5,94.19004463488562,217.97199166129292,74.12562453311402,296502.4981324561,78428.24850231409,62.0,77.34815939836452,19.34383523753883,10.9689709580387,43875.883832154796,19648.415967822075,91.0,113.17167800327293,43.25560348753011,20.716221387148835,82864.88554859534,28734.663873910904,67.0,95.8147850219212,7.0623902444513025,4.476149726961739,17904.598907846957,5532.259028404951,56.5,80.39011633314857,10.024465450741134,6.009193158044946,24036.77263217978,8608.618658035994,67.0,93.7861313353114,9.42155143272974,5.818402628938202,23273.610515752807,6950.192246586084,48.5,73.97915479742724,23.507458260595655,11.267987887584605,45071.95155033842,12971.067521721125,44.5,68.6857190065168,69.35777797099318,31.46073791917879,125842.95167671517,46958.43234658241,96.0,101.21546455192441,98.45543478879259,61.08598307067295,244343.93228269182,100523.71323108673,84.0,117.18578163729366,69.52677016560293,32.39026974749286,129561.07898997143,33876.57925486565,47.0,59.88709968030822,20.300470466387168,11.879788112675305,47519.15245070122,13308.917731046677,58.5,71.41820177975,47.55765126619398,18.827420312270988,75309.68124908395,22650.00296756625,72.0,80.2620408370411
P03,Fatigue,1,LG_0,S_1,Trial_1,36,72000,76000,4000,2000,2.0,1.0,13,90201,54.77023496918678,29.933448470861187,119733.79388344474,42020.081635564566,66.5,85.22966588111885,216.25971181391117,83.68200321325567,334728.01285302266,91701.4584876597,70.5,76.60200626923273,30.074554259185962,15.288818840682506,61155.275362730026,20787.706691771746,45.0,63.092161496728295,49.74550030902729,25.424610477220266,101698.44190888107,33761.21576875448,79.5,92.51074643673282,5.899092119621957,3.731898905709386,14927.595622837543,4787.279479205608,59.0,71.28940928258744,9.025682361404733,5.280119044298772,21120.476177195087,7315.509952604771,78.0,87.43495352142484,8.257971302474369,5.143053756095469,20572.215024381876,6438.991613686085,59.5,75.9552567837871,23.91597965224515,11.381548857374582,45526.19542949833,13265.274930745363,67.5,74.19135143072299,65.06516863524433,33.01550356223015,132062.0142489206,51382.530480623245,100.0,110.80130133713223,93.7577294140192,53.12118830543477,212484.75322173908,79128.05927917361,81.0,109.07750638282853,64.04524288776197,26.419040370360015,105676.16148144007,28234.75543409586,45.0,59.28330653294668,16.14052651018118,10.385593831480946,41542.375325923786,11761.887278407812,58.5,71.2345209625963,42.128736056901644,17.18510587658966,68740.42350635864,21740.523632615805,65.5,88.7971402318572
P03,Fatigue,1,LG_0,S_1,Trial_1,37,74000,78000,4000,2000,2.0,1.0,13,90201,64.61073482000917,38.032106310129166,152128.42524051666,53850.63765570521,80.5,103.039425581446,171.60507825663868,67.06401618488599,268256.06473954394,72427.21086367965,85.5,80.90721521751276,36.735066056881436,18.02342665567994,72093.70662271976,21451.809722930193,59.0,73.6090693020177,53.38807899668527,26.97386247810209,107895.44991240837,35057.37641826272,69.0,87.71408810988062,5.977420033119152,3.8049111742526294,15219.644697010517,5023.805145174265,65.0,83.38323623955272,8.925011546706836,5.439505068853032,21758.020275412127,7819.996308535337,85.0,107.21716771094827,7.769646639939822,4.940395513549447,19761.58205419779,6245.193164795637,51.0,73.89718030261301,21.567499754992436,10.251065815135371,41004.263260541484,12012.451887130737,63.0,74.6574194186548,53.498126559319495,28.90327474278165,115613.0989711266,45832.57017657161,104.0,113.9490865217345,79.6864649026867,43.8978380681714,175591.35227268562,68348.8979935646,83.5,116.9470003647479,43.17392603187005,19.736663541197778,78946.6541647911,25487.395375967026,52.5,67.43204697005204,14.30045742705344,9.42515340137761,37700.61360551044,10704.999044537544,66.0,77.73606437489904,46.495447933476214,19.967902934830636,79871.61173932254,22472.990211099386,59.0,67.52752139647825
P03,Fatigue,1,LG_0,S_1,Trial_1,38,76000,80000,4000,2000,2.0,1.0,13,90201,64.5495132658066,36.97103401352651,147884.13605410606,52682.3534630239,91.5,101.22848470120383,152.27233830129273,59.42651506885886,237706.06027543545,66552.21851542592,76.5,81.97794225493855,40.54729907455318,19.502395169367084,78009.58067746833,23260.391782969236,53.5,66.84667268359628,48.013688441247695,23.941053365613335,95764.21346245334,32748.58072400093,59.5,87.61563880205185,7.730107896428849,4.552507155109197,18210.028620436788,5880.791042000055,66.5,84.5283464152003,10.747891909075866,6.37056702747941,25482.26810991764,9326.130710542202,94.5,108.58488707517083,8.977532710967822,5.432846833206713,21731.387332826853,6508.2707442343235,57.5,73.92342065246145,19.631001013129175,9.206007526896428,36824.03010758571,10642.73938536644,60.5,70.01548431255621,48.56211897355397,23.39927126117982,93597.08504471928,35842.94682368636,91.0,105.75386785391431,68.87445381247629,40.66315586389974,162652.62345559895,64485.441986471415,93.0,119.25139242950944,69.49548353302151,25.751830383832566,103007.32153533027,28929.683100432158,70.0,91.16821987847158,13.865647584386815,9.363991640938911,37455.966563755646,10472.440905869007,55.0,73.34245480845787,44.54025232239598,19.36777490801178,77471.09963204712,21460.049971938133,56.5,71.40024679396392
P03,Fatigue,1,LG_0,S_1,Trial_1,39,78000,82000,4000,2000,2.0,1.0,13,90201,116.29197867351944,63.953880995349024,255815.5239813961,97315.20442292094,96.0,113.80314797749074,195.53818918671374,73.74551908986177,294982.0763594471,82446.13287970424,72.5,83.91627348241585,54.2848404899425,26.84325540876016,107373.02163504064,29069.767333567142,51.5,64.75340765937898,55.83640741223312,27.74163039778359,110966.52159113437,38340.963050723076,74.5,95.65755930767422,8.601509668189664,5.2715574255795214,21086.229702318087,6404.199451208115,64.5,81.36382473412704,11.581062226600693,6.909443299658596,27637.773198634386,9814.746957272291,68.0,91.9440827170954,8.759343419769511,5.319402943621389,21277.61177448556,6384.972203522921,59.0,76.6168742589059,16.72369780791395,8.646295518055558,34585.18207222223,9900.811780244112,62.0,75.01134342025122,49.16323213169351,22.121916958119254,88487.66783247702,31609.900388866663,93.5,103.01577731404312,68.25149988263645,42.0188822215423,168075.5288861692,66364.5239546895,91.5,110.86908258616913,91.0249842687598,35.52594650441315,142103.7860176526,33710.553497076035,41.0,50.947714130989986,13.976271110354437,9.509987566049677,38039.950264198706,10818.5313642025,69.0,78.6841134680978,36.214316303805994,17.242908743675798,68971.63497470319,20164.804905653,54.0,74.11802745345263
P03,Fatigue,1,LG_0,S_1,Trial_1,40,80000,84000,4000,2000,2.0,1.0,13,90201,142.2867964314289,82.14026124561205,328561.0449824482,126394.43278312683,97.0,107.86943654034911,184.86220902881468,68.10451105374378,272418.0442149751,74683.81831422448,69.5,78.88984121608011,49.94498849930992,24.23869215166196,96954.76860664785,26850.39360076189,48.0,62.848798046150186,60.08828496558773,30.404301792674232,121617.20717069693,39647.19511568546,87.5,97.09480969955943,8.889009066963979,5.597573492850643,22390.29397140257,6921.503972262144,60.0,74.8868707966153,13.65515415708356,8.048344481096137,32193.37792438455,11201.855540275574,71.5,95.18226541800585,9.318320202606365,5.762845229706727,23051.380918826908,6798.815820366144,54.0,70.80928622495446,18.26830488343325,9.18214483394986,36728.57933579944,10740.096401423216,57.5,76.7385961185135,50.504298750558085,21.43277230616659,85731.08922466636,30703.16780358553,103.5,114.35415115050729,58.15859939083885,36.50987374240067,146039.49496960267,57040.52960500121,85.5,112.18340692475313,71.01295347437646,28.5699461030541,114279.7844122164,30121.162068098783,54.0,68.63770752618682,15.698411634700808,10.19253406750504,40770.13627002016,11186.9010142982,66.5,77.19742883209057,37.962728942757316,17.830187857034616,71320.75142813846,20019.227173179388,52.5,71.73247997969594
P03,Fatigue,1,LG_0,S_1,Trial_1,41,82000,86000,4000,2000,2.0,1.0,13,90201,98.74934515611741,50.80844026729464,203233.76106917858,77442.16537103057,78.5,100.97144577114122,143.03109497009777,56.22206076839939,224888.24307359755,65903.07001024485,84.0,84.42843757202543,27.070650978450033,14.538208759855479,58152.835039421916,22031.98429197073,63.0,84.51512457565951,50.80526314894854,26.890877638943493,107563.51055577397,36655.679531395435,77.5,95.09473117822698,8.52495439062046,5.415074142068624,21660.296568274498,6940.731219947338,67.5,83.0346567541066,12.739313140863509,7.5152299359906465,30060.919743962586,10907.342936843634,81.5,105.68373619143908,9.804773770491737,6.0369642087258395,24147.85683490336,7180.919218808413,57.0,77.26776315529047,17.63486316134029,8.795043991529383,35180.17596611753,11128.303688019514,73.0,87.97538873388184,60.3542857200087,26.7206678947201,106882.6715788804,38860.403932631016,97.5,109.14962251725025,79.56792026821971,46.22654430224793,184906.17720899172,72042.97110438347,91.0,109.65960908543663,52.96659345158524,25.63988942410797,102559.55769643188,30709.882080554962,58.5,71.8883747013672,17.32608594001134,10.65789076173678,42631.56304694712,12144.295871257782,62.0,73.61706543842227,36.907457178091136,16.72939824690111,66917.59298760444,19392.05266535282,55.5,75.58082281064644
P03,Fatigue,1,LG_0,S_1,Trial_1,42,84000,88000,4000,2000,2.0,1.0,13,90201,56.67689992011746,34.030340775381774,136121.3631015271,50630.53146004677,77.0,98.0668936805337,157.08507871433218,65.11344051919878,260453.7620767951,76377.34208256006,83.5,85.21275419117114,33.56167697739812,15.956873910524882,63827.49564209953,22776.963841170073,58.5,92.76594913944572,43.54257612361465,22.73588467389345,90943.5386955738,33674.84575137496,67.5,100.1574327697722,7.658518237653679,4.885779639065731,19543.118556262925,6373.985204845667,66.5,81.8979054542422,10.672342424430996,6.4589389294269495,25835.755717707798,9298.96840825677,64.0,89.93085033675705,8.948135235637345,5.743809720408171,22975.238881632686,7093.023229390383,69.5,83.0355434853489,16.27382223771866,8.334551333170385,33338.20533268154,11297.07619547844,84.0,91.14599460518224,64.63864794703662,33.06337677666452,132253.50710665807,47816.94421544671,82.0,97.30070626687512,81.64577775458397,46.734678303590044,186938.71321436018,72443.69136169553,90.5,111.1459157161972,48.00821753845109,24.50612340562511,98024.49362250045,30241.40866473317,67.0,81.52539141978052,16.629327915542767,10.156371048046276,40625.484192185104,11976.13375261426,66.5,82.9986771853875,39.80964653305889,16.85605316311121,67424.21265244484,19939.5714327693,61.0,82.80670992032029
P03,Fatigue,1,LG_0,S_1,Trial_1,43,86000,90000,4000,2000,2.0,1.0,13,90201,79.84121407327508,42.725981460500044,170903.92584200017,64614.84441533685,76.5,105.79814522961965,169.32919790119237,63.82094449154101,255283.77796616405,72567.29509681463,73.5,82.16249795826667,38.75340731899447,17.36775431483984,69471.01725935936,21141.427010297775,29.0,49.07154340947107,42.5438034010402,20.64081227432471,82563.24909729883,30741.92749336362,78.0,108.33907367389682,8.295465036767569,4.8663884638343005,19465.553855337203,6609.595287591219,61.5,85.84063990555276,13.178855492868939,7.232020360045135,28928.08144018054,10115.668643265963,66.0,86.67264021988883,8.862495882615635,5.600492295867298,22401.96918346919,6955.685745924711,63.5,80.4291726500534,18.97505601271883,8.844933205773122,35379.73282309249,11090.154387056828,59.0,71.62552953492474,60.31291326167109,27.64985435741255,110599.4174296502,39242.812525480986,105.5,107.8542507259273,69.14772963894433,40.21859954192769,160874.39816771075,60330.2201256156,99.5,112.21910558630714,43.817212301464814,20.959870214294643,83839.48085717857,28141.0607509315,61.0,74.32528882242944,15.430289331524632,9.797666752245277,39190.66700898111,10722.70032018423,62.5,76.49143902319376,45.651846230893426,17.364680091571064,69458.72036628425,19899.2857709527,63.5,72.68331729819339
P03,Fatigue,1,LG_0,S_1,Trial_2,0,0,4000,4000,2000,2.0,1.0,13,90241,27.154271882602952,11.039045768557116,44156.183074228466,16904.107853770256,84.5,100.47550443423495,12.644244126062622,6.294615965685807,25178.46386274323,8507.294114679098,76.5,92.95004481115564,3.6217884494859964,2.6439292918657884,10575.717167463154,4678.935464471579,69.5,112.34804828168883,11.428606696607904,7.513939726632088,30055.758906528354,13858.572859317064,88.5,130.55161089986288,8.315249729222174,5.655611245182809,22622.444980731234,8553.378470242023,75.0,102.0608882552656,14.33177897276439,8.657156280695926,34628.625122783706,14887.383207678795,80.5,115.08243894951586,6.06065864390235,4.2578823927324265,17031.529570929706,5969.60261464119,54.0,80.10977162081763,7.259070830970119,5.400850327801891,21603.401311207563,8177.684154361486,73.5,102.3490780109983,3.6671919873124117,2.7729243243462407,11091.697297384962,3829.5794278383255,37.0,71.99748153335852,11.260762800285525,5.983399652678054,23933.598610712215,9750.045742839575,79.0,104.16134637622302,7.3438696665720675,5.104689865314867,20418.75946125947,8580.540772527456,91.0,118.78417204482588,8.814291996823787,5.578567358513828,22314.269434055313,8032.106421887875,78.0,98.9988133437814,4.860491643026391,3.542332282476127,14169.329129904509,5039.0648655593395,54.0,84.83749044214838
P03,Fatigue,1,LG_0,S_1,Trial_2,1,2000,6000,4000,2000,2.0,1.0,13,90241,2.6113317728151055,2.0237135980278254,8094.854392111301,3072.392102330923,32.5,77.62661152379972,19.53261890874042,11.616533253435046,46466.13301374018,15168.162062764168,76.0,83.4648724641924,3.6795760244346343,2.7226193208713085,10890.477283485234,5018.922034651041,62.0,113.45851156374522,13.037358475363662,9.116897054482251,36467.588217929006,17692.730203270912,95.5,132.28807640535842,3.4464344393600266,2.4476408381015062,9790.563352406025,3325.7034607231617,32.5,61.771337063089376,4.777587537711785,3.2724632500321604,13089.853000128642,4786.974284797907,33.0,74.1294381728146,2.9608953923802543,2.1217534865718335,8487.013946287334,3311.05412915349,37.5,84.82302427865802,7.828520522626679,5.4088179237558505,21635.271695023403,7499.847374856472,66.5,85.80692138214128,2.9716697347276404,2.2450048365979454,8980.019346391782,3247.5736923515797,45.0,78.57537251345468,5.245680110122367,4.042459851875901,16169.839407503605,7222.120463848114,90.5,116.77759111342023,8.418095211714054,6.183933665847872,24735.734663391486,10978.758428245783,71.0,100.93087038867509,2.823681246683861,2.125940753845498,8503.763015381992,2814.1976334154606,29.5,62.11430051761602,2.765232772935133,2.187745825946331,8750.983303785324,2641.7627930641174,29.5,57.31795117483321
P03,Fatigue,1,LG_0,S_1,Trial_2,2,4000,8000,4000,2000,2.0,1.0,13,90241,2.767538285665751,2.1206989635946227,8482.795854378492,3243.300970643759,38.5,77.8975206361693,30.404215495288287,17.8269257484586,71307.70299383439,22266.068402677774,67.0,81.48750736330916,3.562260973469548,2.696405333909206,10785.621335636824,4966.733790934086,71.0,109.44091089570777,13.577187988002759,9.614420018508099,38457.680074032396,17882.56112486124,89.5,121.60846036634098,2.522355618374079,1.9369987109676003,7747.994843870401,2573.7044401466846,26.5,55.86380661531556,3.5018450769223035,2.6848366346908734,10739.346538763493,3705.365303903818,32.0,67.88964742410369,2.278487241551965,1.7475617953576148,6990.247181430459,2993.9571395516396,41.0,86.99002383832519,8.579086669073787,5.9977107143960895,23990.842857584357,8395.592961460352,68.0,90.89169538976073,3.060248528945038,2.3013280448969455,9205.312179587781,3345.5410972237587,40.5,73.07761523777557,5.339322362575695,4.127098730276339,16508.394921105355,7600.866723805666,82.0,115.01353414666663,12.446449932284928,8.312744506052695,33250.97802421078,12908.80786255002,75.0,104.00036402812371,2.627332171577761,2.0511077336152086,8204.430934460834,2714.3990620970726,31.0,60.38561377040087,2.7514799234519716,2.123869704594836,8495.478818379343,2637.4900713562965,24.0,49.73486479025667
P03,Fatigue,1,LG_0,S_1,Trial_2,3,6000,10000,4000,2000,2.0,1.0,13,90241,2.6448523315000934,2.022078366391361,8088.313465565443,3030.5804684758186,32.0,76.86910218097864,26.478624248150798,12.256027543917298,49024.11017566919,15694.31722164154,66.5,83.88710157789761,3.2154593151432116,2.408892898308113,9635.571593232453,4317.585285753012,81.5,115.98229924671355,12.042639483384347,8.16423530499451,32656.941219978034,14800.097607076168,84.5,122.98599684486219,4.787408036197376,2.7973139735870065,11189.255894348025,4018.7999606132507,34.5,72.206993019913,6.841680337471903,3.8152465828694404,15260.986331477761,5723.615922033787,48.0,81.22537026976566,3.145846629433151,2.1204644216923043,8481.857686769217,3349.508624523878,40.5,84.79878668664608,6.785803781620449,4.5727632131427525,18291.05285257101,6323.017738759518,71.0,90.13472644617649,2.8855863324250404,2.1933392001548784,8773.356800619513,3119.6972355246544,46.0,80.74743156694691,18.995863457251353,6.736415924364701,26945.663697458804,9908.74683484435,54.0,78.5883454272143,11.995490169648635,7.602153308980633,30408.61323592253,11590.368021279573,71.0,86.01204543407432,6.265428657457508,3.6264125406625682,14505.650162650272,4856.863804161549,45.0,71.65403571484335,4.030117605022925,2.767726329492871,11070.905317971483,3727.644495666027,34.5,68.6646330994582
P03,Fatigue,1,LG_0,S_1,Trial_2,4,8000,12000,4000,2000,2.0,1.0,13,90241,3.0100545722079004,2.1533252758090384,8613.301103236154,2925.5935922265053,33.5,64.71002314783158,24.99803382735008,7.191560203325935,28766.24081330374,8639.138098806143,54.0,90.02037916773082,9.836747925770394,3.365357751608826,13461.431006435305,4919.733852148056,50.5,87.87923189654056,13.31303157516753,7.245945541583933,28983.78216633573,12610.632926225662,100.5,126.85847379723766,7.136164390110484,4.694434915063903,18777.73966025561,7287.432067096233,79.0,102.63568141608461,10.828392364288602,6.840365330374334,27361.461321497336,11182.323098182678,87.0,115.23349093416365,4.508772784420862,3.0460034678690135,12184.013871476054,4728.37695851922,67.0,92.2959428812497,9.553053685934902,5.189453911571763,20757.815646287054,6930.354610085487,67.0,91.96686187759906,3.864995037955158,2.5890445029595868,10356.178011838347,3663.5536700487137,53.5,85.16480728409633,19.583211369723546,7.611909725656733,30447.63890262693,10452.60326936841,62.5,86.24403284291459,22.643201120651533,9.969901728408876,39879.60691363551,12524.568103253841,40.5,64.50791953929011,8.975439601044977,5.589661098935176,22358.644395740703,7704.632822424173,77.0,93.47613558474711,5.289265346349391,3.5113511588657276,14045.40463546291,5328.083969652653,73.0,99.7724018189924
P03,Fatigue,1,LG_0,S_1,Trial_2,5,10000,14000,4000,2000,2.0,1.0,13,90241,12.676069146252319,6.365971944178455,25463.88777671382,8728.56006026268,73.0,93.91197870190575,133.90671754983293,48.973709150403735,195894.83660161495,52129.6463906765,64.0,72.67943901454103,34.748606443455806,13.853449904138689,55413.79961655475,14530.305750668049,50.0,59.98656563813011,32.30206587645697,16.693707515788265,66774.83006315306,25072.9413703084,68.5,97.62704147637079,6.330218722040664,4.320263099635485,17281.052398541942,6474.699359387159,68.0,94.0751585004515,9.36528592009119,6.164757881569676,24659.031526278704,9543.734323233366,67.0,93.60483128248859,4.3147776115869165,3.0398807721096093,12159.523088438436,4638.954997062683,48.0,86.99034603876939,11.917361783732478,6.735220477869734,26940.881911478937,9206.799697130919,55.5,68.99515865161531,27.976752111281925,10.359269478591159,41437.077914364636,14038.942754268646,65.5,83.32732337948366,33.30606632656403,15.069849330419675,60279.3973216787,21284.868381917477,70.5,91.66252834836514,26.332794443318924,13.98580497445073,55943.21989780292,18443.813640624285,37.0,59.015237283472786,14.006254932232915,8.265557864587754,33062.231458351016,10035.707708448172,65.0,73.02867013799427,15.634720852269265,7.401571914379019,29606.287657516077,10591.161530464888,67.5,99.36763128274276
P03,Fatigue,1,LG_0,S_1,Trial_2,6,12000,16000,4000,2000,2.0,1.0,13,90241,16.24302711927465,9.857051098602824,39428.204394411296,14156.44260123372,79.0,102.62290086442287,163.5802108791498,71.68896924401633,286755.87697606534,75194.40855830908,59.0,75.36479305996585,62.589489322845324,30.005193419626448,120020.7736785058,26041.018031537533,40.0,52.43741242370143,37.6843819674134,20.43851004105527,81754.04016422108,28495.391458272934,66.5,98.69950884554612,4.034239045540019,2.9352735958527774,11741.09438341111,3780.1379337906837,59.5,73.33064067006981,5.003351999811761,3.68284996796865,14731.3998718746,4820.545669645071,66.5,94.91060679100161,3.991469747118977,2.8503364662174135,11401.345864869654,4101.812839508057,53.5,88.49795428969352,14.692181193668754,7.677486390247941,30709.945560991764,10646.401718258858,79.0,99.93755136096095,41.42750476091124,20.58335030939197,82333.40123756789,30955.868773162365,96.0,107.9967766420019,48.734520910134066,27.349413009267302,109397.6520370692,37021.30243182182,68.0,91.26271985688805,23.35822854147249,13.236421164753846,52945.68465901539,19285.845011472702,65.0,86.88372617156062,20.749851169853546,12.130576505197677,48522.30602079071,12881.950754672289,58.0,66.25713834031943,24.36972565183657,12.317904756346252,49271.61902538501,16224.745102226734,50.0,80.53552210237707
P03,Fatigue,1,LG_0,S_1,Trial_2,7,14000,18000,4000,2000,2.0,1.0,13,90241,21.641900889502114,12.693117818795145,50772.47127518058,18591.222539544106,93.0,114.32227399003543,118.29102858817028,44.92991140254308,179719.6456101723,48768.54037865996,69.0,79.38314392949263,55.64355929929987,24.3395944585558,97358.37783422321,21728.010661900043,47.5,59.94090616773928,30.74552447693883,15.372044287482277,61488.177149929106,19752.182066440582,58.5,87.91890659697432,5.209522385587414,3.270226594666019,13080.906378664076,3965.085744857788,51.5,62.92855293612889,5.60166063227228,3.9579156600404533,15831.662640161812,5195.019207894802,66.5,85.52004264757032,5.0361577294166135,3.4858459477662107,13943.383791064844,5011.597368866205,67.0,91.52030665127727,19.09108382096757,10.658745344227645,42634.98137691058,13382.774777710438,71.5,81.4265497426994,51.09061901466093,28.115782261127606,112463.12904451042,44399.0720435977,97.5,108.4967533753645,43.079473832328205,25.38277816644404,101531.11266577616,35840.81046283245,71.0,99.37592131547534,38.16058727389799,17.667387965985107,70669.55186394043,21365.43970555067,55.5,77.73762178819389,19.52371108968734,11.011257817735896,44045.03127094358,11127.38810479641,63.5,75.68980410735138,34.954067361796646,14.870618649967946,59482.474599871784,17701.886035501957,60.0,75.02883476672254
P03,Fatigue,1,LG_0,S_1,Trial_2,8,16000,20000,4000,2000,2.0,1.0,13,90241,44.680518064254,22.885463657649233,91541.85463059694,31591.893918812275,72.0,92.61632060877454,118.43301356581,40.91319710236276,163652.78840945102,44412.19540312886,71.0,80.95058758666524,23.73364713049644,11.11714272852987,44468.57091411948,12577.671930193901,50.5,63.037257631361875,29.647872873559844,14.391124206292442,57564.49682516977,17848.07415679097,54.0,79.01479307701709,6.638293113264811,4.292356695234775,17169.426780939102,4897.149465978146,56.0,71.88383683255279,7.601230711579134,4.994062004529406,19976.24801811762,6555.575877428055,78.5,99.50771824644625,6.849889486320709,4.503058031201363,18012.23212480545,5876.213125884533,52.0,79.44482918126799,25.944223168782113,13.275796622398776,53103.1864895951,15449.856501072645,52.5,70.56527386255841,65.66846869483925,32.93029248246457,131721.1699298583,50048.52572456002,85.0,102.30862925281329,54.91980715708659,31.78424425838748,127136.97703354992,47070.43869420886,85.0,108.66501454392316,70.82015367248103,28.63549949657172,114541.99798628688,27761.398907750845,40.5,53.51560384044923,15.34323313350373,9.243380031792913,36973.52012717165,9827.870316803455,59.5,72.51963722943638,44.946947634706056,16.956588664476293,67826.35465790518,19398.461747914553,57.0,73.80761586042605
P03,Fatigue,1,LG_0,S_1,Trial_2,9,18000,22000,4000,2000,2.0,1.0,13,90241,72.13001229280654,35.96936914360849,143877.47657443397,46044.06990110874,66.5,82.50950451639685,157.18497520546723,54.08167367541464,216326.69470165856,60925.34922063351,79.5,83.24205428594426,77.22375003996378,28.428425510588568,113713.70204235427,26290.972251445055,48.5,56.56264612873198,41.16910546543303,20.691170572373085,82764.68228949234,25352.804642170668,49.5,77.24261669218447,8.001587330337042,5.386495127342641,21545.980509370565,6047.121994197369,61.5,77.95094806918546,10.684320850346607,6.839404235035181,27357.616940140724,8769.45611089468,57.5,90.46773721992973,8.790651778260022,5.761591567378491,23046.366269513965,7032.289542257786,54.0,79.54495707902777,30.378336925020935,15.185053238004912,60740.21295201965,18355.612456798553,64.5,77.21921941568314,67.01566352507373,32.180336967343464,128721.34786937386,48027.52835676074,91.0,110.96377661745996,59.64762472556003,36.059885112568736,144239.54045027494,54432.94858559966,85.5,110.01946552179477,74.4618547683775,32.79571006521583,131182.8402608633,33072.697184979916,43.5,55.312251665420774,16.671118557861032,10.89202419948997,43568.09679795988,11076.725833117962,59.0,71.5717349640756,48.934944958905156,20.26694004535675,81067.760181427,23328.45013588667,55.0,73.02911300793254
P03,Fatigue,1,LG_0,S_1,Trial_2,10,20000,24000,4000,2000,2.0,1.0,13,90241,74.39102047819173,37.50689343898557,150027.57375594229,49120.12433633208,83.5,102.21109992450477,161.4227087211458,60.22226542449789,240889.06169799156,67151.00994333625,71.5,78.86937985741544,80.20213204496574,32.33562987709884,129342.51950839534,30378.13575938344,49.0,58.619870591498724,42.05014589261114,21.877661785983946,87510.64714393578,28798.754699528217,70.5,91.95866114580224,9.716691132083977,5.881137132458389,23524.548529833555,6302.569713443518,63.5,71.33602880940171,12.85073162404619,7.714793965034187,30859.175860136747,9626.747202128172,70.0,89.59492464742159,9.809463785139293,6.570863790146541,26283.455160586163,7188.854273408651,51.0,67.14755884741221,25.99334485135265,14.193652208615095,56774.60883446038,17308.185249567032,81.5,88.6002341100717,55.26888309291647,29.310609974432737,117242.43989773095,43207.28788152337,102.5,114.70458400572079,47.31168312778582,27.574128948734142,110296.51579493657,40670.51196470857,70.0,96.57227303162304,48.83999568974503,24.920640205033123,99682.5608201325,29522.675834596157,40.0,63.445232491872126,16.488156175380357,10.865626523643732,43462.50609457493,10033.876542001963,52.0,67.71056813515881,43.595406923218334,20.210922527406364,80843.69010962546,23775.254748761654,59.0,79.84535397311734
P03,Fatigue,1,LG_0,S_1,Trial_2,11,22000,26000,4000,2000,2.0,1.0,13,90241,67.89168531279002,34.46624109726399,137864.96438905597,46193.00477206707,60.0,80.60418183099713,165.14745368394065,73.13054663594812,292522.1865437925,77029.23733741045,66.5,75.3066188759344,37.97998892596346,18.48243832002627,73929.75328010507,19884.026050567627,45.0,60.537475736658976,41.7565305022846,21.275153586128727,85100.6143445149,30072.025768458843,69.0,96.07508200762845,8.627804747020987,5.2519051565323025,21007.62062612921,5540.19408300519,52.5,71.8266622562645,12.111827686606127,7.294648922956549,29178.595691826195,8558.261580765247,64.5,83.37392146778141,9.04085566318926,6.021041987580247,24084.16795032099,6316.913850605488,58.5,71.46719337651558,22.676968845975285,12.565588368009776,50262.3534720391,14511.078502982855,72.0,81.42819669834566,55.31761520377663,30.083371370565146,120333.48548226058,41442.959010601044,85.5,105.77880612342811,44.621717458980015,25.535529417172075,102142.1176686883,35596.96013107896,70.5,95.64601215258246,41.9079143088362,21.352435982227327,85409.7439289093,26159.738656133413,56.0,73.55062907983861,15.93202939254828,10.360012321779504,41440.04928711802,9288.286603987217,39.5,55.00952706734002,37.8094347790482,17.71220645144349,70848.82580577396,21848.867647349834,61.0,81.88974265594705
P03,Fatigue,1,LG_0,S_1,Trial_2,12,24000,28000,4000,2000,2.0,1.0,13,90241,107.71589822740545,56.34241429752437,225369.6571900975,77395.16543224454,78.5,99.11503020884695,195.56929581445266,86.8266769868671,347306.7079474684,92012.14639469981,66.0,73.09400732879261,46.00875238169234,21.73907456956804,86956.29827827215,22839.52869474888,42.0,60.92350042949057,44.9531027797346,24.831364736892283,99325.45894756913,34763.16900923848,66.5,93.81784775889031,7.1202006801862385,4.912747952155769,19650.991808623075,5491.362977772951,59.5,80.0252468966143,10.555451596357495,6.688834437634796,26755.337750539184,8133.43096524477,61.5,94.1463173404874,7.66556281017291,5.2036581170978025,20814.63246839121,5717.512033879757,50.5,69.14468276558742,22.256177856021043,11.551722779404372,46206.89111761749,12725.080829113722,51.5,68.95706916086583,50.58110693371584,24.79742498239502,99189.69992958009,32771.16511017084,83.0,104.3723174422452,48.18221784939003,29.04080873329658,116163.23493318632,43612.58605495095,65.5,99.52185939648601,42.236652387049766,21.414890736923553,85659.56294769421,25060.123205184937,55.0,68.29354607289312,14.535875795110357,9.87078675441444,39483.14701765776,8786.546997725964,49.5,61.14821089168408,37.88198731926193,16.90752030874137,67630.08123496547,20531.343389302492,59.5,78.29111368354394
P03,Fatigue,1,LG_0,S_1,Trial_2,13,26000,30000,4000,2000,2.0,1.0,13,90241,108.22907368316208,58.00356697246898,232014.26788987592,83064.76194411516,83.5,104.73062500431651,196.1050912171402,78.29967948307748,313198.71793230996,77077.76324823499,65.5,70.8347129118515,41.96964784343271,18.99361365993973,75974.45463975891,21144.17375996709,42.5,61.11893062798896,38.4527008701006,21.295330751407892,85181.32300563157,30485.869385302067,69.5,97.35709040952254,8.044506078583522,5.2425648342818025,20970.25933712721,5766.037944704294,62.5,75.03758650732036,10.05157037659202,6.143125778250396,24572.503113001585,8404.748793691397,74.5,106.36054324584532,8.233917111280357,5.339741060801316,21358.964243205264,5570.408329367638,47.0,63.20293555146883,18.450055797783598,9.976158175617456,39904.632702469826,11482.634395360947,75.5,86.21859530276078,47.28321012686534,22.149058087542652,88596.23235017061,29144.539963454008,100.0,104.63888870406674,55.92176734748768,33.970432181330395,135881.7287253216,50348.53182733059,91.0,109.48739648643374,42.29971428353917,20.55418810630217,82216.75242520869,22442.470770329237,44.5,57.767235654106656,14.605182543599227,10.286565608996899,41146.26243598759,9830.92226088047,37.0,55.068765180039556,32.5110091094663,14.878626111941411,59514.50444776565,19184.215273708105,56.5,84.76718022593316
P03,Fatigue,1,LG_0,S_1,Trial_2,14,28000,32000,4000,2000,2.0,1.0,13,90241,72.74313593602973,38.139137149625455,152556.54859850183,54281.57215937972,76.0,95.399743706727,165.30004769566315,60.44042430026457,241761.69720105827,60605.810675770044,67.0,72.14824787267767,27.140828473107394,12.81096802894026,51243.87211576104,16127.69328057766,50.5,70.2614803042303,33.26169868216375,17.437981608114207,69751.92643245682,25044.863484799862,74.0,93.20439135970778,7.399872702935276,4.872506390931084,19490.02556372434,5329.304747283459,49.0,67.91321776251033,8.708680064365156,5.525491647608578,22101.966590434313,7574.314810335636,54.0,90.76948214676949,7.848801078139919,5.015220789471641,20060.883157886565,5373.863130807877,51.0,69.63838670570655,18.436041358950767,9.618735696328804,38474.942785315216,11861.380655318499,74.0,86.26221674634083,55.785575615227806,26.956965961959213,107827.86384783685,37343.2825319469,87.0,105.62115661038327,55.81629128209586,33.374655921570955,133498.62368628383,45411.70708835125,82.5,99.3710437383811,53.68872640031659,24.861923242546617,99447.69297018647,25689.739268273115,57.0,61.77545457913161,16.341791365933048,11.19631145496387,44785.24581985548,10853.628721088171,67.5,72.76036798176673,39.37668667959199,16.150848075095563,64603.39230038226,20499.603170901537,70.0,88.26293083397348
P03,Fatigue,1,LG_0,S_1,Trial_2,15,30000,34000,4000,2000,2.0,1.0,13,90241,79.48317335568073,41.19631981234998,164785.2792493999,58000.0608228147,81.5,99.66462484279992,154.9808756372129,55.20709861628711,220828.39446514845,59663.67553919554,73.5,76.79604737902685,28.24776586012336,14.137290507671423,56549.16203068569,17158.945184201002,60.5,69.78335233451959,36.74488142434817,18.547067165235056,74188.26866094023,25281.69434517622,75.0,99.17880944086936,6.285009676896771,4.309048616676591,17236.194466706365,4976.500011980534,59.0,71.84058719243943,8.519168919937123,5.428864999918733,21715.45999967493,6995.971407741308,43.0,77.44595765341818,6.959717201533645,4.728702143160627,18914.808572642505,5121.772550046444,46.0,61.18145760404439,19.70243643872216,9.560998941981234,38243.995767924935,11618.14071238041,69.0,80.59897535246131,59.22053430391384,27.266813516197725,109067.2540647909,39594.701677560806,93.0,100.81083830317283,56.78683396182071,33.41031830775319,133641.27323101275,45642.12886616588,60.0,92.25662880127153,56.854527782325675,27.3786187407095,109514.474962838,28655.618522316217,43.5,59.046698740793985,14.842937722405763,9.658781704236754,38635.12681694701,9247.085358947515,70.0,75.13791421809086,44.30036198401917,17.408050276967696,69632.20110787079,20105.29199615121,68.0,80.31816567682912
P03,Fatigue,1,LG_0,S_1,Trial_2,16,32000,36000,4000,2000,2.0,1.0,13,90241,77.9018134550532,41.47844823710621,165913.79294842482,57773.606572300196,86.5,100.14991724095248,185.35099383568928,63.84087330487091,255363.49321948364,65397.36287668347,70.0,74.8316712112217,29.261335951329986,15.827657268755138,63310.62907502055,19406.09160810709,66.5,74.8612016124129,42.16931409133546,21.442708062706515,85770.83225082606,29005.67650794983,65.0,85.54176068656732,6.524500009482567,4.557776336558163,18231.105346232653,5062.259640544653,50.5,67.56120012088267,8.95407522569963,5.693978798296302,22775.91519318521,7232.497073709965,50.0,80.32760224559121,7.025936529217257,4.758369633741677,19033.478534966707,5564.914830029011,62.5,81.47252473346478,24.205552219894187,11.321796332113445,45287.18532845378,12897.820863872766,70.0,77.52442572635978,60.703497011992965,28.420584951806813,113682.33980722725,41221.38787060976,98.5,111.12429578691041,60.959621864969385,35.72428723797202,142897.14895188808,51269.30335536599,86.0,100.69377838779307,79.47702514083383,34.440227508579845,137760.9100343194,34079.22834157944,41.0,50.83479799061889,12.195118444752655,8.304949306789785,33219.79722715914,8364.4631318748,60.5,66.95381249649918,39.35126838013243,16.46401019319892,65856.04077279568,18493.86552348733,50.0,76.18719517109585
P03,Fatigue,1,LG_0,S_1,Trial_2,17,34000,38000,4000,2000,2.0,1.0,13,90241,74.1672090742416,39.34221495445818,157368.8598178327,52532.50300884247,80.5,96.1987511115262,201.17873818301433,67.88774928167695,271550.9971267078,68356.83304816484,64.5,69.14603258889126,30.666635958129522,15.48470909204334,61938.83636817336,20159.921795129776,56.0,75.99384567970952,42.80043265921848,21.827244318369775,87308.9772734791,31812.549475580454,71.0,99.62958722508944,7.4140434578415,4.958433838270139,19833.735353080556,5726.057477295399,64.0,77.44637079511725,12.3230493184509,6.754124677274376,27016.498709097505,8700.482174754143,62.0,84.13645649531118,7.736976395620134,5.3061916881008075,21224.76675240323,6506.134383380413,64.0,85.82811739487558,27.46792984493586,12.377822620677762,49511.29048271105,13900.994881987572,64.0,77.56348290152705,55.823537543682924,27.098972462071107,108395.88984828442,39862.05197870731,83.0,106.9317431166325,67.1752856668598,39.3073156687431,157229.26267497241,57840.13895317912,74.5,98.02101839358271,98.51656571600773,43.12502864206908,172500.11456827633,39394.49414610863,39.5,53.157646852083104,14.403431329705578,9.887228530889843,39548.91412355937,10110.175143927336,49.0,65.17884487586223,42.23388893800588,17.76596495853737,71063.85983414948,20153.207518160343,76.0,79.81550659843785
P03,Fatigue,1,LG_0,S_1,Trial_2,18,36000,40000,4000,2000,2.0,1.0,13,90241,68.65689720081068,36.384792637452485,145539.17054980993,48248.18391352892,73.5,89.16018593565876,176.77395249749742,65.14720818219939,260588.83272879757,70931.14787712693,59.0,71.33230793113793,32.911673479542536,15.274931083607953,61099.72433443181,19727.46131941676,42.0,65.20449285026122,39.05423250496883,20.06577141856542,80263.08567426167,31191.478855907917,80.5,112.74509961840394,7.19049576071593,4.7126138199586425,18850.45527983457,5489.837005734444,53.5,67.08272536454417,12.683544232047645,7.061039923643693,28244.159694574773,8693.157508969307,64.0,82.55068178688506,8.57437306434075,5.878580671502277,23514.32268600911,6563.510932028294,51.5,66.41051980508922,23.777982858339602,11.194556510820984,44778.22604328394,12652.749754488468,61.5,78.15637536660273,59.426842151000336,28.3478988216375,113391.59528655,41543.06277632713,106.5,105.28001746931555,61.31139648880281,37.53911723792553,150156.46895170212,54671.30541801453,87.0,100.7663870523164,77.49299511148821,34.48148311637342,137925.93246549368,34816.883224993944,49.0,68.37625702516917,15.761992580197196,10.926125935919117,43704.50374367647,10806.32358789444,52.0,72.70893930047453,45.71298512719052,19.233705904055387,76934.82361622155,22017.94534921646,58.5,79.24722497594641
P03,Fatigue,1,LG_0,S_1,Trial_2,19,38000,42000,4000,2000,2.0,1.0,13,90241,59.527640034499605,33.203437815024515,132813.75126009807,46675.51713064313,95.5,111.44602658285622,154.8731180989617,61.4272370750783,245708.9483003132,69166.8190062046,77.5,84.82645776790643,36.953724986702426,15.625217392807826,62500.869571231306,18604.04070466757,61.0,71.09678636539306,36.26433244002154,17.940755022282247,71763.02008912899,27092.412766069174,94.0,126.98505984607435,7.074610732946177,4.712171516963281,18848.686067853123,5151.071213185787,70.5,67.64049025100485,10.601699248706229,6.7185039119794965,26874.015647917986,8157.236129045486,56.5,84.95799000307592,8.191535930166337,5.692974327201955,22771.89730880782,6343.465764075518,43.5,67.2357164506993,21.614410070569843,11.84927397465799,47397.09589863196,13596.410863101482,73.0,83.63306333055898,67.4104110467009,34.57588203563355,138303.5281425342,49465.90960025787,82.5,107.12345069109706,62.924122791789614,37.5289118421264,150115.6473685056,56726.78975388408,88.5,111.87368796920096,44.044949920978326,22.203559704869985,88814.23881947994,25976.92720592022,57.5,72.43609785299417,14.946929611995616,10.444154343684204,41776.617374736816,10882.01180100441,55.0,74.02490411148176,47.68723748650381,19.532704331190324,78130.8173247613,21279.68007698655,60.5,76.06752623651658
P03,Fatigue,1,LG_0,S_1,Trial_2,20,40000,44000,4000,2000,2.0,1.0,13,90241,58.56566564736575,32.72048822731013,130881.9529092405,44673.13662171364,72.0,88.878143112674,154.1744445080215,61.14327542381361,244573.10169525445,63593.35873275995,69.0,75.55715625457803,34.245057556790805,15.730097069521435,62920.38827808574,19523.286260664463,63.0,71.22607265252006,38.482489911389266,18.99932178724557,75997.28714898229,26349.26438331604,67.5,97.24430075573704,7.258642302796063,4.9831169319339095,19932.46772773564,5351.278744637966,49.0,63.18868561638358,10.982794022143374,7.027299384796061,28109.197539184242,8494.781143963337,51.5,77.9919549734391,7.562452158542236,5.435125262057409,21740.501048229635,6324.543710798025,50.5,78.35804110432207,20.491506913379254,11.539939147024416,46159.75658809766,13626.319915056229,80.0,84.26024217373873,65.02089094859281,35.23633021116257,140945.32084465027,51710.61446890235,97.5,107.32287068205328,68.49132122182041,40.979547015135175,163918.1880605407,60564.60943073034,96.0,113.5411001563422,42.49499361108753,21.52084904697258,86083.39618789032,24740.584660321474,59.5,75.41444728833568,15.187246739963271,10.3584547621198,41433.8190484792,10901.849437505007,68.5,77.95603948467776,43.276019008623365,17.657805815315804,70631.22326126322,20378.135796636343,48.5,68.9054139256092
P03,Fatigue,1,LG_0,S_1,Trial_2,21,42000,46000,4000,2000,2.0,1.0,13,90241,82.51996968378643,45.02449149283348,180097.9659713339,56804.003939032555,57.5,78.84868982515614,160.32542486692785,58.3276809155941,233310.7236623764,63064.151629805565,62.5,68.64762869004772,28.58181449502931,14.528992651728913,58115.97060691565,18079.716712236404,55.0,75.3834450385463,50.68001218543108,23.04830272803083,92193.21091212332,30848.44034165144,67.5,97.16203631502145,7.303470901308772,5.108160230924841,20432.640923699364,5547.518748790026,47.5,65.15406849608429,11.564277075634514,7.366638217994478,29466.55287197791,8541.475888341665,63.0,75.87574065987089,7.66567717679938,5.4290195045876315,21716.078018350527,6045.29082775116,50.5,65.02652163326091,18.693591586256673,10.364041574648581,41456.166298594326,11505.218781530857,55.5,72.5731140367112,57.85524493506195,29.10016591735184,116400.66366940737,43081.85297995806,101.5,116.71007295099668,58.225963817170026,36.928144585620615,147712.57834248245,49996.33748084307,76.5,96.87017676030737,44.8684250128481,21.94740942809731,87789.63771238923,25566.745921969414,44.5,62.86661706901746,13.97096967824174,9.540177282411605,38160.70912964642,9598.669316619635,62.5,75.33973963113489,36.771414261107424,16.366889397613704,65467.55759045482,20469.999313354492,57.5,86.01059043493278
P03,Fatigue,1,LG_0,S_1,Trial_2,22,44000,48000,4000,2000,2.0,1.0,13,90241,96.55009122979465,53.51609811901581,214064.39247606322,70781.2974229455,82.5,96.85171586095744,171.58289886850983,59.91946698364336,239677.86793457344,66452.41994410753,86.5,81.6042317900651,24.004744762852386,11.423996173031629,45695.98469212651,14730.81847652793,63.0,71.34901196510545,52.609479582925324,23.9585834653466,95834.3338613864,32711.95739507675,70.5,85.56526103693018,8.264500798692417,5.3827397101558745,21530.958840623498,5857.901461422443,63.0,74.17871547973202,12.287311513626687,7.6662882351898585,30665.152940759435,8990.111667662859,53.0,80.05788417294869,8.516192448565217,5.865001198928804,23460.004795715213,6317.829433828592,54.0,71.23608149185209,22.760778425396293,11.186412131006364,44745.648524025455,11910.82214936614,58.0,71.66542758458824,51.58983854069515,23.375778349407483,93503.11339762993,32106.45169019699,83.5,105.62697707124204,55.63653658587262,33.815503368503414,135262.01347401366,49801.92864313722,63.5,94.69970504750384,46.819787422011,22.15332119562663,88613.28478250653,26481.108367443085,57.0,68.73199257285303,13.932454938538354,9.252532468736172,37010.12987494469,9100.5920432508,65.0,68.85275304674299,41.128582294076395,17.695541463408155,70782.16585363261,20115.97380042076,62.0,85.4028893018132
P03,Fatigue,1,LG_0,S_1,Trial_2,23,46000,50000,4000,2000,2.0,1.0,13,90241,80.21020095990905,41.58146615163423,166325.86460653692,56134.40740853548,74.0,94.92667958734624,151.15535165428324,58.33272349019535,233330.8939607814,64493.682235479355,68.5,78.09675493221236,40.613198321449396,15.843709121225402,63374.83648490161,17129.64652106166,59.5,75.44410527602345,39.9887923594698,20.483062320691534,81932.24928276613,29621.55882269144,91.0,109.71723053926506,7.688986040800536,5.047224695840851,20188.898783363402,5580.784939229488,49.5,68.41381986773379,11.464669093522943,6.845937875064555,27383.751500258222,8494.781143963337,53.0,82.02567522833932,7.876679071298777,5.407340210583061,21629.360842332244,6024.232413619757,53.0,68.77602457442134,23.14721025735891,11.476278721820563,45905.11488728225,13261.917792260647,82.0,87.86981219502557,50.86309918720051,24.357534854020923,97430.1394160837,32217.237260192633,87.0,104.67822962287207,52.74621998799299,30.78947949068388,123157.91796273552,45611.304230988026,75.0,111.55162909933377,55.57195509225635,25.765604494139552,103062.41797655821,28893.67016032338,55.0,62.899330272875424,13.923418292721905,9.241374179697596,36965.49671879038,9036.806412041187,46.0,66.83678666217034,46.571854347485534,18.44851165073924,73794.04660295695,19351.461809128523,63.5,73.93511132496927
P03,Fatigue,1,LG_0,S_1,Trial_2,24,48000,52000,4000,2000,2.0,1.0,13,90241,104.6520992884919,46.518263766460585,186073.05506584235,59911.79859265685,73.5,84.38072145624933,159.3033718904342,52.68477838519029,210739.11354076117,60493.8043281436,78.0,82.14940860001154,55.28976598028009,22.623408632073552,90493.6345282942,20829.82352003455,43.0,52.901690430483505,47.66730653517875,22.149277674918995,88597.11069967598,29854.72735017538,84.5,109.11435798946427,7.038070280036108,4.610009596450254,18440.038385801017,5507.233086973429,56.0,76.23652622225784,10.470279408279636,6.349690661812201,25398.762647248805,8284.502197057009,57.0,85.29667803888545,6.843573699215893,4.911756451823749,19647.025807294995,5814.5638555288315,44.0,69.00845639329985,21.710709739461336,11.243017186340875,44972.068745363504,13903.741631656885,78.0,80.50787984541631,50.53427417656923,27.26690160293365,109067.6064117346,41025.4530608654,107.0,119.0355195215047,46.62773640596523,26.336980613600463,105347.92245440185,36696.270387619734,78.5,104.6638720251999,55.50599396350361,26.21238698041998,104849.54792167991,27104.620542377234,40.5,61.9983894501695,14.85677677852859,9.966462874121499,39865.85149648599,9749.740548431873,53.0,68.22700505352616,41.317880198922516,16.087039249110965,64348.15699644387,19433.864299207926,37.0,64.5744568128266
P03,Fatigue,1,LG_0,S_1,Trial_2,25,50000,54000,4000,2000,2.0,1.0,13,90241,96.71074984060985,41.60612387601286,166424.49550405145,56351.40063241124,73.5,87.12946372930038,179.77269827781612,60.68990577403456,242759.62309613824,66559.54318121076,68.0,76.11049496981694,44.1776607565628,18.492231207434088,73968.92482973635,21474.088914692402,40.5,50.53021539433896,49.904381510713094,24.08665856558364,96346.63426233456,31931.880488991737,68.5,87.20938013107207,7.022107123381633,4.369304293068126,17477.217172272503,5303.668417036533,53.5,69.49352084832107,10.209575090659335,6.327510658232495,25310.04263292998,8556.73560872674,71.0,95.87940028796848,8.423225831448258,5.636755304643884,22547.021218575537,6610.510870814323,54.5,71.0567250081099,23.583669317497034,11.773460250347853,47093.84100139141,14956.662338227034,74.0,86.98330612371021,64.95532336592873,34.31534676376032,137261.38705504127,53610.44965684414,88.5,105.13407977796832,71.46274755370423,34.88613961855881,139544.55847423524,55096.441227942705,70.5,88.95551116887492,54.879088854690906,29.187456782558,116749.827130232,32516.938168555498,67.0,76.03643239172877,17.34638052736705,11.027554436121136,44110.217744484544,10849.966388195753,56.5,68.62120589704038,39.27249645549194,17.076337336434516,68305.34934573807,22570.652421563864,84.5,95.55982921290185
P03,Fatigue,1,LG_0,S_1,Trial_2,26,52000,56000,4000,2000,2.0,1.0,13,90241,47.12326593395207,26.69618848017417,106784.75392069668,37713.78854289651,77.5,99.10877921792883,173.47050235416938,69.00194600584219,276007.78402336873,71833.60774070024,69.0,76.98687774644291,76.32308975198718,26.8050675007049,107220.2700028196,27190.685365349054,54.0,77.21909604607613,38.980999910529526,20.604003463499247,82416.01385399699,28846.36502712965,77.0,98.3256315481135,6.005102101137691,3.9097875701263547,15639.150280505419,4841.604083776474,51.5,70.8180195948629,9.347448935402834,5.78995603043586,23159.82412174344,7987.548038363457,73.5,94.10296365867194,8.934885678340436,5.798886018805206,23195.544075220823,7034.425903111696,55.0,74.27617631739462,21.785672221484703,12.000910045020282,48003.64018008113,15509.674604982138,77.5,88.84457758761489,76.81334673020571,43.08467770679854,172338.71082719415,65504.180919378996,96.5,113.92779919609251,80.49049750314077,43.18053820207715,172722.1528083086,67131.78269565105,100.0,120.78388615416763,53.60419597730532,26.63680535459425,106547.22141837701,29710.370395332575,50.0,62.99522454595876,17.475236131144754,10.825139128323645,43300.55651329458,11090.76477587223,62.5,71.17798057872236,48.761996930261475,20.02867187191732,80114.68748766929,23553.37841436267,71.0,91.73763346364822
P03,Fatigue,1,LG_0,S_1,Trial_2,27,54000,58000,4000,2000,2.0,1.0,13,90241,46.636067471351076,27.184805032098666,108739.22012839466,34231.52035102248,65.5,83.78687820107965,164.1944884894516,72.66546362480149,290661.85449920595,76341.93953126669,72.5,79.26335316241169,76.7764217002219,26.977442217757925,107909.7688710317,25045.168679207563,47.5,52.84336705767371,34.981868753531785,18.186452276143246,72745.80910457298,25643.044523894787,71.0,97.70766849783784,5.323946299109339,3.6719926006160675,14687.97040246427,4673.13677072525,52.5,74.1306345633769,8.071324582338363,5.256142246793024,21024.568987172097,7165.659498423338,56.5,83.29835934138225,8.242296404601912,5.388584183063358,21554.336732253432,6678.874418139458,52.0,74.96333584656249,21.448665491099252,12.027514757122844,48110.05902849138,15294.817741960287,69.0,85.10226905765504,77.55488154061858,42.58265930544585,170330.6372217834,65510.284807533026,103.0,115.4554730538501,63.409159968851874,37.24415782988071,148976.63131952286,51873.58828261495,83.0,100.57951644341149,46.42850830707919,21.738744959607722,86954.97983843088,24376.792926341295,47.5,70.54204511458542,16.622515818859988,10.747051705676132,42988.206822704524,10670.512076467276,50.5,65.75251084388384,48.70156014151106,19.123534118162933,76494.13647265173,21517.121326178312,57.5,73.65508459703848
P03,Fatigue,1,LG_0,S_1,Trial_2,28,56000,60000,4000,2000,2.0,1.0,13,90241,55.62892961611101,29.039226986980065,116156.90794792026,36199.108697474,63.5,88.16394054741355,118.36804270373295,49.89612247175537,199584.48988702148,55371.11619487405,54.5,73.91983135868608,23.834825938372763,11.242564659332857,44970.258637331426,14704.571757465601,56.5,67.32490879549745,32.10148719603942,16.155209608376026,64620.838433504105,22749.80153888464,77.0,104.88579955257411,6.016423600375592,4.234485426452011,16937.941705808043,5193.188041448593,45.5,67.40896130012842,8.943476660901473,5.618051236472093,22472.20494588837,7715.314626693726,58.0,84.97322319311151,8.452210302583234,5.63345966283232,22533.83865132928,6413.965672254562,52.5,72.98563658486464,22.513857381726524,12.106669292016885,48426.677168067545,14513.214863836765,65.0,77.8850472778686,71.46708939084006,35.34986844396917,141399.4737758767,51500.03032758832,94.0,105.0679553590568,74.9914370739262,40.01526941389311,160061.07765557244,53510.34589111805,69.5,93.22025549153076,38.820102393539266,20.462443195760716,81849.77278304286,27292.31510311365,67.0,85.88833215330325,14.680126031014286,9.955003625247627,39820.01450099051,10076.603759080172,63.5,72.09374637728207,40.52339582868087,16.565095464140178,66260.3818565607,20434.90195646882,78.5,89.58941035248974
P03,Fatigue,1,LG_0,S_1,Trial_2,29,58000,62000,4000,2000,2.0,1.0,13,90241,102.88631223007212,50.04004132002592,200160.16528010368,71356.89407587051,72.5,93.20303054431938,106.88681043912494,37.211682703346014,148846.73081338406,43688.884656876326,73.0,85.87006375558506,14.003113718990216,8.235896706790664,32943.58682716265,12743.392493575811,97.5,118.0130908223768,34.29822896612312,17.878132105467376,71512.5284218695,24850.14945268631,96.5,106.36979920684624,7.820588635403772,5.040446633240208,20161.786532960832,6025.758385658264,55.0,71.33262865644085,11.54140141875448,6.964147260878235,27856.58904351294,9096.014127135277,68.5,89.68337183812459,8.712632900645747,5.449889651918784,21799.558607675135,6222.303584218025,51.0,69.15683354616225,21.783763329615958,11.956121316016652,47824.48526406661,13549.716118723154,65.5,73.40388792421614,56.28985346360623,27.297682862356304,109190.73144942522,37738.81448432803,92.0,104.50370398417391,78.687644990518,40.43370792329078,161734.83169316314,54522.6757414639,80.5,103.64302401510712,54.44106554996184,24.132973648118785,96531.89459247515,28954.40384745598,54.5,65.1542668904241,14.597537527482913,9.52593958179932,38103.75832719728,9997.863601893187,65.5,76.06102625871723,28.313978242525405,11.608822516724468,46435.29006689787,14852.896239608526,60.0,86.41157615220344
P03,Fatigue,1,LG_0,S_1,Trial_2,30,60000,64000,4000,2000,2.0,1.0,13,90241,98.61548304117032,50.31085553955054,201243.42215820216,73546.05356231332,74.0,98.83475502896441,162.15116080220227,64.8885412341915,259554.16493676603,71435.3290386498,69.0,78.74209621688816,38.25095952913707,16.264228903886398,65056.915615545586,19230.910018086433,45.0,61.74537633868413,41.44390539748746,20.661214100837242,82644.85640334897,29775.376804172993,85.5,106.68394262765982,7.727957663042737,4.7645983845577575,19058.39353823103,5770.310666412115,65.5,80.28277535872124,11.940711274937119,7.368181624263525,29472.7264970541,9230.299666523933,57.0,83.17742793108992,7.953904886119197,4.7044083631131794,18817.63345245272,6163.401063531637,52.5,70.17039715594737,22.424680473283132,12.349779298435896,49399.11719374359,14312.702137976885,66.5,75.01649563807129,52.37751510751171,27.010445635812356,108041.78254324943,38916.55970364809,100.5,109.4096219052287,66.0816656594973,35.94855049783364,143794.20199133456,51833.91300961375,108.5,115.50651513404848,65.65390611040398,30.088249292783438,120352.99717113376,32084.782887250185,49.5,59.05757403338148,14.98495531229253,9.708922055328731,38835.68822131492,9965.207800269127,48.0,74.0015756257266,28.156011337655016,12.15504645871697,48620.18583486788,14414.942264556885,40.0,72.7633087555288
P03,Fatigue,1,LG_0,S_1,Trial_2,31,62000,66000,4000,2000,2.0,1.0,13,90241,57.14220950783573,33.12228746130131,132489.14984520525,45927.18044295907,84.0,102.5323155130007,147.49282477150106,60.07943219088484,240317.72876353934,63909.8453335464,86.5,84.74200902389975,38.54717046929082,16.37505578957498,65500.22315829992,19266.617763787508,60.5,73.34911686874938,39.02615044658648,18.446724432287738,73786.89772915095,26679.484732449055,77.5,100.25645288415836,6.368058989576999,4.155035081878305,16620.140327513218,5120.2465780079365,62.0,77.93495822318094,11.319854765736043,6.568573725759052,26274.294903036207,8572.605717927217,58.0,85.69767654905789,8.071098206324415,4.891906912741251,19567.627650965005,6376.426760107279,56.5,83.94930553745164,19.25439761778127,10.420675966795534,41682.703867182136,13074.223231524229,60.5,79.39479324602134,62.04852296936509,30.739690418355167,122958.76167342067,46314.16695192456,99.5,112.91686077778948,82.42478337464435,45.32831168641569,181313.24674566276,68346.7616327107,100.5,114.34317151542947,62.45108359603647,29.004920961044263,116019.68384417705,29660.31851246953,39.0,61.57595152096542,16.296135375854032,10.785132681240793,43140.53072496317,11607.458908110857,66.0,78.79985560803313,36.953135122555636,15.559507816052065,62238.03126420826,18098.028376698494,56.0,76.89229210278893
P03,Fatigue,1,LG_0,S_1,Trial_2,32,64000,68000,4000,2000,2.0,1.0,13,90241,60.314692597761265,33.60345715522999,134413.82862091996,44327.046163380146,74.5,97.48624004201943,138.7592709288467,57.444417551369405,229777.67020547763,62783.37277472019,77.0,83.23973496829298,17.940834890902387,10.307229635654949,41228.918542619795,15977.537631988525,70.0,90.48419734834704,41.359998240643044,20.66977488027187,82679.09952108748,27969.541493803263,75.0,100.86154881713665,6.155632631110801,4.179071888234466,16716.287552937865,5255.752895027399,61.0,80.05786598882197,11.970843125489052,6.630989262973889,26523.95705189556,8485.625311732292,60.0,91.63315872585883,10.262183919321917,5.972938084322959,23891.752337291837,6971.555855125189,47.5,68.67992267588019,18.650305144363276,9.729937017406337,38919.74806962535,12277.055438607931,63.5,78.9826570501725,80.4764800751163,37.31088400920853,149243.53603683412,54184.520337730646,96.0,109.63458469957187,136.28645276597237,75.22492117035435,300899.6846814174,122105.53577169776,105.5,120.60834228889081,64.28458066684277,30.502742554072757,122010.97021629103,30607.641953974962,38.0,58.29521399647404,17.55493777261961,11.894468192581552,47577.87277032621,12982.970103621483,62.5,81.17095830810975,39.71404290148707,15.710518161579966,62842.072646319866,18059.573881328106,59.5,77.07312741732467
P03,Fatigue,1,LG_0,S_1,Trial_2,33,66000,70000,4000,2000,2.0,1.0,13,90241,59.2089373536131,34.060539762023836,136242.15904809535,45721.17421776056,59.0,78.54259061081929,153.02262877981653,63.90367022064747,255614.6808825899,70056.76589906216,64.0,74.73020558152778,19.27580429214094,11.051284827291965,44205.13930916786,18206.067197024822,97.5,120.66351715744123,51.8535031726359,24.038475159183143,96153.90063673258,32071.65952771902,64.0,91.28009435546478,6.130340202292557,4.319108968833461,17276.435875333846,5503.265559673309,68.5,87.2176582239809,11.271019937232117,6.9409955946030095,27763.982378412038,8800.891134887934,60.5,78.43153178846875,10.045726189231841,6.151645432738587,24606.58173095435,7517.243456095457,42.0,68.42086479135757,21.50130082492844,12.395677790604532,49582.71116241813,14529.695361852646,56.5,68.23291930516078,88.18863641806908,44.77235501846299,179089.42007385194,63487.761467695236,88.0,95.0150188023467,129.82991178176363,73.48115061437711,293924.60245750844,119846.48676589131,102.0,119.71806309465067,59.463233323966,31.407617688039316,125630.47075215727,34619.72763761878,52.0,64.00269130686353,18.134010845109387,12.243467268068343,48973.86907227337,12863.6390902102,52.0,70.24728599731118,44.1107003431536,17.88299968922511,71531.99875690043,20789.232663810253,61.5,77.92505736586521
P03,Fatigue,1,LG_0,S_1,Trial_2,34,68000,72000,4000,2000,2.0,1.0,13,90241,67.48986527278882,39.30621525215683,157224.86100862734,54540.377017110586,72.0,90.36331175402121,138.17022326267116,54.3260141112376,217304.0564449504,60908.563528209925,72.0,82.92316263488085,19.03508055076678,10.24077240889892,40963.08963559568,16251.297015696764,65.0,90.97441100649141,48.47236445344155,22.34806639571907,89392.26558287628,31242.141127586365,79.5,112.03304284274085,7.955696119274925,5.296421232481952,21185.68492992781,5872.8559873998165,45.0,71.45344317269775,11.6375447905518,6.863588908081875,27454.355632327497,9034.364856779575,71.0,90.02270994320821,8.498282822474073,5.611565321218222,22446.26128487289,6976.438965648413,52.5,79.18625504739316,21.713962005409748,11.965333685511723,47861.33474204689,14312.396943569183,71.0,81.49206542774205,75.04146896970552,38.32906523748534,153316.26094994135,54637.73403316736,92.5,105.41224417374733,74.49029439958419,47.1560446192394,188624.1784769576,71796.98441177607,91.5,110.17362269065657,62.55068381880053,31.814301100734156,127257.20440293662,35189.525596797466,65.5,73.97559189645305,17.333181398460614,11.38248675793875,45529.947031755,11769.211944192648,46.0,61.82380639025667,43.8746495331266,18.667354963114484,74669.41985245794,22186.717856675386,76.0,89.15850470371953
P03,Fatigue,1,LG_0,S_1,Trial_2,35,70000,74000,4000,2000,2.0,1.0,13,90241,79.04134053724215,47.861465861194304,191445.8634447772,64866.019412875175,81.0,100.41488494266758,137.07119546279347,56.42548466741573,225701.93866966292,66086.18665486574,69.5,82.88742143165426,28.971890411526964,13.630097573285457,54520.39029314183,18364.7682890296,63.0,71.39182024984184,57.58922547172371,27.21047264477238,108841.89057908952,37548.0679795146,73.5,90.83646251055768,7.9858022878561,5.292356538912282,21169.426155649126,5921.076703816652,66.0,69.88714239199413,12.574488287608936,7.209266858024057,28837.067432096228,9305.3774908185,59.5,82.59759360799197,9.318758775936908,5.906189244310371,23624.756977241486,6726.179551333189,57.5,72.05280294859108,26.024771845194188,12.596924966806545,50387.69986722618,15011.597331613302,75.5,80.49926822277168,78.89398109988987,36.81951643489301,147278.06573957205,51241.83585867286,78.0,101.55204447192203,63.24622207537134,40.896194531163204,163584.7781246528,62673.807982355356,79.5,105.4428793030601,64.62719278165659,33.524768232554194,134099.0729302168,39239.45538699627,68.5,70.76340827219464,15.025426495528173,10.215779199567624,40863.116798270494,10702.557489275932,48.5,65.02856169501331,36.75754082432023,17.10990364742465,68439.61458969861,20919.55067589879,60.0,81.83952152582178
P03,Fatigue,1,LG_0,S_1,Trial_2,36,72000,76000,4000,2000,2.0,1.0,13,90241,72.44406985565601,41.26044985544868,165041.7994217947,57458.95113795996,101.0,107.70341452621649,123.86904572890812,53.15736868282547,212629.4747313019,60486.78485676646,75.0,79.45524952214471,38.3891949135545,18.471041864901782,73884.16745960712,22018.555738031864,42.0,63.39146496492284,55.34079394378624,25.683661932032557,102734.64772813022,35803.88193950057,87.5,106.32040273982871,6.573845963625445,4.4092568351887165,17637.027340754867,5491.668172180653,71.0,91.57554808601226,11.720521044725151,7.313865717733279,29255.462870933115,8907.403983175755,61.5,89.1141602267781,9.681386648165642,6.406980268203188,25627.92107281275,7139.41277936101,53.5,68.09790656692383,25.303334046317268,13.136083238618449,52544.33295447379,15012.818109244108,64.5,83.46852022425554,84.99684124961657,42.09575458895415,168383.0183558166,59139.656741172075,93.0,100.88518563638755,83.5921990234154,50.809668751084246,203238.67500433698,77928.03486809134,84.5,105.35544480190256,50.491601331250216,27.48315682858229,109932.62731432915,33879.93639335036,63.5,88.0786985372258,17.605521008900688,11.728326193871908,46913.30477548763,11793.932691216469,58.5,68.62133605787412,33.862939833203285,16.998057832056656,67992.23132822663,20903.985761106014,59.0,85.6703480691985
P03,Fatigue,1,LG_0,S_1,Trial_2,37,74000,78000,4000,2000,2.0,1.0,13,90241,59.59908535106726,30.789456372207496,123157.82548882999,45150.15548095107,58.5,88.1430022042401,152.74226591758952,62.16018799708691,248640.75198834762,65235.60984060168,49.0,67.2052726651065,42.36320537607399,19.111465510504786,76445.86204201914,22431.483771651983,59.5,74.74430351960767,44.9398937367854,22.65683398139663,90627.33592558652,32910.02856567502,76.0,102.89987516943779,6.666413834173972,4.564131476008333,18256.525904033333,5118.720605969429,51.5,67.7519649329499,10.628224026573239,6.935188736906275,27740.7549476251,8038.515504449606,56.5,83.27842728739246,8.923671296593925,6.163565410720184,24654.261642880738,6704.510748386383,59.0,74.11478639668242,19.786861268059354,10.517235509864985,42068.942039459944,12485.50321906805,70.0,77.65871088987736,69.55638955920037,36.15234986227006,144609.39944908023,51579.99126240611,84.0,98.22792685886783,83.86306973390964,47.059784357436,188239.137429744,72489.47052285075,96.0,113.36919435641748,41.9621520780174,22.109742409852334,88438.96963940933,26640.419848263264,55.0,72.97079695776223,17.97024887213115,11.382424727175385,45529.69890870154,11334.615107625723,51.0,65.31008830673434,38.21420886227766,17.5531759402249,70212.7037608996,20544.466748833656,58.0,75.7164651083049
P03,Fatigue,1,LG_0,S_1,Trial_2,38,76000,80000,4000,2000,2.0,1.0,13,90241,58.78636000594884,29.582561081275344,118330.24432510138,41225.35539790988,77.0,99.77466628307509,150.1761109795627,59.50645158812404,238025.80635249615,62176.341097801924,65.5,75.88255810749469,68.52332498817395,22.23530946059618,88941.23784238473,23612.58612945676,42.0,50.46426037737362,43.64594309697179,21.174984279903583,84699.93711961433,32441.249955445528,78.0,119.99846058429068,6.534177215895075,4.543015914224088,18172.063656896353,4961.240291595459,54.5,71.54557242598733,10.337855778237776,6.44895945378812,25795.83781515248,7801.684644073248,51.0,77.39472110424903,8.438344996451228,5.603683599340729,22414.734397362918,6028.810329735279,41.5,63.996123838338384,18.006613779527683,8.903771483036689,35615.08593214676,10990.35581573844,73.5,83.27541252079311,69.83003600102198,31.827680785418487,127310.72314167395,44593.17568689585,82.0,102.55390803542272,58.94840152131734,33.173383109038696,132693.53243615478,49148.50741624832,75.0,97.9541184820649,49.870343492846864,25.60848507215269,102433.94028861076,30738.2651604712,68.5,81.48972655807958,14.61971916988174,9.159559989988338,36638.23995995335,9208.630863577127,62.0,67.64543729027328,37.854226426814705,16.325893395813182,65303.57358325273,19415.552634745836,65.0,87.51236523279655
P03,Fatigue,1,LG_0,S_1,Trial_2,39,78000,82000,4000,2000,2.0,1.0,13,90241,64.24335372100816,32.61451660315506,130458.06641262025,45606.7263148725,77.0,98.10179456885412,177.36608249249838,68.52073217317229,274082.92869268917,71986.51013895869,58.5,72.36644639604698,62.402214517193364,18.480271783075295,73921.08713230118,20289.62941840291,47.0,67.55063924510927,40.73632414315944,19.949819860979915,79799.27944391966,29642.617236822844,57.5,83.23760524453412,6.050467794198896,4.13638003555825,16545.520142233,4746.078234165907,54.0,74.14267588021279,9.281862797248746,5.6620756823802365,22648.302729520947,7096.380367875099,72.0,86.49039290448552,7.608269588445686,4.9769880178384485,19907.952071353793,5539.278499782085,51.0,70.53497312289288,22.683855312126745,10.733224453392904,42932.89781357162,12380.821537226439,61.0,78.12608306965889,71.89244132234248,30.844992217083927,123379.96886833571,42611.243203282356,93.5,102.11547727913542,72.09031137899706,39.383211642946115,157532.84657178447,54208.32550153136,73.0,95.06381679971058,49.5397915611079,24.188577436900232,96754.30974760093,27646.645810455084,51.0,66.47335869744997,14.420209672006667,9.255337815731764,37021.351262927055,9569.675847887993,51.5,67.31635749889617,37.24590838558716,16.775950618088245,67103.80247235298,19963.986985385418,63.5,79.83001037042169
P03,Fatigue,1,LG_0,S_1,Trial_2,40,80000,84000,4000,2000,2.0,1.0,13,90241,68.8452001231707,37.15157771669328,148606.31086677313,52430.56807667017,76.5,104.72251822177685,178.021089497032,66.92945330007933,267717.8132003173,73007.38543272018,83.0,84.32203014444369,32.832947643587126,13.58945449066814,54357.81796267256,17787.035275250673,58.5,65.25427949462508,42.76330035853494,20.994915268488693,83979.66107395478,28598.54716807604,68.0,97.12501435880235,6.604353703438408,4.193124602886383,16772.49841154553,4883.110523223877,57.5,69.73629965121559,8.670515418936201,5.4733771464903835,21893.508585961536,6881.218310445547,67.0,86.10827298076269,7.409724260149529,4.999481150880456,19997.924603521824,5686.992593109608,55.5,72.89652052981997,23.323935708047618,11.02737116687931,44109.484667517245,12663.736753165722,57.5,74.17946648968564,66.67466238977593,30.181625429284757,120726.50171713904,42486.418690532446,93.5,105.47579907781065,71.15523101782141,38.128106279252094,152512.4251170084,53373.00840765238,67.5,87.02998110365466,41.597025990707365,20.282020616624504,81128.08246649802,23914.728593081236,45.5,66.55975388450473,14.875262349336658,9.461458870326169,37845.835481304675,9806.50670826435,58.5,72.40439066934157,40.76987154397901,18.001637377240694,72006.54950896278,20361.35010421276,60.5,76.12480349810548
P03,Fatigue,1,LG_0,S_1,Trial_2,41,82000,86000,4000,2000,2.0,1.0,13,90241,98.86671729487178,52.63193679654505,210527.7471861802,70801.7454482615,92.0,98.73690554177162,143.5577160356182,61.595610884192865,246382.44353677146,69474.14977476001,67.5,76.533444297035,34.50932363738802,14.751375151053072,59005.500604212284,18393.151368945837,59.0,69.21690860005818,37.357242623483245,19.810346779646352,79241.38711858541,27467.496693134308,60.0,86.40697802229215,7.166036181794819,4.455208125989884,17820.832503959537,5195.629596710205,55.5,71.72659050314684,8.912601181724163,5.579857758618891,22319.431034475565,7031.984347850084,62.0,87.88528094522434,7.847756822234554,5.1762802712619305,20705.121085047722,6086.18687838316,61.5,81.63756433465022,17.826702078609976,8.938611484738066,35754.44593895227,10866.141691803932,64.0,77.79957471990248,63.29690568437891,29.90327401421964,119613.09605687857,42317.03579425812,89.0,104.65235848264487,57.95454420056097,33.839397458324676,135357.5898332987,48729.47549447417,83.0,103.46184441001614,33.042631918037294,17.566346871934364,70265.38748773746,24039.247911423445,54.5,75.93339712453376,14.736350803800212,9.673242807155475,38692.9712286219,9529.695380479097,50.0,66.3675033761873,43.538397238349724,18.301154978212434,73204.61991284974,20563.083607703447,57.0,72.2801122611664
P03,Fatigue,1,LG_0,S_1,Trial_2,42,84000,88000,4000,2000,2.0,1.0,13,90241,100.31936795159147,53.53477487228811,214139.09948915243,72730.87929934263,74.0,94.84324287290175,181.35477219201414,77.21656665673945,308866.2666269578,86355.97843676805,88.0,85.17452083631079,20.787256021699747,11.86313857510686,47452.55430042744,16735.33534631133,64.0,83.17498646465778,36.337594725179244,20.252887826645747,81011.55130658299,29937.435034662485,76.0,99.61883981217572,6.872921777436078,4.628103428403847,18512.413713615388,5382.408574223518,59.5,79.63169470428197,9.577757167507762,5.884986854717136,23539.94741886854,7647.561468183994,55.0,85.4251340558188,8.129742128799093,5.240204308135435,20960.81723254174,6038.881745189428,49.0,68.85636415748026,21.225595807756456,9.700790035887621,38803.160143550485,10790.14828428626,66.5,76.0707778669377,56.41957972756987,25.51446329688188,102057.85318752751,35196.2398737669,100.5,113.56533586547441,60.560680552960655,34.83784321392886,139351.37285571545,47251.418977975845,70.5,92.23945231698862,23.37405936496858,13.875717460364104,55502.86984145641,20390.648767352104,76.0,100.5300371384796,14.544650831616334,9.96362078934908,39854.48315739632,10232.252907007933,46.5,64.35454101527903,44.31377747452928,19.38392777983099,77535.71111932397,20603.064075112343,58.0,72.44982869226246
P03,Fatigue,1,LG_0,S_1,Trial_2,43,86000,90000,4000,2000,2.0,1.0,13,90241,61.04398728852001,33.46842217282392,133873.68869129568,46914.7895462811,74.5,100.64291610107865,188.32837639890343,80.0198423360358,320079.3693441432,87368.91867592931,77.0,80.8323293229284,37.13435107522006,18.93209169380134,75728.36677520536,21838.796231895685,61.0,78.17135484792475,35.50909131264575,19.811395198735408,79245.58079494163,28799.67028275132,78.5,108.44745794028567,6.653675267580621,4.708543747337535,18834.17498935014,5480.375979095697,52.5,70.19987943683674,10.170765239298776,6.384258811594918,25537.035246379673,8011.048007756472,53.0,76.31829913713248,8.28135461697362,5.400860322918743,21603.44129167497,6147.53095433116,59.5,71.96467236110324,23.73581950336363,10.92797346841544,43711.89387366176,11590.978410094976,68.0,76.4551681201011,62.614990933270775,27.730405042273922,110921.6201690957,39261.73457875848,98.5,105.04177585389937,69.18830310137803,38.28301273658872,153132.05094635487,54844.655841588974,73.5,93.52173867788939,46.95095078607965,21.52888168748468,86115.52674993873,24754.928797483444,56.0,63.469801913002854,13.3252306371824,9.351018246309831,37404.07298523933,9976.805187761784,57.0,72.02995650070167,42.22457988667983,18.613750655495096,74455.00262198038,19430.50716072321,55.5,68.83086449334607
P03,Fatigue,1,LG_0,S_1,Trial_3,0,0,4000,4000,2000,2.0,1.0,13,90221,18.10617827384487,10.727568361733574,42910.2734469343,18224.684055894613,74.5,106.62557423221949,35.04925520507318,12.55698413652135,50227.9365460854,12436.36691942811,53.5,68.47820644082057,4.5485160243835185,3.1285745778586715,12514.298311434686,5376.3046860694885,94.5,124.92880006620202,10.031396865222476,6.310620284127071,25242.481136508286,11087.102442979813,78.5,108.2011355255728,5.836039662473601,2.9613181236200035,11845.272494480014,3687.6640282571316,60.5,73.97979273061509,3.466567871958228,2.3730146633810363,9492.058653524145,2913.3858159184456,38.5,60.9264444941553,2.609322946190893,1.8101538112387061,7240.615244954824,2664.957568049431,42.5,67.7257450822827,7.770776386232544,2.6591837476473303,10636.73499058932,3447.476029396057,41.5,66.21623082030133,13.921152844144563,4.19325289898552,16773.01159594208,4876.396246254444,57.5,70.24405461418785,36.50001142779358,14.340180163877084,57360.72065550834,20221.87625989318,79.5,96.49626626189767,51.110463953477876,28.08369965275051,112334.79861100204,24681.071750819683,41.0,49.62862703295274,5.974688191606854,4.0799205579562114,16319.682231824845,5383.934546262026,72.0,84.12153231596473,9.010747305370034,5.103972086217254,20415.888344869018,7024.354487657547,62.5,80.21361359790272
P03,Fatigue,1,LG_0,S_1,Trial_3,1,2000,6000,4000,2000,2.0,1.0,13,90221,40.585361455534965,24.69702555958647,98788.10223834589,39476.28624737263,85.5,109.4233010582922,20.815576810776374,7.605542454728857,30422.169818915427,8570.469357073307,62.0,71.56057478768783,4.30376821519373,2.9767856813967226,11907.142725586891,4766.831453889608,63.0,92.83420172977975,6.829676974562807,4.376762328809127,17507.04931523651,6191.173754632473,54.5,83.77800256825797,10.082212594869235,5.535735574201681,22142.942296806723,6219.25164014101,61.0,71.59692241582505,7.016279895498911,4.222607870493084,16890.431481972337,5624.1225451231,60.5,91.55642383463884,3.6062835865987584,2.3990950896404684,9596.380358561873,3608.3134822547436,56.0,90.39357818972945,12.727250399036247,5.3212349493522195,21284.93979740888,5888.420902192593,54.5,71.26733332780326,15.927441169176543,6.586480778735131,26345.923114940524,6901.971530169249,56.5,65.93029418002597,50.77989700076999,25.916054121241906,103664.21648496762,37205.02946525812,85.0,102.82593596453717,54.50736827344802,31.17176951550646,124687.07806202583,26625.770516693592,47.0,55.15092448209839,10.342426483999134,6.436863187886774,25747.452751547098,8045.53497582674,81.5,89.16438523216145,19.734060044864933,9.974370575672946,39897.48230269179,11949.887033551931,58.0,77.02561499809559
P03,Fatigue,1,LG_0,S_1,Trial_3,2,4000,8000,4000,2000,2.0,1.0,13,90221,36.831647680839716,18.159937176748645,72639.74870699458,29542.208276689053,84.0,115.07231181118993,41.48393295392359,19.942160702124237,79768.64280849695,22530.061565339565,69.5,76.98817115652962,4.9597349470389815,3.582669064356014,14330.676257424057,6246.108748018742,93.5,114.66854735281424,12.859903940311304,8.680201014480554,34720.804057922214,14747.604168951511,76.5,111.59763509103537,8.479498811876352,4.152714993990958,16610.85997596383,5058.2921132445335,62.0,69.70131268241376,6.703887291868279,3.968189762730617,15872.759050922468,5840.200185775757,61.0,95.45618899910129,3.215245594411416,2.1759323608130217,8703.729443252087,3587.560262531042,50.0,88.16259635410498,12.300148622190099,6.392958912276663,25571.83564910665,7779.1002579033375,68.0,82.79558253955416,8.452379864734542,4.637007627845742,18548.030511382967,5480.070784687996,83.5,97.97168603825432,35.715555653467504,15.532304961059708,62129.21984423883,24064.57904726267,95.5,124.37789942163889,25.950648441963686,13.961999581754208,55847.99832701683,16330.952756106853,84.0,93.7681952476117,9.168896700744677,4.6731527171330525,18692.61086853221,5727.583449333906,68.0,83.71638701583873,17.80667748329026,7.018283789395355,28073.13515758142,7659.769244492054,47.0,64.516433452341
P03,Fatigue,1,LG_0,S_1,Trial_3,3,6000,10000,4000,2000,2.0,1.0,13,90221,5.253296435076719,3.661046497989446,14644.185991957784,6678.874418139458,76.5,115.08220063437642,45.68369693892806,25.253751012252177,101015.00404900871,28574.43680986762,69.0,76.91785776211819,4.659375922727665,3.4809827130287885,13923.930852115154,6708.173081278801,85.5,123.19595819402899,16.004481274672337,11.373655576258898,45494.62230503559,21347.738429903984,97.5,128.61827377563358,2.292784681445317,1.759823171433527,7039.292685734108,2584.99663323164,31.0,68.74394422632439,3.196285600714187,2.4933977963635696,9973.59118545428,3502.4110227823257,33.5,68.97522815279419,2.2031539524973813,1.7019795227446592,6807.918090978637,2835.8664363622665,34.5,82.48658461298571,8.814325199675935,5.5814136397093534,22325.654558837414,7152.536138892174,51.0,74.23833976476237,3.83346758518361,2.6077740548644215,10431.096219457686,3770.982101559639,39.5,69.79878187059504,6.589416881228502,5.0728619798203,20291.4479192812,9392.968285828829,97.0,124.13013391344887,23.15745256241083,16.255600256845355,65022.40102738142,19837.636500597,51.0,67.25509700552277,2.5553464919576103,1.9570985094644129,7828.394037857652,2626.1978782713413,29.0,63.677941633753925,2.6045661950808623,2.0085164043470285,8034.065617388114,2568.210940808058,29.5,58.06879847878292
P03,Fatigue,1,LG_0,S_1,Trial_3,4,8000,12000,4000,2000,2.0,1.0,13,90221,6.458681633346238,4.576208476512693,18304.83390605077,8259.171061217785,69.0,117.44615085152822,108.49619925663009,38.24113205249887,152964.52820999548,41286.39427945018,71.0,78.37188800676283,35.12804053833187,9.73138634749921,38925.54538999684,11104.8037186265,61.5,92.1110762556088,21.142161114961617,13.331786100612954,53327.14440245181,23549.71608147025,96.0,126.36402356599757,2.9944450598803796,2.297355367441196,9189.421469764784,2790.0872752070427,30.5,57.095313804990276,4.017641721383182,3.1028363126795737,12411.345250718296,3792.040515691042,31.5,62.192077514159735,2.623996078659173,2.0279450421920044,8111.7801687680185,2980.528585612774,26.5,65.0738252014785,11.81202932404899,6.564379591611214,26257.518366444856,7767.808064818382,60.5,79.32594004593284,7.390980088236092,4.154258667305112,16617.034669220448,5036.012921482325,50.0,71.08275859704338,11.347519495936474,6.362725591263734,25450.902365054935,10495.025292038918,91.0,120.59606762482639,48.60766547662908,25.2911011998076,101164.4047992304,24332.84493163228,44.5,56.33039138799293,3.2817719906546374,2.449703380058054,9798.813520232216,2931.087091565132,25.5,51.99414613379611,3.2211630364572694,2.4544832967221737,9817.933186888695,2960.690949112177,33.5,60.43962413053574
P03,Fatigue,1,LG_0,S_1,Trial_3,5,10000,14000,4000,2000,2.0,1.0,13,90221,12.886758814076279,7.516345040057786,30065.380160231143,11501.55644863844,95.5,105.27247501152142,200.9714568513673,75.05284947319888,300211.3978927955,74610.57165637612,63.5,70.29787720882909,50.83714927042749,18.673776177153922,74695.10470861569,17683.87956544757,45.5,55.442952764590984,33.45923339282947,18.150212881783954,72600.85152713582,29122.5659660995,66.5,100.82911704641968,4.242282455986246,3.192134822998196,12768.539291992784,3624.183591455221,33.5,55.96612852944308,6.107980693687679,4.239118392008822,16956.47356803529,5357.0774383842945,37.0,68.63140182023163,3.872679682341624,2.740455377998296,10961.821511993185,3888.787142932415,43.5,86.73582761647233,16.555987115383285,8.271549403050448,33086.197612201795,10778.856091201305,79.5,85.15257606189749,27.82886925292888,13.302013623155654,53208.054492622614,19648.110773414373,79.0,94.21212310395907,50.212140510922865,18.233314305206296,72933.25722082518,25163.584109395742,81.5,105.71955364837599,56.80020656144721,28.201238297554664,112804.95319021866,24329.792987555265,40.0,47.84415413595789,7.837884449429515,4.993475535325706,19973.902141302824,5572.239495813847,60.0,72.14474740838052,20.29991939980127,7.547226593992673,30188.90637597069,8763.657417148352,49.5,71.0986264271931
P03,Fatigue,1,LG_0,S_1,Trial_3,6,12000,16000,4000,2000,2.0,1.0,13,90221,23.081270859305437,13.155955285788513,52623.821143154055,17686.32112070918,68.5,91.49777617441856,203.73237484535386,73.19739336706698,292789.5734682679,70372.0317222178,55.5,70.77271345487867,57.543640028411005,24.099373346101494,96397.49338440597,20503.570698201656,38.0,53.77189924264911,36.428767582275526,17.729198340838774,70916.7933633551,24646.584782749414,64.5,83.44713415698226,5.502628167413046,3.8548235451220534,15419.294180488214,4543.429147452116,58.0,74.33504038590237,8.526263627428433,5.374984491360374,21499.937965441495,6828.72487232089,58.5,88.64965550384052,6.523030362103585,4.1549612248316405,16619.844899326563,5259.1100335121155,64.0,90.18472503801407,24.981433908243368,10.69882282530889,42795.29130123556,14056.03364109993,77.5,91.34209019371345,42.8712688271698,23.679809966415633,94719.23986566253,36331.56307041645,100.5,115.23753488318974,54.296727081608964,25.2473321253201,100989.3285012804,35816.39491021633,76.5,96.22569842638545,39.254177682595476,19.81307468356099,79252.29873424396,20687.908120453358,37.5,51.15816332845489,11.797569025148071,7.466505763249006,29866.023052996024,8199.963346123695,66.5,76.39576801996141,29.513305683872368,12.679724934452679,50718.899737810716,15311.60343438387,65.0,84.95942379991497
P03,Fatigue,1,LG_0,S_1,Trial_3,7,14000,18000,4000,2000,2.0,1.0,13,90221,50.59852160186512,27.94829973413143,111793.19893652573,41261.97872683406,100.5,112.67324937021078,137.4404492181905,41.03827351494692,164153.0940597877,40555.453673005104,61.5,69.11578276129549,46.837352756332706,18.29708742344519,73188.34969378076,16340.718977153301,51.0,62.80087167203114,30.994192548694652,14.1442046869779,56576.8187479116,17166.57504439354,66.5,85.62747799448574,7.823302644246264,4.793592921469826,19174.371685879305,5572.84988462925,52.0,73.71043992975609,12.859487636033943,7.070410727185663,28281.64290874265,8335.469663143158,44.5,74.07643352521596,9.774410763611746,5.876077505119611,23504.310020478442,6739.302910864353,47.5,69.04769875916104,28.209139387296247,12.513801607536152,50055.20643014461,15705.304220318794,73.5,80.70905381188196,50.30888805042749,25.47248434019275,101889.937360771,38147.16460183263,91.0,109.0252185536852,35.27193050042117,23.704908124473878,94819.63249789551,34219.00738030672,68.5,97.17972457856739,50.272283003627045,23.94067625977332,95762.70503909327,25404.68769147992,48.0,68.2970771728207,17.331454468197254,10.636580180726014,42546.320722904056,10979.674011468887,54.5,72.09788272265645,33.0971662209232,14.403463597688823,57613.854390755296,17388.756573200226,68.5,79.01211779593095
P03,Fatigue,1,LG_0,S_1,Trial_3,8,16000,20000,4000,2000,2.0,1.0,13,90221,82.4187060341225,47.61940148896538,190477.6059558615,66562.59512528777,74.0,96.9908735035093,147.5733819537375,46.22175316968933,184887.0126787573,49663.37038204074,65.0,75.9942448748139,33.800766304606114,14.512826923595275,58051.3076943811,15594.823844730854,36.5,54.316316064218206,39.432669103468065,18.283848662278615,73135.39464911446,24135.689344257116,79.5,95.63082902952945,7.4897670920668915,4.604090312763583,18416.36125105433,5151.986796408892,64.5,77.7231299530899,11.916626435414118,6.44699350586161,25787.97402344644,7454.37340810895,44.0,69.83477448589936,9.323197754359665,5.7362326588481665,22944.930635392666,6300.128158181906,42.0,66.94862793034083,23.77669550881421,11.883825300598982,47535.30120239593,14444.240927696228,76.5,87.47049511928034,62.95377157410831,28.628801700100304,114515.20680040121,40597.57050126791,104.0,109.57042010926612,42.401633229478804,25.657855570351238,102631.42228140496,33731.91710561514,58.0,80.18250674056725,56.91238634788204,28.593413264048287,114373.65305619314,30369.285121560097,38.5,56.04772315197061,17.371056666036832,10.908677551988513,43634.71020795405,10919.550713151693,58.5,64.8859892317306,34.723977074373565,15.797933851298875,63191.735405195504,18943.416886031628,65.0,80.01009529043644
P03,Fatigue,1,LG_0,S_1,Trial_3,9,18000,22000,4000,2000,2.0,1.0,13,90221,74.69096634815354,39.90294837268302,159611.7934907321,51297.07604646683,72.5,87.74055983166534,152.68440749338495,55.59952338440344,222398.09353761375,62614.295072853565,86.0,82.93247555967973,42.4009404196121,19.06284968177788,76251.39872711152,19215.039908885956,43.0,59.68429020527867,44.91606568408689,19.8742171023041,79496.8684092164,27223.646361380816,71.0,103.25866632556804,5.43234071357685,3.91143748924369,15645.74995697476,4235.48799008131,41.5,59.969309421706875,7.087885836690345,4.70628397349501,18825.13589398004,6015.686970204115,76.0,90.29054495278152,7.456107440065211,5.041906454390846,20167.625817563385,5636.0251270234585,47.5,65.57390772644975,20.239747431151212,10.938373883441091,43753.49553376436,13045.229762792587,54.5,75.28564322236743,70.26358854629899,33.99622576299589,135984.90305198357,49612.40291595459,97.5,104.35285800009837,56.022432573254,30.00338327344507,120013.53309378028,39745.46771496534,83.0,110.3896418594248,43.64295975336189,23.633577400818467,94534.30960327387,27527.3147970438,62.0,74.39259614561252,13.86922495857693,8.912994458037428,35651.977832149714,8946.774061769247,57.0,65.93005330442372,31.624018941434407,14.74700812427327,58988.03249709308,18684.917222708464,69.0,99.05396030557243
P03,Fatigue,1,LG_0,S_1,Trial_3,10,20000,24000,4000,2000,2.0,1.0,13,90221,67.24998362137802,34.438490609056316,137753.96243622527,46960.26351302862,68.0,89.8910532133905,130.36234193580464,49.2585812728852,197034.3250915408,52600.5613617599,47.0,67.43310976935683,34.02339159413591,15.834378565195948,63337.51426078379,18524.69015866518,76.5,91.94800167936957,46.04324167183771,20.30215741994325,81208.629679773,26069.09591704607,52.0,77.0295912822644,6.081651775024928,4.270491423388012,17081.965693552047,4672.221187502146,49.0,69.98423116369466,8.649226539748872,5.535136744624469,22140.546978497878,7012.451905757189,53.0,84.86667627650688,7.976808387052726,5.18294171144953,20731.76684579812,5985.167529433966,61.0,75.89647687565447,22.090449102369078,11.374953835119959,45499.815340479836,13372.092973440886,68.5,80.00417607497786,71.19822403008317,33.457174271077385,133828.69708430953,48835.98834276199,102.0,108.48555978351379,59.699336828771145,34.609370407601816,138437.48163040727,48845.75456380844,80.0,104.4030834233806,46.29750243382023,23.857737619418184,95430.95047767274,26638.893876224756,57.0,76.18482966955763,16.877001676547323,10.319708271999843,41278.833087999374,10465.726628899574,60.0,72.71203309466158,41.4763205973421,17.18861526893452,68754.46107573807,21431.361697614193,56.5,78.88021006983989
P03,Fatigue,1,LG_0,S_1,Trial_3,11,22000,26000,4000,2000,2.0,1.0,13,90221,74.1810810027847,40.072328751103484,160289.31500441395,55181.59046769142,75.0,93.94989692862117,151.2983611399892,49.8884597650147,199553.83906005882,52438.50313127041,74.5,78.79147340197107,51.76383251391464,20.478767243493348,81915.0689739734,24248.61127510667,73.5,70.96015306084497,53.18999317547534,24.245821874518878,96983.28749807552,29305.377416312695,57.0,80.64535429059495,6.32781207342985,4.250778992893174,17003.115971572697,4964.292235672474,48.5,67.41344850264498,10.004752506895485,6.216044809902087,24864.179239608347,7805.652171373367,62.0,83.4341074717961,8.438735719250298,5.29239018659573,21169.560746382922,6001.342833042145,52.5,73.13698703022735,23.692448509988786,11.662902240932453,46651.608963729814,13824.085891246796,64.5,79.03614664176348,64.48921242741963,29.64150037788786,118566.00151155144,44436.91615015268,92.0,96.85178313272642,53.65970323858906,33.98911179580027,135956.4471832011,48047.67118766904,94.0,105.84802583069909,48.39158127959958,25.9456361955381,103782.5447821524,28649.209439754486,55.5,69.72944422938278,16.943774501466418,10.049558575148694,40198.23430059478,10873.77155199647,61.0,72.47452722133231,50.296119722847955,19.845873087272047,79383.49234908819,23857.352044433355,57.0,78.87769714065442
P03,Fatigue,1,LG_0,S_1,Trial_3,12,24000,28000,4000,2000,2.0,1.0,13,90221,58.74666123552871,35.35549565660767,141421.9826264307,47896.2947614491,73.5,90.94658644907994,150.49919750076597,50.415637210709974,201662.5488428399,58899.468742311,89.5,90.54436097391604,58.61794588667141,25.174120564828627,100696.4822593145,27802.294958382845,51.5,59.24871829528348,54.20770119937843,25.494916815846228,101979.66726338491,31329.731922596693,68.5,85.1660883188164,7.003998216885242,4.405954326502979,17623.817306011915,5419.337097555399,62.5,79.56472862642651,12.915430978739126,7.087122677010484,28348.490708041936,8925.410453230143,63.5,88.82991200004747,9.746286666614687,5.822842406434939,23291.369625739753,6560.153793543577,50.5,67.72265441507719,21.670000414768285,10.437245238234755,41748.98095293902,12903.619557619095,53.0,82.02374374874195,58.32443663797727,26.414553173282183,105658.21269312873,41453.9460092783,110.5,118.45407608959943,56.840137526469476,35.844789511221464,143379.15804488584,49837.63638883829,76.0,93.01937935403409,38.75143396085388,21.656105333473533,86624.42133389413,26616.004295647144,62.0,78.34613726732644,15.661853083454382,9.619520808942616,38478.083235770464,10461.148712784052,68.5,79.9451456122065,49.3895454349093,19.94317486314103,79772.69945256412,23535.37194430828,54.0,75.11265104703142
P03,Fatigue,1,LG_0,S_1,Trial_3,13,26000,30000,4000,2000,2.0,1.0,13,90221,52.09799543254359,31.499502415768802,125998.00966307521,43475.24857148528,69.0,91.44020668531952,142.7951825656959,54.94043538405094,219761.74153620377,64936.51932105422,64.0,77.16779554280308,42.34124195829102,20.496699703903868,81986.79881561548,24554.416071623564,53.0,78.74186292050909,57.364373431157446,28.981478368199895,115925.91347279958,38146.85940742493,65.5,87.26387635958521,7.942348032541394,4.901667678437661,19606.670713750646,5947.628617286682,70.5,79.94587934105527,13.816849834959944,7.450667203520425,29802.6688140817,9667.33805835247,65.5,85.3139012608468,10.28226608197581,5.9217904390883636,23687.161756353453,6957.51691237092,54.5,69.72522231723738,26.069132809535088,11.441188994795084,45764.755979180336,13260.086625814438,61.5,81.23261393054338,55.2168509609214,23.71234960341826,94849.39841367304,35404.077265411615,109.5,112.32723300356317,58.63573515813731,36.10553342162166,144422.13368648663,52251.11376494169,86.0,111.45789627133064,43.1084990591606,24.09981862474233,96399.27449896932,27938.716858625412,46.0,69.37555502045623,16.500445735485826,10.222841398161837,40891.365592647344,10462.97987923026,56.0,70.04019068478593,50.75437339661832,21.907146198069675,87628.5847922787,25235.304795205593,79.5,81.48518810672017
P03,Fatigue,1,LG_0,S_1,Trial_3,14,28000,32000,4000,2000,2.0,1.0,13,90221,44.41929220656101,25.23507322894875,100940.292915795,34063.66342678666,62.5,85.90205564397168,147.70388043741607,57.15258669119794,228610.34676479176,63304.95001748204,65.0,83.92044473588783,34.73506204699721,16.351623611489778,65406.494445959106,20330.22027462721,53.0,73.86336351265274,51.61423852815307,25.499332139641048,101997.32855856419,36950.80252364278,77.0,115.96323410474521,7.532694926792225,5.039435676764697,20157.742707058787,5567.966774106026,68.0,78.30987448830643,11.574292280239236,6.642366528999991,26569.466115999967,8655.923791229725,70.5,92.73758579499398,8.862410376577053,5.379502932715695,21518.01173086278,6420.679949223995,48.5,72.28646758222432,27.639938268111745,11.913876763894223,47655.50705557689,13802.111893892288,71.0,79.89793707337328,57.298837527817824,26.375446439313237,105501.78575725295,38797.83907905221,97.0,108.56220938389995,50.062267488587274,30.544124092708806,122176.49637083523,43796.923477202654,75.5,98.76324519940819,44.46570378906875,24.490794253512284,97963.17701404914,26719.77039426565,49.5,68.87076928159044,15.840956956947927,10.21022443245165,40840.8977298066,10053.71417850256,48.0,60.219163948196744,46.89223211510336,21.018161506881007,84072.64602752402,25191.051606088877,67.0,90.5221688931103
P03,Fatigue,1,LG_0,S_1,Trial_3,15,30000,34000,4000,2000,2.0,1.0,13,90221,40.19628227187369,24.617621070472524,98470.4842818901,34401.51363611221,56.0,84.14375259229936,179.66381076193244,65.82224133142736,263288.96532570943,68708.72220024467,67.5,76.51102251765776,43.35855329119931,18.531857954524458,74127.43181809783,21053.836215287447,60.0,75.83916253669244,42.29668902272081,22.04368201212492,88174.72804849967,32818.775437772274,76.0,108.51029906840607,6.979830873372805,4.962939079967327,19851.75631986931,5093.389470130205,45.5,59.988559788754166,11.022600533234447,6.730751401709858,26923.005606839433,7812.061253935099,51.5,73.96365256799396,8.69607786380643,5.942836874339264,23771.347497357056,6044.680438935757,35.5,58.326976490767365,23.908901021942604,11.045577691867948,44182.31076747179,13274.430762976408,68.0,84.09249111384992,64.45739560102884,29.772999530483503,119091.99812193401,42862.11300641298,102.5,108.83609780922714,56.25306343640684,33.89772587018088,135590.9034807235,47892.02203974128,80.0,103.41552663281946,30.751454152082843,17.333225191792007,69332.90076716803,22210.828214883804,56.5,77.70887742150914,15.937600933648433,10.735161178954877,42940.64471581951,10089.727118611336,48.0,61.17303865337489,45.80405132451243,20.626064937200862,82504.25974880345,25094.610173255205,58.0,79.54217724885027
P03,Fatigue,1,LG_0,S_1,Trial_3,16,32000,36000,4000,2000,2.0,1.0,13,90221,91.14547156663066,44.67166783547727,178686.6713419091,61903.80249172449,75.5,93.97865492463764,191.84042715568643,80.15417056449223,320616.68225796893,81494.84191089869,85.5,78.36580613233589,39.73454871118936,16.449467374477535,65797.86949791014,19017.88432151079,43.5,54.73177208376594,41.044494876593525,22.49373507612618,89974.94030450471,32281.022891402245,70.5,104.9112996188524,6.552389146060037,4.6305902287364,18522.360914945602,4893.792327493429,60.5,70.99940523176697,10.34859848988696,6.457071711891331,25828.286847565323,7233.717851340771,46.5,70.3719904049729,9.125455276163356,6.235726492060349,24942.905968241394,5933.284480124712,48.0,60.57009873894797,21.11966134679188,9.97496791742742,39899.87166970968,12350.60729086399,66.0,81.17971036815135,61.03710329746254,27.13294052334968,108531.76209339872,38611.975684762,105.0,106.17026784841234,61.19980870569274,36.482321859453805,145929.28743781522,54001.70888751745,84.5,112.30365891619398,37.923206465146514,19.710608331626283,78842.43332650512,23960.81294864416,57.5,74.34605383939027,15.915813576939874,10.677491414779798,42709.96565911919,10583.836864680052,57.0,69.16640969165894,49.12136756016065,20.8196687865071,83278.6751460284,24146.98153734207,61.5,86.95642713823933
P03,Fatigue,1,LG_0,S_1,Trial_3,17,34000,38000,4000,2000,2.0,1.0,13,90221,97.43347381745504,47.71374226869084,190854.96907476336,62940.85308909416,75.5,95.93689003210376,167.9823325717509,77.16374566871673,308654.9826748669,78816.76098331809,64.5,71.73116849557324,32.82384177713852,15.314950921095441,61259.80368438177,16549.777146428823,54.5,67.38996024969558,40.84318368317926,21.84154115039855,87366.16460159421,31361.47214099765,83.0,101.65407133100207,7.064394547543603,4.545570276968647,18182.281107874587,4979.85715046525,41.5,57.26835736639946,9.454882329240363,5.8904473930597305,23561.789572238922,7086.30895242095,49.0,74.24575808312031,8.242969790436037,5.530937498470303,22123.74999388121,5827.382020652294,44.0,62.960417980689584,24.21161945949541,10.876870953803882,43507.48381521553,13232.313934713602,61.5,84.11713787383343,57.95867293455868,25.862793653272092,103451.17461308837,36628.51722911,102.0,109.5295607045171,56.42152566208341,31.455661391699685,125822.64556679875,45867.66753345728,71.5,92.66616646535955,47.62177350438662,24.081743791140617,96326.97516456246,26424.037013202906,57.0,67.79528055112262,14.29630246786659,9.506071425857954,38024.285703431815,9834.279399365187,51.0,68.55498066571518,47.72889108197904,19.930263880768326,79721.0555230733,23441.982455551624,44.0,67.68247656376762
P03,Fatigue,1,LG_0,S_1,Trial_3,18,36000,40000,4000,2000,2.0,1.0,13,90221,61.387662964716974,32.788053958304225,131152.2158332169,41546.41991481185,66.0,82.91675913189566,178.75291687830816,74.31891948753037,297275.67795012146,71003.78414615989,60.0,72.6684503793961,35.88331620426122,16.854242368391716,67416.96947356686,18045.229744166136,49.0,63.06402450281628,45.27081843235478,21.90578068199102,87623.12272796407,30164.499673992395,63.0,89.30081303288104,6.876645715793123,4.348078861297108,17392.315445188433,4996.032454073429,58.0,66.81444444755938,9.440462342011546,5.796277293306775,23185.1091732271,7291.094399988651,57.0,86.28659778266834,8.297278004168346,5.30308496162761,21212.33984651044,5929.927341639996,47.0,64.04442868134592,24.237551008351744,11.4803143074736,45921.2572298944,13713.910710066557,62.5,82.36035960383165,60.94532574669549,28.982475323881953,115929.90129552782,41545.80952599645,96.0,108.36184242957309,69.66050021492408,41.33057864722796,165322.31458891183,54708.53913575411,73.5,93.5302970511486,40.93023568369127,20.91978411147138,83679.13644588552,25083.31798017025,57.5,77.99388949340633,12.85658623452898,8.80558132439619,35222.32529758476,8673.014678061008,53.5,67.2771629436156,43.03655718747006,17.19727363428101,68789.09453712404,19723.18859770894,72.0,87.88670766035706
P03,Fatigue,1,LG_0,S_1,Trial_3,19,38000,42000,4000,2000,2.0,1.0,13,90221,53.31912796285976,28.943621329031885,115774.48531612754,38015.32061770558,69.0,84.92706678555345,147.75539829942568,56.68955893549137,226758.23574196547,51843.6792306602,46.5,60.127410115803464,24.764167482018223,12.5150200580596,50060.0802322384,16217.115242034197,55.0,65.03529875393902,44.5238683008514,20.772300478070974,83089.2019122839,29519.01350170374,69.0,94.4057925869554,6.876296059569556,4.538500944455154,18154.003777820617,5271.317809820175,53.5,72.04782241098528,8.990021720687865,5.528446959506255,22113.78783802502,7675.33415928483,56.0,80.7856232534259,7.928492545639824,5.063430824084207,20253.72329633683,5926.875397562981,47.5,67.35270477293344,20.87342338796511,10.774123670416884,43096.49468166754,12453.152611851692,71.5,77.5447011731487,65.09458536846746,31.73999530384317,126959.98121537268,45921.38174921274,93.5,107.12257483946803,64.06011640716278,39.79816883788444,159192.67535153776,51871.451921761036,60.5,92.91647238843368,39.297213917959134,20.25717718144879,81028.70872579515,24230.29961064458,57.5,80.1494334535949,13.438058764653176,9.01302062808536,36052.08251234144,9128.364734351635,61.5,74.58117318766172,36.04707631590703,13.48354081530124,53934.16326120496,14560.825191438198,47.0,67.85445935826957
P03,Fatigue,1,LG_0,S_1,Trial_3,20,40000,44000,4000,2000,2.0,1.0,13,90221,74.2160898321501,37.56619736661669,150264.78946646675,50744.06377971172,74.5,96.19155733827644,140.45550577273136,46.89042709749192,187561.70838996768,50293.29163953662,74.5,75.57450681324846,27.46438145385082,14.413244620664045,57652.97848265618,18020.203802734613,55.0,69.32374237469513,52.46126567593129,25.194300705753268,100777.20282301307,36904.10777926445,71.0,95.91343505058657,7.54762102073304,4.908917075651698,19635.66830260679,5576.817411929369,60.0,74.33206345684745,10.466376010156994,6.113169115968049,24452.676463872194,8640.969265252352,78.5,103.18693888248998,7.888694128208634,5.469358346529771,21877.433386119083,6254.654191434383,41.0,68.16716983733174,22.49706202652067,11.297079857811331,45188.31943124533,12904.229946434498,60.5,73.78276528997911,69.34064570184871,31.86260189253371,127450.40757013485,43619.60552632809,93.0,102.40840203405703,54.51791368264739,30.603610373998528,122414.4414959941,43478.60570997,85.0,103.10613092793143,43.86985062237848,22.61698608280858,90467.94433123432,26382.2253793478,53.0,69.09019405033067,15.406167616036992,9.991343161521945,39965.37264608778,10294.512566179037,60.0,67.99428213965774,35.25830544377348,14.550618345965631,58202.473383862525,16854.05597090721,56.5,80.31023653198987
P03,Fatigue,1,LG_0,S_1,Trial_3,21,42000,46000,4000,2000,2.0,1.0,13,90221,74.83425016507253,39.760830285865815,159043.32114346325,53001.58681347966,73.0,93.82048405659269,156.51078796764745,54.25579208256677,217023.16833026707,59149.42296221852,41.5,66.96053796452101,36.78028848524356,17.773085220367648,71092.34088147059,20412.927959114313,47.5,65.45920806390058,52.946200820362535,26.270352935767733,105081.41174307093,36692.91324913502,60.0,101.53984939458542,6.336618524474106,4.307685694750399,17230.742779001594,4971.922095865011,58.5,73.8399240507121,10.61115643702838,6.043017282010988,24172.06912804395,8095.2816642820835,72.0,94.01563234606178,7.702193056568187,5.240586640429683,20962.346561718732,5880.180653184652,58.5,74.49675859916793,23.380090902290664,10.568532357015647,42274.12942806259,12476.042192429304,73.5,83.75761287846966,67.9802900284811,29.668247310584412,118672.98924233764,40526.765398681164,94.5,100.98837126755976,62.189263867734255,33.14585136892274,132583.40547569096,46762.802731245756,95.0,106.61571195197361,37.70569384523656,20.19820484754164,80792.81939016655,25962.88826316595,58.5,75.03551788567358,15.817237195680237,10.064949986920691,40259.79994768277,10025.636292994022,54.5,67.96328204304407,46.15671959329616,18.546763191604988,74187.05276641995,20787.401497364044,52.5,69.4817001934174
P03,Fatigue,1,LG_0,S_1,Trial_3,22,44000,48000,4000,2000,2.0,1.0,13,90221,77.48827488864814,43.08037736499682,172321.50945998728,59857.77918249369,77.0,88.25475335705354,125.3349803738161,49.327092992095274,197308.3719683811,55592.99252927303,60.0,84.10507465894071,41.593979350825016,18.09273592417594,72370.94369670376,20968.68697553873,67.5,68.83045616649062,42.045003173460046,22.386462103016676,89545.8484120667,32831.89879730344,92.5,115.52962000175074,6.841377897666693,4.496526031591929,17986.104126367718,5067.447945475578,43.5,67.77006213763006,9.06203706863248,5.554668805224355,22218.67522089742,7695.171795785427,64.0,91.26587848157921,7.150639155643673,4.702227672771551,18808.910691086203,5464.811064302921,47.5,65.77766610844891,24.662976107893606,10.325970708648674,41303.8828345947,11795.458663254976,76.0,81.48854042318436,61.336475729840316,25.107316751673352,100429.26700669341,35865.53120985627,100.5,110.11745606038768,52.79438956283379,30.112823203147855,120451.29281259142,41119.75813284516,75.0,96.88281698308587,42.00519207032597,21.631379474443385,86525.51789777353,25899.40782636404,64.5,84.66309138968552,14.597942900570379,8.877520681999158,35510.08272799663,8893.365040421486,54.0,66.12228770599354,49.98391115740643,19.828437101864257,79313.74840745702,22222.730796784163,69.0,86.08490062489895
P03,Fatigue,1,LG_0,S_1,Trial_3,23,46000,50000,4000,2000,2.0,1.0,13,90221,84.5870074583226,47.01392050483264,188055.68201933056,64679.545629769564,91.0,104.64648655435332,124.55955547134279,49.2664987025084,197065.9948100336,57081.12046122551,85.5,86.88439637894339,39.13503198270696,16.15696371323429,64627.85485293716,19604.16277870536,49.5,69.11338239117568,49.921220017148634,23.197617108235136,92790.46843294054,32631.99646025896,60.0,85.81779802226124,7.60615603140942,4.773238094896078,19092.952379584312,5401.330627501011,55.5,74.86543360061015,10.514350362255604,6.195001655491069,24780.006621964276,8225.59967637062,77.5,95.68299585725082,8.116348909238821,5.068954842863604,20275.819371454418,5784.044414758682,58.0,73.56941797713631,23.976364031452373,10.524359815521166,42097.43926208466,12257.828190922737,73.0,78.88869679516678,58.74357442391455,25.714335076336283,102857.34030534513,36751.815769821405,91.0,104.92424600056336,59.92998230090829,34.96467895782553,139858.7158313021,46499.72515180707,64.5,84.78646522662225,46.07840351343878,22.087378450343387,88349.51380137354,25243.850238621235,45.5,69.20154628806488,14.156521111800375,8.907639936602209,35630.559746408835,9399.682562798262,55.5,74.00191772761447,42.344273333115055,17.5285827263142,70114.3309052568,21666.05619713664,65.5,93.22159610322113
P03,Fatigue,1,LG_0,S_1,Trial_3,24,48000,52000,4000,2000,2.0,1.0,13,90221,61.65729389144113,34.58696440756321,138347.85763025284,48949.52066242695,65.5,87.39701396948412,121.06266624519445,48.09169548097998,192366.78192391992,54709.45471897721,77.5,81.74571892866447,30.292564124776224,12.877642020024359,51510.56808009744,17000.85448101163,59.0,85.73493381438084,47.99459791619662,21.165659064776264,84662.63625910506,29354.513715952635,76.5,115.53322038256779,7.421871880274912,4.826456865679939,19305.827462719753,5385.460518300533,60.5,73.94342383736493,10.975612138684548,6.297493796353228,25189.975185412914,8199.658151715994,52.5,79.16797324188886,8.391713023019111,5.278294553980231,21113.178215920925,6301.654130220413,36.0,57.744756413659516,24.079988133422987,11.034130917815492,44136.523671261966,13154.794555157423,63.5,77.28504229697627,60.626300745039494,30.88101770831272,123524.07083325088,45778.855960816145,98.0,106.54048287857361,62.79812530045909,37.030667055177034,148122.66822070815,49176.58530175686,78.0,102.06622897715648,45.4314902817681,20.74865515984129,82994.62063936517,24218.702223151922,64.5,81.06392481480614,13.276068726639004,9.084457635693251,36337.83054277301,9799.182042479515,46.0,67.52654364959146,44.61153429088832,18.269990394613707,73079.96157845482,23067.814111709595,65.0,89.33342627835438
P03,Fatigue,1,LG_0,S_1,Trial_3,25,50000,54000,4000,2000,2.0,1.0,13,90221,52.598921747807964,31.228877607523465,124915.51043009385,46257.09559768438,96.5,111.14608761110178,123.25457479448622,46.346242578979584,185384.97031591833,53817.37146526575,90.5,86.51276304894067,25.986559143302586,13.098291625501588,52393.16650200635,17961.606476455927,56.5,69.49172011344837,34.993506559626816,18.754585170932113,75018.34068372846,28917.7805185318,74.0,112.43459762948686,7.152266802865428,4.714320085593499,18857.280342373997,5286.882724612951,59.5,74.47449102554651,10.608124021934707,6.178120742412284,24712.482969649136,8270.158059895039,61.0,88.74882751458188,7.749200597903843,5.031548308790661,20126.193235162646,6136.238761246204,61.0,79.7787484018795,24.256944063352137,11.227641110587864,44910.56444235146,12836.171593517065,63.5,75.10206619568834,65.30982423637327,28.95342470749747,115813.69882998988,42600.561399012804,101.0,108.98779631864163,82.72564663477483,44.099269047705455,176397.07619082183,64440.578408539295,82.0,101.05006035361937,41.9904534905705,19.73754189070314,78950.16756281257,23329.060524702072,63.5,74.11520500782017,12.924686270204951,8.401046785525978,33604.18714210391,8789.293747395277,46.5,65.98622899406934,49.439128069760926,19.651056433538905,78604.22573415563,23768.23527738452,68.0,83.60504774579626
P03,Fatigue,1,LG_0,S_1,Trial_3,26,52000,56000,4000,2000,2.0,1.0,13,90221,50.491157382741335,31.77893780507147,127115.75122028589,43514.923844486475,72.5,97.73972740141488,129.80644969936947,45.17212829567725,180688.513182709,50868.58309805393,66.5,75.73102974442493,22.608452335983923,11.654035542253405,46616.14216901362,17086.61410957575,90.5,124.96694041931464,38.75924399193257,18.44970770762302,73798.83083049208,25954.953208565712,64.0,86.70380353047149,6.291197412146071,4.158559733943548,16634.238935774192,4883.110523223877,62.5,74.69501930593438,10.123638492036731,5.836292247683741,23345.168990734965,7822.743058204651,71.5,92.33462726047107,7.3269190684630185,4.7746169632300735,19098.467852920294,5668.98612305522,55.5,69.91895815824897,21.636051463641316,10.366712559806183,41466.85023922473,11971.250642091036,75.0,79.42720042197357,71.52455081928143,29.29417281402275,117176.691256091,41051.39458552003,100.0,107.16759514548632,87.96422454862348,45.80375005826354,183215.00023305416,69461.02641522884,86.0,106.07399894810365,35.634367195832155,18.194599631603342,72778.39852641337,23736.189864575863,70.5,91.78796888626759,14.070556839612637,8.610626226849854,34442.504907399416,9263.565856963396,53.0,70.66524771646307,47.76960182743114,18.524771187780424,74099.0847511217,22468.412294983864,66.0,82.97907957347022
P03,Fatigue,1,LG_0,S_1,Trial_3,27,54000,58000,4000,2000,2.0,1.0,13,90221,50.87385132385727,31.893834610783962,127575.33844313584,42521.210853010416,77.5,90.58260539253294,121.71339931216481,45.58693369454704,182347.73477818817,50987.30372264981,74.5,78.1868657449931,22.8979482111528,10.153538119106088,40614.15247642435,15014.344081282616,64.0,79.71333185626499,46.16632433973086,19.505661283619702,78022.64513447881,25904.901325702667,75.0,91.94628221455709,6.4804954547800175,4.318032052216585,17272.128208866343,4868.155997246504,50.0,66.76751470598101,9.291387007725234,5.458808805886656,21835.235223546624,7583.165448158979,69.5,84.23354403404252,8.23010040086791,5.345327224791982,21381.308899167925,6071.2323524057865,61.5,75.34878437046895,22.039764600759796,10.419537172012497,41678.14868804999,12229.139916598797,87.0,90.56842586834986,69.20705017107124,31.32625335488701,125305.01341954805,43355.307169258595,97.0,101.31509704591463,57.40329205069762,31.022448840667494,124089.79536266997,43734.05342921615,79.5,103.15351233301763,36.71240854153071,19.750248049478976,79000.99219791591,25218.21390837431,52.0,82.3205493779463,15.380034677189501,9.444612482364755,37778.44992945902,9847.09756448865,52.0,63.75184025724914,51.9266256967283,19.799212524667382,79196.85009866953,21977.04929858446,55.5,66.00088699184083
P03,Fatigue,1,LG_0,S_1,Trial_3,28,56000,60000,4000,2000,2.0,1.0,13,90221,72.94190841641709,37.3449746823404,149379.8987293616,51001.03747099638,78.5,99.93554760988567,132.78260009246134,54.31309168407461,217252.36673629843,61378.868110477924,90.0,85.40243699825936,34.646797742081056,14.007128716970328,56028.51486788131,17125.373799353838,76.0,89.78116928232541,46.78668374260441,22.65991301147733,90639.65204590932,31746.62748351693,84.0,111.85598140388024,7.4707297429808355,4.634295059950091,18537.180239800364,5502.960365265608,55.0,71.87958170925265,10.219236039743055,5.872814976901282,23491.259907605127,8607.397880405188,75.5,94.9223425738103,8.73633369915627,5.619373720139265,22477.49488055706,6176.2192286551,30.0,54.45668385528087,21.148698183396128,9.789378396968823,39157.51358787529,11323.62810894847,85.0,81.55765120917899,56.802607545162545,23.809603616362438,95238.41446544975,32761.398889124393,85.0,95.17431104458144,58.91958859142073,32.759546359069645,131038.18543627858,43290.30076041818,79.0,101.95913053102302,36.55604221360515,19.09081441645976,76363.25766583905,23709.33275669813,76.0,84.70227481917033,14.436216201555652,8.751815492636524,35007.2619705461,9100.5920432508,52.5,72.62602678607487,59.19255405191799,21.560322662768886,86241.29065107554,22353.659197688103,59.5,73.0166914248944
P03,Fatigue,1,LG_0,S_1,Trial_3,29,58000,62000,4000,2000,2.0,1.0,13,90221,84.17616660920065,46.71811261818512,186872.45047274046,66424.6472530067,98.5,103.84287916577159,143.58943953735752,58.038479953783096,232153.9198151324,64388.08497041464,66.0,74.07216670727867,36.702817956704486,15.106187684065663,60424.75073626265,17923.762369900942,55.0,63.151010614196295,47.438459118047845,24.249665950681084,96998.66380272433,33318.37868317962,71.5,94.81320331639903,7.352665100210443,4.535988278896548,18143.95311558619,5809.680745005608,78.0,90.64543717568411,11.136968390617369,6.593691187363584,26374.764749454334,9053.59210446477,72.5,95.22323326254859,7.94074342392739,4.994746402988676,19978.985611954704,5880.180653184652,57.0,71.70750170163542,20.57082016250113,9.145907461503521,36583.62984601408,10976.622067391872,69.5,80.30214700783118,51.79868132031351,21.155351772194262,84621.40708877705,28768.54045316577,91.5,101.79988889766655,59.80296656578752,33.54261233918369,134170.44935673475,47367.08765849471,83.5,103.88632663391658,40.042812061271675,19.797427900368348,79189.71160147339,24657.266587018967,68.0,77.89311203933134,11.705053201024507,7.55797042902559,30231.88171610236,8217.664621770382,52.0,66.86620783658579,47.987598081959284,17.847634829441084,71390.53931776434,20862.47932165861,59.0,82.69105328435975
P03,Fatigue,1,LG_0,S_1,Trial_3,30,60000,64000,4000,2000,2.0,1.0,13,90221,74.89850147292299,44.86678048963658,179467.12195854634,62266.678642481565,82.5,98.87370161886496,159.84049426848057,65.13687975490465,260547.51901961863,73930.9037104249,84.5,86.86136876789507,32.4502762554415,14.599388984555844,58397.55593822338,18337.911181151867,56.0,73.31570597087055,42.70049439949323,21.280453363317065,85121.81345326826,29254.715144634247,82.5,104.52867281037221,7.6633336966831385,4.804238750948571,19216.955003794283,5886.284541338682,55.5,73.08925508457597,11.617247271816305,7.030730380327441,28122.921521309763,9104.86476495862,62.0,82.9312057699637,8.554456011904408,5.424594071228057,21698.37628491223,6203.991919755936,54.0,68.01072367285931,20.989939736785544,9.619776905199979,38479.107620799914,11510.101892054081,56.5,72.53344496430755,52.528872904946866,21.83021458479343,87320.85833917372,29116.767272353172,86.0,100.69808927642997,56.48922973703579,32.70064597474411,130802.58389897645,46325.153950601816,75.5,97.91109183358473,42.33430313223963,21.4325547788525,85730.21911541,25769.395008683205,53.5,74.97583027968683,13.53305510567982,8.343081974657252,33372.32789862901,8589.696604758501,59.0,73.11034067199604,34.562718267094375,15.042196275526658,60168.78510210663,19652.078300714493,59.0,90.97507853229767
P03,Fatigue,1,LG_0,S_1,Trial_3,31,62000,66000,4000,2000,2.0,1.0,13,90221,64.28244694783831,36.32430680632824,145297.22722531296,44710.98072826862,55.5,83.69920941602176,169.7951942522031,70.1764359834604,280705.7439338416,80500.51853060722,76.5,85.17776084182476,33.70265453315303,15.330990069848486,61323.96027939394,17929.86625805497,43.0,61.26164228441066,32.56365367197062,17.335745372762904,69342.98149105161,25382.408499717712,81.0,111.42511592150696,7.589251972585195,4.822533057478722,19290.13222991489,5691.57050922513,60.0,77.9178491983957,10.966771651935499,6.66932023090776,26677.280923631042,8685.832843184471,60.0,86.00565693616343,9.1383989008737,5.979062687547412,23916.250750189647,6322.407349944115,52.5,65.09656611777862,21.129590453397935,10.373488714941777,41493.95485976711,12362.81506717205,80.5,89.95009748318463,62.58740733376255,26.223532527592035,104894.13011036813,37457.120046019554,96.5,105.15952597382643,68.00268214705504,37.77727142125368,151109.08568501472,53322.34613597393,80.0,105.64712001901619,44.13059991549765,21.561593873775564,86246.37549510226,24365.19553884864,54.5,68.30619901174522,15.949425985115893,9.812464484595694,39249.857938382775,10111.09072715044,57.5,68.85319973752398,52.22232744277347,18.640879195649177,74563.51678259671,20940.914284437895,56.0,64.85423100599216
P03,Fatigue,1,LG_0,S_1,Trial_3,32,64000,68000,4000,2000,2.0,1.0,13,90221,53.39045660279026,30.776318821136375,123105.2752845455,40156.25938773155,52.5,73.21597255859673,158.85198272230068,62.9047100598691,251618.8402394764,68211.86570450664,65.5,72.75806966843342,28.862737793366964,12.588834377506283,50355.33751002513,15318.622905761003,75.5,94.04447483765739,37.56308598821345,18.214978492236696,72859.91396894678,26018.12845095992,73.5,99.62913181134053,6.569512731108305,4.453511245083064,17814.044980332255,5365.012492984533,63.0,74.80270649902693,11.196517523788012,6.888915313407779,27555.661253631115,8381.859213113785,54.0,87.30180193914165,9.380842757536392,6.173886017408222,24695.544069632888,6444.485113024712,38.0,61.556011310670286,25.28802267394278,12.190293589758221,48761.174359032884,15362.265706062317,69.0,83.31528895584945,67.35000960653,32.00747393923812,128029.89575695246,47336.87341213226,97.5,102.18757008559078,68.86988666769086,36.96353618806461,147854.14475225843,53214.6125100553,87.0,105.04304365653107,41.58403331874049,21.358452737377956,85433.81094951183,25741.011928766966,47.0,66.32471715273523,18.237296262021182,11.56821823194623,46272.87292778492,11546.72522097826,50.5,64.50729034685689,54.77015690709919,20.773975079786034,83095.90031914413,21817.12742894888,62.5,80.36338555296972
P03,Fatigue,1,LG_0,S_1,Trial_3,33,66000,70000,4000,2000,2.0,1.0,13,90221,54.54016870060265,32.697255989711266,130789.02395884506,47570.95752283931,75.0,101.93495166422333,132.41852157345258,51.76085175736807,207043.4070294723,56214.06314894557,77.5,81.28992812077962,27.055093068531907,12.787627866968979,51150.51146787591,16737.16651275754,53.0,69.60561362026726,42.53337473227908,20.68266980178887,82730.67920715548,26846.42607346177,49.5,79.27352724677438,6.319536578364708,4.186848165444099,16747.392661776394,5165.110155940056,58.5,76.72412420920755,10.986764264253894,6.68980983896181,26759.23935584724,8116.034884005785,47.0,75.75384657011479,9.384615604264479,6.052064236137085,24208.25694454834,6735.030189156532,46.0,63.499017223513455,23.255513473588035,11.512903767463285,46051.61506985314,14307.51383304596,74.5,89.55877539478182,67.0044721932905,31.842413129867055,127369.65251946822,45585.9730951488,105.5,111.46035900156193,74.06506383263466,40.371701537328775,161486.8061493151,60457.79138803482,82.0,101.78807374971319,35.60359204116986,19.84554191319039,79382.16765276156,24789.415765553713,69.0,90.76386908393157,18.55775884964901,11.60317405492533,46412.69621970132,11493.316199630499,58.5,68.12944459287355,44.809618424539764,18.557061099458952,74228.2443978358,22864.5546361804,65.5,93.50306665980123
P03,Fatigue,1,LG_0,S_1,Trial_3,34,68000,72000,4000,2000,2.0,1.0,13,90221,71.43718505524491,42.56150521286763,170246.02085147053,60039.06466066837,72.0,95.12147788388832,118.41772409126881,50.74446560629876,202977.86242519505,54263.56568932533,63.0,75.08438692266816,31.800842067479465,14.635690905619413,58542.76362247765,17895.074095577,61.0,73.02152571116508,48.40714084732026,23.44935671542771,93797.42686171085,30110.785458236933,67.5,98.2918641520407,6.681864939973983,4.231393425608985,16925.57370243594,5023.805145174265,54.5,75.21844931771763,10.772104390109016,6.060935398284346,24243.741593137383,7882.866356521845,65.0,87.47932767967309,8.677956500259086,5.504327331017703,22017.30932407081,6284.56324338913,59.5,72.75980566880511,19.939343107743962,9.489334183046594,37957.33673218638,11633.095238357782,61.5,73.0768440672467,59.720898244090286,27.017457019537687,108069.82807815075,39437.221363186836,88.0,94.96368628242193,69.88858582751993,38.373853317950854,153495.4132718034,58112.677559256554,89.5,106.47714978681621,33.49896228532422,18.874280090525282,75497.12036210112,24323.689099401236,56.5,78.7274969061239,16.514058186302975,9.95566551561933,39822.66206247732,9984.12985354662,53.0,69.26662831975335,48.829182039882085,19.15324387816945,76612.9755126778,22911.859769374132,53.5,72.67183709821967
P03,Fatigue,1,LG_0,S_1,Trial_3,35,70000,74000,4000,2000,2.0,1.0,13,90221,76.65392933730803,45.400368810910734,181601.47524364293,64873.954467475414,88.5,105.16864342030414,153.49939691192847,69.6305374931544,278522.1499726176,73400.170635432,86.5,84.55464314991545,25.798256635863044,12.190026201307774,48760.104805231094,15324.421599507332,58.5,74.49637557673589,45.892617607957284,22.30876891524531,89235.07566098124,30228.89569401741,66.5,98.95069298285739,6.181433770827918,4.10075610387139,16403.02441548556,4812.305420637131,67.0,78.23979507942003,10.854013942220076,5.981304874562193,23925.21949824877,7855.093665421009,61.5,82.77321474117996,8.302386578353795,5.131089372327551,20524.357489310205,5848.440434783697,56.0,68.01411707781143,23.06067078010837,9.525571669940836,38102.28667976335,11872.367653995752,61.0,81.51833536302514,51.4537886625448,22.05924120452255,88236.9648180902,32504.120003432035,105.5,120.47703071598112,75.61329812533725,41.83840428777039,167353.61715108156,62508.39261338115,83.5,104.58915895511302,34.317249238654135,18.827227543853223,75308.9101754129,25161.447748541832,72.5,92.11993554857138,15.217078125892876,9.498077621334232,37992.31048533693,9513.214882463217,63.5,75.36933920981984,46.23220920203692,18.599232061579823,74396.9282463193,20528.90183404088,51.0,79.08926077626641
P03,Fatigue,1,LG_0,S_1,Trial_3,36,72000,76000,4000,2000,2.0,1.0,13,90221,56.89545464085666,32.623585149785505,130494.34059914201,48358.35909470916,98.5,104.16316896619018,140.25359150736767,61.674843472556674,246699.3738902267,67312.15259060264,74.5,80.44154156091,17.28451492537738,9.403968789358624,37615.87515743449,13236.891850829124,78.5,95.11543854181929,42.686642374208,20.912061586626805,83648.24634650722,27932.612970471382,80.0,97.02597964391761,5.926378881391582,3.761378549132496,15045.514196529984,4599.279724061489,71.5,86.06812757494386,9.386586719631865,5.302192878373899,21208.771513495594,7333.82161706686,74.0,95.18444987122132,8.4435627797915,4.906309876125306,19625.239504501224,5900.933872908354,50.5,71.54885967044751,24.09285647808257,10.732756475917995,42931.02590367198,11812.54955008626,58.5,77.4756645669528,64.97956572957757,26.535778223187663,106143.11289275065,38757.55341723561,85.5,99.76410968526253,79.77512842639473,44.790637384261935,179162.54953704774,64948.42190295458,78.0,101.18298717038043,37.44349510505077,18.886471081140918,75545.88432456367,22705.243155360222,53.5,75.98564173802707,13.480533644527966,8.714651740714908,34858.60696285963,9126.533567905426,44.5,64.55435025363684,43.992772078432715,17.04332464809995,68173.2985923998,19544.95506361127,54.5,71.46449382060027
P03,Fatigue,1,LG_0,S_1,Trial_3,37,74000,78000,4000,2000,2.0,1.0,13,90221,39.89839158374475,24.3839737692615,97535.895077046,34641.396440565586,96.0,108.24733657056383,106.68111722041,44.144931014208126,176579.7240568325,46978.57517749071,73.5,78.07299137693592,14.624093928858203,8.130015114985872,32520.06045994349,13778.00153568387,79.5,109.74020311308729,39.87898089475983,18.574292947957293,74297.17179182917,24911.79872304201,58.5,88.16636270159059,5.992644312047055,3.718069593363907,14872.278373455629,4445.461742579937,33.0,64.0898067696861,8.528561260366606,4.805017072986812,19220.068291947246,6827.198900282383,65.0,91.24589820734082,8.656555040481162,5.032634419389069,20130.537677556276,6149.056926369667,57.5,76.08208342356241,24.101604445306062,11.184054313460365,44736.21725384146,12278.276216238737,51.0,63.93239750383701,71.89357424527942,33.10834389179945,132433.3755671978,47334.12666246295,96.5,106.51163538371506,87.55838803771903,49.48862605930772,197954.50423723087,71656.59498423338,85.5,104.9889202425613,43.82269804893066,20.843788567592856,83375.15427037142,23878.41045856476,58.5,75.6919448420132,14.143470316803342,8.823354053683579,35293.416214734316,9604.468010365963,62.5,70.77229429558705,51.60032036959335,18.664788278145714,74659.15311258286,20889.03123512864,55.5,69.07295261358661
P03,Fatigue,1,LG_0,S_1,Trial_3,38,76000,80000,4000,2000,2.0,1.0,13,90221,44.70698718395386,27.361919265706092,109447.67706282437,38148.99576827884,88.0,102.95522425802162,125.04162859513228,49.13575357084628,196543.01428338513,50986.08294501901,66.5,70.66567643477376,15.874641288959515,8.492284958902747,33969.139835610986,14045.96222564578,77.0,94.70213902818614,35.00625565984633,16.602537553361618,66410.15021344647,23915.949370712042,65.0,96.94344833271388,4.78090092999024,3.300339440186508,13201.357760746032,4125.618003308773,52.5,80.18713283528959,7.900638934285863,4.659412330808118,18637.649323232472,6478.056497871876,72.0,94.57648900681157,7.8273677761300124,4.811254788888618,19245.019155554473,5891.167651861906,54.0,74.8219557126818,22.989976372310768,10.397133956872858,41588.53582749143,12038.088217377663,77.0,80.96911963979011,72.46504043213756,32.36248236891115,129449.9294756446,44458.58495309949,107.0,108.24872900459576,95.90664415026326,53.02854188876226,212114.16755504906,76825.36747306585,81.5,104.19697280388053,47.061166839974206,21.05565479246434,84222.61916985735,23186.534736305475,64.5,69.95050685873957,14.2453562077282,9.002426452760119,36009.705811040476,10050.662234425545,59.5,71.15704916847196,49.228757060927826,18.018386980425568,72073.54792170227,19887.077994644642,43.5,67.10980837460919
P03,Fatigue,1,LG_0,S_1,Trial_3,39,78000,82000,4000,2000,2.0,1.0,13,90221,61.92995420176179,34.69036881265929,138761.47525063716,48368.125315755606,81.0,101.38091344099283,165.8217806741544,60.903101158700885,243612.40463480353,59908.13625976443,62.5,69.46443178192123,24.164728682760234,10.508045038068667,42032.18015227467,13313.190452754498,50.5,69.42977388191932,40.16364540514055,18.66586752186995,74663.4700874798,24191.53992086649,65.5,86.61953247278896,5.942941860647905,3.567787289095577,14271.149156382307,4475.065600126982,64.0,76.88674145788865,8.408092524867085,4.95999284760328,19839.97139041312,6599.52387213707,68.0,91.7568843582499,7.022272867247553,4.660268935211934,18641.075740847737,5315.26580452919,64.5,76.0935404761858,19.18227718658764,8.923881887039169,35695.52754815668,9696.02633267641,69.5,79.38756261465203,62.10606883552698,23.780397274531424,95121.5890981257,31636.452302336693,79.0,99.22789143563713,86.4641185745361,45.94091606062138,183763.66424248554,66203.99169623852,79.0,101.89515911160176,36.633973435330766,16.285597738879733,65142.39095551893,19223.280157893896,46.0,61.74044251591309,12.010242618217145,8.231282892182936,32925.13156873174,9245.254192501307,53.5,72.06993463518097,42.11193980682115,16.11437902194448,64457.51608777791,18769.150879234076,47.0,76.51171375521947
P03,Fatigue,1,LG_0,S_1,Trial_3,40,80000,84000,4000,2000,2.0,1.0,13,90221,69.3996811667596,35.65095543088391,142603.82172353566,46979.79595512152,67.5,91.37130426245106,153.06900084159224,52.14986948771402,208599.4779508561,51912.65316680074,63.0,71.97654255236384,24.812051316354847,10.64447231736267,42577.88926945068,12521.210964769125,51.0,69.38420075966518,43.72270677803805,18.872051332064437,75488.20532825775,21944.0883025527,62.0,80.31846548088633,7.992639268400646,4.636914963193703,18547.659852774814,5330.525524914265,53.0,73.99057929100154,10.379298206491097,6.090954015031457,24363.816060125828,7982.359733432531,76.5,92.36750130285465,8.804186357241491,5.316137287160382,21264.549148641527,5751.693807542324,48.0,62.01382396302462,16.964056041019354,8.504342388815711,34017.36955526285,8721.540588885546,61.5,67.8947749740634,48.46637494779598,19.219290313252714,76877.16125301085,24791.552126407623,87.0,102.49650094791085,88.10520235871225,49.16291640722193,196651.6656288877,69649.94175359607,75.0,104.6104506091905,35.5040823306331,17.558538816357032,70234.15526542813,22229.750268161297,49.0,85.40800753146553,14.946943242106244,9.321791876095812,37287.16750438325,10194.71399486065,59.5,73.88196554300325,51.02948592258636,18.77304447318893,75092.17789275572,20325.337164103985,56.5,68.26123251604818
P03,Fatigue,1,LG_0,S_1,Trial_3,41,82000,86000,4000,2000,2.0,1.0,13,90221,87.8099781905612,49.33977206486743,197359.08825946972,63422.75505885482,73.0,91.65227891272241,144.2744112810246,54.44266902748495,217770.6761099398,58497.527707368135,63.5,75.19680683208037,29.701345966786175,12.988618031330407,51954.47212532163,16154.550388455391,72.0,78.28684874054059,43.98377027716525,21.77279836087255,87091.19344349019,29063.968639820814,68.5,87.50292818534496,7.469410704236576,4.655208430439234,18620.833721756935,5228.285398334265,54.0,70.19543302108285,10.049790888202185,6.092158121417742,24368.63248567097,7635.048497468233,45.0,76.83267640309641,8.961626268136355,5.4177831239299845,21671.13249571994,5666.544567793608,50.0,67.24406754967384,15.101320521317454,7.7530165508040225,31012.06620321609,8467.008452862501,58.0,78.6143571257874,45.84607293586789,19.38183502362808,77527.34009451233,26455.166842788458,107.0,106.3860780725738,73.8846148950496,42.316142528376076,169264.5701135043,57647.86647632718,70.5,97.95608468239418,37.48841503214142,18.825230351649225,75300.9214065969,23396.2032943964,66.0,77.27348537278121,16.188055178390215,9.8347118598409,39338.8474393636,10357.382614165545,63.0,72.6413772371305,48.86284197553003,19.05696900518378,76227.87602073513,20899.713039398193,57.5,69.24687519148527
P03,Fatigue,1,LG_0,S_1,Trial_3,42,84000,88000,4000,2000,2.0,1.0,13,90221,96.63811121758961,55.700628492981195,222802.51397192478,72840.13889729977,81.0,96.90095310151571,162.4628606604808,63.061065465805584,252244.26186322235,70106.8177819252,62.5,74.25536381578522,39.667804517132616,18.594000113848598,74376.00045539439,20939.69350680709,60.5,72.58186919606322,41.96903416332768,23.568412214587443,94273.64885834977,34682.292491197586,75.5,105.91649054593928,6.940631244221758,4.513775657664519,18055.102630658075,5429.103318601847,52.5,77.53170717282653,10.68047291876806,6.279824108327739,25119.296433310956,8450.52795484662,67.5,101.88035425630527,8.1321160551079,5.162148854602128,20648.595418408513,5799.91452395916,53.5,71.39558041696559,16.016126468630507,7.454609018191695,29818.43607276678,8888.481929898262,64.0,84.72008097311372,46.04775921359963,17.47293407395482,69891.73629581928,25615.27183279395,119.5,121.37196875663841,61.49708789256552,36.96724956472171,147868.99825888686,50604.28474098444,74.0,97.68383021212976,31.256278300054497,15.996565053635276,63986.26021454111,20411.096792668104,59.0,76.94446087919366,13.922189200197314,9.27786696171388,37111.46784685552,9571.507014334202,58.0,69.7548958906559,33.68714768706927,15.569115297857206,62276.461191428825,19053.286872804165,60.0,84.77825042155662
P03,Fatigue,1,LG_0,S_1,Trial_3,43,86000,90000,4000,2000,2.0,1.0,13,90221,67.27875111456166,34.03417111779563,136136.68447118253,46528.41342613101,71.5,90.17314286876764,157.25199897817674,58.62380952341482,234495.23809365928,63446.25502824783,65.0,76.20797805034425,36.26391033429142,16.876960162667093,67507.84065066837,19232.741184532642,45.0,59.863326540358095,38.84192182934079,19.95017628989881,79800.70515959524,30119.330901652575,83.0,108.70315742514279,6.616658804723614,4.249622611282393,16998.490445129573,5214.856844395399,41.0,67.14236205350927,10.102722399203307,5.936844878084957,23747.37951233983,8598.242048174143,65.0,93.33241140033398,7.910180933298224,5.011530493141618,20046.12197256647,6413.965672254562,70.5,84.9778271505954,22.180678684238234,10.528396316757426,42113.5852670297,12809.314485639334,71.0,80.55797445872635,70.9758081243332,32.030457977484915,128121.83190993965,47565.46402350068,88.5,104.1459806168432,61.085030754079625,36.8526726027485,147410.690410994,52096.68539464474,75.0,107.98079595523251,40.93098756068398,20.26605910169892,81064.23640679568,22899.651993066072,38.0,61.268653306934176,14.727386292881844,9.947984115721193,39791.93646288477,10309.46709215641,57.0,74.5381356724338,39.212624664417895,15.589717141154688,62358.86856461875,18969.663605093956,61.0,82.95038536317446
P03,Fatigue,1,LG_0,S_1,Trial_4,0,0,4000,4000,2000,2.0,1.0,13,90241,3.2023467402541312,2.188139564881567,8752.558259526268,4840.0781117379665,99.5,138.61014325688055,33.302741646744124,18.636411607312038,74545.64642924815,25517.304427921772,79.0,90.05354364258207,3.0903921818245106,2.2518222311278806,9007.288924511522,4852.285888046026,103.5,139.40351837324485,11.93606655863394,8.364969830890185,33459.879323560745,16187.511384487152,99.5,130.61078843292123,1.1994372319605202,0.8962905875174328,3585.1623500697315,2199.8412907123566,73.0,140.39350143101842,1.7274156544241275,1.2903710352955386,5161.484141182154,2719.587367027998,37.0,104.20200428151466,1.188900386242445,0.8893563416786492,3557.4253667145967,2428.126707673073,118.0,172.02386135856185,3.5506027254124986,1.8036049496382476,7214.41979855299,3513.3980214595795,86.0,134.98716597038796,1.3539988657448592,0.9289726358605549,3715.8905434422195,2503.20453196764,118.0,174.81823666794412,6.374999667192495,3.460875742463395,13843.50296985358,5542.635638266802,72.5,104.448416873659,6.350524696884093,4.6078870456432925,18431.54818257317,8979.735057801008,107.0,138.41693424452248,4.279835219741931,1.949164523044601,7796.658092178404,3475.859109312296,71.5,115.93357280432575,2.5694302491533936,1.3804902515257709,5521.9610061030835,2795.885968953371,70.5,138.35893251804674
P03,Fatigue,1,LG_0,S_1,Trial_4,1,2000,6000,4000,2000,2.0,1.0,13,90241,4.028903025904763,2.93459209674038,11738.36838696152,6916.010472923517,121.0,154.88917156814443,27.29416464707678,15.54808488531271,62192.33954125084,19639.870524406433,79.0,86.77919933999958,3.026721189852906,2.275514854490757,9102.059417963028,5191.051680594683,136.5,160.98276449292666,12.462608648764537,8.845029036817142,35380.11614726856,17946.346756070852,115.0,141.11569924280306,1.1674323369986952,0.8761160545400344,3504.4642181601375,2183.971181511879,68.5,139.63572418493897,1.5623057020746918,1.2001606040867046,4800.642416346818,2417.750097811222,47.5,110.95567567397242,1.1108466427792307,0.8264179301448167,3305.6717205792665,2266.373671591282,107.0,161.20076316483494,1.1173510692956283,0.8372147927060724,3348.8591708242893,2257.217839360237,80.0,150.51254453166905,0.9766104183710225,0.7202792883501388,2881.1171534005553,2156.808879226446,141.5,187.0988341844867,7.350791088698311,4.7461512900772505,18984.605160309,8072.697278112173,63.0,92.31999170413322,8.149052108664176,5.684931996767409,22739.727987069637,10641.823802143335,87.5,113.87914503804508,5.537390827654532,2.988520635268651,11954.082541074604,4832.753445953131,80.0,95.15916014455688,3.0731574476995043,1.7957925068913028,7183.170027565211,3433.131892234087,74.5,95.86003688110267
P03,Fatigue,1,LG_0,S_1,Trial_4,2,4000,8000,4000,2000,2.0,1.0,13,90241,3.8822223524103157,2.945410246611573,11781.640986446291,7458.035741001368,156.0,177.57715027823608,30.389613382929525,15.277678024023771,61110.712096095085,19244.3385720253,76.5,82.09200624977375,3.047551549018938,2.2672953587025404,9069.181434810162,5230.421759188175,120.0,150.30487810730358,12.135129085081623,8.640306077804416,34561.224311217666,17666.178289800882,106.5,136.4015155299267,1.8891103897220143,1.1041298866271974,4416.519546508789,2421.41243070364,84.5,149.28662251128952,2.0408639155830492,1.3674931661807932,5469.972664723173,2728.1328104436398,47.5,110.85989478676096,1.6092010756213662,0.9737206214107573,3894.882485643029,2347.8605784475803,108.0,165.2057385518072,1.2586722975825089,0.9100211313227191,3640.0845252908766,2325.27619227767,99.0,165.65954116075253,1.0501173439630749,0.7673139811493457,3069.2559245973825,2189.464680850506,146.5,186.88091643195108,12.669187926302538,5.073131123138592,20292.524492554367,9114.630986005068,100.0,127.57231703653015,7.698372971996095,5.179095689672977,20716.382758691907,10028.077848255634,105.0,130.48447836243534,6.833809631833009,3.246702171571087,12986.808686284348,4864.493664354086,79.0,114.53525552432771,3.46285701357984,1.8473394227097741,7389.357690839097,3535.372018814087,85.0,135.1334704609342
P03,Fatigue,1,LG_0,S_1,Trial_4,3,6000,10000,4000,2000,2.0,1.0,13,90241,3.1653759386928653,2.3435521489940583,9374.208595976233,6079.167407006025,148.0,172.5908828875977,21.43047781196058,8.109245719958562,32436.98287983425,11305.011250078678,82.5,100.48937526651757,2.6915690634582474,1.961020257603377,7844.081030413508,4738.44837397337,130.5,161.08268844899752,11.546836314628504,7.907117104157805,31628.46841663122,15994.323324412107,97.5,135.42752546087505,1.8661380964464198,1.0707656524842606,4283.062609937042,2404.016349464655,66.5,93.28590342263709,1.9923398557869092,1.3075184593908489,5230.0738375633955,2714.3990620970726,79.0,122.07316617403966,1.6119111686440553,0.985739215335343,3942.956861341372,2377.7696304023266,60.5,91.94287074359431,1.231940873072544,0.8881834795698523,3552.7339182794094,2378.685213625431,68.5,130.85835357066975,1.0794970360716722,0.7953514283988625,3181.40571359545,2238.2957860827446,85.0,150.47312767467432,18.584505465779756,6.759351512999274,27037.406051997095,10971.738956868649,67.5,97.74794924550206,5.516534422307452,3.710218734270893,14840.874937083572,7413.172163069248,98.5,130.2681653730743,8.987525327778572,5.264717446663417,21058.869786653668,7526.0940939188,71.0,85.11163074541065,4.356758797883897,2.6999352124286817,10799.740849714726,4811.389837414026,79.5,99.00963630223976
P03,Fatigue,1,LG_0,S_1,Trial_4,4,8000,12000,4000,2000,2.0,1.0,13,90241,2.6066513830743947,1.8639052225626074,7455.6208902504295,4395.715054124594,134.0,164.57678053323377,31.023190121978978,9.283357332809828,37133.42933123931,13091.314118355513,85.0,91.9784449530829,5.770781226731992,2.479685793118551,9918.743172474205,4869.071580469608,122.5,153.02935886133446,11.832821619889168,7.410791837435681,29643.167349742725,14241.286646574736,104.5,139.21669393072503,1.1340914854338764,0.8341604833723977,3336.641933489591,2163.523156195879,85.0,152.67660939899494,1.5187993624045826,1.1517539861262776,4607.01594450511,2485.808450728655,52.5,119.16097714558302,1.1245069973550852,0.8395496825221926,3358.1987300887704,2262.4061442911625,78.5,156.21433023208579,2.184965735664699,1.2194725432200357,4877.890172880143,2780.931442975998,86.5,141.28785106390734,1.5273515784305156,0.9581096222624182,3832.438489049673,2509.3084201216698,132.0,181.1994225599533,28.532005606928397,13.520301405410283,54081.20562164113,22110.724449157715,83.5,112.53155757995721,10.397373511094036,5.420758044568356,21683.032178273425,8325.70344209671,67.0,96.30402896992398,9.917823359366082,7.0354727962287145,28141.891184914857,10446.194186806679,86.0,100.72366817459586,6.539381383858313,4.283496138593182,17133.984554372728,7088.44531327486,96.0,116.72407887481054
P03,Fatigue,1,LG_0,S_1,Trial_4,5,10000,14000,4000,2000,2.0,1.0,13,90241,18.30394127183524,6.819399657193571,27277.598628774285,9676.493890583515,52.5,89.78426080086501,128.15997648844464,46.7791905264603,187116.7621058412,52204.11382615566,59.0,76.36573976693217,38.75154298729001,12.599438776844181,50397.755107376724,12046.328466385603,41.5,47.75043694756002,23.008023738238418,11.955319494009018,47821.27797603607,17947.87272810936,65.5,91.35470914704689,2.241968742953863,1.473549062141683,5894.196248566732,2751.937974244356,57.0,99.11956663943565,4.09142038197587,2.3140477085253224,9256.19083410129,3445.9500573575497,38.5,73.89261812573103,2.711974731065645,1.5336519505828619,6134.607802331448,2871.8793764710426,58.0,108.03076103316745,14.89265016342822,4.527252012677491,18109.008050709963,6465.238332748413,71.5,92.37547420810955,19.462523710430496,6.307917787646875,25231.6711505875,10081.181675195694,82.0,110.55047786290794,36.19015038787323,20.116448225127534,80465.79290051013,32363.120187073946,80.5,114.64916481316425,23.371593616427873,12.847759901476092,51391.03960590437,15452.298056334257,58.5,77.75172823968751,9.153989787628232,6.0017860134714285,24007.144053885713,8593.66413205862,81.0,93.8403938246238,13.182920863781932,6.112044779770076,24448.179119080305,8969.663642346859,47.0,78.63135267357198
P03,Fatigue,1,LG_0,S_1,Trial_4,6,12000,16000,4000,2000,2.0,1.0,13,90241,41.54932283813366,18.68907992183231,74756.31968732923,25347.00594842434,74.0,90.87314236281235,144.6687031660349,61.7781901959097,247112.7607836388,62720.502726733685,55.5,67.87025191084913,39.45486173345025,15.146663024206646,60586.65209682658,15401.025395840406,45.0,66.96479270424794,30.899646751076418,17.702085670793895,70808.34268317558,22892.327327281237,56.0,86.42797180141619,3.128843422502041,2.1533198967576026,8613.27958703041,3239.9438321590424,53.0,80.38880553799773,4.484178131536962,2.69005194932688,10760.207797307521,3832.326177507639,61.5,80.93130855244837,3.117655803923561,1.9496040792902931,7798.416317161173,3373.3137883245945,74.0,96.1701360266214,15.050993646337593,5.137042608892079,20548.170435568318,7096.075173467398,79.0,85.44749242410522,25.676560348763076,11.406007060909179,45624.02824363671,17906.67148306966,95.0,114.68128106967396,46.85060591506804,23.98477788171731,95939.11152686924,34534.27320346236,71.0,93.82783971066782,23.34805924347721,12.76679113842547,51067.16455370188,15356.161817908287,58.0,72.3344017748952,8.446345522781339,5.316944373771548,21267.777495086193,6853.445619344711,60.5,81.40279253182027,25.818430719261027,10.329735434264876,41318.941737059504,13923.884462565184,66.5,77.65919165293887
P03,Fatigue,1,LG_0,S_1,Trial_4,7,14000,18000,4000,2000,2.0,1.0,13,90241,46.495334847908836,22.763567790435626,91054.27116174251,31611.12116649747,69.5,86.50061027403731,166.8672268792616,59.87920047277585,239516.8018911034,55059.817899018526,65.5,71.18362109564285,16.572398983520237,8.769125890545547,35076.50356218219,12828.236538916826,75.5,98.77845219510876,53.29954534674397,23.01423372370191,92056.93489480764,26878.471486270428,50.5,75.85207450865794,4.986616872386829,2.91835018445272,11673.40073781088,3873.832616955042,54.5,77.20304317045776,5.835398217273851,3.3026375159271995,13210.550063708797,4875.175468623638,58.0,87.52835633093775,3.9852414940076346,2.551140616449993,10204.562465799972,3943.416941910982,68.5,87.21802205659515,12.965109972232996,6.436061518476345,25744.24607390538,7862.418331205845,50.5,66.06842093051802,34.00642648905797,16.84491768735461,67379.67074941844,25030.824542045593,92.5,104.1653775460239,59.62207814885944,29.22065739434911,116882.62957739644,37793.1390888989,71.0,88.93077608315123,25.049982645508877,11.679271838930436,46717.08735572174,14319.111220538616,52.0,68.53812975891685,9.352322951785958,5.753104721289128,23012.418885156512,7333.82161706686,75.0,86.14056898179017,29.85932365641864,12.745627661119215,50982.51064447686,16353.537142276764,68.0,79.30244556496518
P03,Fatigue,1,LG_0,S_1,Trial_4,8,16000,20000,4000,2000,2.0,1.0,13,90241,46.422663082006764,23.418983424629552,93675.9336985182,30113.837402313948,62.5,84.63243274878926,200.47319731536635,66.66671540201642,266666.86160806566,63246.65788561106,56.5,69.6264657643371,19.482966734127743,8.942685410438571,35770.741641754285,12851.126119494438,73.5,90.00204658576024,58.36055378292692,22.714324253110682,90857.29701244272,26836.04946359992,47.0,69.423061771635,5.688307818029833,3.402583915786818,13610.33566314727,4449.429269880056,54.0,77.47276677386085,8.001530846460913,4.879246189782862,19516.984759131446,6598.608288913965,66.0,90.33548086805611,6.185936976146671,3.9942967409035193,15977.186963614076,5100.103747099638,47.0,76.00933064094482,17.95165627558602,9.645384661620483,38581.53864648193,10911.920852959156,55.0,70.95025892045476,43.974041113938384,23.831087318900973,95324.34927560389,35042.72708669305,79.5,104.18226219601287,73.19474117188706,32.41289457192179,129651.57828768715,42288.65271434188,79.5,95.45702098852179,38.16356932156105,17.763900165772064,71055.60066308826,20012.818090617657,45.5,64.88690122358582,10.13281872275707,6.203210469475016,24812.841877900064,7743.697706609964,83.0,89.41186926643712,30.608831794645923,13.06452628960833,52258.10515843332,15986.69346421957,43.5,75.48915909549093
P03,Fatigue,1,LG_0,S_1,Trial_4,9,18000,22000,4000,2000,2.0,1.0,13,90241,82.97748543390013,40.65470705266343,162618.82821065374,51938.899885863066,68.0,86.03122250455453,158.6570191600101,47.39925076189684,189597.00304758735,50472.440756857395,65.5,69.72059763152924,24.91320120293884,10.315710606751963,41262.842427007854,13583.59269797802,73.5,81.31713103179932,41.05205551721447,16.84822504100157,67392.90016400628,21162.48542442918,64.5,78.53850800563829,5.995132935638939,3.6170174360158853,14468.069744063541,4970.090929418802,64.5,84.27287948167123,9.992450003295763,5.8164717783685775,23265.88711347431,7971.067540347576,63.5,84.10480668008319,6.898537982957433,4.452206691587344,17808.826766349375,5604.284908622503,48.0,72.16876879312824,24.809369220508703,10.674228276172652,42696.91310469061,11470.426619052887,63.0,67.33896921571073,45.45119349103984,22.01403443547897,88056.13774191588,33191.112615168095,123.0,116.52042576255928,74.75358839965477,32.5472379838,130188.95193520002,45683.33011120558,91.0,106.88592505186489,38.82218545565216,18.04328943256987,72173.15773027949,20848.13518449664,48.5,70.6402401182411,10.641927001087307,6.737891005235724,26951.564020942897,7822.437863796949,58.0,77.88369836283111,36.843972845571365,14.643108045309782,58572.43218123913,16950.19220933318,48.0,74.29299447951004
P03,Fatigue,1,LG_0,S_1,Trial_4,10,20000,24000,4000,2000,2.0,1.0,13,90241,87.51699233193584,43.33305433866335,173332.2173546534,57995.17771229148,69.0,89.03115931328735,146.0167820131022,50.7942872199812,203177.1488799248,56958.43230932951,80.0,86.80064725462479,33.57386930649047,14.368459630291909,57473.838521167636,16810.413170605898,64.0,69.84009717082297,35.60489062127134,16.415608382050415,65662.43352820165,22348.165698349476,48.0,83.10008866492817,6.185808328839565,3.743020456971135,14972.08182788454,5178.5387098789215,75.5,86.97635062369586,10.477985811964624,5.893428074242547,23573.71229697019,8110.236190259457,63.5,87.68885255908197,7.7223358470011885,4.70074160490185,18802.9664196074,5810.291133821011,52.5,71.82372797187362,27.00282913160114,10.51890126094222,42075.60504376888,11328.206025063992,53.0,62.290844810681314,55.0885030715176,22.64070193909574,90562.80775638297,33171.2749786675,67.5,90.90129128439433,58.38683788623655,29.039919930882753,116159.67972353101,41281.20597451925,80.5,104.78923849709066,35.88661990534347,17.46523638430517,69860.94553722069,20901.2390114367,40.5,65.81749084368343,11.363294510617404,7.142870059760753,28571.480239043012,7860.587164759636,71.5,86.82605582759471,44.0208185590184,15.760223725088872,63040.89490035549,18210.03472432494,52.5,75.48013376314495
P03,Fatigue,1,LG_0,S_1,Trial_4,11,22000,26000,4000,2000,2.0,1.0,13,90241,70.87695786524337,36.184339538950006,144737.35815580003,50930.23236840963,74.0,95.15931030695788,153.1378217019737,58.975959616713226,235903.8384668529,64005.67637756467,81.0,80.24903263043548,28.584458597685625,12.711418763303664,50845.675053214654,16565.6472556293,55.0,66.4291893676372,35.28894104647909,17.208362873084845,68833.45149233937,23758.16386193037,64.0,94.93938676303169,6.041083892221549,3.567686956434045,14270.74782573618,4915.155936032534,60.5,78.53690934879805,10.411432726899898,5.677210730849765,22708.84292339906,7637.490052729845,63.5,84.74552019310147,8.680519395291384,5.231213166436646,20924.852665746585,6111.5180142223835,46.0,65.92386662654121,22.83686075587685,9.010143941896967,36040.57576758787,10603.064112365246,60.0,69.86249214950004,65.12347703466165,28.873586842324585,115494.34736929834,40788.622200489044,81.5,98.80255185119847,46.025771273944784,26.943866254994646,107775.46501997858,38648.90420809388,88.5,106.78872545412995,35.64356105456098,17.907125040108802,71628.50016043521,22087.834868580103,44.5,70.10233561694307,13.499567117928088,8.40586527113337,33623.46108453348,9095.403738319874,68.0,74.98255647730652,47.055188664679534,17.366935363796074,69467.7414551843,20521.577168256044,54.5,76.75997989601136
P03,Fatigue,1,LG_0,S_1,Trial_4,12,24000,28000,4000,2000,2.0,1.0,13,90241,74.12191354872928,40.9220673870761,163688.26954830438,59156.74762800336,80.5,100.52252614634425,164.4862334782499,55.01132174464874,220045.28697859496,60998.595878481865,59.5,73.17478935615092,23.16864424055939,9.686556150205433,38746.22460082173,14813.220966607332,73.0,97.61608792667214,31.34301599620518,15.210824502329341,60843.29800931737,21136.54389977455,49.0,83.02352028748498,7.095571573667594,4.072237212443724,16288.948849774897,5569.797940552235,66.5,79.76748560816297,11.058173700365607,5.936709371767938,23746.837487071753,8626.31993368268,62.0,86.63248515543178,8.074668532833591,5.071012768754736,20284.051075018942,5969.297420233488,43.0,67.02782424362469,19.779277528899847,8.650144172133878,34600.57668853551,10559.116117656231,66.0,74.93486067309641,60.46678712704369,27.098922944278456,108395.69177711383,37769.944313913584,92.0,100.25971612737966,54.32726381076777,27.21782878373051,108871.31513492204,39950.558356940746,83.5,105.08130784038063,34.97313361999249,18.027855636924507,72111.42254769802,23362.631909549236,57.0,79.32146681591398,13.86208432774752,8.499867208767682,33999.46883507073,9265.091829001904,65.0,73.03498257952482,42.854965463928075,16.62775813252665,66511.0325301066,19585.545919835567,62.5,76.42759044089576
P03,Fatigue,1,LG_0,S_1,Trial_4,13,26000,30000,4000,2000,2.0,1.0,13,90241,69.45749591369815,37.04984673068393,148199.38692273572,51561.06920912862,80.5,103.11375514327354,161.19526481854936,56.8719876719173,227487.95068766922,66623.63400682807,69.5,77.33779458904817,35.79987248573575,14.973602916812524,59894.4116672501,17010.92589646578,45.5,62.5399828433825,30.78993722077649,15.371318229986354,61485.27291994542,21894.341614097357,76.0,103.11708727231384,6.5038259460658185,3.8998645936022514,15599.458374409005,5233.47370326519,75.0,85.71115408818629,10.964516324007759,5.719519144902006,22878.076579608023,8413.904625922441,72.0,96.91850067454256,7.315604623373861,4.6194918341003355,18477.967336401343,5737.044475972652,39.5,66.08934089328959,20.02988578079462,8.980567857041024,35922.271428164095,10851.187165826559,68.5,79.29352022070502,63.40162727322583,26.94096690812148,107763.86763248593,37598.73025119305,79.0,92.73593420744214,65.08936448585563,32.5320483436808,130128.1933747232,43891.83893799782,69.0,87.5526981032351,51.938954990180406,22.467125900555402,89868.50360222161,24211.072362959385,56.5,67.43174937209751,12.68980461148399,7.800223678443581,31200.894713774323,8557.651191949844,60.5,70.7843795611911,36.2651016598141,13.766739709442481,55066.958837769926,17337.178718298674,70.5,80.43920388427819
P03,Fatigue,1,LG_0,S_1,Trial_4,14,28000,32000,4000,2000,2.0,1.0,13,90241,76.01771088770396,40.38372909633908,161534.91638535634,54660.31841933727,67.0,89.47278304749071,114.27509263396605,47.39466746672988,189578.66986691952,57553.25620993972,80.5,89.44677365953812,30.643427637189934,13.129975115892012,52519.90046356805,15147.714037448168,59.0,79.44672860109007,30.719647303202926,15.9730943066068,63892.3772264272,22747.66517803073,89.5,117.07333582615715,5.533685656095762,3.456526493257843,13826.105973031372,4610.266722738743,63.0,76.75843651780266,9.825608183908262,5.237754817819223,20951.01927127689,7814.197614789009,67.5,91.6018554494555,7.1545405292540885,4.587032272480428,18348.129089921713,5797.472968697548,51.5,71.35751416331432,22.31950197481282,10.003951467340812,40015.80586936325,12063.724547624588,73.5,81.4784993360159,65.29702657295239,29.027428857865743,116109.71543146297,40976.927150040865,79.0,97.33439755560202,61.06149215966059,33.744973627571014,134979.89451028407,47794.9702180922,72.5,103.31514392129884,55.248303407587414,22.727520439657383,90910.08175862953,23829.57935333252,55.0,62.037230976031104,12.072219816783608,7.819649951031897,31278.59980412759,8778.001554310322,73.5,81.71398157833902,30.3152565452666,11.615024410432671,46460.09764173068,14542.208332568407,64.0,80.65350665360198
P03,Fatigue,1,LG_0,S_1,Trial_4,15,30000,34000,4000,2000,2.0,1.0,13,90241,74.88630227535974,42.397573927999474,169590.2957119979,58073.917869478464,76.5,96.28899018246425,115.55187532410751,45.09892364020925,180395.694560837,57924.06741529703,85.0,89.57691277452928,17.59947818916372,8.629677758854815,34518.711035419255,13057.742733508348,69.5,79.23189142155398,36.52029462549928,16.078854850679637,64315.419402718544,22678.996436297894,60.0,83.06933092126542,5.292006148383598,3.3132149437093177,13252.85977483727,4458.585102111101,70.5,89.9968699404913,7.575329108323993,4.533752043172717,18135.00817269087,7348.470948636532,86.0,114.68265279043958,6.7530800578452075,4.495210529246833,17980.842116987333,5599.401798099279,55.0,75.666536021855,24.450910397322385,10.733493215218186,42933.972860872746,13480.436988174915,74.0,82.22983945526282,55.173873454035956,26.2010463377228,104804.1853508912,38022.03489467502,82.5,101.05785910367771,54.583025283911574,31.33889568988234,125355.58275952935,47015.50370082259,82.0,103.75855276363245,46.22198787436967,19.786245882464573,79144.98352985829,23320.820275694132,57.0,67.80809034692544,11.857043572999473,7.671553296514321,30686.213186057284,9556.85768276453,69.0,82.0423862209925,30.191450277399714,11.343019589374308,45372.07835749723,13176.463358104229,62.0,74.18218444741062
P03,Fatigue,1,LG_0,S_1,Trial_4,16,32000,36000,4000,2000,2.0,1.0,13,90241,64.18136809642496,36.13458098606206,144538.32394424826,48959.5920778811,73.5,90.46859899835941,127.72230379830093,49.85033720671199,199401.34882684797,67689.37287852168,96.0,100.81265110832975,34.40233271811611,12.916558579728008,51666.23431891203,16429.225355386734,55.0,57.12702211612368,38.019605239650744,16.807737302337774,67230.94920935109,23936.397396028042,89.5,109.19206423335311,5.510059625452675,3.5541805397719144,14216.722159087658,4693.279601633549,62.0,78.12983523941358,8.999123879962026,5.276929953484796,21107.719813939184,7474.211044609547,65.0,96.74600243750092,6.886575471387607,4.49648444885388,17985.93779541552,5409.570876508951,45.0,68.69280035665543,25.410622775598625,10.78588502360508,43143.540094420314,13745.650928467512,74.0,80.85968242504133,52.66651151889962,23.613504573877435,94454.01829550974,33932.42983147502,92.0,105.6135787034843,53.16458424917486,32.1543463826878,128617.3855307512,44829.0909640491,90.5,107.6287064073547,41.10171338713292,18.664178347121926,74656.7133884877,22519.684955477715,57.5,72.40064214416269,11.759897579127976,7.663697821355891,30654.791285423562,9507.72138312459,65.5,82.74155237504182,36.81182428258387,13.95858773717191,55834.35094868764,17443.996760994196,80.5,89.74529905063429
P03,Fatigue,1,LG_0,S_1,Trial_4,17,34000,38000,4000,2000,2.0,1.0,13,90241,53.629242286428806,29.381294258183335,117525.17703273334,40274.06442910433,60.0,85.06324637355618,141.8633613463682,51.574410973407794,206297.64389363118,66713.97155150771,84.0,84.63637580438686,35.23931214301463,13.259731074329466,53038.92429731786,16983.153205364943,52.5,73.84927695959661,34.053435020682294,17.35416232929565,69416.6493171826,25688.213296234608,80.5,101.40543609542856,6.327570593643762,4.030515763536096,16122.063054144382,5223.097093403339,59.5,80.64254835847602,9.823561569315354,5.676079489628319,22704.317958513275,7711.347099393606,64.5,90.00222569271207,7.266497593473114,4.605495160771534,18421.980643086135,5748.031474649906,44.0,62.65969207502257,22.056182587154115,9.63625705987215,38545.0282394886,12384.789064526558,78.0,81.63165212576439,60.42295911383176,27.405381352768746,109621.52541107498,39594.701677560806,97.5,105.88170146915779,60.51125636734729,34.934939288767055,139739.75715506822,47744.307946413755,61.5,93.38831846701422,35.29116146398482,17.26969291009009,69078.77164036036,21660.257503390312,69.0,81.02479519902704,11.501263458761143,7.450137920118868,29800.551680475473,8681.254927068949,69.0,81.22231331517105,40.95403458893351,15.865099892066791,63460.39956826717,20722.700282931328,70.0,91.6931664415584
P03,Fatigue,1,LG_0,S_1,Trial_4,18,36000,40000,4000,2000,2.0,1.0,13,90241,45.329198814849576,24.816839886491653,99267.35954596661,34342.30592101812,73.0,97.38023037203794,220.06469069787022,72.50553900841624,290022.15603366494,79097.23464399576,81.0,80.92942121046656,19.678334209349494,9.628434316813946,38513.73726725578,15533.174574375153,111.5,135.42077019629792,35.199376093830374,18.229015146032907,72916.06058413163,25444.668158888817,61.5,91.52908453786623,6.254388834651264,3.9061562144663187,15624.624857865274,5185.558181256056,71.0,78.36257792492418,10.25834686316026,5.580257486994379,22321.029947977513,8007.996063679457,56.0,88.85717950120973,7.38366342665057,4.657406593160704,18629.626372642815,5949.15458932519,66.0,81.91064805922845,18.368118960640935,8.519652466278057,34078.60986511223,11068.790778517723,72.0,85.62871165359329,65.631260168899,29.81126846765401,119245.07387061603,44567.53935664892,89.5,104.37126861460422,77.35101511102654,41.72313678530045,166892.5471412018,58611.36522144079,84.5,104.91543302851456,41.17474164487872,20.092098747100682,80368.39498840272,23703.534062951803,61.0,77.31785219912678,13.782311528707384,8.40342577593401,33613.70310373604,9539.766795933247,68.0,77.37362979526884,40.53734087705469,15.885252031404525,63541.0081256181,20831.65468648076,67.5,86.5335141642003
P03,Fatigue,1,LG_0,S_1,Trial_4,19,38000,42000,4000,2000,2.0,1.0,13,90241,46.49483000038178,26.12335093729198,104493.40374916792,36760.97160205245,77.0,92.805238292039,222.06443227344872,76.7513880815939,307005.5523263756,84226.02666541934,76.5,82.30330548733582,17.445210808553362,9.47682350128889,37907.29400515556,16898.91954883933,84.5,108.7557001800821,41.49721853594023,20.81279660958098,83251.18643832393,28044.61931809783,64.0,92.12539456057848,6.125391846549808,3.8195006495690906,15278.002598276362,4982.603900134563,71.0,86.55248096009127,10.398548477661418,5.768307370319962,23073.22948127985,7906.976714730263,52.5,80.24973824071364,7.201624575930594,4.7300579693168405,18920.23187726736,5781.908053904772,56.0,68.78962085100068,18.064819969070964,8.607496763393282,34429.98705357313,11528.718750923872,71.5,84.0783458366699,63.488878175485226,29.18821725072339,116752.86900289357,45431.84991925955,91.5,109.38663619894052,68.58865940332377,37.74315389101393,150972.61556405574,55934.505071491,86.5,106.65369284441374,43.60627588170905,22.059034130116924,88236.1365204677,27320.39298862219,50.0,70.17975850900595,14.62307867764122,9.233485514647327,36933.94205858931,10661.05104982853,73.0,80.24754888565813,40.48201976429381,16.409728849935345,65638.91539974138,19958.49348604679,43.5,63.817668023477935
P03,Fatigue,1,LG_0,S_1,Trial_4,20,40000,44000,4000,2000,2.0,1.0,13,90241,41.26327872563639,25.416301864665,101665.20745866,37298.11375960708,74.0,93.90532894007626,176.1355460943626,68.94447915779892,275777.9166311957,78070.56065648794,66.0,78.12889504718895,17.796508132768004,9.871877023286652,39487.50809314661,17584.691382944584,94.5,122.15022564638022,46.10599064737373,23.953287236043252,95813.14894417301,36584.87442880869,102.0,123.37990275675429,6.852389419342472,4.3639699526131155,17455.87981045246,5022.88956195116,55.5,70.63760880774304,10.845666766189472,6.109786989691202,24439.147958764806,8033.022005110979,54.5,77.02791049374575,8.9947123109446,5.397949073463678,21591.796293854713,6005.310360342264,43.0,71.72645188922728,19.156671559095226,9.068130345270038,36272.52138108015,12039.003800600767,65.0,82.64919096008019,54.407013224013795,25.76629362311214,103065.17449244857,41083.74519273639,93.0,116.40105644253191,55.66897359711502,32.241103539173494,128964.41415669397,50192.88267940283,91.5,109.30062988473782,37.62107943335944,20.25914194674697,81036.56778698787,27916.1324724555,72.0,87.42062390950358,13.582076877037549,8.803837977640796,35215.351910563186,10022.889543324709,51.0,67.7420167765196,38.732084121747626,15.826868989749347,63307.475958997384,18805.774208158255,63.0,80.34453157000303
P03,Fatigue,1,LG_0,S_1,Trial_4,21,42000,46000,4000,2000,2.0,1.0,13,90241,41.07931927012702,27.20477642004844,108819.10568019375,40165.4152199626,77.0,97.70078565199586,157.43432594277542,57.81279284756165,231251.1713902466,64389.00055363774,79.0,82.9200049830372,46.98895400746719,17.0120996741578,68048.3986966312,20972.65450283885,36.5,48.21887524740915,50.45925715838228,24.145032336958685,96580.12934783474,34478.11743244529,68.0,80.18682718916827,9.34354510660525,5.307117190142162,21228.46876056865,5460.843537002802,50.0,67.38747780461536,11.77778976642586,6.332401436765212,25329.60574706085,8524.690195918083,57.5,84.89588745423843,10.629661532106711,6.094077031256165,24376.30812502466,6510.712299495935,45.0,61.07494469485154,22.181799552329895,10.334304385294672,41337.21754117869,12885.918281972408,66.5,78.75943871734249,66.19408893487186,29.819271275412756,119277.08510165103,45263.99299502373,93.5,112.68942817289144,58.816494513528106,35.10104851722717,140404.1940689087,52637.79507949948,76.0,101.94314439697719,53.87013891365168,27.941119501600042,111764.47800640017,31615.69908261299,64.0,80.73065488951289,14.046365017527625,8.699159576639067,34796.63830655627,9350.24106875062,61.0,75.39353383880733,43.512968794246845,17.318518903315997,69274.075613264,21182.323060929775,67.5,83.6583753504772
P03,Fatigue,1,LG_0,S_1,Trial_4,22,44000,48000,4000,2000,2.0,1.0,13,90241,47.90193255093442,31.658531782508362,126634.12713003345,46115.48539251089,68.5,96.36701879783908,134.2622615662204,56.36749734845944,225469.98939383775,67562.10681051016,76.5,82.63659010991472,50.98859234044032,19.97028638870688,79881.14555482753,22767.808008939028,50.5,66.89729688530548,54.37170146357438,26.019195334310645,104076.78133724257,33731.61191120744,82.5,96.66968288069043,13.4026555834874,6.588617940724362,26354.471762897447,5591.466743499041,32.0,46.29773689440892,10.1009215064524,5.7993361805565655,23197.344722226262,8002.197369933128,80.5,93.51307735790905,8.919154195009709,5.347597337095067,21390.389348380268,6277.543772011995,52.0,69.93736143476178,22.105611043658865,10.228317463269923,40913.26985307969,13086.431007832289,61.0,81.20366342303019,72.34678076491095,33.12204254278913,132488.17017115653,49788.50008919835,107.5,107.6449418165269,51.21904720847459,33.960533811105414,135842.13524442166,51492.705661803484,79.5,106.43563720067705,60.66440862076359,33.31825488869799,133273.01955479197,35923.212952911854,45.5,61.76980800996427,14.570452726266542,8.904456148541067,35617.82459416427,9325.520321726799,47.5,65.61696596378188,53.98341089781013,21.068512251367792,84274.04900547117,22845.327388495207,51.5,62.282338600816956
P03,Fatigue,1,LG_0,S_1,Trial_4,23,46000,50000,4000,2000,2.0,1.0,13,90241,70.20915308505704,38.81998471011175,155279.938840447,55749.5572604239,78.5,100.43044079678981,149.2545025007378,64.37682596722152,257507.30386888608,78134.04109328985,71.0,82.49612906329277,32.86617980278455,15.360217393795029,61440.86957518011,20249.648950994015,54.5,70.17048538460716,47.850363164837034,24.044643557805102,96178.57423122041,33586.33937314153,71.5,93.36378056718863,13.146777772043535,6.556413864973001,26225.655459892005,6212.537363171577,19.0,35.00335701221195,10.335717964541963,6.208100141678005,24832.400566712022,8820.118382573128,76.0,105.73328175006588,8.496361692938141,5.343498576199636,21373.994304798543,6247.329525649548,54.0,74.71414760506327,20.35637367568126,9.040255108848214,36161.02043539286,12005.737610161304,77.5,87.77483734953285,57.48308661989464,23.58800062170485,94352.0024868194,35492.27844923735,87.5,106.54942957736147,73.24875460720943,43.82277741106227,175291.10964424908,69409.44856032729,88.5,107.55743602794604,41.62351593245594,22.358704442740418,89434.81777096167,26071.23227789998,56.0,76.58463071615468,16.826046449641623,9.288736574992072,37154.94629996829,9872.428700327873,63.5,80.51921442042227,49.70025403175921,19.673143429122867,78692.57371649146,23986.144084483385,74.5,99.0646838164791
P03,Fatigue,1,LG_0,S_1,Trial_4,24,48000,52000,4000,2000,2.0,1.0,13,90241,102.59155766818111,56.857108033017724,227428.43213207088,79583.40933546424,83.5,99.85075552690789,171.8952115321772,71.604984320933,286419.937283732,81660.5624742806,69.5,79.42856348457785,28.734847548480225,13.887745324568822,55550.98129827529,18242.3853315413,60.0,76.80754857292465,45.292618517526606,23.01074962434359,92042.99849737436,31004.0894895792,64.0,86.84693767232287,11.060450280164291,5.873620041599497,23494.48016639799,7110.724505037069,57.0,78.41946878057766,11.320708131855383,6.507996298163198,26031.98519265279,9081.669989973307,71.5,102.66748356518099,10.15649922090492,6.404051584517584,25616.206338070333,6328.206043690443,37.0,54.23150686718242,26.736246775197195,11.028597438009456,44114.38975203782,13100.164756178856,58.5,76.96115672065689,52.6153820967627,22.03712761887582,88148.51047550328,32624.366600066423,91.5,104.54158574746556,82.35177284344131,49.47671470306814,197906.85881227255,72705.54816350341,78.5,103.86559051634895,30.94613934131175,16.219447003607637,64877.78801443055,21029.115468263626,52.0,76.86525762173697,16.094853036982343,8.970184571051504,35880.73828420602,9728.68213430047,60.0,73.44775388962006,55.59912273882814,20.66437198552303,82657.48794209212,25697.979517281055,58.5,71.609379170805
P03,Fatigue,1,LG_0,S_1,Trial_4,25,50000,54000,4000,2000,2.0,1.0,13,90241,87.251215833335,45.51708919135854,182068.35676543415,63147.774897515774,78.0,90.89972352626313,210.8710261558147,92.99500003505963,371980.00014023855,101227.49153524637,55.5,73.8975608742814,19.21597146833021,10.37307151418645,41492.2860567458,15317.402128130198,73.5,97.45074310430006,43.31683265304002,23.113732899306342,92454.93159722537,32236.464507877827,71.0,97.41436345543185,9.361785572830248,4.861444657773245,19445.77863109298,5948.239006102085,65.5,76.15948735715132,9.450655389200932,5.587920384481549,22351.681537926197,7651.834189891815,74.5,98.07731107931808,8.757271646059941,5.5187063366407525,22074.82534656301,5659.525096416473,46.5,65.81776334865286,25.184582601500047,10.524831798672675,42099.327194690704,12340.841069817543,66.5,73.71844763478353,47.36142965459085,21.538958901632576,86155.83560653031,34692.058712244034,98.5,111.52566638763993,74.85892529172604,43.8203335668426,175281.3342673704,63070.255517959595,88.0,115.73316923693092,35.239637595501435,17.301357135083528,69205.4285403341,24223.585333675146,69.0,96.67053069728456,14.13257069680055,9.312574890535325,37250.2995621413,10423.91499504447,58.0,75.29687380740364,56.622662131905464,21.02151853091782,84086.07412367128,23760.605417191982,59.5,77.95684504284057
P03,Fatigue,1,LG_0,S_1,Trial_4,26,52000,56000,4000,2000,2.0,1.0,13,90241,40.72141420398102,24.74857358173467,98994.29432693869,35161.14251688123,79.0,102.7301778933919,187.35707744825547,73.08317130804062,292332.6852321625,81590.36776050925,74.5,81.25166822122796,25.014882352419495,9.897008829028346,39588.03531611338,14175.364654511213,47.5,67.06213306983899,36.15279114852893,17.66174949930282,70646.99799721129,25067.447870969772,82.0,96.07499968831566,5.899091101200088,3.7582953226286917,15033.181290514767,4650.857578963041,73.5,81.11116019477285,7.89345886364937,4.900824960379396,19603.299841517583,6934.016942977905,58.5,91.55536768367377,6.960957086308158,4.562369512394071,18249.478049576283,5458.40198174119,51.5,73.79230441432351,18.25000568710206,8.547726269811392,34190.90507924557,11171.030905097723,75.5,85.67814535659686,50.306401708292924,23.430741191783454,93722.96476713382,36997.80246242881,97.5,116.72444653663139,72.7224693424791,42.509122560312974,170036.4902412519,67348.77591952682,68.5,101.89900101356335,41.73723901582178,19.301758458279075,77207.0338331163,25097.051728516817,48.0,64.79133937981318,15.731249362477046,10.242623107787221,40970.49243114889,11515.290196985006,50.0,67.4395446543714,42.94892677811318,17.585182478895877,70340.7299155835,21315.99821150303,69.0,83.98230730706976
P03,Fatigue,1,LG_0,S_1,Trial_4,27,54000,58000,4000,2000,2.0,1.0,13,90241,59.051842712440546,35.74441755590961,142977.67022363842,51403.89408916235,69.5,94.22481988402,160.01458427028663,59.43187916576862,237727.5166630745,66475.00433027744,78.5,80.01661044786992,24.88100624322351,9.699107575416566,38796.43030166626,13062.931038439274,58.0,75.18173326799057,39.527816006193476,17.48085573815042,69923.42295260169,21254.65413555503,51.5,78.40308384643006,6.020617659352721,3.7602677940856664,15041.071176342666,4703.6562114953995,52.0,75.06213996093737,9.362487339995718,5.220680258888751,20882.721035555005,7251.724321395159,56.0,83.41203118522772,7.952369641800681,4.996817261492834,19987.269045971334,5602.453742176294,49.0,66.54129445440297,18.319937386341504,8.331625892175362,33326.503568701446,10783.434007316828,65.5,84.6800794189039,54.9493923270956,24.003568091010674,96014.2723640427,35059.81797352433,101.0,107.33333642932459,77.22605502106816,44.808093131007624,179232.3725240305,72955.19718900323,105.0,119.1885517614409,38.538969367047294,18.692521522869356,74770.08609147742,23683.391232043505,71.0,87.48111454640123,14.966806041142068,9.702909382153303,38811.63752861321,10754.745732992887,68.0,79.75099885853507,47.80550034455314,18.595798014104368,74383.19205641747,21910.211723297834,69.0,79.37130373126271
P03,Fatigue,1,LG_0,S_1,Trial_4,28,56000,60000,4000,2000,2.0,1.0,13,90241,61.99510622574836,36.82937268828973,147317.49075315893,52811.14550307393,86.5,99.86850528796411,192.0166778378991,78.1058475391008,312423.3901564032,86175.30334740877,76.5,81.43167306627032,17.261711678524318,9.187024701782502,36748.09880713001,13885.124772787094,73.5,98.91607487561193,53.145705209838,23.357084238203242,93428.33695281297,30329.609848558903,73.5,95.20466826335034,6.765599504945983,3.9789241367368957,15915.696546947584,4946.896154433489,67.5,80.43921605821697,9.819257295511532,5.443778439098969,21775.113756395876,7733.015902340412,76.0,97.78607375137555,7.838123021420888,4.785129956842866,19140.519827371463,5483.733117580414,66.5,77.52587775945109,17.526190377639768,7.57750103995204,30310.00415980816,10134.895890951157,84.0,88.10615880596022,51.99383995080434,21.813899845490234,87255.59938196093,31875.41952356696,89.0,104.82812017355559,82.2080532417259,47.08842608961277,188353.70435845107,73349.81355816126,85.0,112.79548089349578,35.95320179822953,18.479045588243753,73916.18235297501,24739.97427150607,59.5,81.00274488291075,14.84186355050119,9.603007655125111,38412.030620500445,10537.447314709425,57.5,72.63839739274152,45.85679333670908,18.30678993515903,73227.15974063613,21545.809600502253,62.0,78.55586764977139
P03,Fatigue,1,LG_0,S_1,Trial_4,29,58000,62000,4000,2000,2.0,1.0,13,90241,75.49858828790107,40.51521409554407,162060.85638217628,60131.84376060963,79.0,94.6959371849882,161.79222852473706,67.71587809724733,270863.51238898933,77964.96339142323,79.0,85.73238992101534,24.375938785052508,12.209949750034138,48839.799000136554,15842.336509376764,61.0,79.51508737066693,46.82626524870609,20.1040433695307,80416.1734781228,28532.930370420218,72.0,94.7216692808222,7.091125473753229,4.183017441537231,16732.069766148925,5319.843720644712,67.0,85.91456343992814,10.684450678918632,5.896247231285088,23584.98892514035,8326.008636504412,65.0,92.1697144473098,7.817978146177719,4.850715662818402,19402.86265127361,5609.168019145727,42.5,65.30910416419776,21.38017898885386,8.11894853686681,32475.79414746724,10915.888380259275,59.5,83.5285560730046,49.03091215830043,20.65219427086413,82608.77708345652,29679.545760154724,76.0,104.66799592607327,65.9400707565315,37.23266436108388,148930.65744433552,55914.057046175,72.0,102.43248118525045,40.382274523545235,20.063953222881537,80255.81289152615,24801.623541861773,58.0,73.98017294519138,15.15204441676574,9.344384540664032,37377.53816265613,10376.304667443037,57.0,71.69168614970164,39.881893387018906,16.432520081615074,65730.0803264603,20109.86991226673,68.5,86.59699390799554
P03,Fatigue,1,LG_0,S_1,Trial_4,30,60000,64000,4000,2000,2.0,1.0,13,90241,76.42060696082939,41.93191821954679,167727.67287818715,62507.17183575034,86.5,108.89863872031104,171.28736354011698,77.35792641175212,309431.7056470085,81552.52365395427,63.5,73.61691381181896,26.148762938522474,13.159231318859383,52636.925275437534,16349.874809384346,55.0,69.3584404333395,40.37721555226833,20.756333660392556,83025.33464157023,28250.93073770404,66.5,95.42416536788647,6.402268733097921,3.9296223454293795,15718.489381717518,5063.78561258316,56.0,72.19811225582775,10.717202979135566,5.934918567282148,23739.67426912859,7747.054845094681,50.5,75.45622165074218,7.780855110409941,4.988636830588803,19954.54732235521,5763.596389442682,53.0,73.68550566968112,22.08930226251016,8.826753308996558,35307.01323598623,11510.407086461782,74.0,80.97199168962045,51.041562209847264,21.37370761280181,85494.83045120724,31740.828789770603,91.0,104.45779096778372,55.03387146400891,31.29618991271127,125184.75965084508,46267.472207546234,92.0,114.33247944507124,35.40347694372118,16.75996560319327,67039.86241277307,19636.208191514015,46.5,72.34331798027371,14.607597643200476,8.948912787879816,35795.65115151927,10186.168551445007,61.5,77.99428019986921,53.64558412320396,18.98383317105472,75935.33268421888,23045.534919947386,60.0,80.09993488405887
P03,Fatigue,1,LG_0,S_1,Trial_4,31,62000,66000,4000,2000,2.0,1.0,13,90241,70.16008284712716,41.38946365738521,165557.85462954082,61539.40036892891,76.5,104.44566090488725,179.81054209891087,77.54619225827045,310184.76903308183,80915.27773067355,73.0,77.20712897707278,26.29049847355613,12.37580032623373,49503.20130493492,15660.135447978973,57.5,72.14550041790432,43.87759877466631,22.393305935012176,89573.2237400487,30503.875855356455,74.0,95.88439487682564,6.397811208962453,3.9263729787198827,15705.49191487953,5027.772672474384,73.5,85.5970809522988,10.96872180752076,5.919393938151188,23677.575752604753,7709.210738539696,76.5,91.86601893120744,7.417141202025257,4.659842578624375,18639.3703144975,5543.856415897608,43.0,66.52960315267015,21.132396543894412,8.365281663276255,33461.12665310502,11175.303626805544,76.0,88.5621313758252,48.693687634876284,19.849327353877015,79397.30941550806,29882.500041276217,102.5,108.83534235538892,55.73485087167924,32.8391847796971,131356.7391187884,50171.519070863724,90.0,102.1158804254936,34.13278168281356,15.867516573984176,63470.066295936704,20763.90152797103,46.0,72.2187317513444,14.619575387885044,9.406428312940989,37625.713251763955,10294.817760586739,60.5,68.36274959326656,52.639843990616924,19.1352031881921,76540.8127527684,23301.287833601236,58.0,76.81052653009087
P03,Fatigue,1,LG_0,S_1,Trial_4,32,64000,68000,4000,2000,2.0,1.0,13,90241,72.79018715160426,45.45762244251091,181830.48977004364,65038.45425322652,73.0,94.89033052084423,128.6862732777806,48.55750859344844,194230.03437379375,59018.18936690688,75.0,83.60311790120893,25.351354151130135,12.121196316927671,48484.785267710686,15586.888790130615,46.0,66.69289924521834,38.4303633127344,18.700915208365767,74803.66083346307,24995.72718515992,60.5,91.19473054449668,6.722507732633861,4.213455547997728,16853.822191990912,5345.785245299339,56.0,75.42580476337345,10.981970325908696,6.079831967828795,24319.32787131518,8412.989042699337,60.0,90.97277436737541,7.52551200991922,4.856021925387904,19424.087701551616,5743.148364126682,54.0,73.74497519920101,25.61377383974277,10.34449425432831,41377.97701731324,13004.333712160587,80.0,81.20631222378631,61.65484074787699,27.416793830599637,109667.17532239854,41191.17362424731,92.0,107.20922095527318,67.35254291614919,39.4284302764223,157713.72110568918,62398.82782101631,85.0,112.46076620010643,37.64794466594307,18.63596465010196,74543.85860040784,23966.91683679819,65.0,84.79798531091853,16.058690469433067,10.575433489261195,42301.73395704478,11888.23776319623,63.5,76.10610505355659,34.20262650986832,14.313697071745992,57254.78828698397,20032.960921525955,69.0,91.92639819242768
P03,Fatigue,1,LG_0,S_1,Trial_4,33,66000,70000,4000,2000,2.0,1.0,13,90241,56.775916459394,37.661911139683795,150647.6445587352,50815.47927111387,73.5,93.47421473432945,130.15858057026247,49.84838899821043,199393.55599284172,63721.54038399458,84.0,93.70456289845276,26.334194684105363,12.435810321127065,49743.24128450826,18185.619171708822,76.0,84.70323154123825,38.02699247945038,19.253833742288407,77015.33496915363,27098.516654223204,59.0,92.01762766079801,6.6398120480440275,4.314834759302903,17259.339037211612,5285.356752574444,51.0,72.09258891539751,9.60540169276258,5.783838294085581,23135.353176342323,8185.314014554024,67.0,94.76977292007045,7.444596814974598,5.177418798999861,20709.675195999444,6018.128525465727,57.0,73.56545090650033,24.744908021117446,10.823047516599763,43292.19006639905,13564.975839108229,68.0,84.53274177963276,69.30795965350376,33.364331728848626,133457.32691539451,51282.73190930486,106.0,117.60683418667146,72.28713916255738,43.03965329141356,172158.61316565424,64329.48764413595,76.5,109.75384203692514,37.04724666928201,19.641444106772543,78565.77642709017,26174.082793295383,50.0,85.03014544119314,14.84132319974246,9.31797438999638,37271.89755998552,10896.661132574081,68.0,79.14286676171797,47.32014589145792,16.886340465385,67545.36186154,21116.401068866253,71.5,87.30184281692277
P03,Fatigue,1,LG_0,S_1,Trial_4,34,68000,72000,4000,2000,2.0,1.0,13,90241,63.21312757671793,37.30873776768567,149234.95107074268,51413.355115801096,85.5,103.48939172825996,131.78958623349953,50.87295996735338,203491.83986941352,64739.97412249446,88.5,95.13298162126364,42.31954633646456,16.86436910033226,67457.47640132904,20836.537797003984,73.5,74.1888407647755,39.049335814637715,18.276431942230555,73105.72776892222,27364.951372146606,82.0,108.15496481950234,6.544347076581636,4.2646664447733205,17058.66577909328,5272.538587450981,68.0,79.30728311950334,9.79186067004989,5.728427311871201,22913.709247484803,8138.314075767994,70.0,94.8108835449568,7.727505970685197,5.2561113077099435,21024.445230839774,5882.011819630861,45.0,64.41638623175172,22.098999793918722,8.954803039948455,35819.212159793824,12086.6141282022,81.5,95.47112241280647,58.79116761713102,26.361098601669074,105444.39440667629,40444.66810300946,93.5,106.08810035385783,59.886379860185144,35.650462847109885,142601.85138843954,48803.94292995334,72.0,97.03720502541225,34.39236302778585,18.158966238889843,72635.86495555937,24858.38970169425,55.5,82.52146854138637,12.442861705217487,7.88011556302663,31520.462252106518,8873.83259832859,61.0,75.14282488589353,59.20494734854493,21.631097856303676,86524.39142521471,23723.982088267803,60.0,72.49764265055221
P03,Fatigue,1,LG_0,S_1,Trial_4,35,70000,74000,4000,2000,2.0,1.0,13,90241,72.20256465478172,40.88248039155733,163529.9215662293,56793.0169403553,81.5,99.57480813012056,128.53603299900035,54.28212334048003,217128.49336192012,65512.421168386936,84.5,89.77727928986725,37.69006459173259,14.11579616147792,56463.18464591168,17302.691750228405,48.5,60.55972493095133,39.45869884142694,17.86976249217987,71479.04996871948,24935.298692435026,73.5,104.72141684427424,6.1007318065984855,4.0312019168632105,16124.807667452842,5100.103747099638,75.5,87.00178503425023,9.311170157501007,5.434204948320985,21736.81979328394,7759.567815810442,55.5,92.30492916006078,7.981805816045858,5.219891293195542,20879.565172782168,5716.596450656652,54.0,69.14778537128925,21.470429398259387,8.629999243014026,34519.996972056106,12001.770082861185,73.5,88.39064627400808,53.13007513695102,24.396280123363248,97585.120493453,37779.71053496003,102.5,118.76643082436819,74.52593094742546,43.18817016048124,172752.68064192496,62665.262538939714,71.0,92.38896850581179,32.76102517410078,17.39990715608001,69599.62862432003,24687.786027789116,87.0,107.30751534608234,13.221315008705432,8.426110075123143,33704.44030049257,9323.994349688292,66.0,75.02155039842734,53.249351247479986,19.80916186235845,79236.6474494338,22203.50354909897,62.0,71.96884478927048
P03,Fatigue,1,LG_0,S_1,Trial_4,36,72000,76000,4000,2000,2.0,1.0,13,90241,72.32364887041537,40.37561512151733,161502.46048606932,57850.21036863327,83.0,102.25598465118772,133.73959637825035,54.7366666916525,218946.66676661,63926.63102596998,70.0,84.81786611808238,21.685023582896573,9.816215056821239,39264.86022728495,14483.000617474318,81.5,93.74709002040916,35.5346087466768,16.67583510237746,66703.34040950984,23424.281179904938,65.0,102.12314855570821,6.465467072785791,4.0583588782465085,16233.435512986034,5065.921973437071,63.5,77.68723652968241,9.947223742157629,5.575423436472192,22301.69374588877,7886.223495006561,63.0,87.02678839867762,7.662300498558874,5.084879124071449,20339.516496285796,5689.43414837122,53.0,72.93849614510124,20.905037442047778,8.967206827364862,35868.82730945945,11589.452438056469,59.0,74.68954000890933,51.22657849879689,22.976038948772477,91904.1557950899,37026.49073675275,107.5,119.57130577296196,78.85263329728296,47.801075822964776,191204.3032918591,73508.20945575833,80.5,106.65775462729482,32.839803147167245,16.898535080184228,67594.14032073691,23314.4111931324,65.5,83.39510520044108,13.232928930188931,8.041550281341188,32166.20112536475,9075.871296226978,68.0,75.92087584388757,40.289702313945234,15.478517918288707,61914.07167315483,19799.487199634314,63.0,76.41397363612911
P03,Fatigue,1,LG_0,S_1,Trial_4,37,74000,78000,4000,2000,2.0,1.0,13,90241,78.24444766144951,43.895634030457586,175582.53612183034,65661.96642816067,85.5,104.85250490485042,151.141168469029,54.31776890282053,217271.07561128214,65632.36257061362,88.0,89.41260533155297,27.411340894827077,11.941125779540744,47764.503118162975,15230.421721935272,66.0,77.04290135803748,45.8251180968582,18.962874021404424,75851.49608561769,24211.98794618249,56.5,96.65786592793843,6.918569650269841,4.275141937623266,17100.567750493065,5310.687888413668,51.0,77.81790510769629,11.192355963510929,6.107923358189874,24431.693432759494,8342.794328927994,56.5,90.68335147688795,7.776998252229064,5.315645771566778,21262.583086267114,5704.999063163996,31.5,63.601900425361094,22.48233110940313,9.416151310829445,37664.60524331778,11792.711913585663,76.5,90.65637281864261,56.97610491940303,23.006507612823043,92026.03045129217,38051.94394662976,133.5,127.16520283930896,78.48606877253509,44.84527023518458,179381.08094073832,67398.52260798216,86.5,109.741026836721,39.32255224584223,17.050495495903306,68201.98198361322,20341.207273304462,46.5,63.774299423787355,15.1522887170814,9.385845353547484,37543.381414189935,9753.402881324291,55.5,68.94120525666283,39.544093467912596,16.48687108550221,65947.48434200883,20502.960309386253,53.5,81.146163693062
P03,Fatigue,1,LG_0,S_1,Trial_4,38,76000,80000,4000,2000,2.0,1.0,13,90241,81.32330333369076,46.14696848462336,184587.87393849343,67423.85374382138,86.0,97.34932601652147,152.501159486213,56.19758532138076,224790.34128552303,64868.155773729086,102.5,93.6518368018853,47.17972620426855,17.097901915491093,68391.60766196437,17537.386249750853,42.5,62.61895612154022,46.816588673508704,20.212387918354942,80849.55167341977,24420.130532234907,51.5,82.97295353932861,6.355930751688488,4.032113418111112,16128.453672444448,5197.460763156414,64.0,80.07807034776243,10.379364284227927,5.819446203066036,23277.784812264144,8084.29466560483,62.5,89.73965467629756,8.57695446877929,5.600951231957879,22403.804927831516,5972.349364310503,52.0,69.75833268417593,21.886448911734103,9.908127938734832,39632.51175493933,12907.892279326916,76.0,87.97353680655758,67.34443389861974,26.97345927814022,107893.83711256087,43243.30082163215,93.0,111.48433001134954,80.30778405354445,45.59703639242798,182388.14556971192,67251.41890347004,94.0,108.75076243357647,40.64249163033433,17.75973815333564,71038.95261334255,20871.635153889656,56.5,73.39966240959022,14.54199106751793,9.370712594036013,37482.85037614405,9659.708198159933,64.0,72.03621833356166,42.93449132053078,18.31911578355357,73276.46313421428,20407.434459775686,51.0,68.7151226343809
P03,Fatigue,1,LG_0,S_1,Trial_4,39,78000,82000,4000,2000,2.0,1.0,13,90241,92.20279165487463,53.235009949398226,212940.0397975929,78467.31338649988,88.5,102.22353635142119,129.78284136732748,55.47409622714622,221896.38490858488,60188.609920442104,67.0,77.28948994767553,44.546718063938236,15.691683699097485,62766.73479638994,17367.08777025342,40.0,53.503591906856606,43.53179930466139,21.480241633951664,85920.96653580666,25760.23917645216,60.5,84.5561470539145,5.662627849114099,3.7903848360292614,15161.539344117045,4729.292541742325,56.5,74.393657517379,8.983226645837954,5.232784955785609,20931.13982314244,7345.113810151815,55.5,85.0488532518676,7.80838730216007,5.072387669561431,20289.550678245723,5605.505686253309,50.5,67.69268834202676,22.694733351913925,10.53450279906392,42138.011196255684,13346.761837601662,79.5,91.349407583804,63.63477728010452,26.101976761396507,104407.90704558603,39872.733782976866,100.5,109.6120918183852,88.63563159953017,48.551473145140335,194205.89258056134,72639.01578262448,91.5,110.89185350746352,33.48899727461235,16.650205333810298,66600.8213352412,22296.893037855625,84.5,101.22652210230643,13.209645946460991,8.733376638405025,34933.5065536201,9226.026944816113,55.0,71.2404283310556,39.88126488036975,16.495313983596862,65981.25593438745,19485.442154109478,60.0,83.07301635969954
P03,Fatigue,1,LG_0,S_1,Trial_4,40,80000,84000,4000,2000,2.0,1.0,13,90241,103.41515188880908,60.71310276167933,242852.41104671732,92739.42466825247,79.5,109.47918190781579,136.5832780907167,64.50303156096489,258012.12624385953,71672.77028784156,64.0,79.67223208591228,17.81495720610939,10.273798373190221,41095.19349276088,15412.622783333063,87.0,93.38543298336317,50.76131792625797,25.448701875226106,101794.80750090443,32115.302328020334,69.0,79.1656069133531,5.845211471126835,3.785425426904112,15141.701707616448,4893.487133085728,58.5,80.54324552296404,9.571850818668619,5.633458709099796,22533.834836399183,7703.412044793367,71.0,93.23463490150087,7.557797200849319,4.986232280149125,19944.9291205965,5378.7462413311005,44.0,66.82484011821175,21.93116001860627,9.523717385018244,38094.86954007298,11691.99775904417,72.0,80.73415312861488,56.965647480533,22.1674551682896,88669.82067315839,30903.37533503771,85.0,97.23250020772807,95.84169318637565,54.062072984222326,216248.2919368893,77126.89954787493,75.5,97.15887022613155,39.24699487259016,18.16267808957491,72650.71235829964,24213.8191126287,63.0,76.77878578861284,14.064026383754047,9.05748161644442,36229.92646577768,9406.091645359993,59.0,73.15552526356674,37.85844628134431,15.158433037286159,60633.732149144635,18323.261849582195,71.0,83.32144956226912
P03,Fatigue,1,LG_0,S_1,Trial_4,41,82000,86000,4000,2000,2.0,1.0,13,90241,97.64190782283013,55.35260958748404,221410.43834993616,84670.08452862501,89.0,104.62079181738757,140.7125023590381,65.64267776010092,262570.7110404037,77466.88611805439,72.5,78.85925930136935,16.25373803640111,9.745905742549803,38983.62297019921,14797.045662999153,80.5,93.46755923538714,49.3468238371026,23.834440184663983,95337.76073865592,32209.912594407797,66.5,94.00280656883582,6.517858779155092,3.9306552377529442,15722.620951011777,5129.09721583128,36.5,62.393855082219154,9.594585915791155,5.629240769788157,22516.96307915263,7810.535281896591,64.5,87.93598003141354,7.588305875673561,4.975733172881883,19902.93269152753,5568.271968513727,48.0,68.40180202012809,24.23298576095134,9.82219576088246,39288.78304352984,11248.855479061604,50.5,64.5242488706608,55.37105220588157,22.673803553450853,90695.21421380341,32908.50259363651,105.5,115.83040752135263,87.83633857653723,49.34638803108828,197385.55212435313,69132.02684372663,80.0,98.35593344596272,40.143354582468824,18.205295055173337,72821.18022069335,22628.334164619446,62.0,76.13634780605817,13.482120331962221,8.547243490407709,34188.973961630836,9171.397145837545,53.0,68.02887135363719,34.12007419491769,13.846366608981043,55385.46643592417,17086.91930398345,68.0,81.31441888726815
P03,Fatigue,1,LG_0,S_1,Trial_4,42,84000,88000,4000,2000,2.0,1.0,13,90241,80.94895739339715,46.2872690624441,185149.0762497764,69063.9684908092,83.0,102.32815151435956,158.05406408890767,68.12813180382363,272512.52721529454,81771.34804427624,92.5,90.90625828325093,20.356872835148327,11.391463135858066,45565.852543432266,16152.108833193779,76.0,97.98307448599738,44.36939875122987,21.613461739663034,86453.84695865214,28985.838871449232,59.5,87.57698462903359,6.147181174589263,3.8160211662761867,15264.084665104747,4869.37677487731,50.5,73.61631903138012,9.512620731780057,5.394864015793428,21579.45606317371,7252.334710210562,68.5,90.14352372933293,6.969210613861926,4.800701242568903,19202.80497027561,5435.8175955712795,50.0,69.51921810776757,25.245750172294013,10.628090702334884,42512.36280933954,12215.100973844528,63.0,78.96343164325405,59.38106265143707,27.121054841589647,108484.2193663586,39182.99442157149,82.0,99.13021494183913,76.71502753841332,42.49442527507199,169977.70110028796,61524.140648543835,109.0,123.1712577125927,37.30556997166477,17.05303700233344,68212.14800933376,19428.981188684702,47.5,61.9529316626436,13.522420475544228,8.66617496619001,34664.69986476004,9761.33793592453,63.0,80.68234253239363,36.363535622578674,14.271132942929398,57084.53177171759,17676.860094070435,74.5,89.89081904967634
P03,Fatigue,1,LG_0,S_1,Trial_4,43,86000,90000,4000,2000,2.0,1.0,13,90241,76.20793297736175,44.48730126715964,177949.20506863855,62078.678887337446,78.5,92.74351956812781,159.54755432104042,67.53976406201255,270159.0562480502,80448.02509248257,61.0,76.26722759432118,22.470888413890748,12.601051157049369,50404.204628197476,17489.77592214942,56.0,73.60106868133003,41.15428419787607,21.354882077255752,85419.52830902301,30989.74535241723,66.5,92.95191700229051,5.508492996085868,3.650279620778747,14601.118483114988,5029.298644512892,64.0,82.77535402701196,10.726679548319133,5.882215994689614,23528.863978758454,8395.592961460352,71.0,94.01582497298138,7.369073556790457,4.999086648959201,19996.346595836803,5762.070417404175,52.0,70.47687599259048,23.047648433921378,9.93165884721093,39726.635388843715,12399.743590503931,72.5,83.34066998266528,62.584710734857055,27.667643185704947,110670.57274281979,37902.09349244833,97.5,103.22344587944816,60.20358634392821,36.67051197960973,146682.0479184389,51743.27027052641,83.0,101.61729756075262,51.417425025710784,23.66782723283395,94671.3089313358,24657.571781426668,43.5,62.16013782386105,13.060564722503898,8.342880393750965,33371.52157500386,9492.766857147217,57.0,72.92104699755114,40.944177543023415,15.538668836699799,62154.675346799195,19299.57875981927,52.0,78.28982487320033
P03,Fatigue,1,LG_0,S_1,Trial_5,0,0,4000,4000,2000,2.0,1.0,13,90240,2.373939225474897,1.855891961895395,7423.56784758158,2652.749791741371,38.0,77.76373622374922,3.0937062597680285,2.2071769434958695,8828.707773983479,4362.754058092833,86.5,123.72348281403606,2.903794124483037,2.211896164622158,8847.584658488631,3868.949506431818,63.5,112.07062479984518,10.33389218519173,6.870320924476255,27481.28369790502,13136.482890695333,103.0,134.95729761992325,3.0566690015356333,2.1929271114058793,8771.708445623517,2885.3079304099083,30.0,61.16443951528345,4.109628041909375,2.8298445692053065,11319.378276821226,3463.651333004236,32.0,57.69861222578897,2.8271158908049308,2.0954461864195766,8381.784745678306,2708.2951739430428,29.5,62.3881458028867,2.321834919972556,1.7101646460127085,6840.658584050834,2581.334300339222,30.5,64.77737879172963,2.029533630980798,1.5677449508220889,6270.9798032883555,2372.2761310636997,27.5,70.38520351670795,20.651027787584717,9.867200338630937,39468.80135452375,14391.747489571571,80.5,102.86437449584047,6.712734781970569,4.500926553457975,18003.7062138319,7723.249681293964,83.0,113.44566392145722,2.849166252911788,2.202937869471498,8811.751477885991,2607.886213809252,34.0,61.42251081133424,2.055328419115857,1.5775308187585324,6310.12327503413,2435.4513734579086,33.5,75.29484724083648
P03,Fatigue,1,LG_0,S_1,Trial_5,1,2000,6000,4000,2000,2.0,1.0,13,90240,14.073128947257992,6.493703891453333,25974.815565813333,8955.62469959259,68.0,91.21533393130505,2.2941767710410814,1.654995415918529,6619.981663674116,3026.0025523602962,52.5,101.61310406868002,2.3846129647758936,1.8258685001870618,7303.474000748247,3031.1908572912216,35.5,88.19499248055563,6.124136035778218,3.5701926406705753,14280.7705626823,6475.004553794861,83.5,122.28282553476464,6.157410776518786,4.326252310990822,17305.009243963286,6747.848354279995,72.0,97.65973648494047,9.319580672699445,6.1534468427300455,24613.78737092018,10343.648865818977,80.5,106.63791579077744,3.9783127302668633,2.860744015162345,11442.97606064938,4310.260619968176,59.5,87.67612823526333,3.816247880474894,2.6782838818617165,10713.135527446866,4463.7734070420265,72.5,101.4377782034503,2.460829840612933,1.8495813045301475,7398.32521812059,2939.022146165371,56.5,93.16914209017568,25.376374311320863,14.279006958648097,57116.02783459239,20706.52497932315,79.0,97.58849443804199,4.124402690193316,2.7715602197917177,11086.240879166871,4762.253537774086,75.0,104.56476167723534,2.8165788369855265,2.1738141590263695,8695.256636105478,2613.9901019632816,33.5,61.10045224999905,2.021800521186783,1.576012934371829,6304.051737487316,2413.1721816956997,29.0,69.48930307113757
P03,Fatigue,1,LG_0,S_1,Trial_5,2,4000,8000,4000,2000,2.0,1.0,13,90240,17.15422889876807,8.238408571213949,32953.6342848558,11362.998187541962,79.0,99.90073154202963,2.0246777789747066,1.4610299875377677,5844.119950151071,2603.003103286028,44.5,93.63897302793484,2.2337605848916935,1.679538005706854,6718.152022827417,2771.4704163372517,32.0,82.19629271401332,5.656581864143735,2.862593607720919,11450.374430883676,4498.565569519997,66.0,103.12141080636134,6.861969534603001,5.125332337617874,20501.329350471497,8206.372428685427,82.5,106.5759533494387,10.015772551174308,7.076150403963402,28304.601615853608,12809.314485639334,93.0,124.75508219526907,3.9630570849065,2.9460252133430913,11784.100853372365,4683.513380587101,68.0,99.20367654190515,4.421075727526308,3.2661905512213707,13064.762204885483,5484.038311988115,82.5,111.44572765993725,2.569727851238911,1.917010003235191,7668.040012940764,3194.7750598192215,48.0,84.29348301923991,20.35073441361964,10.60128101403825,42405.124056153,15829.823538661003,86.0,111.48174099182309,3.5934885818553903,2.623773032403551,10495.092129614204,4673.747159540653,86.0,112.9205941315809,7.4332039833191255,3.3172317980555817,13268.927192222327,3709.027636796236,30.5,56.12800394165342,4.200291159856791,2.1158952417667023,8463.58096706681,2911.5546494722366,27.0,65.22607698001187
P03,Fatigue,1,LG_0,S_1,Trial_5,3,6000,10000,4000,2000,2.0,1.0,13,90240,13.695647029689907,5.637433789961506,22549.735159846023,8020.814228802919,74.0,95.65131225601004,11.021072446358767,3.919232230714988,15676.928922859952,4738.44837397337,52.5,77.2491333670038,2.2185708036701333,1.6391253830166534,6556.501532066613,2820.9119103848934,49.0,92.72312862014208,6.468618285176843,3.4344636843306944,13737.854737322778,5909.174121916294,78.5,113.35063449032889,4.284535539163962,3.001649869792163,12006.599479168653,4338.948894292116,47.5,78.80595934445702,5.6333537226497405,3.9003364623058587,15601.345849223435,6712.14060857892,60.0,96.76398271817109,2.6729294213566845,2.046476522926241,8185.906091704965,3452.6643343269825,39.0,84.45271740494623,7.346408799930297,5.111220605997369,20444.882423989475,7367.393001914024,58.5,79.31395245670183,2.7826342584150803,2.110567882633768,8442.271530535072,3282.36585482955,40.0,78.44745030330355,19.64295910969643,9.055874195648357,36223.49678259343,13817.371614277363,85.5,107.03281342496237,3.9152488696907026,2.731377637386322,10925.510549545288,5062.564834952354,85.0,112.58825431985402,8.236427426539871,3.8819705495378,15527.882198151201,4568.76028329134,74.5,78.99666639246337,4.601272431969866,2.385136451164726,9540.545804658905,3261.0022462904453,66.0,69.93482886231234
P03,Fatigue,1,LG_0,S_1,Trial_5,4,8000,12000,4000,2000,2.0,1.0,13,90240,9.616547905153666,4.032191128237173,16128.764512948692,6178.965978324413,66.0,95.07610291443446,48.57212142150806,20.61525476053357,82461.01904213428,22929.56104502082,77.0,83.03335623856552,13.89206187896831,5.112401250563562,20449.605002254248,6159.128341823816,58.0,88.75870079593868,10.12106886861215,6.452732610399835,25810.93044159934,11889.763735234737,97.0,134.2138960839258,2.5286265050251857,1.9654344750684687,7861.737900273874,2631.3861832022667,31.0,63.823636637203336,3.538734852545619,2.7366436905926093,10946.574762370437,4339.864477515221,48.0,95.7804184905667,2.3511561493740216,1.8285988456569613,7314.395382627845,3330.281376838684,53.0,106.5351600316579,10.536613406465039,7.448323844559491,29793.295378237963,10412.927996367216,70.5,94.47425627587168,4.9190218736158995,3.2237284717848524,12894.91388713941,4756.149649620056,65.5,91.21247790087898,21.113295765882402,9.737603348330595,38950.41339332238,14297.747611999512,71.5,98.83594725199342,26.05177650601959,9.284998248692137,37139.992994768545,10648.538079112768,38.5,51.6581727327105,4.785911570775971,2.887517537921667,11550.070151686668,3567.112237215042,26.5,57.244332887592165,2.773413646977163,1.8458464879659005,7383.385951863602,2809.3145228922367,33.0,80.84117857978265
P03,Fatigue,1,LG_0,S_1,Trial_5,5,10000,14000,4000,2000,2.0,1.0,13,90240,16.431502555885185,7.285673422471154,29142.693689884618,10346.09042108059,65.5,84.64715052355858,121.42204758631541,49.27845629570074,197113.82518280298,50481.90178349614,64.5,72.37281119132354,23.7569013524308,11.334502185694873,45338.00874277949,11797.289829701185,49.0,60.01142396637294,19.451854635739316,11.659512828139123,46638.05131255649,16518.952511250973,49.0,78.57614922435324,3.019907839108849,2.313067691132892,9252.270764531568,3040.9570783376694,36.0,67.57157574562906,4.348922857938333,3.187083702953532,12748.33481181413,4446.987714618444,39.5,69.3195387225561,3.8586061597625485,2.681626943254378,10726.50777301751,3952.2675797343254,33.0,62.10150371712583,18.47213681316392,8.726164818252437,34904.65927300975,11894.952040165663,72.5,82.99970778971065,32.28511810320633,14.370156892691739,57480.627570766956,21734.724938869476,87.0,102.80617372352357,31.946097647588587,15.557677870383486,62230.711481533945,21502.777189016342,84.0,104.26363983414032,41.3795691196945,19.232253522018436,76929.01408807375,18771.287240087986,41.0,51.502500963678976,8.219577678416481,4.3733596400590615,17493.438560236245,4914.850741624832,56.0,71.48048640866672,22.290947698714785,6.910017828131094,27640.07131252438,7558.74989554286,46.5,61.147262064284824
P03,Fatigue,1,LG_0,S_1,Trial_5,6,12000,16000,4000,2000,2.0,1.0,13,90240,48.78741633061765,20.006269000121392,80025.07600048557,27191.60094857216,73.5,100.51031297428904,132.36588911716848,52.44547293225769,209781.89172903076,53811.26757711172,63.0,80.88619666379083,25.924158450282928,13.701313849037978,54805.255396151915,14404.870849102736,49.5,64.07782957493751,28.7272716600987,15.225576989608816,60902.30795843527,19586.766697466373,85.0,107.13766911554868,4.472191352161328,2.9751958092791027,11900.783237116411,3804.8586808145046,35.0,67.99442493288717,6.725945633318266,4.226272339746356,16905.089358985424,5485.259089618921,49.5,76.47325626098775,5.130178238822655,3.507548398396466,14030.193593585864,4699.383489787579,57.5,89.41106310983706,21.070279185478906,9.548486963147298,38193.94785258919,12967.710383236408,75.0,82.20412221275785,47.20954457839577,25.906131640658714,103624.52656263486,39269.059244543314,93.5,110.73615812288035,33.72303110120273,19.12250755862333,76490.03023449332,26888.542901724577,82.5,94.60044522035852,40.52283994277446,20.59589963639155,82383.5985455662,22305.438481271267,43.0,56.466211208844555,12.320085867167334,7.594546033174265,30378.18413269706,7884.087134152651,55.0,66.19293624951077,46.665128388529546,16.849559999490157,67398.23999796063,16135.628335177898,41.0,56.8641118480697
P03,Fatigue,1,LG_0,S_1,Trial_5,7,14000,18000,4000,2000,2.0,1.0,13,90240,73.62044363287517,37.57153838319937,150286.15353279747,55571.018531918526,83.5,109.13015538409181,112.79790252224646,40.061128459684554,160244.5138387382,46867.17921867967,108.5,98.02785399536018,24.07517239671321,12.60601819603471,50424.07278413884,14830.922242254019,50.0,74.34804549924054,46.26154039052774,21.330090563278645,85320.36225311458,26222.30350971222,51.0,76.57163917380319,6.742283211081835,3.9818177993642165,15927.271197456867,4686.260130256414,68.0,72.34003735676575,8.42510530185295,5.052891736349556,20211.566945398226,6665.7510586082935,76.0,93.80839587596361,5.706058000338292,3.8834385346388443,15533.754138555378,4750.961344689131,45.0,67.02298145285482,18.5672034979786,8.772617848659866,35090.47139463946,11570.530384778976,82.5,89.75374906174544,53.57879791341942,23.986568419157994,95946.27367663197,35675.70028826594,91.5,104.45050657394685,41.05144252666625,23.638580605341122,94554.32242136449,33852.77409106493,75.0,99.45528548078761,54.17630833201521,22.84630828332156,91385.23313328624,24774.15604516864,50.0,71.57464947074723,13.445041323047692,8.482757705077528,33931.030820310116,8825.611881911755,59.5,70.55430654751835,43.60451721224919,15.859754526463803,63439.01810585521,16955.380514264107,58.0,76.48295081960596
P03,Fatigue,1,LG_0,S_1,Trial_5,8,16000,20000,4000,2000,2.0,1.0,13,90240,88.59117325151749,50.7274192397017,202909.6769588068,76122.50475212932,80.5,105.03196656087081,139.58293713947054,51.97805663356557,207912.2265342623,56767.075415700674,73.0,79.05920461933701,31.675503324739307,13.95389972217381,55815.59888869524,16724.348347634077,62.0,69.49704163061735,52.1904453335478,24.582585172110704,98330.34068844281,28278.09303998947,51.0,76.00743600368163,7.340458059263326,4.457365850452334,17829.463401809335,4938.96109983325,61.5,76.79431894846616,8.620174639357064,5.34967437578598,21398.69750314392,6727.0951345562935,66.0,89.87254882034473,6.821340603860128,4.698525130515918,18794.100522063673,5057.071335613728,41.5,66.70867527423023,18.290080963649164,8.522620710788761,34090.48284315504,10403.161775320768,66.5,79.40731056720999,58.29569222552919,23.52493544004392,94099.74176017568,33609.83934253454,81.0,98.46352339447297,50.94794095484728,29.780126392142847,119120.50556857139,41030.336171388626,66.5,90.86101228494815,58.88918342826064,26.4418851636583,105767.5406546332,27369.83448266983,37.5,51.83981180349128,12.645529453321315,7.78520109411329,31140.80437645316,8308.917749673128,62.5,74.66495330431403,32.908073926603606,13.73258471658919,54930.33886635676,16746.017150580883,61.5,78.76550879379216
P03,Fatigue,1,LG_0,S_1,Trial_5,9,18000,22000,4000,2000,2.0,1.0,13,90240,124.98565971469293,70.05796088776552,280231.84355106205,105174.57081004977,87.5,107.16785107627864,161.82165076441376,67.62890234526712,270515.6093810685,73148.69044348598,71.0,78.81276301048935,41.43888336177146,18.283224616013467,73132.89846405387,20302.447583526373,51.5,64.37370514251599,59.261324658315736,30.022121599689125,120088.4863987565,36839.10137042403,62.0,86.37252334408977,10.767240610619723,5.576235139148776,22304.940556595102,6425.868254154921,67.0,77.02435226850032,10.629728917767943,6.275767922052182,25103.07168820873,7862.418331205845,62.5,87.86667329654917,7.778463440919088,5.309784474817571,21239.13789927028,5252.090562134981,41.5,58.86811597199532,14.174281252263915,6.849739910697099,27398.959642788395,8339.131996035576,65.5,79.58334650629132,44.21150388201475,17.143300957011526,68573.2038280461,23032.41156041622,92.0,99.16576379083288,59.55360578384843,34.11590038716095,136463.60154864378,44895.623344928026,69.5,88.67468139225831,40.852397524657235,22.410065380716695,89640.26152286679,25070.499815046787,52.0,70.47116465420758,12.703506280684001,8.247162615007255,32988.65046002902,8884.819597005844,50.0,68.06466403483896,41.446197131273344,17.881622575758957,71526.49030303583,20909.784454852343,62.0,76.83694468625325
P03,Fatigue,1,LG_0,S_1,Trial_5,10,20000,24000,4000,2000,2.0,1.0,13,90240,113.52242572824505,59.29372364684241,237174.89458736964,87900.2621397376,72.5,97.76303112554874,152.25410733145742,64.05330135449768,256213.20541799068,72942.07382947206,74.5,86.22979956075564,39.648470411787244,18.42005974948406,73680.23899793625,20083.012804389,47.5,59.00881090088966,54.3965402788292,26.809249388927128,107236.99755570851,34383.507166057825,66.5,89.45690892265992,10.643112286007836,5.677240411005914,22708.961644023657,6463.101971894503,55.0,72.58002941779569,11.1205978888599,6.59784721035976,26391.38884143904,8415.125403553247,62.5,91.96854905967764,8.735619419846335,5.793955221655779,23175.820886623114,5448.330566287041,43.5,54.43887495787411,16.97659264897898,7.89093401809223,31563.73607236892,8494.170755147934,45.5,63.17081504970672,40.94003269662502,17.338740932173096,69354.96372869238,23605.261463671923,87.5,98.10922848167819,79.19983795875466,42.81883968209149,171275.35872836597,56578.77046614885,83.5,98.48306355304197,43.20522925869984,22.610557086311747,90442.22834524699,24480.559024959803,53.0,62.507137965332156,12.837804604942905,8.668550027220045,34674.20010888018,9299.883991479874,56.5,74.12552456468879,42.7557325701127,18.727293008426205,74909.17203370482,22619.788721203804,67.0,82.39061627983625
P03,Fatigue,1,LG_0,S_1,Trial_5,11,22000,26000,4000,2000,2.0,1.0,13,90240,96.48454677747175,47.25993275747169,189039.73102988675,63863.760977983475,74.5,91.75090845846725,172.14457696409752,62.651417509082236,250605.67003632896,71138.98526877165,75.5,85.5681200797848,53.14810714962856,21.10901307524182,84436.05230096728,21005.61549887061,49.5,57.99943345704121,42.84190891280794,19.31199856994208,77247.99427976832,24338.033236563206,66.0,90.55056288555039,7.340031481389719,5.046627430384978,20186.509721539915,5407.739710062742,60.5,73.87416596421421,10.56070748892388,6.618329493748024,26473.317974992096,8497.833088040352,63.0,96.18643728399145,9.264923637790837,6.1350228667259215,24540.091466903687,5809.070356190205,24.5,49.07583109380503,21.07000186801214,10.27812217681203,41112.48870724812,10945.797432214022,69.5,73.72221199765778,47.50985612920081,22.264436680777,89057.746723108,33437.7096965909,101.0,115.66816558669399,92.95729625176942,47.80402754882816,191216.11019531265,64414.63688388467,88.0,99.82155626094834,45.55647418313585,22.392821972980165,89571.28789192066,24969.17527168989,55.0,73.31928200419544,12.181024444847322,8.32898184042424,33315.92736169696,8628.761488944292,53.5,67.0307967522677,44.95083225585833,18.362665270664728,73450.66108265892,21044.069994241,64.0,77.4495351732707
P03,Fatigue,1,LG_0,S_1,Trial_5,12,24000,28000,4000,2000,2.0,1.0,13,90240,97.50401678787216,49.14679794607218,196587.19178428873,65716.29103273153,76.0,91.03066296261598,179.06958873102494,67.50179589393083,270007.1835757233,74429.89656701684,73.5,82.24011876354295,78.51650977663753,30.391621308377943,121566.48523351178,26804.614439606667,41.5,49.23910068165305,47.59079508276534,22.165472816163675,88661.8912646547,26504.303142428398,62.5,86.65470056298552,7.544466528105235,5.180451172485482,20721.804689941928,5598.791409283876,58.5,71.19256979895023,11.187245680715534,6.899696839950048,27598.78735980019,8749.00808557868,62.5,85.39352801515646,9.613091321436267,6.440782036678866,25763.128146715462,5906.427372246981,43.5,60.774317369325246,20.848330653023414,9.805632021091878,39222.528084367514,11543.673276901245,60.5,77.87848213148857,51.90645994262705,23.58034729969222,94321.38919876888,33958.371356129646,88.0,97.6999220199524,94.31320435015121,51.3958435184788,205583.37407391518,72107.97751322389,73.0,92.31744975887223,33.13579778987792,17.179639158060308,68718.55663224123,21672.770474106073,63.5,89.97777978211401,14.466490800619319,9.710208716802299,38840.834867209196,9893.487114459276,47.5,62.63268068911538,49.234058027070446,19.901277202612256,79605.10881044902,20827.68715918064,57.5,67.30221174005224
P03,Fatigue,1,LG_0,S_1,Trial_5,13,26000,30000,4000,2000,2.0,1.0,13,90240,60.19920026874812,34.52545705260709,138101.82821042836,46673.68596419692,62.0,94.74777150701719,200.75370934750416,73.17776299571851,292711.05198287405,78385.52128523588,73.5,79.12547446235068,64.89100901102374,23.785224114835728,95140.89645934291,24293.78004744649,40.5,52.877178702571136,42.05377693748828,21.844363779027482,87377.45511610992,29494.59794908762,69.5,89.7917012246895,7.46368831132399,5.115592744783498,20462.370979133993,5481.596756726503,44.0,61.82183793540274,10.403960839418138,6.506096119631548,26024.38447852619,8218.885399401188,64.5,86.35336403332506,9.340974505731717,6.33607918197522,25344.316727900878,5947.018228471279,37.5,55.93399926511989,20.366455070246555,10.007090010331012,40028.36004132405,11358.42027142644,65.5,74.50364275719988,58.45922568472431,26.69527396513149,106781.09586052597,38024.78164434433,100.0,111.30407754693934,75.89655987351976,44.565590652206446,178262.3626088258,63816.45584478974,75.5,103.75711660417231,32.693765732032695,18.27341612554155,73093.66450216621,22304.828092455864,58.5,75.07444817957126,14.986937292515178,10.288450833002571,41153.803332010284,9996.032435446978,66.0,71.59125898488695,51.6607373092763,21.456644002348185,85826.57600939274,22908.197436481714,51.0,66.78110275697897
P03,Fatigue,1,LG_0,S_1,Trial_5,14,28000,32000,4000,2000,2.0,1.0,13,90240,75.20960933013534,39.96864509312436,159874.58037249744,57785.509154200554,80.5,105.44377974656133,200.18307161253048,65.54730839892291,262189.2335956916,67626.19763612747,76.5,78.66636455333071,20.97796419741084,11.5375846484676,46150.3385938704,16871.146857738495,63.0,86.49246376486282,48.94891612108465,24.851379004656337,99405.51601862535,34333.45528319478,79.5,104.2635459634115,8.629968812719914,5.721613846719265,22886.45538687706,5635.109543800354,50.5,62.43338319139584,9.771555036607106,6.424529061093926,25698.116244375706,8183.788042515516,65.5,91.90207784943583,8.270184885998473,5.921045497688465,23684.18199075386,5674.4796223938465,44.0,62.63784459605052,18.393599730284006,9.498393802740612,37993.575210962445,10585.057642310858,58.5,77.13891984002579,49.82280746750407,21.798756633070298,87195.02653228119,33102.30104252696,106.0,119.867102992412,53.762837684428874,33.41257216845406,133650.28867381625,47493.13294887543,73.5,99.62159999256703,36.50809164384546,19.988465942139737,79953.86376855895,23066.89852848649,45.0,69.60707331715685,12.920725546783457,8.949575174192432,35798.30069676973,8383.07999074459,54.0,70.02557233746282,46.52512883217271,19.877351601468398,79509.4064058736,22389.366943389177,65.0,78.07832832293973
P03,Fatigue,1,LG_0,S_1,Trial_5,15,30000,34000,4000,2000,2.0,1.0,13,90240,70.95120465897485,36.2430203358992,144972.0813435968,53675.76126009226,84.5,100.30003102143968,171.20273420657836,65.61115461122245,262444.6184448898,73910.1504907012,74.5,77.08711943518213,21.58582312921094,11.460151791526005,45840.60716610402,15619.849786162376,70.0,87.04199985306211,48.4258128343287,25.326931709959172,101307.72683983669,35552.09655314684,68.0,93.01106165452627,8.360079109992975,5.608131655235775,22432.5266209431,5350.05796700716,52.0,64.72182531090367,10.133511990254318,6.564155884110368,26256.623536441475,7849.600166082382,68.0,82.57253787388608,7.870376297839326,5.763965064287186,23055.860257148743,5654.336791485548,38.0,64.1140643864094,20.330223508618342,10.154570019547828,40618.28007819131,11766.770388931036,84.5,85.63097533976055,50.26143128122516,21.87538293749094,87501.53174996376,32391.503266990185,106.0,106.08520469354168,63.88269186913558,37.7286328555434,150914.5314221736,53744.430001825094,68.5,88.96976685665749,51.40044508451967,24.394302654347847,97577.21061739139,25766.953453421593,54.5,60.746552686356225,12.160034381700756,8.282632118323818,33130.52847329527,8094.6712754666805,47.0,61.22743557008392,40.95846733367099,18.638735967921093,74554.94387168437,21571.445930749178,55.5,77.78950422620423
P03,Fatigue,1,LG_0,S_1,Trial_5,16,32000,36000,4000,2000,2.0,1.0,13,90240,51.653711313206465,29.746053115092217,118984.21246036887,42782.15207159519,80.0,95.37861056188598,166.89713444112778,66.22603245486971,264904.12981947884,83423.36537316442,87.0,89.12039214027537,23.90338875046265,12.192560611967929,48770.242447871715,15878.34944948554,46.0,67.42042362599466,35.92199695115497,19.97142167375423,79885.68669501692,30016.48038625717,81.5,110.63914859670787,9.487042556700597,6.114940845803358,24459.76338321343,5061.038862913847,17.0,32.84179269854184,9.802851375445478,6.274213147291448,25096.852589165792,7299.334648996592,43.0,79.18531620691259,7.607558934463215,5.295020199404098,21180.080797616392,5587.804410606623,42.0,61.8334205965107,22.534248728929573,11.169650053000078,44678.60021200031,13099.859561771154,67.5,79.96045343430536,51.20063197740097,24.387826619762926,97551.30647905171,37064.94523212314,112.0,118.21197664230958,66.8023948514103,40.21003433717415,160840.1373486966,56687.419675290585,101.5,108.99397111744389,56.93779862412369,25.75521510426188,103020.86041704752,26208.569761365652,58.5,66.2961275745379,12.798879202796806,8.893333033157978,35573.33213263191,8538.42394426465,67.5,69.18829483204871,39.669469809794485,17.71636510674143,70865.46042696573,20306.415110826492,67.5,87.13575151301659
P03,Fatigue,1,LG_0,S_1,Trial_5,17,34000,38000,4000,2000,2.0,1.0,13,90240,57.91516830784831,35.07354233714286,140294.16934857145,52575.84061473608,93.0,111.36072932805912,130.89816668067328,49.103019753901755,196412.079015607,65629.92101535201,113.5,106.44726727583601,55.99248285964016,20.741720074717886,82966.88029887155,21695.049665868282,54.0,64.6800837629015,33.04552362925303,17.727225716784595,70908.90286713839,25720.563903450966,76.0,102.52267697944269,9.942891863141,6.282456181198358,25129.824724793434,5339.681357145309,46.0,64.32416894247335,9.568018153928136,5.989594984706491,23958.379938825965,7562.717422842979,60.0,83.88378420660493,7.85174750447264,5.409626498189755,21638.50599275902,5623.512156307697,37.0,62.58809712971026,19.935003970928502,9.884212256409228,39536.84902563691,11804.919689893723,66.0,79.12225108234189,49.32806811741316,24.40929048466496,97637.16193865985,36369.71237137914,85.5,104.31401872459618,77.0875968518887,43.34728921622737,173389.15686490946,62840.44412896037,83.0,108.88537671467016,43.877028133127496,21.138680260628462,84554.72104251385,23169.749043881893,59.5,75.9484520442906,14.587697111913048,9.219423300819471,36877.693203277886,9136.299788951874,57.5,67.90547927897917,37.86097906952737,16.637009872100315,66548.03948840126,18734.053522348404,60.0,76.57064560549972
P03,Fatigue,1,LG_0,S_1,Trial_5,18,36000,40000,4000,2000,2.0,1.0,13,90240,53.54054430461906,31.84391918797046,127375.67675188184,46337.66692131758,80.5,99.09365459238549,139.4775845516971,52.835279132355936,211341.11652942374,63992.858212441206,103.0,101.43504928850327,58.81904861220218,22.26504542917246,89060.18171668984,23650.430236011744,49.5,55.7604727745234,36.26249900981969,17.931187139451502,71724.74855780602,25491.668097674847,81.0,99.7554731336608,8.171729049263952,5.295479135494679,21181.916541978717,5296.038556843996,38.0,57.53011942371795,9.092182014694918,5.806186497933231,23224.745991732925,7210.523076355457,45.0,73.10442820858955,7.989431104697138,5.542563497938682,22170.253991754726,5931.7585080862045,37.0,64.65559801592177,16.60711775747089,9.031814003770705,36127.25601508282,11100.530996918678,54.5,81.08701611808732,70.1231712603416,33.186210353695785,132744.84141478315,48480.436857789755,87.0,99.47196960443713,79.35236167573201,43.94220807044767,175768.83228179067,65283.83055701852,85.0,104.72355821817226,46.68796738126796,22.39446475817822,89577.85903271288,24197.64380902052,42.0,58.39830403979161,14.824822280748311,9.144919699802994,36579.67879921198,9511.68891042471,72.5,74.3967184622047,36.494296314679495,15.746768695535138,62987.07478214055,18534.456379711628,55.0,79.16758913402458
P03,Fatigue,1,LG_0,S_1,Trial_5,19,38000,42000,4000,2000,2.0,1.0,13,90240,54.32070097651318,30.638752022222615,122555.00808889046,43145.94380557537,58.5,88.86211721384281,150.93133071407004,61.353038325125816,245412.15330050327,64846.79216518998,62.0,69.06540430218035,30.174743561839104,13.772138674813323,55088.55469925329,17940.853256732225,67.0,83.15160453186662,43.936079171319996,21.215171516523696,84860.68606609479,28455.105796456337,78.0,95.23615460325784,13.858410205685491,7.047110927174799,28188.443708699197,5797.167774289846,17.0,31.528265526627163,9.78599213738485,6.122724295081571,24490.897180326283,7824.269030243158,65.5,92.80876179666642,10.639521324966674,6.301215413259342,25204.86165303737,6918.452028185129,54.5,68.97222835521819,23.601788414718357,10.574339443608187,42297.35777443275,13064.457010477781,54.0,70.95328367486033,76.84020481230165,37.121485548093915,148485.94219237566,54746.9936311245,95.5,112.26859033447418,65.06340219278614,36.8677353201434,147470.9412805736,56553.43933030963,92.5,107.9660443847012,51.77255691207385,22.98749594683759,91949.98378735036,23846.975434571505,39.0,57.64520237459687,15.634363611465263,10.002540324698202,40010.16129879281,10202.95424386859,58.0,73.04669406549363,43.43362781660843,16.93882291651098,67755.29166604392,19583.104364573956,54.0,75.48806077844426
P03,Fatigue,1,LG_0,S_1,Trial_5,20,40000,44000,4000,2000,2.0,1.0,13,90240,53.763552767724356,31.954060492571443,127816.24197028577,46161.264553666115,74.5,93.04267488717726,138.28204095784415,56.07736516221193,224309.46064884774,58458.768017590046,68.0,76.17129945268222,40.57340531181382,18.106616547331214,72426.46618932486,22302.691731601954,60.5,77.14545337075668,43.86899676554664,23.464228915213607,93856.91566085443,31677.653547376394,73.5,94.29534705291799,13.689466668980597,6.862980503030121,27451.922012120485,5792.8950525820255,25.0,45.796635370050815,9.751637713888632,5.954062687640544,23816.250750562176,8234.755508601665,58.5,86.09222639869614,10.651200133717904,6.424764060787856,25699.056243151426,6653.238087892532,30.5,59.649322808112935,27.862123908303683,12.306508835311979,49226.035341247916,15464.200638234615,88.0,91.80618529917419,63.43781526116179,31.200202036916743,124800.80814766698,47717.756032943726,98.5,116.17830899196701,61.29233240567022,36.19605835566763,144784.2334226705,55829.51819524169,86.5,113.05812189248589,49.74934701704545,22.91448932439089,91657.95729756355,25572.544615715742,55.0,65.41738955552931,15.680132675380044,9.964370041619986,39857.480166479945,10479.765571653843,68.5,73.23827032997629,49.166627554684595,19.457669234112835,77830.67693645135,21812.549512833357,54.5,72.85465778429449
P03,Fatigue,1,LG_0,S_1,Trial_5,21,42000,46000,4000,2000,2.0,1.0,13,90240,51.85664898595068,31.298352978075854,125193.41191230342,41852.83510014415,63.5,85.64921287271892,154.759671723619,59.57788623047527,238311.54492190108,63264.96955007315,73.5,76.15598183001032,40.613470507965985,17.587808943819255,70351.23577527702,22538.301814347506,68.5,71.97351409051802,41.71600517771057,22.186289134831167,88745.15653932467,31168.589275330305,69.5,98.4490992140263,8.342325161044643,4.929194497293793,19716.77798917517,4826.344363391399,26.5,43.503536802481875,8.401892132298626,5.359320159489289,21437.280637957156,7060.062233358622,58.5,85.6606801585432,7.809096254951334,5.232854540110566,20931.418160442263,5624.427739530802,40.5,63.94283753730805,23.6543312329116,11.190915999328718,44763.66399731487,14158.884156495333,63.0,78.2279994774332,54.17781440650442,27.33624264979735,109344.9705991894,43937.61809915304,91.0,113.22227723207953,55.03109899332459,35.577922027627935,142311.68811051175,54224.50080513954,76.5,109.05953770930213,60.090100779171635,26.493243660079315,105972.97464031726,29470.792785286903,48.0,57.99006861789789,13.567369332215495,8.946737819933333,35786.95127973333,9370.68909406662,65.0,78.2577464063658,48.31473473912914,19.276530935941263,77106.12374376506,22299.94498193264,68.5,75.9102799555528
P03,Fatigue,1,LG_0,S_1,Trial_5,22,44000,48000,4000,2000,2.0,1.0,13,90240,68.65685993585802,40.87414988130331,163496.59952521324,56542.147137224674,71.0,95.68174668109003,147.30504292932557,59.940993489697576,239763.9739587903,66605.93273118138,68.5,74.25733211735661,55.53944254304907,20.546032892086078,82184.13156834431,24005.981720983982,60.0,74.21625404220921,47.03566794885897,23.179401312966366,92717.60525186546,31772.263813763857,73.0,95.78696530274706,8.109280858212987,4.934228602750227,19736.914411000907,4573.338199406862,27.0,43.03844733298347,8.81389502474071,5.620449301530607,22481.797206122428,6822.010595351458,42.5,73.55508803961884,7.654896621140904,5.10596561608836,20423.862464353442,5652.505625039339,38.0,60.829314304110724,19.566074527091285,9.001417213003151,36005.668852012604,11693.523731082678,80.0,90.06153491669568,54.21729625965551,26.731515419553034,106926.06167821214,41719.7703383863,89.0,110.96888497813205,53.506925752862266,32.15929869604297,128637.19478417188,48681.86516687274,96.5,113.9584869413204,54.83534704483062,25.63514677931089,102540.58711724356,28782.274201512337,52.0,73.32951324644024,12.138007414122061,8.12634431294864,32505.37725179456,8456.63184300065,57.0,68.52136236937572,46.99172747058918,18.121536166698206,72486.14466679282,20827.992353588343,66.5,83.55393253382792
P03,Fatigue,1,LG_0,S_1,Trial_5,23,46000,50000,4000,2000,2.0,1.0,13,90240,82.04563600843262,49.55391484927386,198215.65939709544,69734.17541012168,72.0,92.40030496176003,136.11685188363361,59.4201681696577,237680.6726786308,68170.35926505923,95.5,91.49032366849893,58.22558689324884,22.811878081411123,91247.5123256445,24681.071750819683,61.0,61.20979239315451,44.31684601811704,22.414836027100684,89659.34410840273,31328.81633937359,65.5,85.77390470316001,7.380828419379656,5.033479044912383,20133.916179649532,4807.727504521608,30.5,51.25862718666689,8.835582638825562,5.738909824192524,22955.639296770096,7229.44512963295,59.5,85.3684804001395,7.73232003812537,5.521180128061678,22084.720512246713,5783.739220350981,25.5,56.84252815052399,18.888687524209857,8.653779800515622,34615.11920206249,11324.543692171574,75.0,80.42781432172458,55.107678134187275,27.424005345557816,109696.02138223127,42698.52880388498,97.0,110.50924544046065,54.101750004542296,31.07858416365925,124314.33665463701,46192.69957765937,76.5,98.90618966644016,55.3184420620336,26.944932909449562,107779.73163779825,30254.226829856634,47.5,62.50687011010143,11.761450558357541,8.062458158330992,32249.832633323967,8654.092624783516,59.0,74.94085953352048,45.05108551262978,17.45551594241988,69822.06376967952,20747.72622436285,48.5,71.1438152679763
P03,Fatigue,1,LG_0,S_1,Trial_5,24,48000,52000,4000,2000,2.0,1.0,13,90240,84.55509587809732,47.5830556199071,190332.2224796284,65343.64866092801,81.0,96.94104188719857,151.12308316427297,62.24135971441865,248965.4388576746,70308.55128541589,84.5,85.9207319064259,33.39388932797351,14.647253195755184,58589.012783020735,18119.6971796453,65.5,70.46564742207646,43.56966289734365,20.63997657573782,82559.90630295128,29616.065323352814,86.0,110.66282185854833,8.108789171339229,5.366735620610416,21466.942482441664,5404.382571578026,35.5,56.87484141571906,9.787500565572445,6.128138520172797,24512.55408069119,8113.288134336472,55.0,82.36432326684766,7.941635134722209,5.559911930700764,22239.647722803056,5824.635270982981,43.5,62.16231804526854,24.86068869602023,10.970407622563652,43881.63049025461,12469.02272105217,73.5,76.8842266311712,57.8665511409887,25.00143393909093,100005.73575636372,36804.919596761465,101.0,109.03419815924842,48.98291259841962,29.581630696123465,118326.52278449386,42689.06777724624,100.5,109.53053860468371,54.18019610938131,24.33147781328298,97325.91125313193,26387.718878686428,54.5,65.83441657365097,10.256156242209393,7.025686699396465,28102.74679758586,7428.126689046621,60.0,74.62960237469947,47.718871544326355,18.192628686118404,72770.51474447362,22545.32128572464,72.0,88.69015393282692
P03,Fatigue,1,LG_0,S_1,Trial_5,25,50000,54000,4000,2000,2.0,1.0,13,90240,86.55389369011962,49.816945161728654,199267.78064691462,72018.25035735965,84.0,99.35660112241335,151.35498989007195,61.276125176111236,245104.50070444494,70650.67421644926,77.0,82.5429302146747,44.524298236573685,17.04279246535152,68171.16986140609,20273.14892038703,60.5,79.19965027475949,46.35711951180451,21.314244564436375,85256.9782577455,30438.564252108335,72.5,98.21529644897376,8.44539942376653,5.192723573709372,20770.89429483749,5742.843169718981,45.5,65.96640794230586,11.34028167535774,6.527586498297751,26110.345993191004,8617.774490267038,55.0,84.99873088977274,8.884362144813704,5.652353790821508,22609.41516328603,6107.855681329966,51.0,68.33211979609595,25.97781167233916,11.375372599996627,45501.490399986506,13329.97614517808,71.0,82.61471322125628,53.565626802160814,20.528632805170492,82114.53122068197,28109.93092134595,94.5,101.84511414570882,40.59363196367173,25.95211028450867,103808.44113803469,36756.39368593693,98.5,105.41919088089199,34.24796335414004,17.884971550293265,71539.88620117307,21247.329469770193,43.0,76.39600694638972,9.392248467693847,6.3832832576707,25533.133030682802,6668.8030026853085,49.0,69.35612618858832,52.84191091824933,20.13914934815839,80556.59739263356,23144.112713634968,70.5,78.77129363926916
P03,Fatigue,1,LG_0,S_1,Trial_5,26,52000,56000,4000,2000,2.0,1.0,13,90240,74.6840834745383,41.432611394207925,165730.4455768317,60613.44053596258,102.0,112.04909419127337,169.97916362969372,64.85457626300631,259418.30505202524,75169.07742246985,76.5,81.33099921287945,41.939665613908765,16.468454434163867,65873.81773665547,19330.70858940482,47.0,60.625363915560875,42.98821208299512,21.095306069555228,84381.2242782209,28919.306490570307,72.0,99.19144476196577,8.724127681482063,5.169281019014306,20677.124076057225,5589.635577052832,44.5,59.981702091795775,10.986289484293065,6.468959262967109,25875.83705186844,8796.923607587814,57.0,89.00068273774262,8.879964190769622,5.7681203242973424,23072.48129718937,6339.8034311831,46.0,64.39876175922018,23.92892042011217,11.573010623431765,46292.04249372706,14366.721548140049,75.0,80.35560960073923,59.62903806609414,27.774496783548965,111097.98713419586,41018.73878389597,103.0,111.13778677516136,42.47656013305102,27.682197601813822,110728.79040725529,38227.73592546582,69.0,102.31190108805178,33.959694894530266,17.459591584838925,69838.3663393557,22121.101059019566,67.0,81.72715743991307,11.321568375523219,7.103236560244113,28412.946240976453,7671.061437577009,51.0,64.32592382276334,44.372124248449346,17.196537810564042,68786.15124225616,20296.03850096464,68.5,73.23296269673378
P03,Fatigue,1,LG_0,S_1,Trial_5,27,54000,58000,4000,2000,2.0,1.0,13,90240,64.6831231460171,34.44545445875265,137781.8178350106,49830.92211186886,85.5,98.95039996428159,172.83580568661614,59.43924472760409,237756.97891041636,64410.97455099225,61.0,74.26704468120327,25.709977048042763,12.19521378140198,48780.85512560792,15378.746204078197,67.0,80.41119976294786,39.807376467110245,19.86609130119905,79464.3652047962,27144.90620419383,56.0,92.31471722900228,8.476974061237616,5.203348039579578,20813.39215831831,5759.628862142563,49.0,62.61552562233265,9.837362129547328,6.276615370623768,25106.46148249507,8521.027863025665,65.0,91.56109390401366,8.697235077772065,5.892821042565629,23571.284170262516,6109.992042183876,36.5,59.73899374611542,25.276670828695444,11.937000047089532,47748.00018835813,14426.23445764184,72.0,78.56464834971202,63.88344629412261,32.934834767133,131739.339068532,49401.81877464056,104.0,111.57397446434827,46.86389971510342,30.265513758338056,121062.05503335223,42748.58068674803,82.0,109.29144907715991,43.99965676430914,21.7377534211264,86951.0136845056,27546.847239136696,69.5,83.70810137307583,11.68549065875127,7.350348313886206,29401.393255544826,8076.0544165968895,63.0,79.1013048641916,36.68674567265316,14.049691319814883,56198.76527925953,17210.523039102554,71.0,89.90890664436483
P03,Fatigue,1,LG_0,S_1,Trial_5,28,56000,60000,4000,2000,2.0,1.0,13,90240,71.2260187906138,38.88524294248782,155540.97176995128,56010.19328460097,97.0,109.34711077253593,122.7682709106335,35.2443960415665,140977.58416626602,37876.762356609106,63.5,72.37525477629598,24.362073427556204,10.345535425050183,41382.14170020074,13653.482217341661,33.0,52.32080688657594,32.086220424592035,15.900870813010261,63603.48325204104,23855.520877987146,70.5,104.04110128959779,9.021027518096405,5.550542576832231,22202.170307328925,6194.530893117189,64.0,69.54559837905637,10.183509487224018,6.268344449577853,25073.377798311412,8692.852314561605,69.0,95.69563959472585,9.579643047086364,6.181051982101053,24724.207928404212,6025.758385658264,33.5,54.04767434972437,25.03866327833384,10.188317959359846,40753.27183743939,11652.627680450678,67.5,74.18928752039365,54.1649955354605,23.6984734437312,94793.8937749248,33619.60556358099,108.5,109.71839285013542,53.479556976471756,32.33852106002159,129354.08424008638,46572.97180965543,88.0,107.88829282870617,56.153381847565896,26.967082279140595,107868.32911656238,32138.497103005648,56.0,74.03682769121092,14.070177642575462,8.341989531274885,33367.95812509954,8719.099033623934,64.0,72.21703162277431,38.827289410412995,14.156794719281606,56627.178877126426,16216.810047626495,65.0,77.66092225365581
P03,Fatigue,1,LG_0,S_1,Trial_5,29,58000,62000,4000,2000,2.0,1.0,13,90240,72.45691193734656,35.03562254237477,140142.49016949907,45779.46634963155,76.5,89.09117886052813,90.9108549936366,29.021627341071145,116086.50936428457,36552.82901600003,83.5,85.5661583407628,15.963021291432243,7.702565130311996,30810.260521247983,11975.828558206558,93.0,112.56025391442178,32.609637495447025,15.355083337170072,61420.33334868029,22451.62660256028,88.0,109.45673603171338,8.591786934479144,5.340242151869461,21360.968607477844,5565.220024436712,54.0,65.61778057562393,9.439969372880256,5.774014582042582,23096.05832817033,8308.002166450024,73.0,98.45388117366524,9.047037169208927,5.914432316366583,23657.729265466332,5920.466315001249,30.5,51.14282039848368,20.068588803844293,8.297138962254394,33188.555849017575,9900.201391428709,50.0,61.79457769336863,53.44303236494779,24.23147270164918,96925.89080659673,34095.098450779915,86.0,101.02556712347051,81.40203143913645,46.2317661404144,184927.0645616576,67922.23621159792,73.5,105.4797420415948,59.36675744597657,27.217002813215366,108868.01125286147,29539.156332612038,54.5,70.41671064867398,16.76913965777175,9.769280658534262,39077.12263413705,10236.220434308052,61.0,76.77945138797502,37.6058094298987,13.923408168542664,55693.63267417066,15013.428498059511,48.0,64.36413613378618
P03,Fatigue,1,LG_0,S_1,Trial_5,30,60000,64000,4000,2000,2.0,1.0,13,90240,76.62328635205694,36.63999807048822,146559.99228195287,47974.42452982068,65.5,76.10204637439122,123.6214124022744,47.17838641400449,188713.54565601796,56850.39348900318,59.5,81.76179080161076,13.680623873066176,8.394153054244816,33576.612216979265,14114.630967378616,97.5,115.83870348334273,43.15103380813233,20.753015243448317,83012.06097379327,28271.37876302004,72.5,93.87700966214246,7.342063418561049,4.6831284541403875,18732.51381656155,5042.422004044056,35.0,56.64961771896718,8.893348700618372,5.52472255770117,22098.89023080468,7582.555059343576,82.5,97.45006858915139,8.12298787046532,5.527782055339776,22111.128221359104,5785.57038679719,23.5,50.81711507964536,16.685496471830756,7.714446043409407,30857.78417363763,10285.356733947992,61.0,81.29378710097872,55.618124082149535,27.147790138749407,108591.16055499762,38581.76143839955,94.0,102.14343599126308,92.57584522042687,47.55961195888231,190238.44783552922,69757.9805739224,91.5,110.54426057471052,51.46826214344675,24.055848961230367,96223.39584492147,27112.860791385174,60.5,69.23823471272453,15.073771899783967,9.147243373724631,36588.97349489853,10313.739813864231,53.0,71.44857320693501,38.401194649469836,14.832666466443333,59330.665865773335,16269.303485751152,63.0,81.28596469691276
P03,Fatigue,1,LG_0,S_1,Trial_5,31,62000,66000,4000,2000,2.0,1.0,13,90240,81.16121650711331,43.101597799209415,172406.39119683765,61615.69897085428,79.5,99.7147185542277,105.84789538719326,42.2373988996027,168949.59559841082,48576.87829062343,68.5,80.2743882139715,16.455827697968203,9.86083383068908,39443.33532275632,15662.577003240585,50.5,90.87418465797762,40.201173386248534,19.7724801650038,79089.9206600152,26461.57592535019,74.5,99.2506499008087,7.819244732455104,5.080182372883428,20320.72949153371,5429.103318601847,53.5,67.01727873315465,10.095996085040898,5.8506954399636015,23402.781759854406,7932.91823938489,73.0,89.28536847035019,8.440729019162855,5.433906925981864,21735.627703927457,5571.629106998444,37.5,57.027579966830594,21.097675869075395,8.738235867465846,34952.943469863385,10749.25223365426,64.0,75.47334442046186,50.31556914064267,21.976487473829184,87905.94989531673,31474.699266254902,90.0,96.9368938780739,107.19735554006016,54.89062765671406,219562.51062685624,81135.01770421863,85.0,116.52809087508375,45.984406260692516,22.424128891620786,89696.51556648314,27474.21097010374,45.5,72.48830649560442,14.514178547130452,8.467753165366593,33871.012661466375,9740.88991060853,62.0,75.13882886113764,41.875825077614344,15.46508493903093,61860.33975612372,18546.358961611986,56.0,69.43518869827965
P03,Fatigue,1,LG_0,S_1,Trial_5,32,64000,68000,4000,2000,2.0,1.0,13,90240,70.45644877713328,38.84387216195464,155375.48864781857,55207.22679793835,85.5,99.79138114033516,101.1481800223361,38.0156107049901,152062.44281996042,42190.380115062,74.0,78.57652472128464,24.56558872047017,11.762124071118887,47048.49628447555,15718.73277425766,40.5,63.031035364340234,37.18808099260983,18.22938618613407,72917.54474453628,23507.294058799744,65.0,84.10189171795662,7.088464154661658,4.751700296648778,19006.801186595112,5326.557997614145,59.5,76.0736418988321,9.630049475295992,5.483136309916153,21932.545239664614,7927.729934453964,65.5,87.05818810597569,9.343412982122093,5.95090220880229,23803.60883520916,6115.790735930204,36.5,53.064324701929806,22.340459892250024,9.673199698445387,38692.79879378155,11701.153591275215,66.0,75.32883158232765,56.07301033183198,26.939906662749127,107759.6266509965,40933.894738554955,111.5,116.20203680557621,96.0801346877651,51.738463382306506,206953.85352922603,78564.36520814896,83.0,99.69474293555976,47.560361873337506,23.7240533893113,94896.21355724521,29282.18264132738,56.0,72.74382461306814,14.596981679670181,8.620064363908023,34480.25745563209,9344.13718059659,66.0,74.43635276824156,42.52652064679055,15.702688704244792,62810.75481697917,19160.41010990739,54.5,84.83180681540034
P03,Fatigue,1,LG_0,S_1,Trial_5,33,66000,70000,4000,2000,2.0,1.0,13,90240,67.8311301496016,38.372236932069065,153488.94772827625,53059.268556535244,73.0,89.9594866405429,144.3671707834658,59.54211660660803,238168.46642643213,71089.2385803163,77.0,87.66194363953828,29.868214326581736,14.320593206433113,57282.372825732455,18333.028070628643,61.5,79.41865033065476,43.21265972349925,22.57709583849646,90308.38335398585,32699.13922995329,80.5,113.29016046743212,6.277314062891058,4.189870009722654,16759.480038890615,5166.330933570862,60.0,77.02990118148867,10.508822233942496,6.00679226993816,24027.16907975264,8342.18394011259,62.0,91.54588172331462,8.898639534786989,5.779728889535181,23118.915558140725,6499.114912003279,41.0,63.846854754992144,19.57406473580608,9.282850786391645,37131.40314556658,12201.367225497961,65.0,78.3083099173785,58.235646124003786,26.59481148152845,106379.2459261138,40132.75941833854,97.5,109.77828375064283,52.682242534254534,29.7409007468028,118963.6029872112,42241.042386740446,59.0,86.80183001710422,39.16357538372512,21.071607685647905,84286.43074259162,28957.150597125292,61.5,73.5055652825763,12.656006298159223,8.087906641419977,32351.626565679908,8556.430414319038,58.0,69.10811256956991,43.00389360756567,16.662259940674993,66649.03976269998,19708.234071731567,48.0,69.08560990679668
P03,Fatigue,1,LG_0,S_1,Trial_5,34,68000,72000,4000,2000,2.0,1.0,13,90240,64.42268638303305,35.436207064474004,141744.828257896,51979.795936495066,80.5,99.57446579753243,159.72209174343027,73.80018909820356,295200.7563928142,84728.0714660883,57.5,72.05964858415066,23.18073020305937,11.472021793923341,45888.08717569336,16082.524508237839,64.0,89.05396685285797,44.840341876135675,24.353112587053328,97412.45034821332,34718.00023689866,61.0,90.84568850157187,5.93578467182176,3.8713209432782607,15485.283773113042,4741.5003180503845,56.5,72.75940875252196,9.965136324110153,5.685612656595185,22742.45062638074,7469.022739678621,72.5,90.31598673965465,8.577166168950823,5.404215782834217,21616.863131336868,5899.407900869846,33.5,57.00328013167539,17.94681712479302,8.283011055330281,33132.04422132112,10956.479236483574,81.5,102.14077693804619,48.55860042887541,19.729141414631158,78916.56565852463,30127.265956252813,98.0,116.28333823204783,47.427138949276575,27.425847651599906,109703.39060639963,37169.93210837245,73.0,95.18119517610523,38.03265885006139,20.2709800563287,81083.9202253148,27786.119654774666,90.5,108.15307591311671,11.978652525480394,7.602635325398296,30410.541301593184,8282.976225018501,60.5,66.6056701248972,40.285273841467905,15.777610040106811,63110.44016042724,20100.103691220284,64.5,88.43727313301812
P03,Fatigue,1,LG_0,S_1,Trial_5,35,70000,74000,4000,2000,2.0,1.0,13,90240,64.7294668630659,32.9080978295533,131632.3913182132,50100.103579461575,88.5,105.56028855763977,163.6092002680292,72.77823860454373,291112.9544181749,79342.00055897236,62.5,80.15068378590966,24.06400339851161,12.657664032990578,50630.656131962314,18708.111997693777,51.5,80.61265569252595,58.64897503579056,28.80553993419744,115222.15973678976,40776.719618588686,87.0,110.10070422732879,8.06988364786183,4.699963359162211,18799.853436648846,4863.578081130981,54.0,71.04776943332574,10.589143737614478,5.667519015388097,22670.07606155239,7052.127178758383,64.0,90.2675232098153,10.623727772090303,6.583286652213428,26333.146608853713,6668.1926138699055,59.0,70.79090722127037,20.570670839253978,9.324411703040823,37297.64681216329,11599.218659102917,62.0,78.79388478581429,58.434633577888206,26.921310862293467,107685.24344917387,41674.296371638775,93.0,112.96522049631209,49.31297331458368,29.906689750030637,119626.75900012255,43505.76801225543,94.5,109.80008077567147,38.579537988034524,20.21689792871475,80867.59171485901,26138.37504759431,40.5,64.84669466124544,11.61710672591199,7.744006868544966,30976.027474179864,8437.404595315456,50.5,68.62713381560877,38.78798493610882,15.862654102232773,63450.61640893109,20104.071218520403,72.5,83.19623046100207
P03,Fatigue,1,LG_0,S_1,Trial_5,36,72000,76000,4000,2000,2.0,1.0,13,90240,105.2839960870019,57.11306882221252,228452.27528885007,84144.23456415534,85.5,110.53904949021224,191.23058854149144,70.29887544006343,281195.5017602537,73890.0076597929,59.5,69.5357014291025,41.74494802105646,19.296222384320572,77184.88953728229,23201.79445669055,48.0,65.1093082049084,69.4212149070553,31.61753940489143,126470.15761956573,44792.16244071722,83.0,96.99087273145653,9.123345776071035,5.109761433384847,20439.045733539388,5397.3631002008915,45.5,57.09789730717959,12.43063614211697,6.590422364510596,26361.689458042383,8194.164652377367,60.5,80.1141649365015,9.779559691247556,6.054723166115582,24218.892664462328,6727.7055233716965,65.5,79.55130983200577,18.97807105786247,8.606319666712078,34425.27866684832,10807.239171117544,62.5,74.26816712954768,58.52255274537614,25.02648353308905,100105.9341323562,37669.23015937209,94.0,106.16487211143375,52.74345109748802,30.58486483753659,122339.45935014635,43860.709108412266,84.0,105.57147402291304,29.626536192970914,15.964703749353067,63858.814997412264,21695.354860275984,70.0,87.22569450190659,12.364977254223584,8.253622359840666,33014.48943936266,8381.248824298382,53.5,67.54542155452377,41.98417602196319,16.904603947279973,67618.4157891199,18999.267462641,54.0,70.1658524635212
P03,Fatigue,1,LG_0,S_1,Trial_5,37,74000,78000,4000,2000,2.0,1.0,13,90240,99.35132778086063,52.656959304539484,210627.83721815795,74658.48717838526,62.0,83.93552655615474,206.86418195472527,77.26892271923134,309075.69087692536,81201.24489068985,64.0,75.17196348071076,38.1145532623886,15.811757555697113,63247.03022278845,18986.449297517538,48.0,63.76872042600525,55.565932203728046,25.444641988468355,101778.56795387343,35265.51900431514,81.5,92.66799899732189,6.67128114820783,4.026874717953615,16107.49887181446,4649.941995739937,49.5,71.10816746168881,10.165267165653864,5.70537769497605,22821.5107799042,7314.899563789368,58.5,79.6551998031623,6.964377070980066,4.639155814982951,18556.623259931803,5196.850374341011,33.0,59.29532891695642,15.224028460851617,6.851586794655304,27406.347178621218,8861.930016428232,76.0,80.05983268768247,48.22921045542426,19.366761509981007,77467.04603992403,28005.85962831974,96.0,104.77057419377766,68.25910163608908,34.14520118666114,136580.80474664457,47954.892087727785,62.5,89.63677420121422,24.25094878795003,12.660001936601475,50640.0077464059,16838.185861706734,58.0,87.8213325895483,13.566413777907703,8.71223215945065,34848.9286378026,8769.150916486979,52.5,65.79871767409476,35.33385259763013,14.555756370117887,58223.02548047155,17806.87291175127,53.5,80.7288028071621
P03,Fatigue,1,LG_0,S_1,Trial_5,38,76000,80000,4000,2000,2.0,1.0,13,90240,70.6097169158068,38.34236999694258,153369.47998777032,50944.2713111639,75.5,91.90343135705372,168.11606658134446,68.63917835169704,274556.7134067882,79146.065749228,77.0,84.69391613450763,24.101914951793415,12.312405420164577,49249.62168065831,17125.068604946136,57.5,78.00505138390027,43.059244474666755,23.222196702845395,92888.78681138158,33476.46938636899,77.0,100.39845245735853,5.854487135000814,3.853654574241955,15414.61829696782,4401.818942278624,68.5,72.53849809679154,7.798223375158038,4.8605023318901655,19442.009327560663,6186.290644109249,76.5,91.99051132565057,7.316059293053746,5.0231184577569366,20092.473831027746,4870.597552508116,27.5,59.05536420965011,13.725573803641314,6.536510764271952,26146.04305708781,8274.125587195158,74.5,85.38052952484298,46.83039733910776,21.84640892490279,87385.63569961116,31604.406889528036,87.0,102.87201970989365,70.95453419354244,37.94479667546693,151779.18670186773,55993.40759217739,71.0,97.65695338409061,26.41332606324541,14.397015908034518,57588.06363213807,18864.37153443694,67.0,87.11511141043421,12.69150193068222,8.600859509862493,34403.438039449975,8700.482174754143,50.5,68.36785124165516,34.62390777781788,15.52792416238226,62111.69664952904,20818.531326949596,72.0,92.98917847337756
P03,Fatigue,1,LG_0,S_1,Trial_5,39,78000,82000,4000,2000,2.0,1.0,13,90240,113.47498200945299,65.74457851049957,262978.31404199824,93897.94263988733,69.0,98.97952519224961,146.7968441966047,65.01158127523959,260046.32510095835,75670.2066399157,75.5,81.27595769264295,28.547126474631103,14.096043407171965,56384.17362868786,17789.171636104584,46.5,72.57064604258132,53.676672535502824,27.564358378667386,110257.43351466954,34630.714636296034,67.5,92.11896020934809,6.53321415945834,4.064784784649964,16259.139138599858,4920.954629778862,58.5,71.47590796100303,10.355480987471314,5.6917326437542215,22766.930575016886,7377.769611775875,68.0,92.73704434181676,7.183590022393469,4.820751027332153,19283.004109328613,4981.9935113191605,52.0,66.4072815762186,16.527337088438475,7.160604792344384,28642.419169377536,8838.735241442919,66.5,83.7333337757062,50.31350601332115,20.142193967569618,80568.77587027848,28504.242096096277,95.0,105.83455490250687,100.14433768315855,50.41268224215601,201650.72896862403,79307.51359090209,81.5,106.25874425943178,33.862875419436186,16.928125890670344,67712.50356268138,21518.036909401417,53.5,76.3425212106203,14.487513347522881,9.228387165768073,36913.54866307229,9438.747446984053,51.0,63.66955396408698,41.66378195252279,17.0480582133634,68192.2328534536,20531.648583710194,59.5,79.65959471805373
P03,Fatigue,1,LG_0,S_1,Trial_5,40,80000,84000,4000,2000,2.0,1.0,13,90240,112.90192337322799,64.60904869723599,258436.19478894398,95241.4084225893,89.0,104.4561725019443,162.26152353135652,73.70851995217382,294834.07980869524,86348.95896539092,79.5,82.07287975223677,27.606035370411313,13.125835802289657,52503.34320915863,17632.60690495372,42.5,63.312635012034434,55.11190717750169,28.718509857612663,114874.03943045065,36707.56258070469,55.5,80.57687703122686,6.546272026014387,4.140817829291336,16563.271317165345,5101.934913545847,62.0,76.03022216844661,11.537353593518946,6.3182823423296215,25273.129369318485,8366.294298321009,49.5,82.51521932290967,7.53447605974894,4.80852925023064,19234.11700092256,5428.492929786444,48.0,71.1740012066508,21.45961883807981,9.44951546867378,37798.06187469512,10741.622373461723,58.0,72.50485575336533,53.36997569616702,21.40847486378625,85633.899455145,30262.772273272276,99.0,107.33768112248869,106.71663905876305,56.47591956926044,225903.67827704176,86241.53053388,107.0,119.11482513787216,50.00536534337742,21.302910178224558,85211.64071289822,23528.96286174655,49.0,62.99858249892043,16.400734232459417,10.559140456910246,42236.56182764098,11717.328894883394,71.5,78.67128805669034,45.15212206670478,17.559883960708977,70239.5358428359,20072.025805711746,50.5,64.48127076423016
P03,Fatigue,1,LG_0,S_1,Trial_5,41,82000,86000,4000,2000,2.0,1.0,13,90240,66.09518002749617,36.91863423193572,147674.53692774288,54206.799529492855,75.5,101.10557028415712,159.13371332700092,67.04432694916613,268177.30779666454,76592.19894558191,88.5,86.73221200100681,21.481512768512047,10.829009908996522,43316.03963598609,16643.16663518548,66.0,82.79776151099801,46.94407017451768,24.537692600709853,98150.77040283941,36567.173153162,78.5,102.53345450518457,6.526233496941573,4.218877860740759,16875.511442963034,5075.383000075817,53.0,71.83926634532546,10.098397314070874,5.947859039064497,23791.436156257987,7938.4117387235165,59.5,86.91448757890974,8.026432101166563,5.314898617507424,21259.594470029697,6104.498542845249,44.0,72.21860098590777,24.679875521534292,11.670652385870927,46682.609543483704,13776.780758053064,76.5,84.02359683432861,55.85410053878274,27.930807325907516,111723.22930363007,41187.816485762596,106.5,109.92659051674823,71.29478510529096,40.00557708804263,160022.3083521705,57969.846576452255,91.5,109.41167222506975,48.94940345661799,21.210175636666825,84840.70254666731,24363.059177994728,68.0,82.38283929217617,14.13249548325111,9.67461210001493,38698.448400059715,10677.836742252111,57.5,73.1975595790917,41.00898434229979,16.790085010393522,67160.34004157409,21136.849094182253,56.5,76.09170078371466
P03,Fatigue,1,LG_0,S_1,Trial_5,42,84000,88000,4000,2000,2.0,1.0,13,90240,57.50685588448669,31.58843186974991,126353.72747899964,46387.41360977292,79.5,93.46972692987366,191.40980835668495,79.76445775388274,319057.831015531,83773.42335879803,56.0,69.72368174591726,19.274165458345013,10.739842708571814,42959.370834287256,17253.250256180763,90.0,113.05779143729045,40.6907570857998,21.611143559240737,86444.57423696294,33358.969539403915,101.5,115.99588211916503,6.078968438550034,3.9752655424759724,15901.06216990389,4638.649802654982,40.0,61.21971713586004,8.817845233172758,5.390176000795327,21560.70400318131,7067.081704735756,55.5,78.74713776885825,7.336023213697171,4.978280592453666,19913.122369814664,5759.323667734861,33.5,63.54831796674927,25.17208550108182,11.678744234098122,46714.976936392486,14467.435702681541,58.0,73.14278468182975,60.52071063939805,29.929955291969236,119719.82116787694,43743.819650262594,91.0,102.3373486591622,89.50400572348245,50.81324891038239,203252.99564152956,75462.67444267869,77.5,103.55475771473095,46.75335567390514,22.640965932258403,90563.86372903362,29252.578783780336,54.0,78.65659656606417,14.557956797926643,9.79267926523462,39170.71706093848,10288.713872432709,56.0,71.32066978478228,36.682814117145526,14.923788704094477,59695.15481637791,20265.519060194492,66.0,83.53368058422566
P03,Fatigue,1,LG_0,S_1,Trial_5,43,86000,90000,4000,2000,2.0,1.0,13,90240,58.14838355010658,30.939188792451752,123756.755169807,46232.06965625286,79.5,103.88866372081726,205.06276862823506,85.93500570745672,343740.0228298269,93752.36490741372,70.0,73.0256403902863,20.405673888186104,11.544459228799678,46177.83691519871,18525.910936295986,76.0,102.62408250202554,40.27279536905176,22.618889160687104,90475.55664274842,33379.72275912762,83.0,111.81681706327468,5.5969206013528,3.69340011900058,14773.60047600232,4475.370794534683,37.5,62.57156627234513,8.354633768793317,5.135487986728549,20541.951946914196,6801.562570035458,50.5,80.46864490757363,8.021396857977361,5.089553710515611,20358.214842062443,5236.220452934504,35.5,55.028790786745205,22.331712798759202,9.685076415119692,38740.30566047877,11164.621822535992,74.5,73.87039449015553,55.1914373817073,23.12706760596484,92508.27042385936,32441.86034426093,92.0,99.5525035012292,84.46332396726051,49.94830941839609,199793.23767358437,73564.97561559081,80.5,105.91988427854189,60.57728503418083,29.560726481466553,118242.90592586622,33575.96276327968,40.5,59.72796260461564,14.47685054132858,9.281761394953355,37127.04557981342,9862.662479281425,68.0,77.34831287262598,36.84211203813327,15.00962577573955,60038.5031029582,20544.771943241358,57.5,92.11196805779743
P03,Fatigue,1,LG_0,S_1,Trial_6,0,0,4000,4000,2000,2.0,1.0,13,90260,4.370652893882769,3.0677820263546893,12271.128105418757,4837.941750884056,44.5,78.1465648427014,28.101574461595042,13.09303781822091,52372.15127288364,17220.899648964405,75.0,90.28075090119839,12.776978585008761,5.6515686782076955,22606.274712830782,7659.158855676651,52.5,82.1815410857849,14.947434360241482,11.224550559418276,44898.202237673104,21708.173025399446,103.0,140.64899914672944,3.501655424888519,2.7253141874913127,10901.25674996525,2768.7236666679382,28.5,45.75850330860296,4.706741894156966,3.672443220159039,14689.772880636156,3854.605369269848,27.0,42.39038276896868,3.369260824858215,2.622590327775106,10490.361311100423,3129.7686509788036,30.5,50.37435513452741,9.97019119876039,5.831785975955427,23327.143903821707,7000.549323856831,51.5,71.47394053137836,4.62309776147045,3.051439934002701,12205.759736010805,3852.4690084159374,40.0,63.24965403342275,6.944845850181965,4.6691930867382325,18676.77234695293,7418.665662407875,70.0,108.3131362213976,9.418017007529272,6.321938495035283,25287.753980141133,9363.974817097187,58.0,90.27314888859443,3.701649962950347,2.92990568401292,11719.622736051679,2813.892439007759,26.5,46.96433271170848,2.5126440951888243,1.9403857585042714,7761.543034017086,2500.4577822983265,30.0,58.55579796187778
P03,Fatigue,1,LG_0,S_1,Trial_6,1,2000,6000,4000,2000,2.0,1.0,13,90260,7.180298119901591,4.201741118449718,16806.96447379887,6652.322504669428,72.5,116.62576586089996,30.65985573931422,14.290736838662998,57162.94735465199,18013.18433135748,74.0,84.19818486085053,12.716441166866733,5.52486084891716,22099.44339566864,6954.770162701607,47.5,58.67207645128711,13.182101257082092,8.736815187497996,34947.26074999198,16636.75755262375,99.0,132.77165876413417,3.4419450968248144,2.73185110836057,10927.40443344228,2774.217166006565,27.0,47.91338430703059,4.617895387219938,3.593636759486981,14374.547037947923,4054.202511906624,44.0,77.37941817292565,2.93295885934456,2.2540845609735696,9016.338243894279,3219.190612435341,39.0,87.8601838219236,11.22953538262357,6.7529758492251855,27011.903396900743,8313.800860196352,68.0,80.87509169658928,4.714834525109394,3.1070666123647244,12428.266449458897,4122.87125363946,77.0,93.66299633957952,46.22273685691109,18.811450824141502,75245.80329656601,28390.709776431322,70.0,94.57735337609158,8.870487371238122,5.795655154506676,23182.620618026704,8272.59961515665,50.0,76.23622187538328,10.497565350028204,6.070706655038521,24282.826620154083,7243.178877979517,48.5,67.57101642663226,4.439691736113114,2.954160933266394,11816.643733065575,4027.650598436594,37.0,63.775051147700275
P03,Fatigue,1,LG_0,S_1,Trial_6,2,4000,8000,4000,2000,2.0,1.0,13,90260,11.981670640764445,5.553600891842507,22214.403567370027,7870.353385806084,73.0,89.13675292043341,13.271689417117717,4.482804948813282,17931.219795253128,5579.564161598682,30.5,60.03983318735029,3.4577397181769434,2.6141903094947336,10456.761237978935,3459.073416888714,24.0,51.34362294596372,8.054039659090362,4.341716549778357,17366.86619911343,7726.912014186382,81.0,112.90825762697845,3.2617428611259442,2.5824163289624265,10329.665315849707,2748.5808357596397,28.0,49.2853582671965,3.825211954895096,3.027187660394702,12108.750641578808,3085.2102674543858,25.0,41.325369531995875,2.8300833264781375,2.1712604448199273,8685.041779279709,2766.587305814028,30.5,56.612423174926974,5.927797941168412,3.1309577265405095,12523.830906162038,3929.683193564415,29.5,55.85954172402443,2.58420100440536,1.8908476704265922,7563.390681706369,2723.5548943281174,29.5,66.82049753537493,89.70987146460226,59.317865249328314,237271.46099731326,99181.16303160787,82.0,110.0811095053581,7.461446342228622,5.409631419449579,21638.525677798316,8124.580327421427,65.0,91.01446796362785,17.82840300801001,12.58314772825688,50332.590913027525,17872.18451499939,77.5,96.10356643060369,6.333119855952466,4.712591998558492,18850.367994233966,7219.068519771099,82.0,104.08253785380693
P03,Fatigue,1,LG_0,S_1,Trial_6,3,6000,10000,4000,2000,2.0,1.0,13,90260,14.126345399987473,6.425443843181711,25701.775372726843,8647.378347814083,83.0,101.73398342610008,15.417032645371664,5.290749728505034,21162.998914020136,5069.88950073719,39.0,59.20207350512872,3.066387512955375,2.2880046304315327,9152.018521726131,3001.8921941518784,27.0,61.45126157013048,6.860649281794038,3.5823130169301294,14329.252067720518,5575.596634298563,66.5,101.25790939374399,3.980204235440909,2.7445618069032207,10978.247227612883,2918.2689264416695,29.5,52.97031470133334,4.011316714796151,2.9113895011483693,11645.558004593477,2915.8273711800575,33.0,54.154155974510694,3.226498617628302,2.4798265640391035,9919.306256156415,2695.7822032272816,29.5,54.621404403011674,2.7669724796265025,2.155953648197465,8623.814592789859,2615.8212684094906,29.5,56.31801703453764,2.465099553132213,1.8660150696523488,7464.060278609395,2522.7369740605354,28.5,62.73302168862887,86.98083546582986,55.951055268279745,223804.22107311897,95212.72014826536,85.0,117.46798427712736,7.91429708739356,5.506375109194778,22025.50043677911,8437.404595315456,89.0,104.58105458512061,17.15421836245349,12.503073566313834,50012.29426525533,18046.755716204643,81.0,98.40485443712387,6.238126226380798,4.777674438955728,19110.697755822912,7579.5031152665615,87.5,110.03471242132063
P03,Fatigue,1,LG_0,S_1,Trial_6,4,8000,12000,4000,2000,2.0,1.0,13,90260,13.72290798634549,6.869779624044895,27479.11849617958,8542.39147156477,50.5,80.78170422303776,15.492531873665364,5.27978607719997,21119.144308799878,5328.694358468056,40.0,52.594879221750176,3.5347981223077554,2.4817440242040902,9926.976096816361,3728.865273296833,55.5,95.98690174377556,7.318371446386645,3.7596251309616493,15038.500523846596,5865.531321614981,82.0,118.82964507854214,19.01104861932952,8.883679619594478,35534.71847837791,10991.576593369246,68.0,85.84277090502236,6.8378357421198634,4.443351323250681,17773.405293002725,5089.727137237787,42.0,57.488537507175614,5.189384061862761,3.6369642558158377,14547.85702326335,3901.6053080558777,40.5,53.74249836547682,4.664971256684944,3.011102389136795,12044.40955654718,3564.3654875457287,35.5,62.09697720454163,21.054060883664217,8.065022249147296,32260.088996589184,9885.246865451336,63.5,78.48743943928979,73.85398703133603,36.85864815665409,147434.59262661636,55132.45416805148,82.0,102.80880828155284,13.705025219950379,7.727802571468056,30911.21028587222,10845.38847208023,75.5,95.01407971080435,11.702990344663629,8.04039920248324,32161.596809932962,10569.797921925783,73.5,86.25061208642715,5.557509044537241,3.990271531860344,15961.086127441376,5661.661457270384,61.5,82.11941813485726
P03,Fatigue,1,LG_0,S_1,Trial_6,5,10000,14000,4000,2000,2.0,1.0,13,90260,17.683515324524876,9.695214897044934,38780.85958817974,12679.912056773901,72.0,93.3373476195029,31.284129921280385,9.387476922851056,37549.90769140422,10994.323343038559,79.5,79.39208015500886,5.762244574009514,3.42874044990167,13714.96179960668,5524.934362620115,99.0,115.25977491677037,16.633852419921006,6.2476270901970565,24990.508360788226,8496.307116001844,55.5,89.42925340058073,18.910243046308562,8.817651381727774,35270.605526911095,11115.790717303753,71.0,95.45890379769133,7.163378274975122,4.891804405569564,19567.21762227826,5818.531382828951,55.5,85.20792272093367,5.773481555847981,4.102543741965201,16410.174967860803,4543.1239530444145,41.5,64.26530256707483,9.112332106184917,5.225790777395014,20903.163109580055,6410.608533769846,45.5,68.93816502026952,34.61539743468713,16.970276290317997,67881.10516127199,23749.008029699326,71.5,85.50422194809084,66.63507199651983,34.05183832611656,136207.35330446623,48874.74803254008,66.0,94.362643770711,28.954056416090346,16.687601605721284,66750.40642288513,19235.793128609657,55.0,72.22350008187671,11.109298407309106,7.171719972672872,28686.87989069149,8394.066989421844,60.0,74.28881851417343,18.902744247955738,7.239506626268849,28958.026505075395,8641.884848475456,65.5,79.4744360898069
P03,Fatigue,1,LG_0,S_1,Trial_6,6,12000,16000,4000,2000,2.0,1.0,13,90260,19.18375354851373,11.433159329928458,45732.63731971383,16462.186351418495,89.5,108.64611445777302,90.73841307125768,35.471566163713575,141886.2646548543,36777.45210006833,63.5,77.24306115787903,19.080436333966745,9.529106355272233,38116.425421088934,11570.835579186678,57.0,65.00098263493763,28.039434539342356,14.133084699837491,56532.338799349964,17256.302200257778,51.5,84.53524962387922,4.08687391109802,3.1346454287180676,12538.58171487227,3430.690336972475,32.0,54.91665809542993,4.824152502672158,3.505569784902036,14022.279139608145,4342.000838369131,48.5,74.27551682921461,4.6886120208908055,3.410490625456441,13641.962501825765,4216.871131211519,48.0,77.94345850302341,13.830372337703848,7.178683211980387,28714.73284792155,9173.228312283754,56.0,81.00144260520158,49.34162534912149,24.311368248565124,97245.47299426049,36957.51680061221,99.0,111.5450134574206,41.749451504836195,23.512608332722447,94050.43333088979,34399.987664073706,69.5,97.11267013692418,31.856006537438855,19.10865356368013,76434.61425472051,23066.59333407879,44.5,63.535456670082056,13.250169871416073,8.456415269419086,33825.66107767634,8867.118321359158,52.5,66.15742029985046,24.71952826196201,11.185069847851992,44740.27939140797,13546.053785830736,64.0,91.45972385773548
P03,Fatigue,1,LG_0,S_1,Trial_6,7,14000,18000,4000,2000,2.0,1.0,13,90260,37.94234801053781,20.76943485517986,83077.73942071944,30478.23952510953,75.0,98.7286374948977,135.3841205008068,50.08951913220808,200358.07652883232,48404.44345027208,56.5,68.09466535359144,31.03767074532853,13.917583685868886,55670.33474347554,15187.08411604166,49.0,63.13266624533741,38.06534551013891,18.05556484758854,72222.25939035416,21005.31030446291,50.5,80.52915847171535,5.978991653538215,4.06085987011902,16243.439480476081,4424.7085228562355,54.5,75.01742172272955,7.412382044070851,4.565903282142244,18263.613128568977,6062.992103397846,71.0,96.22787758895313,5.878473790527292,4.0841060322127305,16336.424128850922,4740.8899292349815,31.5,61.115910010318466,17.02887654443686,7.8527113941730935,31410.845576692373,9698.467887938023,79.0,84.75284194174536,46.78455730645645,20.49553950736299,81982.15802945197,30293.596908450127,95.5,100.48689415974124,44.13431090546356,25.897257426567375,103589.0297062695,37251.72420963645,67.5,97.49834846024501,36.38120721609963,19.462390210106967,77849.56084042788,23924.800008535385,71.5,92.29796012395485,14.379013102826875,8.630316111107822,34521.26444443129,9253.189247101545,55.5,72.94389354417177,29.690133795103804,12.993852039123885,51975.40815649554,15654.031559824944,61.5,75.8577897160223
P03,Fatigue,1,LG_0,S_1,Trial_6,8,16000,20000,4000,2000,2.0,1.0,13,90260,49.49341097041111,28.931195720215328,115724.78288086131,41652.32237428427,64.5,94.90568772251211,146.11700432738473,49.66796798319556,198671.87193278223,50958.61544832587,57.5,71.70429643352836,38.60460708981738,15.721721009002067,62886.88403600827,16211.316548287868,49.5,60.89935350504197,46.88313086881406,19.4630730062956,77852.2920251824,22137.886751443148,55.0,78.48777161663659,8.429462573837824,5.198424872290343,20793.699489161372,6012.024637311697,70.5,85.12434973447135,11.232648275316118,6.340860014222562,25363.44005689025,8764.267805963755,75.0,98.96164765662263,7.97563114298085,5.333203911036253,21332.815644145012,5837.148241698742,44.0,65.88322059109848,21.032676620653124,9.67958703590557,38718.34814362228,11230.238620191813,78.0,92.88523766768601,43.588263620656036,18.099520777352154,72398.08310940862,26847.036462277174,84.5,109.21206512061774,63.322773671285965,31.66887463023886,126675.49852095544,43354.08639162779,74.5,93.1846416638393,41.95348794871558,20.954816271201707,83819.26508480683,23929.98831346631,50.5,69.22567843957516,13.332738491069966,7.813590659410693,31254.36263764277,8725.508116185665,64.5,73.11485901041725,41.34416237566245,15.176668441295623,60706.673765182495,16652.627661824226,55.0,68.2890355718201
P03,Fatigue,1,LG_0,S_1,Trial_6,9,18000,22000,4000,2000,2.0,1.0,13,90260,83.38538866650772,42.59966439449927,170398.65757799707,57619.17820200324,74.0,96.09417254888056,134.92065082573055,46.49478950969642,185979.15803878568,51035.52443906665,86.5,81.05611494141911,33.18928280344161,14.550473493069877,58201.893972279504,15500.518772751093,50.0,65.8691309764464,48.95899599264363,20.43176616022829,81727.06464091316,23686.137981712818,57.0,76.99632552911176,8.536895615171284,5.295481310004834,21181.925240019336,6149.66731518507,62.0,82.34763411252692,11.713378041738256,6.497289467952214,25989.157871808857,8608.923852443695,65.0,89.88257227403098,8.389994899552509,5.615656070760451,22462.624283041805,5758.713278919458,36.5,56.182126758328884,20.888701479766944,9.590057569718919,38360.23027887568,10936.946794390678,73.5,73.1599986226288,44.62936970354966,18.694976048893295,74779.90419557318,28887.56627216935,94.5,115.80376453082839,83.15324318057488,44.34996550041251,177399.86200165004,63336.690235883,76.5,96.38956819979244,34.77589728340483,16.24461554712616,64978.462188504636,19457.05907419324,49.5,63.58762003574683,14.084280227836715,8.911191102431621,35644.764409726486,9280.65674379468,58.5,74.60869204901704,44.57311949263723,16.491791620489675,65967.1664819587,18052.55440995097,51.5,68.22398856484155
P03,Fatigue,1,LG_0,S_1,Trial_6,10,20000,24000,4000,2000,2.0,1.0,13,90260,106.49803412385472,58.5679730620468,234271.8922481872,76298.90711978078,73.0,92.62750343534931,111.73696161341807,39.03487777682021,156139.51110728085,43265.580013394356,85.0,80.18890793585369,29.437845476662368,13.230670386529528,52922.68154611811,14476.896729320288,51.5,63.668885446197514,42.33043833343253,19.014630300586578,76058.52120234631,23164.560738950968,70.5,86.88645708568642,7.369583485616157,4.9582860097289085,19833.144038915634,5406.518932431936,55.5,70.0063307660902,10.590673001640512,6.493753180350177,25975.012721400708,7699.7497119009495,62.5,89.63646836667296,7.7915428037647905,5.4382713586091995,21753.085434436798,4945.370182394981,34.5,57.30247792176724,18.981317212945513,8.741922081820666,34967.68832728267,9446.37730717659,67.5,81.22460946707065,37.238719103417665,14.26181211497169,57047.24845988676,21330.6475430727,123.5,124.14674247082854,77.51295004458953,44.38920785514638,177556.8314205855,64254.10462543368,86.0,108.4400975238695,37.86739374027915,17.349358035228214,69397.43214091286,21460.965555161238,67.5,75.73618220816587,14.787968462807902,9.698359849117697,38793.439396470785,9099.981654435396,51.5,68.75092843104964,44.91423533345341,18.094789653643964,72379.15861457586,19776.292424649,59.0,75.94873375426386
P03,Fatigue,1,LG_0,S_1,Trial_6,11,22000,26000,4000,2000,2.0,1.0,13,90260,82.11939665356324,42.81529046187643,171261.16184750572,57874.32072684169,76.5,98.73180467722685,131.96797106441207,50.15719553432427,200628.7821372971,60019.227024167776,78.0,83.43453102314024,28.070535054446104,12.934388151473831,51737.552605895326,15053.103771060705,52.5,60.88188293963492,35.866840164686295,18.756013175565748,75024.052702263,23793.566413223743,50.5,84.7900469255341,7.121016003173948,4.876979930559173,19507.919722236693,5031.740199774504,50.0,67.71361084916266,10.034058089815984,6.748766226461157,26995.06490584463,7390.282582491636,44.0,68.54723115480253,8.228579826664712,5.801601028256118,23206.404113024473,4957.27276429534,32.0,48.55605798323571,18.40676821226199,8.87487437943928,35499.49751775712,9854.422230273485,70.0,86.67208103874106,48.324439030917645,18.738316020043566,74953.26408017427,27400.65911784768,110.0,112.99150820620427,63.07883251071595,37.3661875248421,149464.7500993684,50847.52468392253,88.5,103.07616615861001,53.679558527590565,23.433218492940068,93732.87397176027,25216.0775475204,49.5,55.0245141943948,13.835635628637156,9.273768506012857,37095.07402405143,8637.612126767635,57.0,64.1150474412687,39.9629851774961,16.296908014733344,65187.63205893338,18228.04119437933,68.0,77.78258424173917
P03,Fatigue,1,LG_0,S_1,Trial_6,12,24000,28000,4000,2000,2.0,1.0,13,90260,75.67006503326955,39.711185608641244,158844.74243456498,57173.89956116676,75.0,100.84664584346567,140.18827671613218,51.80976480729878,207239.05922919512,62744.0026961267,80.5,85.5781986391687,29.835062810791584,13.239991863025352,52959.96745210141,16424.952633678913,72.5,82.59400932698465,46.878155282038996,21.270044326549396,85080.17730619758,26180.491875857115,66.0,83.27175352852625,7.297634507414646,4.9064126503421,19625.650601368397,5012.51295208931,57.5,71.05729298942059,10.481374408927369,6.626735387020744,26506.941548082978,7286.211289465427,58.5,78.43248711146168,8.490887188576114,5.905162379576359,23620.649518305436,4898.675438016653,22.5,47.44791544397902,18.974194419763844,8.791443994594738,35165.77597837895,9965.207800269127,83.0,80.318945397931,56.67725597656551,22.23406266514212,88936.25066056848,31708.783376961946,75.0,95.76859266444202,57.33869702318616,34.86897197533399,139475.88790133595,47912.77525946498,84.0,96.7484455659247,55.54820567600905,25.891816115472466,103567.26446188986,25880.79096749425,45.0,66.54041895743063,12.148824052397668,8.185179729014635,32740.71891605854,8011.353202164173,60.0,70.07040261750947,31.972387977881784,13.88439467146527,55537.57868586108,16830.556001514196,64.5,86.23989069709631
P03,Fatigue,1,LG_0,S_1,Trial_6,13,26000,30000,4000,2000,2.0,1.0,13,90260,86.57659496095215,48.841261339141056,195365.04535656422,70777.32989564538,76.0,100.25751997370162,137.1971047681179,51.92990061836317,207719.6024734527,59885.857068002224,83.5,87.94079321501961,34.91839254813057,16.046841063641477,64187.36425456591,18536.287546157837,72.5,73.17317069185738,47.44150532219932,21.7375910195522,86950.3640782088,27853.262424468994,73.0,85.10712514362856,8.012599461057945,4.982078965753317,19928.315863013268,5097.051803022623,60.0,66.15471227695112,10.805933125578461,6.42493897533277,25699.755901331082,7367.393001914024,51.0,75.91646589646085,7.430243744881291,5.044773221760988,20179.092887043953,4898.06504920125,47.0,64.43158598483134,21.71475894935785,9.780200552591122,39120.80221036449,10553.317423909903,67.0,77.8857787350263,53.47436648655182,21.338586794096045,85354.34717638418,29739.363864064217,90.5,107.48271296480158,85.45358778150884,46.932405443792234,187729.62177516893,72264.54224437475,83.5,105.13443273171643,45.150022038205236,22.84851239733398,91394.04958933592,26061.771251261234,58.0,73.34298189848082,10.802483468215042,7.379717782128137,29518.871128512546,7745.528873056173,50.5,67.16964799886878,34.4378844291938,14.635859296633862,58543.43718653545,17472.379840910435,55.5,77.03193063291532
P03,Fatigue,1,LG_0,S_1,Trial_6,14,28000,32000,4000,2000,2.0,1.0,13,90260,84.0821953994378,48.26120961084962,193044.83844339848,71173.47223684192,81.5,100.32619265738207,134.6796167712448,58.27068593625445,233082.7437450178,64076.17628574371,71.0,78.82960040059046,27.19639519193195,14.33040532108862,57321.62128435448,17744.002863764763,49.0,67.0701941799275,41.03810474646354,21.2423644145485,84969.457658194,29500.396642833948,61.0,97.33074061259757,7.587198333861309,4.60602123963181,18424.084958527237,5282.61000290513,73.0,83.05705647158376,10.65975262332055,6.445458072796464,25781.832291185856,7311.542425304651,55.5,76.39278930179074,7.566924682381321,5.08598438561894,20343.93754247576,4977.72078961134,25.5,51.60940420439133,21.557309492776035,10.128003685642033,40512.014742568135,10773.972980678082,62.5,71.19107316050392,48.113134374843526,20.951217990985604,83804.87196394242,29642.00684800744,91.0,102.79986428122888,96.61567884625104,56.30659687258303,225226.38749033213,83962.03350275755,90.5,119.44563309645835,39.86425443852463,19.314538054459263,77258.15221783705,24026.429746299982,65.0,82.63348508801712,10.448389629322076,7.3564354163478125,29425.74166539125,7745.834067463875,53.5,67.08909777079243,40.54180061588238,15.788962699833792,63155.85079933517,18851.248174905777,62.0,76.49735036462786
P03,Fatigue,1,LG_0,S_1,Trial_6,15,30000,34000,4000,2000,2.0,1.0,13,90260,90.34088540213062,50.55057250899263,202202.2900359705,74975.2789735794,86.5,103.44998377615269,125.30654199071098,57.28524806224741,229140.99224898964,64072.513952851295,74.0,82.32161827638367,19.000287343221185,10.957547722104938,43830.19088841975,15633.888728916645,62.0,83.0182819255677,41.95687324152406,21.312552528490777,85250.21011396311,29540.987499058247,67.0,99.42184633741195,5.840056059044323,3.919404131465126,15677.616525860503,4843.1300558149815,42.0,69.55965545074623,9.535211498237068,5.819658122432884,23278.632489731535,6842.458620667458,61.5,78.32925255130534,7.874953721608322,5.407773281447589,21631.093125790358,5008.54542478919,32.5,56.06538558440814,22.517985090970864,10.236523416056297,40946.09366422519,11111.21280118823,61.5,74.60987221261293,52.504728194258234,23.46684206603095,93867.3682641238,34211.98790892959,115.0,115.88599548378028,88.19642269826072,48.73204217944294,194928.16871777177,70068.66848096251,75.5,99.73208944938783,43.29678854335444,19.38999561689561,77559.98246758245,23549.71608147025,47.5,62.682859691480786,12.395678798823727,8.178038256173021,32712.15302469209,8331.502135843039,56.0,72.00191547166891,40.07186711318804,15.375848001684062,61503.39200673625,18241.164553910494,65.5,78.1384797458497
P03,Fatigue,1,LG_0,S_1,Trial_6,16,32000,36000,4000,2000,2.0,1.0,13,90260,71.77010890974141,38.488920345844235,153955.68138337694,56222.91378676891,89.0,104.78929930949826,139.89857007383745,59.976607922208494,239906.43168883398,69695.72091475129,82.5,85.39314292111182,29.723408888294635,12.525175821618177,50100.70328647271,15710.49252524972,84.0,95.0407531236269,37.618062194126715,18.718994009494782,74875.97603797913,27666.788641363382,77.0,94.88840183567073,5.420684458999863,3.845444615778979,15381.778463115916,4427.455272525549,34.0,61.24681151946168,8.084653085960927,5.239203270478174,20956.813081912696,6869.62092295289,55.0,89.31492391175468,7.607210300585837,5.220987589657307,20883.950358629227,5248.428229242563,33.5,57.59325027100674,20.97351244180166,9.679044705443085,38716.17882177234,11113.349162042141,66.5,80.3400686172323,61.21953928015989,26.64524871048052,106580.99484192207,38438.62526118755,95.0,101.1360332489667,114.32524852281014,61.726846501417455,246907.38600566983,94893.7919922173,96.5,115.61563253184652,40.32342376393865,19.169972689985297,76679.89075994119,24969.785660505295,75.0,92.46890943128996,13.372255765221025,9.125438110728282,36501.75244291313,9049.319382756948,69.5,71.93613768387554,42.045844988846554,16.01174862801563,64046.99451206252,18839.34559300542,58.0,78.99782155573376
P03,Fatigue,1,LG_0,S_1,Trial_6,17,34000,38000,4000,2000,2.0,1.0,13,90260,67.39384190723388,36.80326681644656,147213.06726578623,52722.9443192482,81.5,103.10942310393784,135.04550946508132,51.03046393429395,204121.8557371758,58080.021757632494,76.0,83.27234773850229,39.284980064072656,15.415532125323079,61662.12850129232,16716.108098626137,41.5,58.65067578164043,41.554082908853786,18.327884781872854,73311.53912749141,25643.34971830249,79.5,109.1260846035451,6.908594555858519,4.6490058118943125,18596.02324757725,5361.044965684414,53.0,72.25731596133168,9.212079021706298,5.708722930878866,22834.891723515466,8047.976531088352,68.5,94.64822834006996,8.338078837654706,5.4585063582286235,21834.025432914495,5348.837189376354,28.0,55.303271951116194,16.964220921572224,8.739968036476057,34959.87214590423,10169.688053429127,64.5,76.62564087831791,54.32250649861391,21.69424463931937,86776.97855727747,30130.92828914523,93.5,102.04205996661611,105.20677557173818,59.57827825269196,238313.11301076785,88866.50763452053,90.5,108.76859736393457,38.77064901666586,19.237285529263318,76949.14211705327,23252.456728368998,36.0,60.55738248918613,11.745609866541463,8.543407768942416,34173.63107576966,7922.236435115337,47.5,68.04879484939028,41.686094023767204,16.514141731802376,66056.5669272095,19556.247256696224,77.5,90.16495989853024
P03,Fatigue,1,LG_0,S_1,Trial_6,18,36000,40000,4000,2000,2.0,1.0,13,90260,90.59264782726044,52.634383196767885,210537.53278707154,77699.74945113063,78.0,98.79809178546358,142.15742786774436,49.71652853358537,198866.11413434148,54341.39026328921,69.5,78.0797818480937,33.56646358176849,13.639488443359733,54557.95377343893,15663.797780871391,45.0,54.910691248579376,38.59222871689202,17.125308182556182,68501.23273022473,22414.087690413,69.0,82.01323509267274,8.087535159961208,5.162602220894769,20650.408883579075,6018.128525465727,65.5,76.56520896442834,10.65096465404864,6.327569713350385,25310.27885340154,8974.241558462381,76.0,98.26553568915355,9.023519217858173,5.991095740057062,23964.38296022825,5582.005716860294,21.0,44.620348903264905,19.11699024766114,9.520730905141681,38082.923620566726,11249.465867877007,61.0,76.46635904254622,44.49204339511556,18.23950162588153,72958.00650352612,26760.36125048995,104.0,114.11563775210604,63.829503716290446,38.63492630422115,154539.7052168846,53292.437084019184,77.5,96.9015443718502,40.28845733245795,19.64718298241496,78588.73192965984,23448.086343705654,58.0,77.9027770044107,13.798356846841877,9.19988151214784,36799.52604859136,8825.917076319456,71.5,75.12998232785796,40.22800816324124,16.211388192675077,64845.552770700306,17874.3208758533,62.5,81.20220578209435
P03,Fatigue,1,LG_0,S_1,Trial_6,19,38000,42000,4000,2000,2.0,1.0,13,90260,113.71197708944592,65.77620851557003,263104.83406228013,95119.025465101,78.5,101.55115149124008,142.40041145648593,50.96797362444922,203871.8944977969,57632.301561534405,73.0,76.73326845011302,28.76883786708028,14.234993308992125,56939.9732359685,17080.81541582942,68.5,75.52151523508422,40.47013892384218,19.58843817093875,78353.75268375501,25839.589722454548,80.5,106.73404039705663,9.157374806691662,5.489144824817776,21956.579299271107,6283.952854573727,55.5,70.99144491465819,11.422228017915067,6.556723408401012,26226.89363360405,8779.52752634883,72.0,90.85720132036414,8.933922798583021,6.121909960103221,24487.639840412885,5845.998879522085,28.5,50.83740287600573,20.84921953653637,10.29722204398131,41188.88817592524,12015.19863680005,64.0,78.56166008657308,52.030237873637006,20.088180432398804,80352.72172959521,28790.514450520277,81.0,101.7964314036435,61.21292375893811,36.21062883263221,144842.51533052884,50797.16760665178,69.5,101.93888100874184,56.495482420422654,27.641267827199773,110565.07130879909,30986.083019524813,41.0,58.36415156275177,13.490834108534916,9.077712915581651,36310.851662326604,8992.24802851677,52.5,67.99986139604289,37.99328819914226,14.712528747913893,58850.11499165557,17056.3998632133,61.5,68.84339715301692
P03,Fatigue,1,LG_0,S_1,Trial_6,20,40000,44000,4000,2000,2.0,1.0,13,90260,105.5140884826963,59.52753861423116,238110.15445692465,86545.50416395068,77.0,98.85009263299887,137.44332570023204,49.06219714067411,196248.78856269643,56762.80269399285,101.5,89.37043567349897,32.00091210118468,15.572141376708169,62288.565506832674,17817.24952161312,42.0,65.07995876678231,48.3151247230261,23.015105358930306,92060.42143572122,27679.301612079144,62.5,85.15024997589956,8.590455187292166,5.32976803239435,21319.0721295774,5875.907931476831,54.0,70.00010424789158,10.648306667100051,6.525742361089215,26102.96944435686,7899.652048945427,71.0,84.23121405134513,8.06400820504596,5.651527171768248,22606.108687072992,5598.791409283876,31.5,58.67113440612011,20.391142592887487,10.540199100086465,42160.79640034586,11557.712219655514,59.5,74.01162720881857,58.25195490458387,23.1234677616274,92493.8710465096,30733.99243876338,86.0,98.79566666454855,62.44871576528392,36.83465712945908,147338.62851783633,55341.817531734705,81.0,109.06298911154536,67.07748244135733,32.1264998345403,128505.9993381612,31488.73820900917,46.5,56.16072119382074,12.126418483615618,8.406964695837814,33627.85878335126,8290.300890803337,61.5,73.50120089490598,28.842025447992,11.858364571584389,47433.458286337554,14448.81884381175,60.0,86.79713852593031
P03,Fatigue,1,LG_0,S_1,Trial_6,21,42000,46000,4000,2000,2.0,1.0,13,90260,84.30643507401777,49.0558880474302,196223.5521897208,71910.21153703332,82.5,105.83735835072517,121.62376766674502,43.46655419319868,173866.21677279472,50181.59048631787,78.5,86.28294882742918,32.565741208002954,14.1327640168136,56531.056067254394,16067.875176668167,47.0,59.920519477204,45.07067197961191,21.707083481363952,86828.33392545581,26331.868302077055,63.5,89.73325955089223,7.202312432641156,4.97293137377128,19891.72549508512,5229.200981557369,53.5,68.03988529801126,10.058610640925005,6.400191409350373,25600.76563740149,7834.035251289606,65.0,83.67136852487006,7.897156542152456,5.541483567527029,22165.93427010812,5382.408574223518,26.5,56.721338647677236,19.124743954350745,10.371194950072095,41484.77980028838,11307.757999747992,62.5,77.26428970353165,54.40957437744092,23.754887752560897,95019.5510102436,33052.55435407162,97.5,105.99354144203373,66.67068300161404,38.437927128979936,153751.70851591974,58346.4564755559,69.5,93.26800133248322,53.51654257258211,24.16133917935658,96645.35671742633,26453.33567634225,57.5,66.44233218046114,12.493339041850358,8.587357594817878,34349.43037927151,8456.937037408352,59.5,70.91138898911802,35.851938517957514,13.228176223381888,52912.70489352755,15032.350551337004,60.5,81.34809711863662
P03,Fatigue,1,LG_0,S_1,Trial_6,22,44000,48000,4000,2000,2.0,1.0,13,90260,106.31329208810908,58.4122507437598,233649.00297503918,80192.57737323642,72.5,94.85210891990307,100.77383759087527,36.60422856106889,146416.91424427554,43527.436815202236,91.0,87.44708058589117,32.93237517782392,14.429479894973337,57717.91957989335,16415.186412632465,49.0,68.21228775899193,41.59815364633152,20.600955258053727,82403.82103221491,26608.98482427001,88.0,100.36630639473724,8.14526422622979,5.518388591113035,22073.55436445214,5858.511850237846,49.5,70.08253047948818,11.591226679488715,7.0462619144818746,28185.0476579275,9004.150610417128,67.0,87.64060953131788,8.462130376719148,5.865834608557634,23463.338434230536,5482.207145541906,20.5,43.19466707841674,17.93910583241103,9.497441290994175,37989.7651639767,10705.609433352947,71.0,80.81862262892757,53.646545242350044,21.518974466621877,86075.8978664875,28541.170619428158,91.0,106.57603544703682,74.31832166995315,43.20342297584284,172813.69190337136,60446.80438935757,84.5,110.06956261548906,34.87022941618343,17.745731561188585,70982.92624475434,23881.767597049475,62.5,82.13310848957718,12.342618984471462,8.407185313245282,33628.741252981126,8114.203717559576,47.5,64.06483661253134,40.49440135852913,15.253199601359665,61012.79840543866,18387.35267519951,62.5,83.6419800253044
P03,Fatigue,1,LG_0,S_1,Trial_6,23,46000,50000,4000,2000,2.0,1.0,13,90260,101.07587822060312,55.18748377170414,220749.93508681655,78028.74902263284,72.5,95.75179806506706,130.90282882754727,47.57132055158727,190285.28220634907,54000.182915478945,65.0,72.88018388325088,32.36686169694453,14.960342372395099,59841.36948958039,16915.705241262913,55.5,63.59514175558814,45.67008449977978,21.910268489457668,87641.07395783067,28107.184171676636,57.0,80.89192705440614,8.486302289379525,5.824387224228121,23297.548896912485,6025.758385658264,60.5,73.45870429336982,11.845329659422914,7.3798344426904805,29519.337770761922,9368.55273321271,75.5,89.86633452791217,8.872451232824876,6.171862158842851,24687.448635371402,5707.440618425608,25.5,48.70328498663178,20.615012897746215,9.755142413149589,39020.56965259835,11819.263827055693,75.0,83.73894583389362,56.270140860438296,22.567608946631662,90270.43578652665,30549.96021091938,80.0,93.05475250985285,71.46220113689927,39.97311497041956,159892.45988167822,53200.573567301035,65.0,88.1352902466355,31.372867970074704,15.402246326068417,61608.985304273665,20650.979597121477,73.5,96.40436271130758,13.55502818348768,9.014074464375152,36056.29785750061,8756.332751363516,42.5,64.17180696175767,42.32661421819543,17.359935005218723,69439.74002087489,19520.53951099515,51.0,64.63300789363812
P03,Fatigue,1,LG_0,S_1,Trial_6,24,48000,52000,4000,2000,2.0,1.0,13,90260,76.00002407711283,42.924838926340456,171699.3557053618,63065.37240743637,94.0,113.12653821622735,169.04362424636162,63.21850179403555,252874.0071761422,68617.16387793422,51.0,70.93793833881921,64.71333229214449,26.33230366189964,105329.21464759856,24703.04574817419,43.0,52.25543402171158,50.31278987996138,25.707970971800385,102831.88388720155,33060.489408671856,68.0,97.47453916686668,7.55627071322648,5.209817474335432,20839.26989734173,5455.6552320718765,48.0,67.64621857307793,11.194379232072444,6.88109676677268,27524.38706709072,8444.11887228489,54.5,87.82692744497652,8.919064995797054,6.1491627906798385,24596.651162719354,5726.667866110802,29.5,50.67419622880527,22.51811826075701,10.835341777373106,43341.36710949242,12988.158408552408,84.0,90.65452434452722,52.838559836276275,24.17482480464969,96699.29921859875,36247.93980270624,114.5,118.00625434500621,64.03438083195213,35.76980480937054,143079.21923748218,46625.16005337238,65.5,92.48153827792396,39.779730645078956,17.873325293546078,71493.30117418431,21126.472484320402,60.5,79.9574046399414,14.53282574179598,9.73293654434383,38931.74617737532,9111.884236335754,42.0,60.840420942695076,41.43778653513335,17.007343371910974,68029.3734876439,19536.409620195627,67.5,84.27674596717503
P03,Fatigue,1,LG_0,S_1,Trial_6,25,50000,54000,4000,2000,2.0,1.0,13,90260,78.45355540588385,43.816144620999694,175264.57848399878,62106.14638403058,72.5,96.40809765290841,166.4071226538508,58.43179485953878,233727.17943815514,64719.22090277076,89.0,90.10272878084118,68.14424506181268,27.91735172411427,111669.40689645708,26250.99178403616,56.0,62.099828719158594,43.820969563035284,22.419161776336843,89676.64710534737,29371.60460278392,70.5,93.18784627195762,7.391576211476223,4.704031982109882,18816.127928439528,5593.9082987606525,69.0,81.74915812452232,12.200264688654759,6.908743794076145,27634.97517630458,8496.917504817247,68.0,87.12935034775973,8.633315318964451,5.923823453485966,23695.293813943863,5728.804226964712,16.0,46.027888211252645,19.0056198424927,10.312196750938892,41248.78700375557,11413.96565362811,65.0,74.98587957089133,54.53540091978864,24.046423794934526,96185.6951797381,33815.23517891765,106.0,107.88065818338954,73.74750369300604,42.71257598688826,170850.30394755304,62146.43204584718,79.0,109.56085937744268,41.00157337146036,19.590545004233718,78362.18001693487,22616.73677712679,45.5,61.206107335811915,15.61645779275871,10.376637329347432,41506.54931738973,10380.272194743156,53.5,71.71436083034291,41.1136037275553,16.24743001180468,64989.720047218725,20372.642297297716,73.5,80.90097348256897
P03,Fatigue,1,LG_0,S_1,Trial_6,26,52000,56000,4000,2000,2.0,1.0,13,90260,78.67420465093815,45.20940287131816,180837.61148527265,67525.48348158598,93.0,107.69304868606658,132.86834026694407,45.30012175641023,181200.4870256409,52671.061269938946,92.5,93.99579761219778,38.68278671788991,15.74979832227109,62999.19328908436,17527.620028704405,56.5,70.63038990606955,39.49013534114581,18.001545361126773,72006.18144450709,25023.194681853056,85.0,98.28346039293808,7.7760767786417855,5.141732645803131,20566.930583212525,5752.91458517313,55.0,76.09046875559056,11.876575183746382,6.549818651971873,26199.27460788749,8533.235639333725,42.5,75.05171262782815,8.296251607412392,5.656609650538303,22626.438602153212,5852.713156491518,29.5,54.32611426445781,21.132424658309045,10.147365447762422,40589.46179104969,10871.024802327156,66.0,78.11251874061963,62.82269665769852,25.025526214530693,100102.10485812277,33502.105716615915,93.0,101.33836495244952,71.27627917869795,40.247567450627685,160990.26980251074,62024.35428276658,77.5,106.52454431531955,53.851128524945146,25.06260290974751,100250.41163899004,29276.07875317335,65.5,76.0502175653005,13.822026197732564,9.150838487548754,36603.353950195014,9405.786450952291,50.5,65.58602994859218,44.17531926565401,17.682016048394143,70728.06419357657,21639.809478074312,64.0,76.69313570191767
P03,Fatigue,1,LG_0,S_1,Trial_6,27,54000,58000,4000,2000,2.0,1.0,13,90260,72.47380903773599,38.478741540107876,153914.9661604315,57115.60742929578,87.0,108.48644628316704,135.06697588329013,57.770059831789695,231080.23932715878,68753.28058376908,82.5,84.71425227559693,33.18235988213121,15.683781834389084,62735.12733755633,18003.11291590333,65.5,75.90204441498034,40.59269474691684,20.081641108123584,80326.56443249434,28102.301061153412,75.0,99.85636824588609,7.581614739002697,5.224590218893718,20898.360875574872,5529.512278735638,59.5,73.37705344837644,10.757050481276798,6.4694133922457695,25877.653568983078,7970.762345939875,60.5,88.61779942965488,8.950681102555158,6.216234335629269,24864.937342517078,5889.031291007996,20.5,46.85811786411761,25.445478244376854,11.604408795200289,46417.63518080115,12597.204372286797,74.5,78.47854524029796,63.94220237780715,27.402226214832627,109608.9048593305,39723.79891201854,89.0,102.22476652553252,54.80470621638976,31.851327095529996,127405.30838211998,44225.72162002325,74.5,98.8981161813763,54.989805649577114,24.91796002589399,99671.84010357596,29492.76678264141,64.5,70.50202650030083,12.005110070829323,8.13636540947482,32545.46163789928,8119.392022490501,42.5,60.72013310924648,43.742776620379395,18.00650866148062,72026.03464592248,21618.140675127506,67.0,83.64099540938305
P03,Fatigue,1,LG_0,S_1,Trial_6,28,56000,60000,4000,2000,2.0,1.0,13,90260,85.18032810615723,43.7793305455707,175117.3221822828,58353.78114134073,73.0,97.23686699462955,132.77287778520372,55.907082858018114,223628.33143207245,64582.49380812049,64.0,74.57364223019046,38.622703186336,17.467121913505252,69868.48765402101,20465.42139723897,63.0,69.44300264361506,49.110140446921264,24.136363671300934,96545.45468520373,30830.739066004753,57.5,79.1420521973679,8.129148197400156,5.4102730906917715,21641.092362767085,5970.213003456593,63.0,76.57950840369763,10.731400587919811,6.8260536201181825,27304.21448047273,8410.242293030024,53.0,83.87668213204286,9.226591839733446,6.6272290389752015,26508.916155900806,5885.979346930981,39.5,60.30859971407592,21.328716478212495,10.735795983322896,42943.183933291584,12005.737610161304,78.0,82.13182555989668,56.633214452912846,24.49810854268726,97992.43417074904,35870.414320379496,122.5,118.71309157402584,51.38324903476776,31.22853067778051,124914.12271112204,41531.46538883448,65.0,87.60110826322122,60.28375602598458,26.03929723101901,104157.18892407604,27140.328288078308,42.0,68.25722223240977,13.048509032927884,8.788494824734517,35153.979298938066,8410.242293030024,52.5,66.97511374094866,47.303415262534585,19.84194840163691,79367.79360654764,22206.555493175983,54.0,66.72718511364421
P03,Fatigue,1,LG_0,S_1,Trial_6,29,58000,62000,4000,2000,2.0,1.0,13,90260,98.2967958987293,49.6357242321712,198542.8969286848,67409.20441225171,76.5,94.20345880099919,148.88843920700512,56.38984040215146,225559.36160860583,60144.05153691769,72.0,74.20801295139768,48.23971398569541,19.81599211320281,79263.96845281124,21311.725489795208,55.5,61.70718077142318,49.19235781605464,23.813087219779845,95252.34887911938,30415.674671530724,53.5,82.15361960967024,7.853922801264381,5.256539342866745,21026.15737146698,5659.219902008772,48.0,63.83934760038973,9.726793068926805,6.345957104174886,25383.828416699544,7800.463866442442,51.0,84.33687018957772,8.39119467010098,5.880955846980214,23523.823387920856,5537.752527743578,37.0,57.28817095018324,18.297846912825964,9.277597742096987,37110.39096838795,10679.66790869832,61.5,78.8859955365993,54.88427159460335,22.83636596510187,91345.46386040747,32292.6202788949,100.0,102.7865874249865,61.76358317664473,33.93349785930477,135733.99143721908,46200.63463225961,79.0,95.67289741955359,64.58823845500324,30.086172254092524,120344.6890163701,28933.95582213998,57.0,58.857870062963386,14.13413930912927,9.232713754288852,36930.85501715541,8521.94344624877,49.0,61.65469074946229,46.08411175887737,19.184146604966372,76736.58641986549,21338.88779208064,52.5,71.27178613592247
P03,Fatigue,1,LG_0,S_1,Trial_6,30,60000,64000,4000,2000,2.0,1.0,13,90260,107.28065152156684,56.16988625843078,224679.54503372312,84369.46803703904,92.5,118.13487985921729,149.3926464365831,61.918228344689126,247672.9133787565,68724.28711503744,73.5,79.61903845923946,45.40029315195643,19.46755776181817,77870.23104727268,20313.739776611328,48.5,60.912452503479436,45.84120844707357,23.027910476992837,92111.64190797135,31953.549291938543,66.5,96.24963537974432,7.60855117992035,5.076502147968858,20306.008591875434,5448.635760694742,73.0,82.53156726865377,10.506316328177688,6.197038370370865,24788.15348148346,7536.775898188353,69.0,84.69162321748793,8.50755542687665,5.7848266280256215,23139.306512102485,5276.200920343399,35.0,52.755944926300174,19.444349116715127,9.519647922785953,38078.59169114381,10502.044763416052,63.5,76.4700988993614,46.756538293618384,19.270049446006304,77080.19778402522,27896.600030362606,70.5,96.67860532713742,65.57104928949859,34.688590025203304,138754.3601008132,46733.19887369871,76.0,89.76483222231163,43.89327393581829,22.097130785044282,88388.52314017713,24906.915612518787,56.0,67.42320710148405,14.067440499087933,9.044855227856896,36179.42091142759,9162.2413136065,65.0,71.31123379507595,35.4044825818614,15.276629147143103,61106.51658857241,18458.462972193956,62.5,79.81784013086097
P03,Fatigue,1,LG_0,S_1,Trial_6,31,62000,66000,4000,2000,2.0,1.0,13,90260,98.68975663859503,57.60032764051575,230401.310562063,88593.05344522,92.0,110.98152407466057,139.23236615586399,51.656679902784525,206626.7196111381,58548.800367861986,83.0,85.21783872166309,44.70224450147741,20.48831525053829,81953.26100215316,23798.144329339266,55.5,69.56544624459937,48.26764777148617,25.606515461893288,102426.06184757315,36870.84158882499,68.5,97.85087027855938,7.655065813212006,5.345437934063375,21381.7517362535,5959.53119918704,50.5,72.91058798446595,11.480590599456962,6.82584547753213,27303.38191012852,8826.83265954256,55.5,93.09632768406584,9.468845318881046,6.605327906785533,26421.31162714213,5929.316952824593,38.0,58.73102857068763,18.344377505029705,10.258630249276758,41034.52099710703,10821.583308279514,79.0,83.61976728769423,41.32527073540553,18.53452581143938,74138.10324575752,26718.549616634846,104.5,110.67802159604717,60.650451955025204,35.194065363612026,140776.2614544481,50482.20697790384,76.0,96.94457130842946,38.99036676733778,21.451698861061594,85806.79544424638,26303.790416568518,55.5,76.5100169482032,13.595749393579519,9.000838793301956,36003.35517320782,8991.027250885963,46.0,62.99212125449015,36.64642504606273,16.580163140944205,66320.65256377682,20273.45411479473,59.5,81.57706987694004
P03,Fatigue,1,LG_0,S_1,Trial_6,32,64000,68000,4000,2000,2.0,1.0,13,90260,73.46158071948011,45.29954326041043,181198.1730416417,63807.9104013741,60.0,90.20586638576108,161.9170947989372,48.979774049972185,195919.09619988874,55148.62947165966,81.5,81.42188791083508,52.25828386177528,22.099783229641616,88399.13291856647,27002.990804612637,59.0,71.62489536872192,42.952380049926845,23.271506619954017,93086.02647981606,32098.21144118905,79.0,102.77921294149023,7.846620002012872,5.562398120644502,22249.59248257801,5970.518197864294,56.0,66.8395742113848,11.369046954062197,7.2665860682725905,29066.344273090363,9044.436272233725,61.5,79.61422335066436,9.55600524379112,6.878870030224789,27515.480120899156,6295.550242066383,31.5,57.24461238745801,18.749628781880002,10.843628797424026,43374.5151896961,11355.368327349424,69.0,78.20467839284822,50.75696180982124,23.60903465843294,94436.13863373175,34437.83177062869,95.5,110.42715140609434,60.08405851469549,36.749555805232376,146998.2232209295,54617.591202259064,90.5,105.13429570899574,52.110567025141044,27.5710561369895,110284.224547958,32630.775682628155,54.5,69.79281116035214,13.901786424572432,8.999330713285598,35997.322853142396,8674.235455691814,48.0,65.07776777320427,39.19508118972725,17.428465493884868,69713.86197553948,21372.153982520103,56.5,79.59108589041577
P03,Fatigue,1,LG_0,S_1,Trial_6,33,66000,70000,4000,2000,2.0,1.0,13,90260,98.93507436775913,53.46655850496609,213866.23401986435,72222.42541611195,82.0,99.30200844494398,173.64835616033906,52.99625716538867,211985.02866155468,57146.73725888133,78.5,78.58645820560544,42.5536787553279,17.261226130533032,69044.90452213213,21968.80904957652,58.5,70.1810801950751,47.64261604963235,23.441623012837955,93766.49205135182,30884.758476167917,64.0,84.93327871284478,8.339165071193321,5.786432560998946,23145.730243995786,6362.082622945309,52.5,78.21026952580509,12.38581922555196,7.80551674135495,31222.0669654198,10381.798166781664,68.5,101.37601795429033,9.371927125084298,6.59783217953518,26391.32871814072,6499.725300818682,33.0,59.54193424966926,21.44436568666498,11.237740375031716,44950.96150012687,12066.1661028862,71.0,82.17588733175023,53.753182490362555,22.40310526965186,89612.42107860744,31430.446077138186,101.5,109.54456957788591,71.64862061157613,42.19385826312937,168775.43305251747,61005.615349859,83.5,103.4062144701149,51.91028299090257,24.066897838073782,96267.59135229513,28778.91706302762,48.5,73.75599956720845,13.421841032488171,8.800371388811618,35201.48555524647,8542.086277157068,59.5,68.7516244560838,35.30592380940994,15.998036777367815,63992.14710947126,19587.071891874075,56.5,81.0206390845384
P03,Fatigue,1,LG_0,S_1,Trial_6,34,68000,72000,4000,2000,2.0,1.0,13,90260,92.19664048665406,44.06513465547469,176260.53862189874,60851.492173969746,81.0,96.8206290254984,162.6723726935845,60.02307613603771,240092.30454415083,64440.578408539295,51.0,70.68850040050368,31.62887482215669,16.203294894774444,64813.17957909778,19626.441970467567,62.0,82.57064649264494,47.073250238717115,23.68492311722366,94739.69246889465,33841.787092387676,80.0,101.6829270972184,7.386892785570271,5.245335846906528,20981.34338762611,5838.063824921846,51.5,70.33432475740764,11.088778011390517,7.032060112361796,28128.240449447185,9722.273051738739,54.5,93.15082799081465,8.823758183703822,5.989357085665688,23957.42834266275,6353.842373937368,50.0,67.71344318136182,20.102678195064552,10.525243925570976,42100.975702283904,11834.218353033066,64.0,74.72872740174459,54.23374199953623,24.875265350169503,99501.06140067801,35079.045221209526,92.5,107.42227120534756,63.39194401676311,36.35954092845786,145438.16371383145,51073.06335121393,65.0,95.50940499457326,50.04549847274974,21.17174578574486,84686.98314297944,23972.410336136818,53.0,64.06679043418053,13.93756097493888,9.041223910346162,36164.895641384646,8716.047089546919,47.0,64.69429152299976,41.65541401247648,17.169420142960735,68677.68057184294,19055.118039250374,51.5,70.550509981696
P03,Fatigue,1,LG_0,S_1,Trial_6,35,70000,74000,4000,2000,2.0,1.0,13,90260,114.63489059752521,50.567453994310924,202269.8159772437,69896.53883501887,70.0,87.2735066053739,136.30463343487276,55.42701178765856,221708.04715063423,62765.97669348121,77.5,80.16037830540975,42.12736855334146,19.688167539425194,78752.67015770078,22553.56153473258,43.5,64.7399435825171,47.43485447582675,23.82123213368468,95284.92853473872,35757.18719512224,75.5,106.77522071312875,8.293370259942032,5.461016429634765,21844.06571853906,5980.284418910742,68.0,76.23184893190115,10.360556550553651,6.602413681684993,26409.654726739973,8971.494808793068,82.0,104.45956229536911,9.534161650619534,6.492584514664486,25970.338058657944,6085.881683975458,33.5,53.06029981077407,17.868402485733093,9.411045637284406,37644.18254913762,10805.102810263634,79.0,79.14760647198149,56.58727478528045,25.505177528131753,102020.71011252701,36402.6733674109,93.5,100.89171645144681,39.339462729876054,25.190296860318632,100761.18744127452,34325.21503418684,76.5,104.4783238538689,49.79263240290879,23.242560761549974,92970.2430461999,27835.561148822308,45.0,71.72536717245345,12.981904310636603,8.023344977130183,32093.37990852073,7832.8144736588,54.5,66.30751785961448,39.75808240367134,15.57691698250128,62307.66793000512,18387.047480791807,50.0,63.01424930765381
P03,Fatigue,1,LG_0,S_1,Trial_6,36,72000,76000,4000,2000,2.0,1.0,13,90260,121.94964889184931,60.27714094312396,241108.56377249584,83417.87187382579,80.5,96.21763831617736,145.98890313815565,52.15953732171329,208638.14928685315,61930.964794009924,79.0,83.82803389855808,84.9056105106888,29.398289123224096,117593.15649289638,29523.59141781926,53.0,64.92620501249174,57.36082552193427,27.869326408416963,111477.30563366786,40324.726700782776,80.5,103.87645416383252,8.065422461271693,5.105956574704033,20423.82629881613,6235.121749341488,60.5,76.76709170520719,10.856218049590803,6.799046394741163,27196.18557896465,9297.442436218262,72.5,90.8753502769378,9.942794894770481,7.017586038680747,28070.34415472299,6103.277765214443,24.0,48.51889734941802,19.584865679930978,10.03269952161936,40130.79808647744,11642.556264996529,55.0,78.68184630035901,67.57872310944661,27.09768225271255,108390.72901085019,37881.34027272463,97.5,104.21415727110174,44.62343829739173,27.349073480488734,109396.29392195493,39244.948886334896,82.0,102.84724691376111,42.38779307882755,23.697902730188797,94791.61092075519,31042.84917935729,72.0,94.85781337787414,10.024523352819674,6.7433903032680975,26973.56121307239,6748.458743095398,38.0,56.74839175083421,34.67939367100269,14.457380729576107,57829.52291830443,19294.085260480642,64.0,89.05210019311805
P03,Fatigue,1,LG_0,S_1,Trial_6,37,74000,78000,4000,2000,2.0,1.0,13,90260,74.42873084960242,42.899102568626404,171596.41027450562,57980.52838072181,70.0,89.87668926914031,175.4152788408479,58.56068097576499,234242.72390305996,69547.39643260837,104.0,93.56762998648418,83.29232798984224,29.325541305635124,117302.1652225405,29207.410011440516,43.0,52.94651100424161,54.87067991710011,26.493679897335824,105974.7195893433,36928.82852628827,76.0,102.74727856826055,6.502727546946983,4.478608525707386,17914.434102829546,5356.4670495688915,47.0,71.05705841725222,9.99746231522562,6.270394898205995,25081.579592823982,8032.106421887875,48.5,77.8012074931354,8.903504251278637,6.162218168156687,24648.87267262675,5702.862702310085,31.5,51.514466863617244,18.221464152524117,9.954646166297607,39818.58466519043,11432.582512497902,65.5,76.41228539967734,64.48586981357487,28.055736253294164,112222.94501317665,39807.72737413645,90.5,102.98178269117902,54.94709929236405,34.66708892658353,138668.3557063341,46124.336030334234,74.0,95.16571069064166,47.653347193622096,24.19966480638832,96798.65922555327,29890.129901468754,67.0,74.51842858099582,10.546985287671022,6.992240711301565,27968.96284520626,6611.121259629726,43.5,59.512716022399694,39.360606929808824,16.202723952336235,64810.89580934495,21718.244440853596,66.0,88.74227913368397
P03,Fatigue,1,LG_0,S_1,Trial_6,38,76000,80000,4000,2000,2.0,1.0,13,90260,63.457647455755364,36.891500236431604,147566.0009457264,50320.14874741435,85.0,94.74348342866347,182.98939552037072,66.10772754320642,264430.9101728257,76727.40006819367,80.5,82.77281341537406,39.65125373706972,20.78216607804643,83128.66431218572,24548.922572284937,53.0,68.68780198094365,46.85299044321848,23.827290967514273,95309.16387005709,31381.309777498245,61.5,90.35895902080597,6.6736669556617665,4.473856267286465,17895.42506914586,5224.012676626444,55.0,76.0074207048461,9.604957814232186,5.943670474714599,23774.6818988584,7824.269030243158,51.5,80.93989618285914,9.105459395356329,6.011076703481376,24044.306813925505,6074.589490890503,33.5,54.60972649481571,20.956126779974277,10.427568935090676,41710.275740362704,12316.120322793722,64.0,74.62957841921089,58.74663260015635,30.48790983881336,121951.63935525343,46725.569013506174,104.0,116.35059173127578,63.49148183834574,38.21975295534357,152879.0118213743,51572.36140221357,60.0,87.26546852159176,56.778601482907256,27.845100381528027,111380.40152611211,33006.46999850869,59.0,77.41672756711219,13.433352530385042,9.006436516530812,36025.74606612325,8137.703686952591,55.0,63.54786332021351,37.84348800631701,16.205622955865692,64822.49182346277,20920.466259121895,69.5,93.0024583034934
P03,Fatigue,1,LG_0,S_1,Trial_6,39,78000,82000,4000,2000,2.0,1.0,13,90260,63.164427973630225,36.11320154556306,144452.80618225224,49237.013794481754,82.5,98.34068749152534,192.78325054430255,71.29426116393878,285177.04465575516,80989.13477733731,73.0,80.0077626556004,48.48138028725201,21.78067409330979,87122.69637323916,25174.876302480698,49.5,71.02144192130564,46.82791045699479,22.024419934127945,88097.67973651178,29009.64403524995,60.5,85.03459690369513,6.936869890196337,4.575648063281551,18302.592253126204,5487.09025606513,57.0,73.96052754015012,10.27745966402957,6.129374290478881,24517.497161915526,8160.593267530203,62.5,82.06751872823993,10.013593434895476,6.708096782676876,26832.387130707502,6347.128096967936,26.5,48.892657054923355,22.16594565762825,10.925595088396221,43702.380353584886,12650.613393634558,65.5,76.8094573291917,63.12875995484189,31.602099619805813,126408.39847922325,48151.437286287546,101.0,107.31037121577346,78.08123507454066,46.22564966299105,184902.59865196422,66899.22455698252,94.5,112.1425699079881,46.76751411713254,23.20711739050457,92828.46956201829,28837.81958371401,60.5,81.53888552662433,12.933496057767272,8.885457758512349,35541.83103404939,8297.930750995874,44.5,65.76740718521259,40.28711322077902,16.44961417298764,65798.45669195056,20021.668728441,56.0,85.44796265605616
P03,Fatigue,1,LG_0,S_1,Trial_6,40,80000,84000,4000,2000,2.0,1.0,13,90260,65.17691787899138,34.11866010759259,136474.64043037035,46059.63481590152,84.5,103.46009427903356,176.40102409291228,59.308725592400876,237234.90236960351,65753.52475047112,76.5,80.41827993758093,43.34494164096894,16.538966779015027,66155.86711606011,19872.12346866727,53.5,63.40325579982285,45.952612657815,19.939531299704687,79758.12519881874,27524.568047374487,88.0,104.59818994869961,6.749779828354904,4.592918709618971,18371.674838475883,5539.888888597488,60.0,75.55482975056647,10.55729809590345,6.441982518881559,25767.930075526237,8530.794084072113,53.0,81.04023118695852,9.984625126800795,6.732434815913439,26929.739263653755,6313.861906528473,21.0,46.76406652892909,22.70925918673075,11.944147890864405,47776.59156345762,12713.483441621065,57.0,69.5753441785806,71.78319266148169,33.150984128471464,132603.93651388586,49368.8577786088,104.0,110.73760580393403,79.49122447649069,45.60553361512721,182422.13446050882,63250.015024095774,74.5,90.22896506616009,49.36884528725936,21.28002990607638,85120.11962430552,24672.52630740404,54.0,65.55838432590207,11.003228864588843,7.334870265051722,29339.48106020689,7287.432067096233,60.5,73.58026059445896,38.518600072467244,14.552233854413497,58208.93541765399,17913.08056563139,73.0,84.13507299478933
P03,Fatigue,1,LG_0,S_1,Trial_6,41,82000,86000,4000,2000,2.0,1.0,13,90260,51.94569884186165,27.71227863081731,110849.11452326924,39318.500738590956,80.5,105.62025912366151,117.87963264990552,42.576539852377024,170306.1594095081,47106.146439909935,58.5,71.87925382580627,18.88270650229244,9.610591736156493,38442.366944625974,15569.187514483929,76.0,94.93145299931982,42.473619962581516,18.810797021421603,75243.18808568642,27426.600642502308,94.5,111.66225201314334,6.867642662361661,4.552362187765539,18209.448751062155,5321.674887090921,54.5,74.83982700766852,9.827133797237074,6.484484845830593,25937.939383322373,8350.11899471283,50.5,81.4024533201161,9.35049692967404,6.347953037451953,25391.81214980781,6283.037271350622,34.5,55.90638073267743,24.36825006001603,13.174431335588451,52697.725342353806,14056.03364109993,58.5,70.38221207961418,73.0032538643022,35.85154281492578,143406.17125970311,52309.71109122038,104.5,111.74214662446586,64.95466936679321,35.25313230778556,141012.52923114225,46608.3743609488,73.0,91.80561526819312,51.128995755798385,23.58685213699937,94347.40854799747,29291.033279150724,52.0,66.10776557690795,10.70510432112491,7.110778677044436,28443.114708177745,7650.308217853308,59.0,74.5849447681643,27.623877588892377,10.994572763168254,43978.29105267301,14113.715384155512,71.5,87.57666911915082
P03,Fatigue,1,LG_0,S_1,Trial_6,42,84000,88000,4000,2000,2.0,1.0,13,90260,111.52763097901546,53.586850575567226,214347.4023022689,81237.86821961403,79.0,100.14369872561724,135.25552444267365,48.46640066178516,193865.60264714062,47027.10108831525,39.5,62.445205936369106,17.010986994749626,9.924944074300583,39699.776297202334,16837.27027848363,107.5,123.26265118623691,47.81535790794182,21.02863257441204,84114.53029764816,30613.745842128992,66.0,82.06726860894695,8.662576466482415,5.564182973839342,22256.73189535737,6081.608962267637,50.5,63.63883175144176,11.75895174090714,7.400888088159263,29603.552352637053,9477.812331169844,53.5,82.18443802499809,10.323876932249542,6.79448511172086,27177.94044688344,6359.335873275995,20.5,45.5165645728233,23.883636079529666,12.255713002930861,49022.852011723444,13354.391697794199,64.5,73.54475167191704,58.63903461645311,26.295764871826396,105183.05948730558,36603.18609327078,85.5,101.84741009183554,51.05268695422249,30.019889217044692,120079.55686817877,40551.791340112686,77.5,95.0720733041079,34.29863026584064,19.786789319256787,79147.15727702715,28741.68334528804,70.0,97.7749173440261,12.524924818726152,7.690780391602312,30763.121566409245,7941.463682800531,54.0,66.6093872666474,29.996601061348983,12.824826830695383,51299.30732278153,15635.719895362854,59.5,84.2873055053848
P03,Fatigue,1,LG_0,S_1,Trial_6,43,86000,90000,4000,2000,2.0,1.0,13,90260,114.82976748030067,55.66024577934295,222640.9831173718,81698.71177524328,83.0,104.19052046483692,148.09498948573028,53.09774887898239,212390.99551592954,54026.734828948975,81.0,86.89618997586078,23.43579727568669,11.684557271981612,46738.22908792645,15772.446990013123,52.0,62.34878978794299,45.65586602330471,20.65963407123927,82638.53628495708,28851.553332060575,83.0,96.43984010818042,8.793862323785346,5.54618939824868,22184.75759299472,6171.946506947279,58.0,75.46665501579,12.85543671240187,7.505922116944566,30023.688467778265,9547.396656125784,66.0,93.64270413241319,9.733802259407359,6.430383605416864,25721.534421667457,6324.848905205727,30.5,49.345421302027674,22.118475613061523,11.01207192381844,44048.28769527376,12050.906382501125,69.5,77.0910007713389,56.41126139423718,24.274287356925196,97097.14942770079,35481.596644967794,89.5,105.35570663772185,59.90991488298384,34.248085731233004,136992.34292493202,47860.892210155725,81.0,102.86314741204075,49.50482136247599,22.16933951486135,88677.3580594454,28380.943555384874,51.5,75.2893027402213,12.720143161284414,8.192674235487356,32770.69694194943,7870.048191398382,49.5,63.170899549774795,33.40580461479379,14.960088298050687,59840.35319220275,17059.451807290316,59.5,76.6138845516139
P03,Fatigue,1,LG_0,S_1,Trial_7,0,0,4000,4000,2000,2.0,1.0,13,90221,3.78534668666709,2.99657616536133,11986.30466144532,3657.449781894684,32.0,58.69649455622055,36.78400802387906,21.460080796573312,85840.32318629324,28095.281589776278,90.0,91.16553515272592,4.585362286642853,3.534581717895344,14138.326871581376,5204.480234533548,42.5,77.88265395584051,13.98085632493153,9.824545414478052,39298.18165791221,17869.437765330076,89.5,123.80004624881055,3.850492643905874,3.0448769953101875,12179.50798124075,2717.756200581789,29.0,42.417037929891166,5.257207917989522,3.871236747771036,15484.946991084144,3667.2160029411316,25.0,42.905350153148056,3.240623936652849,2.5656022916082293,10262.409166432917,3082.158323377371,30.0,55.52180085821138,7.893797424939877,5.450144489249214,21800.577956996858,6689.251028001308,57.5,77.0136838389666,3.467658506878075,2.5966327804140747,10386.531121656299,3273.5152170062065,35.0,59.119690866663646,5.6573221133236675,4.3735896803438665,17494.358721375465,7881.645578891039,84.0,112.34745723580886,8.826924606766848,6.664824640983715,26659.298563934863,11846.426129341125,94.0,123.65115268557552,7.248641428629661,4.273789888247848,17095.15955299139,4864.493664354086,55.5,73.8069817061963,4.352378036748312,2.911239383649081,11644.957534596324,3603.125177323818,38.5,65.79667216065526
P03,Fatigue,1,LG_0,S_1,Trial_7,1,2000,6000,4000,2000,2.0,1.0,13,90221,3.9895803706888704,3.137907880637795,12551.631522551179,3748.3977153897285,30.5,62.68840570499189,40.39351342484942,26.593935420981143,106375.74168392457,34938.96098807454,85.0,91.24274537694907,4.8956179139977145,3.799430493079126,15197.721972316504,6069.706380367279,47.5,87.53713715293787,14.600245799486444,10.945119137642905,43780.47655057162,20537.14208304882,90.5,125.53870925576844,3.5010626761142385,2.756011175108142,11024.044700432569,2700.0549249351025,28.0,46.20615539080125,5.130948124026232,3.735087576881051,14940.350307524204,3792.3457100987434,26.0,51.735984257003764,3.0621835293882107,2.38718377155019,9548.735086200759,3060.489520430565,31.0,63.61359710244959,8.079937200490312,5.620499925652984,22481.999702611938,7115.607615560293,72.5,85.64500696976059,3.3107288674422897,2.4952006941777656,9980.802776711062,3368.4306778013706,49.5,78.68676226660487,5.481610424698534,4.315064990334212,17260.25996133685,8155.099768191576,85.5,117.3054396333304,8.891172774749089,6.869272085744887,27477.08834297955,12273.393105715513,89.0,118.25830512739535,3.4900291208951155,2.6963086254312656,10785.234501725063,2745.528891682625,21.0,42.52376088405419,3.08347403572283,2.264987593039405,9059.950372157618,2612.7693243324757,30.5,53.66068762312801
P03,Fatigue,1,LG_0,S_1,Trial_7,2,4000,8000,4000,2000,2.0,1.0,13,90221,3.4730506556176324,2.707562898111064,10830.251592444256,3434.352669864893,34.5,66.88996035625908,24.7943240953108,13.894330313557294,55577.32125422917,19422.57210612297,89.5,95.17854592735239,4.594635867210624,3.558876871317625,14235.5074852705,5810.291133821011,58.5,110.82378787443712,13.831890435051875,10.119512528681662,40478.05011472665,20346.70077264309,119.5,143.0409875905526,3.042880379499091,2.389221974252723,9556.887897010893,2570.957690477371,29.0,52.56640974349342,3.6101781247266556,2.860403456352651,11441.613825410604,2958.249393850565,28.0,46.00362987609568,2.817843748779755,2.193478826596402,8773.915306385607,2722.639311105013,31.0,61.51047080032139,4.3531358894166745,3.2857003707787955,13142.801483115181,3320.5151557922363,31.0,50.2869798070952,2.8825741048223423,2.1984150027972644,8793.660011189058,2783.983387053013,24.0,52.11679847537377,5.616781526356662,4.3738574121380225,17495.42964855209,8304.034639149904,93.0,118.8656879085362,9.225090895461713,7.030880307080224,28123.521228320897,12743.697687983513,74.5,112.94764878464414,3.4243869887341156,2.643828844756354,10575.315379025415,2687.23675981164,23.5,44.62652846097723,2.713616171135616,2.0877030991017818,8350.812396407127,2532.503195106983,28.0,56.29117197727237
P03,Fatigue,1,LG_0,S_1,Trial_7,3,6000,10000,4000,2000,2.0,1.0,13,90221,3.3336330031761863,2.5852258723811246,10340.903489524499,3771.2872959673405,41.0,75.1487764052415,34.24312523765822,19.826254084415268,79305.01633766107,26066.95955619216,74.0,81.45336854969726,4.656173303216262,3.5889626308344305,14355.850523337722,6178.35558950901,57.5,99.21421811941248,14.808438255644798,10.824760153167881,43299.040612671524,21850.698813796043,95.0,131.33450742731063,2.7364857094741337,2.137806712416932,8551.226849667728,2512.3603641986847,29.0,53.70613066446029,3.6794168169002486,2.9051255385275,11620.50215411,3112.9829585552216,27.0,47.32648143812276,2.8265449111603727,2.196943736856338,8787.77494742535,2749.8016133904457,23.5,51.35360101477679,4.8260425748685165,3.491363671910949,13965.454687643796,4245.254211127758,42.5,69.56756962906361,2.8041212354622007,2.16846242249012,8673.84968996048,2822.1326880156994,29.5,62.728188298554095,5.565697595117696,4.314796419255435,17259.185677021742,8183.482848107815,98.0,123.28114083490135,8.236373659307556,6.221707234345376,24886.828937381506,11673.991288989782,87.0,122.08047530847826,3.0880635490376696,2.408945391746238,9635.781566984951,2609.7173802554607,24.5,51.00348335147133,2.5461564539238006,1.9654464539489709,7861.7858157958835,2466.2760086357594,25.0,55.62998889449225
P03,Fatigue,1,LG_0,S_1,Trial_7,4,8000,12000,4000,2000,2.0,1.0,13,90221,3.7931283063458205,2.8014024723204782,11205.609889281914,4333.760589361191,46.0,87.04767992978842,77.5919860131402,35.68172677148832,142726.90708595328,39653.29900383949,69.0,81.68903553407443,16.069698990601847,5.981010781601071,23924.043126404285,8770.066499710083,71.5,106.97093921925564,18.972694691802733,13.058309174329043,52233.23669731617,24389.000702649355,105.5,139.69988415332136,2.553356948070003,1.9721494768746197,7888.597907498479,2541.659027338028,29.0,65.23953921919323,3.846574170661595,3.0113961387542076,12045.58455501683,3521.027881652117,31.5,56.12764409034754,2.974000100584493,2.34452785551548,9378.11142206192,2889.8858465254307,27.0,55.71452509379419,7.816882872244013,4.952809982770122,19811.23993108049,6755.783408880234,73.5,93.0472737249478,4.332937732910722,2.8978709530085327,11591.48381203413,3720.0146354734898,42.5,70.70869896233597,6.9830042781041834,5.148444252321497,20593.777009285986,8481.962978839874,84.5,112.59350936645825,34.473114219638084,14.88417199027026,59536.68796108104,17196.484096348286,40.0,58.673756507951644,3.2819707383716294,2.5335681709926576,10134.27268397063,2692.425064742565,22.5,50.62916931871368,2.678868143892188,2.064933154731989,8259.732618927956,2541.659027338028,24.5,52.92398913595818
P03,Fatigue,1,LG_0,S_1,Trial_7,5,10000,14000,4000,2000,2.0,1.0,13,90221,18.47150210858693,8.872379109961912,35489.51643984765,12474.211025983095,75.0,93.33574253306443,132.3904383055819,60.09823575243354,240392.94300973415,59371.90968543291,55.0,66.92475574752977,33.98453266817182,13.512761539418715,54051.046157674864,13977.293483912945,47.5,59.67040659765748,28.570472023425154,16.476877952413634,65907.51180965453,24399.072118103504,59.5,89.89676774655535,4.138013004654329,2.868091150885448,11472.364603541791,3267.4113288521767,35.5,53.76230597088592,5.320519855488711,3.673655604943633,14694.622419774532,4511.994123458862,42.5,69.36832085717215,4.620199705361647,3.004442436771933,12017.769747087732,3529.87851947546,28.5,60.17294296532749,13.356983790273087,7.26158656423213,29046.34625692852,9783.617127686739,67.5,83.80335138907434,26.07249928788853,9.734918209782336,38939.67283912934,13815.540447831154,72.5,90.24795981413864,28.73798728103722,14.295624794147443,57182.49917658977,19468.046072870493,70.0,98.95006517685613,37.02640727773223,18.44685650516767,73787.42602067068,21315.99821150303,39.0,50.43892833640261,9.529933167389434,5.381341957917902,21525.36783167161,6174.693256616592,60.5,73.74150868340014,16.60959263428991,6.63208933621645,26528.3573448658,7334.432005882263,45.5,70.47418819556108
P03,Fatigue,1,LG_0,S_1,Trial_7,6,12000,16000,4000,2000,2.0,1.0,13,90221,25.557706364959788,15.366871089674532,61467.48435869813,22073.18553701043,79.0,98.7704380988535,149.43108316246006,61.12519833940314,244500.79335761257,58921.44273966551,63.0,70.52198332259707,34.289335203138776,15.114241230394692,60456.964921578765,15406.213700771332,45.0,64.82554053722835,36.57442665311387,20.700096822110936,82800.38728844374,25941.829849034548,64.0,87.48355320343693,6.203451023146008,4.110507065197453,16442.02826078981,4539.461620151997,48.0,63.181782572828986,7.716906706804654,4.985129689052701,19940.518756210804,6080.998573452234,69.5,90.47542204796777,6.488571595306244,4.207035020645708,16828.14008258283,4640.175774693489,47.0,66.02639265171754,18.223751391184944,9.111636571073905,36446.54628429562,11945.003923028708,61.5,82.52367960263769,39.30179686077397,17.002464534109457,68009.85813643783,24474.14994239807,85.0,103.51897734244237,38.52134204746105,21.720439666078892,86881.75866431557,28376.06044486165,69.5,89.18648280963706,19.708811085049412,11.402820793143473,45611.283172573894,16032.472625374794,66.0,96.70982311160061,14.871911578081926,9.132289191090967,36529.15676436387,10568.577144294977,64.5,74.69218883636756,22.98475787968379,11.228566841525026,44914.2673661001,13014.099933207035,74.5,95.09043871497023
P03,Fatigue,1,LG_0,S_1,Trial_7,7,14000,18000,4000,2000,2.0,1.0,13,90221,31.018506821063113,17.99863418797031,71994.53675188124,25358.298141509295,76.0,96.37193231206304,135.00335822104262,46.847234764136374,187388.9390565455,45782.823488116264,67.5,73.46497631502199,22.237387406055774,10.91644139252603,43665.76557010412,12228.529527783394,51.0,66.8440314397649,39.732860679997984,19.837263934523797,79349.0557380952,23470.975924283266,67.5,81.01044729946679,7.30143410265261,4.82872838950716,19314.91355802864,5209.668539464474,63.5,73.79856944535803,9.688481675319206,6.263737082201987,25054.94832880795,7270.035985857248,44.0,74.89311939982603,8.425473991451513,5.206589089741465,20826.35635896586,5624.732933938503,47.5,64.34272194921455,18.235128851542527,9.59363406668417,38374.536266736686,11193.920485675335,60.5,85.51665784188721,47.860278584820165,21.305057716823647,85220.2308672946,29378.624074161053,91.0,104.34019225065022,58.60322321173258,32.85886356250849,131435.45425003394,40526.765398681164,64.0,81.40953964562603,24.5417007803082,12.539522552932613,50158.09021173045,14774.156082421541,44.5,68.5023591299567,14.886291767434406,9.343261959333905,37373.047837335616,10432.765632867813,60.0,74.97891403526647,25.744495158084437,11.753501070174389,47014.004280697554,14761.337917298079,65.0,89.46769237598028
P03,Fatigue,1,LG_0,S_1,Trial_7,8,16000,20000,4000,2000,2.0,1.0,13,90221,33.13952462356868,19.414250904298388,77657.00361719355,26918.451953679323,84.5,100.29039769761661,140.62153772247547,53.45352220213972,213814.08880855888,54589.51331675053,87.0,82.63127542872093,20.853998770337434,10.807432511774824,43229.73004709929,12286.821659654379,56.5,72.9775385505492,36.05445399072069,16.601095738681032,66404.38295472413,19649.33155104518,67.5,83.16455234252184,7.656025369049568,5.236560897296295,20946.24358918518,5317.096970975399,60.0,72.4435928820261,10.397573691174532,6.888120587170124,27552.482348680496,7583.165448158979,61.0,83.47587483663698,8.911834787586924,5.5425606367411095,22170.242546964437,5858.817044645548,43.0,67.69265161467628,20.227088360635168,10.701977009512484,42807.908038049936,11045.901197940111,69.5,78.13613601633973,56.063597905699645,27.081952838134022,108327.81135253608,38366.59938097,84.0,97.28727369202024,68.50340139208491,42.36448349138955,169457.9339655582,54685.03916636109,73.5,93.0951916692788,54.418695706840865,22.050893374485895,88203.57349794358,20489.226561039686,50.0,66.41010567245027,14.36598420872254,9.07887555367779,36315.50221471116,9862.967673689127,64.0,74.56583165336623,32.574385590605445,14.440818935399875,57763.2757415995,17413.78251463175,67.0,86.6790256918484
P03,Fatigue,1,LG_0,S_1,Trial_7,9,18000,22000,4000,2000,2.0,1.0,13,90221,46.003361034545726,25.873916234564966,103495.66493825987,35181.59054219723,82.5,96.05511553522793,138.90464762493593,53.794952494464816,215179.80997785926,61173.47227409482,91.5,88.73657549182299,29.833163852476225,13.143505337717944,52574.02135087177,14894.70787346363,42.5,64.17159398894742,39.31555284532788,18.294023157143965,73176.09262857586,23792.95602440834,42.0,91.12258161668161,7.543594540563668,5.078131657210179,20312.526628840715,5089.727137237787,48.0,65.7671316502428,10.11193652816097,6.4782951980479995,25913.180792191997,7382.9579167068005,51.0,79.74688332945362,7.798566534871606,5.208790571452118,20835.162285808474,5477.3240350186825,47.5,61.11625433613113,22.665863605447093,11.508078529429621,46032.31411771849,12062.808964401484,59.0,68.94203750845365,54.973522206921764,28.273204741161315,113092.81896464527,43035.15823557973,96.0,114.07453372344848,66.31878043367082,39.577552117104645,158310.20846841857,51248.55013564229,69.0,91.43720008325052,77.93461840399466,32.58195297024213,130327.81188096851,29690.83795323968,46.0,53.92095514659586,16.208252523977492,10.495408692513593,41981.63477005437,10549.349896609783,55.0,66.94136111758068,41.50660093861983,17.38372319258051,69534.89277032204,19715.2535431087,61.0,75.0509813972851
P03,Fatigue,1,LG_0,S_1,Trial_7,10,20000,24000,4000,2000,2.0,1.0,13,90221,57.80352632056671,35.114559244760315,140458.23697904125,46426.78368836641,70.5,91.37257333050628,158.68031916741737,48.99169799548108,195966.79198192433,53334.85910668969,55.5,65.8457960696105,36.725025852736,14.70866727567045,58834.6691026818,16505.523957312107,50.0,65.12304717881773,51.85931244418983,21.7605751722469,87042.3006889876,26067.26475059986,46.5,71.1083836299956,6.889314464231049,4.632153243746143,18528.61297498457,4867.240414023399,47.0,63.49694666286001,9.542491723840707,5.860829496569932,23443.317986279726,7225.172407925129,58.0,82.99426912878273,7.112519752855829,4.983220888779033,19932.883555116132,5448.940955102444,26.5,52.37038574513569,22.687513859168618,10.96428458346054,43857.13833384216,11977.049335837364,79.5,83.28766126837111,53.602955483998194,27.427094065560958,109708.37626224384,41228.712536394596,89.0,110.15839471084387,69.77395551986655,41.421907577791714,165687.63031116687,53560.09257957339,67.0,92.29390299942088,69.07386265897095,30.709840574115514,122839.36229646206,32016.41933992505,56.0,61.80823524935885,15.445339225099831,9.849966391921043,39399.86556768417,9879.753366112709,56.5,69.43109734353997,55.339286841582634,21.502671210258267,86010.68484103307,22267.594374716282,43.5,63.14616218927012
P03,Fatigue,1,LG_0,S_1,Trial_7,11,22000,26000,4000,2000,2.0,1.0,13,90221,61.144583606075564,37.13058591124136,148522.34364496544,49303.54617536068,77.0,94.7435938704806,156.7555174285438,51.17942787501961,204717.71150007844,48620.52109092474,62.5,70.39355045766041,34.43811054171623,14.296773660345934,57187.09464138374,16528.41353788972,54.0,64.08246428386363,49.792172871940565,21.2157502414193,84863.0009656772,25786.48589551449,58.5,84.40475236920442,6.588215186753067,4.5040274049388245,18016.109619755298,4982.909094542265,62.0,74.22931174848495,8.562045355440391,5.559830100450199,22239.320401800796,6950.802635401487,62.5,82.23701773146608,8.370468155629604,5.707627244805917,22830.50897922367,5901.849456131458,23.0,58.73940777399836,21.79451779313249,10.541324962256477,42165.299849025905,12012.146692723036,64.0,74.59620975639697,56.69115625744928,29.28058323188452,117122.33292753808,44307.81891569495,88.5,104.92070929482252,59.79245042942694,36.00926800966263,144037.0720386505,47380.82140684128,62.0,85.54983781228519,52.421877840404,25.912646969023626,103650.5878760945,27122.932206839323,44.0,71.50276522184613,14.565221690610624,9.068569748918526,36274.2789956741,9789.110627025366,61.0,70.56977321669446,53.07413190366795,21.14730291822925,84589.21167291701,23274.735920131207,54.0,75.55016883928644
P03,Fatigue,1,LG_0,S_1,Trial_7,12,24000,28000,4000,2000,2.0,1.0,13,90221,57.22820485284658,33.42219849601388,133688.79398405552,45556.064043194056,66.5,90.56628964342005,133.70644385402713,59.27637933420483,237105.51733681932,63595.18989920616,71.5,80.3380003765863,34.1341435050424,15.498189757927321,61992.75903170928,17783.678136765957,53.0,65.29327393254842,45.74993925525998,22.51970216081245,90078.8086432498,31430.446077138186,65.0,97.30213482796556,6.147494673752147,4.264905946084764,17059.623784339055,4752.182122319937,61.5,76.2888007266391,9.025185813651639,5.774438993015792,23097.75597206317,7020.081765949726,50.0,83.43381695392267,8.883621508337438,6.033557170955464,24134.228683821857,6002.868805080652,32.0,55.24497829705372,22.19260598778249,11.637027668301016,46548.110673204064,13253.677543252707,71.5,83.77130495056903,57.64474749058978,30.56850531095406,122274.02124381624,47559.05494093895,93.0,114.26319287312094,44.12516733439211,27.187478802155237,108749.91520862095,34689.31196257472,67.0,92.1207532049898,57.076787243322556,28.85204686956713,115408.18747826852,30496.85638397932,42.0,57.735278087489355,13.303749788555388,8.806929787737317,35227.71915094927,9478.117525577545,61.0,74.85838025497476,38.118304994690845,16.4091444407939,65636.57776317559,21409.99808907509,74.0,83.97955571198601
P03,Fatigue,1,LG_0,S_1,Trial_7,13,26000,30000,4000,2000,2.0,1.0,13,90221,42.87673649880895,25.57638014643453,102305.52058573812,36472.86808118224,89.0,104.41767267863193,159.26118710676923,66.23576998764183,264943.07995056733,72823.35320487618,46.5,69.46918966070172,27.22992168108288,12.761157936346716,51044.63174538687,16705.731488764286,62.5,88.60261427735712,45.274664391407136,23.287479312624782,93149.91725049913,31792.101450264454,64.5,98.92860985264296,6.496267929138322,4.365106534736697,17460.426138946787,4893.487133085728,59.5,74.7060512076482,10.764035901974838,6.859845240879804,27439.380963519216,8090.093359351158,67.0,92.43263975334241,8.677744158269316,6.0200958086177705,24080.383234471083,6252.823024988174,25.5,55.695576369658,26.64389119439162,14.302708241902291,57210.83296760917,14783.617109060287,62.0,67.81733993838647,54.89367707366239,29.447808594442904,117791.23437777162,44757.37027823925,96.0,109.81076634844258,45.5458274158207,27.99670360534219,111986.81442136876,40424.525272101164,68.0,98.22196676981721,50.80775301422146,27.595441513508558,110381.76605403423,33007.6907761395,57.5,70.73885058862467,14.360884514315343,9.428028027503752,37712.112110015005,9481.779858469963,52.0,65.48051182740593,40.02135980144591,16.906256536848378,67625.02614739351,21579.380985349417,40.0,73.12506105656979
P03,Fatigue,1,LG_0,S_1,Trial_7,14,28000,32000,4000,2000,2.0,1.0,13,90221,52.068601083482555,29.78781347628683,119151.25390514731,42382.042203098536,86.5,105.96773638238254,146.49748471537876,54.51426538472297,218057.06153889187,60484.95369032025,74.5,81.16133379902708,23.44251214411807,11.522340721893125,46089.3628875725,17259.354144334793,50.5,78.93541527612192,40.44379644681796,22.086092971498147,88344.37188599259,30400.72014555335,80.0,105.20464273920635,7.020720091311299,4.805009748321027,19220.038993284106,5173.655599355698,55.5,69.24531872847582,10.21022615731832,6.5663991393055765,26265.596557222307,7982.970122247934,56.0,81.02765184631876,9.150152390603054,6.090723860298749,24362.895441194996,6455.472111701965,38.0,60.710371477940846,27.66429115046652,14.185365875251591,56741.463501006365,14644.448459148407,57.5,73.39760609845531,57.410601079789394,28.874958691187203,115499.83476474881,44072.8192217648,101.0,113.14805203664038,55.473371220203944,32.90748541882495,131629.94167529978,48671.79375141859,82.0,96.3926090522713,39.6630822205632,22.539225065580105,90156.90026232041,27494.048606604338,65.0,79.6333837715842,16.232575295221835,10.573130644857883,42292.522579431534,10413.84357959032,51.5,66.92145402710972,41.120723097830655,17.17103996227961,68684.15984911844,21998.107712715864,55.5,79.32778665005164
P03,Fatigue,1,LG_0,S_1,Trial_7,15,30000,34000,4000,2000,2.0,1.0,13,90221,54.39607486598177,30.960530388844198,123842.1215553768,42378.074675798416,67.5,89.97223253406102,135.53692056734596,48.07574144331738,192302.96577326953,57394.24992352724,75.0,83.55821192500586,29.818346680383616,13.364767773565836,53459.071094263345,17698.834091424942,49.0,64.63367905877294,43.51461002782218,21.45704571448732,85828.18285794929,31227.18660160899,80.0,99.22253283911797,6.991471381429698,4.844083025353029,19376.332101412117,5136.421881616116,54.5,68.42624533451853,10.413265784225443,6.2897725304355845,25159.090121742338,7696.697767823935,59.5,85.78991964510398,9.31246046913153,5.846603851136751,23386.415404547006,6400.231923907995,55.0,74.58585014651325,25.522657044333247,12.380548083037137,49522.19233214855,13594.274502247572,73.5,76.82976745018827,62.43654119451839,29.98545726026641,119941.82904106565,45625.03797933459,102.5,110.68411768381691,59.05425526239428,35.48805036221165,141952.2014488466,48643.71586591005,85.5,101.84935179579115,39.798415354770064,21.29192951233126,85167.71804932505,24863.883201032877,53.5,67.95889024474215,15.241407809849502,9.990129327063915,39960.51730825566,10348.531976342201,57.5,74.4004292655311,42.51920739421115,17.082697130099405,68330.78852039762,21483.549941331148,62.0,78.30422350194999
P03,Fatigue,1,LG_0,S_1,Trial_7,16,32000,36000,4000,2000,2.0,1.0,13,90221,51.416591779235546,25.84823832157999,103392.95328631997,33774.033933877945,68.0,84.91837809380972,179.91446627448235,67.16730045783333,268669.20183133334,75252.39549577236,69.0,75.75116065057752,27.84899774818629,12.721156486822291,50884.62594728917,15833.791065961123,62.0,76.33521379286755,46.16988314537055,21.9218570644618,87687.4282578472,29744.857363402843,70.0,94.43598307176197,7.1298126093744045,4.888668265985325,19554.6730639413,5111.090745776892,52.5,64.85318958481035,10.192310657082652,6.112243575777393,24448.97430310957,7402.490358799696,45.5,75.39979378947025,8.397146414705075,5.516526561882347,22066.106247529387,6113.654375076294,52.0,65.89867954588657,24.087879074448722,12.035366264753975,48141.4650590159,13118.476420640945,65.5,76.06394391246947,59.176755588921345,29.25950875689741,117038.03502758965,44080.14388754964,89.0,106.22609664469556,81.9337783502149,41.384163994644766,165536.65597857907,53341.878578066826,66.0,88.19980317347768,44.652192870911556,20.869359357340727,83477.43742936291,24031.92324563861,55.0,80.12901620061136,15.285719107866594,9.552604226453695,38210.41690581478,10415.064357221127,56.0,70.73463915191175,44.004051107094796,17.672434965905268,70689.73986362107,21330.037154257298,61.0,82.99863796640749
P03,Fatigue,1,LG_0,S_1,Trial_7,17,34000,38000,4000,2000,2.0,1.0,13,90221,61.21673238103514,31.53644627511967,126145.78510047868,41680.400259792805,77.0,86.56499392303517,171.15957447513975,65.51590191060677,262063.6076424271,72276.13963186741,75.0,82.62382813582585,29.844289999638352,13.421925040031784,53687.70016012713,16467.679850757122,60.5,73.02447242597641,45.80403482024001,22.130517603573388,88522.07041429356,29424.098040908575,68.5,97.93789878503657,7.024017457200657,4.765642530925106,19062.570123700425,4727.766569703817,49.5,69.13212614360334,8.681431231176706,5.371074226160999,21484.296904643998,6641.640700399876,51.5,78.81942125712732,7.696829742110831,5.5649413819424804,22259.765527769923,5844.472907483578,42.5,63.98742084844347,27.013276188110662,13.146346316160635,52585.38526464254,13494.475930929184,60.5,74.01046882775732,59.06682695191935,30.101864930894227,120407.4597235769,45821.888372302055,85.0,107.8884851670733,81.51708964839557,40.455880182562396,161823.52073024958,53481.65761679411,67.0,88.93756865671098,68.31232433884468,27.497173568443394,109988.69427377358,26161.875016987324,58.0,72.47006401669725,14.22907691301094,9.090043608937412,36360.17443574965,9738.448355346918,65.0,75.96919361871984,43.004003137188484,18.78516626097262,75140.66504389048,22699.444461613894,56.0,77.32271947045564
P03,Fatigue,1,LG_0,S_1,Trial_7,18,36000,40000,4000,2000,2.0,1.0,13,90221,63.55894662337735,34.179630434839055,136718.52173935622,46771.9585634768,77.5,95.66034385898605,166.69623754846498,65.25046517839655,261001.8607135862,73311.35906279087,64.0,74.07872006362625,32.28867813988924,13.513112245942466,54052.448983769864,17050.906363874674,56.5,73.35460255765115,44.72816592510103,22.447636109380984,89790.54443752393,33516.144659370184,72.5,107.92426629585135,7.595407431070246,4.8900674297474325,19560.26971898973,5148.324463516474,30.5,54.33674479345097,11.356811282424722,6.119998756423593,24479.99502569437,7680.217269808054,67.0,85.44765304565917,9.540804112675843,6.156614836980589,24626.459347922355,6483.549997210503,46.0,66.64200604270752,27.449566749666772,13.469550131412689,53878.200525650755,14222.669787704945,63.5,69.3559513072829,54.86033157138853,27.686874553514645,110747.49821405858,41838.185768574476,90.5,107.98441373849218,54.253542748980166,33.654967829212545,134619.87131685019,47985.10633409023,75.5,98.57372676608352,66.46456898415083,27.627081628143788,110508.32651257515,28608.008194714785,43.0,50.827790466936015,13.747476166505145,9.416796339210123,37667.18535684049,9265.397023409605,47.0,62.559270360734935,47.882282098231066,20.113178219646215,80452.71287858486,22794.359922409058,48.0,64.28822141103149
P03,Fatigue,1,LG_0,S_1,Trial_7,19,38000,42000,4000,2000,2.0,1.0,13,90221,59.0420654634646,33.09213921322953,132368.55685291812,46864.737663418055,87.0,101.16129350711505,166.4928271862872,63.51221791636199,254048.87166544795,73210.03451943398,100.0,92.59306834414947,31.605039168678612,13.018372044526041,52073.48817810416,17068.912833929062,62.0,76.13682771825073,52.01896913776898,24.41058588232845,97642.3435293138,34036.50112450123,59.5,86.55097533191122,8.2236538601832,5.3733798554632815,21493.519421853125,6182.017922401428,95.5,94.62513008165774,13.07844216503743,7.3152572516351935,29261.029006540775,9763.47429677844,62.0,89.92303251734658,9.642003582199822,6.016497490252368,24065.989961009473,6756.393797695637,51.5,73.79853884438327,23.598859027289397,12.422570224734955,49690.28089893982,14104.864746332169,77.5,85.30457368897311,47.96521624005715,23.824429502896965,95297.71801158786,33681.56002834439,102.0,108.89804485247375,65.1159705816378,39.12687805878231,156507.51223512925,54699.99369233847,69.0,92.6261313870507,41.539309104462674,19.575746966688893,78302.98786675557,25322.89559021592,60.5,74.36614391024925,15.980989616152854,10.513673700380604,42054.69480152242,10610.693972557783,60.5,71.19383605157832,48.17431056571453,19.51686870895792,78067.47483583167,22781.846951693296,62.0,85.55438897289717
P03,Fatigue,1,LG_0,S_1,Trial_7,20,40000,44000,4000,2000,2.0,1.0,13,90221,48.96524034981311,30.17573765692068,120702.95062768273,40279.557928442955,66.5,90.97914188177397,147.73189589969576,51.71269917560276,206850.79670241103,63504.85235452652,72.5,85.42629788064241,37.0091066501549,14.325012841098943,57300.05136439577,16620.27705460787,46.0,60.54993181029141,52.55180920566584,23.382254002499394,93529.01600999758,30779.466405510902,67.0,97.59283733663509,7.3467503334273045,4.956581498961896,19826.325995847583,5747.421085834503,66.5,74.71807975086764,10.824173035547783,6.587955096620135,26351.82038648054,8871.391043066978,65.5,90.13495931393997,7.992685746037857,5.394451125909109,21577.804503636435,5938.777979463339,21.5,55.193022563898396,21.0731222337154,11.26426863593515,45057.0745437406,12238.906137645245,76.5,84.14564892141124,53.16634776134909,25.84319238984026,103372.76955936104,36472.56288677454,93.5,100.7841299072862,63.36322286922192,36.87273074220866,147490.92296883464,50093.08410808444,70.5,98.07447925479691,45.82444959146778,23.237118916364853,92948.47566545941,26359.030604362488,70.5,79.30784973075531,17.17582889923089,10.942158103350085,43768.63241340034,10513.94734531641,46.5,61.313993259460446,47.12031512572696,19.707624751096592,78830.49900438637,24403.039645403624,65.0,85.6433101007762
P03,Fatigue,1,LG_0,S_1,Trial_7,21,42000,46000,4000,2000,2.0,1.0,13,90221,38.267385632658204,23.85614282604074,95424.57130416296,30652.50553190708,62.5,90.99641941174475,163.02821146505684,66.17011168354657,264680.44673418626,79187.2669942677,67.0,81.68478897542266,31.73934704098636,12.936484646308235,51745.93858523294,16810.107976198196,51.0,78.30246866092075,42.89249105170259,21.9541299615521,87816.5198462084,32210.5229832232,83.5,109.54306076335759,6.323379194804093,4.273264953866601,17093.059815466404,4794.909339398146,66.0,74.79407243886402,8.029834964887137,5.2099751072470095,20839.90042898804,6475.614942610264,63.0,87.60711507107271,7.9722761347133515,5.180379985889886,20721.519943559542,5315.570998936892,48.5,68.07937190910911,19.80513378411348,10.779194170306436,43116.77668122575,11269.913893193007,66.5,72.6726762583035,59.16904075881692,29.316818391671404,117267.27356668562,44205.57878911495,103.5,108.57987583485284,60.984248975308894,38.343212333507836,153372.84933403134,54998.77901747823,73.0,99.36881531566723,53.47718057395122,25.471007199259475,101884.0287970379,25926.26493424177,50.5,69.00292780195541,15.614279501119034,9.669023036677391,38676.09214670956,9565.403126180172,55.0,67.5909848081646,49.98704101059973,20.097569623903837,80390.27849561535,24122.26079031825,66.5,85.24351917781567
P03,Fatigue,1,LG_0,S_1,Trial_7,22,44000,48000,4000,2000,2.0,1.0,13,90221,35.45510860644704,21.371000500256194,85484.00200102478,29499.481059610844,69.5,94.14384289875682,181.52565411071564,76.02102654338815,304084.1061735526,89215.65003693104,81.0,81.08733191617745,26.294265767427238,12.705251776205841,50821.007104823366,17518.15900206566,36.5,64.99791165024178,43.069084014212514,22.799618574650957,91198.47429860383,31749.374233186245,61.0,85.09711279670319,6.435457310625792,4.153062839317135,16612.251357268542,4544.649925082922,56.5,65.1763512121182,8.100136705748378,5.1431605741381645,20572.642296552658,6487.8227189183235,69.0,89.48285139612021,8.345897518619791,5.501650585315656,22006.602341262624,5734.297726303339,48.5,65.27478202511999,20.12713348124209,11.237852305080741,44951.40922032297,12516.0226598382,62.0,74.44664441241778,69.78720444477199,36.5469032850815,146187.613140326,54735.39624363184,104.0,110.4623998728809,61.66725157658846,37.684371769521384,150737.48707808554,52095.76981142163,82.0,100.16138355641881,55.489612639156306,24.50062494687736,98002.49978750944,24381.67603686452,43.5,53.63900913530452,13.766414212627234,8.635613713786006,34542.454855144024,8743.514586240053,51.0,65.96912508275497,56.82125650240408,21.28534845272079,85141.39381088316,24467.74085983634,48.5,67.75974498896717
P03,Fatigue,1,LG_0,S_1,Trial_7,23,46000,50000,4000,2000,2.0,1.0,13,90221,42.523546896162955,24.10225300793536,96409.01203174144,32561.496552079916,74.0,93.64422257551175,158.74699279359743,63.04812987713376,252192.51950853504,73670.57288065553,75.5,84.0487431687476,50.43521049349516,20.216422855469865,80865.69142187946,22044.49726268649,45.5,58.4573752498904,43.55586982712914,22.27926119393669,89117.04477574676,30185.252893716097,76.0,100.50940342185727,6.223920911498019,4.031185436365194,16124.741745460778,4478.7279330194,64.5,75.37361545105968,8.342838869820564,5.148515210021287,20594.06084008515,6669.413391500711,56.5,77.71737985450056,8.055424872563746,5.45129667443689,21805.18669774756,6035.524606704712,45.5,66.90288228989725,19.814394914453235,11.026827997132205,44107.31198852882,12377.464398741722,63.0,74.79928759790386,74.893031928557,39.02281382337678,156091.25529350713,60255.44749572873,104.0,109.4586004719908,54.97510854692714,29.85707086173352,119428.28344693407,40629.61591407657,89.5,102.27627321015929,44.435190865210124,20.379469496198,81517.877984792,22680.827602744102,42.0,60.541889691624206,14.668015187284881,9.332036947167945,37328.14778867178,8896.1117900908,36.5,54.60877506259151,53.66188451649581,20.20788248591125,80831.529943645,23691.326286643744,55.5,75.36844439155561
P03,Fatigue,1,LG_0,S_1,Trial_7,24,48000,52000,4000,2000,2.0,1.0,13,90221,69.9157170723689,35.60815508159576,142432.62032638304,49232.13068395853,81.5,93.31406219818324,112.97439423831706,48.45182961258106,193807.31845032424,51407.55642205477,65.0,72.82359073137627,49.02122046501529,18.407502105936874,73630.0084237475,20369.285158813,44.0,58.300788126327724,42.83740093152474,19.593594659352675,78374.3786374107,28200.26846602559,79.5,104.30789009974458,7.295267103180001,4.434843266149983,17739.37306459993,5178.843904286623,73.5,77.96795969516725,9.32029053328935,5.609201895724982,22436.807582899928,7219.678908586502,62.0,86.55079736738449,8.161012880148526,5.312027119623963,21248.10847849585,5819.141771644354,46.5,63.10993309012596,25.165611831624656,12.225319798197598,48901.27919279039,12350.30209645629,46.5,65.5900559758564,58.99044237320968,27.791848535300232,111167.39414120093,43136.17758452892,107.0,115.3682288904152,53.38831981751071,28.608922404563053,114435.68961825222,41092.59583055973,95.0,109.76128954129553,29.65942392269937,15.676020816899836,62704.083267599344,20804.79757860303,57.5,79.37458091256848,14.257528501228336,9.105553207243792,36422.21282897517,9399.072173982859,52.5,68.97044517129329,41.25482419825515,17.13657718086615,68546.30872346461,22169.3217754364,75.0,86.67253563185571
P03,Fatigue,1,LG_0,S_1,Trial_7,25,50000,54000,4000,2000,2.0,1.0,13,90221,79.52337253922636,40.69502102126135,162780.08408504538,56925.77650770545,76.5,89.12987082058932,119.47870964552455,47.94011060697958,191760.44242791831,50169.07751560211,62.5,74.35204820499513,23.675773290185095,11.162625584064518,44650.50233625807,16817.432641983032,50.5,78.0508170869015,44.24749750643711,20.018250551074743,80073.00220429897,29184.215236455202,84.5,106.06795087127841,7.888784868094701,4.715308686578647,18861.234746314585,5903.375428169966,80.0,89.53308142311684,10.470375004280656,6.258368483674713,25033.47393469885,8369.651436805725,74.0,95.66742805569058,8.500259340832699,5.680717338295653,22722.869353182614,5800.524912774563,34.5,61.83253603163685,23.63788892063701,11.286014767515008,45144.05907006003,10774.583369493484,63.5,71.19936629780332,40.454934522744274,19.084845424233936,76339.38169693574,27879.20394912362,94.0,109.2920736980073,72.03210463166398,37.88896036669612,151555.84146678448,54374.656453728676,73.0,93.29750661089666,28.384793001049996,15.634049642668106,62536.19857067242,21237.868443131447,64.5,84.49318180751162,14.342329493400761,8.72280249146279,34891.20996585116,8957.150671631098,65.0,73.56181979147982,42.546214627836115,17.682132327463478,70728.52930985391,22636.269219219685,68.0,83.16412853774631
P03,Fatigue,1,LG_0,S_1,Trial_7,26,52000,56000,4000,2000,2.0,1.0,13,90221,63.48474816312963,32.527481872355565,130109.92748942226,43856.436386704445,65.5,91.80536668307238,117.8908949705019,47.976780516200236,191907.12206480093,55947.93362542987,67.5,81.10505384417537,16.874293036328634,10.532179277739488,42128.71711095795,18049.807660281658,87.5,109.27688655994221,46.48004335439858,23.889363656961358,95557.45462784544,34865.71433022618,89.0,102.04761543201519,7.232238407470908,4.626881620741915,18507.52648296766,5706.830229610205,69.0,82.35203759570408,11.447209913131436,6.801541969412938,27206.16787765175,8804.553467780352,60.0,84.38869588558269,9.48314356199609,6.224926501256414,24899.706005025655,6280.290521681309,52.5,63.69813942419546,17.22598512897859,9.563213661499322,38252.854645997286,9689.92244452238,77.5,80.2316457873152,53.64279382539158,24.60020560938865,98400.8224375546,36566.8679587543,91.5,108.0258798576582,76.10843499262977,42.74997962161433,170999.91848645732,60338.46037462354,68.5,98.94034131016889,36.654047537350195,17.822348480881193,71289.39392352477,22897.21043780446,62.0,76.76137856854032,14.541939409895638,8.962094210647047,35848.376842588186,9142.403677105904,57.0,65.2141890728537,45.897189917883885,18.62784098535776,74511.36394143105,21795.458626002073,58.5,76.18229136098022
P03,Fatigue,1,LG_0,S_1,Trial_7,27,54000,58000,4000,2000,2.0,1.0,13,90221,83.89717335163874,43.37706657679519,173508.26630718075,61612.341832369566,74.5,95.04699828027242,104.2857163371219,43.13152714659227,172526.10858636908,48540.56015610695,69.5,79.60983959755278,15.262011002187274,9.23131161488127,36925.24645952508,15038.149245083332,78.5,104.78192371769842,49.501274887312455,24.503294100868516,98013.17640347406,33128.85295599699,77.0,103.38801221492292,7.277891148372658,4.684947794303298,18739.791177213192,5507.233086973429,53.5,71.12113504292182,11.296828209675322,6.743035400321242,26972.141601284966,8664.774429053068,70.5,94.76907447178367,9.848291524137533,6.519364789850078,26077.459159400314,6277.543772011995,44.0,61.25819361596461,19.88816981365598,10.583984502474777,42335.93800989911,10690.349712967873,61.5,71.53845932939106,58.865961741098786,24.97341022558976,99893.64090235904,35129.40229848027,81.5,97.61484321842993,67.36835593416437,37.85886072083376,151435.44288333505,51386.19281351566,76.0,95.78464044782297,38.14614134671782,18.79145730959717,75165.82923838869,24132.0270113647,74.0,89.3436044342166,13.090876702787066,8.521810228889809,34087.24091555923,9437.831863760948,62.0,72.02614123890795,39.947709943217326,16.371173106320203,65484.69242528081,20453.51881533861,55.5,73.65132219842108
P03,Fatigue,1,LG_0,S_1,Trial_7,28,56000,60000,4000,2000,2.0,1.0,13,90221,87.68871979728344,47.910423049866225,191641.6921994649,68524.38477799296,77.5,96.92237771958507,123.16831396007794,53.28910188138252,213156.40752553008,56853.140238672495,66.5,75.466512365435,30.169569964061136,13.385393231280613,53541.572925122455,16720.68601474166,68.5,87.85202801051513,53.319632907802955,24.801161706424317,99204.64682569727,32630.470488220453,65.5,84.0223934136624,7.253810044926412,4.635235478368122,18540.94191347249,5584.447272121906,64.5,77.5605053339364,11.721325847896575,6.869125668727793,27476.50267491117,8909.540344029665,58.5,84.06654975625004,10.135210199360497,6.8221842891187405,27288.737156474963,6380.089092999697,29.5,54.15960920718137,22.059158591154816,12.119113517692313,48476.45407076925,12817.554734647274,55.0,73.51013666553686,56.845690719920306,26.005537617520893,104022.15047008358,36824.14684444666,87.5,105.61396823829583,64.3890828912378,33.48478723105509,133939.14892422035,45791.97932034731,77.5,98.21834331622216,41.19884586797716,19.259907072852364,77039.62829140946,24346.88387438655,59.0,77.01185577879605,12.876324499313634,8.357118933647872,33428.475734591484,9453.701972961426,63.0,83.5469931601349,33.387383608180635,14.853349796647672,59413.39918659069,19622.169248759747,81.5,96.421561526258
P03,Fatigue,1,LG_0,S_1,Trial_7,29,58000,62000,4000,2000,2.0,1.0,13,90221,63.264771611134364,36.812654176785145,147250.61670714058,51755.17285242677,72.0,98.03353997519318,137.0817818642711,61.522912241052836,246091.64896421134,66912.34791651368,74.0,79.18314310164058,33.64780065729246,15.668953849643003,62675.81539857201,19432.033132761717,66.0,71.29329501668666,53.43781342105235,26.286311856540852,105145.2474261634,36958.432383835316,82.0,104.52680539711888,7.424319977594151,4.867244839342311,19468.979357369244,5755.0509460270405,65.0,77.05234822795155,14.15946290096676,7.855944547429681,31423.778189718723,9661.23417019844,59.0,76.61084865931143,11.508727299936012,7.646836555167101,30587.346220668405,7183.9711628854275,37.0,60.00308108590114,23.307610035301543,13.26605027713813,53064.201108552516,14710.37045121193,70.0,77.75487255553075,64.5545511121698,32.63229143065401,130529.16572261602,45888.72594758868,83.5,100.60561061939329,53.260337987201574,28.963138511404395,115852.55404561758,39142.403565347195,61.5,90.5856313276536,39.84625902234641,19.30408209405141,77216.32837620564,25227.369740605354,60.5,90.13860173356876,12.97883053687752,8.487989958003164,33951.95983201265,8854.910545051098,60.5,72.7546569140911,34.71578566225981,15.448172476480249,61792.689905921,19623.695220798254,70.0,84.5834719312619
P03,Fatigue,1,LG_0,S_1,Trial_7,30,60000,64000,4000,2000,2.0,1.0,13,90221,60.200074544345206,33.53725312538445,134149.0125015378,47783.067636191845,75.0,94.54061349267539,116.93543614600418,50.03932064158143,200157.28256632574,58915.94924032688,65.0,71.21479989503368,21.106792629573615,11.036855159397238,44147.42063758895,17085.698526352644,63.0,84.13386626356643,49.927694699402785,24.855986639077308,99423.94655630924,35907.64803811908,69.5,95.87526309327095,8.06134401435676,5.127221491001547,20508.885964006186,5838.674213737249,50.5,68.22522022982218,13.599591738319772,7.622015284735244,30488.061138940975,9530.000574886799,58.5,84.85296736710399,10.661958818366216,7.117119090864435,28468.47636345774,6889.763753861189,31.5,59.648410174096085,23.932891779394332,14.130537242116407,56522.148968465626,13679.72893640399,54.5,69.24904625036217,63.27997332313348,29.668923773989082,118675.69509595633,39555.636793375015,85.5,97.77334264916607,70.70715794706341,38.94888223297894,155795.52893191576,56274.79683607817,75.5,100.7278713795245,29.95591883815363,16.921433778444772,67685.73511377908,23515.839502215385,63.5,90.38410677650505,14.546598737506248,9.170253963884898,36681.01585553959,9396.630618721247,62.5,77.21936907630638,41.131091880467594,17.415953553200232,69663.81421280093,21360.86178943515,59.5,84.02781224770835
P03,Fatigue,1,LG_0,S_1,Trial_7,31,62000,66000,4000,2000,2.0,1.0,13,90221,73.27128493654058,38.648056454327886,154592.22581731156,54185.74111536145,83.0,96.86593079166687,120.03273364335074,44.77310938274022,179092.4375309609,55203.56446504593,95.0,89.86887506333339,15.894916411494771,9.248807113198563,36995.228452794254,15314.655378460884,87.5,111.44694796869389,41.872139065050106,20.19162077413639,80766.48309654556,29338.94880115986,76.5,97.16285245480319,8.425340998735452,5.291319602762814,21165.27841105126,6441.738363355398,66.5,82.40880748772076,12.356027983254293,7.4650589128606955,29860.23565144278,9587.68231794238,60.0,83.2135057199404,9.359775547246253,6.221944217802957,24887.776871211827,6441.738363355398,42.0,57.41689894652471,21.94602416220772,12.833400428295135,51333.60171318054,12227.003555744886,60.5,66.82536281623003,51.50304552004371,23.192549355095252,92770.19742038101,32020.08167281747,101.0,109.63716126646858,69.85857473099371,41.593138426204675,166372.5537048187,60153.51256355643,86.5,107.98481458790152,35.95070004048146,18.627819774346428,74511.2790973857,25558.810867369175,80.0,93.93729885080513,14.767856661545126,9.431830063136294,37727.32025254518,9647.805616259575,44.0,62.70258186931903,44.5549711151559,18.82572438509669,75302.89754038677,22271.5619020164,64.0,80.15617554122088
P03,Fatigue,1,LG_0,S_1,Trial_7,32,64000,68000,4000,2000,2.0,1.0,13,90221,73.24273389527178,39.987646153604146,159950.58461441658,56016.297172755,74.5,93.77020103938057,182.52602496511238,79.77050579146017,319082.02316584066,86169.19945925474,58.5,79.06993170914768,15.373129348186144,9.497654125944246,37990.61650377698,15138.253010809422,78.0,100.69956816297271,35.90001999661001,19.19244297159603,76769.77188638411,27961.301244795322,69.5,96.64963211708609,7.847983808683375,5.344136814004742,21376.547256018966,6062.992103397846,61.5,76.37619822715168,11.111200251793234,6.975959924876224,27903.839699504897,8697.430230677128,67.5,86.2768705072866,9.482005960497109,6.400935473316349,25603.741893265396,6332.173570990562,47.0,62.2417740016631,18.631817212010393,10.989970584097318,43959.88233638927,11423.121485859156,68.5,77.60429783416029,57.9732345942629,25.114601322542875,100458.4052901715,35289.93455693126,79.0,94.45754069628298,52.01477255188492,32.84587914273143,131383.5165709257,45078.43479514122,80.0,99.96392909274229,56.844651943037455,26.381607589568013,105526.43035827205,29971.31161391735,49.5,62.30325396097088,13.426161616985219,8.963923278881703,35855.69311552681,8509.430475533009,61.5,72.53044704310483,48.12170325480527,20.250650904234497,81002.603616938,24135.384149849415,57.5,82.21236683597336
P03,Fatigue,1,LG_0,S_1,Trial_7,33,66000,70000,4000,2000,2.0,1.0,13,90221,62.381538771721814,36.8720228819293,147488.0915277172,52347.860392183065,71.5,93.20337804368175,195.90001775869368,88.63151351038832,354526.0540415533,92924.37247931957,60.5,71.35064992042123,12.89360263282737,8.720296349434648,34881.18539773859,13670.573104172945,99.0,120.94368423049733,32.25921243358687,18.529397706105375,74117.5908244215,26925.471425056458,80.5,110.58215480414944,6.368346693275183,4.641340930643492,18565.363722573966,4780.260007828474,40.0,59.928090365859,8.768318157886531,6.1446918833535165,24578.767533414066,6980.406492948532,45.0,71.82190380567577,8.995335393038156,6.37117012977833,25484.680519113317,5734.297726303339,25.5,48.08046746793293,21.575200339046546,12.393744078837335,49574.97631534934,11748.153530061245,63.0,69.00073774690402,64.68158078732644,28.888624991569667,115554.49996627867,40269.181318581104,83.0,98.08768391728113,54.94404027319114,32.03680850086967,128147.23400347866,44852.285739034414,84.5,104.34787246775817,56.498162802503494,27.286466624529567,109145.86649811827,30503.570660948753,48.5,63.92564914055296,12.733617823960042,8.364868277451023,33459.473109804094,8025.392144918442,57.5,69.79566386818045,43.23484151566956,16.777901153697165,67111.60461478867,19067.020621150732,61.0,74.26271500252739
P03,Fatigue,1,LG_0,S_1,Trial_7,34,68000,72000,4000,2000,2.0,1.0,13,90221,86.44249319164214,49.03538771942258,196141.55087769032,68299.76169392467,83.0,103.07201858576165,140.03371743581835,58.04074171138927,232162.9668455571,64815.35714119673,70.5,79.36928123376696,13.89304215120647,8.48823472391814,33952.93889567256,12772.691156715155,64.0,97.06750223855758,33.534180636981716,18.503748023603112,74014.99209441245,27472.07460924983,88.5,110.77055982437507,6.457359233849997,4.615608235262334,18462.432941049337,5111.395940184593,49.0,68.72012319676732,9.27087690920094,6.274270409392193,25097.081637568772,7355.185225605965,49.5,72.00499589488629,9.716285645215054,6.808022658212576,27232.090632850304,5837.758630514145,26.5,45.72229475238472,21.507819920576814,12.14507411699742,48580.29646798968,11228.407453745604,47.0,61.34367041993292,58.2385010604845,25.007542786654085,100030.17114661634,35768.7845826149,93.0,105.6073315657102,58.379416834788735,36.79055531676859,147162.22126707435,55066.22698158026,86.5,109.41584133986514,47.02215457437272,25.149861462495757,100599.44584998302,33597.936760634184,75.0,86.8827935051186,12.339397565137308,8.352411004714668,33409.64401885867,7668.619882315397,43.0,55.86729136072202,30.941150475258315,12.83324325317517,51332.97301270068,14270.280115306377,44.0,67.84624984001509
P03,Fatigue,1,LG_0,S_1,Trial_7,35,70000,74000,4000,2000,2.0,1.0,13,90221,82.22378525333347,44.834351752651855,179337.40701060742,61898.614186793566,81.5,94.91040417895205,121.69122522700394,60.47431102723349,241897.24410893396,70922.60243371129,73.0,79.49629874401717,18.802639935215318,10.467448535747826,41869.794142991304,15430.934447795153,57.5,76.40122429142768,40.39396295467032,21.724657796137034,86898.63118454814,31933.711655437946,81.5,97.8488519889248,7.720597196257201,5.255316085531376,21021.264342125505,5599.096603691578,47.5,67.64253886189294,9.89359831015575,6.359531655488536,25438.126621954143,8247.268479317427,54.5,86.77191809098395,9.360475814216757,6.41567590541672,25662.70362166688,5963.49872648716,24.5,46.76738456041795,18.573619965501525,10.998316811863333,43993.26724745333,11358.115077018738,48.0,69.48936110274232,59.5686629841451,24.98674550448777,99946.98201795109,35444.668121635914,86.5,105.00372556256312,75.52890650467846,44.27681452101096,177107.25808404386,61807.66625329852,77.5,100.5046545163942,47.95248233636781,23.70329494313337,94813.17977253348,30646.09644934535,58.5,78.79024360233002,12.544325132239845,8.920512235583738,35682.04894233495,8142.891991883516,46.5,60.84999562842489,29.431971064012327,13.35254546237411,53410.18184949644,15778.856072574854,63.5,80.95420273374353
P03,Fatigue,1,LG_0,S_1,Trial_7,36,72000,76000,4000,2000,2.0,1.0,13,90221,75.01198335866528,42.80648274201667,171225.93096806668,63444.11866739392,73.5,97.40095979512175,138.9259607820474,62.620484873233366,250481.93949293345,73185.31377241015,86.5,83.54607880274443,18.638396697290005,10.598804552166257,42395.21820866503,16014.466155320406,103.0,115.580497206577,39.77271011777776,21.523180427053013,86092.72170821205,31492.70573630929,74.5,106.92467005107959,7.970818756807911,5.302386600524187,21209.54640209675,5816.700216382742,64.5,73.0473988092567,12.593051628412507,7.538903675449546,30155.614701798186,9025.819413363934,52.5,91.16262474644249,8.946978515415976,5.932065533660352,23728.26213464141,6179.271172732115,43.0,62.94019528254109,25.862509918322143,12.668698641995434,50674.794567981735,13000.060990452766,64.5,74.44988674080008,55.62811399645476,25.50867497974541,102034.69991898164,36165.84250703454,97.5,105.39035984279842,77.09616870736888,40.29886406888254,161195.45627553016,49719.526153057814,61.5,81.5118985566338,38.09499926199283,19.428538351599126,77714.15340639651,24845.266342163086,52.0,73.11830304715255,12.372557097877438,8.973155829356983,35892.62331742793,8423.67084696889,44.0,61.24364563041248,43.657059526148785,15.693601731501985,62774.40692600794,18320.820294320583,55.5,73.4695459426822
P03,Fatigue,1,LG_0,S_1,Trial_7,37,74000,78000,4000,2000,2.0,1.0,13,90221,83.92254233121626,48.47146170064807,193885.84680259228,71700.8481733501,95.5,111.0901912017872,138.52892009209907,55.24473335947842,220978.93343791366,63515.53415879607,94.0,88.5899376452577,47.9758915550034,16.144041972758714,64576.16789103486,19175.669830292463,54.0,56.46852313047718,40.558562583423914,20.608208317600656,82432.83327040263,29841.909185051918,65.0,92.75730303105027,6.959349681127738,4.705922470719088,18823.68988287635,5512.116197496653,58.5,79.98096372727052,12.275838305850503,7.305917310877703,29223.669243510813,8550.936914980412,51.5,72.84324817087179,9.408929955875987,6.466946505848318,25867.786023393273,6199.414003640413,33.5,58.467566484684156,25.209314228346276,12.067352698743344,48269.41079497337,12451.321445405483,65.0,72.67867925211505,55.29405781819266,26.14880434164079,104595.21736656316,36556.49134889245,95.5,104.35429845018662,53.58984906012396,29.42121967615094,117684.87870460376,36821.400094777346,68.0,96.85790380358785,36.75418948249998,19.337705171201378,77350.82068480551,25504.79145720601,63.0,89.73882380468226,13.49952840424267,9.666490533482284,38665.96213392913,8529.878500849009,53.5,62.70196578854444,48.54427650377211,18.084286616998725,72337.1464679949,21175.913978368044,56.0,73.81097160736867
P03,Fatigue,1,LG_0,S_1,Trial_7,38,76000,80000,4000,2000,2.0,1.0,13,90221,74.88986226397653,44.058667357079685,176234.66942831874,61756.08839839697,88.5,99.51193986075761,123.81128971708736,53.334848463034724,213339.3938521389,58944.63751465082,56.5,67.65924463604007,48.17819616543322,16.660454067215323,66641.8162688613,19674.662686884403,76.0,91.98525780525085,45.95700275060318,22.98540956156794,91941.63824627176,30993.102490901947,63.0,91.27090634254517,6.58351924336383,4.446430048136972,17785.720192547888,5338.4605795145035,60.0,75.92995916736712,9.974577269274247,6.257062442356255,25028.24976942502,7902.093604207039,59.0,89.3388759789593,8.6490935256079,6.193152787769213,24772.611151076853,5654.947180300951,20.0,46.15916186218398,17.15521975003896,10.19471086661797,40778.84346647188,11270.219087600708,53.0,68.78933117886545,60.873494817386195,27.506859408912714,110027.43763565086,37306.048814207315,81.0,96.99862813512222,48.06705980121759,28.0198902163771,112079.56086550839,38534.76149961352,84.5,102.94715430769591,45.653337772774144,20.696844212710857,82787.37685084343,25198.07107746601,49.0,70.20880992152497,14.005744626552307,9.708927663275972,38835.71065310389,9173.838701099157,44.5,61.58382023720767,45.14902891763149,17.973367905942723,71893.47162377089,20848.440378904343,57.5,69.87707765251447
P03,Fatigue,1,LG_0,S_1,Trial_7,39,78000,82000,4000,2000,2.0,1.0,13,90221,65.49507702593198,40.41381790779997,161655.27163119987,56864.12723734975,63.0,95.34879515881859,114.65730885683618,49.35108798681758,197404.35194727033,56294.02408376336,81.5,89.69888958236537,28.496020584550365,13.26498671277659,53059.94685110636,16605.932917445898,47.5,62.98683466619533,56.39087537238025,25.829633899382316,103318.53559752926,33086.736127734184,47.0,74.7500492469576,6.315511201665856,4.350223004608415,17400.89201843366,5214.856844395399,72.5,83.89176874039336,9.634533834756397,5.952085066027939,23808.340264111757,7646.64588496089,68.0,86.38917917970555,7.484235873917649,5.191789640672505,20767.15856269002,5308.856721967459,42.5,62.34310222067592,19.463459857991133,11.272992846975104,45091.97138790041,11830.86121454835,68.5,76.43359041246174,57.38006797347246,26.41506345833186,105660.25383332744,36373.98509308696,73.5,97.223015662727,69.2846527535685,37.485412101703695,149941.64840681478,52466.88621118665,62.5,90.41526236763312,49.538916324697965,22.902713321871126,91610.8532874845,29721.66258841753,70.0,77.7805670217008,13.005467056928893,9.032188515458255,36128.754061833024,9321.857988834381,58.0,68.21871078026858,40.8467348587434,16.168992569320835,64675.97027728334,19009.64407250285,58.5,83.69224070300578
P03,Fatigue,1,LG_0,S_1,Trial_7,40,80000,84000,4000,2000,2.0,1.0,13,90221,62.59993282325681,35.53531528604217,142141.26114416867,49895.31813189387,75.0,96.02251249153156,111.08067306910696,47.3913752583554,189565.5010334216,52752.853371202946,63.5,75.38577979114358,29.26959621755187,12.996920921490528,51987.68368596211,15726.9730232656,60.5,78.42628305541483,56.32068956100776,23.888401378993876,95553.6055159755,30334.187764674425,61.0,83.76783273139185,5.593212539122349,3.9545150313526394,15818.060125410557,4716.169182211161,55.5,79.11055377130337,8.699942570497004,5.510392764676363,22041.57105870545,6791.79634898901,61.0,91.19983132887191,7.429737070086814,4.986698769801296,19946.795079205185,5137.032270431519,36.0,55.29522886731047,19.102022269922628,10.691609555482865,42766.43822193146,10770.310647785664,48.5,66.88181686967188,50.63059611985808,22.48881339665968,89955.25358663872,32338.399440050125,80.5,99.69482038067453,88.37597982282148,49.49621143741533,197984.84574966133,69084.7217105329,79.5,102.01180392046578,40.29720543992709,19.74434124061372,78977.36496245489,27930.781804025173,72.0,87.65065342622205,15.137171839800942,9.580713432538323,38322.85373015329,9908.44164043665,52.5,67.67610602997799,40.79754355188464,18.351139832753688,73404.55933101475,19382.896833121777,46.0,62.438349844622245
P03,Fatigue,1,LG_0,S_1,Trial_7,41,82000,86000,4000,2000,2.0,1.0,13,90221,63.076974434198604,34.821637810522226,139286.5512420889,48854.605201631784,79.5,96.54357151352194,115.359126851468,43.05837086443789,172233.48345775157,45281.08388185501,66.5,75.03216344264284,19.370868506158942,10.085592649970204,40342.370599880815,15185.863338410854,72.5,94.19092761415658,42.06393353760028,20.00190201149089,80007.60804596357,27757.736574858427,68.5,98.66474533677243,6.460796017872361,4.243977201427333,16975.908805709332,5099.7985526919365,64.0,83.45355086732876,10.243552640100996,6.170127586426679,24680.510345706716,7144.9062786996365,42.5,75.4384528420973,8.842342308501587,5.644812246260699,22579.248985042796,5540.499277412891,38.5,60.542691804580514,17.059695567413094,9.605234048329294,38420.936193317175,10114.447865635157,58.5,72.07873368745116,46.64096649889888,20.388996368530208,81555.98547412083,30406.213644891977,90.5,111.5918397886665,74.29209875415627,40.724956091039346,162899.8243641574,56412.43951395154,85.0,98.44476372723645,27.619511149832157,14.908210055553354,59632.84022221342,21464.627888053656,83.5,101.45064024546497,15.498853940210779,9.304554610396735,37218.21844158694,9574.253764003515,59.0,70.0672275956964,46.25049054789457,20.14185314171482,80567.41256685928,20344.56441178918,50.0,64.98806535660066
P03,Fatigue,1,LG_0,S_1,Trial_7,42,84000,88000,4000,2000,2.0,1.0,13,90221,57.80522161803731,34.88495500646532,139539.82002586126,49425.01354962587,86.5,104.79037013883091,114.06283753907375,42.348105576843956,169392.42230737582,43701.092433184385,50.0,69.01616763437325,20.72511739614926,11.45114531380823,45804.581255232915,17332.29560777545,62.5,89.87681247936374,37.93287163172715,19.457732561952433,77830.93024780974,27717.45091304183,64.5,99.26302700712047,6.8185021484385855,4.396851521800272,17587.40608720109,5172.12962731719,70.0,79.62292027253427,10.418559041036948,6.023214742867276,24092.858971469104,7354.574836790562,39.5,77.92693539843948,8.467585022176001,5.4024854831397535,21609.941932559013,5380.577407777309,42.0,61.28805574309049,18.812837771317174,10.285575710935518,41142.30284374207,10336.324200034142,60.5,70.61343488478609,47.90407147873793,22.638770554435904,90555.08221774362,34979.55184429884,100.0,105.97489125812471,68.52109753964378,39.66579518886283,158663.18075545132,56577.54968851805,75.5,99.88070588987846,34.08228527517157,16.62200292898342,66488.01171593368,21084.660850465298,43.0,67.0711052458105,14.795344686627487,9.183541975799017,36734.16790319607,9606.909565627575,57.0,67.77665438147257,40.36942400337161,16.473789842799306,65895.15937119722,18811.572901904583,55.5,74.30318093225661
P03,Fatigue,1,LG_0,S_1,Trial_7,43,86000,90000,4000,2000,2.0,1.0,13,90221,61.928129045409705,37.37129632662982,149485.18530651927,51058.41401964426,60.5,98.27883852034401,127.21237303149769,50.97825974416919,203913.03897667676,56803.08835580945,69.5,77.91514892407157,25.577223214906216,13.423034803196789,53692.13921278715,17973.814252763987,45.0,70.7561223427527,42.18431751129779,21.600875217095016,86403.50086838007,31882.438994944096,62.5,97.51288759323862,6.727609301438201,4.387253233976662,17549.01293590665,4968.870151787996,65.0,75.73799586767718,8.742005243240138,5.259783025330398,21039.132101321593,6851.309258490801,80.5,92.22194649016834,7.692863729757097,5.296465638268273,21185.862553073093,5208.752956241369,40.0,60.447520134935395,18.917228097237892,10.454245558625553,41816.98223450221,9799.487236887217,65.0,73.84029127626732,47.04639351528773,22.833282242657152,91333.1289706286,35324.421525001526,108.0,118.45153573880837,70.17952598628506,41.18579609878361,164743.18439513445,60902.15444564819,80.5,105.31369745710293,42.873752214730544,20.552383491769433,82209.53396707773,25084.233563393354,59.5,74.30132760098698,13.5809766353336,8.63488750369288,34539.55001477152,9051.150549203157,75.5,79.74373770066383,39.778351429962,17.085587702633347,68342.35081053339,18842.092342674732,63.0,79.10789585352612
P03,Fatigue,1,LG_0,S_1,Trial_8,0,0,4000,4000,2000,2.0,1.0,13,90240,1.6156154983016116,1.2317081685177982,4926.832674071193,2355.795633047819,36.0,92.14255832538528,1.9028849889874997,1.2136794574209488,4854.717829683796,2365.2566596865654,28.5,71.54495430054926,1.4459233366992967,1.090867511043325,4363.4700441733,2209.302317351103,33.0,95.97656774044167,1.5187183260049015,1.1705399608472362,4682.159843388945,2299.0294732153416,43.5,111.74596137754011,1.7268665523501099,1.319253489561379,5277.013958245516,2403.405960649252,36.5,90.42307375498216,2.0496878901246482,1.584599083091598,6338.396332366392,2549.5940819382668,36.0,77.51403491110574,1.5464867220223788,1.1706273990450426,4682.509596180171,2406.7630991339684,40.0,102.5095477359778,1.4459442965849576,1.1060939652379602,4424.375860951841,2336.8735797703266,38.0,110.19527321828842,1.254484338589794,0.9418758739251644,3767.5034957006574,2323.445025831461,52.5,134.5535821731564,3.5240949836590176,2.6990618223324416,10796.247289329767,5322.285275906324,93.0,126.21323102291522,6.087944405982489,4.516940256627277,18067.761026509106,9401.20853483677,117.0,147.19594987294897,1.8319314961979716,1.3955693731200882,5582.2774924803525,2456.814981997013,30.5,88.38294568287861,1.383726570260817,1.0557221241877415,4222.888496750966,2347.555384039879,39.0,111.37097282767122
P03,Fatigue,1,LG_0,S_1,Trial_8,1,2000,6000,4000,2000,2.0,1.0,13,90240,1.4991769200205056,1.1449974015820772,4579.989606328309,2309.711277484894,50.0,117.41069110333922,1.8950527396844588,1.1535425016540102,4614.170006616041,2273.393142968416,33.0,78.76226272847428,1.4000356860493162,1.0769528587115929,4307.811434846371,2229.1399538517,53.0,119.17182877616283,1.470612466026062,1.1142531851306559,4457.012740522623,2288.9580577611923,43.0,102.3897293373082,1.602340099721172,1.217976480233483,4871.905920933932,2409.509848803282,40.0,102.35558234559375,1.9766190232793996,1.5240094477194361,6096.037790877745,2480.6201457977295,35.5,80.28579941396832,1.559405982761911,1.1730783390346915,4692.313356138766,2370.4449646174908,43.0,114.05450038262647,1.4348450448594976,1.0913121792953462,4365.248717181385,2324.3606090545654,46.0,111.28513562487446,1.2560690196087978,0.942508084140718,3770.032336562872,2333.2112468779087,55.5,133.68379621038457,3.800511194564191,2.9635448983171955,11854.179593268782,5610.693991184235,98.0,127.45430546849008,6.1829275023652155,4.623846653103828,18495.386612415314,9349.020291119814,115.0,139.89494613531429,1.7311342677935582,1.3100469187600539,5240.187675040215,2429.347485303879,32.5,93.59664504867628,1.379180735723379,1.039663710037712,4158.654840150848,2287.432085722685,49.0,124.01179307955886
P03,Fatigue,1,LG_0,S_1,Trial_8,2,4000,8000,4000,2000,2.0,1.0,13,90240,1.522680866527097,1.1636805639369414,4654.722255747765,2241.3477301597595,38.0,97.16068562436573,1.9344622764854638,1.1900457747280597,4760.183098912239,2284.6853360533714,33.0,91.18690541432261,1.4080503698754527,1.0835619962075724,4334.24798483029,2252.9451176524162,41.5,107.74828813582148,1.3994515415067734,1.0569477849290707,4227.7911397162825,2299.334667623043,40.0,110.85043542972905,1.5215071962383224,1.1685738221742212,4674.295288696885,2384.789101779461,39.5,105.29730813314066,2.066123356973818,1.598786808119621,6395.1472324784845,2489.1655892133713,31.5,71.41241411623979,1.510730814639925,1.1487761661410332,4595.104664564133,2309.711277484894,32.0,99.09732045710558,1.5073988491023482,1.1510282719740643,4604.113087896258,2344.8086343705654,39.0,102.57746923777744,1.2509059801236604,0.9519833786180243,3807.933514472097,2286.211308091879,49.5,130.71708554828587,3.857303619309325,2.9965564803220333,11986.225921288133,5521.577224135399,87.5,116.48752899473212,6.029499437659493,4.522952052368782,18091.80820947513,9119.20890212059,104.0,135.43491913316598,1.6944147728412389,1.2904151358874514,5161.660543549806,2387.5358514487743,33.5,95.5270765893154,1.3417134617577038,1.0113637955975718,4045.4551823902875,2273.393142968416,55.5,124.43843317885509
P03,Fatigue,1,LG_0,S_1,Trial_8,3,6000,10000,4000,2000,2.0,1.0,13,90240,1.5032020812441846,1.1499788228538819,4599.9152914155275,2202.2828459739685,43.0,103.87673513771675,2.1613515317301792,1.2850717540481127,5140.287016192451,2327.4125531315804,21.5,47.84526048189155,1.4157819478538822,1.0887322183698416,4354.928873479366,2250.808756798506,37.0,111.52718200101515,1.3484597940705512,1.027178206818644,4108.712827274576,2320.393081754446,64.0,131.96799115981509,1.5375735377592936,1.1817168667446822,4726.867466978729,2344.1982455551624,37.0,103.32320638288145,2.045575939281636,1.553935170918703,6215.740683674812,2480.925340205431,41.0,83.69733350372381,1.4291517155557456,1.0896953356219456,4358.781342487782,2341.1463014781475,63.0,129.09592004400994,1.4895383183014923,1.1325633236207069,4530.253294482827,2335.347607731819,44.0,116.2619650511928,1.2771743834634455,0.9831669987179339,3932.6679948717356,2286.211308091879,43.0,121.3461380461895,3.624009581489394,2.7247817758470774,10899.12710338831,5303.973611444235,96.0,124.25224513738198,5.83702393500883,4.400836216285825,17603.3448651433,8930.293563753366,99.5,134.9475572902122,1.732447661698578,1.3267521161586047,5307.0084646344185,2383.8735185563564,28.5,87.03028669897378,1.3196963238347454,0.9995294627966359,3998.1178511865437,2334.737218916416,43.5,126.4209031595288
P03,Fatigue,1,LG_0,S_1,Trial_8,4,8000,12000,4000,2000,2.0,1.0,13,90240,1.52947762545868,1.1615030781365931,4646.012312546372,2340.230718255043,54.0,115.3586484576537,6.068307731220348,2.490506613440812,9962.026453763247,3570.4693756997585,51.0,69.92815597701268,1.527332599026215,1.1366446884348989,4546.578753739595,2493.7435053288937,45.0,120.08511237876819,5.243287957125918,2.3833960419055074,9533.58416762203,4632.545914500952,79.0,120.35586384918585,1.542625276230359,1.1721481064800172,4688.592425920069,2356.1008274555206,38.5,113.09048557024165,2.0766623626126473,1.5855797871714459,6342.319148685783,2467.191591858864,40.5,81.13447408234708,1.3600413081968608,1.031673529697582,4126.6941187903285,2351.8281057476997,42.0,110.98556793215175,2.0769765380491143,1.324097611499019,5296.390445996076,2569.4317184388638,39.5,107.38351936151305,1.295433956272439,0.9593989160377532,3837.595664151013,2310.6268607079983,78.5,156.90454687155227,4.594980132938981,3.2531189984409137,13012.475993763655,6312.335934489965,99.0,125.17357632496744,19.052194193062675,10.110793010005727,40443.17204002291,12775.437906384468,66.0,91.47448988881854,1.7353358299109871,1.338457389874384,5353.829559497535,2421.7176251113415,30.5,84.98603767720023,1.2912167655651605,0.9699316328391433,3879.726531356573,2364.341076463461,59.5,134.61434466195587
P03,Fatigue,1,LG_0,S_1,Trial_8,5,10000,14000,4000,2000,2.0,1.0,13,90240,15.353376456876985,5.866506379598286,23466.025518393144,8154.489379376173,57.5,91.57586151585676,143.14786455878124,45.97836219366873,183913.4487746749,48708.72227475047,72.5,74.61749371771403,40.263825734593574,12.136058063805104,48544.23225522041,11802.783329039812,55.0,57.90714785004558,20.292735934766128,10.557454410404898,42229.81764161959,13574.436865746975,48.0,72.84042790815234,2.482875669358869,1.7530903157545255,7012.361263018101,2622.840739786625,40.5,73.72988901491031,2.81209525231208,2.0620119101600722,8248.047640640289,2747.6652525365353,30.0,64.08816418691471,2.673866080187546,1.697594680241309,6790.378720965236,2613.9901019632816,28.5,85.16542075016815,3.5678366837639803,2.1800812498899176,8720.32499955967,3475.859109312296,59.5,89.44542163431738,14.091016036299054,4.73945730853593,18957.82923414372,6576.329097151756,62.0,82.06373595800352,37.37490538420348,15.088985286827665,60355.94114731066,21455.777250230312,76.0,100.470372379463,32.67750193656945,19.631471383559983,78525.88553423993,23661.112040281296,48.5,65.33325084214691,11.408663154333754,5.605326766031794,22421.307064127177,5971.7389754951,38.5,56.74404408255001,10.315514454855528,4.495947917085141,17983.791668340564,5757.492501288652,62.0,81.84235664485753
P03,Fatigue,1,LG_0,S_1,Trial_8,6,12000,16000,4000,2000,2.0,1.0,13,90240,26.432587775822235,15.159579996019602,60638.31998407841,20616.49262905121,60.0,88.24847340262565,170.76761470767542,71.90198368654819,287607.93474619277,72064.02951851487,64.0,70.08737118681648,41.556288332757276,15.842742189043202,63370.968756172806,16401.147469878197,55.0,64.23318262900328,26.80424957666258,15.525329590274486,62101.31836109795,19198.559410870075,62.5,89.35715721384543,4.0519837651662645,2.7590430908021517,11036.172363208607,3472.5019708275795,54.5,75.41461940558953,5.185664932974983,3.298160695459228,13192.642781836912,4253.189265727997,43.5,82.71919541105379,4.366762046181329,3.0620263268705457,12248.105307482183,3587.8654569387436,29.0,60.420463906295744,6.586746348125851,3.8792836179723964,15517.134471889585,5142.220575362444,47.5,66.60499969343681,26.832142677530857,13.19635867634788,52785.434705391526,17939.022090286016,84.0,99.39461021955907,45.86281847274776,25.047852406231687,100191.40962492675,34473.234321922064,73.0,90.63403711528731,43.37173895193846,21.71364027801901,86854.56111207604,27029.237523674965,59.0,84.51961624512916,14.952737625657743,9.277368655544706,37109.47462217882,9544.64990645647,52.0,63.95714545808553,21.59147171432174,9.835954535170458,39343.81814068183,11903.497483581305,48.5,75.33427599278619
P03,Fatigue,1,LG_0,S_1,Trial_8,7,14000,18000,4000,2000,2.0,1.0,13,90240,34.38129946550703,20.676020454929677,82704.0818197187,27910.333778709173,82.5,97.95375631502739,115.94847452646533,44.08681772626005,176347.2709050402,47949.70378279686,65.0,73.39714328844947,24.582102412989816,10.75833573481068,43033.34293924272,13411.463052034378,48.0,67.51480720131639,28.967816533212957,14.36547368450556,57461.89473802224,19214.429520070553,59.0,85.92212298130309,4.354085712002851,2.9151300019584596,11660.520007833838,3564.3654875457287,32.0,53.68668095489626,5.28448021027416,3.3795065262005664,13518.026104802266,4630.409553647041,46.0,82.92733410816558,4.559654080630458,3.3301666237413885,13320.666494965553,4070.988204330206,38.0,70.38431757922389,11.763834124159663,5.834518991876394,23338.075967505574,7063.7245662510395,66.0,79.19936344525307,33.769055443072,18.392544642463328,73570.1785698533,26966.367475688457,87.5,105.82275180454583,56.04331061706274,28.971694903669412,115886.77961467765,38847.58576750755,90.0,104.95438455529177,56.010291681785496,21.73665620908141,86946.62483632565,23333.638440817595,37.0,50.605609436956364,12.473766943153343,7.777689038962126,31110.756155848503,8853.38457301259,67.0,77.60709287587329,29.194239055973465,12.326052035507747,49304.208142030984,14953.91558855772,47.5,73.25900653165434
P03,Fatigue,1,LG_0,S_1,Trial_8,8,16000,20000,4000,2000,2.0,1.0,13,90240,48.58234029697715,25.254404395329765,101017.61758131906,31948.360987007618,77.0,83.64127772846952,117.73822015562246,43.69802217744291,174792.08870977163,53928.767424076796,93.5,91.83839433778645,26.28839432216562,11.048457735194825,44193.8309407793,14093.877747654915,46.0,62.841948107170545,32.58731598907824,15.868466491578147,63473.86596631259,22820.606641471386,61.5,91.2955096110078,6.193194692707231,3.538587241899222,14154.348967596889,4003.2350458204746,58.5,68.44018874673239,7.026175148207269,4.083348272647709,16333.393090590835,5138.2530480623245,53.5,76.81902184120078,7.085268114286598,4.325401314534247,17301.605258136988,4551.669396460056,35.0,52.628616842987654,17.150920599311075,7.749911541049369,30999.646164197475,9084.41673964262,68.5,82.26783510768152,39.29071108854571,18.53345385423163,74133.81541692652,26923.94545301795,90.5,98.9265619974019,61.98074675279759,31.00467119012028,124018.68476048112,40712.933987379074,59.0,73.37251000820068,48.16476876931848,19.387298194272443,77549.19277708977,22197.094466537237,72.0,96.57586746682566,11.655489124944523,7.338006213889457,29352.02485555783,8068.119361996651,70.5,75.80026878670549,34.183488553165205,14.171631898009219,56686.52759203687,16624.85497072339,56.0,73.417603041325
P03,Fatigue,1,LG_0,S_1,Trial_8,9,18000,22000,4000,2000,2.0,1.0,13,90240,77.44218158467346,38.71934582414106,154877.38329656422,50190.441124141216,73.5,93.0706173547256,140.60891731515338,49.7813728841953,199125.4915367812,57951.229717582464,85.5,81.18008087272425,25.824556797712003,11.363867991603911,45455.471966415644,14237.319119274616,66.0,77.21206660552025,34.41038320012714,16.84384416602552,67375.37666410208,24272.416438907385,72.0,105.47933467104852,8.24758876988831,4.682843288115691,18731.373152462766,5184.642598032951,42.0,68.91839940195904,9.762654727961326,5.7085286364890635,22834.114545956254,7061.588205397129,71.0,92.40143505060624,9.877778690255983,6.185258324025199,24741.033296100795,5491.05778336525,20.0,47.597760035891845,18.85668104978542,8.999970667809247,35999.88267123699,10186.77894026041,60.0,72.81002414320903,48.682474065236285,19.76194798229262,79047.79192917049,27676.24966800213,88.0,101.40473692529343,58.0697725323836,30.163846557959914,120655.38623183966,42119.880206882954,78.5,98.34248367885581,33.03164012726501,16.68695940038888,66747.83760155551,20477.018784731627,44.0,68.45870239057716,13.803735822805725,8.20210581086576,32808.42324346304,8529.878500849009,56.0,66.89721450898114,40.40205395121369,16.063940343318972,64255.76137327589,18258.86582955718,56.0,78.06128251810246
P03,Fatigue,1,LG_0,S_1,Trial_8,10,20000,24000,4000,2000,2.0,1.0,13,90240,79.28826109288403,39.65391965481685,158615.67861926742,52725.996263325214,71.5,90.75378689997876,144.06635129924675,49.812385862472,199249.543449888,54542.208183556795,95.0,87.82367999421886,24.411989855713657,11.168390439380891,44673.56175752357,14145.150408148766,50.0,60.64799693556298,39.0791587673845,18.44614074798301,73784.56299193203,21925.166249275208,65.0,97.23130616202161,7.947807693597964,4.486167962290347,17944.671849161386,5247.512646019459,57.5,76.93939374706335,10.5645484022658,6.046599043579772,24186.39617431909,7694.256212562323,59.0,84.67703924216424,9.864512839273559,6.353620688349475,25414.482753397897,5649.148486554623,33.5,56.51340777656552,16.656937717597827,8.730494229821488,34921.97691928595,9524.507075548172,53.5,77.6307860475763,51.20731311911201,21.289031538832933,85156.12615533173,29178.111348301172,77.5,95.3272499938715,77.87619239470465,40.603311208076775,162413.2448323071,56825.36754757166,84.0,102.69386599941464,44.24985195254587,19.338232547137885,77352.93018855155,19760.727509856224,36.0,51.328164086523785,13.629499519834514,7.965898996754549,31863.595987018198,8493.865560740232,61.5,71.02781154698003,41.92277112161467,15.814945311285555,63259.78124514222,18331.807292997837,50.0,72.72324144237568
P03,Fatigue,1,LG_0,S_1,Trial_8,11,22000,26000,4000,2000,2.0,1.0,13,90240,60.42797177424445,31.207176301372236,124828.70520548895,41673.99117723107,77.0,93.20160113722547,140.79498702917252,56.2345641254913,224938.25650196522,60031.73999488354,63.0,75.36195181391523,16.386116100138853,9.106584916939028,36426.33966775611,13565.891422331333,62.0,81.93268980016865,36.615113949674495,17.43731758138165,69749.2703255266,20707.13536813855,40.5,72.94315661677307,6.421160548871253,3.8210691580781715,15284.276632312685,4765.000287443399,54.5,72.24378897255149,9.377179590111439,5.476746721647214,21906.986886588857,6988.341547548771,60.0,82.55363916331859,8.308422776300695,5.468107316503302,21872.429266013205,5160.837434232235,18.5,46.06267788538994,16.240341892369845,8.477423097577411,33909.69239030965,9716.779552400112,60.0,73.24262600108625,56.752683713086284,25.615687622025142,102462.75048810057,34948.116820305586,80.0,91.66637621909672,103.94953580815917,51.32947395881638,205317.89583526552,72969.2361317575,83.5,97.41828328615036,50.71127276888315,21.372019315487705,85488.07726195082,21591.893956065178,49.0,58.01496909954127,12.613594446766415,7.8510788711369965,31404.315484547988,8573.21610674262,55.5,75.77851358580519,40.9396468151076,15.536642765474971,62146.571061899886,19315.448869019747,56.0,75.90211985148959
P03,Fatigue,1,LG_0,S_1,Trial_8,12,24000,28000,4000,2000,2.0,1.0,13,90240,64.30983420619575,36.23876069940161,144955.04279760644,50244.46053430438,77.5,98.64833821081365,158.15415612536455,62.457853754691314,249831.41501876526,65293.596778064966,66.0,75.1972872090036,27.429673306876435,12.19583199082408,48783.327963296324,15746.200270950794,61.5,83.42117510980938,40.045194872333816,19.175830286252314,76703.32114500925,25439.785048365593,70.5,104.02682168110341,6.105160162863601,3.9016775246826,15606.7100987304,5074.772611260414,63.5,77.05608521912445,9.534951789948009,5.782043445773889,23128.173783095554,7789.476867765188,64.0,91.44790133056729,8.9590569537425,5.915115494048223,23660.46197619289,5651.284847408533,39.5,60.43854044168253,19.80127020018487,10.419534234516323,41678.13693806529,12578.892707824707,72.0,87.50805791742162,59.87061451977852,27.939613367198035,111758.45346879214,39662.45483607054,98.5,105.87767631625354,88.26116193082677,41.4751826569438,165900.7306277752,60584.75226163864,81.5,108.74285021881448,49.6833166775055,20.585840695758815,82343.36278303526,22584.691364318132,55.5,66.34856524164367,14.611066070456493,9.179527372261509,36718.10948904604,9764.695074409246,67.5,84.88619410069276,39.74347800496483,16.005541889346205,64022.16755738482,20188.610069453716,66.5,83.77973525995591
P03,Fatigue,1,LG_0,S_1,Trial_8,13,26000,30000,4000,2000,2.0,1.0,13,90240,64.8155589617392,36.12748262193054,144509.93048772216,49461.942072957754,84.5,101.54271616352268,163.01256840827244,59.79789908597013,239191.59634388052,62407.678458839655,61.0,70.42287571825804,26.82294421508386,11.580163083272055,46320.65233308822,15214.551612734795,62.5,69.76276046604033,50.801969495147176,23.30785996627528,93231.43986510113,30876.213032752275,68.5,91.23992904456948,7.368523161362231,4.579732975980733,18318.93190392293,5845.083296298981,65.0,77.19368786690197,11.448221882562574,6.694410720956512,26777.642883826047,8998.046722263098,54.0,79.33168564846567,9.707453715138426,6.466590115078725,25866.3604603149,6177.745200693607,26.5,51.34338325497391,19.948461868673192,10.853479786217212,43413.91914486885,12552.035599946976,65.0,75.04068336870989,49.875757534248905,22.30230993339792,89209.23973359168,32654.27565202117,94.0,110.34888142891093,98.8642340372583,45.46807245162781,181872.28980651125,66430.44594675303,73.5,102.20461578562646,39.18388071541196,17.510180953203236,70040.72381281294,23490.813560783863,66.5,92.79738366244688,14.68166981816987,9.123684158467222,36494.73663386889,9467.130526900291,63.0,69.86258667485247,36.7263003662271,16.069939359044657,64279.757436178625,19999.38953667879,57.5,76.65686063997087
P03,Fatigue,1,LG_0,S_1,Trial_8,14,28000,32000,4000,2000,2.0,1.0,13,90240,61.07610404359475,34.50519729409134,138020.78917636536,44000.79334154725,70.5,88.7317863476053,177.1145830362096,69.51188218016178,278047.5287206471,80046.3892519474,79.5,80.6476954929104,19.762671504773742,10.071776651730762,40287.106606923044,15258.194413036108,69.5,93.66500328369652,52.94457021243472,24.319456129265017,97277.82451706007,32722.944393754005,76.0,93.54071007015354,7.136265851735207,4.427008086419664,17708.032345678657,5662.577040493488,66.5,83.59591299729588,10.593620443913485,6.137497344834264,24549.989379337057,8400.170877575874,54.5,83.23446922505285,9.328556199050748,6.020056591136381,24080.226364545524,5838.063824921846,25.5,50.219449243810494,18.07167180233968,9.109291304647922,36437.16521859169,10694.317240267992,70.5,78.91087950084119,45.91853114357862,20.02203854776453,80088.15419105813,28194.469772279263,78.5,92.16770318354476,102.12609574932867,49.87486941989046,199499.47767956182,70883.8427439332,75.0,102.56893586461477,30.1309013259776,16.36946703143185,65477.8681257274,24082.890711724758,68.0,95.06645112138686,12.756175343370517,7.984999054670334,31939.996218681335,8249.099645763636,61.5,75.026639758799,36.54507963758029,15.3255537181627,61302.2148726508,17676.24970525503,70.5,84.87397191807781
P03,Fatigue,1,LG_0,S_1,Trial_8,15,30000,34000,4000,2000,2.0,1.0,13,90240,68.99779119313943,39.81367958066985,159254.7183226794,51986.5102134645,71.0,87.6405220083373,177.31996724918164,77.64187738121254,310567.5095248502,92961.60619705915,70.5,80.95811912268697,46.202041855355354,20.791481565102004,83165.92626040801,23451.44348219037,72.0,77.0050066112036,68.32662336954029,29.587780172692145,118351.12069076858,38387.3526006937,76.0,89.07066487515047,6.900112252411231,4.440682398155332,17762.729592621326,5438.564345240593,60.5,78.43331597030075,10.196674873814345,5.905981254321523,23623.925017286092,8264.054171741009,61.0,89.12207106417408,9.367804500059469,6.072194554074668,24288.77821629867,6044.985633343458,19.0,48.34435387684661,20.92247043171565,10.590460498910398,42361.84199564159,12472.99024835229,58.0,73.3401982321535,50.07871563396283,24.409038088889794,97636.15235555917,33642.4951441586,77.5,92.23621952090681,62.4335851573053,37.83515154067427,151340.60616269708,49934.383016079664,70.0,91.74537367115842,28.489749038958376,15.743746507912874,62974.9860316515,23141.060769557953,72.0,96.05815624570303,13.484755018577154,8.559715069131926,34238.8602765277,8819.202799350023,71.0,76.08413827282577,39.3000923401234,15.777859803580213,63111.43921432085,17340.23066237569,50.5,60.62419510187449
P03,Fatigue,1,LG_0,S_1,Trial_8,16,32000,36000,4000,2000,2.0,1.0,13,90240,86.22890688069502,47.45405524652451,189816.22098609805,65120.85674330592,80.5,97.31031017092997,113.7409387316892,45.222832035645844,180891.32814258337,55260.33062487841,90.0,85.69228573703666,44.38835435803155,18.848798264947256,75395.19305978902,20722.395088523626,46.0,55.91206290312233,60.92939182041123,23.833340912556743,95333.36365022697,31143.868528306484,75.0,93.17836096136861,7.244212828181649,4.592890860629268,18371.563442517072,5603.6745198071,59.0,71.76499886400997,10.386931742778975,5.952704381779768,23810.81752711907,8351.034577935934,74.0,95.96802815504056,8.325522034810334,5.523274219490122,22093.09687796049,5805.102828890085,36.0,56.302169749662674,20.85808407125256,10.813237309409306,43252.94923763722,12308.490462601185,63.0,76.43880271288747,48.71148505492512,23.746009036852048,94984.03614740819,34041.38423502445,97.5,101.01586571054834,62.7934208920052,35.45081305843778,141803.25223375112,45789.5377650857,69.5,86.154648586129,31.66043400425859,16.867323458497413,67469.29383398965,23170.664627104998,62.0,81.33067267703069,13.624519293995197,8.41385579481721,33655.42317926884,8786.852192133665,53.0,67.30633850093035,35.14947387020756,14.302186054270715,57208.74421708286,16556.186228990555,37.5,65.21736088157405
P03,Fatigue,1,LG_0,S_1,Trial_8,17,34000,38000,4000,2000,2.0,1.0,13,90240,103.6714863018575,59.10104171354324,236404.16685417295,80104.98657822609,81.5,97.2324044176253,108.0246429020638,33.33994066808373,133359.7626723349,41821.705270558596,74.0,81.96154967361166,18.65422837962356,9.994079954223707,39976.31981689483,14981.688279658556,57.5,79.03840461074512,44.97060239733482,21.332163176650646,85328.65270660259,27548.678405582905,67.0,85.49433952280424,7.151837130218834,4.393677156616468,17574.708626465872,5784.349609166384,70.0,87.34979475926293,11.321458763082727,6.304180834721774,25216.723338887095,8440.15134498477,71.5,95.93850868387466,9.284300311139729,6.107550486922264,24430.201947689056,5576.5122175216675,17.5,49.43049547580227,19.92656158638157,9.505520740698557,38022.08296279423,11166.4529889822,74.5,85.08385025646533,43.206724594556086,17.818647769792005,71274.59107916802,25716.596376150846,103.0,104.73766869590892,56.89551374100382,33.27653652988374,133106.14611953497,45533.17446261644,72.5,98.78444259790156,34.16514246304681,18.784340595651884,75137.36238260753,24840.07803723216,61.0,78.83246522178095,11.915533822529511,7.495414998324122,29981.65999329649,8215.833455324173,68.0,81.06404881298677,30.379524590216143,13.155136258446145,52620.54503378458,15936.946775764227,70.0,81.70371120356623
P03,Fatigue,1,LG_0,S_1,Trial_8,18,36000,40000,4000,2000,2.0,1.0,13,90240,111.4101754843986,67.20523741978687,268820.94967914745,96542.14698821306,76.0,93.81063293702861,147.18728479731163,56.389092523255385,225556.37009302154,64369.46811154485,57.5,71.7057105033851,25.272590073510084,12.561921991291456,50247.687965165824,16973.081789910793,53.0,67.06440119311614,47.63697513674695,24.087442533718423,96349.77013487369,33159.67759117484,91.0,122.29754367920926,6.807062416755265,4.368770202854648,17475.080811418593,5307.941138744354,68.0,86.55534279417118,11.098845687700432,5.9967911636456845,23987.16465458274,7933.528628200293,72.0,83.44436859724192,10.042590673357774,6.873277151957154,27493.108607828617,5542.3304438591,15.0,40.219269582042415,19.709867338202393,9.147153226926457,36588.61290770583,10831.959918141365,71.0,81.51152702807174,47.65167079997243,17.235898809623905,68943.59523849562,25003.66223976016,82.5,99.13923411948457,78.6638315651003,43.91484907036647,175659.3962814659,68799.36493933201,107.5,121.3639820827732,36.463476397017004,18.969016440352426,75876.0657614097,23765.793722122908,60.5,78.06627537846809,13.232325358953576,8.569631255080457,34278.52502032183,9750.350937247276,56.5,76.72111608738828,31.415496681818134,13.783188200194854,55132.75280077942,17138.1919644773,72.0,92.69234050352499
P03,Fatigue,1,LG_0,S_1,Trial_8,19,38000,42000,4000,2000,2.0,1.0,13,90240,94.72102504052246,57.172378357790876,228689.5134311635,84781.48048743606,100.5,112.36681436313347,151.09444052227587,67.11798638245091,268471.94552980363,74354.51354831457,83.0,84.46510913657907,30.64197998573246,13.626633502310142,54506.53400924057,16828.419640660286,56.5,67.13132226031772,47.368235395250984,23.432943207584323,93731.77283033729,33180.43081089854,62.5,89.17254291511905,7.853234899170198,4.698081644892227,18792.326579568908,5185.863375663757,47.0,67.90990150922266,10.54940379066481,5.836213126033544,23344.852504134178,7890.801411122084,57.0,90.20985297490171,9.10758577832299,6.344315120112151,25377.260480448604,5522.187612950802,11.5,37.32756306736884,22.985945687277212,9.982447087881155,39929.78835152462,11210.095789283514,70.0,79.3755725582731,59.509244238411675,23.309083414357154,93236.33365742862,31681.621074676514,84.5,97.34650981598838,77.59990117020571,44.10488142026588,176419.52568106353,65333.27205106616,61.0,90.09133472063455,37.64658934016477,18.38280817787163,73531.23271148652,22006.042767316103,56.5,71.45857180278858,13.97971659476741,9.085503155435436,36342.01262174174,10130.623169243336,57.0,71.92964678245333,32.87668114974748,14.389127090387046,57556.508361548185,18124.885484576225,70.5,85.10340577894104
P03,Fatigue,1,LG_0,S_1,Trial_8,20,40000,44000,4000,2000,2.0,1.0,13,90240,66.2758198798291,40.21166399901267,160846.6559960507,55495.025124400854,83.0,97.17750162098947,166.16185830977923,66.15107708983123,264604.30835932493,74130.80604746938,75.0,79.48925486263835,26.430537778571065,11.73696796427248,46947.87185708992,15968.07660534978,78.5,95.29748318273134,47.79952857720646,23.083067766355818,92332.27106542327,30758.7131857872,60.0,96.2434676236451,8.394831540926328,4.807312020484824,19229.248081939295,5571.629106998444,76.0,81.05512787117014,11.052292491824762,6.193735136848408,24774.940547393635,8237.502258270979,82.5,94.52941241950857,9.534077731795929,6.265209645219147,25060.83858087659,5844.778101891279,34.5,53.28369063282254,23.821571344937272,10.424004378856626,41696.0175154265,11043.154448270798,69.5,75.12070770318671,57.9382233727852,23.78501849010354,95140.07396041416,31634.621135890484,84.0,93.73813731665228,66.80992131712418,39.954392361687496,159817.56944674999,56751.8156953156,88.5,106.77785072647849,30.903801189244863,16.41217448717216,65648.69794868864,21949.581801891327,61.5,75.05551314378911,14.836596253007732,8.927842089673504,35711.36835869402,9849.23392534256,73.5,76.86081790312875,50.655242985094475,18.979340366029646,75917.36146411858,23387.352656573057,57.5,75.27481833079814
P03,Fatigue,1,LG_0,S_1,Trial_8,21,42000,46000,4000,2000,2.0,1.0,13,90240,63.089866860654254,37.00260069075739,148010.40276302956,49357.870779931545,72.0,91.36602970401897,160.19482496711885,64.84523758117575,259380.950324703,74802.84413322806,86.0,88.57453836178928,15.629630271101691,8.62953927689232,34518.15710756928,13373.00855666399,90.5,110.22921952152774,37.88718496772512,19.07620666762814,76304.82667051256,24930.720776319504,56.5,88.61398987868917,6.433956258833022,4.060513932257891,16242.055729031563,5070.499889552593,59.0,77.76584187768849,9.204423758774608,5.287082169158384,21148.328676633537,7555.087562650442,68.5,94.64448688862824,8.968682759672518,5.740770136704668,22963.080546818674,5688.823759555817,22.5,46.80782229900996,18.790762678104024,8.673329028300941,34693.316113203764,9608.13034325838,61.5,69.76971034820194,54.1237979682852,23.046205813554117,92184.82325421646,32219.06842663884,87.5,100.74474848474168,97.53462136347855,58.30180889896583,233207.2355958633,94149.11763742566,104.0,116.13283906485039,29.950042834234686,16.36992150405422,65479.686016216874,22166.88022017479,79.0,98.46431285902963,15.403249068987046,9.502380938781425,38009.5237551257,10416.285134851933,64.0,77.78887452353906,55.38791447599375,19.930380808375777,79721.5232335031,24087.16343343258,60.5,77.63532114780281
P03,Fatigue,1,LG_0,S_1,Trial_8,22,44000,48000,4000,2000,2.0,1.0,13,90240,107.74815109513928,52.68415189736989,210736.60758947954,73656.53393790126,70.0,86.24169907074804,142.1824437441802,62.6683053271845,250673.221308738,75980.28415814042,82.0,82.10121545683391,16.860902081383713,9.162980189267547,36651.920757070184,14344.747550785542,65.5,92.88570970136277,36.099820725069804,19.58043677470414,78321.74709881656,25291.155371814966,65.5,99.14414581147271,5.555359584632099,3.7057793001178654,14823.11720047146,4959.40912514925,60.5,82.68272466571817,9.617502299165515,5.431101578986272,21724.40631594509,8190.807513892651,52.0,92.5145053544824,8.35974211983806,5.524566984851845,22098.26793940738,5936.641618609428,43.0,63.39270719008901,18.633639525418992,8.747839877684601,34991.3595107384,10731.245763599873,43.0,67.86322524859642,58.22949496747954,24.611716169072317,98446.86467628926,35172.43470996618,96.5,103.49607699992534,98.60599835792914,59.876659729331735,239506.63891732693,98858.26734825969,84.0,117.62103445673925,45.81684856835988,22.544913355249445,90179.65342099778,25167.856831103563,62.5,82.38432119154746,14.322985794433569,9.579622515127994,38318.49006051198,10422.999411821365,50.0,67.75285905755175,45.20720754130038,16.95122914548265,67804.91658193059,20206.0061506927,32.0,68.18258291423338
P03,Fatigue,1,LG_0,S_1,Trial_8,23,46000,50000,4000,2000,2.0,1.0,13,90240,112.12374883250216,57.54462115381612,230178.48461526446,84835.49989759922,83.5,102.54333821583883,141.31406271533137,53.96982541849138,215879.30167396553,65133.36971402168,87.5,96.05924392824524,28.041543230764784,11.771585135906935,47086.34054362774,16434.71885472536,52.0,64.68361860174801,37.76580656180704,18.469649033923634,73878.59613569453,24472.01358154416,67.0,88.58986625208644,6.08161627547294,3.9714826196432114,15885.930478572845,5236.220452934504,73.0,89.43494673958708,10.477928474796448,5.926150789740495,23704.60315896198,8420.313708484173,81.5,104.60254733755231,8.399283731967113,5.483268001303077,21933.072005212307,5978.453252464533,56.5,68.05775863073269,19.34841194952193,8.98611362092197,35944.45448368788,11241.225618869066,79.0,83.9249561664001,60.46149276830553,23.771695380832533,95086.78152333014,33346.15137428045,97.0,99.5494294862594,66.93866870564038,38.71601645834744,154864.06583338976,60760.239046067,91.5,113.49322651567243,55.2205197770111,27.680177138536237,110720.70855414495,29249.52683970332,52.0,61.930167875071795,13.501475361167286,8.591612271906342,34366.44908762537,9406.702034175396,63.0,79.16773174654399,40.49899781501068,16.076663669280244,64306.65467712097,19465.29932320118,67.5,80.4715808235231
P03,Fatigue,1,LG_0,S_1,Trial_8,24,48000,52000,4000,2000,2.0,1.0,13,90240,74.24358769952289,41.326249235658906,165304.99694263563,60779.46629375219,99.5,111.3005762254783,129.58155402125126,52.36112204293022,209444.48817172088,60862.1739782393,76.0,82.90981119209714,27.299631665529418,11.859481659415177,47437.92663766071,17277.665808796883,78.0,104.29756751296965,40.47151822221336,18.195253625069746,72781.01450027898,26025.75831115246,84.5,106.36034222897403,7.380688038401711,4.3592479847371575,17436.99193894863,5269.486643373966,64.5,76.95834882790744,10.572742234882698,6.103836347279139,24415.345389116555,7751.937955617905,63.5,79.96699656824677,8.605490248603743,5.549571486376226,22198.285945504904,5669.596511870623,35.5,54.54491525957952,19.080255194741582,8.931078828964383,35724.31531585753,10627.479664981365,56.5,80.80339430678268,63.71113082266459,25.064255308569408,100257.02123427764,34588.59780803323,89.5,95.0829497528123,49.168219101701375,28.725214177614543,114900.85671045817,41104.19321805239,71.0,95.60796410877298,50.28372909226335,24.955128851672633,99820.51540669054,29038.63750398159,55.0,70.34808831417665,12.237005168892118,7.526914303889498,30107.657215557992,8554.59924787283,59.0,73.04879373343138,35.82316530304486,15.458547674817964,61834.19069927186,19542.513508349657,54.0,87.51675171846432
P03,Fatigue,1,LG_0,S_1,Trial_8,25,50000,54000,4000,2000,2.0,1.0,13,90240,62.786219276735245,33.346225078729915,133384.90031491965,47544.71080377698,69.5,86.2468399423644,130.48048475514946,56.087707933643834,224350.83173457533,64670.38979753852,77.5,83.56972355723866,17.700788538527988,10.434444049512967,41737.77619805187,17594.15240958333,87.0,110.33276139690554,43.009973603678176,21.064041916280985,84256.16766512394,32202.28273421526,83.0,104.67420326760086,7.448561482611434,4.1662060364848,16664.8241459392,5154.123157262802,74.5,83.02473054868625,10.177983882964964,5.846736000315286,23386.944001261145,7567.600533366203,64.0,85.98758270018362,9.184806849793864,5.908457639894914,23633.830559579656,5816.39502197504,57.0,65.95989323822079,17.571037375852104,9.160650754801463,36642.60301920585,10544.161591678858,65.5,79.76525950275114,60.58626345256758,25.656919310207012,102627.67724082805,37866.385746747255,93.5,107.23534084838211,56.519220560263136,31.783214494306595,127132.85797722638,46348.95911440253,74.0,103.89715592142379,48.32801362869807,22.746050127374474,90984.2005094979,26775.01058205962,49.0,69.8977985590178,12.46348425271653,7.661002382496372,30644.009529985487,8824.69629868865,63.5,74.68247488330353,42.39026313787862,16.0296354618622,64118.541847448796,20469.083730131388,56.0,77.16332722901534
P03,Fatigue,1,LG_0,S_1,Trial_8,26,52000,56000,4000,2000,2.0,1.0,13,90240,65.24691996789561,37.10768541996367,148430.7416798547,52659.46388244629,74.0,96.49074350675014,128.67839942100574,51.85736750504002,207429.47002016008,62542.879581451416,77.0,84.50333252168467,32.518225740065965,14.306237357435748,57224.94942974299,18990.416824817657,57.0,67.78609584581896,41.614833187205164,19.936831359227654,79747.32543691061,30398.58378469944,102.5,118.40179567873464,7.268754961890147,4.178168665384874,16712.674661539495,5180.3698763251305,81.5,88.07802473844707,9.337435486217013,5.462113832426257,21848.45532970503,7598.1199741363525,66.0,98.60028861332555,9.080120203761503,5.860733856272418,23442.935425089672,5759.628862142563,42.0,54.92159219454272,20.51145821654265,10.123149339691736,40492.59735876694,11305.31644448638,69.5,81.09585241161275,54.28919555907469,22.961827265983448,91847.30906393379,35803.27155068517,94.0,105.93764820830584,53.57973091428947,32.19155385370832,128766.21541483328,45182.81128257513,64.0,90.37152437360479,54.09191874430976,25.428516278951427,101714.06511580572,29249.52683970332,54.0,68.26986128764533,12.836036564789678,7.849270632420667,31397.082529682666,8645.547181367874,64.0,72.96702821193091,46.74034321014256,18.061529795988463,72246.11918395385,21738.082077354193,62.0,77.4505123278676
P03,Fatigue,1,LG_0,S_1,Trial_8,27,54000,58000,4000,2000,2.0,1.0,13,90240,59.69780612100913,33.19516803845763,132780.67215383053,46367.57597327232,77.5,96.08268438582486,166.6262277592339,63.171376038854945,252685.50415541977,72140.02292603254,67.0,78.47643197797477,34.279851678530314,14.526829738961533,58107.31895584613,17803.820967674255,57.5,69.49562818195139,38.2962897082901,17.1101274312241,68440.5097248964,24503.753799945116,55.0,88.24095183187885,7.503770873696837,4.511714107589796,18046.856430359185,5388.512462377548,50.5,75.57213732322249,10.214553537173348,5.873033915739507,23492.135662958026,7940.242905169725,65.5,93.17858547326966,8.824227831243382,5.660604988678824,22642.419954715297,5918.024759739637,31.5,66.26465164671886,25.1955129103541,11.26250358222751,45050.01432891004,12192.82178208232,67.5,74.6398252526552,54.6977140819735,21.932001726573798,87728.0069062952,33542.39137843251,103.5,118.77607608605447,65.94151909566897,38.79905619435012,155196.2247774005,53457.24206417799,68.5,94.6454317699246,50.96643971250419,23.099225635733454,92396.90254293382,26264.725532382727,46.0,66.66346538284323,12.933735921744477,8.200464322743937,32801.85729097575,8673.625066876411,50.5,67.75261704223713,45.477115839211514,18.717500998452305,74870.00399380922,21851.91959142685,63.5,77.56061616232759
P03,Fatigue,1,LG_0,S_1,Trial_8,28,56000,60000,4000,2000,2.0,1.0,13,90240,52.70480979379732,29.321515104710123,117286.0604188405,40242.01901629567,91.5,97.90732301099825,191.48799121464813,70.40286589472089,281611.46357888356,76213.45268562436,75.5,78.29387327058708,38.52084156011573,14.963152907695621,59852.611630782485,17625.587433576584,46.0,65.03412997224977,38.30782650238762,17.728191695234273,70912.76678093709,24732.649605721235,61.0,94.04905045867189,6.759695715577983,4.262952816323377,17051.81126529351,5160.5322398245335,68.0,81.51529589336059,9.783569149381652,5.348012287041638,21392.049148166552,7185.191940516233,68.5,89.19629443116662,9.016254671630975,5.750868332968094,23003.473331872374,5701.947119086981,52.5,65.2208535199393,20.56297599632192,9.370712670334616,37482.85068133846,10471.220128238201,63.5,76.31874657822766,49.21184010419472,21.614031919115224,86456.12767646089,32078.068610280752,109.0,113.98859110521035,87.00534015241568,51.550659867166544,206202.63946866617,74286.15000098944,75.0,101.59784184105493,43.22981181433931,18.338529199827462,73354.11679930985,21016.297303140163,61.5,69.6755627045231,12.660106655894962,8.291998763591982,33167.99505436793,8821.644354611635,51.5,66.86186138389435,46.639221775161616,18.057928273081778,72231.71309232712,22081.730980426073,63.5,77.1719998380451
P03,Fatigue,1,LG_0,S_1,Trial_8,29,58000,62000,4000,2000,2.0,1.0,13,90240,68.17717595105698,40.13389657270163,160535.58629080653,54703.656025230885,77.0,102.42463814086004,160.359343261163,64.91278015554417,259651.12062217668,69888.90897482634,74.5,78.92205280659162,42.61497329237165,17.00273123587249,68010.92494348995,19873.649440705776,52.5,66.89702590497349,37.715866482301564,18.80202771790791,75208.11087163165,26625.16012787819,69.0,96.50198800197646,6.809404145212142,4.30116735259071,17204.66941036284,5322.285275906324,83.0,88.31859519063,9.601214852386342,5.400379450980108,21601.517803920433,7581.029087305069,77.0,99.71494244345378,9.174967022710563,5.9535919252666645,23814.367701066658,5585.362855345011,42.5,61.44445419752602,15.278758171951509,7.951666446297895,31806.66578519158,9135.079011321068,63.0,70.87807417266876,40.528861918737434,18.07373085801955,72294.92343207821,25892.99874380231,94.0,104.51377145893262,79.68151048045814,48.134156377788166,192536.62551115267,69437.22125142813,85.0,108.1576425667508,44.5812813209034,20.837325961561874,83349.3038462475,24986.266158521175,55.0,69.51138566353734,12.747639784217636,8.330824604257941,33323.298417031765,8818.897604942322,58.5,72.02688581667738,41.20374991723541,16.876054002321325,67504.2160092853,21569.61476430297,65.0,81.29448843075299
P03,Fatigue,1,LG_0,S_1,Trial_8,30,60000,64000,4000,2000,2.0,1.0,13,90240,79.07327435906927,45.25914101433009,181036.56405732036,61643.47166195512,73.0,84.50222804715817,165.9388944319829,72.30438484020996,289217.5393608399,72377.769369632,59.0,72.06821998128203,33.64502764418759,14.826123212790117,59304.49285116047,19566.929060965776,63.0,73.06605253622547,46.53628846173768,22.741004844172856,90964.01937669143,30668.986029922962,63.5,88.01846681932143,7.008232897803435,4.546538468077779,18186.153872311115,5618.323851376772,71.0,81.74730466444556,11.005324792896392,6.490530098509043,25962.120394036174,8529.573306441307,53.5,84.05462045946588,8.959454411694223,5.708109604567289,22832.438418269157,5766.953527927399,31.5,56.17025608349509,15.9564606023402,7.826491227024235,31305.96490809694,9042.605105787516,62.5,86.61533794915044,47.20316026264126,18.0165654276032,72066.2617104128,24134.46856662631,93.5,101.16011293624071,56.1468743755355,34.64037541267462,138561.50165069848,50475.79789534211,80.0,102.51431224664533,50.97832867526978,23.04878310402855,92195.13241611421,25195.019133388996,46.0,57.361299001109174,13.040494757419818,8.383584896742832,33534.33958697133,8621.131628751755,62.0,70.1795424834449,36.52680682633425,16.152825620409565,64611.30248163827,20810.596272349358,69.5,83.93178796406787
P03,Fatigue,1,LG_0,S_1,Trial_8,31,62000,66000,4000,2000,2.0,1.0,13,90240,85.09278487699962,44.20134971020743,176805.39884082973,63078.80096137524,92.0,112.6871870206132,157.64865960996053,64.19577049118234,256783.08196472935,66317.82921031117,58.0,70.27357641700608,33.09026782441672,14.991359280049801,59965.4371201992,19331.624172627926,67.5,76.68076935843729,43.63992160818497,21.588941200170666,86355.76480068266,30747.420992702246,66.0,91.01617752157578,7.09583037735022,4.512558618665207,18050.23447466083,5549.044720828533,61.0,75.47929792277549,10.955508342638952,6.245738013111986,24982.952052447945,8309.833332896233,60.0,84.6692713897114,9.390677709777858,6.006783228553831,24027.132914215326,5750.167835503817,39.5,56.615750086250664,16.719628188385602,8.722755834867712,34891.02333947085,9914.240334182978,70.0,81.91997499492072,56.25730832368614,24.52621614650125,98104.86458600499,35215.46712145209,89.0,110.07485946624112,47.52881247147604,30.63825524202548,122553.02096810192,47411.34084761143,90.0,113.38212109707551,52.038818267908965,22.432106368243694,89728.42547297478,25177.62305215001,54.5,75.58843049103909,12.343884945389282,8.070916201698129,32283.664806792513,8139.229658991098,50.0,67.24367021973623,39.52418263919873,17.023717967467384,68094.87186986953,20887.810457497835,74.0,85.76266051759829
P03,Fatigue,1,LG_0,S_1,Trial_8,32,64000,68000,4000,2000,2.0,1.0,13,90240,77.20317373257889,40.83293032459915,163331.7212983966,59146.37101814151,63.0,87.34367402464284,143.6475998954832,58.809215087944175,235236.8603517767,67690.59365615249,79.5,87.26273221298004,39.717376454714994,19.224796134815552,76899.1845392622,24994.201213121414,55.0,74.27176401539688,40.351557882313266,21.70370829825988,86814.83319303952,32604.223769158125,86.0,108.87062771584189,7.101974717051946,4.4554200835060325,17821.68033402413,5549.655109643936,70.5,81.86942370497941,10.361167399645948,5.9408037073444575,23763.21482937783,8304.034639149904,67.5,95.58459019569533,9.98816726765735,6.620878668187652,26483.514672750607,6167.97897964716,33.0,52.6709464291908,19.811237223706346,11.16127948598005,44645.117943920195,12619.178369641304,66.5,76.56653312751287,66.81018357923405,33.98272205493413,135930.88821973652,50761.15466654301,88.5,103.45079660571525,52.794459049936556,33.32219769525109,133288.79078100435,48606.78734257817,87.5,114.06700232965487,52.02290500948169,24.164367127523292,96657.46851009317,28328.75531166792,49.5,63.492429228333265,12.001196742166641,7.964502198249102,31858.008792996407,7869.132608175278,57.0,69.06064789258375,43.82658979667398,18.58960989229381,74358.43956917524,21157.297119498253,70.5,77.48635353519684
P03,Fatigue,1,LG_0,S_1,Trial_8,33,66000,70000,4000,2000,2.0,1.0,13,90240,75.89982362237835,45.81521590696648,183260.8636278659,67404.62649613619,83.0,103.4261706157089,151.03822852853204,61.7604050680995,247041.620272398,68724.28711503744,77.0,83.50891188989915,36.5733267640489,17.682802229188383,70731.20891675353,23824.085853993893,41.5,65.81297377376826,46.203817034106706,23.589450791082346,94357.80316432938,34366.41627922654,78.0,106.38448134295686,7.693630493414851,4.665560319554061,18662.241278216243,5719.038005918264,54.5,68.49611376339918,11.250318317208801,6.762838282808661,27051.353131234646,8767.624944448471,65.0,87.32425679486822,9.168195030120675,6.160363158397376,24641.452633589506,6279.069744050503,46.5,68.87842133426123,21.135248627944307,11.448772618034855,45795.09047213942,13476.469460874796,62.0,75.27617278835234,63.361262376633555,31.797329163423274,127189.3166536931,46722.21187502146,93.5,109.84956942972863,51.89851274919817,31.963697692682036,127854.79077072814,46455.47196269035,80.0,93.30421523311207,49.04861311937847,23.847339798545,95389.35919418,28710.248321294785,59.5,84.17509682380361,12.454332001797276,8.147872764617205,32591.49105846882,8537.813555449247,58.5,75.0449396665421,42.15902783065672,17.361733897356316,69446.93558942527,20222.18145430088,39.0,65.77873788557883
P03,Fatigue,1,LG_0,S_1,Trial_8,34,68000,72000,4000,2000,2.0,1.0,13,90240,78.21221305498236,47.31578997205943,189263.15988823771,69330.4032087326,78.0,100.00291063263968,140.8741628609195,63.537064250884576,254148.2570035383,71168.5891263187,74.5,78.75055526428652,32.7336164264764,15.393906698131469,61575.62679252587,19387.779943645,49.5,68.77314804218494,37.54917521626169,18.349103957158512,73396.41582863405,27336.568292230368,72.0,92.5916519325624,7.289917249321321,4.46044953474775,17841.798138991,5529.817473143339,59.0,77.29093128312294,11.015165633811131,6.564320765389129,26257.283061556518,8627.235516905785,70.5,92.9809746227524,9.048953292081434,6.193512764573097,24774.05105829239,6224.745139479637,25.5,58.610284124962284,22.7901257576502,10.985056114848703,43940.22445939481,12996.398657560349,60.5,76.71627705114497,51.49790948527572,25.872986536100505,103491.94614440203,38991.332333534956,94.5,110.25303511434957,51.25101800590461,29.658642575528937,118634.57030211575,46796.67931050062,78.0,110.50526652345495,39.51386607973701,20.952670754515566,83810.68301806226,29358.786437660456,71.5,90.92212593909022,11.809344801764258,7.7789450665470214,31115.780266188085,8531.709667295218,69.5,80.10960355235102,40.94336737299592,17.045564813201782,68182.25925280713,21061.466075479984,55.0,73.12780684653664
P03,Fatigue,1,LG_0,S_1,Trial_8,35,70000,74000,4000,2000,2.0,1.0,13,90240,72.5655907868155,39.477872113813646,157911.48845525458,58874.74799528718,86.0,105.41644458545548,180.97512244729617,77.99969157752348,311998.7663100939,87209.60719510913,76.5,83.26502198005764,30.087685207830113,14.741774612420704,58967.09844968282,20463.28503638506,53.0,68.18884335012505,37.14346561602416,19.286810188787058,77147.24075514823,30089.72704410553,71.5,110.50268387616852,6.187722776152604,4.177546412136872,16710.185648547485,5304.889194667339,43.5,70.66823433728543,9.808608278992718,5.9484205967746675,23793.68238709867,8164.255600422621,62.5,86.22767447598382,9.707554329643257,6.631264090538025,26525.0563621521,6054.446659982204,31.0,50.20580082127809,22.810917585450298,10.969488758500665,43877.95503400266,12019.471358507872,71.0,74.41208064183114,54.95116391451332,24.84487763893558,99379.51055574231,34922.48049005866,78.5,90.4007831466406,60.74159788140336,33.59132930170745,134365.3172068298,53026.30756050348,81.5,105.69691714272474,34.743748482355294,18.77471205543261,75098.84822173044,25200.512632727623,59.5,74.92073573618823,11.29434177497362,7.370804922794923,29483.219691179693,7719.282153993845,63.5,74.21315898188054,40.15241272482233,16.42267073324183,65690.68293296732,21137.459482997656,74.0,85.4471277874535
P03,Fatigue,1,LG_0,S_1,Trial_8,36,72000,76000,4000,2000,2.0,1.0,13,90240,66.86661421586055,36.587796360068026,146351.1854402721,57490.69135636091,91.0,108.99675274951629,172.91422120349196,68.3814049366163,273525.61974646524,79185.4358278215,70.5,77.40746823544833,16.569151284082242,9.523897678614594,38095.590714458376,15584.142040461302,87.5,112.48328890374486,42.28050640983835,20.559667261503638,82238.66904601455,30609.778314828873,79.0,115.32488122439237,6.925704822603698,4.4732367226388305,17892.946890555322,5418.726708739996,53.0,73.43478556604731,10.536450298425649,6.366793069732376,25467.1722789295,8629.982266575098,64.5,91.08405680578196,9.515753501744616,6.427923166251276,25711.692665005103,5708.051007241011,32.0,49.98298508771824,19.55823932280086,10.067390054359567,40269.560217438266,11341.634579002857,73.5,82.87190359499793,58.901062198812255,24.18852231116034,96754.08924464136,31770.432647317648,90.0,94.55129391462233,66.35398683720855,37.560634969640525,150242.5398785621,57355.79542815685,81.5,111.18625166514381,38.834821807536315,18.852379835769533,75409.51934307814,22400.35394206643,44.0,68.93132072265333,11.287540930633517,7.343386829446535,29373.547317786142,8006.775286048651,50.0,69.91434339827532,40.33973860602203,15.259912199759857,61039.64879903942,18653.17700430751,76.5,90.26081814330429
P03,Fatigue,1,LG_0,S_1,Trial_8,37,74000,78000,4000,2000,2.0,1.0,13,90240,68.8037917483919,41.322223339928314,165288.89335971326,60352.80451178551,90.5,100.30292576963298,157.01615771884252,64.17209766730666,256688.39066922665,78283.89154747128,108.5,98.00767221966304,27.860730968010117,12.121470076311379,48485.88030524552,15350.363124161959,80.0,91.7312497102808,38.06779082722569,18.006386888911948,72025.54755564779,25532.564148306847,79.5,100.71511852149112,7.889149313313449,4.673296692594886,18693.186770379543,5764.511972665787,56.5,71.94695854223761,11.464140984813346,6.5563677424681375,26225.47096987255,9233.65680500865,75.5,100.33079208873995,9.364304772523178,6.297429934423417,25189.719737693667,6091.0699889063835,38.5,53.80128634767564,19.94182072480358,10.348842816846446,41395.37126738578,11633.095238357782,75.5,82.38673862968842,54.30570605575619,22.169747674232347,88678.9906969294,31691.692490130663,81.5,100.29794356600046,67.0542439993947,39.89798480528407,159591.93922113627,59467.74072945118,70.5,104.76142530751834,39.724184724000594,18.81140199303627,75245.60797214508,23997.13108316064,65.0,85.3353675005844,11.217319343136587,7.624140696739778,30496.56278695911,8308.002166450024,53.0,72.74372886765445,41.577999246867016,16.110953443613834,64443.81377445534,18843.313120305538,52.5,67.80257052139034
P03,Fatigue,1,LG_0,S_1,Trial_8,38,76000,80000,4000,2000,2.0,1.0,13,90240,76.76821023033695,47.534450930776075,190137.8037231043,66243.36177483201,84.5,97.80700426583753,156.3895516111355,62.292126896674745,249168.50758669898,74923.09072986245,83.0,86.03690079952881,28.71472212713982,13.080586306029,52322.345224116,17474.516201764345,37.5,60.072649211473085,38.71521957077842,19.749849541881122,78999.39816752449,26804.309245198965,86.0,106.64206910621512,8.919945358935768,5.338235002697911,21352.940010791644,6418.238393962383,62.0,76.63457948183473,13.384766723322468,7.338190475013107,29352.76190005243,9604.468010365963,68.0,90.31800784538014,11.230477673347078,6.955979075899814,27823.916303599253,7189.464662224054,47.0,69.61738676063301,23.70264319541713,11.584274051943794,46337.096207775176,12514.19149339199,63.5,74.7443061239977,56.05877710073292,23.608747089002282,94434.98835600913,31637.062691152096,83.5,94.46191587361447,74.26334206028804,46.25724361697212,185028.97446788847,69461.02641522884,83.5,105.05767289339143,42.974024960431876,20.695444362261334,82781.77744904533,27705.548331141472,60.5,79.17609203287125,14.605178426963286,9.677533077541739,38710.132310166955,9934.99355390668,60.5,74.0493635590657,45.00432767611647,17.619279751856812,70477.11900742725,21009.58302617073,49.5,80.94413370701136
P03,Fatigue,1,LG_0,S_1,Trial_8,39,78000,82000,4000,2000,2.0,1.0,13,90240,61.144697524888834,37.07476486219093,148299.05944876373,50700.11578500271,72.0,94.93764452836827,146.31256644614373,58.96843047067523,235873.72188270092,65830.12854680419,88.5,86.7411143416205,17.131460656136706,9.916977317631245,39667.90927052498,16035.219375044107,71.5,95.69024865599759,39.86079472485083,20.684791169967504,82739.16467987001,27625.58739632368,58.0,81.22870981231192,8.233449618971022,5.217536985385232,20870.147941540927,6041.933689266443,57.0,75.0137068603023,12.232407483945124,6.954614132060669,27818.456528242677,9015.137609094381,63.5,80.50783984315451,11.301379987755695,7.209798163338564,28839.192653354257,7147.042639553547,43.5,62.324092719148325,21.9334646816362,11.004609920550138,44018.43968220055,12826.405372470617,62.0,76.74365734647711,66.95736099213028,33.5051881801337,134020.7527205348,46275.10206773877,87.0,97.77097634031175,72.29469823947494,43.31217671406921,173248.70685627684,64199.169632047415,78.0,101.22329203711406,45.60543282850581,22.721489607414696,90885.95842965879,28149.606194347143,60.0,70.865884139233,18.466784134135942,12.043366402061656,48173.465608246624,12252.639885991812,58.0,75.95129546195504,49.42540122613051,19.228887609194498,76915.550436778,22056.39984458685,66.0,77.37857508602507
P03,Fatigue,1,LG_0,S_1,Trial_8,40,80000,84000,4000,2000,2.0,1.0,13,90240,62.90016394293748,36.01047635062132,144041.90540248528,50420.55770754814,82.5,98.33561876457709,187.78997049627208,69.23158125951886,276926.32503807545,72361.28887161613,78.0,72.33952133713511,31.13155369135083,12.655590961826965,50622.36384730786,17307.269666343927,71.5,99.86227439290523,45.299198184078996,22.56417184721213,90256.68738884851,29600.195214152336,59.0,87.72737585073381,8.431836398450283,5.167086137132719,20668.344548530877,6423.73189330101,60.0,75.6135099006276,13.16392990687702,7.287676222622395,29150.70489048958,10263.077542185783,72.0,95.25271593817699,11.439350459887322,7.507769840187393,30031.079360749573,7076.237536966801,39.5,57.55716916962202,25.845897402644702,11.95670698408503,47826.82793634012,14231.215231120586,65.0,78.27318784478422,59.72300469057424,28.77760255256435,115110.4102102574,42091.19193255901,105.0,107.50144724981104,75.33760072113058,43.42805468165316,173712.21872661263,65153.20735052228,123.0,123.81229192392294,39.01151091799949,20.123314221866895,80493.25688746758,26827.50402018428,72.5,90.30442327194837,16.79479639386239,10.585539811325726,42342.1592453029,11116.706300526857,53.5,70.5172357476154,43.78521644739365,17.38446935475804,69537.87741903216,21227.491833269596,58.5,74.47549546583204
P03,Fatigue,1,LG_0,S_1,Trial_8,41,82000,86000,4000,2000,2.0,1.0,13,90240,75.92055065631361,44.02090328775812,176083.61315103248,59610.87690666318,84.0,101.9903136443627,175.88782509241162,61.49509472452337,245980.37889809348,70517.60945469141,69.0,73.85611133755502,32.93456565614779,13.359137394535356,53436.54957814142,17466.275952756405,54.5,69.33519217294261,45.20335119807483,22.040730248112233,88162.92099244893,30337.23970875144,72.0,95.35113094262648,8.480398667950917,5.056647649477236,20226.590597908944,6431.056559085846,66.0,89.15922522123246,14.456328977942027,7.870937680499628,31483.750721998513,10428.18771675229,64.5,90.96557806359439,12.679404706923872,8.295111746550537,33180.44698620215,7219.678908586502,36.5,52.989360626019625,27.161740696091336,12.595657952222973,50382.63180889189,14734.480809420347,62.0,79.83528947951257,50.025147259444466,21.766188651137053,87064.75460454822,31247.63462692499,79.5,98.37081256087507,87.55337204826458,52.37617365887854,209504.69463551417,79953.91534641385,88.5,109.90519174028044,37.59014760872154,18.113433064427227,72453.7322577089,24447.59802892804,65.0,85.13677063803502,14.66765260396736,9.451981439488009,37807.925757952034,9941.097442060709,60.0,75.6596612230206,43.08797851438026,17.45900240703486,69836.00962813944,22497.405763715506,65.0,88.22495527270291
P03,Fatigue,1,LG_0,S_1,Trial_8,42,84000,88000,4000,2000,2.0,1.0,13,90240,90.09938961871303,52.42857092261547,209714.2836904619,75792.8947918117,75.5,94.0057926410433,127.49241555322612,50.09298110497184,200371.92441988736,64053.5918995738,82.5,84.28364980319611,19.719705850240388,10.238820461765863,40955.28184706345,15255.447663366795,55.5,78.01924386200946,44.60083861951461,21.18730764859356,84749.23059437424,30100.714042782784,76.0,96.82614932502808,7.049264232806232,4.472166863642633,17888.667454570532,5580.784939229488,61.0,75.78620369335108,11.373434392094337,6.486265464453027,25945.061857812107,8504.852559417486,51.5,86.60350987551908,11.111303054510618,7.3001802282524295,29200.720913009718,6478.666886687279,21.0,45.344075802025685,24.198155067452824,11.45468217364978,45818.72869459912,13303.119037300348,67.5,80.4989830451363,50.51576656209587,21.918039959855378,87672.15983942151,32277.97094732523,77.5,100.13916408846346,86.4145351078246,51.56336617853958,206253.46471415833,73041.26201197505,71.5,93.5135523475277,36.22885215038354,17.290460626548157,69161.84250619262,21109.99198630452,53.5,69.35283054338129,13.73055640321174,8.865116741985549,35460.46696794219,9226.637333631516,44.0,64.54012298214181,45.93080403305358,18.095797329279595,72383.18931711838,21286.089159548283,66.5,85.46819186719235
P03,Fatigue,1,LG_0,S_1,Trial_8,43,86000,90000,4000,2000,2.0,1.0,13,90240,97.38695598020408,56.55101166139357,226204.04664557427,85646.40143886209,87.0,109.254720822071,132.94188541853256,61.00094526503235,244003.7810601294,70406.21349588037,79.0,86.63554779643445,32.698794576252844,14.832526344060899,59330.10537624359,18776.780739426613,59.5,69.7681907463837,52.40255224506152,25.13481972721638,100539.27890886553,34706.402849406004,70.5,93.2012579276477,7.461688891155257,4.747916191187687,18991.66476475075,5677.22637206316,57.0,77.25820192372645,10.998931571658304,6.234486449032556,24937.945796130225,8680.339343845844,55.0,88.20711223924405,10.607718535350891,6.84470561449416,27378.82245797664,6330.037210136652,46.5,60.49469731020611,32.01924460830032,13.234538649348542,52938.15459739417,14953.305199742317,68.5,77.584829015846,45.6226767593171,17.862757631985005,71451.03052794002,26169.19968277216,96.0,104.7777524629572,67.65485018279507,38.892905458481984,155571.62183392793,51007.44655355811,66.5,89.56165650638223,32.218025571016504,17.05915210638195,68236.60842552781,21684.67305600643,53.0,79.27304853713156,11.933709988434183,7.672411007247865,30689.64402899146,8459.073398262262,52.0,73.97114468009057,49.05650524401371,18.83385041509755,75335.4016603902,20140.999741852283,54.0,74.28614991800032
P03,Fatigue,1,LG_0,S_1,Trial_9,0,0,4000,4000,2000,2.0,1.0,13,90261,21.36310365316351,8.809933472948615,35239.73389179446,12378.685176372528,65.5,96.55781362442175,34.31437779572074,15.430463838018477,61721.85535207391,18848.806619644165,84.5,89.49407607507612,3.889484808819549,2.8792777467053385,11517.110986821353,3960.813023149967,42.0,75.89431288991231,7.7331410104989375,4.931089220475405,19724.35688190162,8098.333608359098,76.0,106.05710504128912,3.5808223929391185,2.866314156446606,11465.256625786424,2757.7366679906845,31.5,49.72278240208218,4.421345591003872,3.406264560343698,13625.05824137479,3432.521503418684,24.0,40.703769017718436,3.39510866870053,2.6336879212758504,10534.751685103402,2946.9572007656097,26.5,48.01002634446237,7.852020687895651,4.919471461256035,19677.88584502414,5631.752405315638,39.5,64.27880133782534,3.0968919896203184,2.307610929571092,9230.443718284369,3001.8921941518784,29.5,60.86035661025824,10.845900125057206,4.276764618139714,17107.058472558856,6700.848415493965,71.5,104.86304940631426,4.422671989179798,3.3356445963145234,13342.578385258093,6021.790858358145,85.0,115.6914936794195,3.8261380690598146,2.995131603931077,11980.526415724307,2864.2495162785053,25.5,44.592964089697716,2.2842936784540506,1.7792522670701145,7117.009068280458,2479.704562574625,30.5,68.10133918801375
P03,Fatigue,1,LG_0,S_1,Trial_9,1,2000,6000,4000,2000,2.0,1.0,13,90261,16.750715584099385,6.923090296494775,27692.361185979098,9796.1300984025,74.5,87.88774392486235,24.28964872848384,14.210682285460644,56842.729141842574,18215.83341807127,78.0,88.15071330100758,3.3904071468409405,2.6231169407255948,10492.467762902379,3428.248781710863,31.0,61.19457322728296,6.255859398424816,4.333034837059676,17332.139348238707,6918.757222592831,84.5,114.66503529493495,3.2142729230360034,2.5283989788615147,10113.595915446058,2679.912094026804,21.5,46.32945724006414,4.403194363729263,3.442882395768538,13771.529583074152,3430.690336972475,30.5,49.53426000120098,3.2118093592910033,2.488320200704038,9953.280802816153,2873.7105429172516,32.0,58.375922282187105,6.166918586626721,4.528644385864027,18114.577543456107,5758.408084511757,53.0,80.4474035273124,2.8380424559661135,2.1924749658908693,8769.899863563478,2971.372753381729,39.5,73.98068046561079,10.77377066277573,4.105722379870713,16422.88951948285,6807.971652597189,77.5,109.54108329534556,5.021863389746458,3.7683757413178682,15073.502965271473,6963.010411709547,78.5,116.96056697193067,4.105059892767954,3.2354633112088775,12941.85324483551,2866.3858771324158,22.0,38.56480662520635,2.2485639916890667,1.7308668601210229,6923.467440484092,2535.8603335916996,32.5,71.65379161701958
P03,Fatigue,1,LG_0,S_1,Trial_9,2,4000,8000,4000,2000,2.0,1.0,13,90261,2.4763369628656133,1.900516610755585,7602.0664430223405,2862.723544239998,44.0,81.26926330494071,26.616558569669607,17.08809868962271,68352.39475849085,21868.40008944273,77.5,87.04264707678368,3.074787649948682,2.3903105264063926,9561.24210562557,3574.436902999878,42.5,80.0188177192425,8.189473018311798,5.743414798844606,22973.659195378423,10471.220128238201,100.5,132.7195562568439,2.7906496838966897,2.1608294340549037,8643.317736219615,2633.2173496484756,25.5,52.39310420907048,4.072522681618403,3.19786835773848,12791.47343095392,3634.560201317072,29.5,59.25938031122173,2.984672232728157,2.290446033095941,9161.784132383764,2876.457292586565,26.5,56.354593745521015,6.742510254307278,4.883047538727988,19532.19015491195,6932.185776531696,74.0,91.32108821728461,2.9023413079039693,2.2245376221835613,8898.150488734245,3188.976366072893,38.5,74.83392576127036,2.857840397050423,2.1518132282653823,8607.25291306153,3640.6640894711018,44.5,89.88128891076983,4.953838047476256,3.622690237069037,14490.760948276147,6921.198777854443,92.0,122.38348628383639,3.69373574562718,2.885737758583855,11542.95103433542,2835.8664363622665,26.5,46.888288714844,2.085577274366062,1.580862206465099,6323.448825860396,2512.055169790983,26.5,65.80047403385394
P03,Fatigue,1,LG_0,S_1,Trial_9,3,6000,10000,4000,2000,2.0,1.0,13,90261,2.305881900293221,1.7723008158965967,7089.203263586387,2820.9119103848934,38.0,79.36072711863383,24.018825261317286,13.787867593450937,55151.47037380375,17173.594515770674,78.0,85.01026399033876,2.888315830533232,2.245441836840473,8981.767347361892,3676.066640764475,37.0,95.55761057716107,8.945136931205276,6.322373664111365,25289.49465644546,12078.37387919426,99.0,130.92124621233452,2.7583834583773017,2.1564075485803187,8625.630194321275,2632.912155240774,35.0,58.578940311763716,3.7332017671356206,2.935152471822221,11740.609887288883,3288.774937391281,28.5,54.979495855229,2.6914053302688954,2.0657944514998237,8263.177805999294,2682.6588436961174,33.0,63.05043955925103,6.179802273927475,4.099713597923983,16398.85439169593,5777.635332196951,64.0,82.0934705597793,2.73606399691905,2.0405490371398627,8162.196148559451,2973.814308643341,37.5,69.17253095381805,2.437875200787615,1.866481101512909,7465.924406051636,3065.6778253614902,50.0,93.63211743355107,4.472257846044781,3.23915673578158,12956.62694312632,6152.4140648543835,87.5,121.07546211665229,4.133367432914839,2.738843226688914,10955.372906755656,2946.9572007656097,27.5,47.538931462999784,2.507776147892529,1.6622578220441937,6649.031288176775,2602.392714470625,33.0,81.55875513994775
P03,Fatigue,1,LG_0,S_1,Trial_9,4,8000,12000,4000,2000,2.0,1.0,13,90261,2.6337237198873824,1.9879770114552229,7951.908045820892,3028.1389132142067,32.5,75.20940440355041,28.929919275318472,11.493082115519792,45972.32846207917,13354.6968922019,66.5,78.73530170590307,5.18419707947033,2.7086316507775337,10834.526603110135,4392.357915639877,54.0,102.2305890182233,11.243276302942563,7.493634837493301,29974.5393499732,14034.975226968527,102.0,135.15624219801893,2.8070453279485688,2.2167111023445614,8866.844409378245,2631.9965720176697,27.5,57.13091316873665,3.594610773403227,2.8316933606285604,11326.77344251424,2951.8403112888336,25.0,45.10803692177197,2.6602298590840654,2.0527679911931047,8211.071964772418,2608.4966026246548,27.0,55.51043607054472,4.963152297680384,3.0882040719967336,12352.816287986934,4178.11144143343,46.0,73.61388581902962,2.8281866146349004,1.9727931700297632,7891.1726801190525,2788.2561087608337,33.5,70.83380347331192,39.583338359021596,16.66946962446673,66677.87849786691,26264.420337975025,81.5,104.59945382058322,13.42766225063456,7.151434577826876,28605.738311307505,9640.480950474739,48.0,77.06683515765056,10.65835545416026,6.410540170222521,25642.160680890083,7923.152018338442,76.0,87.07901050566409,5.980006980712715,3.626811315305531,14507.245261222124,5135.811492800713,69.0,85.30988687350101
P03,Fatigue,1,LG_0,S_1,Trial_9,5,10000,14000,4000,2000,2.0,1.0,13,90261,14.959786751363122,6.599512351048179,26398.049404192716,9195.507504045963,60.0,92.73359621960147,118.69100577536805,43.64540513558313,174581.62054233253,44805.590994656086,65.0,71.21873282472238,11.845488096658828,6.056126144807786,24224.504579231143,8526.826556771994,53.5,76.50784966637848,25.339280761322502,14.26761363176629,57070.45452706516,21341.939736157656,55.5,89.23923633549705,4.081529559905548,2.989034010411706,11956.136041646823,3234.755527228117,41.5,58.82194227389099,4.629187304672313,3.4360741952201352,13744.29678088054,3845.449537038803,37.0,71.90182407230239,3.8165985641923936,2.8250137613737025,11300.05504549481,3230.7879999279976,27.5,57.31437654747043,6.765576441769485,3.9232161240652204,15692.864496260881,5026.246700435877,42.0,69.43886825438045,23.391237700622607,7.516235704161227,30064.942816644907,11080.38816601038,57.0,84.82557657936181,48.401480889670665,27.4726004592143,109890.4018368572,41825.97799226642,80.5,108.78649671789864,32.791770656180084,15.68866429637419,62754.65718549676,17439.418844878674,48.0,62.67995139282591,13.774416597483379,9.319072708371095,37276.29083348438,10946.102626621723,72.5,78.27901054406168,14.629236592046334,7.387859720387496,29551.438881549984,9447.903279215097,38.5,70.30054364645582
P03,Fatigue,1,LG_0,S_1,Trial_9,6,12000,16000,4000,2000,2.0,1.0,13,90261,24.555601608812914,13.036809449084103,52147.23779633641,17625.892627984285,56.5,90.13411364507786,126.31819081143944,48.08689248398878,192347.5699359551,48887.566197663546,74.5,71.2239689412119,12.040636066254597,6.855422287224792,27421.689148899168,9464.383777230978,67.5,90.88530614890226,29.04875875334776,15.387129780009854,61548.51912003942,20195.019152015448,60.0,84.22899704732593,6.403245527195451,4.412214893836063,17648.85957534425,4658.487439155579,58.5,77.47977680078915,6.648872182458261,4.735771437524818,18943.08575009927,5838.369019329548,73.0,96.57530584056117,5.244031060698338,3.946664210408926,15786.656841635704,4321.858007460833,47.5,71.4710264938799,7.847826704062001,4.985715891211294,19942.863564845175,6071.537546813488,66.5,83.13000376125586,32.987199551792635,14.875328638963401,59501.314555853605,21706.64705336094,99.5,110.25262220770873,40.88397581352138,24.11330924759386,96453.23699037544,33181.041199713945,63.0,87.08956391641851,31.702505124590044,14.952584177954122,59810.33671181649,18369.651399552822,50.5,66.07133350264361,13.320035130876873,9.048085252870806,36192.34101148322,9707.013331353664,67.5,72.24078783826864,23.09060764480977,10.42121516901534,41684.86067606136,13119.697198271751,67.0,87.63637637797139
P03,Fatigue,1,LG_0,S_1,Trial_9,7,14000,18000,4000,2000,2.0,1.0,13,90261,31.959232637375933,16.671880698436873,66687.52279374748,23014.405090361834,70.0,100.22857471167491,87.75921940935235,26.887608129403088,107550.43251761235,30671.122390776873,83.5,77.27446174465584,10.476529822692452,6.381084408261813,25524.337633047253,9208.630863577127,76.0,95.01375872894597,25.167898104852323,12.393946575326845,49575.78630130738,17425.074707716703,59.0,87.2111057987343,9.982160579505504,5.7723043107311245,23089.217242924497,6075.505074113607,65.0,76.71576018245547,8.840573103143566,5.87310025737388,23492.401029495522,7509.003207087517,71.0,94.80736397880187,6.686941814767829,4.922166175278835,19688.66470111534,5163.88937830925,41.5,65.77134202359531,15.289037349145211,7.094370357505977,28377.48143002391,7865.165080875158,74.0,82.42978305002113,44.07029462093866,17.946214912086724,71784.8596483469,24540.377128869295,82.5,94.8151270582829,46.33869472842049,25.500782423466443,102003.12969386578,34546.78617417812,72.0,97.54779314790697,16.2415092555896,10.006553707458078,40026.214829832315,14408.227987587452,72.5,97.22601842617657,13.365997839501077,9.17907644752413,36716.30579009652,10132.454335689545,70.0,79.42467566394998,33.05653755064227,13.3723114926368,53489.2459705472,16896.172799170017,63.5,84.21312962722207
P03,Fatigue,1,LG_0,S_1,Trial_9,8,16000,20000,4000,2000,2.0,1.0,13,90261,44.07293008308344,25.139511900488287,100558.04760195315,34801.31831020117,70.5,85.75343590605655,176.70367503197247,49.96677879206836,199867.11516827345,56429.22520637512,85.0,83.32959597842502,27.663716155986858,12.229946621716953,48919.786486867815,14594.396576285362,47.0,71.00538390136697,28.850324051740277,14.94477463455405,59779.0985382162,22656.717244535685,70.5,105.40971614491855,9.892729464597727,5.771580656641163,23086.32262656465,5894.219595938921,53.0,70.39614837315308,10.070138845608605,6.332691638497636,25330.766553990543,7523.042149841785,34.5,75.28497967239686,8.175703368132204,5.727921185095329,22911.684740381315,5645.486153662205,28.5,58.13443693734578,20.90372200326018,9.759729408798739,39038.91763519496,10451.077297329903,54.0,71.99582840183494,51.19366962894719,22.21303248149343,88852.12992597371,30933.284386992455,97.0,109.07431823171292,50.876057429482366,28.117074377951212,112468.29751180485,38322.346191853285,69.5,96.88492071029239,31.04699094273529,15.264285101532005,61057.14040612802,18042.788188904524,48.0,65.52657961697139,15.954075239703927,10.133550441404804,40534.20176561922,10562.778450548649,58.5,70.60978258641725,43.60609208951121,17.101492603996302,68405.97041598521,20007.934980094433,50.0,75.38137113450524
P03,Fatigue,1,LG_0,S_1,Trial_9,9,18000,22000,4000,2000,2.0,1.0,13,90261,54.78965520310926,32.494301365246066,129977.20546098426,43048.28159511089,78.0,95.04003993254553,178.29290654563582,58.36837309636176,233473.49238544703,66720.68582847714,82.0,79.52147116895307,34.54123703340317,15.519561683014036,62078.24673205614,16825.978085398674,43.5,58.64024150330043,33.34686876280313,16.670577518315987,66682.31007326394,23762.741778045893,73.5,105.31652128149436,7.4526567121206915,5.2485239076893775,20994.09563075751,5164.499767124653,37.0,56.58009168386689,10.302636930298403,6.173820476909168,24695.281907636672,7139.107584953308,53.5,80.49991716497036,16.112789906701643,8.299152940150815,33196.611760603264,6368.7968999147415,24.5,32.36433569647628,20.28022605697712,10.343767128651962,41375.06851460785,11203.07631790638,55.5,73.94257396483911,53.488038113493346,25.966808447183574,103867.2337887343,38789.90402445197,99.0,111.60413190436371,49.15580196789462,28.624122917233034,114496.49166893214,37893.24285462499,75.0,92.36094241331801,40.24459025669506,20.062712645763533,80250.85058305413,22875.846829265356,62.0,75.5663546754371,16.332100486973236,10.451805338589475,41807.2213543579,10184.947773814201,48.5,63.972608793328355,44.075794507391294,17.877254709694533,71509.01883877814,20830.128714442253,62.0,79.69181101217895
P03,Fatigue,1,LG_0,S_1,Trial_9,10,20000,24000,4000,2000,2.0,1.0,13,90261,55.949865672000726,33.620240978337826,134480.9639133513,45805.407874286175,76.0,100.02570303934078,137.29849430715566,57.757496275100856,231029.98510040343,68607.70285129547,77.0,81.81613980546977,38.11541601214431,16.28281497627031,65131.25990508124,17540.74338823557,48.0,57.87156909489739,39.62538433108877,19.743401356285904,78973.60542514361,26648.354902863503,64.0,94.94076489969149,7.149052713298721,5.1235779275652025,20494.31171026081,5234.999675303698,46.5,72.47455123083795,10.69583174524923,6.333651322312653,25334.605289250612,7627.418637275696,40.0,73.58541230402054,15.829211748649797,8.043207410676406,32172.82964270562,6445.400696247816,32.5,60.98431567976235,17.405948782111352,9.567313719470985,38269.25487788394,11432.887706905603,86.5,97.18085326187499,56.288104727732296,27.654999057692475,110619.9962307699,40943.3557651937,97.0,106.27883312158741,54.85921722199413,29.735622104327195,118942.48841730878,39418.299309909344,88.5,102.89205813929406,36.269799470670584,17.651671445870306,70606.68578348123,21898.309141397476,85.5,88.26235982770241,15.305056513278942,10.346948551456444,41387.794205825776,9782.701544463634,52.0,64.28603810520134,45.62447064987029,17.42495373628335,69699.8149451334,21160.65425798297,64.0,85.26371745992392
P03,Fatigue,1,LG_0,S_1,Trial_9,11,22000,26000,4000,2000,2.0,1.0,13,90261,58.84287764034627,34.78414792022668,139136.5916809067,46091.680228710175,78.5,87.93725031398037,140.3853768261171,58.73381284199422,234935.2513679769,70593.29766780138,90.0,89.22845694517241,33.914614510339696,14.944957484153566,59779.82993661426,18468.229193240404,56.0,63.92025378703166,45.31085963666811,22.492602766724303,89970.41106689721,30402.55131199956,83.5,97.13061535511291,6.849032577420077,4.661475902795791,18645.903611183167,5104.071274399757,45.0,66.57213118659931,9.828046345545983,6.038320492673665,24153.28197069466,7377.464417368174,54.0,80.79907228828417,8.270492062612933,5.769302075193264,23077.208300773054,5617.408268153667,31.0,52.559125498725095,21.65301881356929,10.611360326397698,42445.44130559079,12101.263459771872,59.0,69.95875488800363,55.2769175086219,27.670894116535784,110683.57646614313,40319.53839585185,86.0,107.74328461637661,66.80994637990865,37.60123856773134,150404.95427092537,50800.8299395442,70.0,91.01962189442116,30.667442080517027,15.089663657697383,60358.65463078953,19819.630030542612,64.5,83.7204724899574,18.049534122005962,11.431857523182407,45727.43009272963,10632.973164319992,54.0,62.825330130956445,51.419768408536825,18.257209348760078,73028.83739504032,22681.437991559505,62.0,78.96148386387844
P03,Fatigue,1,LG_0,S_1,Trial_9,12,24000,28000,4000,2000,2.0,1.0,13,90261,68.9353446176663,37.27232197095873,149089.2878838349,49259.903375059366,74.5,97.26083148337992,139.59174078584562,66.99704493444878,267988.17973779514,80299.09022152424,78.0,84.10968424545892,22.589319312035013,12.139521486242302,48558.08594496921,17767.502833157778,73.5,93.23499353126945,45.920724690967454,23.269501378247515,93078.00551299006,32759.262528270483,66.5,93.49084561508636,16.83534700639348,7.11555992893409,28462.23971573636,5838.369019329548,28.5,32.625962429877745,11.585379063574589,6.785697763587814,27142.791054351255,7769.944425672293,43.5,58.95640404573084,8.975732374638365,6.039160959923175,24156.643839692697,5575.9018287062645,37.5,55.62202319326611,23.337500937943727,11.892222076188773,47568.88830475509,13032.106403261423,82.0,88.7142791334159,54.289989200973324,26.12593280568253,104503.73122273013,37743.08720603585,101.0,108.76485812720625,61.42954544016389,38.10646982691251,152425.87930765003,51018.73874664307,68.5,94.69524670022814,29.434978993993425,14.926314836356323,59705.25934542529,19948.11687618494,64.5,86.58497570362334,17.10456833229756,10.68471410748316,42738.85642993264,9745.162632316351,53.5,62.14223689549879,54.39709452738972,19.47424655505456,77896.98622021824,21556.796599179506,63.5,76.12530545377413
P03,Fatigue,1,LG_0,S_1,Trial_9,13,26000,30000,4000,2000,2.0,1.0,13,90261,61.092456055109785,33.52673879654613,134106.9551861845,46959.042735397816,69.0,91.46120528899492,167.40360419615277,77.05792072862387,308231.68291449547,88152.65791490674,72.0,82.40831435829921,21.357656776606557,11.503264621738344,46013.05848695338,17177.867237478495,58.5,85.9849934130918,44.9786810921408,23.467236262757798,93868.94505103119,32292.3150844872,74.0,105.46713726805986,17.065737410055572,7.3003442320972685,29201.376928389072,6115.485541522503,32.5,47.599641311366625,12.626650630273383,7.311034276615828,29244.137106463313,8451.443538069725,63.5,83.53777201358791,8.780852699131302,5.8385902852751315,23354.361141100526,5999.511666595936,37.5,64.18240772070989,19.547026559586214,10.63529050545767,42541.16202183068,12761.3989636302,57.0,80.54254802183259,56.18009471949509,27.78189423820004,111127.57695280015,40089.116618037224,103.5,110.68470544137614,49.838999974134204,32.91666963413591,131666.67853654362,45753.52482497692,71.5,93.06609463757471,36.16375918625515,18.28269724007696,73130.78896030784,24165.598396211863,56.0,76.35878864060717,14.71667131071314,9.911635042121635,39646.540168486536,10025.636292994022,55.5,65.26442138251437,50.525956341584816,18.852283508784602,75409.13403513841,21116.09587445855,42.5,56.364337377083196
P03,Fatigue,1,LG_0,S_1,Trial_9,14,28000,32000,4000,2000,2.0,1.0,13,90261,42.25855194418521,26.342205274815207,105368.82109926082,36427.39411443472,80.0,93.5233896951826,153.50228970632048,61.0675936197862,244270.3744791448,72735.76240986586,69.0,78.74601878482167,14.974562270385317,9.19357867538929,36774.31470155716,15333.882626146078,84.0,107.9260474066162,42.52830165236167,20.726095112925396,82904.38045170158,27458.951249718666,59.0,84.58178500974716,7.7375789242942306,4.924066430109088,19696.26572043635,5227.980203926563,47.0,62.57946183745918,9.66506349428623,5.882342307025101,23529.369228100404,7580.418698489666,64.5,87.14925803292317,8.958621610723123,6.251597898337058,25006.391593348235,6004.39477711916,29.0,53.9188188631643,19.958273759278523,10.528404175513424,42113.616702053696,12354.880012571812,81.0,85.7368775315084,58.21794893739843,30.161986321746372,120647.94528698549,44306.90333247185,92.0,104.8158978573809,56.27306971480019,34.35985070823226,137439.40283292904,45448.63561168313,77.5,102.05676978025417,44.720117063034145,22.071119523467495,88284.47809386998,26524.751167744398,50.5,66.52874261958863,16.699461909024542,10.941253468976356,43765.013875905424,11446.62145525217,60.0,72.38161394637314,46.40121587615856,17.627540067397057,70510.16026958823,20734.297670423985,59.5,83.29845267293828
P03,Fatigue,1,LG_0,S_1,Trial_9,15,30000,34000,4000,2000,2.0,1.0,13,90261,49.611292359913804,27.67701372220181,110708.05488880724,37447.35382497311,71.0,89.26030538639947,127.30470635954138,54.26586117091356,217063.44468365423,65322.28505238891,87.5,89.40950827857881,15.094668075711057,8.478770645335317,33915.08258134127,12988.158408552408,75.5,103.76705153913873,36.97488394458494,17.521039426885544,70084.15770754218,24827.5650665164,61.0,97.88748173681856,15.466648863110924,7.131377620995044,28525.51048398018,5927.485786378384,20.5,35.7735296656202,9.530324951738653,5.8481345536885785,23392.538214754313,7477.262988686562,64.5,85.87041354762098,9.427405285160189,6.646037941426039,26584.151765704155,5904.901400208473,24.0,53.44811519710991,22.007897334061617,10.859243077412248,43436.97230964899,12201.06203109026,56.5,73.75710382735986,48.632390226667454,23.18968968349509,92758.75873398036,33987.36482486129,94.5,108.82641078659299,67.37179369113862,38.28836432052776,153153.45728211105,47844.411712139845,65.0,89.90135303178057,39.32656340094075,19.115624738042243,76462.49895216897,23500.27458742261,64.0,82.69250927930344,15.219536084445748,9.765365166880656,39061.460667522624,9765.000268816948,60.5,69.61002804601858,45.69721530481049,17.527004756778478,70108.01902711391,18994.079157710075,35.5,57.61975162858569
P03,Fatigue,1,LG_0,S_1,Trial_9,16,32000,36000,4000,2000,2.0,1.0,13,90261,59.112741817149484,31.03769505620003,124150.78022480011,43892.44932681322,81.5,101.00401508769382,121.68535234577053,52.971117462741674,211884.4698509667,60950.68035647273,67.0,78.04953519812618,20.95727167352743,10.365836957050487,41463.34782820195,14146.676380187273,56.0,80.81823657101769,34.556543427300774,17.768343491153793,71073.37396461517,27436.672057956457,96.5,110.46890828954996,15.149494029954903,6.690666557813529,26762.666231254116,5808.1547729671,21.5,41.77514264222079,9.70635394472104,5.979869354516268,23919.47741806507,7592.321280390024,57.5,83.24987330118718,8.944803271618579,6.114323971606791,24457.295886427164,5619.239434599876,20.5,53.209356452669354,20.82511061712011,9.938060986599885,39752.24394639954,11093.511525541544,67.0,76.728134837848,47.074488457711,20.021336142835207,80085.34457134083,28849.722165614367,77.0,98.6307571658425,64.4901380871293,38.379038342041895,153516.15336816758,50952.51156017184,83.0,93.58081822558489,52.20030031612352,22.682703365723135,90730.81346289255,24594.091344624758,45.5,56.49433082449181,13.522776540249787,8.786256261903327,35145.02504761331,9209.24125239253,57.0,68.01461244093144,39.601506873231855,16.85190053540282,67407.60214161128,20201.42823457718,50.5,74.63789899527536
P03,Fatigue,1,LG_0,S_1,Trial_9,17,34000,38000,4000,2000,2.0,1.0,13,90261,61.58210550637206,34.90648586153984,139625.94344615936,51114.26459625363,75.5,99.76044287116956,152.91147207373322,64.25086086667143,257003.4434666857,79956.96729049087,82.0,89.88410831497268,23.180239839048767,11.62840317953378,46513.61271813512,17422.938346862793,54.5,76.70152371155206,39.264141844617654,20.264992599841207,81059.97039936483,29895.31820639968,107.5,122.75466111589411,6.7045918377361575,4.214837926067412,16859.351704269648,5133.980326354504,67.5,80.94459364496458,12.341602018820465,6.505692194832955,26022.76877933182,8197.521790862083,70.0,78.73653202869022,10.426342824008154,6.655705279484391,26622.821117937565,6157.602369785309,40.5,60.606439391026825,26.81334401292915,10.871271590155084,43485.086360620335,12337.789125740528,64.0,79.67764600817591,52.31113938552863,22.88975606439635,91559.0242575854,33121.528290212154,83.5,104.76917033023892,71.96754174784465,40.72584752575494,162903.39010301977,56685.89370325208,84.5,99.13313964869596,52.34299465834357,22.834991979878396,91339.96791951358,24931.63635954261,69.0,83.51677717713491,15.06942631761104,10.008427143329754,40033.70857331902,10802.050866186619,62.0,72.82668571710123,44.62778704968489,18.46159884473309,73846.39537893236,22345.11375427246,68.0,93.86831902070239
P03,Fatigue,1,LG_0,S_1,Trial_9,18,36000,40000,4000,2000,2.0,1.0,13,90261,81.45094395001988,48.50794998104684,194031.79992418736,68351.94993764162,71.5,94.5726933012082,155.890104564855,62.16000465154648,248640.0186061859,81845.5102853477,88.0,94.38072462627646,26.927430912162492,12.74524464213755,50980.9785685502,18911.981862038374,71.0,94.01820177914368,40.99265968754776,21.90807749880478,87632.30999521911,30339.07087519765,81.0,100.71618927833227,7.827699250818721,4.812112766667269,19248.451066669077,5637.856293469667,60.0,75.45458125647679,13.317799467153865,7.086943146400154,28347.772585600615,8961.118198931217,51.5,81.60006112484893,11.864859482148324,7.693450117832981,30773.800471331924,6607.153732329607,30.5,51.13729308065758,28.38667764765521,11.43542890814133,45741.71563256532,13438.014965504408,85.0,91.82751131019427,52.838707899734054,21.098396582575514,84393.58633030206,31009.88818332553,83.0,107.10694024806853,73.58236753660174,41.55388691563858,166215.5476625543,59978.63616794348,76.5,90.99758871369879,28.69828209089105,15.53753786252346,62150.151450093836,22214.795742183924,79.5,90.06164012607393,15.029812077466524,9.919201116682961,39676.804466731846,11044.375225901604,67.0,79.85967542587704,52.21993580100462,20.32978720376268,81319.14881505072,23799.36510697007,75.5,79.4031854393351
P03,Fatigue,1,LG_0,S_1,Trial_9,19,38000,42000,4000,2000,2.0,1.0,13,90261,103.63570243923867,59.00112468864536,236004.49875458144,81354.452483356,77.0,90.80983117985832,132.0837593652803,44.708746400009844,178834.98560003936,57939.63233008981,79.5,86.70415326210018,26.141684501636224,11.900314534804783,47601.258139219135,16487.212292850018,59.5,71.05842851003649,40.920345868463656,21.073715358227492,84294.86143290997,29089.60497006774,71.5,104.71049475536998,8.791569974663263,5.574437200743705,22297.74880297482,6373.069621622562,59.0,76.67849944802988,11.833018985905664,7.405365290120244,29621.461160480976,10135.201085358858,65.0,96.19744527725757,10.44189043627076,7.164605356939137,28658.421427756548,6302.874907851219,27.0,51.167471802365306,21.002887583255166,9.883128358470277,39532.513433881104,11699.322424829006,60.0,76.07826369799328,53.66993468088202,20.5923153188196,82369.2612752784,30500.82391127944,105.0,106.18924309851208,55.61840900442743,34.97796212477842,139911.8484991137,50063.175056129694,69.0,101.15998453042171,34.791641534573195,17.66992344482569,70679.69377930276,23552.157636731863,63.5,82.79029773453372,14.249046247138033,9.049767560744659,36199.07024297863,10056.766122579575,74.5,79.17788272156339,43.775039922001255,17.292471323604694,69169.88529441878,21357.809845358133,72.0,82.3323551366371
P03,Fatigue,1,LG_0,S_1,Trial_9,20,40000,44000,4000,2000,2.0,1.0,13,90261,86.56415534300814,42.07771614978556,168310.86459914222,59634.9872648716,83.5,100.76176983024149,134.89396923512032,47.4292000613641,189716.8002454564,59717.0845605433,75.0,86.31338742273552,19.532360348309815,9.624543698504567,38498.17479401827,13616.858888417482,64.5,80.93905980227805,36.438928152021035,17.9499548788066,71799.81951522641,25934.505183249712,82.0,104.5681677146506,8.679224164670172,5.551111459208187,22204.445836832747,6328.5112380981445,46.5,66.66852299242491,11.252719369243716,7.188051612116396,28752.206448465586,9849.539119750261,71.0,91.7942307246897,8.670364847069628,6.196291635953822,24785.166543815285,5850.881990045309,22.5,51.97416657537973,19.007549303254017,9.343407041125465,37373.62816450186,11056.583002209663,79.5,83.21225880599123,54.25852943843526,22.911558618792334,91646.23447516933,34048.098511993885,109.0,103.91598803967699,60.529983858933456,34.99477265239693,139979.09060958773,50421.77848517895,82.5,100.46167691427672,41.19391491611237,19.258023870759644,77032.09548303857,23486.23564466834,40.0,59.29071858578904,14.064382420820284,9.195313896343578,36781.25558537431,9897.454641759396,62.0,73.13755111939322,30.70207539456868,13.792569685541093,55170.27874216437,18065.067380666733,74.0,92.23374318026389
P03,Fatigue,1,LG_0,S_1,Trial_9,21,42000,46000,4000,2000,2.0,1.0,13,90261,52.436193481882576,27.729816970799583,110919.26788319834,40550.87575688958,76.5,97.59917867845087,133.96065799115172,54.749977516848595,218999.91006739438,67892.02196523547,94.0,95.52608263087498,41.6729282014703,14.09273109411588,56370.92437646352,17130.562104284763,45.5,67.94931824692222,36.56329635225937,17.64984550587833,70599.38202351332,24181.46850541234,79.5,107.12754700100503,7.751675111114307,5.197844545124099,20791.378180496395,5395.837128162384,29.0,50.37662938730965,9.550430623030307,6.052166552562267,24208.666210249066,7794.665172696114,63.5,85.32055412283916,8.715619102631102,5.996232047490776,23984.928189963102,5679.973121732473,36.0,55.92916263436589,20.631888336500324,10.538968251040206,42155.87300416082,11992.309056222439,56.5,72.80963449925174,59.09267908318294,27.70080713601783,110803.22854407132,40968.07651221752,104.5,107.46024227358986,70.32328073840243,42.139314986765385,168557.25994706154,65427.88231745362,83.0,113.05698615903677,39.791060734059656,18.563887497223913,74255.54998889565,23417.872097343206,54.0,83.53536525290392,14.601152480564089,9.649009379302152,38596.037517208606,10527.986288070679,50.5,74.31391348366488,35.30627507433676,14.926618581090588,59706.47432436235,17887.444235384464,72.5,88.80665546168308
P03,Fatigue,1,LG_0,S_1,Trial_9,22,44000,48000,4000,2000,2.0,1.0,13,90261,55.33545755791781,32.023071052040905,128092.28420816362,44258.37742164731,70.5,97.20045618531955,150.0968897338246,60.801706878421825,243206.8275136873,70466.03159978986,88.5,88.1180949250098,44.52650030369639,16.968467631959356,67873.87052783743,19906.305242329836,43.0,54.5453621548409,40.26559707747839,19.874167317466345,79496.66926986538,24595.617316663265,60.5,85.90304007505641,6.944359913504763,4.7819996159523726,19127.99846380949,5053.714197129011,51.0,68.60753650358828,8.992810673936598,5.724905673600733,22899.622694402933,7210.523076355457,56.5,79.07385120973814,9.3922590216244,6.312027306645177,25248.10922658071,5938.472785055637,26.0,51.81248648719338,21.51003001134171,11.130071221431717,44520.28488572687,12476.957775652409,72.0,81.15549468518236,61.53053054149953,30.733045649412087,122932.18259764835,45561.862736940384,99.5,105.99751965704988,71.91769448618128,45.28866109601222,181154.64438404888,68048.58669638634,82.0,108.20434756115218,38.96105738742163,19.07018441897817,76280.73767591268,23106.268607079983,57.5,71.82392740352064,14.24293237869599,9.321867983951233,37287.47193580493,10232.863295823336,66.0,78.4877531097292,44.90250653881324,17.40298519427888,69611.94077711552,19449.124019593,58.0,77.23237937152096
P03,Fatigue,1,LG_0,S_1,Trial_9,23,46000,50000,4000,2000,2.0,1.0,13,90261,62.640287768250396,33.357922264793885,133431.68905917555,44657.26651251316,74.0,89.97614535045818,158.75072824389915,62.67879047180759,250715.16188723035,71024.53736588359,81.5,84.69403965749392,26.328629118465503,13.502835129457527,54011.3405178301,18550.631683319807,61.0,71.0670439274712,39.013751266871616,20.365255524450912,81461.02209780365,29070.682916790247,71.5,88.95194061888937,6.537472500912795,4.45493848673068,17819.75394692272,5123.908910900354,46.0,69.33951283353755,9.378283256494019,6.126362326869275,24505.4493074771,7790.697645395994,62.0,84.53914509865082,9.7626112539746,6.688001333200373,26752.00533280149,5833.7911032140255,26.0,46.91385802755386,20.838974100248027,10.63183574291179,42527.34297164716,11383.751407265663,59.5,68.68207982227563,59.32594115026298,27.1778674291214,108711.46971648559,39412.195421755314,97.5,105.91962464836458,63.513879325497896,37.02756597480038,148110.26389920153,49082.5854241848,71.0,96.61666858330025,38.090270465395,19.26395478998311,77055.81915993243,23175.24254322052,63.0,85.74376066156098,13.532100259073674,8.993801239156165,35975.20495662466,9401.20853483677,62.5,75.566063260465,46.03691067926883,17.402713647554627,69610.85459021851,20680.583454668522,52.0,71.42357404268041
P03,Fatigue,1,LG_0,S_1,Trial_9,24,48000,52000,4000,2000,2.0,1.0,13,90261,76.66706189850645,42.72971196619328,170918.84786477312,59860.525932163,77.0,94.01079714022477,128.34647821714853,48.98313477449119,195932.53909796476,55860.95321923494,78.5,81.84177865931495,21.076974056392555,10.584166779834778,42336.66711933911,15597.265399992466,58.5,86.04912361338418,40.48482154978756,19.62874122883659,78514.96491534635,29248.91645088792,76.5,118.17419720604236,7.6962395507343935,4.9219928630045615,19687.971452018246,5558.505747467279,50.0,68.59412587188757,10.771800421162228,6.539204906055238,26156.819624220952,8383.385185152292,50.0,79.98158242578472,9.76318646303008,6.871885160263628,27487.54064105451,5777.940526604652,27.0,45.36159596457081,22.548898814695068,11.070549919083714,44282.19967633486,11247.024312615395,52.5,70.51355815527633,56.72651289261667,22.940565134584904,91762.26053833961,31918.757129460573,86.0,105.08776088909973,50.22498164613579,28.740366049925797,114961.46419970319,38156.930822879076,67.0,82.95660021831539,36.78946102911522,19.81235698076198,79249.42792304792,25996.154453605413,59.5,80.97542073617575,12.558169380167703,8.41456239616964,33658.24958467856,8510.346058756113,52.5,71.32813264986227,39.36297268306418,15.327792395441794,61311.16958176717,18790.20929336548,55.5,82.27850529266385
P03,Fatigue,1,LG_0,S_1,Trial_9,25,50000,54000,4000,2000,2.0,1.0,13,90261,88.0466495149718,52.78123420031043,211124.9368012417,76279.06948328018,84.0,104.07498697103183,123.03000437922202,41.43564762077294,165742.59048309177,47415.91876372695,90.0,89.61841549563992,24.051039176144975,9.766377458581701,39065.509834326804,13740.462623536587,66.0,80.99930422978241,35.84010199164479,16.76232597674243,67049.30390696973,22645.42505145073,69.0,92.45550973583501,7.83214368316106,5.0255581818521025,20102.23272740841,5603.064130991697,68.5,74.80966109186511,10.30372134439853,5.972323041292839,23889.292165171355,7738.2042072713375,60.5,81.04217579087005,9.527712314290886,6.771399748930707,27085.59899572283,5536.2265557050705,20.0,41.810401658526196,21.86890495304198,11.064319985639305,44257.279942557216,11898.003984242678,65.0,79.15120800088033,61.16307793489543,22.88359106106218,91534.36424424872,32381.126657128334,94.5,101.34496261806702,57.80890074041094,31.594086092093494,126376.34436837398,45240.798220038414,86.0,114.74262527775394,38.45331744726413,19.159840922337025,76639.3636893481,23983.702529221773,55.0,72.92062706312285,12.994488808054687,8.305595937441103,33222.38374976441,8688.884787261486,67.5,78.07811376189889,37.58369954355846,14.859042053844314,59436.168215377256,17639.01598751545,73.0,75.81753091728696
P03,Fatigue,1,LG_0,S_1,Trial_9,26,52000,56000,4000,2000,2.0,1.0,13,90261,86.11565656744462,47.72155051501468,190886.2020600587,67133.61386209726,73.0,98.23872568883174,129.15489422431884,43.29906293001259,173196.25172005035,47042.05561429262,60.5,75.66196159172696,23.55528289827243,9.562549558468163,38250.19823387265,13143.197167664766,57.0,68.4232493600452,30.37121181675106,14.763858441612683,59055.43376645073,19030.702486634254,75.0,105.98547413514446,7.40352320049898,5.050633335881867,20202.533343527466,5541.414860635996,45.5,66.67738610888496,9.625177092718163,6.076782846800052,24307.131387200207,7802.600227296352,61.0,82.13167487548911,9.01391554496598,6.4702337548136715,25880.935019254684,5489.531811326742,14.0,36.325593917903895,21.38788079605893,11.273514424217865,45094.05769687146,11976.744141429663,64.5,73.92347119468549,59.381387590971784,23.2494213792379,92997.6855169516,32316.120248287916,94.0,99.95812858829947,85.66643331414298,47.481129500223325,189924.5180008933,63833.54673162103,63.0,87.0053703740266,35.055729244000986,16.726017150655387,66904.06860262156,21062.076464295387,60.0,75.26633961217216,13.965442654708639,8.74025663593784,34961.02654375136,9248.916525393724,53.0,70.02138479307375,32.74776717064894,13.420923277537804,53683.69311015122,16348.959226161242,64.0,80.04897714188174
P03,Fatigue,1,LG_0,S_1,Trial_9,27,54000,58000,4000,2000,2.0,1.0,13,90261,70.90429599413918,35.91351936813444,143654.07747253776,46573.27700406313,72.0,89.4572535074457,129.6117175670949,51.331926653673875,205327.7066146955,53789.29357975721,59.0,77.42930572195678,25.832088779160348,10.255321674852166,41021.286699408665,13513.092789798975,50.0,65.37602221793507,42.286704307679294,18.337302013114094,73349.20805245638,22513.581067323685,41.0,74.2831113409828,11.756793798449557,6.690800461859908,26763.201847439632,5500.518810003996,32.0,55.13574712285388,10.307388484017922,6.5906425241264515,26362.570096505806,7808.093726634979,54.0,80.1327512612699,9.87538818868495,6.851072580227628,27404.290320910513,5538.973305374384,19.0,41.30416564431735,19.678065250272795,10.462668886128814,41850.67554451525,10936.031211167574,63.5,71.90671730934979,53.88807842551575,24.2717235713033,97086.8942852132,34956.357069313526,99.5,107.83447173638447,101.4543520093768,60.925218750024214,243700.87500009686,87604.52875867486,88.5,110.99410622570367,30.917631404541957,16.04335555275902,64173.422211036086,21324.54365491867,62.5,82.81027388002799,14.71552561114595,9.52500515282154,38100.02061128616,10154.733527451754,53.5,73.73384473392518,28.4219505498804,11.786172169668134,47144.68867867254,14516.26680791378,60.0,86.80010005629094
P03,Fatigue,1,LG_0,S_1,Trial_9,28,56000,60000,4000,2000,2.0,1.0,13,90261,66.94867759260832,32.46240301799262,129849.61207197048,41540.31602665782,65.0,82.21707188355354,126.99931156931765,54.2847654084675,217139.06163387,61959.958262741566,80.5,84.1038409776612,25.919876710169948,10.519736692484003,42078.94676993601,14436.61106750369,77.5,92.92288655902044,43.261497144192994,19.254443902208003,77017.77560883202,26418.54351386428,94.5,113.8614158047335,12.297602969441124,6.896624218951911,27586.496875807643,5479.460395872593,15.5,25.723867881109392,10.803739988865734,6.7215537578449585,26886.215031379834,8135.5673260986805,58.0,79.9268181701595,10.648752068835549,7.435746248927899,29742.984995711595,5809.375550597906,18.5,34.644621931465146,18.220424494511906,9.367200493090786,37468.801972363144,10175.181552767754,72.0,79.77977390279547,54.2830232770584,24.57341362236766,98293.65448947065,35103.76596823335,98.5,110.3007596669744,95.9928592806092,57.56591170644388,230263.6468257755,86806.14018812776,93.5,115.00732107433923,33.84565295150527,17.758532444678714,71034.12977871485,22378.074750304222,64.0,82.46387145021544,15.027898056335735,9.879182957764716,39516.73183105886,10672.648437321186,59.0,69.81718535498784,42.02792439411154,14.979628102958667,59918.51241183467,16276.93334594369,50.0,64.1516646980875
P03,Fatigue,1,LG_0,S_1,Trial_9,29,58000,62000,4000,2000,2.0,1.0,13,90261,58.00404479363827,28.02740147039294,112109.60588157177,37953.36615294218,65.5,87.44808801929635,123.86487975947774,51.80260982960463,207210.4393184185,60191.35667011142,63.5,75.98441343128903,15.203227758913515,8.385489080951084,33541.956323804334,13346.45664319396,97.0,117.491421636866,40.077976824029996,18.03334417685401,72133.37670741603,25869.498774409294,65.5,88.27050810922515,8.672830729035743,5.8177418448962275,23270.96737958491,5480.375979095697,31.0,57.36029311445924,10.369665065241026,6.491639785375446,25966.559141501784,8553.683664649725,63.0,93.47651528826424,10.317058216149752,7.3142720077885315,29257.088031154126,6426.783837378025,25.5,46.51500093745915,20.059800215254427,10.50008388934657,42000.33555738628,11296.465806663036,78.0,77.10108411797843,55.638290333620134,26.94592074744869,107783.68298979476,38113.28802257776,83.5,97.85256351905477,78.37516673057482,43.26042421166785,173041.6968466714,63169.13850605488,74.5,107.54450813534459,38.147250136649056,20.28621551375836,81144.86205503345,26619.36143413186,68.0,82.24194715919111,15.029790235020378,10.113801463879645,40455.20585551858,10279.558040201664,58.5,68.37341987832448,52.123535797557004,18.662670381553472,74650.68152621388,21004.089526832104,62.5,79.195677138638
P03,Fatigue,1,LG_0,S_1,Trial_9,30,60000,64000,4000,2000,2.0,1.0,13,90261,45.19540063143104,26.106315443245695,104425.26177298278,35380.8824904263,71.5,89.46837739889689,116.59617943048657,47.32859463233035,189314.3785293214,52365.56166782975,71.0,79.8707604924713,21.224919712136746,10.434095517499372,41736.38206999749,15695.843193680048,83.0,91.24396252584542,53.99608672351149,24.29261420480907,97170.45681923628,34379.539638757706,86.5,104.76544745750972,8.8063673886896,5.918742271792143,23674.969087168574,5752.91458517313,41.5,57.59047703751278,11.927484937729794,7.150647901091725,28602.5916043669,9146.981593221426,69.0,96.12778585792505,12.134734932204573,7.759745133761316,31038.980535045266,7470.548711717129,22.0,49.05237335915117,20.894381918165163,12.437440669653006,49749.76267861202,13098.333589732647,70.0,78.79349314368862,60.617556542052505,29.38318505198695,117532.74020794779,41912.95839846134,96.5,109.72163271223269,67.8496580364578,35.143604825437066,140574.41930174828,49282.182566821575,68.0,90.82448195426167,45.180298327455986,20.51539701964939,82061.58807859756,25389.122776687145,66.0,85.37153274226269,15.117988965895194,10.084254753985443,40337.01901594177,10241.103544831276,59.5,66.31294724194379,49.74090679267823,19.141096492204817,76564.38596881926,22689.983434975147,65.5,71.63910482489318
P03,Fatigue,1,LG_0,S_1,Trial_9,31,62000,66000,4000,2000,2.0,1.0,13,90261,56.64150808163772,33.30675272186054,133227.01088744216,49384.11749899387,87.5,100.31951072731823,160.9331497921177,63.76558993214276,255062.35972857103,76604.71191629767,86.0,90.21324660510957,31.522785182529592,15.11205565694254,60448.222627770156,20260.63594967127,58.0,76.08116278649386,59.41523147111226,29.246615170605946,116986.46068242379,42473.905719816685,74.5,100.9047199878415,10.51733879608616,6.487557276082225,25950.2291043289,5774.583388119936,23.0,42.26481280418907,11.722621570116223,7.056622997578233,28226.491990312934,8762.131445109844,53.5,74.20155523840523,11.199840765169423,6.887806885468308,27551.22754187323,6839.711870998144,26.5,52.29837225986821,21.799313541191758,12.628372045978903,50513.488183915615,13405.053969472647,67.5,75.8135419074329,58.05566896612268,25.603921652771533,102415.68661108613,35898.797400295734,87.5,99.69774780293685,61.06274354186541,34.03227650906192,136129.1060362477,46905.32851964235,72.0,96.14694964493192,49.062451098426024,21.933683309610934,87734.73323844373,25689.128879457712,45.5,56.455576863543286,14.184726342043225,9.302258671016897,37209.03468406759,9305.072296410799,55.0,66.86498416093308,39.50385220243228,16.54991646767594,66199.66587070376,19355.429336428642,66.0,80.61619102441753
P03,Fatigue,1,LG_0,S_1,Trial_9,32,64000,68000,4000,2000,2.0,1.0,13,90261,55.078600486302776,31.272007452324033,125088.02980929613,46628.5171918571,89.5,111.46575750169502,164.6321406620309,62.09748130440712,248389.92521762848,77195.26309520006,90.0,88.00990127864459,26.62789768039828,12.026634690898936,48106.538763595745,16696.27046212554,66.5,88.71771960623163,46.662503959668776,22.72241156157106,90889.64624628425,31723.73790293932,71.0,97.12295324026827,25.102959766046588,9.753516070300247,39014.06428120099,6233.59577730298,24.5,28.7459135934806,8.991608498726233,5.7552281113807116,23020.912445522845,7436.977326869965,62.0,87.85038266691907,8.217128615182796,5.688336249638814,22753.344998555258,5318.317748606205,13.0,43.95575582321399,19.816193238266685,10.696714504191187,42786.858016764745,11461.881175637245,79.5,80.29694771953596,49.61100737818887,21.484445076528935,85937.78030611575,32017.334923148155,108.0,111.11156304144087,55.614473978289546,32.554269548505545,130217.07819402218,44447.90314882994,69.0,93.39156734248144,38.91085380980965,19.87114783844445,79484.5913537778,25600.62250122428,44.0,67.04403241222231,14.618680196833491,9.201622188452166,36806.48875380866,9515.046048909426,55.5,69.57508777567581,39.37249980719135,16.348412470379845,65393.64988151938,20156.86985105276,74.0,90.95324339696724
P03,Fatigue,1,LG_0,S_1,Trial_9,33,66000,70000,4000,2000,2.0,1.0,13,90261,49.75823859550395,26.91210787752643,107648.43151010573,36414.88114371896,71.5,97.74400212353106,134.37753896985498,52.97943580336869,211917.74321347475,64300.79936981201,86.5,88.83652051280917,15.042482489248973,7.999639917095192,31998.559668380767,12108.282931149006,73.5,94.66223295850921,31.28022484591142,15.720258746296167,62881.03498518467,20940.914284437895,66.0,92.80987017481061,26.615510747230424,10.385542902164161,41542.171608656645,6304.706074297428,22.0,30.19952928482787,8.3699729060302,5.363410756434314,21453.643025737256,6837.880704551935,65.0,88.48447233818453,8.551653451320478,5.9555835095234215,23822.334038093686,5226.454231888056,14.5,46.666304391535434,20.415978652981185,10.80449360407656,43217.97441630624,11454.251315444708,59.0,71.19876886410003,56.66488228103155,24.341947354841977,97367.78941936791,34072.819259017706,94.5,111.36762861740361,54.90583752491192,29.990525089704896,119962.10035881959,38535.37188842893,65.0,91.59518381702931,31.109510686293063,17.15564565116074,68622.58260464296,21689.556166529655,57.0,78.68921597914641,13.860581850639962,8.523948192014359,34095.792768057436,9552.89015546441,64.0,76.73177120076583,40.067574594808164,15.642510280187707,62570.04112075083,19182.384107261896,56.5,76.08063390949269
P03,Fatigue,1,LG_0,S_1,Trial_9,34,68000,72000,4000,2000,2.0,1.0,13,90261,103.23192131011074,51.406005652970634,205624.02261188254,73052.55420506,84.0,98.31687432559441,172.9563191264181,73.66166303511709,294646.65214046836,80785.57010740042,69.5,77.80440729840252,26.091462376566046,11.910212294640951,47640.8491785638,15569.797903299332,48.0,73.03262940051455,38.461215047568,19.43951344769448,77758.05379077792,27087.83484995365,75.0,96.60740252566602,13.560037120655162,7.181454377202317,28725.81750880927,5427.577346563339,38.0,61.2956779300637,8.66011579854358,5.3643443461274725,21457.37738450989,7036.867458373308,74.0,101.71844634140227,8.974499746570629,5.915322339558043,23661.28935823217,5396.447516977787,37.5,58.1569904342035,17.883893325343024,9.030036437092349,36120.145748369396,9755.539242178202,62.0,73.4554511047775,51.045808741151276,20.721565150481183,82886.26060192473,28110.23611575365,79.5,90.31363164136168,58.71627888718473,32.340837371128146,129363.34948451258,43184.70349535346,68.0,91.17790006506718,29.168922090657304,15.165773153537884,60663.09261415154,19078.92320305109,55.0,76.92603875001075,12.240573435443993,8.338101964909583,33352.40785963833,8427.94356867671,51.0,66.96321614096522,34.03782483065669,14.458824795065448,57835.29918026179,16739.913262426853,56.5,73.75603210285665
P03,Fatigue,1,LG_0,S_1,Trial_9,35,70000,74000,4000,2000,2.0,1.0,13,90261,115.03736954210363,63.12905076281167,252516.2030512467,90555.45348674059,80.5,97.80478603336924,178.2357522954682,73.10126761969877,292405.0704787951,78662.94300183654,68.5,77.29765626616704,25.676703218559567,12.238961644878145,48955.84657951258,16649.57571774721,48.0,70.95669008952648,40.91409468248067,22.436342771817,89745.371087268,33282.67093747854,77.5,103.21258024991153,7.934837386884377,5.206348939891905,20825.39575956762,5220.0451493263245,25.0,48.5877074537695,9.03345693847071,5.357146412320435,21428.58564928174,7383.873499929905,62.5,94.13522359313518,8.468320597143126,5.42423275919864,21696.931036794558,5463.590286672115,45.5,67.34905773130288,13.283131739943945,6.439140701154247,25756.562804616988,7314.289174973965,71.5,81.84020882824896,39.084508415520325,15.15186635996215,60607.4654398486,22464.444767683744,100.5,107.82947333187609,78.78350236593022,46.90598621359095,187623.9448543638,62208.99689942598,71.5,94.40649219265914,35.12821255540362,14.203584913210943,56814.33965284377,17025.88042244315,39.5,64.96476047878305,12.569153726853964,8.367411920242011,33469.647680968046,8531.709667295218,57.5,70.26192133448168,33.48288563135602,15.00253198952414,60010.127958096564,17050.29597505927,55.0,75.01850450511415
P03,Fatigue,1,LG_0,S_1,Trial_9,36,72000,76000,4000,2000,2.0,1.0,13,90261,71.47454847577477,37.80029017536435,151201.1607014574,51628.51717323065,83.5,94.43752857896754,150.80831721466785,59.689642547583205,238758.57019033283,66973.38679805398,74.5,82.73736869084762,18.0682726647643,10.160700192570221,40642.80077028088,15303.973574191332,71.0,96.82763229505667,37.03367491643678,20.148449346597772,80593.79738639109,30348.837096244097,68.5,106.1162850164806,7.128632220341041,4.5567711787763985,18227.084715105593,5104.68166321516,61.0,71.0056763507195,8.270598449947792,5.10554830088513,20422.19320354052,7222.730852663517,73.5,99.66557049049909,8.654034849037668,5.781908053904772,23127.632215619087,6036.134995520115,43.5,66.21598795742507,17.620030384388222,9.10789069121238,36431.562764849514,10581.090115010738,65.5,78.36722743084721,59.60735429459896,26.104475960251875,104417.9038410075,38712.995033711195,104.0,107.69327980873739,81.2795400175697,49.62399751854828,198495.9900741931,67861.80771887302,72.5,101.84979105681217,44.31349205317939,18.66529131482821,74661.16525931284,21849.478036165237,57.5,74.9718277002589,12.89261719951335,8.160550540313125,32642.2021612525,8893.975429236889,63.0,74.32656388402452,40.512197999637586,15.511331238376442,62045.32495350577,18009.21680405736,54.5,74.9953007528751
P03,Fatigue,1,LG_0,S_1,Trial_9,37,74000,78000,4000,2000,2.0,1.0,13,90261,51.833484722141485,27.788684813771397,111154.73925508559,37695.47687843442,75.5,95.62057413544329,151.13329432965858,53.626643729908395,214506.57491963357,57909.72327813506,74.5,79.03997759718435,16.702336354816623,9.327680144400802,37310.720577603206,14189.09840285778,60.0,79.89246992301,39.93916249201565,19.373431228566915,77493.72491426766,27211.133390665054,67.5,98.52705670994976,6.850416068782381,4.5380709255347025,18152.28370213881,5125.434882938862,36.5,64.935617669886,8.088921059499892,5.166722154652234,20666.888618608937,7650.613412261009,69.5,100.28450318796233,9.966294810291465,6.658204440190457,26632.817760761827,6247.024331241846,21.5,48.243746337997734,19.259160116201855,10.548252646415495,42193.01058566198,12852.652091532946,74.0,87.89938335728291,65.36656595023939,31.800002628285437,127200.01051314175,46250.99170953035,79.0,99.33135948463593,74.65847134748257,43.878310509189035,175513.24203675613,66750.28968602419,92.0,107.30666042944355,41.05353998930518,19.11722288855817,76468.89155423269,23539.0342772007,68.0,72.89603218043491,12.354375928427785,8.068595541571266,32274.382166285068,8441.372122615576,56.5,69.00037472629182,44.68656738274662,16.14531894430984,64581.27577723935,18642.190005630255,60.5,68.07663532667648
P03,Fatigue,1,LG_0,S_1,Trial_9,38,76000,80000,4000,2000,2.0,1.0,13,90261,77.42770328127538,41.76119189563906,167044.76758255623,61357.19930753112,97.0,107.81244970642601,152.10417821760137,59.42998207733035,237719.9283093214,70300.61623081565,64.5,76.45959339199628,14.250532117289165,8.142712384974583,32570.849539898336,12989.073991775513,92.5,114.37747649588121,38.31365819729964,18.613559069705662,74454.23627882265,23727.64442116022,43.0,89.5133612053186,5.877773611757149,4.083793131646234,16335.172526584938,4903.863742947578,42.5,65.99175964076073,8.618326134105844,5.454970719164703,21819.882876658812,7391.808554530144,64.0,84.31253867076708,9.732532702007706,6.456511756451801,25826.047025807202,5783.128831535578,30.0,52.91909465651838,20.715900263856383,10.29687057447154,41187.48229788616,11877.555958926678,67.5,71.82209406410495,59.17200798861108,28.176481613889337,112705.92645555735,41397.48504385352,92.0,104.63414693926434,85.85805687207178,51.00827332520858,204033.0933008343,77919.184230268,93.0,112.33897050644023,40.33639540296546,18.888497076067143,75553.98830426857,21792.40668192506,59.0,65.7103609202732,12.863863722590642,7.977277140214573,31909.108560858294,7848.684582859278,53.0,67.09144551466778,46.98136348069631,17.37638883687323,69505.55534749292,19463.16296234727,51.5,69.68857665776413
P03,Fatigue,1,LG_0,S_1,Trial_9,39,78000,82000,4000,2000,2.0,1.0,13,90261,87.05348837675677,49.688928277324884,198755.71310929954,72294.1461019218,93.0,101.63559852535671,137.65985394043727,59.45409056622302,237816.3622648921,69179.94236573577,74.5,84.8633575942871,16.763754496752874,9.195553435804323,36782.21374321729,13801.501505076885,73.0,83.017358767778,40.171902051644366,17.852653980371542,71410.61592148617,23219.495732337236,47.5,77.78733128799351,5.980317708682703,4.137731245649047,16550.92498259619,4781.1755910515785,50.0,69.45526324451387,9.544522156249679,5.859603034693282,23438.41213877313,7398.522831499577,64.5,84.42096637869884,9.060253841982853,6.152440769365057,24609.76307746023,5853.6287397146225,31.0,55.93142968311029,21.582082103058212,10.319025056168902,41276.10022467561,11047.427169978619,61.5,69.48594902475493,57.204727453456314,27.80037398848217,111201.49595392868,40337.23967149854,86.5,107.54241598268418,95.63393828472086,59.121507554582784,236486.03021833114,87434.53547358513,80.0,106.44781116516629,33.60420986587562,16.433622443815693,65734.48977526277,20962.5830873847,76.0,92.71296532353453,17.11418213736854,10.13749050120823,40549.96200483292,9469.877276569605,53.0,63.37739553949011,48.17441060127911,18.584121504961512,74336.48601984605,20685.161370784044,51.0,72.63910743599303
P03,Fatigue,1,LG_0,S_1,Trial_9,40,80000,84000,4000,2000,2.0,1.0,13,90261,67.78381663019687,40.246902126818895,160987.60850727558,55124.824307858944,82.0,96.92871484220694,138.77663043140714,56.43428761861287,225737.15047445148,60737.044271081686,67.0,73.86648991397666,17.083591426947105,9.830775004578754,39323.10001831502,14192.455541342497,90.5,104.3668073116649,39.31015719801729,17.19628892452456,68785.15569809824,24853.201396763325,99.5,119.67181443757069,7.27611938399464,4.6787126725539565,18714.850690215826,4801.318421959877,26.5,51.090160780871386,9.201811871551831,5.696903209260199,22787.612837040797,7259.964570403099,57.5,82.23083760228664,8.749399690361198,5.893904635310173,23575.618541240692,5895.135179162025,37.5,56.19693580469208,20.038055880959664,10.183473112585489,40733.892450341955,11020.570062100887,56.0,72.10286847760611,63.531389218990135,30.6619219238637,122647.6876954548,42175.73078349233,82.5,101.37602000237308,82.75230327496809,49.28509980571689,197140.39922286756,71026.0633379221,90.0,109.2960492312308,46.80427642011666,19.467887600674295,77871.55040269718,21381.30981475115,39.5,51.88845406539646,17.35997787496542,10.936037772847339,43744.15109138936,10791.063867509365,50.5,65.02242447524445,48.20869150366014,17.758462555159348,71033.8502206374,20502.34992057085,42.5,62.10029136381075
P03,Fatigue,1,LG_0,S_1,Trial_9,41,82000,86000,4000,2000,2.0,1.0,13,90261,72.0238421460073,39.366650573606606,157466.6022944264,53789.598774164915,73.5,93.88438742754701,135.70432168639311,51.672053155489266,206688.21262195706,60451.38230547309,60.0,75.33968098665201,14.553624199551926,8.624713848112151,34498.855392448604,13051.638845354319,64.0,90.82907131256282,28.374093063118785,14.613051126664505,58452.20450665802,22877.677995711565,79.0,109.61124153504642,9.648754382922032,5.7417292864294724,22966.91714571789,5220.655538141727,25.0,46.254598293058265,9.218804520700052,5.828017320961226,23312.069283844903,7917.9637134075165,49.0,78.9922947830759,8.38627786629028,5.668944425869268,22675.77770347707,5791.979469358921,42.0,60.55289913274441,18.73344590156657,10.184333341172897,40737.333364691585,10813.343059271574,52.5,70.12097073333608,62.524955684768805,27.667837976035663,110671.35190414265,36776.231322437525,74.5,95.2867658746744,60.73535715778168,32.11410245620645,128456.40982482582,42597.20426052809,85.0,111.86421643193293,60.476986724929,25.07362458613934,100294.49834455736,23621.1315728724,39.5,57.7493135022115,13.826123621705092,9.062292586639524,36249.170346558094,9681.68219551444,59.5,75.83822348580553,43.65826191990652,16.06329428490717,64253.17713962868,19797.656033188105,63.0,75.559457971729
P03,Fatigue,1,LG_0,S_1,Trial_9,42,84000,88000,4000,2000,2.0,1.0,13,90261,82.87040820017718,46.106882725143805,184427.53090057522,67422.32777178288,76.0,97.07584617929022,132.26457568469874,45.54477841178887,182179.11364715546,55276.505928486586,90.0,89.36417074303553,19.90651453964145,10.758913544123061,43035.654176492244,16008.97265598178,78.0,95.96138298666708,38.52840729013837,19.390908415219748,77563.63366087899,30075.077712535858,72.5,109.01537283773507,10.676065481851234,6.169194034882821,24676.776139531285,5938.777979463339,28.0,46.9417400482578,11.54337582647729,6.711003759410232,26844.01503764093,9372.82545492053,58.0,88.99603060013295,9.396736913033221,6.2049149802420285,24819.659920968115,6541.842129081488,40.0,58.93818091298131,21.547064255799885,11.13455681623891,44538.22726495564,11832.692380994558,54.0,71.82939614430273,48.34545241412669,21.353839952801355,85415.35981120542,30039.675161242485,79.5,99.27840106073995,49.431220894797335,27.21997857313836,108879.91429255344,37849.905248731375,71.0,92.68138449972908,54.23585632019017,26.08830313634826,104353.21254539303,28806.689754128456,45.0,64.9859966511321,12.210275632323622,8.067033899936359,32268.135599745438,8579.31999489665,51.5,63.91180227300212,33.58325851519698,15.28647693139501,61145.90772558004,19270.585291087627,59.5,81.43271497210765
P03,Fatigue,1,LG_0,S_1,Trial_9,43,86000,90000,4000,2000,2.0,1.0,13,90261,67.93986681369645,39.70542315673083,158821.69262692332,59334.98116210103,89.0,105.00705130632738,125.71186273670749,46.46222000179114,185848.88000716455,54528.47443521023,75.5,82.49143880959001,24.20010938138505,12.867909065168352,51471.636260673404,19371.29944562912,56.5,72.7272954395573,43.80778721922754,23.78380309152417,95135.21236609668,35764.206666499376,82.5,118.7421758407911,10.982974528514879,6.818894560448825,27275.5782417953,5820.667743682861,35.5,56.736948042651136,11.536984546220317,6.591015128348954,26364.060513395816,8711.163979023695,53.5,88.62259932904108,9.334774980093151,6.146011086180806,24584.044344723225,6798.205431550741,53.0,65.02476356259814,24.71543171678824,12.015944264887366,48063.777059549466,13123.66472557187,56.0,73.48278007628436,52.00782795563642,25.27785042161122,101111.40168644488,38734.0534478426,105.5,109.73233550042106,57.248239315117004,31.74569778505247,126982.79114020988,44573.94843921065,84.0,105.69475172190506,42.9941784903775,23.29423936875537,93176.95747502148,28669.657465070486,62.0,79.55113240316616,12.1208614204585,8.062585882190614,32250.34352876246,8512.787614017725,73.5,77.84467816583778,28.28567641472603,13.200648488942534,52802.593955770135,16782.945673912764,70.5,95.86806134644551
P03,Fatigue,1,LG_0,S_1,Trial_10,0,0,4000,4000,2000,2.0,1.0,13,90261,12.065703435078058,4.843420333846007,19373.681335384026,6914.789695292711,67.0,85.49250469486367,2.819791493276929,1.9565925352857447,7826.370141142979,3011.658415198326,46.0,84.44134827299584,3.0641610334597416,2.338819499313831,9355.277997255325,3176.7685897648335,31.0,66.67465501575239,6.506983433120258,3.6818628548062406,14727.451419224963,5893.3040127158165,79.5,111.14318341220803,2.890801812369244,2.275076137529686,9100.304550118744,2600.561548024416,29.0,54.15002684292466,3.7139593380631095,2.854122975084465,11416.49190033786,3217.0542515814304,24.5,44.9982283744809,2.623158113535667,2.018788065481931,8075.152261927724,2846.8534350395203,31.5,64.48607062875757,5.700804432718066,3.727247742936015,14908.99097174406,5078.434944152832,47.5,73.14462692543304,2.5287307627584688,1.8712824199348688,7485.129679739475,2891.1066241562366,28.0,67.39870835637923,50.18156193413626,31.345079538971184,125380.31815588474,50751.99883431196,88.0,113.60399832337134,4.093871686674666,3.0663757668226026,12265.50306729041,4833.974223583937,67.0,95.05982311496344,14.767210452495668,10.30782091167057,41231.28364668228,13618.690054863691,79.5,95.0065314997722,7.71859561968206,5.396735162707046,21586.940650828183,7589.269336313009,79.0,96.44214896584022
P03,Fatigue,1,LG_0,S_1,Trial_10,1,2000,6000,4000,2000,2.0,1.0,13,90261,11.700359811129553,4.620299302204512,18481.19720881805,6697.186082601547,61.5,90.14355375212152,28.414430028377524,13.401554228900931,53606.21691560373,16471.34218364954,78.0,82.75363668851129,3.3400470950491417,2.490240407618694,9960.961630474776,3819.5080123841763,49.5,87.2828032855689,9.148888643081051,5.367786099761725,21471.144399046898,9334.676153957844,87.0,119.70050427303225,2.883894498430119,2.2458767388714476,8983.506955485791,2590.1849381625652,31.0,57.742041413821845,3.794218315198988,2.9581120563670993,11832.448225468397,3375.7553435862064,32.5,63.83444346802422,2.4208096108958683,1.8711783104925417,7484.713241970167,2857.840433716774,35.5,79.8670656451683,5.883784658160361,3.839946881867945,15359.78752747178,5613.7459352612495,71.5,96.35374535944723,2.611650228636649,1.9619124934542924,7847.64997381717,2968.6260037124157,52.0,84.98359889164284,40.163321341670496,21.083810426248238,84335.24170499295,33946.77396863699,80.5,111.16960060934046,5.630332145221904,3.868145013973117,15472.580055892467,6504.913605749607,83.0,110.250456384969,10.520224741081046,7.532335319556296,30129.341278225183,10891.167633235455,81.0,99.10211368912056,5.449180982294417,3.9696361934766173,15878.54477390647,6237.868499010801,73.0,99.73700571147985
P03,Fatigue,1,LG_0,S_1,Trial_10,2,4000,8000,4000,2000,2.0,1.0,13,90261,3.7055178445506187,2.772967776400037,11091.871105600148,5144.356936216354,87.5,117.54322732442564,38.23464838734066,24.71359547956381,98854.38191825524,29613.3185736835,68.0,79.21683758653302,3.7876826202771925,2.8815532762091607,11526.213104836643,5057.376530021429,80.5,112.16525302892752,12.295317683920988,8.738426881015766,34953.707524063066,15919.855888932943,84.5,117.94762749602445,2.5748840657610748,1.9667395245051011,7866.958098020405,2559.055108577013,30.0,58.61111521068218,3.2140785825601847,2.481058366817888,9924.233467271551,2742.47694760561,29.5,56.56517114548318,2.3211786898904476,1.7853557737311347,7141.423094924539,2555.392775684595,31.0,62.89708024111514,2.6286136716661215,1.8012568601639942,7205.0274406559765,2942.3792846500874,42.5,87.20913825476612,2.0721148955737667,1.568567793094553,6274.271172378212,2556.613553315401,29.0,73.53683831506603,4.1468637026370185,2.5840524761821144,10336.209904728457,4163.462109863758,65.5,101.20053850171745,6.035481302771651,4.113064746931196,16452.25898772478,7440.6396597623825,81.0,109.60103936937107,5.077720052394187,3.439964622783009,13759.858491132036,4661.234188824892,37.5,75.47783094945129,2.776689163388065,2.003052394418046,8012.2095776721835,3379.112482070923,38.5,82.91671437028366
P03,Fatigue,1,LG_0,S_1,Trial_10,3,6000,10000,4000,2000,2.0,1.0,13,90261,3.5394532586132654,2.65029953843914,10601.198153756559,5200.512707233429,90.0,131.93197691688633,27.127070715188815,15.326474985631648,61305.899942526594,18651.040643453598,74.0,87.55236999329493,3.171619050630304,2.3769098977558314,9507.639591023326,4346.273560076952,77.5,114.89824286120349,10.118719256921258,7.094399465422612,28377.597861690447,13423.060439527035,104.0,137.23813703566307,2.2307291004781162,1.736030902096536,6944.123608386144,2501.373365521431,29.5,66.19735470650359,2.75179640737692,2.149273018911481,8597.092075645924,2574.009634554386,28.5,55.697319047698905,2.2469227085437455,1.7113761152140796,6845.5044608563185,2475.7370352745056,26.5,66.26911086063781,2.0031318121090185,1.5373982882359996,6149.593152943999,2306.659333407879,34.0,71.15016189310845,1.7827375290252063,1.3412878391100094,5365.1513564400375,2446.4383721351624,45.0,97.92839793468559,2.564362016633021,1.934918544034008,7739.674176136032,3177.073784172535,37.0,81.96626719410054,4.7651635346027215,3.3473793212906457,13389.517285162583,6355.978734791279,91.0,119.23230073269235,2.8739934632241955,2.213870238349773,8855.480953399092,2588.3537717163563,25.5,51.48228489134572,1.8303191767589804,1.415752604138106,5663.010416552424,2398.8280445337296,37.0,85.8171721450537
P03,Fatigue,1,LG_0,S_1,Trial_10,4,8000,12000,4000,2000,2.0,1.0,13,90261,5.2601593041539605,3.6260737367207185,14504.294946882874,7256.607431918383,79.5,125.18935423456773,41.64391347718376,18.647083721659147,74588.33488663658,22239.211294800043,68.0,79.07050795203602,4.501995046525778,3.04457553953398,12178.30215813592,5337.8501906991005,62.0,105.27512840110599,15.886772213714924,9.17112155528739,36684.486221149564,15847.219619899988,84.0,122.8299729235524,2.7035635495414696,1.8726710544899106,7490.684217959642,2580.4187171161175,32.0,71.20244816984975,3.37302525916934,2.316124785365537,9264.499141462147,2703.412063419819,31.5,57.293784373109936,3.0862792504783965,1.8049071378773078,7219.628551509231,2501.983754336834,30.0,71.11935315383273,2.4081400662516836,1.7496447471901775,6998.57898876071,2671.0614562034607,31.0,75.33470240995207,3.2223584828826697,1.817174770438578,7268.699081754312,3026.0025523602962,35.0,90.51018610793834,6.847068331052468,4.415049577644095,17660.19831057638,7010.62073931098,60.0,92.32028602800662,17.91090928536289,7.794175984209869,31176.703936839476,10589.025169610977,67.0,101.9614913514566,7.450945889816321,4.613521010708064,18454.084042832255,6062.686908990145,75.0,91.09519587868397,4.017057826814296,2.608545433729887,10434.181734919548,4069.157037883997,66.0,91.57191708410855
P03,Fatigue,1,LG_0,S_1,Trial_10,5,10000,14000,4000,2000,2.0,1.0,13,90261,15.038150321066388,8.271017182152718,33084.06872861087,14390.831906348467,65.0,105.70083496262737,60.18030667892225,25.241891729808412,100967.56691923365,27451.016195118427,76.0,82.04958803786484,7.408357158023415,4.795991635066457,19183.96654026583,8575.352467596531,91.0,120.88515346330314,22.632200348625368,13.391107729519717,53564.43091807887,20350.66829994321,63.5,94.56432548215524,6.570245860322392,3.3982048719772138,13592.819487908855,4398.766998201609,58.0,71.71509595135943,7.15023097039589,4.1064537019701675,16425.81480788067,5511.811003088951,52.0,81.26600306729662,6.357756240279749,3.8647635743836872,15459.054297534749,3996.8259632587433,29.5,46.89160011562415,8.249864269938252,4.498855351610109,17995.421406440437,5689.43414837122,75.0,86.71601743588742,19.178751329112394,7.963603667763527,31854.41467105411,9779.954794794321,68.0,85.6894191810664,27.506948116381366,15.414947983226739,61659.791932906955,21866.56892299652,64.0,86.68475788455544,27.929801202357723,14.786711093666963,59146.84437466785,18715.741857886314,46.5,63.500385425562065,11.608219523809105,7.6246750158490615,30498.700063396245,9399.682562798262,58.5,76.46536624014551,41.03940138077295,13.511155873490498,54044.62349396199,14874.870236963034,68.5,73.98572766299425
P03,Fatigue,1,LG_0,S_1,Trial_10,6,12000,16000,4000,2000,2.0,1.0,13,90261,26.73176256495986,14.803343654796482,59213.374619185925,21126.472484320402,72.0,92.49312068840045,50.77399698339507,16.14680897970684,64587.235918827355,16990.78306555748,47.0,64.47296773684955,16.51882438785699,8.15150488326326,32606.01953305304,10696.148406714201,43.0,68.88774389781945,25.26844854035307,12.929159293835983,51716.63717534393,17079.899832606316,70.5,95.49341158293792,8.256678453575773,4.417407128144987,17669.628512579948,5498.382449150085,72.5,81.26024367989787,7.962538031816126,4.974485042202287,19897.940168809146,7068.912871181965,69.5,96.70997688608472,7.135564848627623,4.92855519130826,19714.22076523304,5287.493113428354,40.0,64.89622237464773,12.00800111625603,7.525530323549174,30102.121294196695,8827.748242765665,50.0,74.9036143916571,41.29136828154514,20.80587949277833,83223.51797111332,29582.79913291335,88.0,102.91028757465607,38.72091622767891,23.363114421907813,93452.45768763125,31779.28328514099,70.0,97.44961381037822,26.29108989767853,14.692111547233072,58768.446188932285,20689.128898084164,69.5,102.15145566615338,13.654326467623438,8.382064837845974,33528.259351383895,9419.82539370656,66.0,78.20631731364423,61.71955631189189,22.811370123468805,91245.48049387522,25738.570373505354,68.5,72.02092363008202
P03,Fatigue,1,LG_0,S_1,Trial_10,7,14000,18000,4000,2000,2.0,1.0,13,90261,33.32974876272862,19.797051328618544,79188.20531447418,27116.828318685293,68.5,88.49364601313465,74.98945632868116,26.349207998649216,105396.83199459687,29250.747617334127,69.0,83.12083769292165,18.760487286711914,9.469485368800814,37877.94147520326,11979.185696691275,48.5,65.18864624030763,38.45115440134861,17.53272638893686,70130.90555574745,23310.13847142458,67.0,87.37230953268835,6.926623350177029,3.8987692508730105,15595.077003492042,4850.454721599817,67.5,77.47304625100975,7.807301563574972,4.687942667026073,18751.77066810429,6507.0499666035175,79.5,95.10487833083863,6.974062740195257,4.599093555472791,18396.374221891165,5056.155752390623,43.5,61.57596724767749,16.346412629284973,8.354125472449232,33416.50188979693,9759.20157507062,75.0,85.74147314131602,49.95851073553334,24.196309346472844,96785.23738589138,36389.855202287436,85.5,100.43276374739611,38.687465421248824,24.51740258979844,98069.61035919376,33257.95019045472,69.5,91.27626428151561,28.53433865525812,14.964242718776223,59856.97087510489,21258.62166285515,50.5,75.19877906229966,13.470862419804607,8.294477171078324,33177.9086843133,9210.156835615635,67.5,78.33741242019542,61.8074297599195,22.887596813961864,91550.38725584745,27862.41825670004,59.0,75.64452543818341
P03,Fatigue,1,LG_0,S_1,Trial_10,8,16000,20000,4000,2000,2.0,1.0,13,90261,52.293633282869635,29.54543666128302,118181.74664513208,42820.30137255788,80.5,97.89410936959445,120.05249514913741,41.21670267865993,164866.81071463972,47459.25636962056,59.5,75.36557832838092,18.354058106203958,9.146335687406827,36585.34274962731,13129.158224910498,85.0,100.27636432516695,54.24610862981475,23.549052550678606,94196.21020271443,32925.8986748755,60.0,91.19080944139486,8.097133789378695,4.767032195511274,19068.128782045096,5473.966896533966,61.0,73.27935986907897,10.117810185896484,5.742433751421049,22969.735005684197,7827.320974320173,61.5,88.72932771252857,8.326128386216471,5.581785137602128,22327.140550408512,5485.869478434324,36.0,56.50881396198586,20.109397123178326,9.883171352732461,39532.685410929844,11135.017964988947,84.0,92.71395606117605,41.76577306237995,17.723008769354784,70892.03507741913,26175.913959741592,92.5,108.52943967935872,38.25065736549968,25.56083842641674,102243.35370566696,35824.02477040887,81.0,100.09323276890109,32.4087855284577,17.68333708238788,70733.34832955152,24858.38970169425,74.0,94.93930376193364,11.361352207305893,7.468596764584072,29874.387058336288,7924.983184784651,63.0,75.15290113853482,51.401622361908,22.133720542583614,88534.88217033446,24498.870689421892,44.5,71.15499899092823
P03,Fatigue,1,LG_0,S_1,Trial_10,9,18000,22000,4000,2000,2.0,1.0,13,90261,72.87717191032247,42.960194553993645,171840.77821597457,61135.32297313213,85.5,100.97092574674241,161.52880418587128,53.11379458941519,212455.17835766077,65074.772387742996,98.5,85.57692392376453,36.48984804785021,13.98144985025283,55925.79940101132,17723.860032856464,81.0,97.23195474003427,58.014760364059434,25.60931722285459,102437.26889141835,34808.0325871706,59.0,89.24036661040819,8.560422470894965,5.421125841978937,21684.50336791575,5682.719871401787,60.5,70.67456495449194,11.544265624812802,6.758109905850143,27032.43962340057,8705.97567409277,62.5,88.105487114796,9.500997474159476,6.574682268127799,26298.729072511196,6342.855375260115,45.0,58.71629095435417,24.78332017283354,12.660067057458217,50640.26822983287,13897.637743502855,70.0,80.2418682157374,44.54800921450149,21.957681051082908,87830.72420433164,31185.069773346186,75.0,97.18661841505524,45.50263098905204,28.887321086612065,115549.28434644826,40902.154520154,71.0,99.1823179517797,41.43895350614456,21.746129557944368,86984.51823177747,28092.534840106964,58.0,72.03689311079876,12.652453154874166,8.114190289005638,32456.76115602255,8324.177470058203,61.5,72.65229269390962,42.32213618559583,18.99545012913877,75981.80051655509,21313.251461833715,55.5,71.0788919383425
P03,Fatigue,1,LG_0,S_1,Trial_10,10,20000,24000,4000,2000,2.0,1.0,13,90261,71.2439695505063,40.205731401219964,160822.92560487986,55412.62263432145,66.0,90.43055453995288,178.24704323616396,61.816882857366,247267.531429464,70943.9660422504,98.0,89.34407386271369,35.111217498245615,13.473357469798065,53893.42987919226,18311.96965649724,68.5,75.4412222056854,53.91441056639457,26.46670738782268,105866.82955129072,36627.6016458869,75.5,97.83402460130085,7.290446486205413,4.919160010362975,19676.6400414519,5468.473397195339,59.0,74.19905361329097,11.702464364257308,6.825882825697772,27303.53130279109,8678.813371807337,56.5,82.4597199784989,9.60787478001661,6.573741048574448,26294.96419429779,6235.426943749189,34.5,56.15636447495722,26.310535908957377,13.12979913316667,52519.19653266668,13676.371797919273,74.5,76.1542385336652,59.527226042720166,26.133380846306682,104533.52338522673,36960.87393909693,90.0,101.63446372674947,47.755758864668216,30.581618637219073,122326.47454887629,41788.43908011913,68.0,94.6221416274182,80.75691503432088,32.11159860313637,128446.39441254549,31530.244648456573,42.5,50.854937610370214,15.358456917938977,9.756638933927752,39026.55573571101,9555.942099541426,54.0,67.23846335796334,44.536390995585876,18.505727667128667,74022.91066851467,22737.89895698428,64.5,83.60701767481832
P03,Fatigue,1,LG_0,S_1,Trial_10,11,22000,26000,4000,2000,2.0,1.0,13,90261,58.215230075187414,31.91057944530621,127642.31778122485,44278.82544696331,84.0,100.5815525745236,164.64623873410036,52.357590600289406,209430.36240115762,58574.74189251661,69.5,78.85870786763108,36.04531410409753,12.72065551020205,50882.6220408082,16935.54287776351,76.0,98.60472453009481,45.145211589353536,21.39847432973329,85593.89731893316,28868.033830076456,61.5,91.53377678424819,7.428864136234453,4.742242321954109,18968.969287816435,5638.161487877369,59.5,74.85921628081361,11.111654445989148,6.297365004313178,25189.460017252713,7919.184491038322,61.0,80.04484208802451,9.145672468158013,6.118425937043503,24473.70374817401,5715.070478618145,27.5,53.65602605864978,23.05007832949783,12.530081936169882,50120.327744679525,12638.7108117342,67.5,73.29918004982954,62.36453060297113,26.87005346152,107480.21384608,38575.35235583782,97.5,105.93394643694685,46.49443858215978,27.41382589128334,109655.30356513336,38397.72921055555,82.0,108.24692194331044,76.34114436560651,28.130813848692924,112523.2553947717,29246.780090034008,45.0,59.25370054580241,14.585422006789003,9.3886833563447,37554.7334253788,8990.111667662859,49.5,69.09150362745608,44.97384089406657,18.86974463458173,75478.97853832692,22714.093793183565,58.0,85.10924104844908
P03,Fatigue,1,LG_0,S_1,Trial_10,12,24000,28000,4000,2000,2.0,1.0,13,90261,63.35492722809224,37.13968474841677,148558.73899366707,52838.91819417477,83.5,101.36157472873968,140.2398381626635,45.53708541450324,182148.34165801294,53980.95566779375,70.5,79.1800575619742,51.78519155942054,18.074696111632512,72298.78444653004,19690.53279608488,49.0,55.62146599723537,39.6392986606444,16.863024261174722,67452.0970446989,21534.212213009596,57.0,81.21942065722764,7.860289367283872,4.813621571520343,19254.486286081374,5889.641679823399,75.5,84.2339819354027,11.071926484747753,6.244068103760947,24976.272415043786,7866.080664098263,58.5,75.40376004581496,8.656024401658435,5.639136965502985,22556.54786201194,5567.051190882921,14.5,44.372434286613725,21.881786224470936,12.335295115190092,49341.18046076037,12308.795657008886,60.5,67.17513956566405,56.53160875997302,25.181390295620076,100725.5611824803,36398.095451295376,115.0,114.3084785003529,54.65193964062847,30.58776010243455,122351.0404097382,41391.68635010719,67.5,102.40635230419173,33.45584843270492,17.017540908954107,68070.16363581643,22720.197681337595,51.0,80.13744112219233,12.677706393080435,8.32119854374323,33284.79417497292,8374.83974173665,58.5,69.27101704063536,41.86417211499046,17.259586855070665,69038.34742028266,21809.19237434864,65.5,84.91177632223926
P03,Fatigue,1,LG_0,S_1,Trial_10,13,26000,30000,4000,2000,2.0,1.0,13,90261,65.11380382275323,38.54875210720347,154195.0084288139,56293.71888935566,76.0,99.62139184385774,120.16895839313283,46.32729359229561,185309.17436918244,56292.19291731715,92.5,93.77810093174139,43.032646341497745,15.52965392798651,62118.61571194604,17905.14551103115,56.0,62.24141636386136,40.30603459116442,16.6730112148216,66692.0448592864,22675.334103405476,61.0,82.32087159846229,7.497848276546004,4.624110951460898,18496.44380584359,5623.206961899996,78.0,86.6463552164714,10.764967328095157,6.025878937449306,24103.515749797225,7724.775653332472,61.5,86.97663049631653,7.649415937190481,5.051116801972967,20204.467207891867,5473.051313310862,27.0,55.7318761012389,22.45132659181349,11.898559895856305,47594.239583425224,11428.309790790081,49.5,63.48376861456122,49.99762131549895,21.35262161672581,85410.48646690324,32033.205032348633,108.0,113.46490605972066,63.560402558008896,34.27233460955322,137089.33843821287,42566.68481975794,74.5,87.51713713328134,37.69329955152388,18.310878204996698,73243.51281998679,23842.09232404828,45.5,74.35960122843123,11.867676429176962,7.974460501025897,31897.842004103586,7827.320974320173,50.5,64.61943676904447,43.131739567335146,17.757987291167957,71031.94916467182,21138.680260628462,73.5,89.59202218176848
P03,Fatigue,1,LG_0,S_1,Trial_10,14,28000,32000,4000,2000,2.0,1.0,13,90261,62.28386808751526,36.93808160108747,147752.32640434988,55463.8952948153,90.0,107.51821616727958,145.398397873291,54.278291891736444,217113.16756694578,64282.792899757624,76.0,87.70137357579617,24.353070423322663,10.954873990197665,43819.495960790664,15217.298362404108,71.5,74.90351528851487,52.3048323462345,21.037925400782843,84151.70160313137,27359.152678400278,57.5,88.25123367987929,7.647344614468167,4.778760168061126,19115.040672244504,5464.811064302921,59.5,77.2002604033618,12.094723548129254,6.731143347627949,26924.573390511796,8187.450375407934,56.5,78.59523894633067,9.300563102362888,6.282951816916466,25131.807267665863,5825.245659798384,21.5,47.55522387578408,26.331301857083613,13.834542843536473,55338.171374145895,14069.157000631094,66.0,75.7705084818399,51.700193290755486,24.413112357934004,97652.44943173602,36195.14117017388,87.5,106.7025840389385,65.54521135683204,35.61749380157562,142469.97520630248,48481.65763542056,82.5,103.4989802173033,37.21896058896996,18.36367378558498,73454.69514233992,24152.169842272997,67.0,81.86000721835869,12.027038918081967,8.1262436369434,32504.9745477736,8196.301013231277,62.0,72.46330120747278,44.66981185532241,18.78555660462007,75142.22641848028,20202.954206615686,49.5,71.20778708951713
P03,Fatigue,1,LG_0,S_1,Trial_10,15,30000,34000,4000,2000,2.0,1.0,13,90261,64.96759318696947,38.97914782830048,155916.59131320193,55619.849637150764,95.5,106.2607119568098,145.9346971442135,55.301979437517005,221207.917750068,64231.52023926377,65.0,74.00658079054163,19.06576718825582,9.757750680856407,39031.00272342563,14367.637131363153,78.5,91.30305977658587,57.45114800516252,24.481065647676587,97924.26259070635,31559.84850600362,78.5,93.04368602682916,8.185678367829478,5.276650166511535,21106.600666046143,5762.070417404175,57.5,69.43515015794598,12.182739280599497,7.169389584474265,28677.558337897062,8932.735119014978,57.5,81.88942221394419,11.038071910443632,7.724703360407148,30898.81344162859,6471.342220902443,22.0,45.3145509302775,26.08391198980082,14.554444186761975,58217.7767470479,14741.805475205183,63.0,72.57002939818479,55.23607825399828,26.488673373823985,105954.69349529594,37835.866305977106,84.0,101.7067479008538,70.14747455473123,37.25201242760522,149008.0497104209,52033.51015225053,74.0,85.24277965347909,40.231894188702654,19.305836351506876,77223.34540602751,23898.85848388076,69.0,78.29381310670418,15.41333540114155,10.104911112634,40419.644450536,10178.53869125247,62.5,73.92904928923811,45.608169492845725,18.84954656348564,75398.18625394255,20145.272463560104,66.5,74.37173927435114
P03,Fatigue,1,LG_0,S_1,Trial_10,16,32000,36000,4000,2000,2.0,1.0,13,90261,90.27432235939368,50.27836572553497,201113.46290213987,69758.5909627378,73.0,90.66956386367549,110.79877547970311,44.94978344971314,179799.13379885256,51497.283577919006,81.5,82.8903523931789,14.439419673988784,8.373974591889418,33495.898367557675,12573.704402893782,92.5,104.27102057497902,43.92629303694314,19.792179014347493,79168.71605738997,25778.85603532195,70.5,99.19603217771122,7.849255105709684,5.314797178516164,21259.188714064658,5785.57038679719,54.5,68.8936124167511,10.678249466816373,6.655758078116923,26623.032312467694,8694.683481007814,66.5,88.51702312761067,9.709531599515298,6.847946588357445,27391.78635342978,6225.35552829504,25.0,50.24926775524496,20.99117817914413,11.95049131847918,47801.96527391672,12176.64647847414,65.0,72.48800262691218,47.211833367855384,20.833685450069606,83334.74180027843,28993.46873164177,92.0,104.65616467504405,69.04128775798728,35.28378401218215,141135.1360487286,47385.3993229568,70.5,100.39358761524224,40.00710224972524,18.788512374309356,75154.04949723743,24130.50103932619,70.0,81.20010153335856,15.228471242314535,10.197547267144547,40790.189068578184,9769.272990524769,57.0,65.30542280737718,45.46868808792713,17.875261790212242,71501.04716084898,19291.33851081133,56.0,70.42744549448575
P03,Fatigue,1,LG_0,S_1,Trial_10,17,34000,38000,4000,2000,2.0,1.0,13,90261,89.30214850711671,48.70962030929513,194838.48123718053,67400.04858002067,77.5,98.88404290818882,164.4707954828775,61.61212323687505,246448.4929475002,67249.58773702383,65.5,78.65181330469103,20.084495328646042,10.196111785247922,40784.44714099169,13227.73601859808,62.5,81.5359306103129,43.069939878026396,19.303936935961246,77215.74774384499,23409.631848335266,61.5,93.19932096403127,7.454392506553874,5.155978739261627,20623.91495704651,5377.220269292593,43.5,66.22465725375356,9.913279723536709,6.053178920561914,24212.715682247654,7674.418576061726,54.5,84.02525442919952,7.534895425977341,5.343670629546978,21374.68251818791,5389.428045600653,24.0,54.894751649846214,19.27982602362442,10.625884719006716,42503.53887602687,11323.322914540768,70.5,74.86898575627494,49.3200870256839,20.261549167637714,81046.19667055085,28720.014542341232,97.0,103.8952028294103,70.51864473650535,37.79883928115014,151195.35712460056,51033.08288380504,60.0,88.95740058390145,62.019832012521775,23.977343422244303,95909.37368897721,24304.15665730834,47.5,58.830296644437574,13.959336451933805,9.760673565848265,39042.69426339306,9422.877337783575,62.0,71.05261765310253,46.7911603858563,17.550015003595036,70200.06001438014,19428.3707998693,54.5,72.07125378986825
P03,Fatigue,1,LG_0,S_1,Trial_10,18,36000,40000,4000,2000,2.0,1.0,13,90261,55.205975566110865,31.699634411605075,126798.5376464203,43795.092310756445,74.5,96.65204496871755,168.26081319682135,58.899642512376886,235598.57004950754,67032.28931874037,62.5,73.53051045488759,20.32888339229423,10.393708531139419,41574.834124557674,13250.32040476799,55.0,70.06876207736153,40.25668778902265,17.729165685037152,70916.6627401486,21746.322326362133,46.0,76.52016057690915,7.275318445159845,5.214446548663545,20857.78619465418,5343.038495630026,38.0,57.99145148952971,9.214979215534111,5.769253701879643,23077.01480751857,7438.808493316174,47.0,74.9743606288697,8.064200086061778,5.616137438639998,22464.549754559994,5450.466927140951,34.5,59.3661465340334,20.269172512605053,11.597251070756466,46389.00428302586,11708.17306265235,66.0,71.41298249248872,59.3649590294593,25.079808244481683,100319.23297792673,36087.40754425526,99.0,106.9551782147482,70.70884039549624,37.164711376535706,148658.84550614282,48108.404874801636,64.0,88.60734386072141,66.35949430622215,26.526391587685794,106105.56635074317,25395.531859248877,46.5,55.183265869811756,14.484282804706691,9.539791669277474,38159.1666771099,9674.357529729605,65.5,73.59053985994296,40.12343655565188,15.28069132285891,61122.765291435644,17018.250562250614,52.0,75.45627482976306
P03,Fatigue,1,LG_0,S_1,Trial_10,19,38000,42000,4000,2000,2.0,1.0,13,90261,53.051919198437886,30.38011914154049,121520.47656616196,43650.124967098236,76.0,99.16260875132765,141.4852666755975,48.534388362197205,194137.55344878882,53941.89078360796,64.0,82.59174715708689,17.96649873402167,9.927624253439717,39710.49701375887,14609.656296670437,75.5,89.24831717900456,36.31127605365064,17.058871480124072,68235.48592049628,22918.268851935863,77.0,97.9372626311218,6.992677230221803,4.9646206248551605,19858.482499420643,5363.181326538324,56.5,69.77169505792914,10.132771806153608,6.341856054321397,25367.42421728559,7877.983245998621,58.0,86.5060609825506,8.773944464802428,6.245482412795536,24981.929651182145,5718.12242269516,21.0,48.163651549945364,18.47125537440326,10.831788627780043,43327.15451112017,11124.641355127096,56.0,66.56901765858653,58.81670672267422,26.851087231351993,107404.34892540798,40245.68134918809,104.5,113.66438772205235,51.56563978710275,29.584103076020256,118336.41230408102,39431.11747503281,70.0,96.20884711329217,45.83951457600998,24.39304330777377,97572.17323109508,30264.298245310783,50.0,73.06397248670088,12.950630442950164,8.15110782533884,32604.431301355362,8426.112402230501,60.5,73.60406404959879,38.09808236614861,14.080200612870977,56320.802451483905,15382.103342562914,53.5,66.72384282170472
P03,Fatigue,1,LG_0,S_1,Trial_10,20,40000,44000,4000,2000,2.0,1.0,13,90261,61.97938231463178,34.547044635692146,138188.17854276858,49760.42220368981,76.0,94.69608397152741,127.30109335459106,43.95829234982375,175833.169399295,47606.66526854038,71.5,82.17855985001432,17.017429854102033,9.350749408185948,37402.99763274379,15206.006169319153,107.5,130.87507693376517,37.2198319239417,18.238853087765165,72955.41235106066,24928.279221057892,62.5,85.71886274556499,6.769178223479486,4.4931181545369325,17972.47261814773,4949.337709695101,44.5,63.67867474956979,9.88259459702652,6.248183535900898,24992.734143603593,7445.522770285606,54.5,75.62634746415665,8.926341680352916,6.1736164162983185,24694.465665193275,5582.616105675697,24.0,46.42899862989764,18.229433712513643,10.2507459713961,41002.9838855844,10450.4669085145,61.5,74.59888057610122,57.73122939569245,27.912055265915114,111648.22106366046,41007.446590811014,103.0,108.40532868858014,55.55532532396529,33.127441241114866,132509.76496445946,46139.59575071931,86.0,109.35315039341475,40.15470822920472,22.62760997643927,90510.43990575708,29949.948005378246,70.5,88.38770907963949,14.025924448738015,8.690647819056176,34762.5912762247,8979.429863393307,63.0,69.4987463804784,45.564607971786245,16.980459368776064,67921.83747510426,19607.519917190075,64.5,86.93063054795769
P03,Fatigue,1,LG_0,S_1,Trial_10,21,42000,46000,4000,2000,2.0,1.0,13,90261,69.92168370894511,40.71343072942691,162853.72291770764,58165.17099738121,65.5,99.13388458336227,76.56365036674379,27.006219608848916,108024.87843539566,30427.882447838783,79.5,80.87254763180144,10.692852696093164,6.5533282732125375,26213.31309285015,11030.641477555037,111.0,131.11382420657714,33.915499257358526,15.732355889631435,62929.42355852574,20559.116080403328,71.5,90.73587317501003,7.618179443735231,4.700698496191762,18802.79398476705,5436.122789978981,52.5,74.16727580022287,10.530861431937238,6.338743491005152,25354.97396402061,8067.508973181248,60.0,88.08546557844036,9.333045330008197,6.2760775036294945,25104.310014517978,5613.135546445847,19.0,46.33306223519922,23.332255981566757,11.823041218239814,47292.164872959256,11333.699524402618,53.0,65.07623222881253,52.003970200721085,22.966578990314154,91866.31596125662,33850.94292461872,83.5,100.9444168366308,65.57899996823286,37.86332121340092,151453.2848536037,54075.56593418121,92.0,107.88932562911472,40.15375356065569,20.07048083532136,80281.92334128544,25642.434135079384,55.5,79.11258272573434,15.52325468432773,9.61689400067553,38467.57600270212,9783.006738871336,53.5,65.35794574977201,50.18299935636166,19.546802634256892,78187.21053702757,24569.98098641634,75.5,82.68708096712902
P03,Fatigue,1,LG_0,S_1,Trial_10,22,44000,48000,4000,2000,2.0,1.0,13,90261,67.21363718202403,40.67899087574333,162715.96350297332,57404.32133898139,83.0,101.04406262874676,121.59061680854266,51.1227040990605,204490.816396242,57217.84755587578,74.5,85.60429251818141,21.120098806647462,9.530651401961222,38122.60560784489,12381.737120449543,42.0,60.97350283306806,40.81741806926616,19.13315991163254,76532.63964653015,24545.870628207922,69.0,87.1369120525903,7.230744385273338,4.602342159196269,18409.368636785075,5336.6294130682945,58.0,76.97216324053265,10.752419526744895,6.228225118713453,24912.900474853814,7939.022127538919,68.5,86.52694282981597,9.355411492501926,6.157424746640027,24629.698986560106,5746.8106970191,31.5,53.11110028862802,25.449543076538617,12.267113997822161,49068.45599128865,12566.074542701244,57.0,67.48566046646444,57.48481489777764,23.249068383756093,92996.27353502437,34939.876571297646,104.5,110.17677001922189,62.963818785901296,35.51145686581731,142045.82746326923,50367.75907501578,72.0,100.45419902906153,45.63151158365861,21.69583020056598,86783.32080226392,25382.713694125414,42.0,67.88263012528688,14.682470362945855,9.71767148305662,38870.68593222648,10147.408861666918,64.0,76.18579452824923,53.815174222263444,21.56565120453015,86262.6048181206,24642.617255449295,60.0,69.23590551006018
P03,Fatigue,1,LG_0,S_1,Trial_10,23,46000,50000,4000,2000,2.0,1.0,13,90261,75.27520963985009,44.39178094919771,177567.12379679084,65128.48660349846,77.0,97.37695615340319,139.1815832216054,62.53353292641695,250134.13170566782,73588.78077939153,72.5,78.10135525745123,22.122859294963565,10.744063928723335,42976.25571489334,14834.889769554138,93.5,116.57680715031489,43.98575407382165,22.193947454402224,88775.7898176089,29178.111348301172,69.5,92.99839480202425,6.576508725979244,4.433660141879227,17734.640567516908,4900.8117988705635,46.5,67.03487895247201,9.364027118061172,5.687179944326635,22748.71977730654,7057.010289281607,68.0,83.5811295610121,8.731524021487703,5.8242563339765185,23297.025335906073,5653.116013854742,40.5,56.3073262256499,23.43638025576449,11.36416513650911,45456.66054603644,12186.107505112886,67.5,81.30163339288364,62.68356747119371,26.076420430233703,104305.68172093481,37882.25585594773,101.5,104.79125985105001,61.72610383699113,34.38596947453916,137543.87789815664,49366.41622334719,100.0,119.15221988366376,38.94592204327292,18.377729590330272,73510.91836132109,21843.98453682661,41.0,61.15079659280548,13.764549458042566,9.532547231472563,38130.18892589025,10141.915362328291,61.0,73.18869909842563,49.92643129218939,19.823257418675347,79293.02967470139,21248.8554418087,60.5,82.12594622020063
P03,Fatigue,1,LG_0,S_1,Trial_10,24,48000,52000,4000,2000,2.0,1.0,13,90261,76.23389733839076,46.51437124068616,186057.48496274464,66267.16693863273,79.0,109.6272425945841,139.07571160764974,54.2451373643009,216980.5494572036,61296.46562039852,43.5,67.35998584948682,23.40636621255557,11.064129582478198,44256.5183299128,15146.798454225063,58.5,68.02596746263968,48.356227964865134,23.42326080055209,93693.04320220836,26411.218848079443,37.5,59.995103530501886,6.584292755266163,4.401658486318775,17606.633945275098,5001.2207590043545,65.0,71.82589990511076,9.134838507732725,5.631234414107166,22524.937656428665,7305.743731558323,65.0,85.08628369988612,8.482131873126676,5.901613617152907,23606.454468611628,5662.577040493488,25.0,51.82195976354342,19.964804130841127,10.640240529854783,42560.96211941913,11141.427047550678,71.5,82.7365418243305,52.28354298171183,23.82540128004039,95301.60512016155,35733.68722572923,91.5,108.69955161020796,60.94337009202963,33.559916442458054,134239.6657698322,50199.90215077996,90.0,104.91626624950533,29.67750440646743,16.097464537480846,64389.858149923384,21386.192925274372,52.5,72.1783723478795,15.69046104213967,10.099844122480135,40399.37648992054,10044.863540679216,49.5,65.60244692869952,44.34130496605164,17.08975188957993,68359.00755831972,20830.128714442253,74.5,88.19739307456796
P03,Fatigue,1,LG_0,S_1,Trial_10,25,50000,54000,4000,2000,2.0,1.0,13,90261,83.29369284970093,46.01724575422704,184068.98301690817,61931.57518282533,77.5,95.4912692731033,132.29511017401575,52.20084321028553,208803.37284114212,56785.99746897817,82.5,85.65427532078924,26.636154403141514,12.656312441406772,50625.249765627086,16081.608925014734,83.5,91.15912624163126,46.72219420452058,21.0997551936307,84399.0207745228,24869.376700371504,83.5,102.58090028629547,6.199130617984496,4.071965322375763,16287.861289503053,4943.844210356474,67.5,80.09118034851272,9.102384508699823,5.563410030852538,22253.64012341015,7347.250171005726,74.5,99.55906850695061,8.505728925219362,5.836518625635653,23346.074502542615,5695.843230932951,40.0,53.641231314926415,21.365452215265503,10.856293831253424,43425.1753250137,10754.135344177485,64.0,69.15136705761275,46.27004828156226,20.30431995121762,81217.27980487049,31176.829524338245,96.5,111.13660549560272,57.94212444250193,30.246476417873055,120985.90567149222,40512.421261519194,86.5,91.61900204922988,39.50460909040712,20.181056240818,80724.22496327199,24556.247238069773,50.5,77.00333689616599,14.87961836775367,9.214217752404512,36856.871009618044,9633.156284689903,64.5,74.40011756351049,41.99022223049319,17.190671821450813,68762.68728580326,21037.96610608697,56.5,74.33256197405177
P03,Fatigue,1,LG_0,S_1,Trial_10,26,52000,56000,4000,2000,2.0,1.0,13,90261,89.9059853562587,46.38875715185422,185555.0286074169,62522.431556135416,85.0,101.72816982228272,136.4384461826733,49.934648153721355,199738.59261488542,56451.19920372963,76.0,83.41546323027495,28.644925476950416,12.363196522032377,49452.786088129506,15453.824028372765,50.5,71.6135933322477,42.041976117631805,18.069627366610803,72278.50946644321,25324.72675666213,79.0,98.6312854919291,11.372363709994696,5.247139469557442,20988.557878229767,6184.154283255339,63.5,76.00292062095265,9.268296397919451,5.708658115216531,22834.632460866123,7786.730118095875,68.5,89.0440154999784,8.772756547483358,5.793950414843858,23175.80165937543,5910.3948995471,27.5,56.20001904921072,22.820744859821147,11.337672392604873,45350.68957041949,10939.083155244589,55.5,66.24205871096846,46.52759094715818,18.49880112744868,73995.20450979471,26593.725103884935,97.0,114.60919885878262,54.67620859635426,30.357226280122994,121428.90512049198,37994.26220357418,76.0,95.85489018293632,42.08951530154912,21.65907502765767,86636.30011063069,25870.4143576324,49.0,68.0530350188865,11.507232391889728,7.554559385578614,30218.237542314455,8309.833332896233,53.5,72.75396622365878,44.89707393605251,17.890662815608085,71562.65126243234,20564.609579741955,60.0,76.47503418806086
P03,Fatigue,1,LG_0,S_1,Trial_10,27,54000,58000,4000,2000,2.0,1.0,13,90261,70.76968051807931,38.22929745265283,152917.1898106113,50836.232490837574,82.5,99.24494134084429,143.17285196432167,49.113777742325325,196455.1109693013,56639.80934768915,77.5,85.5944113712372,28.991025730600654,11.879207060672343,47516.82824268937,14890.129957348108,76.5,89.97140704787624,41.24609547551953,18.802226704661734,75208.90681864694,25271.62292972207,93.0,113.39311592652014,12.196744187660551,5.963273035222665,23853.092140890658,7283.1593453884125,76.0,85.12105716347307,11.210084018674088,6.680021491320804,26720.085965283215,9268.143773078918,64.0,99.70246423147123,10.120222730708713,6.459395767305978,25837.58306922391,6815.296318382025,54.0,69.57603214097861,22.4527252050228,11.690024066809565,46760.09626723826,11642.251070588827,66.0,71.26819516765032,58.62592174595562,22.079258295334874,88317.0331813395,30194.713920354843,89.5,102.9980756527826,55.45615622104544,32.449192334711555,129796.7693388462,42787.035182118416,82.5,101.77363763023878,37.390107811463814,19.210776724503376,76843.1068980135,25251.480098813772,74.0,88.37792104994027,12.599242468251434,8.01166652237298,32046.66608949192,8046.145364642143,47.5,65.98989191271475,43.48442705536827,17.733897419134156,70935.58967653662,22383.87344405055,66.5,93.85260991280735
P03,Fatigue,1,LG_0,S_1,Trial_10,28,56000,60000,4000,2000,2.0,1.0,13,90261,68.89859922195446,38.24718970370013,152988.75881480053,52649.69766139984,71.5,88.53049944928225,125.5865737744441,50.1350722206058,200540.2888824232,58643.41063424945,74.5,83.52927131504539,20.151514093717942,9.906881677370984,39627.52670948394,14721.357449889183,80.0,104.53045974264192,38.29163201453229,19.35327466391027,77413.09865564108,28643.410746008158,85.0,113.08302684704371,7.312529388451135,4.637211345112883,18548.84538045153,5832.265131175518,74.5,87.29679199948681,10.243274999617478,5.928740211692639,23714.960846770555,7974.424678832293,73.0,102.21495447981806,9.396162260847102,6.149867789761629,24599.471159046516,6254.654191434383,35.5,59.30905828438103,21.051886866920565,11.767075125547127,47068.300502188504,11372.76440858841,74.5,78.81569981627273,59.16120108048645,24.149420269555414,96597.68107822165,33465.177193284035,86.0,106.22456666506498,64.90215758473624,36.67517344269436,146700.69377077743,48210.03461256623,72.0,92.00760271320985,35.27078095605666,18.19969923940953,72798.79695763811,24900.201335549355,55.5,77.5779507516641,13.84512232294557,8.99006493476918,35960.25973907672,8355.002105236053,44.0,56.13095261937737,37.68627939438411,16.220533724594862,64882.134898379445,21771.95865660906,72.0,85.0061322038628
P03,Fatigue,1,LG_0,S_1,Trial_10,29,58000,62000,4000,2000,2.0,1.0,13,90261,57.53795009128764,30.665989936422555,122663.95974569023,43040.04134610295,73.0,94.72391340281911,142.2266691853373,61.3322964357445,245329.185742978,71512.84841820598,80.5,82.81252175868362,19.63364636406326,10.6193097632844,42477.2390531376,16557.712201029062,84.5,99.91024950082924,37.96304276826255,19.41900239973329,77676.00959893316,30536.836851388216,72.0,109.52773550109937,5.7180495601406855,3.9880521199782377,15952.208479912952,4535.799287259579,64.5,85.46994950986091,7.43550649479639,4.711747792677488,18846.991170709953,5998.596083372831,62.0,94.65464806166823,7.653786236550302,5.241821533301845,20967.28613320738,5025.941506028175,26.0,58.321915885042934,17.825428584150266,10.547182177030482,42188.728708121926,10150.155611336231,57.5,69.21532462747848,47.50341418563423,21.17936511673033,84717.46046692133,28998.962230980396,80.0,94.44627636372793,75.45414867897966,42.76980123540852,171079.2049416341,58946.46868109703,72.5,98.50841717519614,32.22780515717793,16.465003448398782,65860.01379359514,22483.061626553535,84.0,99.92018073461234,13.80849997619433,8.993998509191442,35975.99403676577,9172.007534652948,51.0,67.41266984639914,42.149480376206455,16.541226209513844,66164.90483805537,20387.291628867388,63.0,78.55065055445579
P03,Fatigue,1,LG_0,S_1,Trial_10,30,60000,64000,4000,2000,2.0,1.0,13,90261,55.27100290551428,29.180215282249264,116720.86112899706,38875.35845860839,75.0,85.26965083875156,150.32263329674177,59.32370289351093,237294.8115740437,67004.82182204723,86.5,86.34068080376167,21.69230480965523,11.658295140601695,46633.18056240678,18174.021784216166,81.0,97.43728912118551,57.85337915798319,26.51115170493722,106044.60681974888,36486.90702393651,68.0,91.02692598819277,6.910724721820335,4.516860448289663,18067.44179315865,5324.726831167936,73.5,85.00897568423906,9.314217748173641,5.538929052185267,22155.71620874107,7441.2500485777855,76.0,100.19685188681893,8.009316895560382,5.305770596116782,21223.082384467125,5291.765835136175,34.0,58.459681282094046,15.271584837448586,8.675879080174491,34703.51632069796,8351.034577935934,52.5,69.31608602478319,36.18663121776245,15.089883512118831,60359.534048475325,20681.499037891626,94.0,105.19967162711262,67.01164291488928,38.729900972731414,154919.60389092565,54062.13738024235,81.0,103.2725500474919,31.106585966873325,15.157577806257176,60630.31122502871,19945.370126515627,72.0,87.36284781528343,13.694255895664842,8.97370693415869,35894.82773663476,9052.981715649366,57.0,71.08909049093029,47.20916040862918,18.155077222851105,72620.30889140442,21021.180413663387,56.0,71.11700759613908
P03,Fatigue,1,LG_0,S_1,Trial_10,31,62000,66000,4000,2000,2.0,1.0,13,90261,64.9996989365173,34.86834197777789,139473.36791111156,47239.51639607549,66.0,88.9978049460853,156.720639358695,60.36391370267374,241455.65481069498,65230.42153567076,80.0,80.04758224245165,19.548930261984236,11.079388349130749,44317.553396523,17971.372697502375,93.0,116.7137095252534,60.15692626264506,29.13876354889944,116555.05419559777,41127.3879930377,72.5,93.1594999311524,7.4464319049935,4.893198876967654,19572.795507870615,5867.972876876593,67.0,82.78217832140766,10.510621324181994,6.2805514628998935,25122.205851599574,8597.326464951038,72.0,90.7192043556009,8.341780002941311,5.616175435343758,22464.70174137503,5756.271723657846,35.5,60.08322491300167,14.011213434881316,8.58988002659753,34359.52010639012,8064.151834696531,73.5,77.40190050625851,46.05460354109254,17.341712495672983,69366.84998269193,25084.233563393354,97.0,109.20300494318363,51.32294000342639,32.25376658923924,129015.06635695696,42307.57476761937,67.0,94.87314395314678,35.51968584124361,17.62420776410727,70496.83105642907,22772.69111946225,44.0,65.00428436731731,12.540658791276622,8.528475827351212,34113.90330940485,7838.6131674051285,53.0,61.739566541112644,44.03978661546524,17.518185859173535,70072.74343669415,21038.576494902372,61.0,76.49403238024576
P03,Fatigue,1,LG_0,S_1,Trial_10,32,64000,68000,4000,2000,2.0,1.0,13,90261,68.4231524261939,37.569798469881064,150279.19387952425,55624.42755326629,81.0,106.50935045822887,139.43266607200601,54.25390827008523,217015.63308034092,59873.34409728646,69.5,76.20440293619083,23.350923925120355,11.890261354716495,47561.04541886598,17112.250439822674,78.0,105.2152764661099,49.2519668325255,22.842010459373704,91368.04183749482,32849.905267357826,81.5,108.77566062281764,7.817287552805483,5.197019375744276,20788.077502977103,5853.933934122324,60.0,77.31164886955021,10.250936666355736,6.312405328068417,25249.621312273666,8686.748426407576,85.0,102.3847595106018,7.9436962503089,5.433078475762159,21732.313903048635,5713.849700987339,47.5,67.17472555554636,18.770403293626817,10.471880607085769,41887.52242834307,10398.889053612947,83.5,79.64796206619323,55.32431025244056,21.13724287126679,84548.97148506716,29649.94190260768,89.0,100.80015519720563,57.35166248982383,35.54186971744057,142167.47886976227,48896.72202989459,63.5,94.98644031053118,35.967759131131004,18.63698666987475,74547.946679499,25962.88826316595,83.5,109.49835075793406,11.94678593018163,8.049873123585712,32199.49249434285,7962.827291339636,50.0,63.18850700966068,43.213367435625685,18.051300289831126,72205.2011593245,21351.705957204103,69.5,84.9216298563664
P03,Fatigue,1,LG_0,S_1,Trial_10,33,66000,70000,4000,2000,2.0,1.0,13,90261,74.49001473549595,41.25396126974374,165015.84507897496,60343.64867955446,66.0,92.58165070855645,108.42861082803972,44.433516246301586,177734.06498520635,48963.55960518122,65.5,79.37663346587567,82.07422319525551,25.144263662968296,100577.05465187319,22654.886078089476,48.0,63.57828782139735,50.63822710986985,21.75389191065915,87015.5676426366,27051.211521029472,96.0,96.22867815605515,7.720331454290345,5.0641480690916065,20256.592276366428,5776.109360158443,66.5,77.27047667577379,9.646516118226156,5.884051433857531,23536.20573543012,8253.677561879158,72.5,96.59998693574103,8.23433483896672,5.715066282195039,22860.265128780156,5693.7068700790405,39.5,59.89857619382129,20.365062037624977,11.43126559862867,45725.06239451468,11406.946182250977,64.5,74.59600999673891,47.30320102139325,20.065523638855666,80262.09455542266,28694.073017686605,86.0,110.95552118626522,64.69791314624254,39.734333459986374,158937.3338399455,57136.97103783488,69.0,97.06951554642218,27.303782100974257,15.310591295280028,61242.36518112011,22863.333858549595,69.5,93.06773405577171,11.9028653147436,8.043991798453499,32175.967193813995,8005.554508417845,55.5,70.82052484802492,40.89336719159766,17.448838822869583,69795.35529147834,19753.097649663687,57.5,73.29319153735135
P03,Fatigue,1,LG_0,S_1,Trial_10,34,68000,72000,4000,2000,2.0,1.0,13,90261,75.82189348883915,41.06730375960469,164269.21503841877,59877.922013401985,80.0,100.55883380963593,129.89032133783675,57.047705259616485,228190.82103846595,63141.36581495404,61.5,78.56842750253755,80.64420521361257,24.16726506287232,96669.06025148928,23120.612744241953,44.5,54.21097555404825,46.43885448173821,22.024170246953144,88096.68098781258,28369.65136229992,67.5,87.4335595262586,6.426385643298643,4.234060290642082,16936.24116256833,5141.915380954742,52.5,69.70362130124914,9.655358064545434,5.893039180268533,23572.156721074134,7563.633006066084,46.0,78.90841612184204,8.506561107066133,5.886288012925069,23545.15205170028,5827.687215059996,31.0,56.01303178092247,17.802210320872884,11.159104289137758,44636.41715655103,11204.602289944887,70.5,77.5548131657781,47.91574205811002,24.234195608005393,96936.78243202157,37121.711391955614,94.0,111.86153116553848,62.48436631113332,36.10979530892801,144439.18123571202,52460.477128624916,82.0,108.91359826378023,32.815839679547906,16.84604309173301,67384.17236693203,21761.276852339506,56.5,69.24948383388313,11.185409385685787,7.4951704613049515,29980.681845219806,7772.996369749308,64.5,75.92366133564848,36.991780496020716,15.548553930968046,62194.215723872185,18792.956043034792,56.5,80.7075297925017
P03,Fatigue,1,LG_0,S_1,Trial_10,35,70000,74000,4000,2000,2.0,1.0,13,90261,81.85168894564228,44.884026567824186,179536.10627129674,64964.59720656276,75.5,96.50125097713817,149.09014489597604,57.01789715071209,228071.58860284835,63399.560283869505,66.0,75.55764470840852,25.30093935576536,12.812812623940408,51251.25049576163,17204.724345356226,78.5,98.67736337655512,43.19235564038847,21.783953941310756,87135.81576524302,29575.169272720814,71.5,90.36575233747739,6.678660262879913,4.416090328723658,17664.36131489463,5317.096970975399,56.5,75.06307300674008,10.800423895695024,6.684442308614962,26737.769234459847,8377.891685813665,50.5,75.78567014745306,8.65564813554359,5.960233909310773,23840.935637243092,5969.60261464119,37.5,56.72343201263971,19.74463110753666,11.251438644528388,45005.754578113556,11628.822516649961,74.5,75.2038934307633,46.122095588293476,21.282475734059698,85129.9029362388,31706.647016108036,83.5,103.65165068483094,76.45433300341509,39.43855658872053,157754.22635488212,55231.642350554466,70.5,97.44377555303932,33.021263894852,16.0234535583877,64093.8142335508,20244.155451655388,51.0,78.54832796659055,10.053946974035775,6.845788520551286,27383.154082205147,7247.756794095039,63.0,73.64665697274235,42.32336582004511,16.280414393357933,65121.65757343173,19631.01988658309,64.0,82.08852815433269
P03,Fatigue,1,LG_0,S_1,Trial_10,36,72000,76000,4000,2000,2.0,1.0,13,90261,91.84791468498251,50.51933235162869,202077.32940651476,69823.59737157822,80.0,97.97173921183796,150.66067454200896,62.0261184590403,248104.4738361612,66412.13428229094,59.0,70.95521841552734,24.18841276482221,11.545343071804382,46181.37228721753,15151.986759155989,60.0,68.29693482650309,34.957798710572405,19.136339617718477,76545.3584708739,26382.835768163204,65.0,99.98267638844962,6.427695453242874,4.459313181519974,17837.252726079896,5110.480356961489,54.5,70.44213829075717,10.142076099611502,6.2785412999335675,25114.16519973427,8015.9311182796955,65.5,90.52717365294669,8.825233135313635,6.132807002728805,24531.22801091522,5824.024882167578,26.0,52.853382453322745,21.921599007404133,11.838613152503967,47354.45261001587,11981.016863137484,57.5,66.9447822679309,48.019777213293686,21.48222875474021,85928.91501896083,29958.79864320159,91.0,101.91921483628352,77.35139062561596,43.10494139469229,172419.76557876915,61090.15420079231,91.0,106.33350115476941,35.13994735203365,17.268690880551002,69074.76352220401,22567.60047748685,60.5,79.19545053170515,11.165232524187338,7.744221267616377,30976.885070465505,7887.444272637367,62.0,75.11446293341267,38.12316227726817,13.825219993665815,55300.87997466326,18089.788127690554,68.5,77.18735313715385
P03,Fatigue,1,LG_0,S_1,Trial_10,37,74000,78000,4000,2000,2.0,1.0,13,90261,81.45358907832245,43.09049936642405,172361.9974656962,58553.07308956981,73.5,92.54577999513401,121.77751393797757,52.59762035585008,210390.48142340034,58971.18942812085,73.5,79.69664235359298,13.070376044867674,7.883622170472518,31534.48868189007,11855.887155979872,80.5,102.19771940888798,31.81335802675955,16.190782496298198,64763.12998519279,21753.95218655467,55.5,91.49614798011429,6.50911277900673,4.43287247326225,17731.489893049,5135.506298393011,38.0,59.81297630196828,9.347891141298687,5.626946051185951,22507.784204743803,7639.0160247683525,67.5,92.63093702480721,8.487790638077001,5.878349486738443,23513.397946953773,5691.265314817429,22.0,50.20488902449175,20.081446894226843,11.70726323997369,46829.05295989476,11347.738467156887,43.5,61.357023339173324,53.016423493125856,25.54857437988976,102194.29751955904,35572.23938405514,88.5,103.21922574697403,67.30682042840446,39.29399305541301,157175.97222165205,57690.28849899769,96.0,116.12516400691229,39.09282454443892,19.550551146420183,78202.20458568074,24889.2143368721,61.0,76.80213172204742,14.14413512027109,8.972889852430672,35891.559409722686,9346.883930265903,68.0,76.82247774864872,30.716539096657513,11.584130381676369,46336.521526705474,15702.55747064948,65.0,94.29552027991194
P03,Fatigue,1,LG_0,S_1,Trial_10,38,76000,80000,4000,2000,2.0,1.0,13,90261,96.0624627874776,47.82071031443775,191282.841257751,67377.76938825846,83.0,96.64444784324513,101.80164149218915,33.560010556783524,134240.0422271341,39701.82491466403,84.0,87.20092460825383,24.474738470185258,10.534069499303587,42136.27799721435,13251.846376806498,51.5,58.841001191185235,38.207305298393734,18.568896614888217,74275.58645955287,23505.462892353535,61.0,85.8467656129022,7.727916566231909,5.128164846915752,20512.659387663007,5623.817350715399,67.5,80.29790876916898,10.292348436071677,6.105647141998634,24422.588567994535,8380.638435482979,68.5,89.59681866249021,8.175603231425779,5.457377138920128,21829.508555680513,5464.200675487518,20.5,48.61127633614349,18.902343993073877,10.97346048222389,43893.84192889556,10415.369551628828,49.5,66.21777775212496,49.833678013012246,21.071778556366915,84287.11422546767,29389.916267246008,91.0,102.8770163940032,68.79510753055226,37.153109792619944,148612.43917047977,53411.76809743047,77.0,109.66187557894125,34.54378805208431,16.934428422234486,67737.71368893795,21632.179617881775,62.5,79.35987157166784,14.228442220181767,8.704428185848519,34817.71274339408,9443.935751914978,60.5,74.06834560746984,36.99527903418388,13.544658284401521,54178.633137606084,15880.48581033945,58.0,76.40292150427815
P03,Fatigue,1,LG_0,S_1,Trial_10,39,78000,82000,4000,2000,2.0,1.0,13,90261,99.02556275019165,50.453885699855164,201815.54279942065,72197.09428027272,87.0,102.29113076661943,126.13930891665386,45.3981564566493,181592.6258265972,49861.136358231306,67.5,80.97377214875092,39.43320714624272,16.904952631890772,67619.8105275631,19463.773351162672,49.5,63.17597197929796,42.69063126338391,21.50852598347701,86034.10393390805,28727.64440253377,89.0,100.20616307288014,7.2287733108564565,4.906170631176792,19624.68252470717,5314.655415713787,57.5,68.61942761672422,10.523040226586902,6.250988501403481,25003.954005613923,8386.742323637009,72.0,96.21313445165009,8.705369324362424,5.629271479975432,22517.08591990173,5810.291133821011,25.5,48.99708404557354,22.072551528325143,11.492764026648365,45971.05610659346,11131.355632096529,54.0,68.63064448198551,59.86614990990561,26.837325748463627,107349.30299385451,38886.04026287794,100.5,105.89212636293765,63.42230221628278,37.263741887977815,149054.96755191125,55074.162036180496,93.5,114.10983591761517,44.02571398378729,21.104685456689914,84418.74182675965,25721.47948667407,50.5,71.48872752971104,12.701518112545514,8.28950643161079,33158.02572644316,9097.845293581486,61.5,73.90921409171654,41.55823457637639,15.882520732202101,63530.082928808406,18035.158328711987,49.0,72.4499095287846
P03,Fatigue,1,LG_0,S_1,Trial_10,40,80000,84000,4000,2000,2.0,1.0,13,90261,67.58946499375402,37.510932763270105,150043.7310530804,53859.183099120855,72.0,88.1244331851988,144.59255575041604,57.67505807727575,230700.232309103,65180.674847215414,62.5,77.84426984936698,36.23077984375118,16.138140657392796,64552.562629571185,21279.985271394253,84.5,109.01839595733925,50.649945020126026,23.201395262405278,92805.5810496211,30835.622176527977,53.5,83.00617418830254,6.870858713798615,4.743804078036919,18975.216312147677,5650.67445859313,61.0,77.12796430446114,10.38410999567027,6.32312997400295,25292.5198960118,8730.391226708889,73.5,92.3180452413948,9.211461810992867,6.168062755512073,24672.251022048295,6511.017493903637,55.5,64.1098082623031,21.604271483781226,12.150377861713059,48601.51144685224,12009.399943053722,47.5,65.25478711683766,60.424721144181895,28.65593439852819,114623.73759411275,41880.30259683728,84.5,103.20128305429348,74.26762728109797,46.6339225663105,186535.690265242,71130.1346309483,78.0,107.84995504521098,51.77961199103098,24.69348152767634,98773.92611070536,31018.12843233347,58.5,68.69132594461225,15.818121267108683,9.596918416302652,38387.673665210605,9737.532772123814,60.5,70.44202244790525,43.0535587091209,17.749365701747593,70997.46280699037,20966.24542027712,61.5,82.44996760397417
P03,Fatigue,1,LG_0,S_1,Trial_10,41,82000,86000,4000,2000,2.0,1.0,13,90261,111.61645045180116,53.0874463932123,212349.7855728492,75635.10928303003,91.5,102.33143381709802,139.0124473240264,53.250897073186934,213003.58829274774,63647.37814292312,78.0,88.34210234805397,30.75419961477254,14.657300653448328,58629.20261379331,19721.967820078135,51.0,64.72040636140824,55.093120151575604,26.577544726419728,106310.17890567891,35960.75186505914,86.5,108.39959033806849,8.412391602478035,5.4473016414907764,21789.206565963104,6477.751303464174,59.5,75.56523283105673,11.872232343143008,7.098817650415003,28395.270601660013,10252.09054350853,69.0,91.01870194577575,9.74484813027527,6.441804209048859,25767.21683619544,6813.159957528114,47.5,61.134219776904665,22.08323867234199,11.924807377904653,47699.229511618614,12745.834048837423,66.0,76.5510916667809,48.72501092879845,20.122836821514646,80491.34728605859,29528.169333934784,84.5,98.87984421062315,72.1437295876273,43.88031006664969,175521.24026659876,68555.20941317081,86.5,103.65617721225792,50.54922296636918,24.653780351299794,98615.12140519917,32442.775927484035,58.5,78.03361437199968,16.096358926850563,9.884007013170049,39536.028052680194,9991.149324923754,58.0,70.04668968635633,39.09087644621305,16.77575510292081,67103.02041168325,20916.193537414074,58.5,85.92349117913537
P03,Fatigue,1,LG_0,S_1,Trial_10,42,84000,88000,4000,2000,2.0,1.0,13,90261,134.3382922984068,71.41216012889053,285648.64051556215,107109.80854928493,85.5,102.07699017442265,167.3836869876711,63.57683722424554,254307.34889698215,73869.8648288846,85.5,83.23579453958119,52.24883504110195,22.427504036575556,89710.01614630222,23231.093119829893,52.0,58.091779528189456,53.14601233522673,28.48756161944475,113950.246477779,40509.06412303448,77.5,101.3470935449972,8.614550820590658,5.564990213047713,22259.960852190852,6372.154038399458,60.0,81.6625277724558,11.916261577846976,6.960602275235578,27842.409100942314,10140.389390289783,77.5,109.50292073783143,9.540467368183739,6.117030244867783,24468.120979471132,6597.692705690861,54.5,66.49993994853047,24.246396300519738,12.475473462650552,49901.89385060221,13334.554061293602,64.5,77.15384447438575,51.36406018775669,21.681962166680023,86727.84866672009,29718.305449932814,100.0,113.85057350207036,54.01872767432457,32.821014801738784,131284.05920695513,49868.15582960844,81.0,104.33681583904647,57.66556379903163,29.164798768237233,116659.19507294893,37336.568254977465,60.0,76.24227091385785,14.659393819696373,9.388155064824968,37552.620259299874,9558.68884921074,47.5,64.65004831024143,34.08940223336739,16.579310809262097,66317.24323704839,20153.512712568045,63.0,78.07192341169417
P03,Fatigue,1,LG_0,S_1,Trial_10,43,86000,90000,4000,2000,2.0,1.0,13,90261,94.63888546929614,50.289918325748296,201159.67330299318,78000.976331532,79.0,108.75455513057273,172.7486423700459,68.02111424028408,272084.4569611363,77364.64599147439,72.5,81.30715156507263,98.49713859079728,34.714817593316546,138859.2703732662,29540.377110242844,39.0,47.02338577698227,47.30538927846604,24.515318684233353,98061.27473693341,36325.15398785472,88.5,112.51069567865186,7.312801223174126,5.0590935537591575,20236.37421503663,5556.6745810210705,59.0,73.8570166720211,9.957573756187024,5.9968513632426035,23987.405452970415,8240.859396755695,71.5,97.44878240462324,7.833421945947934,5.320388301915955,21281.55320766382,5696.453619748354,47.5,62.51291911584207,20.32999380806468,11.853017107769848,47412.06843107939,11596.166715025902,62.0,70.82429907977507,47.985972099016216,21.93439887604909,87737.59550419636,30268.876161426306,86.0,95.41441407741165,71.02818550259273,41.37919077547267,165516.76310189068,60066.83735176921,76.5,97.02558476325653,55.37052981151374,26.90787238953635,107631.4895581454,31840.62736108899,55.0,73.09804553610378,15.124571992384455,9.858849075157195,39435.39630062878,9904.47411313653,53.0,66.43070387090191,33.59953648217778,16.57956259464845,66318.2503785938,20554.843358695507,53.0,84.26243846265541
P03,Ideal,0,LG_0,S_1,Trial_1,0,0,4000,4000,2000,2.0,1.0,13,90420,1.466561447736559,1.0903199159773067,4361.279663909227,2583.4706611931324,112.5,157.60567306166328,25.89473505445273,14.832128485001158,59328.51394000463,18498.13824519515,75.0,83.68515741217743,1.8784274468679873,1.3248821518733167,5299.5286074932665,3005.8597214519978,106.5,148.67235170668226,8.011600376391918,4.902051536703948,19608.20614681579,8673.625066876411,97.5,128.21690903303607,1.0400350951465296,0.769984127022326,3079.936508089304,2172.3737940192223,98.5,166.25172127923676,1.7579078931563699,1.3138253018260002,5255.301207304001,2678.9965108036995,37.0,96.93245716951357,1.1827301619414383,0.8764748487155885,3505.899394862354,2426.905930042267,116.5,169.61316602051292,5.366557936665157,2.8356578359846027,11342.63134393841,4520.234372466803,64.0,97.06062624501054,1.5286820474222618,1.033388264477253,4133.553057909012,2467.4967862665653,100.5,168.17408575070877,3.9989867041580744,2.9956533719203433,11982.613487681374,6065.128464251757,107.0,135.55094493226719,5.580739909270288,3.949529985897243,15798.119943588972,7204.724382609129,97.5,133.36402239849002,1.18504232650756,0.8079181133303791,3231.6724533215165,2347.2501896321774,153.0,197.10185470379022,1.1050248284562247,0.8196848837193101,3278.7395348772407,2184.8867647349834,94.0,158.8233511922889
P03,Ideal,0,LG_0,S_1,Trial_1,1,2000,6000,4000,2000,2.0,1.0,13,90420,1.9673201706029937,1.4800600414862857,5920.2401659451425,3116.6452914476395,80.0,122.70875748809455,40.18769366889711,27.71199098508805,110847.9639403522,33832.02087134123,74.5,83.28067898540567,2.4820669461027927,1.8103783198748715,7241.513279499486,3705.0601094961166,88.0,123.44015659088876,9.847181157984073,6.5479490691795945,26191.796276718378,10770.005453377962,86.0,112.2907341203336,1.0737466113731609,0.7935393366031349,3174.1573464125395,2219.984121620655,112.0,171.44949967192153,2.370518706751959,1.796825933305081,7187.303733220324,3840.2612321078777,100.5,141.1932901824186,1.4646142497334085,1.0969913894310594,4387.965557724237,2965.8792540431023,138.0,174.78910095591658,11.110100286853896,7.546424619387835,30185.69847755134,10428.798105567694,66.0,86.6542911414571,2.752833018306271,1.9340589258354157,7736.235703341663,3489.8980520665646,64.5,99.65541290252108,4.290155652555714,3.2460239914478732,12984.095965791494,6671.549752354622,109.0,132.1118191391619,7.340108714357411,5.227227632666472,20908.91053066589,8452.969510108232,60.5,95.5201654005263,0.9633822691154296,0.7097491657012143,2838.996662804857,2248.977590352297,161.5,201.8562442930494,1.058739766942541,0.797463221102953,3189.852884411812,2168.406266719103,114.5,170.77470288162942
P03,Ideal,0,LG_0,S_1,Trial_1,2,4000,8000,4000,2000,2.0,1.0,13,90420,1.9965127697026321,1.5081431915983559,6032.572766393423,3183.4828667342663,97.5,128.76626537477625,38.05617495143688,24.50380202066153,98015.20808264613,29493.377171456814,74.0,86.46518623499671,2.6272381428870863,1.9554216187912972,7821.686475165188,4067.325871437788,109.0,133.19374648540293,11.315914232114443,7.961405695788562,31845.62278315425,13228.041213005781,81.0,112.69026192829364,1.4937318606266696,0.9747362321009859,3898.944928403944,2375.9384639561176,113.5,168.5899755664617,2.7154383983264503,1.996550914249383,7986.203656997532,4349.325504153967,110.0,146.50831355422878,1.5203228844273498,1.129280232929159,4517.120931716636,3144.112788140774,166.5,186.969777867459,12.51331431156235,8.744206919753925,34976.827679015696,12005.127221345901,66.0,88.02732160617612,3.1222487981191107,2.2238684452953748,8895.4737811815,3834.157343953848,65.0,93.11076982042664,4.737147531166188,3.64949431741843,14597.97726967372,7368.918973952532,117.5,141.36821245062686,8.80194889586233,6.462279320368543,25849.117281474173,10133.980307728052,59.0,88.83130607200941,1.7681771858688444,1.0452487295493484,4180.994918197393,2552.951220422983,138.0,185.98989140861028,1.306537366305756,0.9217756176367402,3687.102470546961,2290.7892242074013,94.5,158.64230883937037
P03,Ideal,0,LG_0,S_1,Trial_1,3,6000,10000,4000,2000,2.0,1.0,13,90420,59.18959860879303,23.230244068987666,92920.97627595067,35546.60305380821,82.5,99.37527008105423,20.79892131973808,9.255859927064739,37023.43970825896,11653.23806926608,57.5,75.30854182804386,2.814593097955267,1.988665186695289,7954.6607467811555,4193.676356226206,109.5,140.74297946506974,10.447153568190743,7.082000942609739,28328.003770438954,11577.855050563812,78.5,114.05847075924268,5.134736407877366,3.044150632619858,12176.602530479431,5182.506237179041,73.0,99.12935664777108,7.460725804504851,4.381884406553581,17527.537626214325,8496.917504817247,91.5,121.4298805270518,2.7313020475675667,1.7712663213023916,7085.065285209566,3796.313237398863,82.0,122.2836872880997,8.520147649516616,5.378030865639448,21512.123462557793,7909.113075584173,77.0,95.20095010328245,2.5497567649763204,1.803160891775042,7212.643567100167,3359.5800399780273,77.0,111.30495755073841,5.0572581969691015,3.59577624858357,14383.10499433428,6590.368039906025,99.0,120.66667470507218,7.275898655812036,4.8707738785771655,19483.09551430866,8268.632087856531,92.5,120.43830470162209,6.304231658773401,3.898513536108658,15594.05414443463,5823.109298944473,74.0,95.14568522919681,2.945910263721544,2.015935718547553,8063.742874190211,3573.5213197767735,66.0,97.9666597481231
P03,Ideal,0,LG_0,S_1,Trial_1,4,8000,12000,4000,2000,2.0,1.0,13,90420,73.00606995621243,32.52380427974276,130095.21711897105,46525.361482053995,79.0,102.52993386590381,19.29786857981152,5.9612494437024,23844.9977748096,7728.43798622489,74.5,93.47610742563046,5.3381012803733485,2.86450530734146,11458.02122936584,5361.960548907518,89.0,124.36057620094243,18.87403276519128,9.399021969502792,37596.08787801117,13345.846254378557,74.0,102.34712415290157,18.62883321828887,8.916970225586557,35667.88090234622,11258.31650570035,64.5,85.88297852300575,12.509805499437752,7.943850684561767,31775.402738247067,12621.009536087513,84.5,120.04658433558299,6.845842671185278,3.66601639817236,14664.06559268944,5193.798430263996,69.0,97.66664040508616,5.93829185642617,4.131933620083146,16527.734480332583,6199.414003640413,78.5,108.48752642059165,9.140844875733283,2.908677238447126,11634.708953788504,4569.981060922146,82.5,114.16772971181055,26.29165349228297,9.931597732030786,39726.390928123146,15236.525610089302,81.0,104.3249728652339,9.898701116087999,5.006384190591052,20025.53676236421,7621.0095547139645,74.0,103.42325219894686,14.505220776749391,8.891910331277177,35567.64132510871,9482.085052877665,59.5,77.08578102939124,26.60233921332768,9.17914816820994,36716.59267283976,10205.700993537903,52.5,76.26050157836758
P03,Ideal,0,LG_0,S_1,Trial_1,5,10000,14000,4000,2000,2.0,1.0,13,90420,51.60665466675725,21.322435677144675,85289.7427085787,28099.249117076397,76.0,90.42298644418314,83.86388121801195,27.177683587640058,108710.73435056023,24094.793293625116,46.5,61.3822136107644,24.60206889518874,9.02710798230255,36108.4319292102,10949.45976510644,66.0,86.62865867391919,26.504928028971356,12.687995435856283,50751.98174342513,17111.64005100727,66.5,78.05141753323801,18.362954305231515,8.267278855852783,33069.11542341113,9381.370898336172,53.5,71.46866046141915,12.039123385884698,7.387536061718128,29550.144246872514,9091.741405427456,37.5,59.891034572099784,7.586735682902041,4.403714733640664,17614.858934562653,5452.908482402563,42.5,55.44882619409375,17.847389343445826,9.764082854427397,39056.33141770959,9779.64960038662,37.0,53.16014167501661,33.2716147997265,16.587540185719263,66350.16074287705,22930.781822651625,78.5,86.49835891215287,51.849868234085356,25.66550702304812,102662.02809219249,35778.55080366135,88.5,102.82673369473308,62.32675293769231,25.151814210764133,100607.25684305653,22537.996619939804,43.5,50.250263540558116,16.780732905872743,9.528866815811488,38115.467263245955,9481.474664062262,50.5,58.5365376018213,28.465833290603154,11.74667684691958,46986.707387678325,13531.099259853363,43.5,63.35238080459393
P03,Ideal,0,LG_0,S_1,Trial_1,6,12000,16000,4000,2000,2.0,1.0,13,90420,35.814042522592885,19.90286852440331,79611.47409761325,26597.08224236965,64.0,85.44230567680631,108.98108001025092,39.93326405803673,159733.05623214692,35119.941271841526,53.5,62.39451412648132,31.78766673966528,12.997126775118522,51988.50710047409,14880.058541893959,43.0,58.674408564459966,31.527729430418205,13.747217529511545,54988.87011804618,17306.04888871312,64.5,84.58942825963976,5.962449449817779,3.8685397447901777,15474.158979160711,4587.682336568832,43.0,62.49511771983172,9.197113665540186,5.673186361091211,22692.745444364846,7126.594614237547,57.5,82.59469949037006,5.785920946458044,3.8344304929487407,15337.721971794963,5689.739342778921,64.0,92.88279112251684,22.396067817698288,13.7850763235474,55140.3052941896,15007.324609905481,51.0,63.477784140303754,45.49261540629478,29.140837039705367,116563.34815882146,41469.20572966337,99.5,102.6075541519271,60.882061070201765,32.434411159157754,129737.64463663101,45858.816895633936,89.5,108.00220205289996,68.88527828514977,31.974815238267183,127899.26095306873,28963.25448527932,41.5,47.80442317978568,15.764051577987821,8.599016936775296,34396.06774710119,9851.065091788769,68.5,88.42538256114611,25.73080628633732,10.619356763223186,42477.427052892745,13762.436620891094,57.0,79.77050239190744
P03,Ideal,0,LG_0,S_1,Trial_1,7,14000,18000,4000,2000,2.0,1.0,13,90420,39.27556544658544,22.771275017410517,91085.10006964207,29009.338840842247,67.0,85.62250199028935,219.4561763669605,62.805651623138694,251222.60649255477,62073.49058240652,78.5,75.68210445322156,82.79811590651484,23.6949663021951,94779.8652087804,19924.616906791925,41.0,45.670129895031735,35.97803767662094,16.883118528022898,67532.47411209159,19918.207824230194,47.0,74.21212953150402,8.595730138893344,5.548560682497919,22194.242729991674,6113.349180668592,45.0,65.4965478108399,10.71361360508271,6.238334225676954,24953.336902707815,9236.403554677963,64.0,92.94260349522982,7.340609222663247,4.372461529215798,17489.84611686319,6601.355038583279,79.0,100.93878306509303,21.29707875159826,12.729257376433816,50917.02950573526,15806.323569267988,68.5,84.93373098990602,55.709924785695456,30.72190834248904,122887.63336995617,45081.486739218235,94.0,107.39039827145737,75.71950666160396,38.27806057583075,153112.242303323,57193.43200325966,87.0,110.12923676652966,51.727190572481746,25.63223362239078,102528.93448956311,25898.187048733234,54.5,59.7877497859849,19.555007387734573,12.099486770527438,48397.94708210975,12690.899055451155,57.0,71.95653862452907,43.420314385484524,15.834007372497581,63336.029489990324,19114.020559936762,55.5,76.10728253735057
P03,Ideal,0,LG_0,S_1,Trial_1,8,16000,20000,4000,2000,2.0,1.0,13,90420,48.31227165436667,29.234265402599704,116937.06161039881,38803.94296720624,80.0,97.03942789610231,268.0436918995922,93.82776146911783,375311.0458764713,88556.12492188811,52.5,62.24255440103209,82.54077641548221,24.822871367272455,99291.48546908982,22470.548655837774,49.5,68.64425319724988,58.26888773506059,26.291031268413644,105164.12507365458,27495.879773050547,47.0,64.78511025783767,10.266803371240655,6.696211444260553,26784.84577704221,7011.841516941786,63.5,81.01224278614774,12.236673510203063,7.160829949518666,28643.319798074663,10021.973960101604,72.0,100.56082281291107,8.512024187559065,5.305672094621696,21222.688378486782,6987.731158733368,57.5,80.1334775860138,26.760565200088177,13.24200370456092,52968.01481824368,14396.325405687094,64.0,75.23970382234268,62.81710304929769,31.710727389040404,126842.90955616161,44479.33817282319,88.0,101.02674381747384,87.4448648181157,46.038369212916585,184153.47685166635,69237.01371997595,91.5,115.22024967281489,79.71159473056169,37.298166520090305,149192.66608036123,33556.12512677908,45.5,58.291738310655845,22.111004945421733,14.524327755207196,58097.31102082878,14155.832212418318,52.0,69.1521336619542,52.44262083999346,19.66534288895782,78661.37155583128,21866.26372858882,48.5,73.36267197600091
P03,Ideal,0,LG_0,S_1,Trial_1,9,18000,22000,4000,2000,2.0,1.0,13,90420,47.030274127221524,27.096572718443348,108386.2908737734,37381.431832909584,86.5,103.91440288873719,213.42978938751153,83.72312358177733,334892.4943271093,82089.6658115089,67.0,78.6345372100128,36.84936093398077,17.49055386269465,69962.2154507786,20650.064013898373,59.5,66.85213335236114,76.1566301277622,35.242629423737526,140970.5176949501,37523.04203808308,61.5,77.84536188871951,11.46989220781774,6.529362119361759,26117.448477447033,7374.107278883457,69.0,78.94991122487686,12.947540506573079,7.700330115365796,30801.320461463183,10333.577450364828,72.0,96.88654585487058,8.946496965890015,6.068678638199344,24274.714552797377,7125.984225422144,73.5,85.14228503992523,29.486568139326785,14.066684468137101,56266.7378725484,15113.5322637856,45.0,55.942094050951184,57.27340995683013,28.127900958817918,112511.60383527167,37269.73067969084,90.5,99.7759953437449,70.26740863261307,39.13245376986451,156529.81507945806,58455.41087910533,85.0,107.39425318221956,84.582629125168,39.497728061978705,157990.91224791482,35644.57045868039,50.0,52.19232591233868,21.097929234676258,13.657513835467398,54630.05534186959,12318.256683647633,46.0,60.80351462147916,57.09918343811088,24.124657710897736,96498.63084359095,26202.465873211622,51.5,71.55856074661868
P03,Ideal,0,LG_0,S_1,Trial_1,10,20000,24000,4000,2000,2.0,1.0,13,90420,65.67960029834572,32.74106283200672,130964.25132802688,43435.87849289179,81.0,93.69978708545233,206.98412114832325,82.70992644522339,330839.70578089356,85459.01207253337,46.5,66.84916517341006,55.39195928525393,23.855237047187984,95420.94818875194,24108.832236379385,53.0,59.717992588111294,76.22291764733761,35.63417050144635,142536.6820057854,42608.19125920534,60.5,78.71529180326161,10.993840842651151,6.127539194654673,24510.156778618693,7100.65308958292,65.0,80.34741757662817,11.951030233914864,7.240925589518156,28963.702358072624,9669.779613614082,57.5,87.28633354809601,9.1297990146619,6.250458340568002,25001.83336227201,6642.861478030682,69.5,81.05823793587456,27.46040878468281,13.334840944036841,53339.363776147366,14648.721180856228,60.0,73.2541977585925,55.757583283528874,24.44059648772236,97762.38595088944,32244.399562478065,78.5,92.55385357223992,58.08137194589153,33.35424799117027,133416.99196468107,48087.34646067023,79.0,100.72371310520751,55.28947195419898,25.477919089607894,101911.67635843158,27166.269812732935,51.5,59.627277341153984,22.627416905890673,12.625496733165345,50501.986932661384,11144.784186035395,32.5,46.082929960828515,56.618026685060954,25.879027249012143,103516.10899604857,28382.46952742338,48.0,65.36743752296248
P03,Ideal,0,LG_0,S_1,Trial_1,11,22000,26000,4000,2000,2.0,1.0,13,90420,69.26207581732642,34.69087711394532,138763.50845578127,48418.17719861865,88.5,112.08802942263067,222.50432877856016,94.72393921100301,378895.75684401207,92280.10708466172,54.5,69.74353545474285,52.68871864641496,23.601181472232565,94404.72588893026,25238.051544874907,52.0,60.77671104405208,70.65956697773832,33.12046766334679,132481.87065338716,42167.79572889209,60.5,84.46655560180902,9.43431892279009,5.8068286651163366,23227.314660465345,6241.530831903219,67.5,81.84781942709094,11.60143231360733,6.719039909658022,26876.15963863209,9070.377796888351,67.0,90.67373129994421,9.037464951144486,6.075382462260313,24301.529849041253,6639.199145138264,64.0,78.58737097098216,23.350556518070487,11.529422224033624,46117.688896134496,12871.87933921814,51.0,67.47754966935628,62.26364786243405,28.044353188574313,112177.41275429726,38777.69624814391,97.0,97.69153333998095,87.67758364730624,47.06335589499213,188253.4235799685,67700.35987719893,75.0,91.45187393963099,62.07959852044227,25.68811200984055,102752.4480393622,30442.836973816156,59.5,68.31785349948392,23.898679203855174,13.241056304820813,52964.22521928325,12139.107566326857,30.0,44.175432241023174,50.65750476791561,22.68171991489362,90726.87965957448,23802.111856639385,48.5,67.98872526463609
P03,Ideal,0,LG_0,S_1,Trial_1,12,24000,28000,4000,2000,2.0,1.0,13,90420,77.99773482202589,41.30618579344591,165224.74317378365,59150.64373984933,73.5,96.22282812422122,235.0768376644883,100.56147188320756,402245.88753283024,99293.77976804972,68.0,73.12354553396504,58.26264749029234,27.519399656378663,110077.59862551466,27759.872935712337,46.5,62.6593105555701,74.39212635850696,35.987370310910045,143949.48124364018,46107.24514350295,61.5,82.44993868404886,12.290572921370805,7.3998305895365775,29599.32235814631,7772.385980933905,62.0,72.89911997294787,14.246923149502353,7.9349970710929485,31739.988284371793,10782.213229686022,60.0,88.0186740006653,10.737815682650616,6.969343653460965,27877.37461384386,7638.100441545248,56.0,73.18078387334062,34.34801456100886,13.09027889892459,52361.11559569836,14386.864379048347,68.0,72.71770390195034,59.9614074547352,26.048085723631083,104192.34289452434,36626.68606266379,88.5,102.03506970557618,105.52159624259177,55.377650254545735,221510.60101818293,83552.76780202985,92.0,110.24068543251478,69.12869168693581,29.597086275019684,118388.34510007873,32483.061589300632,53.0,64.21851288587149,18.100385586063588,11.647310545330402,46589.242181321606,10666.544549167156,60.5,76.46568311026077,50.58607294795634,22.50726537425071,90029.06149700284,25083.928368985653,48.0,68.15298940587131
P03,Ideal,0,LG_0,S_1,Trial_1,13,26000,30000,4000,2000,2.0,1.0,13,90420,85.6850544750214,47.25158656785497,189006.3462714199,65861.25837638974,76.0,95.78655878633579,214.7035391269637,93.3454758699867,373381.9034799468,92876.45695731044,71.5,75.50764587467656,59.39046835786152,26.979016715707257,107916.06686282903,26534.517388790846,45.5,55.8263801682258,75.6576937307559,38.15238953009248,152609.5581203699,45900.93372389674,60.5,90.67557039665319,12.38228377178537,7.41090037219692,29643.60148878768,8270.46325430274,66.5,79.04979800144488,14.349304242244239,8.108016778377351,32432.0671135094,11262.58922740817,68.5,93.63217005595314,10.715607381189713,6.78067514107097,27122.700564283878,7521.8213722109795,57.5,74.39357888911935,33.2425639221499,11.707243745680898,46828.974982723594,13428.859133273363,63.0,79.81337307530796,52.97431533536757,21.739485056046398,86957.94022418559,29472.929146140814,81.0,96.59549264582114,94.50212265323552,51.60525136424694,206421.00545698777,79662.75988146663,76.5,112.40537083577543,58.165814946376365,26.749419840227347,106997.67936090939,30294.817686080933,50.5,74.05657239023947,12.977872549085554,9.314439475769177,37257.75790307671,9184.825699776411,50.0,71.29240698801969,46.61231854755507,21.82461277958937,87298.45111835748,26375.205907970667,49.0,72.97596196805901
P03,Ideal,0,LG_0,S_1,Trial_1,14,28000,32000,4000,2000,2.0,1.0,13,90420,77.75351243987467,43.52760886854958,174110.4354741983,60694.92744281888,77.0,97.22395479608426,152.158395040765,69.85065583146643,279402.6233258657,73361.10575124621,63.5,69.86187845088149,42.40744792695764,20.80024949524086,83200.99798096344,24167.12436825037,55.5,67.07217163548133,79.38971095594108,40.713563679740766,162854.25471896306,47770.554665476084,49.0,76.81330195551622,10.339411618913875,6.112815624545329,24451.262498181313,7282.854150980711,59.0,72.15212079371909,12.862098471815367,7.29878453607671,29195.13814430684,10865.53130298853,69.5,94.5928957231934,8.778085379710491,5.522569487453438,22090.277949813753,6812.24437430501,54.0,72.51764402406774,20.612209820692406,10.097351485304534,40389.40594121814,12888.970226049423,70.5,83.26051700236987,54.86314223294127,25.133410682785325,100533.6427311413,34155.83213791251,93.5,99.04019017945322,75.97193389533761,46.7197369391215,186878.947756486,70236.52540519834,93.5,111.50482938768786,62.47954294561108,30.595205281861126,122380.8211274445,35516.388807445765,55.0,65.08526254713588,13.498473755575036,8.900206087518018,35600.82435007207,9468.656498938799,57.5,74.64152884222008,43.030644912718785,18.679587383870967,74718.34953548387,23930.293507874012,64.5,82.22070955630855
P03,Ideal,0,LG_0,S_1,Trial_1,15,30000,34000,4000,2000,2.0,1.0,13,90420,66.66863520853659,37.4006044507958,149602.4178031832,52465.05504474044,75.0,98.83052469635548,186.11638110894992,79.71326345205307,318853.0538082123,88750.83895400167,72.5,80.09584181014851,36.95306798663505,18.40901781581342,73636.07126325369,23624.488711357117,56.0,65.92362725958284,83.39437835442175,41.01401399297174,164056.05597188696,49250.13715401292,64.0,84.7077318053134,9.181141159279484,5.574658008897677,22298.63203559071,6739.302910864353,64.0,80.8222719658611,11.914028913884959,7.002894742880017,28011.578971520066,10252.09054350853,60.0,91.2525456106948,8.827618577384213,5.8774659489281476,23509.86379571259,6885.1858377456665,51.0,68.75458954674905,24.11948079466635,12.841746160120238,51366.98464048095,15169.993229210377,60.5,75.97668834924653,60.05411687380986,29.66961442893371,118678.45771573484,41680.400259792805,90.5,98.23223795700162,62.02655973189173,37.03917186958715,148156.6874783486,54850.4545353353,86.0,108.6082652773923,70.56138212694037,35.4974559197668,141989.8236790672,35122.99321591854,36.0,55.31488408498416,10.993333301386343,7.060938560951035,28243.754243804142,7685.710769146681,57.5,71.67815727717597,46.465995734093305,18.253379464137833,73013.51785655133,22658.243216574192,72.5,85.29421456250586
P03,Ideal,0,LG_0,S_1,Trial_1,16,32000,36000,4000,2000,2.0,1.0,13,90420,53.69445986662747,32.343410732224584,129373.64292889833,45267.04493910074,67.5,90.44202728386645,184.28612192980012,71.84548773821443,287381.95095285773,78515.83929732442,71.5,80.75510077010914,25.94824162996078,13.138711382111069,52554.845528444275,18761.52101904154,63.5,79.88013995752671,64.16064878924337,29.02723971363157,116108.95885452628,35598.486103117466,69.0,84.87989065606514,8.311629776318004,5.078255947632715,20313.02379053086,6175.303645431995,56.0,76.22953229128572,10.455645331470059,6.30889639351517,25235.58557406068,9258.682746440172,57.0,88.60822686776697,8.90276943175737,6.138150766061154,24552.603064244613,6772.874295711517,46.5,68.30568037765019,22.275011143985175,12.325683971052058,49302.73588420823,14466.825313866138,50.5,69.87091923722642,59.51907404455423,30.77076668632217,123083.06674528867,44348.40977191925,96.0,101.50297208339298,66.89523798779365,37.97752259550616,151910.09038202465,56988.64655569196,117.5,129.0087893044389,69.88416787264168,36.84131017680047,147365.24070720188,37413.78244012594,43.0,63.98935780779056,13.159579730285927,7.416174818249419,29664.699272997677,8164.865989238024,67.5,80.77309397192074,37.28253719640935,14.431306788697839,57725.227154791355,17957.638949155807,53.0,69.73364124091287
P03,Ideal,0,LG_0,S_1,Trial_1,17,34000,38000,4000,2000,2.0,1.0,13,90420,59.1158019191417,37.49988602278754,149999.54409115016,50368.064269423485,71.0,91.28295281833451,116.36469774721243,37.6151582939201,150460.6331756804,40612.830221652985,76.0,75.34948881772951,30.251010204558423,12.627614858653397,50510.459434613585,17996.398638933897,45.5,73.4803051602476,47.18614235111707,21.16679583764635,84667.1833505854,27552.340738475323,60.5,87.53288268436921,9.585600802321224,5.356388042366598,21425.55216946639,6367.576122283936,74.0,87.75286782009127,11.411544071356312,6.562866208842024,26251.464835368097,9623.695258051157,66.5,102.01190895273155,9.70305026028397,6.226928805466741,24907.715221866965,6762.497685849667,50.0,68.05217548087535,24.681327147321994,12.002464743482415,48009.85897392966,13788.378145545721,53.5,70.47122554891264,55.27765089632756,29.714889943017624,118859.5597720705,42783.372849226,100.0,106.26297622228313,93.11920956964822,53.49290326773189,213971.61307092756,81179.88128215075,89.0,105.48354933517112,63.939401662096955,32.598507744946986,130394.03097978793,37065.55562093854,46.5,65.8006267544568,16.825611395708414,9.857942647766322,39431.77059106529,10580.174531787634,68.5,79.89483240509024,26.201870501405022,10.698125990177505,42792.50396071002,13249.099627137184,47.5,77.3377770313632
P03,Ideal,0,LG_0,S_1,Trial_1,18,36000,40000,4000,2000,2.0,1.0,13,90420,72.11062274422325,40.40323197272373,161612.92789089493,56227.186508476734,74.0,94.9474603740477,171.1322553718528,59.62282099500298,238491.28398001194,62461.39267459512,79.0,78.94039937310045,43.12529347820358,18.17750519688707,72710.02078754827,21248.245052993298,42.0,56.7644862351837,54.738672751971656,25.53016413763398,102120.65655053593,34048.70890080929,68.5,92.17365990341102,8.893255371632996,5.252412237040699,21009.648948162794,6230.5438332259655,70.0,77.50513300077323,12.238615931439051,6.980575189157389,27922.300756629556,10141.61016792059,58.5,91.72124727335212,9.689480106498593,6.2753600678755905,25101.44027150236,6830.861233174801,47.0,65.74326491548419,29.383284714967957,13.264558944664895,53058.23577865958,14569.065440446138,49.0,62.87903175073963,51.89693220321606,28.09782630074769,112391.30520299077,39476.28624737263,81.5,99.09258783085798,93.59378827336361,53.71892002206296,214875.68008825183,82488.55490237474,90.5,113.17028860255203,60.687921344847034,28.29069314370863,113162.77257483453,34993.89598146081,41.0,60.7595051510887,15.012715014807371,9.418676870851778,37674.70748340711,9750.656131654978,45.0,60.79635517874484,38.73863693618231,15.35441549550742,61417.66198202968,17654.580902308226,52.0,76.47700630433559
P03,Ideal,0,LG_0,S_1,Trial_1,19,38000,42000,4000,2000,2.0,1.0,13,90420,73.14696098297073,40.89513977929018,163580.55911716074,56533.906888216734,81.0,96.6990952496815,228.5948468559675,88.71824663281441,354872.98653125763,86956.29583671689,59.0,68.24667817203762,59.78236259162591,24.838420450105332,99353.68180042133,25375.99941715598,53.5,58.62990081083987,69.56806616182712,33.33419416258111,133336.77665032446,41628.21201607585,52.0,78.87751011200137,7.163519334340561,4.6526809629518535,18610.723851807415,5847.524851560593,71.5,83.64283154375644,12.369920476772725,7.169107928185258,28676.431712741032,10303.36320400238,76.5,98.26144256446355,8.157643828806211,5.569385012518614,22277.540050074458,6685.283500701189,43.5,71.66992644038837,26.196461967168986,12.982464587234427,51929.858348937705,15545.382350683212,51.0,62.38381678400045,50.872576467654525,26.39464717323426,105578.58869293705,36879.69222664833,89.5,97.32348806849556,68.3371864405551,38.09689908288419,152387.59633153677,57390.58759063482,84.0,104.56340817787896,54.18872808150677,25.921388766891322,103685.55506756529,34424.09802228212,73.0,85.5320919893028,12.500411156222697,8.026785967778414,32107.143871113658,8782.274276018143,55.0,72.9748282769315,51.24553332114519,20.86785043803975,83471.401752159,24827.259872108698,69.5,74.35991092945315
P03,Ideal,0,LG_0,S_1,Trial_1,20,40000,44000,4000,2000,2.0,1.0,13,90420,56.07178478388677,35.618603297695515,142474.41319078207,46570.225059986115,73.5,95.65660289214782,248.50260809085077,87.51630953022978,350065.2381209191,83297.014888376,64.0,69.60498180465623,54.24065346059398,22.15273503161734,88610.94012646936,24612.403009086847,54.0,68.18015437652964,69.54706883189877,31.30104517424479,125204.18069697917,38655.618485063314,66.0,87.53366415375854,6.799209834013365,4.431948649790138,17727.794599160552,5526.460334658623,65.0,84.41241109785376,12.590285573814867,7.126407110423315,28505.62844169326,9460.72144433856,63.0,84.43108072712111,7.672246027614295,5.009466081869323,20037.86432747729,6538.17979618907,85.5,93.54628986048118,27.87797867100674,14.363850431749597,57455.40172699839,16592.809557914734,63.0,81.04025420068172,58.57130744258323,29.487898931838572,117951.59572735429,41387.10843399167,89.0,104.01179528111253,65.81809337158207,36.785873558255844,147143.49423302338,51711.22485771775,77.5,95.63145157671987,61.166730503293614,28.92127621527761,115685.10486111045,32562.717329710722,54.0,70.66856513541373,12.198290598743846,7.746277820132673,30985.11128053069,8680.644538253546,57.5,74.25070920921998,50.383514113174,20.571253280504607,82285.01312201843,24212.903529405594,54.5,76.29702529891489
P03,Ideal,0,LG_0,S_1,Trial_1,21,42000,46000,4000,2000,2.0,1.0,13,90420,84.81028062987905,44.178264881507495,176713.05952602997,60820.05714997649,75.5,89.6407631290386,228.76874302925413,85.03459251573076,340138.37006292306,87189.46436420083,71.5,76.14578493643945,37.355108928620034,17.51637422516942,70065.49690067768,21231.154166162014,40.5,64.83705237730804,67.74852988871875,31.28665312156081,125146.61248624325,38355.91757670045,63.5,84.50947964818151,7.614209577424211,4.7919765737373385,19167.906294949353,5825.856048613787,65.0,85.58986794438788,11.199152583984425,6.344541269168258,25378.16507667303,9121.3452629745,67.0,92.29818375942419,8.339659504363823,5.172464120388031,20689.856481552124,6167.97897964716,51.0,68.78461989565403,33.184775434152684,15.189086725446396,60756.34690178558,16111.212782561779,63.5,67.77172373171653,52.67266336319192,25.06188684736844,100247.54738947377,34485.747292637825,82.0,96.3917047694762,72.87334548627223,38.78309425978223,155132.3770391289,57251.41894072294,85.0,109.32460377405745,50.48970831714976,22.216705190995707,88866.82076398283,24776.59760043025,42.5,57.938596733058155,13.015282283943675,8.331400811299682,33325.60324519873,9074.04012978077,46.5,62.94219700859,46.919150379676694,19.829715179745108,79318.86071898043,23494.17069926858,52.0,78.99533482993458
P03,Ideal,0,LG_0,S_1,Trial_1,22,44000,48000,4000,2000,2.0,1.0,13,90420,97.42356035526244,49.451026337174696,197804.1053486988,70174.87613484263,90.5,103.85218611807683,210.95625438036194,86.7833043217659,347133.2172870636,87675.63905566931,70.5,75.44675377205047,46.533346730889775,19.928719482617453,79714.87793046981,22277.970984578133,36.5,56.81452674398213,68.16911780397056,32.626551792025566,130506.20716810226,41214.063204824924,65.0,90.74684165724298,8.31505037612409,5.2979487686418,21191.7950745672,6395.654007792473,65.0,82.31657488690338,10.859852922055605,6.292329830676318,25169.31932270527,9783.617127686739,86.5,107.17253476708902,8.37940395071487,5.319059065822512,21276.236263290048,5856.070294976234,48.0,70.81600103014704,24.654668519673237,10.39299605479464,41571.98421917856,12221.815250813961,52.5,67.59410481703758,35.13482970155693,16.735220440616832,66940.88176246732,21966.67268872261,91.5,105.87299216307923,70.10064699207588,36.71197267804528,146847.8907121811,55083.928257226944,69.5,99.51297049009561,27.112979635378323,14.093950803566258,56375.80321426503,18738.326244056225,81.0,91.67767407518042,12.234511033608781,8.034120704978704,32136.482819914818,8915.644232183695,64.0,75.41919929417713,48.19765554130466,19.510977846500463,78043.91138600186,23191.7230412364,55.0,75.19229580214949
P03,Ideal,0,LG_0,S_1,Trial_1,23,46000,50000,4000,2000,2.0,1.0,13,90420,67.0541248553986,33.743649694230406,134974.59877692163,46855.58183118701,69.0,93.23295840931607,236.95297700489567,92.3215650744969,369286.2602979876,96428.0042797327,68.0,73.06197190136204,49.81821515385283,21.73474763770355,86938.9905508142,22863.639052957296,39.0,56.560187791226646,57.53673706400293,27.093784614931792,108375.13845972717,34920.03893479705,63.0,91.51124194431041,8.390222763694709,5.454908955446444,21819.635821785778,6560.76418235898,70.0,81.13517740819987,11.16123216853405,6.694938325788826,26779.753303155303,9942.623414099216,70.0,95.736819720327,8.625048237971132,5.511163990944624,22044.655963778496,6446.011085063219,49.0,73.9322864242077,23.345367722763257,11.650920804427006,46603.68321770802,14435.390289872885,49.0,71.05384145843237,57.41151578366343,25.021947504905985,100087.79001962394,34237.92943358421,101.5,106.30805083691341,77.5118917129474,40.58258301429451,162330.33205717802,59932.857006788254,83.5,110.09183487608216,46.83769005747654,19.83975378680043,79359.01514720172,22176.341246813536,37.0,52.74394811059571,10.919568519485203,6.892712237033993,27570.848948135972,8180.736098438501,57.0,74.12937603390364,49.78598466455623,19.641124491929077,78564.4979677163,21901.971474289894,56.0,72.72855559541527
P03,Ideal,0,LG_0,S_1,Trial_1,24,48000,52000,4000,2000,2.0,1.0,13,90420,57.3517022087411,31.040586162824184,124162.34465129673,41107.550356537104,70.5,91.6575729839709,226.35900692263579,88.79389429321745,355175.5771728698,96055.97229674459,78.5,81.25094719752444,44.7218598847356,21.878266757598613,87513.06703039445,23813.09885531664,47.5,61.03643458536195,64.11222938021743,30.4546438009711,121818.5752038844,37177.256774157286,58.5,72.05622572602655,7.5123161192201415,4.84611119478941,19384.44477915764,6193.920504301786,58.5,79.32000001604733,10.222303013849888,6.498885978048202,25995.543912192807,9775.6820730865,79.5,104.76458113574176,9.086389333347318,5.732500093092677,22930.000372370705,7013.672683387995,49.0,75.26667262497628,25.142281618573364,13.308746211789549,53234.98484715819,16456.387657672167,66.0,83.32269827636411,68.98140823434944,34.105649021454155,136422.59608581662,46120.06330862641,77.0,89.55273050965218,72.18101350200948,37.608409797027704,150433.63918811083,58701.39757171273,103.0,114.30797947336495,60.37206045947719,25.116241437289865,100464.96574915946,26383.75135138631,35.5,56.463272866874696,11.841896435108236,7.6964308371650985,30785.723348660395,8488.372061401606,62.0,80.20836264301153,50.33597977421589,20.648827595054172,82595.31038021669,23394.37212795019,58.5,71.49370731967262
P03,Ideal,0,LG_0,S_1,Trial_1,25,50000,54000,4000,2000,2.0,1.0,13,90420,79.99043045456791,42.177571372815876,168710.2854912635,59185.1307079196,78.0,98.14886348864904,173.64741172877848,64.82887454485754,259315.49817943014,68393.76157149673,66.5,74.10880127684595,46.95126529066018,21.010813722619787,84043.25489047915,23290.606029331684,49.0,69.47963870192771,74.73699857713048,34.43768893964589,137750.75575858355,43088.26206251979,73.5,90.98680818511292,8.210305190159861,5.0420206733979285,20168.082693591714,6750.90029835701,75.5,85.43258172555231,12.5411447853319,7.356051443633623,29424.205774534494,10924.433823674917,75.0,90.78902430160706,9.15474811505343,5.727793346787803,22911.17338715121,6890.374142676592,56.5,73.09217174710712,26.516953131063843,12.41994234828744,49679.76939314976,14780.870359390974,65.0,72.6566551493534,55.45094836601931,27.699349832721055,110797.39933088422,36744.18590962887,86.0,99.572321091755,63.4409710914531,32.53376300216187,130135.05200864747,52672.58724197745,111.5,131.15458040777168,62.220883965423454,26.745297655661126,106981.1906226445,28344.015032052994,36.0,55.11309027369274,11.00161896925948,7.3823713330551985,29529.485332220793,7831.593696027994,66.0,76.38085451946749,54.230164591867485,21.0947342878324,84378.93715132959,23276.872280985117,68.5,76.04450112223532
P03,Ideal,0,LG_0,S_1,Trial_1,26,52000,56000,4000,2000,2.0,1.0,13,90420,89.80880616520479,51.21808208198054,204872.32832792215,72865.47003313899,81.5,100.08113580050825,154.46011383049728,57.47121217069216,229884.84868276864,59997.25302681327,83.5,82.4429837211238,46.357323191625426,17.30605880753137,69224.23523012549,20368.369575589895,41.0,52.46868244657306,80.3730934548074,33.024461857380814,132097.84742952324,40771.22611925006,62.0,87.71498994833108,9.154997852236258,5.624738923378755,22498.955693515018,7255.691848695278,75.0,85.06485853441943,13.980343774864592,8.322420008061453,33289.680032245815,11977.659724652767,68.5,91.29291606567149,9.494833579729008,6.168780877953395,24675.12351181358,6787.2184328734875,40.5,62.40384302313775,31.506397733770697,15.106817986816168,60427.27194726467,16253.433376550674,64.5,72.81984450901574,48.417406338156155,22.895255667623132,91581.02267049253,29270.890448242426,81.0,92.27106991882494,64.57547117279508,32.038367052411196,128153.46820964478,48498.44332784414,92.5,115.93054781151368,55.61888040229332,24.401413722196594,97605.65488878638,28419.703245162964,59.0,75.04120701043325,11.612105910471772,6.96903914574068,27876.15658296272,7240.737322717905,54.0,74.90031701629992,49.14124712677437,18.21772806495428,72870.91225981712,20652.505569159985,57.0,65.36415277359855
P03,Ideal,0,LG_0,S_1,Trial_1,27,54000,58000,4000,2000,2.0,1.0,13,90420,74.975847745744,44.55496324884007,178219.85299536027,63360.495399683714,74.5,95.65392978959598,189.74517877345076,76.16234116777778,304649.3646711111,77484.28219929338,64.5,74.95566037878478,47.83455599258166,19.777767124027015,79111.06849610806,23237.197007983923,57.0,60.67187520353747,78.73750197319718,33.11904446552508,132476.1778621003,43462.43040636182,63.5,84.54766355214433,8.278064216602525,5.309297727886587,21237.19091154635,6651.712115854025,65.0,82.39279976647347,11.876132947055238,7.483449050434865,29933.79620173946,10769.089870154858,68.5,98.2524508981691,9.654690406761587,6.43733734554844,25749.34938219376,6957.51691237092,50.5,67.92924717557861,30.384490791114672,16.11339034466073,64453.56137864292,17655.80167993903,56.5,67.96938346401406,68.73300127294088,31.70198807087727,126807.95228350908,38621.131516993046,81.5,85.79352025997905,57.366831236802994,30.503102263831533,122012.40905532613,41608.37437957525,79.0,96.50244876239994,60.48490886008674,27.871107332233805,111484.42932893522,32584.386132657528,55.5,69.65510474641658,12.589438078889735,7.5877030023140835,30350.812009256333,7571.873255074024,53.5,65.3878841893138,41.777906956316954,15.725666409707628,62902.66563883051,20305.194333195686,74.0,83.20874690856076
P03,Ideal,0,LG_0,S_1,Trial_1,28,56000,60000,4000,2000,2.0,1.0,13,90420,93.64347905886609,51.80518147398252,207220.72589593008,71653.23784574866,80.5,97.0689728007994,180.73996648921874,62.970661808387376,251882.6472335495,67779.10003438592,78.0,78.87374860613212,51.85339450788341,23.023434419510885,92093.73767804354,24055.423215031624,41.0,57.84466559138845,70.83644359658895,31.442025114817078,125768.10045926832,41234.20603573322,47.0,80.18352243151116,12.69975877220347,6.910650343541056,27642.601374164224,8406.579960137606,65.0,84.16016384570926,14.452941310127487,8.301597204012797,33206.388816051185,12141.243927180767,66.5,93.50973709727604,10.658961702081422,6.919010991742835,27676.043966971338,7904.840353876352,49.0,67.29135216038573,26.535723251917382,14.66523463986814,58660.93855947256,16972.16620668769,58.5,72.47135244272643,69.59537695073344,31.45476671429351,125819.06685717404,39088.68934959173,82.0,89.2473508648716,60.675217693306365,34.60478547201492,138419.14188805968,48492.949828505516,81.0,104.3924588473165,61.480213457307215,29.613085710350425,118452.3428414017,34217.17621386051,53.5,65.24822697374906,13.033680984168495,7.618502840446308,30474.011361785233,7952.755875885487,54.0,65.2431892729456,52.97493746132224,19.296940163418185,77187.76065367274,21751.205436885357,50.5,68.5428611267557
P03,Ideal,0,LG_0,S_1,Trial_1,29,58000,62000,4000,2000,2.0,1.0,13,90420,94.970349300009,52.70910310432082,210836.41241728328,70310.6876462698,81.5,95.60568026367169,162.04764449467814,52.71996073871851,210879.84295487404,54171.70217260718,57.0,63.2897709321137,84.34720622867326,27.160605366376693,108642.42146550678,25391.564331948757,43.0,52.11364179668496,72.0307923883904,29.209162781073246,116836.65112429298,34561.13031134009,60.0,75.87199816217563,12.254592021219246,6.4634414243744684,25853.765697497874,7957.6389864087105,56.0,72.95259649652141,15.06228943675299,8.63246662535239,34529.86650140956,12331.9904319942,68.0,92.83307340997573,10.265436319788202,6.662629949848633,26650.519799394533,7935.0546002388,57.5,76.87639228817913,23.360084240057933,13.78180586027447,55127.223441097885,16154.550388455391,53.0,74.7778300675133,70.25414187282372,32.965750502841544,131863.0020113662,42670.75611278415,78.0,91.22990571302299,88.80183002647898,48.01971782147884,192078.87128591537,71439.60176035762,86.5,111.58772378560533,59.54939992408795,26.6325590322027,106530.2361288108,31115.180253982544,61.0,77.43808767112925,13.49435368950122,8.261028359935153,33044.11343974061,9237.319137901068,56.0,78.0027645430439,52.569349699447095,19.59725134614855,78389.0053845942,21249.771025031805,50.5,67.54776698407856
P03,Ideal,0,LG_0,S_1,Trial_1,30,60000,64000,4000,2000,2.0,1.0,13,90420,67.08594904172023,40.843453427776694,163373.81371110678,56737.77675256133,75.5,92.36532187967099,209.6883777155374,81.38079411787912,325523.1764715165,77773.30130338669,63.0,73.0332551715834,83.64084598378723,25.97212230146397,103888.48920585588,26236.342452466488,47.5,64.46767841866003,79.48759876163561,33.18111902428791,132724.47609715164,38919.0012589097,54.0,82.65743633860998,6.664941687447505,4.188486220128834,16753.944880515337,5369.590409100056,61.5,81.45850753126619,12.013939412045485,7.100215860444587,28400.863441778347,9603.85762155056,71.0,93.84141142474417,9.378129135388148,6.289868208882399,25159.472835529596,6947.445496916771,58.5,80.75476812849273,22.45941459581792,12.59063651233446,50362.546049337834,14782.701525837183,51.5,72.39931453262956,73.04933391449082,34.20531864813529,136821.27459254116,45405.90839460492,90.0,99.51330818696577,88.75147764227027,46.98539276276715,187941.5710510686,70643.34955066442,86.0,106.94561652489122,76.21561756614136,31.953285451373084,127813.14180549234,29677.104204893112,38.5,50.051527293890075,11.961334493585804,8.031809734774289,32127.23893909715,9284.9294655025,50.5,73.34165831817903,48.38487489021913,19.34658438285114,77386.33753140457,21241.225581616163,50.5,65.29723685930327
P03,Ideal,0,LG_0,S_1,Trial_1,31,62000,66000,4000,2000,2.0,1.0,13,90420,73.185789473154,43.43497702491004,173739.90809964016,62597.20418602228,87.0,106.64592551690099,247.87144205833948,109.91698762690649,439667.95050762594,99115.85142835975,61.5,71.02016858307518,41.98538332588038,17.58274866794236,70330.99467176944,20965.940225869417,58.0,70.7430725327495,70.77217117211931,32.436412929277864,129745.65171711147,40514.2524279654,70.5,90.20351371088132,6.847510430436087,4.169239745195955,16676.95898078382,5149.54524114728,51.0,73.96668810944337,10.95316646670785,6.473244192451238,25892.976769804955,8739.852253347635,72.5,93.35138173966476,9.206330470396676,6.187534387619235,24750.13755047694,6454.251334071159,46.5,66.14578234217524,20.09542994174067,10.048645471630152,40194.58188652061,12274.308688938618,76.0,81.71564600216281,65.48656799970848,28.201765673491174,112807.06269396469,37718.976847827435,75.5,91.7595435615637,84.35967257366013,47.29492772163358,189179.7108865343,72517.85360276699,100.0,116.26842398472309,73.1525121281337,31.002235471701717,124008.94188680686,28600.68352892995,29.0,42.10554366862876,15.390170833154638,9.80968645249959,39238.74580999836,10265.213903039694,54.0,69.71914096438832,51.73106785615722,20.28042700587539,81121.70802350156,21763.108018785715,57.0,70.04530859098281
P03,Ideal,0,LG_0,S_1,Trial_1,32,64000,68000,4000,2000,2.0,1.0,13,90420,60.42983802185005,33.40228143266868,133609.1257306747,47783.98321941495,64.5,91.0356737655662,212.6357988419795,89.44559052316473,357782.3620926589,86799.73110556602,65.5,79.61345650365821,37.47815983921409,16.962524504959582,67850.09801983833,19892.87668839097,53.0,67.18425937627921,58.13105877211475,27.5992157383007,110396.8629532028,36067.26471334696,61.0,83.95467512696358,6.6335646304540345,4.14233929971233,16569.35719884932,5090.947914868593,65.5,80.5151235674651,9.158494660060862,5.567018229886889,22268.072919547558,8036.3791435956955,76.0,94.72795351073313,7.955782999755597,5.264912389591336,21059.649558365345,5957.700032740831,63.0,76.75249799891377,19.52143874698187,9.466356477583759,37865.425910335034,11956.906504929066,74.5,77.12263333328467,63.69429973352645,27.68375725968508,110735.02903874032,36337.05656975508,87.0,97.75677109440053,94.16146449303206,57.26899264510721,229075.97058042884,91457.9133503139,97.0,114.39892825648398,55.37684617051154,23.99148574960418,95965.94299841672,25303.057953715324,42.0,57.63241291886443,15.547289883691617,9.785016749240459,39140.06699696183,10346.39561548829,55.0,70.28585292137805,50.31552262909343,18.81563778622076,75262.55114488304,21264.115162193775,57.5,72.74296041156136
P03,Ideal,0,LG_0,S_1,Trial_1,33,66000,70000,4000,2000,2.0,1.0,13,90420,83.81655254890353,44.82534805983305,179301.3922393322,66882.74405896664,75.0,103.9984758244255,160.75634232306595,66.77895011135843,267115.8004454337,79299.88373070955,66.0,80.35738453943776,38.20411717405645,17.365212350618094,69460.84940247238,20648.232847452164,53.5,71.67072495644615,70.41605879560069,32.960933924699205,131843.7356987968,42545.321211218834,63.0,84.73562456718744,7.824733877801962,4.583165917126462,18332.663668505847,5972.0441699028015,76.5,89.5717142131631,10.333808799528736,5.992914622428361,23971.658489713445,9006.286971271038,81.5,104.69796768631258,7.498253780241307,5.037953194929287,20151.812779717147,5851.7975732684135,61.5,75.52251343107068,25.819154483051793,12.55254538905574,50210.18155622296,14811.084605753422,53.0,71.11173695854625,43.925266881639395,19.88234042370459,79529.36169481836,25107.73353278637,86.5,94.18267424627417,85.22137748176361,47.881555397529155,191526.22159011662,76839.40641582012,82.0,112.45859965606218,41.62623081170209,18.162426304188557,72649.70521675423,21183.849032968283,41.0,57.19330613880281,13.551389406431003,8.417039239534642,33668.15695813857,8988.890890032053,50.0,66.46091427463625,44.43565503613812,17.429028730164283,69716.11492065713,20563.083607703447,66.0,77.7061754268506
P03,Ideal,0,LG_0,S_1,Trial_1,34,68000,72000,4000,2000,2.0,1.0,13,90420,89.20236016367927,48.41425251298351,193657.01005193405,71928.52320149541,67.5,94.41459218455107,209.39373220360065,85.02048547647428,340081.9419058971,94467.13021025062,78.0,81.42875672004716,34.62930875268001,16.11063939856831,64442.55759427324,22014.588210731745,47.0,74.621938219128,71.86971550449134,34.96569601818919,139862.78407275677,47202.89306715131,78.0,95.78893508698317,8.506486471379477,5.120748279464896,20482.993117859587,6455.777306109667,63.5,72.73412469233091,11.516337367702443,6.765578814141918,27062.315256567672,9887.688420712948,78.5,98.00141360964257,8.041607513228373,5.332046461245045,21328.18584498018,6237.258110195398,65.5,78.47598966613033,27.951422480460256,13.256643956596964,53026.57582638785,15270.402189344168,72.5,83.38516022968767,47.90074054417992,22.766202686354518,91064.81074541807,29063.35825100541,81.5,102.65891980884578,84.77583785552214,37.15355659723282,148614.22638893127,59049.624390900135,92.0,115.34958381218816,45.00333358913614,19.506299368827605,78025.19747531042,23104.437440633774,61.5,64.77556396606677,14.834532683584907,9.515639270539396,38062.55708215758,9613.013453781605,49.5,64.13944990945936,51.247592664915814,19.0094003747683,76037.60149907321,22747.66517803073,68.5,80.92487901149401
P03,Ideal,0,LG_0,S_1,Trial_1,35,70000,74000,4000,2000,2.0,1.0,13,90420,57.551675940860456,30.466385316522793,121865.54126609117,42765.06118476391,69.5,92.95423751767377,213.66951835874443,86.2010782359168,344804.3129436672,91228.71235013008,67.0,76.09010720190886,46.19198421154146,19.882118661818094,79528.47464727238,25048.83101209998,51.0,72.35806142228836,62.54013184244034,30.566469320910983,122265.87728364393,43516.44981652498,84.5,105.99164274172529,7.338743644263713,4.600507940805983,18402.03176322393,5541.720055043697,58.0,73.85319212438218,10.730961038305342,6.313599744532257,25254.39897812903,9154.916647821665,74.0,100.65277883856442,8.529324079264713,5.607392703276128,22429.57081310451,6713.056191802025,66.5,82.0310553021487,24.65730807078382,12.022716910287272,48090.86764114909,14038.637559860945,64.5,74.68132436485354,66.35965845098026,32.587948132888414,130351.79253155366,44045.35172507167,89.0,100.4222394569152,71.04211237048831,31.657665144838393,126630.66057935357,49397.54605293274,127.0,135.1574280314654,59.59685782127366,25.88239506930113,103529.58027720451,26969.11422535777,37.5,50.98107390702544,14.513798061142074,9.313081017311196,37252.32406924479,9389.30595293641,48.0,66.08355045398694,53.764349367159625,19.917255999171175,79669.0239966847,23152.047768235207,64.5,77.7096133981169
P03,Ideal,0,LG_0,S_1,Trial_1,36,72000,76000,4000,2000,2.0,1.0,13,90420,52.626853239031526,27.73800117848441,110952.00471393764,40334.798116236925,81.0,104.17759222640252,157.70990401915716,70.14265431966632,280570.6172786653,76572.97169789672,64.0,79.75959361936448,47.38775590110319,20.02880341070704,80115.21364282817,23662.943206727505,53.5,63.738416815636185,54.65046898657203,26.607578946230934,106430.31578492373,39766.83132350445,76.0,102.80390176222274,6.841437189631216,4.239712414774113,16958.84965909645,5230.116564780474,53.5,73.04200386486667,10.536113252173989,6.176322994753718,24705.291979014874,8797.839190810919,53.0,83.29868549985223,9.65622658411838,6.116706776944921,24466.82710777968,7180.919218808413,49.0,69.25840269891351,29.598369863111795,14.975223842461128,59900.89536984451,17067.386861890554,63.0,71.02270192278492,72.26325038367195,36.69530353173614,146781.21412694454,51391.38111844659,83.0,101.49154931490375,70.8302333174487,38.56022081710398,154240.88326841593,59771.714359521866,89.5,112.64925280800618,66.85919211774605,31.306775046652184,125227.10018660873,31248.855404555798,51.5,63.016178037262215,15.82302271417415,9.428202026465442,37712.80810586177,9966.428577899933,56.0,71.0418395896246,40.521900667118395,16.88448625676101,67537.94502704404,20681.193843483925,61.5,77.60776035994525
P03,Ideal,0,LG_0,S_1,Trial_1,37,74000,78000,4000,2000,2.0,1.0,13,90420,71.4602975188009,37.52665218273178,150106.6087309271,54372.214898467064,85.5,96.52249751896132,135.55658439134925,55.17548772401642,220701.95089606568,58740.15726149082,72.5,81.55335239255196,44.569007078440315,18.990989293227905,75963.95717291161,22462.613601237535,54.5,74.40344401468396,60.99500024631946,28.23234249080997,112929.36996323988,40031.43487498164,96.5,113.32668027657327,7.452637457297817,4.68141661870759,18725.66647483036,5918.940342962742,63.5,78.03844932858165,11.331448635951107,6.675012945896015,26700.05178358406,9545.260295271873,75.0,90.17574389985754,9.790263694140005,6.05204065986909,24208.16263947636,7270.34118026495,59.0,76.63952323179092,31.907583439893855,16.74218734225724,66968.74936902896,18568.332958966494,73.5,77.5837445460796,67.98098678431383,35.47073519564001,141882.94078256004,47445.827815681696,92.0,99.38369838489903,83.9248726502788,47.33854770865291,189354.19083461165,76211.62151917815,90.5,117.647133837978,55.73859692466193,26.615607542917132,106462.43017166853,30685.16133353114,74.5,88.66822898468185,14.709461082871712,8.752121144835836,35008.48457934335,9823.292400687933,64.0,75.26740609863525,41.36498072678698,17.400798018556088,69603.19207422435,22136.05558499694,62.0,89.99278567409743
P03,Ideal,0,LG_0,S_1,Trial_1,38,76000,80000,4000,2000,2.0,1.0,13,90420,77.8455636580813,42.460533359798134,169842.13343919255,60124.82428923249,73.0,96.14258833538739,189.49712734984465,68.65193070927634,274607.7228371054,63487.456273287535,74.5,74.2042385071949,46.725072288782414,20.29205464576371,81168.21858305484,22918.879240751266,43.0,58.431603997531006,72.34630941054807,32.43441920866026,129737.67683464102,43105.04775494337,77.0,93.50835946327713,8.129340958459965,5.235897557251155,20943.59022900462,6542.452517896891,64.5,79.93442932482503,11.852837472894826,7.33347880744841,29333.915229793638,10948.544181883335,80.0,106.29079556742587,8.889312603441972,5.6909762194147335,22763.904877658933,7020.997349172831,59.0,80.04673206896825,30.432525724331786,16.612030015024356,66448.12006009743,18483.48891362548,60.5,74.03594643017306,54.82753703287823,26.701988318399525,106807.9532735981,35801.13518983126,87.5,101.23378363932895,69.67691573936388,37.93912906271871,151756.51625087485,60151.37620270252,86.0,110.86334081403673,40.524645955240025,19.082791160675697,76331.16464270279,26627.906877547503,50.0,74.05416879799989,12.33321896579432,7.747852165484801,30991.408661939204,8205.762039870024,52.5,74.63400045690854,48.33831786292879,19.34153604770545,77366.1441908218,21762.19243556261,57.5,72.65416122550491
P03,Ideal,0,LG_0,S_1,Trial_1,39,78000,82000,4000,2000,2.0,1.0,13,90420,65.21451710937238,37.37661243171897,149506.44972687587,52946.34662568569,69.0,94.02324703848345,236.4172951621192,85.24372747954912,340974.9099181965,78431.3004463911,56.0,62.6903598265555,47.26948157599003,20.283928005374037,81135.71202149615,23640.664014965296,50.0,67.31068586008598,73.33311606840914,31.687342706834897,126749.37082733959,41173.167154192924,69.0,97.81065143429502,8.288130671796198,5.380861238576472,21523.444954305887,6639.199145138264,55.0,74.73871948128149,12.302762040506918,7.798726661724504,31194.906646898016,11599.82904791832,71.0,98.59700766020214,9.61906808317986,6.321621016552672,25286.484066210687,7269.425597041845,55.0,71.25471124619779,32.263069064114,17.45893701913301,69835.74807653204,19887.993577867746,72.5,80.57039277463379,47.652011547827875,22.47152413346339,89886.09653385356,32142.464630305767,83.5,101.7550895052828,61.0032149195063,34.09507048734231,136380.28194936924,51759.75076854229,98.0,122.63014327172208,46.072533594068176,21.844411427504383,87377.64571001753,28613.806888461113,57.5,81.76477661224861,11.816009388287508,7.411968476325273,29647.873905301094,7614.295277744532,56.0,64.57367471921155,49.45096163229113,18.93759011439979,75750.36045759916,19542.513508349657,49.0,62.27908577877176
P03,Ideal,0,LG_0,S_1,Trial_1,40,80000,84000,4000,2000,2.0,1.0,13,90420,58.03099164324965,36.27836406097049,145113.45624388196,50335.10327339172,70.0,96.6484223249533,231.9829030639343,77.1789538875455,308715.815550182,74748.5195286572,58.0,68.68682694954181,98.98859012239465,31.28384807975963,125135.39231903851,29123.481549322605,54.5,62.63776289147079,61.36947013583644,25.79286216967739,103171.44867870957,31754.56253811717,71.0,82.68566912280008,8.029406383551915,4.908284674689639,19633.138698758557,6082.21935108304,66.0,81.07241824583916,12.191821530571243,7.310297689912841,29241.190759651363,10326.557978987694,66.0,90.22456831802407,10.741020049392942,7.164924590289592,28659.69836115837,8228.041231632233,57.0,73.37843874633246,29.602312986188622,15.924932225665543,63699.72890266217,18213.69705721736,54.5,67.04065798544057,71.96520759684356,36.45161617379635,145806.46469518542,51994.140073657036,87.0,99.96523625938732,68.83689463069567,40.146537343575616,160586.14937430248,61160.348914563656,89.0,110.81280068305624,58.795842790918314,28.110641719121485,112442.56687648594,31259.23201441765,46.5,67.2172516066761,11.381519382492003,6.862374234339223,27449.49693735689,8520.417474210262,97.0,101.1114777865286,40.595209019765306,14.782118223025464,59128.472892101854,17265.458032488823,54.5,65.20112942481539
P03,Ideal,0,LG_0,S_1,Trial_1,41,82000,86000,4000,2000,2.0,1.0,13,90420,111.45827660021416,60.307301170076244,241229.20468030497,83495.08605897427,88.0,99.48300558121666,170.2490635814377,54.76187872537412,219047.51490149647,58026.917930692434,66.0,74.35936730167731,95.16947650855376,28.784995009656996,115139.98003862798,25574.37578216195,45.5,46.5772754814113,40.05920167880477,19.228361644782126,76913.4465791285,25128.18155810237,58.5,82.66428497366013,10.345931441650162,5.764873742486816,23059.494969947264,7115.607615560293,69.5,82.21016513786464,12.447800902777987,7.228061454487033,28912.245817948133,10134.895890951157,54.0,82.97514330363227,10.056270606789571,6.716827669844497,26867.310679377988,7761.093787848949,56.0,75.24444597830079,25.75757631966982,12.4065623202594,49626.2492810376,14746.383391320705,71.0,76.85030629883825,79.61614540690907,36.92941724630073,147717.6689852029,52167.795691639185,91.5,104.2438414175364,70.5720750996455,38.760256600403224,155041.0264016129,57450.405694544315,81.0,99.93917353028692,71.0513461663509,34.222672765143216,136890.69106057286,34383.81236046553,47.0,61.25234739217858,12.457471757661851,7.807693845662288,31230.775382649153,9389.916341751814,67.0,78.94739690889118,32.086241154313804,12.702950877416878,50811.803509667516,16232.374962419271,67.0,81.23356778145782
P03,Ideal,0,LG_0,S_1,Trial_1,42,84000,88000,4000,2000,2.0,1.0,13,90420,132.35827867576714,74.50476479905191,298019.0591962077,105873.77119809389,81.5,96.40594593964097,140.46171895564623,45.51534882024862,182061.39528099447,53687.96903640032,76.0,78.88791260331581,60.52799555324348,23.24581012825947,92983.24051303789,23470.975924283266,56.5,60.00387632593006,50.557515660488654,24.00023826742545,96000.95306970179,33282.06054866314,66.0,91.18984396988677,11.248614803800038,6.5513083440251645,26205.23337610066,8649.209514260292,66.0,84.28002787470412,16.13684398068288,9.373736307630315,37494.94523052126,12814.80798497796,68.5,94.71629896426613,9.866646409032677,6.608773093856871,26435.092375427485,7859.976775944233,52.5,74.43007572096123,30.29574917781239,13.843571867491118,55374.287469964474,17128.425743430853,69.5,78.77193514889551,58.163062053634754,21.697795156610663,86791.18062644266,29506.500530987978,86.5,102.5739224652321,74.45059147514877,38.95459230589913,155818.36922359653,58519.806899130344,80.5,108.58060440707219,63.61393046475615,30.490321027231403,121961.28410892561,34226.94243490696,57.5,69.65369214132346,14.305466357882654,9.387395931885113,37549.58372754045,9804.675541818142,54.5,69.3289455540333,42.46149707029262,16.535882980271708,66143.53192108683,18778.917100280523,66.5,74.33422377827235
P03,Ideal,0,LG_0,S_1,Trial_1,43,86000,90000,4000,2000,2.0,1.0,13,90420,106.26433660332002,60.71375854816288,242855.0341926515,86516.81588962674,87.0,106.80014273461997,191.63453162797177,64.96169251878746,259846.77007514983,70447.71993532777,58.5,69.25810387411401,76.25933393255417,30.31531793778995,121261.2717511598,28517.36545562744,32.0,47.13312205216296,79.36137680511287,35.165512671903706,140662.05068761483,47629.24965471029,62.0,92.19038912601944,9.633997316238135,5.862530459451955,23450.12183780782,7654.88613396883,77.0,95.38272890475174,17.047300809705913,10.012828618928324,40051.3144757133,13603.125140070915,60.5,84.69252439684773,10.73317465003147,7.117519200732931,28470.076802931726,8273.515198379755,48.0,73.85292358528548,32.904500680021485,15.61226395026315,62449.0558010526,19527.253787964582,71.5,85.60127243777103,48.97075563334567,21.384224421344697,85536.89768537879,30477.323941886425,80.5,98.3723968890618,71.23328396104085,36.22087760418653,144883.51041674614,56567.7834674716,81.0,104.57669033165554,60.394556073411806,29.114538590190932,116458.15436076373,31317.829340696335,56.0,68.50593855530131,14.833881954095048,9.337873370572925,37351.4934822917,9863.57806250453,58.5,72.55001861528868,43.87646561074417,17.512990839965642,70051.96335986257,19824.818335473537,56.0,75.7876856168392
P03,Ideal,0,LG_0,S_1,Trial_2,0,0,4000,4000,2000,2.0,1.0,13,90180,1.5656703477908507,1.1753655422246083,4701.462168898433,2843.8014909625053,107.0,149.95476379110713,17.011546028612596,8.170977049460635,32683.90819784254,10975.706484168768,70.5,80.55924123993606,2.8861918134753926,1.9940159313497134,7976.063725398853,4855.643026530743,145.0,174.03747679268994,12.808213634079367,9.32608783072792,37304.35132291168,17660.684790462255,110.5,136.48649899880698,1.0684487436137617,0.7943265092791989,3177.306037116796,2126.5946328639984,101.0,156.7820599530487,1.4893357012402435,1.1191997760906816,4476.799104362726,2302.6918061077595,38.0,97.35263284932202,1.0690038919290819,0.8004795718821697,3201.918287528679,2216.0165943205357,123.5,173.42685508838318,1.0182181955765588,0.7548733415082097,3019.493366032839,2155.2829071879387,146.5,186.13555329572773,1.0178126426579353,0.7537255053408444,3014.9020213633776,2176.9517101347446,124.5,175.7336065987243,20.04107007955738,8.385318439127877,33541.27375651151,13793.261256068945,61.5,85.33522992002109,4.4370611450091,3.0978067851392552,12391.22714055702,6206.433475017548,94.0,124.91787061557493,7.226674780492674,4.584875463601202,18339.501854404807,7794.970367103815,86.5,106.69242701777844,3.334002364987647,2.2467656938824803,8987.062775529921,4510.162957012653,83.5,116.53257225613133
P03,Ideal,0,LG_0,S_1,Trial_2,1,2000,6000,4000,2000,2.0,1.0,13,90180,1.8520725821736417,1.3885571119608358,5554.228447843343,3101.995959877968,107.5,140.3301979332929,30.670801466744336,19.18560406086035,76742.4162434414,23207.59315043688,73.0,79.75101116348631,3.040774393444747,2.1536694969516246,8614.677987806499,5022.584367543459,120.5,156.4381578545655,13.285876862518135,9.682038128492422,38728.15251396969,17674.11334440112,90.5,125.38784577010664,1.0684288018023034,0.794628041354008,3178.512165416032,2158.640045672655,103.5,164.2530077279117,1.463443732616448,1.1071398283238523,4428.559313295409,2286.211308091879,48.0,111.9689152977981,1.0749481219088026,0.8064351737033576,3225.7406948134303,2284.0749472379684,109.0,170.30117781110894,1.04315260763439,0.7824753526365384,3129.901410546154,2198.0101242661476,120.5,170.29309981651298,1.064325708718879,0.790652922342997,3162.611689371988,2261.1853666603565,111.5,165.45541535185498,5.266169287351803,3.4652164080762304,13860.865632304922,6718.549691140652,101.5,132.46515000483288,6.014645455029265,4.468412362039089,17873.649448156357,8047.366142272949,92.5,121.83719112596917,2.9178595527765863,1.490345932310447,5961.383729241788,3279.6191051602364,126.0,165.0777292458642,1.6429008414175854,1.0792042015586047,4316.816806234419,2576.451189815998,103.5,169.8529845796322
P03,Ideal,0,LG_0,S_1,Trial_2,2,4000,8000,4000,2000,2.0,1.0,13,90180,1.8041344686774614,1.3484691398218274,5393.87655928731,3047.671355307102,96.5,138.6893245634357,27.917108615381313,16.505831745872275,66023.3269834891,20880.485791713,80.0,84.65724452132034,2.8846199665391086,2.0750320376828313,8300.128150731325,4815.357364714146,127.5,156.6730887360937,13.371301924309257,9.762490197410807,39049.96078964323,17472.685035318136,91.0,118.62215723327843,1.0960964819536216,0.8213406778289937,3285.3627113159746,2256.3022561371326,102.0,167.08489434482576,1.4812106791729898,1.1164019063580781,4465.6076254323125,2347.8605784475803,52.0,115.16923490713253,1.0565049941518372,0.795604434562847,3182.417738251388,2248.0620071291924,88.5,162.456323363179,1.0720829882518517,0.8044684246415272,3217.873698566109,2243.1788966059685,111.0,168.2996296671118,1.0308911862578531,0.7708652232773602,3083.460893109441,2229.750342667103,150.0,192.07574760122387,3.8923764309235667,2.9623240443877874,11849.29617755115,5736.128892749548,96.0,122.40820959763049,6.193412780583658,4.645543686533347,18582.174746133387,8275.956753641367,88.0,120.1372444922339,1.1252315319809358,0.8023379387799651,3209.35175511986,2231.8867035210133,113.0,169.79224575738127,1.1429112803020247,0.8362601445987821,3345.0405783951283,2250.808756798506,103.0,164.32856735426574
P03,Ideal,0,LG_0,S_1,Trial_2,3,6000,10000,4000,2000,2.0,1.0,13,90180,1.6229571082675893,1.221581512875855,4886.32605150342,2866.3858771324158,98.0,141.88800093734937,15.505541224837831,8.53259186987998,34130.36747951992,12147.9582041502,76.0,87.91272231977909,2.798118596048047,2.006063442444429,8024.253769777715,4735.396429896355,113.5,150.73960177191816,13.0503291856876,9.399090218602215,37596.360874408856,17322.834581136703,96.5,123.89957370028763,1.223016160778713,0.8666203120374121,3466.4812481496483,2304.82816696167,99.0,164.59317442707402,1.600288550156406,1.1838674191385508,4735.469676554203,2534.0291671454906,55.0,115.64850404846224,1.0628268694744818,0.7916551426285878,3166.620570514351,2126.289438456297,129.5,177.88294863556408,1.0604897209990638,0.7850825903122314,3140.3303612489253,2238.2957860827446,143.0,183.18249216001792,0.9944139485556147,0.7449159924639389,2979.6639698557556,2197.704929858446,125.5,179.5323839389314,3.800096054572978,2.928143682249356,11712.574728997424,5542.940832674503,104.0,128.85709658997004,8.513585006546494,5.228100488672498,20912.401954689994,8546.969387680292,50.5,76.3981764228145,1.400780617885972,0.9136631687870249,3654.6526751480997,2357.9319939017296,99.0,165.30783716201066,1.161302697034017,0.8376737287966535,3350.694915186614,2279.497031122446,113.0,169.74134090715253
P03,Ideal,0,LG_0,S_1,Trial_2,4,8000,12000,4000,2000,2.0,1.0,13,90180,1.9773085628744524,1.4144092146540062,5657.636858616024,3108.0998480319977,90.5,133.73227338478944,33.03240515040647,12.856918327859603,51427.67331143841,15754.135325551033,57.0,77.50485869391129,4.233057436766746,2.6530549861490726,10612.21994459629,5412.012431770563,112.5,143.62494404710236,16.065526525810235,10.894733639142942,43578.93455657177,18858.878035098314,98.0,130.4811570135898,3.07506500594029,1.7492141178809106,6996.8564715236425,3275.3463834524155,79.5,108.97412746708306,3.659776222566148,2.1558770444011315,8623.508177604526,4061.5271776914597,94.5,116.3106681005349,1.7206499897868808,1.0901343959267251,4360.5375837069005,2416.8345145881176,87.0,142.11203655201913,2.346168977615948,1.3975134233478457,5590.053693391383,2855.7040728628635,67.5,115.75874934184712,2.3044584800839734,1.1539534077746794,4615.813631098717,2505.9512816369534,54.5,98.46411800971423,19.55612519796088,8.722700022440403,34890.800089761615,14776.597637683153,84.5,109.74384682021056,39.381769702363435,12.864059037715197,51456.23615086079,12655.19130975008,40.0,47.83774258625925,7.724154555980215,3.8321435949532314,15328.574379812926,5532.259028404951,70.5,87.81237120858255,6.29246651545966,2.3780123362550514,9512.049345020205,4060.9167888760567,80.5,98.48011037167728
P03,Ideal,0,LG_0,S_1,Trial_2,5,10000,14000,4000,2000,2.0,1.0,13,90180,11.202943805773142,5.04437501935754,20177.50007743016,7724.47045892477,66.5,92.56772617946385,122.45333412662158,36.74303425853141,146972.13703412563,35317.70724803209,61.5,73.36829052883212,14.235184688664134,5.841760034393519,23367.040137574077,8014.405146241188,48.0,64.70903154755942,18.68770559174719,10.80646588478703,43225.86353914812,15674.174390733242,53.5,76.1715842232288,3.909098221951222,2.462550729396753,9850.202917587012,3791.7353212833405,58.0,86.60194388577004,4.767014871218005,3.114133732218761,12456.534928875044,4876.091051846743,70.5,100.62370314910494,2.786912926501832,1.8912412186153233,7564.964874461293,3259.476274251938,45.0,78.55826400632876,11.358162287654386,5.52972202359233,22118.888094369322,7574.620004743338,60.0,86.61842584228451,22.87318232739352,10.190068935975432,40760.27574390173,13379.417639225721,56.0,81.1421269374948,34.386645052271945,18.395166796515696,73580.66718606278,28283.5865393281,87.0,110.8745434676459,43.46975721158816,19.42875362810446,77715.01451241784,20879.265014082193,41.5,52.91804185038867,13.47661147484544,8.122135720215738,32488.54288086295,9743.941854685545,65.0,78.30223522039478,30.686209516552918,9.507143802708015,38028.57521083206,11414.576042443514,60.5,70.87074978353455
P03,Ideal,0,LG_0,S_1,Trial_2,6,12000,16000,4000,2000,2.0,1.0,13,90180,15.651054920302109,8.848545257886872,35394.18103154749,13056.827150285244,79.0,103.48068043031802,197.64066900033285,69.9507352579385,279802.941031754,65460.843313485384,60.0,70.58251057743568,57.55904004188581,19.70568173089996,78822.72692359984,17298.724222928286,50.5,55.056694763032446,26.883426960661584,12.500259216083213,50001.036864332855,15135.81145554781,47.5,68.5386780502999,3.3362463305256735,2.2202783290296795,8881.113316118717,3331.1969600617886,42.0,76.4516383061863,4.872502973917943,3.2791395684471354,13116.558273788542,4502.533096820116,58.5,87.93792112046218,3.8016931630071675,2.678044075355865,10712.17630142346,4080.7544253766537,66.5,96.63797055082601,15.479585888077139,9.029235111025628,36116.94044410251,11768.601555377245,60.5,78.17604185663915,35.525634092699114,20.18580174681265,80743.2069872506,28387.352637946606,80.5,94.6578828040503,39.989435010801024,22.767223370901775,91068.8934836071,33593.969233334064,73.5,96.9574292885317,26.047020905491916,17.155558632605242,68622.23453042097,22428.73702198267,67.0,94.02473083459195,13.589275403500494,8.330753761006054,33323.015044024214,9450.955223292112,53.0,71.13541993493294,40.905892713179256,15.457488077983726,61829.9523119349,16319.355368614197,45.0,61.933600191970335
P03,Ideal,0,LG_0,S_1,Trial_2,7,14000,18000,4000,2000,2.0,1.0,13,90180,22.338636321187888,12.203889008739498,48815.55603495799,17824.574187397957,88.0,106.94935748067755,227.89468224362741,84.74872282717843,338994.8913087137,83253.98247689009,72.0,75.05837530484823,70.21964784463094,27.955235200747847,111820.94080299139,23632.728960365057,49.0,53.71220466396265,34.76154196778177,17.184897581406403,68739.59032562561,21093.51148828864,56.5,82.70242656067038,7.4454783185392674,3.9852409742888995,15940.963897155598,4739.058762788773,53.0,64.62493806655162,6.6592284323911235,4.1556257856544105,16622.503142617643,6134.102400392294,78.5,100.9906054293192,4.987927484088257,3.3799886952154337,13519.954780861735,4936.82473897934,59.0,89.95041489337494,18.476253236247683,10.90965669194702,43638.62676778808,14021.851867437363,52.0,71.24543870067713,38.4399518554901,22.464306819811462,89857.22727924585,34242.202155292034,97.5,108.87175809563718,44.938057441079614,25.469864818442147,101879.45927376859,38205.761928111315,89.0,108.65608796145361,39.505264573443334,17.27934437803924,69117.37751215696,20525.239501148462,72.0,84.48758292701844,12.80456267037017,7.9200712715392,31680.2850861568,8878.410514444113,54.0,71.25327515549236,35.14302376876562,14.416649064281955,57666.59625712782,16477.44607180357,48.0,75.65374924255973
P03,Ideal,0,LG_0,S_1,Trial_2,8,16000,20000,4000,2000,2.0,1.0,13,90180,30.018067862766305,17.423108378297183,69692.43351318873,24966.123327612877,78.0,96.49993582250748,244.37833803985455,94.62877127813408,378515.0851125363,100392.47963577509,70.0,78.02992991207525,48.45863492800362,20.566822086600588,82267.28834640235,21234.20611023903,52.5,61.02627509924302,41.32983486552376,21.14561359088402,84582.45436353609,27990.294713526964,63.5,89.51832662956063,10.418304157196019,6.30631147318054,25225.24589272216,6535.127852112055,47.5,68.14157577820917,9.09144654202234,5.554310850333422,22217.24340133369,8276.872336864471,82.5,105.4694045233011,6.962509593620395,4.804055710602552,19216.222842410207,6291.887909173965,60.5,88.14414275050297,24.35653714633732,14.144877106556669,56579.508426226676,17381.43190741539,69.0,75.74270015573136,52.42644788926157,28.180211738089564,112720.84695235826,39628.57825681567,76.5,90.79592691673818,57.42612276737522,29.931778866704555,119727.11546681821,46659.64702144265,109.5,120.12820996985376,57.17687321671408,23.244698686525226,92978.7947461009,23750.22880733013,35.5,49.90150317483112,15.392879094569759,9.789669094642159,39158.676378568634,10344.869643449783,47.5,70.03436325458057,38.94967209252291,15.712334831291809,62849.33932516724,18187.45033815503,62.0,73.80507964644998
P03,Ideal,0,LG_0,S_1,Trial_2,9,18000,22000,4000,2000,2.0,1.0,13,90180,33.1532301042413,19.78725786897121,79149.03147588484,27829.76245507598,90.5,109.9541925919688,243.1918598996467,100.62975607998669,402519.02431994677,105362.8757596016,67.5,73.90902591820104,39.25610876628008,18.07736061140895,72309.4424456358,20522.49275147915,52.0,65.44516316901631,46.78404339116782,23.97042897589272,95881.71590357088,32605.13935238123,68.5,93.9836576738577,9.941127335277681,6.307770302449353,25231.081209797412,6712.445802986622,57.0,68.59074913785788,9.882409242011592,6.049593687406741,24198.374749626964,8818.287216126919,74.0,102.36580782230656,7.8401932542682475,5.648801785707474,22595.207142829895,6940.120831131935,48.5,79.38626575542762,26.957354712350302,15.506172537303064,62024.690149212256,18513.397965580225,66.5,82.38197850116063,63.704508978419355,33.26818732647225,133072.749305889,45327.47343182564,91.5,98.70230341137682,80.02994023485284,42.74193450628081,170967.73802512325,70072.94120267034,118.5,128.2026305439849,84.5093775642871,33.50373888819013,134014.9555527605,30272.233299911022,39.0,48.19443951858885,16.028490241203556,10.36410055346787,41456.40221387148,10708.966571837664,54.5,76.12681365858286,42.01489846716599,16.928830355661923,67715.32142264768,19292.559288442135,60.0,68.94064582807758
P03,Ideal,0,LG_0,S_1,Trial_2,10,20000,24000,4000,2000,2.0,1.0,13,90180,49.931534918746216,27.899617487471552,111598.4699498862,37791.30792245269,66.5,95.02828228678817,216.22210503395394,91.5204142656643,366081.6570626572,98454.80034127831,69.5,74.6032113215971,48.42009745057272,21.757699096447322,87030.79638578929,22819.996252655983,49.5,60.80310564517492,60.15248557020362,30.160573042742907,120642.29217097163,38972.10508584976,66.5,90.13197476842132,9.958775307084439,6.643797471129801,26575.189884519204,7197.704911231995,55.0,72.1386899660312,11.663341997580371,6.964904905995354,27859.619623981416,9691.143222153187,60.5,89.76292272854545,9.639573912642948,6.507352490560152,26029.409962240607,7345.724198967218,47.5,66.92224897158644,33.06824579285931,18.44026117771864,73761.04471087456,19382.591638714075,42.0,55.56928481926219,63.139984870538775,33.55662801086437,134226.51204345748,45621.68084084988,84.0,98.23702933707816,79.86198608963905,45.245688655227426,180982.7546209097,72360.37328839302,99.0,124.4769922010582,79.83780482180714,32.680764390248804,130723.05756099522,31024.5375148952,36.0,58.133658751262956,15.461536739632317,9.782734200265258,39130.936801061034,9953.915607184172,61.0,79.88079966711928,44.22671042635847,18.170681431423873,72682.72572569549,21514.984965324402,73.5,78.98135468004179
P03,Ideal,0,LG_0,S_1,Trial_2,11,22000,26000,4000,2000,2.0,1.0,13,90180,68.61074023034251,38.588337920093906,154353.35168037564,52149.484027177095,67.0,91.90427363240343,171.32339829305113,71.6515749940183,286606.2999760732,85396.75241336226,92.0,85.50356861256239,54.06318230327349,23.358689179294743,93434.75671717897,23281.75539150834,34.0,53.082172927997505,64.64260602442035,31.393313493195457,125573.25397278182,42273.392993956804,64.5,89.28988921447075,11.425629218303527,7.699717704637441,30798.870818549767,8220.106177031994,50.5,71.69143257181591,13.425283944266445,8.090327061968855,32361.308247875422,11242.751590907574,60.0,88.41685911416768,10.598108107489892,6.923053825763054,27692.215303052217,7768.418453633785,55.5,70.24612227643948,33.513897238936494,18.79129635769641,75165.18543078564,19146.981555968523,54.5,66.9078941949027,62.519009664882084,30.043861474783625,120175.4458991345,39629.188645631075,93.0,92.63903356171093,57.550185762632445,33.564933037385345,134259.73214954138,48777.69621089101,89.5,114.10451570960204,50.32656652866372,27.19293770007789,108771.75080031157,29361.83838173747,50.0,67.65863950900751,14.056683592013332,8.696323443157599,34785.29377263039,8685.832843184471,49.0,69.58687475724535,42.990299051552476,19.30542628467083,77221.70513868332,21932.490915060043,54.0,65.51108782496618
P03,Ideal,0,LG_0,S_1,Trial_2,12,24000,28000,4000,2000,2.0,1.0,13,90180,104.46047293845473,58.139143102709205,232556.57241083682,84633.15600529313,80.5,99.67286156833482,145.52802187086635,61.54500263192458,246180.01052769832,73348.28758612275,88.5,90.4765745909181,44.62250485635424,18.66075276879128,74643.01107516512,20032.960921525955,37.5,52.60659021214617,58.527901268004,27.477937241224573,109911.74896489829,36493.01091209054,65.5,94.52523446638497,18.011340607331693,9.664287830993999,38657.151323975995,10615.577083081007,56.0,71.3929623780435,14.510402125836766,8.789814828697127,35159.259314788505,12609.717343002558,75.5,99.95852857285345,10.277446341552599,6.615439302707091,26461.757210828364,7788.866478949785,53.0,74.39016901263697,28.356764976796022,15.327987185772509,61311.94874309003,17321.613803505898,51.5,69.3955215560607,58.40828934366886,24.814636955107563,99258.54782043025,31366.965640336275,71.5,84.35739778876298,47.65689856832768,28.5590524557163,114236.2098228652,39165.59834033251,78.5,97.18319991855955,45.23804537421967,24.12862779420102,96514.51117680408,29471.708368510008,72.0,93.0444780935199,13.747208617940874,8.736801644496154,34947.206577984616,8716.35228395462,52.0,66.2393258616652,39.28137335993134,17.697238306165673,70788.95322466269,20730.330143123865,56.0,75.25559041472529
P03,Ideal,0,LG_0,S_1,Trial_2,13,26000,30000,4000,2000,2.0,1.0,13,90180,105.33759377152775,58.07139021124458,232285.56084497832,83537.81327605247,87.5,103.2295629638269,178.07344018326935,74.51810931008076,298072.43724032305,79258.98768007755,65.5,77.04944652289828,25.286512584676224,13.050505811115727,52202.02324446291,16796.984616667032,46.5,63.27064780508141,50.38306572484262,23.784387958457227,95137.55183382891,29804.980661720037,70.0,86.53910761844551,16.8018755795914,8.268722768744919,33074.89107497968,9379.844926297665,68.0,74.8867098028425,13.32832517576435,8.032416804600507,32129.667218402028,11441.738344728947,71.0,92.86071101962564,10.089128574271035,6.641565050336067,26566.260201344267,7383.263111114502,41.5,65.56324381561441,29.94471207521592,14.462263077113311,57849.05230845325,16515.290178358555,60.5,73.30210777456301,55.357285670280774,26.372802311263513,105491.20924505405,33814.01440128684,71.0,87.76960895082593,52.15646826815534,29.379775038571097,117519.10015428439,42109.808791428804,108.0,117.86101918110626,35.99981083815164,18.671621657232755,74686.48662893102,26805.22482842207,63.5,93.91340939847463,14.883216069337243,9.635071989987045,38540.28795994818,9843.13003718853,58.5,70.8635197143849,48.11625727428661,16.79346870079171,67173.87480316684,17960.38569882512,56.5,62.372929712924986
P03,Ideal,0,LG_0,S_1,Trial_2,14,28000,32000,4000,2000,2.0,1.0,13,90180,61.82161912107346,34.30919221333461,137236.76885333844,46082.82959088683,72.0,89.61631189455713,169.88932426104478,64.5578970463248,258231.5881852992,67596.89897298813,60.0,69.01731858842415,26.78734257714726,12.916607677878346,51666.430711513385,16889.763716608286,51.5,69.49513664167108,42.793614720435485,19.82738166330382,79309.52665321529,25601.538084447384,62.5,84.94153754054766,7.915511295530971,5.405652638105676,21622.610552422702,6167.368590831757,56.5,72.78840245240602,10.870849325907574,6.64099254377652,26563.97017510608,9530.916158109903,57.5,89.94804953340099,9.551714885488396,6.193898415856529,24775.593663426116,7089.360896497965,49.0,66.7279253823945,30.11690372751924,14.240043551602867,56960.174206411466,16306.842397898436,58.5,70.81138399243457,68.46537943055816,35.67495000596391,142699.80002385564,49189.40346688032,79.0,94.00504421480055,78.0140720316547,41.434405403235,165737.62161293998,62404.93170917034,82.5,114.64018912812642,58.646227266027104,24.479402338154614,97917.60935261846,27374.412398785353,47.5,66.32204819535403,17.67052619493739,10.3376342088799,41350.5368355196,11417.93318092823,68.0,74.47021301933479,54.33644213607719,17.103707895753907,68414.83158301562,16149.362083524466,49.0,64.15094412724284
P03,Ideal,0,LG_0,S_1,Trial_2,15,30000,34000,4000,2000,2.0,1.0,13,90180,45.173812187316436,28.88650183037389,115546.00732149556,41904.107760638,82.5,96.26318222518891,161.15969469738724,60.63813885119744,242552.55540478975,63380.943424999714,48.5,63.209012907776206,30.562178492188426,13.815471779089421,55261.887116357684,18295.48915848136,59.5,74.68184018471024,55.03456775723828,24.226558919087985,96906.23567635193,31205.822993069887,73.0,91.6961097676783,7.9409466260921935,5.2495484834653325,20998.19393386133,6063.602492213249,64.5,80.79348833409152,10.029403231183878,5.913412051461637,23653.648205846548,9204.96853068471,74.0,103.50549713035248,10.49502484717821,6.417199969990179,25668.799879960716,7145.516667515039,50.0,69.34610754804908,24.443079899824674,12.192926005972549,48771.7040238902,14740.889891982079,58.5,68.3922239455657,70.53993241466324,35.852925841533576,143411.70336613432,49822.37666845322,82.0,96.4405478646752,98.99980709719445,53.307886139384934,213231.54455753975,80058.59702825546,100.5,112.7423555986592,70.94083236856858,29.911725610354914,119646.90244141966,30615.2718141675,46.5,57.676818269114726,18.385620839659282,10.562796838511712,42251.18735404685,11790.880747139454,62.0,77.18204038691763,54.1896816789426,18.782247000164354,75128.98800065741,19588.29266950488,51.0,69.62150095857702
P03,Ideal,0,LG_0,S_1,Trial_2,16,32000,36000,4000,2000,2.0,1.0,13,90180,48.36378564507052,28.84530581178842,115381.22324715368,42023.74396845698,74.0,96.98526488247066,179.3091281299521,68.68480152036064,274739.20608144253,67558.74967202544,53.5,66.22925677529001,25.38751207107354,12.67205501749413,50688.22006997652,19032.533653080463,93.0,114.03662309876253,70.10569621681176,33.20243017753819,132809.72071015276,44703.96125689149,71.5,96.54726082215922,7.654635584007406,4.945261495036538,19781.045980146155,5811.206717044115,56.0,71.77338304891899,9.344076896856064,5.754717139643617,23018.868558574468,8784.715831279755,84.5,110.49541943283064,10.312090218562297,6.566662903572433,26266.65161428973,7128.425780683756,44.5,63.698330563321456,24.70551289526491,12.833271941449492,51333.08776579797,15127.87640094757,65.0,79.87992245520637,66.22643337583172,33.601000759890304,134404.0030395612,46935.2375715971,87.5,97.9510592647116,93.02555687284558,48.51702665347839,194068.10661391355,73880.24143874645,81.5,112.28263346610436,61.53940311788643,29.200813539512456,116803.25415804982,32701.2755908072,60.0,72.25725161804928,16.390469401334386,10.188536173361353,40754.144693445414,10929.01173979044,59.5,70.46221668916654,45.09437011455206,17.140840899338947,68563.36359735578,21026.979107409716,58.5,82.3246604618486
P03,Ideal,0,LG_0,S_1,Trial_2,17,34000,38000,4000,2000,2.0,1.0,13,90180,57.31118492238935,32.5846981557901,130338.7926231604,43624.18344244361,69.0,91.44385569509915,153.10548726118466,58.96304806210101,235852.19224840403,64723.79881888628,71.5,83.26343137760674,20.47397120676871,11.81541864456376,47261.67457825504,19360.617641359568,80.0,107.66262683217325,71.60475821223724,36.29311933314894,145172.47733259574,49898.67527037859,76.0,96.95771295502003,7.830054482649748,5.138627216406166,20554.508865624666,6075.505074113607,59.5,80.32445170445699,10.1861982169525,6.540666749118827,26162.66699647531,9471.708443015814,57.0,92.52403277379317,9.806144374631051,6.460552911902778,25842.21164761111,7332.906033843756,54.5,76.23344599924182,28.594333996769716,14.0029944009264,56011.9776037056,15911.615639925003,68.0,72.65545704122333,66.99456910336555,33.84476121189073,135379.0448475629,47224.867064505816,92.0,100.12191791039506,76.62043704418933,43.5309465508908,174123.7862035632,69742.41565912962,89.5,117.5306885057011,96.22921920590015,41.29051692180801,165162.06768723205,39964.597299695015,50.5,65.77775020336871,16.563047462010868,10.484198520425707,41936.79408170283,11482.939589768648,61.0,76.53180946195504,35.08017681854614,14.598169542150572,58392.67816860229,20143.441297113895,68.0,87.47713237305862
P03,Ideal,0,LG_0,S_1,Trial_2,18,36000,40000,4000,2000,2.0,1.0,13,90180,84.51728720219401,47.85329821030609,191413.19284122437,62722.639087587595,74.0,89.54006218789891,184.0634150557132,69.98370418902486,279934.81675609946,78653.17678079009,72.0,77.1790052504211,32.447588450976966,15.128613674337975,60514.4546973519,19891.961105167866,53.0,69.7407539999676,81.6560900461812,38.3774493855075,153509.79754203,48957.150522619486,63.5,78.37084988278488,8.37175528738556,5.348369593394454,21393.47837357782,6489.0434965491295,57.5,76.11426803695888,10.080759150590916,6.382988439872861,25531.953759491444,9558.99404361844,83.5,105.28373813201206,9.581734330903,6.038631485775113,24154.525943100452,6861.075479537249,59.5,73.66687666679401,27.321806814001427,14.008361969422548,56033.447877690196,15547.518711537123,58.5,69.04168675788851,57.906692570797276,27.81329164698254,111253.16658793017,37790.392339229584,80.0,95.01141959223213,70.14749378500724,41.76799486973323,167071.97947893292,64305.98767474294,88.0,108.35754896965688,90.86698203272339,36.44997850060463,145799.91400241852,37653.360050171614,41.5,48.74749609755497,15.616018437710741,9.791356857866049,39165.427431464195,10420.252662152052,50.5,72.83972686894076,41.40138108896018,16.85451597517822,67418.06390071288,20184.9477365613,46.0,61.66194863290555
P03,Ideal,0,LG_0,S_1,Trial_2,19,38000,42000,4000,2000,2.0,1.0,13,90180,79.14771282183322,42.57410199759761,170296.40799039043,55710.187181830406,64.0,78.63210801283114,187.00979452576112,72.75875499355607,291035.01997422427,77713.4831994772,60.5,75.3725317595177,39.588124457071984,18.212486732495016,72849.94692998007,21589.757595211267,53.5,67.00582660677337,75.97573479043658,34.58102437065681,138324.09748262726,46125.86200237274,74.0,92.83078802016523,8.871785538266973,5.542623811983503,22170.495247934014,6681.010778993368,57.0,77.35058092578394,11.194445439699669,6.673007360845804,26692.029443383217,9693.279583007097,63.5,92.77557983252665,8.861495931207703,5.607039135554805,22428.15654221922,6522.614881396294,44.0,64.36048219752003,25.043472444681257,13.180823975801468,52723.29590320587,15081.486850976944,62.0,74.61108630685514,53.055195252769344,24.969136969791727,99876.5478791669,33157.54123032093,94.5,100.88421623688419,64.05232863644731,37.007374122040346,148029.49648816139,56139.90090787411,81.5,97.99923721395695,40.16565257246267,20.960178155452013,83840.71262180805,28121.223114430904,86.5,101.9834540552286,14.509295298725336,9.559795369685162,38239.18147874065,9757.37040862441,48.0,64.59932906619329,48.87755497418093,21.674820159748197,86699.28063899279,23253.677505999804,54.0,69.3274978806794
P03,Ideal,0,LG_0,S_1,Trial_2,20,40000,44000,4000,2000,2.0,1.0,13,90180,68.97329687307244,37.1875406812178,148750.1627248712,49280.96178919077,67.0,89.76074714848234,142.4760740906337,63.65348966093734,254613.95864374936,69517.18218624592,61.0,74.4978614877917,31.90119911246239,15.770643214765006,63082.57285906002,20856.680627912283,63.0,85.02499698853146,58.48999322308731,30.08083295422839,120323.33181691356,43224.98915717006,75.5,98.2605200058125,9.196278950767905,6.01206519001862,24048.26076007448,6885.1858377456665,70.0,83.68094809428955,11.611453975702211,6.735737515345681,26942.950061382726,9876.701422035694,53.0,92.37238505679011,8.97402420373956,5.811041110928636,23244.164443714544,6435.634475201368,48.5,76.43120777647302,22.110568062035927,10.153456632199232,40613.826528796926,12421.412393450737,59.5,74.140521797782,50.59124764674457,20.88818393915426,83552.73575661704,28383.079916238785,92.0,104.98531159358431,54.81993995898682,31.582238635933027,126328.9545437321,50069.278944283724,89.0,110.78371768518718,44.33296751034334,22.670897797495126,90683.5911899805,28220.71649134159,60.0,74.66556086361726,13.29999266931314,8.82267408054322,35290.69632217288,9707.318525761366,57.0,72.71244436317994,45.250596726773125,20.17629738256801,80705.18953027204,22956.11295849085,58.5,74.83862536138878
P03,Ideal,0,LG_0,S_1,Trial_2,21,42000,46000,4000,2000,2.0,1.0,13,90180,99.26451314492257,56.56577574606054,226263.10298424214,78932.73485824466,65.5,89.587787118263,162.61653937647438,67.71365036881761,270854.60147527047,72336.5681245923,57.0,69.81892918705489,32.710337817784215,15.56406330037862,62256.25320151448,19857.168942689896,54.5,77.36176018289964,73.93751322787426,36.42530143453041,145701.20573812164,45112.006179988384,71.5,88.78939185023762,9.822444244380385,6.356372817070223,25425.491268280894,7286.82167828083,49.0,73.38654017834186,11.963207748004274,6.978024412447121,27912.097649788484,10484.953876584768,64.5,98.29081108583028,9.203802366151939,5.897970130015165,23591.88052006066,6449.673417955637,47.0,70.4575787579662,19.043999460336686,8.83209363889182,35328.37455556728,10635.414719581604,62.5,83.12954649710595,39.28848952000059,14.573814265429974,58295.257061719894,20041.506364941597,85.5,96.23692163092473,55.01039944837395,29.489653341891245,117958.61336756498,44139.35160264373,96.0,110.31501427950421,43.0695176340823,22.151921650371513,88607.68660148606,26292.498223483562,54.5,74.11751193601906,13.395778038500634,8.698675118666142,34794.70047466457,8967.83247590065,47.0,64.45734199369022,41.68968957275119,17.397946587204935,69591.78634881973,21494.842134416103,59.5,79.4267168293663
P03,Ideal,0,LG_0,S_1,Trial_2,22,44000,48000,4000,2000,2.0,1.0,13,90180,87.77439765099248,48.153842637862546,192615.37055145018,68128.24243679643,79.0,95.91569345594056,179.0037735953708,69.5383070564596,278153.2282258384,75838.97914737463,61.5,72.65030127362358,36.67071837404139,17.237126530427485,68948.50612170994,20348.837133497,46.5,64.8758863178767,65.21203784640669,30.45099577406654,121803.98309626617,36352.01109573245,60.0,81.722661161931,9.28793576988907,5.65727329577785,22629.0931831114,6789.354793727398,72.0,82.18298357908766,11.636350703378382,6.745614064170513,26982.456256682053,9899.896197021008,84.5,103.38719846194374,8.61814430472521,5.601148463843856,22404.593855375424,6506.744772195816,62.0,80.93944293878687,19.374189651277028,9.775752725591882,39103.01090236753,11626.38096138835,55.0,68.92765407908365,43.228649567487736,20.22928630381357,80917.14521525428,27119.269873946905,93.0,101.01470291777382,80.16871868209168,44.43619085564278,177744.76342257112,65895.13495564461,70.0,97.47573079405099,47.59858566113158,22.503527963533998,90014.11185413599,25869.193580001593,49.0,63.79456878845839,14.602399511861826,9.523193137324416,38092.77254929766,9460.416249930859,54.0,70.41447997827025,40.33725919332029,16.965430070168804,67861.72028067522,21552.523877471685,65.0,82.92472410720524
P03,Ideal,0,LG_0,S_1,Trial_2,23,46000,50000,4000,2000,2.0,1.0,13,90180,49.365409294550126,30.621079968940467,122484.31987576187,42359.457816928625,73.5,94.92326743008068,183.81302041176795,74.50457290806807,298018.2916322723,82368.61350014806,69.0,81.31103691072276,29.144657271069978,15.541395290941,62165.581163764,20823.10924306512,49.5,68.39156159104716,55.150475422525524,26.478672916069627,105914.6916642785,32711.65220066905,63.0,85.53761690512833,7.93715859235626,5.257174681324978,21028.69872529991,6101.446598768234,59.0,73.03745993096587,10.500382357066103,6.4138358501833865,25655.343400733545,9023.988246917725,67.0,92.5047204017173,8.999762121479497,6.064632485189941,24258.529940759763,6983.1532426178455,55.0,74.1036816997912,21.893741692978168,11.89273987665074,47570.95950660296,14999.694749712944,65.0,81.88684890960731,60.47466348427675,33.32580234640045,133303.2093856018,47195.26320695877,93.5,103.65209910648684,109.3012978783691,65.34383368503768,261375.33474015072,100369.89524960518,90.5,109.04999800282111,62.64351465148194,28.961736524594016,115846.94609837607,30649.453587830067,42.5,54.78642607504558,15.536264403728405,9.739427724201231,38957.71089680493,10690.044518560171,58.0,71.54001248598313,44.23960658986915,18.133551289036404,72534.20515614562,22623.14585968852,68.0,84.21645241736461
P03,Ideal,0,LG_0,S_1,Trial_2,24,48000,52000,4000,2000,2.0,1.0,13,90180,52.15921912691835,33.36235635804478,133449.42543217912,46280.2903726697,80.0,99.50747995532744,212.76661628082965,92.09130566010717,368365.2226404287,101296.77066579461,68.5,76.90591596995021,27.33702922488497,15.325837701559067,61303.35080623627,20408.960431814194,79.0,98.87799079174133,61.96626339870972,29.356669418502133,117426.67767400853,35997.069999575615,59.0,78.93772767484256,8.373347939018442,5.4949817441636695,21979.92697665468,6277.543772011995,51.0,68.95000192038222,11.987337264126612,6.998821313120425,27995.2852524817,9774.156101047993,59.5,93.01844869618395,8.957039709238904,5.883639421407134,23534.557685628533,6880.913116037846,54.5,71.39950661278344,23.815990054662606,12.081231261836365,48324.92504734546,15569.187514483929,70.5,79.73790130303092,63.062844969109904,33.92147419152316,135685.89676609263,47733.3209477365,89.5,104.21872163774628,98.22173195472487,56.87950464832829,227518.01859331317,86459.74453538656,86.0,116.25590417471561,57.360459227023405,26.658401101629714,106633.60440651886,28861.01435869932,60.5,76.18176872109146,15.789277685606365,10.129882996506058,40519.53198602423,10936.336405575275,62.0,75.23859501688452,49.22701372233375,20.433310978021474,81733.24391208589,23581.761494278908,62.5,83.54317845590951
P03,Ideal,0,LG_0,S_1,Trial_2,25,50000,54000,4000,2000,2.0,1.0,13,90180,71.59470105107148,43.152262550592425,172609.0502023697,57775.742933154106,70.5,89.17128166524219,256.7532703930612,100.21248696111142,400849.9478444457,109198.25388118625,78.5,84.96431830039216,56.96153047221431,24.29400520462077,97176.02081848308,24705.1821090281,42.5,62.43084250240172,57.202183220605484,27.995634928974322,111982.53971589729,35146.187990903854,66.0,88.63506683358818,9.51507081985936,5.74329291182803,22973.17164731212,6929.439026862383,57.5,76.91081578258208,12.942179817099598,7.341167112370021,29364.668449480087,10027.772653847933,68.5,90.94810502883605,7.964434273217251,5.314796186634339,21259.184746537358,6311.725545674562,55.5,73.02355400604922,21.950531990528475,10.473691363655963,41894.76545462385,12868.522200733423,62.5,83.33820453131577,52.44940042320688,24.86264418803621,99450.57675214484,34001.70896202326,107.0,104.90916241141441,73.43280178020629,43.454032257397195,173816.12902958877,64807.11689218879,77.5,106.23702305588897,49.01181038264506,23.960178144276142,95840.71257710457,27960.99605038762,40.5,61.099312998623446,13.815538138714485,9.417279461957515,37669.11784783006,9714.3379971385,50.0,64.5507065706207,50.31791367267152,21.33538156612776,85341.52626451105,23139.534797519445,52.0,66.52485964202657
P03,Ideal,0,LG_0,S_1,Trial_2,26,52000,56000,4000,2000,2.0,1.0,13,90180,80.15996071555224,48.23398810084909,192935.95240339637,65889.64145630598,70.5,94.67974767807446,261.15631277204665,103.42504253267543,413700.17013070174,106362.69263923168,56.0,70.83135083146868,58.02260809348358,24.219296665559522,96877.18666223809,25379.9669444561,44.5,54.14225055405166,56.364681222134394,29.541213800711557,118164.85520284623,37757.43134319782,57.5,84.00177695912097,9.654034418686615,6.109338239463978,24437.35295785591,7376.243639737368,55.0,77.0231029485176,13.125102261607019,7.822842475282959,31291.36990113184,10338.15536648035,63.0,83.71052046950985,8.669339339196437,5.9691250998410395,23876.50039936416,6687.725055962801,53.0,67.29723937723578,23.4083133066993,11.550804334983695,46203.21733993478,13434.963021427393,64.5,72.85880409095027,51.77456421443679,23.234273245558143,92937.09298223257,31358.725391328335,77.0,90.85463811820762,66.90041882226576,39.932367854658516,159729.47141863406,61814.380530267954,94.5,108.99860096311372,63.34551178609374,31.02239405827131,124089.57623308524,32198.31520691514,39.0,54.95935503414563,12.711069338914482,8.325117850326933,33300.47140130773,8580.235578119755,57.5,74.64931834373584,46.299496396194336,19.12368217559997,76494.72870239988,22681.743185967207,58.0,68.32789536273269
P03,Ideal,0,LG_0,S_1,Trial_2,27,54000,58000,4000,2000,2.0,1.0,13,90180,91.83733501492323,49.90492382068187,199619.69528272748,69865.40900543332,67.5,89.14534644248789,233.44176809613967,100.57831815672107,402313.2726268843,102876.45692005754,73.5,76.99110713839909,33.874773120860034,16.89140680700075,67565.627228003,21546.114794909954,58.5,72.3830425584399,59.06961003815362,31.06251102387905,124250.0440955162,41268.99819821119,65.0,97.69547325560957,8.838428043406303,5.867437413288281,23469.74965315312,7148.873805999756,47.0,72.73313270476416,13.071107123842468,7.656776241085026,30627.104964340106,10138.863418251276,59.5,85.79673781803051,9.094483930367,5.957845915667713,23831.38366267085,6717.634107917547,57.0,77.05814662414534,26.22979438780911,12.178745643759612,48714.98257503845,13829.274196177721,67.0,74.60406092096461,56.31678772522825,23.503316917875782,94013.26767150313,30985.16743630171,77.5,93.9659033095996,55.039806111817356,33.43407605197281,133736.30420789123,52984.19073224068,83.5,112.89323134530595,70.22552341810393,34.241198065690696,136964.79226276278,34005.67648932338,46.5,59.24346429574784,12.642469481743289,7.988554416922852,31954.21766769141,8175.8529879152775,51.5,65.5231968108724,39.69846745173311,15.694099885073957,62776.399540295824,20903.37537229061,67.0,81.81584628092655
P03,Ideal,0,LG_0,S_1,Trial_2,28,56000,60000,4000,2000,2.0,1.0,13,90180,88.46918137131249,46.714081801194695,186856.3272047788,65152.59696170688,68.5,90.86412449833024,207.51016520168795,82.29036653712392,329161.4661484957,83461.5146741271,72.0,75.3273812644722,71.60992770395,28.156457618053537,112625.83047221415,27660.989947617054,69.5,74.38594666488775,56.06873644612443,27.712180129322224,110848.7205172889,37407.06816315651,67.5,90.46718032408113,8.125984362555942,5.288543630728964,21154.174522915855,6518.342159688473,52.5,77.48002753263381,12.549979093440804,7.286906980117783,29147.62792047113,9792.772959917784,59.0,84.84478229794816,8.855736744774818,5.829828230128624,23319.312920514494,6537.874601781368,43.0,66.1235025372826,28.925386412482847,12.880871129455045,51523.48451782018,14906.305260956287,65.5,76.35441981282999,61.0685133416201,26.26303383978084,105052.13535912335,35875.29743090272,78.0,95.40898091178543,49.74555257408832,28.544498001458123,114177.9920058325,45353.10976207256,111.0,129.41473260703867,65.16556546295533,31.058201602543704,124232.80641017482,31993.83495375514,57.0,65.32321608611456,14.565071744631739,9.373687400226482,37494.749600905925,9286.150243133307,50.5,71.54299087757693,46.87402159402184,18.339528330019675,73358.1133200787,21818.348206579685,69.0,92.00234284387521
P03,Ideal,0,LG_0,S_1,Trial_2,29,58000,62000,4000,2000,2.0,1.0,13,90180,55.978038666769095,32.81407159081427,131256.2863632571,47474.516090005636,73.0,100.444015366335,210.44594211488757,82.44823238833342,329792.92955333367,82314.28889557719,56.0,70.3669598554666,83.7193184960137,35.9883393031545,143953.357212618,32182.445097714663,46.5,53.47528679813733,48.788109880155176,24.472086217813192,97888.34487125278,34041.07904061675,74.0,100.63351762518388,8.764775786574113,5.541082809120416,22164.331236481667,6392.602063715458,54.5,73.4732799339563,11.455689042238637,6.942920379433781,27771.681517735124,9910.272806882858,68.5,91.7348121980291,9.418842631465857,6.255116599111352,25020.46639644541,7526.0940939188,53.5,75.52711072414493,30.067031465575166,16.470787988754456,65883.15195501782,20155.038684606552,57.0,76.49265182002624,75.48538331313787,40.879308811272494,163517.23524508998,59535.49388796091,93.5,100.04417214501362,46.79242507118243,27.467076249688397,109868.30499875359,41106.024384498596,90.5,112.38587001733367,49.035889535358294,22.88840741030872,91553.62964123487,26965.757086873055,56.0,68.77304327394076,17.037586642043838,10.829340320092161,43317.36128036864,10869.498830288649,55.5,70.74092223291254,47.74020109363966,18.547903092717753,74191.61237087101,19803.14953252673,47.5,66.9201706028733
P03,Ideal,0,LG_0,S_1,Trial_2,30,60000,64000,4000,2000,2.0,1.0,13,90180,40.29079329899164,25.906477120728233,103625.90848291293,37561.19133904576,69.5,97.2366369515285,203.7907736927697,79.42371323339175,317694.852933567,80924.1283684969,50.5,70.25772659704641,54.73400792211168,24.223497742880134,96893.99097152054,24515.961576253176,42.5,56.605064953042465,44.654957970592264,22.00300528182415,88012.02112729661,31311.115063726902,62.0,99.3265953114476,8.54318402298558,5.359114076965488,21436.456307861954,6247.634720057249,56.5,72.13134768226095,10.300622868875319,6.299644501344301,25198.578005377203,9196.423087269068,82.0,102.04827922673988,10.059082723925785,6.412811465153936,25651.245860615745,7919.794879853725,60.5,79.06708169545047,26.930161068880388,17.096900992281736,68387.60396912694,22489.470709115267,74.0,86.80592398164296,77.65288018157831,45.51932992869988,182077.31971479952,68877.79990211129,98.5,108.71498788916003,59.52197982298616,34.51647979725385,138065.9191890154,49685.95476821065,99.0,117.27494651028898,63.490444792765295,29.0258696959354,116103.4787837416,32082.951720803976,43.5,63.18043692630541,15.847755386275088,9.974034213286359,39896.136853145435,10649.758856743574,64.0,74.79411947483577,33.297341295792016,12.056586203025654,48226.344812102616,13879.631273448467,52.0,65.5360981891611
P03,Ideal,0,LG_0,S_1,Trial_2,31,62000,66000,4000,2000,2.0,1.0,13,90180,49.44415307072469,29.177496000076644,116709.98400030658,42232.1917489171,72.5,94.05418564553334,185.84663683380703,61.88388542837929,247535.54171351716,61726.17934644222,57.0,65.11802577033606,33.66710680926399,14.852299279347061,59409.19711738825,17613.074462860823,46.5,59.512957101877305,48.01207596403787,21.224716166430152,84898.86466572061,27959.164883941412,60.0,81.75430987153153,6.981171718359495,4.678885870380327,18715.54348152131,5900.628678500652,51.0,74.77580845392286,10.451507495259591,6.351454380294308,25405.817521177232,9278.82557734847,64.5,86.27417931354957,9.71929193745193,6.246280343574472,24985.121374297887,7501.9837357103825,44.5,70.21918493692422,26.489670792469855,15.35007624141872,61400.30496567488,20107.73355141282,79.5,83.95468993353303,77.11572640403381,42.33792818263173,169351.71273052692,62443.08101013303,99.0,109.39182254608956,76.18501523665375,39.68123268499039,158724.93073996156,59225.416369736195,93.5,119.32471585077454,66.32249604492286,31.021115904091857,124084.46361636743,31612.647138535976,49.5,63.17122520374329,13.133177366077916,8.770635382086038,35082.541528344154,9782.396350055933,62.5,80.01324328257037,27.35892644555659,10.092703679669649,40370.81471867859,12876.762449741364,71.0,81.22611710230143
P03,Ideal,0,LG_0,S_1,Trial_2,32,64000,68000,4000,2000,2.0,1.0,13,90180,74.3943539573602,38.7957583780284,155183.03351211362,53784.41046923399,59.5,85.12253378312819,174.14079994652232,58.16775328541407,232671.0131416563,61376.731749624014,67.0,78.53375003879755,36.30454971894967,17.07877267336007,68315.09069344029,20774.888526648283,52.0,71.45585528964823,68.34091401538078,32.040645672008395,128162.58268803358,41147.2256295383,65.5,91.67157423856351,8.744269463456956,5.630685140471906,22522.740561887622,6894.952058792114,62.0,83.47504285509267,13.726453904332553,8.048886010423303,32195.54404169321,11520.17330750823,68.5,96.41928082038758,9.603009558351747,6.416001814894844,25664.007259579375,7871.268969029188,56.5,77.96041365658942,30.190930838594117,15.471238039783202,61884.95215913281,19601.721223443747,71.5,85.27534698006343,69.25740347015883,34.63664280876983,138546.57123507932,49876.70127302408,86.0,103.08829442774424,77.15425376201868,40.658153117168695,162632.61246867478,61986.8153706193,71.0,99.49277236729912,49.36371980628251,24.473627792915796,97894.51117166318,28370.566945523024,42.0,65.35774616026406,12.730523144650649,8.693890585936606,34775.562343746424,9794.909320771694,68.5,78.26319929242781,44.35520359893228,16.070964354462923,64283.85741785169,19672.526326030493,58.0,78.91699791758768
P03,Ideal,0,LG_0,S_1,Trial_2,33,66000,70000,4000,2000,2.0,1.0,13,90180,106.10202694790453,54.33892806925578,217355.71227702312,79147.89691567421,75.0,92.32601288551061,244.50306181835208,80.56314488085918,322252.5795234367,84117.07226186991,59.5,69.70042795905123,47.832256075477545,21.0569293606095,84227.717442438,23552.157636731863,52.0,62.838039011264,74.57148232759171,35.95667198806768,143826.68795227073,44951.7791159451,55.0,76.7072782352571,11.304420990305847,6.900567635893822,27602.270543575287,8206.067234277725,54.0,70.9740530058451,17.012849132993622,9.231227495672647,36924.90998269059,13295.489177107811,63.0,86.56738512493179,10.499178785414992,6.953092737938277,27812.37095175311,8318.073581904173,64.0,79.191854184618,30.34429618896825,15.355691780371126,61422.7671214845,20213.330816477537,69.0,87.26326223144162,50.804398614390976,23.426754208339844,93707.01683335938,32613.989990204573,86.5,107.24676795444661,67.93276345638395,37.553567010501865,150214.26804200746,56170.115154236555,93.0,114.52778414818006,46.98187233290759,23.833479737862945,95333.91895145178,30150.76592564583,55.5,76.98234414963888,12.570893476054103,8.595648010156584,34382.59204062633,9600.195288658142,55.5,73.53941952855492,51.03570764768556,20.027461699792184,80109.84679916874,24071.598518639803,63.5,77.50602513091947
P03,Ideal,0,LG_0,S_1,Trial_2,34,68000,72000,4000,2000,2.0,1.0,13,90180,95.31682003536801,48.19613605923951,192784.54423695803,69682.90274962783,92.5,109.94396554570298,244.41679690903865,83.8204643843812,335281.8575375248,90823.4141767025,89.0,88.98364705420298,52.24009718288507,22.246273493394256,88985.09397357702,22535.555064678192,48.5,58.27613256362986,74.72861079138181,31.66681628470542,126667.26513882168,36709.6989415586,45.0,74.96882715362729,10.303419613906216,6.251843312790152,25007.373251160607,7542.879786342382,70.0,82.33346727381745,15.687111916512398,8.28797637759708,33151.905510388315,12174.51011762023,76.0,102.74351062283327,10.19251912737315,6.446568446350284,25786.273785401136,7645.425107330084,64.0,80.8330121826838,28.045943164451554,13.76905552460812,55076.22209843248,17129.95171546936,82.5,92.99737205811368,61.47770559392746,26.695269387215376,106781.0775488615,35613.44062909484,82.0,93.89136458846336,89.4801454827283,47.99310433503706,191972.41734014824,75729.1091606021,84.0,112.9645724374163,46.70853133525404,23.532548285648225,94130.1931425929,28058.6582608521,58.5,78.99955762972256,11.829562545347272,8.088479643920437,32353.918575681746,9360.61767861247,60.0,77.6182887304201,47.45207991666015,19.396722139790654,77586.88855916262,21796.374209225178,57.0,66.4215398642711
P03,Ideal,0,LG_0,S_1,Trial_2,35,70000,74000,4000,2000,2.0,1.0,13,90180,59.05624412922503,33.58345608712407,134333.82434849627,45015.25955274701,63.5,79.99225661682725,180.0205631934647,75.31241476094583,301249.6590437833,87333.82131904364,84.0,81.1050074640398,42.177738503161365,20.077959700580685,80311.83880232275,22743.087261915207,60.0,77.45653322011188,70.35359724827995,31.46705536711961,125868.22146847844,42551.425099372864,83.0,109.23958189398908,8.692976676602747,5.666803525248542,22667.21410099417,6553.134322166443,51.0,68.45376757099936,12.38490801470726,7.046047820604872,28184.191282419488,10217.908769845963,69.0,95.14067537259263,8.915203732558751,5.550909191614482,22203.63676645793,6798.510625958443,59.0,73.5914303944912,31.50974934561071,14.701448931987397,58805.79572794959,17040.22455960512,62.5,71.39152595304279,64.90406921322177,30.85615161245223,123424.60644980893,43452.05379649997,78.0,98.44163786041352,87.6336334100485,51.6044295138563,206417.7180554252,81413.96539285779,84.0,116.95185747132919,64.03287580981338,31.81092492574826,127243.69970299304,34983.82456600666,49.0,66.97218607232523,12.030872280480308,8.061646417505107,32246.58567002043,9138.436149805784,60.5,75.3874783086504,41.90236671732749,18.478793192468583,73915.17276987433,20949.764922261238,58.0,77.84996510570146
P03,Ideal,0,LG_0,S_1,Trial_2,36,72000,76000,4000,2000,2.0,1.0,13,90180,59.75463474292696,34.62965294125024,138518.61176500097,48506.07318803668,80.0,100.35772465507719,183.45487390442293,78.78297489420511,315131.89957682043,86956.29583671689,68.5,76.65382707194568,29.965791074336874,14.885585383721628,59542.34153488651,20035.097282379866,62.0,80.00853342151919,58.02651713677255,29.5591511060833,118236.6044243332,43234.755378216505,61.0,90.10750017854525,8.915659944450406,5.690183972881641,22760.735891526565,6471.037026494741,49.5,74.68100363028586,11.973486521136293,6.877294960035942,27509.17984014377,10150.766000151634,75.5,96.42967743532463,8.4241891727795,5.3356027390807865,21342.410956323147,6643.777061253786,66.0,78.61066465010798,32.9551475076366,15.850711043924093,63402.84417569637,18755.72232529521,54.5,76.86722357667104,56.71207691483946,28.791077152709477,115164.3086108379,42086.61401644349,87.5,105.74016480949417,80.83145842320029,44.627810369059446,178511.24147623777,64793.99353265762,80.0,105.02364409538829,61.25736978869734,30.133693426777608,120534.77370711043,35525.84983408451,55.5,70.65103385132777,13.645600346915197,9.02031614780426,36081.26459121704,9567.539487034082,56.5,67.29525872799178,45.89159914808292,19.057144301221705,76228.57720488682,21579.075790941715,59.0,68.52317435677054
P03,Ideal,0,LG_0,S_1,Trial_2,37,74000,78000,4000,2000,2.0,1.0,13,90180,59.682658139212,33.38268734130543,133530.7493652217,45857.29092359543,80.5,89.2419820187444,187.4112132204408,75.83333190635312,303333.3276254125,77287.12661191821,62.5,68.89299047945845,21.634456907941406,10.98590363971889,43943.61455887556,16123.420558869839,86.0,101.54341845484343,59.26810720197472,28.643177272286266,114572.70908914506,38836.903963238,56.0,92.7861802227382,8.119979744802434,4.911509473249316,19646.037892997265,5905.206594616175,52.0,67.60867018866918,10.614020497385475,6.130378952319734,24521.515809278935,8750.839252024889,72.0,92.25153015656214,7.520135477875051,4.92043263289379,19681.73053157516,6077.641434967518,48.0,72.0138125173401,26.43597170004155,12.437257476709783,49749.02990683913,15169.077645987272,76.5,79.54893088282866,57.88236917375507,26.75335021010833,107013.40084043331,39767.13651791215,98.5,108.83767241191987,90.75341917066872,43.80688498452073,175227.53993808292,65735.51828041673,86.5,107.8491160135035,41.16656669087261,20.260263612493873,81041.05444997549,25322.89559021592,64.5,86.95530286608725,14.127235527767333,9.332161046843975,37328.6441873759,10166.941303759813,46.5,65.99943939773861,51.7167628840287,20.059237702237443,80236.95080894977,21055.056992918253,59.5,65.9738617893644
P03,Ideal,0,LG_0,S_1,Trial_2,38,76000,80000,4000,2000,2.0,1.0,13,90180,57.75530265291717,33.540661307633854,134162.64523053542,46126.777585595846,70.0,91.45696685901038,183.36129801087074,68.38184372987598,273527.3749195039,68597.93663024902,65.0,69.02403821124017,31.57723573074542,13.945841826824472,55783.367307297885,18872.00139462948,53.5,70.38460803694545,67.31749111195707,31.55720372941578,126228.81491766311,44588.29257637262,70.5,99.03137819880725,8.729044126454632,4.955151815759018,19820.607263036072,5675.7004000246525,31.5,62.24010282158119,8.966361942497997,5.5213792292634025,22085.51691705361,7764.450926333666,56.5,88.46430916172338,6.779156396655736,4.588716564117931,18354.866256471723,5724.22631084919,82.0,94.58412266120563,21.484399537586015,11.219053245149553,44876.21298059821,14651.16273611784,73.5,82.24973515410156,56.49932518275309,25.660588624421507,102642.35449768603,36136.8490383029,98.0,103.78160293613381,75.85289297274386,37.91596133558778,151663.84534235112,58820.728585124016,86.5,109.83475814681027,42.01636148574583,19.037354046152906,76149.41618461162,23198.437318205833,51.0,65.87959285631513,12.679796600828094,8.502875777089503,34011.50310835801,9949.948079884052,56.5,73.6232780355628,49.47658961513539,19.56870498722419,78274.81994889677,21247.02427536249,49.5,67.78219250156344
P03,Ideal,0,LG_0,S_1,Trial_2,39,78000,82000,4000,2000,2.0,1.0,13,90180,51.584170841275004,30.346977317822166,121387.90927128866,42729.353439062834,81.0,96.32232106459253,126.75996839298524,49.094444821076465,196377.77928430587,54809.5584847033,67.0,77.59511607613688,36.650313674488075,15.857673672842793,63430.69469137117,19936.214294284582,50.5,69.00291873148659,66.35647103832426,30.10614802921191,120424.59211684763,43365.683779120445,71.5,96.1642700812337,9.60790940752779,5.159065399202518,20636.261596810073,5745.589919388294,41.5,64.52908694780179,8.813517923621271,5.508226494770497,22032.90597908199,7949.39873740077,73.5,95.20047684435781,7.513402787941943,4.912286002270411,19649.144009081647,5655.8627635240555,45.5,67.05228896021212,24.491904247179516,12.982619511545636,51930.47804618254,16168.284136801958,84.5,93.54420504264016,57.159141125635195,25.983229165244847,103932.91666097939,32823.6585482955,78.5,91.70119427425408,81.16473523378293,36.217738832300526,144870.95532920212,53794.78707909584,79.5,107.52360489495769,35.439757854997346,15.856694380287081,63426.777521148324,20647.927653044462,73.5,82.16816502642358,13.271534839937972,8.911683190264739,35646.73276105896,9556.85768276453,56.0,68.84471081516092,55.35909613828211,20.845195399364457,83380.78159745783,21345.602069050074,33.5,53.07356046105083
P03,Ideal,0,LG_0,S_1,Trial_2,40,80000,84000,4000,2000,2.0,1.0,13,90180,71.27056562251188,37.29854000174673,149194.16000698693,50137.33729720116,65.0,86.47799890961346,160.70707370950473,51.910452142881695,207641.80857152678,54238.23455348611,49.5,66.67011282210814,62.322131126755316,20.028161243523936,80112.64497409575,21882.439032197,45.5,54.253457407321875,71.83754280276497,29.3419224628713,117367.6898514852,38325.703330338,54.0,74.85386634801945,9.366152274226165,5.484487901499961,21937.951605999842,6388.0241475999355,60.5,79.80333298261012,9.988985104143154,6.024812817084603,24099.251268338412,8840.261213481426,87.0,105.54057499213411,8.471106917389896,5.4496169607155025,21798.46784286201,5961.972754448652,60.0,72.20655194807604,24.7947791484954,11.968600791646168,47874.40316658467,14127.75432690978,71.5,78.25790156061038,52.6275744089524,24.13722672293661,96548.90689174645,30738.570354878902,89.5,90.90227927412126,104.75157624705224,50.27902120682411,201116.08482729644,75763.59612867236,83.0,108.62287962483937,28.611575929197013,14.467823909968137,57871.29563987255,18754.806742072105,74.0,87.57302494255573,15.315640926869298,9.909521036758088,39638.08414703235,10750.778205692768,54.5,67.6106550178179,57.78479519083079,20.59327862681821,82373.11450727284,21087.712794542313,40.0,57.74613292722605
P03,Ideal,0,LG_0,S_1,Trial_2,41,82000,86000,4000,2000,2.0,1.0,13,90180,91.34065368709238,51.21079415397253,204843.17661589012,70684.24560129642,101.0,114.45414196838465,188.7060022556394,64.87290063118562,259491.60252474248,67485.50301417708,63.5,69.88296381297029,64.59074201422729,22.667236685380338,90668.94674152136,23326.61896944046,43.5,53.482212891125045,79.76170882015674,31.374342799559237,125497.37119823694,38097.11271896958,52.5,74.7433341554499,9.587152042870766,6.2694431494455785,25077.772597782314,7383.263111114502,58.0,75.9285900666255,12.203497495351634,7.63719386155717,30548.775446228683,11621.192656457424,66.5,99.72341962428473,9.714425699384705,6.167483038734645,24669.93215493858,7319.782674312592,62.0,77.8020556051125,29.343365510671774,12.89265590631403,51570.62362525612,14939.266256988049,75.0,78.76304108978836,52.41641436330823,22.744747290597296,90978.98916238919,29522.98102900386,93.0,101.56662225099687,100.49341693233102,52.33701439332217,209348.05757328868,81294.93957385421,97.5,114.88836609113771,49.22266090257446,22.358904726570472,89435.61890628189,25108.03872719407,51.5,58.99843286809979,15.709568786364454,10.036341826128773,40145.36730451509,11481.10842332244,60.0,78.86844800647675,49.23745664857827,18.732004447095097,74928.01778838038,21449.978556483984,64.5,71.39378827474384
P03,Ideal,0,LG_0,S_1,Trial_2,42,84000,88000,4000,2000,2.0,1.0,13,90180,105.89568525874978,56.96356720523909,227854.26882095635,80092.77880191803,79.0,100.51721206886936,172.4687333178705,72.89160383027047,291566.4153210819,75207.22672343254,79.5,79.09460018251596,62.14877728850717,23.34612463072408,93384.49852289632,23843.92349049449,50.0,65.74540399467325,83.20045460565294,35.24391986199189,140975.67944796756,41593.41985359788,60.0,81.57638628852531,10.151790989780315,6.416433321638033,25665.73328655213,7821.827474981546,54.5,72.36952013468016,13.951160743057851,8.970067567145453,35880.27026858181,13318.073563277721,71.5,98.89435922700609,10.575583505557407,6.797160331450868,27188.641325803474,8053.775224834681,58.5,75.35607818826465,35.5878430896911,17.171599002135917,68686.39600854367,18818.592373281717,67.5,76.36481447339781,61.48496257390578,26.401232734462248,105604.93093784899,33027.22321823239,97.0,111.14497020455254,76.86622654824468,38.84721079802839,155388.84319211356,60051.577631384134,99.0,127.17730636555532,55.45554605861494,25.717908101715146,102871.63240686059,28256.729431450367,55.0,67.01386431219989,16.409244387341076,10.339005485503003,41356.02194201201,10899.713076651096,45.5,64.37802691986086,39.59075017276975,17.7507846649969,71003.1386599876,21494.2317456007,68.5,81.57101626290476
P03,Ideal,0,LG_0,S_1,Trial_2,43,86000,90000,4000,2000,2.0,1.0,13,90180,91.79488016958824,45.238423654949294,180953.69461979717,63672.09888994694,79.0,96.0803299732152,195.56786318452734,86.34125738451257,345365.0295380503,87269.42529901862,61.0,72.22986075607595,61.4886285177952,22.515295496908948,90061.18198763579,25070.80500945449,42.0,55.35374554441298,71.85193475850024,32.40183638664894,129607.34554659575,41218.030732125044,51.5,70.98613368280171,10.204857457554475,6.378287225216627,25513.14890086651,7736.373040825129,65.5,77.44625487741828,13.657910928017014,8.518057024362497,34072.22809744999,12468.717526644468,68.5,95.75636773119888,9.330208929870112,6.197608320927247,24790.43328370899,7274.919096380472,55.0,75.93655366101645,34.44440106154412,16.766970043745822,67067.8801749833,18792.956043034792,65.0,73.0277168580813,60.604991292382756,28.38336069509387,113533.44278037548,37640.54188504815,86.0,98.32396839563674,56.47954234932586,31.486106975423173,125944.42790169269,47183.665819466114,94.0,109.10139623747853,40.479509673598194,19.455828988133,77823.315952532,26214.06326070428,81.0,107.70276086952246,15.779191294531305,10.131618484505452,40526.47393802181,10238.051600754261,48.5,67.55128353820126,40.096467579768266,17.656603807141074,70626.41522856429,22448.269464075565,46.5,76.9754180357155
P03,Ideal,0,LG_0,S_1,Trial_3,0,0,4000,4000,2000,2.0,1.0,13,90261,13.372922497796086,4.27148124515079,17085.92498060316,7141.243945807219,78.0,108.46984655535658,1.7565118332354002,1.1516486559063197,4606.5946236252785,2806.5677732229233,124.5,159.06825508560823,1.5583189380048372,1.0880503759137354,4352.201503654942,2698.2237584888935,114.0,165.76977402999535,6.034882143760964,3.231963379890658,12927.853519562632,6074.894685298204,83.0,126.59860329385843,6.174173908277497,4.242329418670852,16969.317674683407,7163.828331977129,76.5,106.36189030076221,8.469736234739171,5.688491860637441,22753.967442549765,10410.791635513306,88.5,119.16547104440835,3.15130441161849,2.1257839602185413,8503.135840874165,3973.3259938657284,77.0,103.89068091351511,3.8204566766800614,2.586420594039373,10345.682376157492,4924.922157078981,87.0,118.89838259349204,1.966779771060079,1.4110396013478748,5644.158405391499,3143.1972049176693,90.5,136.1771258601866,35.382655339907956,17.700883471872658,70803.53388749063,27638.100367039442,68.5,99.23832290787412,3.6522406019011737,2.500435846450273,10001.743385801092,5049.44147542119,115.0,142.59489321444497,8.392664951753664,5.383740976708941,21534.963906835765,8478.605840355158,78.5,96.29210753964442,4.03901552648412,2.697573084011674,10790.292336046696,5045.779142528772,81.0,109.01415513649731
P03,Ideal,0,LG_0,S_1,Trial_3,1,2000,6000,4000,2000,2.0,1.0,13,90261,21.94672145708067,11.855430432548747,47421.721730194986,18799.05993118882,92.0,112.1721004090823,1.2808623133950703,0.901110065006651,3604.440260026604,2411.6462096571922,131.0,167.06413900675724,1.6390170637193733,1.1681296880124137,4672.518752049655,2665.8731512725353,96.0,132.746660170483,3.9098892330197943,2.174024361674674,8696.097446698695,3864.676784723997,58.0,93.32828854537563,8.164041541690489,6.248369628190995,24993.478512763977,10760.239232331514,87.0,112.9631274421182,12.7244650799695,9.572122515155934,38288.490060623735,18069.340102374554,91.0,126.78019962971294,4.366251022886574,3.223873324680608,12895.493298722431,5799.304135143757,83.0,114.67415308577809,5.603613207575697,4.132687831763178,16530.751327052712,7489.470764994621,77.5,112.07339354312981,2.591887282946469,1.9651342782191932,7860.537112876773,3947.3844692111015,77.0,115.81013370760586,57.75558339683017,40.842221510550004,163368.88604220003,63237.50205338001,83.0,108.1100030284359,3.0609626599700763,2.175687900092453,8702.751600369811,4041.994735598564,93.5,115.71440546516092,11.297526188470492,8.776297234289814,35105.188937159255,13727.949652820826,89.5,110.80510071576101,5.263082259512094,4.0726499878801405,16290.599951520562,7652.74977311492,91.0,124.02945640240033
P03,Ideal,0,LG_0,S_1,Trial_3,2,4000,8000,4000,2000,2.0,1.0,13,90261,17.847066790072322,9.41899236557074,37675.969462282956,15559.726487845182,79.0,102.792714996597,16.063561217762864,5.896332952764351,23585.331811057404,7708.905544131994,74.5,82.73615903566828,1.869223837796249,1.3398242030292749,5359.2968121171,3019.2882753908634,95.0,133.59485117875977,5.271924898611797,3.105915571656078,12423.662286624312,5672.953650355339,75.0,116.84845785151413,6.894790425155067,4.7708995045977645,19083.598018391058,8507.294114679098,91.0,118.38850993410698,11.252607489873423,7.479426511842758,29917.70604737103,14403.344877064228,92.5,124.91565311933135,3.6758847730528275,2.4939861730323174,9975.94469212927,4898.675438016653,92.5,121.78879182651154,4.975900910118137,3.3397588458261454,13359.035383304581,6097.173877060413,78.5,117.70208533433608,2.2790769159446413,1.6605581943877041,6642.2327775508165,3449.0020014345646,72.0,123.3001224742397,49.17291329681288,29.368123021279462,117472.49208511785,47066.47116690874,96.5,112.54960421403486,2.9012864737413504,2.0294704801402985,8117.881920561194,3950.4364132881165,100.0,121.12412681450628,9.893520323371794,7.404253619490191,29617.014477960765,11445.705872029066,84.5,102.2353878374565,4.795197347529533,3.653597274736967,14614.389098947868,6769.211962819099,94.0,122.92837985671935
P03,Ideal,0,LG_0,S_1,Trial_3,3,6000,10000,4000,2000,2.0,1.0,13,90261,4.096310608625885,2.087860579416156,8351.442317664623,4405.786469578743,111.5,144.02493112141272,19.333323987672394,9.828430348541588,39313.72139416635,12548.98365586996,73.0,80.7420439203806,2.017678932219954,1.4746111005311833,5898.444402124733,3408.411145210266,107.0,144.3247450636227,8.23020884487682,5.351450454641599,21405.801818566397,9960.324689745903,93.0,124.66295861198846,3.1371614087598214,1.8059914173092693,7223.965669237077,3638.5277286171913,80.0,128.48105451089006,5.007334677412679,2.547093242662959,10188.372970651835,4943.844210356474,66.0,113.68278592272736,1.6821304405730921,1.1052787909749895,4421.115163899958,2698.528952896595,108.0,167.98333166324983,2.352116247499605,1.3798454901902004,5519.381960760802,3022.64541387558,100.0,163.29423943004858,1.3824569243434846,0.9931836699252017,3972.7346797008067,2414.698153734207,109.0,167.66599150375293,17.585570093304565,5.366259517334401,21465.038069337606,10304.583981633186,105.5,127.3202337226718,3.5093470674908875,2.3177590632694773,9271.03625307791,4686.565324664116,94.0,132.12152567582697,6.806564701505361,4.941751034511253,19767.004138045013,7776.353508234024,85.0,102.29319691589107,3.5408412119468347,2.6749081265181305,10699.632506072521,4851.370304822922,91.5,121.47854908786844
P03,Ideal,0,LG_0,S_1,Trial_3,4,8000,12000,4000,2000,2.0,1.0,13,90261,2.069021666481277,1.39190623909235,5567.6249563694,3129.1582621634007,103.0,144.4162120510921,25.29425321708336,10.795784614607692,43183.13845843077,13052.859622985125,85.5,87.93135198265578,5.779781651887283,2.408511672343593,9634.046689374372,4321.24761864543,99.0,139.40602144101135,11.231086809310733,7.726861962303519,30907.447849214077,13394.372165203094,99.0,132.83141884155415,1.7282528330892453,1.0929150984738953,4371.660393895581,2368.9189925789833,62.5,119.98743597983434,1.9112452232161066,1.3207445931388064,5282.978372555226,2593.847271054983,41.0,99.467172522162,1.1858465185886187,0.8714126653736457,3485.650661494583,2318.561915308237,92.5,161.37082992887704,1.4230014496054406,1.0090841078199446,4036.3364312797785,2454.0682323276997,84.0,152.02172399681925,3.578015366808009,1.3083938714000396,5233.575485600159,2678.9965108036995,82.0,136.1999198356099,8.583824096965216,3.2945316669065505,13178.126667626202,5575.2914398908615,93.5,115.39719333447472,21.83932629039934,6.359211697301362,25436.846789205447,7723.249681293964,42.5,53.28024837983428,6.29309269765758,4.3065127563429995,17226.051025372,7009.705156087875,89.0,106.87767927225836,3.3660355108569036,2.4532003357307985,9812.801342923194,4491.240903735161,92.5,121.24832813915125
P03,Ideal,0,LG_0,S_1,Trial_3,5,10000,14000,4000,2000,2.0,1.0,13,90261,10.33383712577363,5.1460458057699725,20584.18322307989,7583.470642566681,76.0,102.90933339007256,162.0236224339929,57.23382856509416,228935.31426037662,50482.512172311544,56.0,66.34810827054302,32.29085427959834,12.98154179379344,51926.16717517376,12258.133385330439,58.0,57.50556133424563,22.200012650211416,12.832506437576376,51330.0257503055,16703.595127910376,46.0,74.00175793394894,2.203747427477701,1.4970188554376365,5988.0754217505455,2734.2366985976696,60.0,91.40068466039543,3.20388940559791,2.1838560850708744,8735.424340283498,3188.976366072893,54.0,83.77472934020923,1.9955898604288618,1.3200939949601889,5280.3759798407555,2718.0613949894905,66.0,126.3279443753151,7.29484845534131,3.1339766714721917,12535.906685888767,4957.27276429534,61.5,102.67806138993365,12.128994435382223,5.0934651583433155,20373.86063337326,7427.211105823517,84.0,91.10071162695071,27.190646613548154,12.866922982037067,51467.69192814827,18210.03472432494,64.0,94.20572153845991,26.46519919517027,11.305052909115329,45220.21163646132,12947.56755232811,40.5,50.01591728904444,10.392284463287474,6.517903251980897,26071.613007923588,8118.476439267397,58.5,74.89420437219978,15.498734996125991,6.4582524709054265,25833.009883621708,8029.970061033964,64.5,74.31499293207543
P03,Ideal,0,LG_0,S_1,Trial_3,6,12000,16000,4000,2000,2.0,1.0,13,90261,16.732116653644464,10.08679481074214,40347.17924296856,14831.22743666172,75.5,99.9666437942636,184.06706707151795,79.63644144171849,318545.76576687396,74067.02041625977,62.0,71.34375078202265,33.01341472578013,15.3215512461029,61286.2049844116,15966.24543890357,61.5,77.550656416284,30.389364965100455,17.795542569365352,71182.17027746141,21634.010784327984,55.0,80.1760645193801,3.5917099855645187,2.2203221244271845,8881.288497708738,3239.9438321590424,45.5,68.24687276889807,4.49003481065697,3.0305980934528636,12122.392373811454,3822.559956461191,49.0,69.53844419474844,2.7617417794110244,1.8866124113323166,7546.449645329267,3216.4438627660275,52.5,93.35327495401825,14.439941286613879,7.347811270924285,29391.24508369714,8942.501340061426,39.5,67.13003273673822,22.913182521474855,11.167978961020708,44671.91584408283,14957.577921450138,86.5,100.60185422251259,41.209645871548396,22.80061797188828,91202.47188755311,31782.640423625708,70.5,87.91256710892604,43.0476279164187,16.927524276194163,67710.09710477665,18419.398088008165,59.0,79.14611816299563,10.880514703607117,6.801849414629396,27207.397658517584,7777.8794802725315,58.5,71.21010450899787,27.295840327147424,13.1601433923468,52640.5735693872,15211.804863065481,53.5,72.0810459370812
P03,Ideal,0,LG_0,S_1,Trial_3,7,14000,18000,4000,2000,2.0,1.0,13,90261,23.472731080687417,14.610007880628109,58440.031522512436,22757.126204669476,66.0,97.28946377952788,172.8833199705347,71.18184860255569,284727.39441022277,68565.28082862496,61.5,70.39700476925452,29.3646080226239,13.588847077498212,54355.38830999285,18785.020988434553,62.5,80.34640680847208,47.365587698118205,24.868353383522482,99473.41353408992,33222.24244475365,59.0,85.31852941302714,5.218257498069871,3.0896368071436884,12358.547228574753,4271.195735782385,54.5,79.63837297630195,5.963799415054838,3.86515044644475,15460.601785779,5710.187368094921,79.5,103.56485062150351,5.251279645662008,3.1554393918951975,12621.75756758079,4595.007002353668,63.5,84.82608060189926,18.370937916384555,10.751009008963592,43004.03603585437,12094.549182802439,55.0,66.83780187774973,45.70232888387861,22.71163514703512,90846.54058814049,29817.188438028097,78.0,88.43224594267525,49.69245515853169,28.488216108852065,113952.86443540826,39348.4097905457,67.0,95.69488136870527,49.05897368966273,21.827615320321637,87310.46128128655,23263.748921453953,41.5,49.44696745227311,8.993517744196103,5.563499223918188,22253.996895672753,6662.088725715876,62.5,83.31758655543192,34.68900361375583,14.965206522715743,59860.826090862975,17453.762982040644,54.5,71.26603561742348
P03,Ideal,0,LG_0,S_1,Trial_3,8,16000,20000,4000,2000,2.0,1.0,13,90261,73.76239370748223,37.44957029935904,149798.28119743615,55163.58399763703,72.0,91.63264251065426,171.1861615871941,69.61915374174714,278476.61496698856,64034.66984629631,43.5,59.02005193340351,29.802096638321615,14.199821103177964,56799.28441271186,19699.383433908224,54.5,74.29078678992104,49.97886637795889,26.696122024091892,106784.48809636757,35523.7134732306,62.5,93.24768580622674,9.33408298588616,5.3867154014064,21546.8616056256,6457.608472555876,49.5,71.41332460761302,10.877692827104363,6.261218732397538,25044.87492959015,9188.182838261127,67.5,94.30252149842735,8.097250515232073,5.005482112220489,20021.928448881954,6358.420290052891,57.5,76.79914417362205,29.351243648124044,14.929648513020947,59718.59405208379,15271.622966974974,52.0,60.7804116694739,50.00227714008255,25.343860538559966,101375.44215423986,33018.37258040905,86.5,94.5767171395995,45.24853565334297,27.496282820415217,109985.13128166087,36720.38074582815,76.5,98.41755560386967,35.508223224042894,20.5847661443986,82339.0645775944,26187.81654164195,69.5,94.6794567329403,10.814233550261877,6.68592234889511,26743.68939558044,7467.801962047815,70.5,84.6935637548446,31.808740009855114,13.494701202551369,53978.804810205474,16608.984861522913,51.5,65.90707415221328
P03,Ideal,0,LG_0,S_1,Trial_3,9,18000,22000,4000,2000,2.0,1.0,13,90261,83.82693280490817,46.52713733201381,186108.54932805523,66122.80998378992,79.0,101.58078519050987,161.21199502134826,68.8352400841657,275340.9603366628,68855.82590475678,65.5,73.82425565463485,27.779867614967692,13.618990366160869,54475.96146464348,17619.178351014853,46.5,68.26787855376814,58.57537282607305,29.269376683980227,117077.5067359209,37256.607320159674,80.0,97.0435080501475,10.005030753510136,6.181182490859646,24724.729963438585,7227.003574371338,43.0,65.65224922126113,13.8475955163033,8.129524476826191,32518.097907304764,10878.959856927395,64.0,88.93577563612168,9.510128551187373,5.9293047450482845,23717.218980193138,7046.328485012054,59.0,75.60850384172205,34.39896578975539,16.719260680559092,66877.04272223637,18518.58627051115,53.0,66.14336640372996,41.42016534996383,20.769924348860513,83079.69739544205,27907.58702903986,89.0,93.2698809613655,42.97814560355545,27.233036125125363,108932.14450050145,37389.672081917524,74.5,98.64574502147192,32.16574012668399,18.82468367216643,75298.73468866572,27579.808235168457,76.0,96.73688661549889,12.182255766068012,7.843379922560416,31373.519690241665,8291.521668434143,45.5,62.193046174949686,27.3514004046297,12.799552308418788,51198.20923367515,16550.387535244226,59.5,78.98147927650527
P03,Ideal,0,LG_0,S_1,Trial_3,10,20000,24000,4000,2000,2.0,1.0,13,90261,77.25140386464007,43.13968732021749,172558.74928086996,59874.56487491727,70.5,93.63008858544204,170.38365858056298,71.60021508607315,286400.8603442926,73205.45660331845,60.0,71.72635614589146,43.600990460592634,18.29562512258999,73182.50049035996,20289.62941840291,66.5,69.03839369715074,65.01630311122938,30.246747010864784,120986.98804345913,37270.64626291394,65.0,77.1338717492127,7.510584124444403,4.702017699019052,18808.07079607621,6137.45953887701,71.5,86.33820114706279,13.435750151707516,7.6774583123624325,30709.83324944973,10085.759591311216,60.0,83.45916299337007,8.770195081400587,5.557830810034647,22231.32324013859,6718.549691140652,60.0,75.15759135016255,27.46119248342774,13.762511279073077,55050.04511629231,17027.71158888936,80.5,87.85765577225908,44.886666565619954,21.37852796772495,85514.1118708998,29408.5331261158,90.5,100.69124346488887,81.40207518235363,44.778441739431585,179113.76695772633,65351.58371552825,84.0,111.58044517194101,37.6124589890791,19.06658137009945,76266.32548039779,25728.193763643503,69.5,89.5086739720594,14.157010622319662,9.284167852858081,37136.671411432326,9660.318586975336,58.0,70.62406887488945,33.77966285396752,13.513047086936421,54052.18834774569,16612.64719441533,52.0,79.28127605457139
P03,Ideal,0,LG_0,S_1,Trial_3,11,22000,26000,4000,2000,2.0,1.0,13,90261,75.80011148122915,41.85434138714336,167417.36554857343,62096.07496857643,84.5,100.58514480129216,145.7686943811204,57.43400485226884,229736.01940907538,62050.60100182891,86.5,88.62009724569033,79.5313327744311,27.917527973884717,111670.11189553887,24096.014071255922,49.0,49.81294120433875,54.60096884203669,24.440591986104845,97762.36794441938,30011.292081326246,53.0,82.75237512235252,7.251794665902048,4.554437967529521,18217.75187011808,5438.869539648294,49.5,72.9178579879315,11.203144817402416,6.288544122944586,25154.176491778344,8850.332628935575,48.0,78.42484174949196,7.504051738052225,5.236502719612327,20946.010878449306,6001.648027449846,55.5,68.77259422910745,21.22553269557624,11.137405119347386,44549.620477389544,12746.444437652826,51.5,69.43537525110365,47.7069519550622,20.233554790948983,80934.21916379593,27606.66534304619,87.5,97.32994340880862,81.17940272565225,43.58528317249147,174341.1326899659,64755.84423169494,85.0,105.83127641595709,67.64157184627462,31.57625060720602,126305.00242882408,31399.01105314493,53.5,61.886579476397536,13.570047229578552,8.842699526052456,35370.798104209825,9234.572388231754,48.0,68.01091758593898,37.640698584430254,14.393670061742887,57574.68024697155,17300.250194966793,63.5,79.47205454652315
P03,Ideal,0,LG_0,S_1,Trial_3,12,24000,28000,4000,2000,2.0,1.0,13,90261,56.43865442311365,32.19209763384424,128768.39053537697,48537.20301762223,105.5,123.43016425382122,160.10477143897245,64.74669633451849,258986.78533807397,72308.49023908377,67.5,76.47036547747125,74.2741060316652,25.71181977847591,102847.27911390364,23328.75533029437,54.0,68.89459136045154,52.882158425569,25.610814659215976,102443.2586368639,34024.59854260087,70.5,95.11250103886317,6.5985334292423055,4.256652230373584,17026.608921494335,5021.973978728056,60.0,69.66656304536372,9.619823805206973,5.711211180884857,22844.844723539427,8136.7881037294865,87.0,115.14036179556709,7.909999373004578,5.454057806392666,21816.231225570664,6200.329586863518,48.0,68.36635883592498,24.53504420951176,12.3855317551177,49542.1270204708,14162.54648938775,51.0,69.23283513571198,62.859712142925794,29.09072839068249,116362.91356272995,39959.10380035639,79.5,98.26109608621377,52.472944658001474,30.01901929853484,120076.07719413936,45022.279024124146,71.0,102.66058683760617,66.62854649146779,31.817653241660445,127270.61296664178,31704.510655254126,49.0,58.201110822321695,12.679763838385295,8.76011185926618,35040.44743706472,8487.761672586203,52.0,67.60691518712058,39.71256151787369,15.124825067259371,60499.300269037485,18659.28089246154,56.5,77.16449428214077
P03,Ideal,0,LG_0,S_1,Trial_3,13,26000,30000,4000,2000,2.0,1.0,13,90261,64.9806335369097,34.879233488754835,139516.93395501934,50237.135868519545,69.5,91.54995931687976,192.37824680727797,82.21906427284702,328876.2570913881,86880.60762360692,68.0,80.35350030525295,40.52237380386911,16.221432979917154,64885.731919668615,19191.23474508524,57.5,61.96216094975094,48.031538720436906,23.844601327273995,95378.40530909598,33349.20331835747,69.0,98.5517635290859,7.250492873128691,4.088712674751878,16354.850699007511,5242.324341088533,59.0,78.87759843823687,10.157716943711618,5.822303852753248,23289.215411012992,7955.8078199625015,77.5,93.52735688438146,8.397715389960599,5.346242655417882,21384.970621671528,6391.381286084652,69.5,83.41540577892204,27.20708378620571,13.778002909058705,55112.01163623482,15576.206985861063,53.0,75.89246090578108,66.36566451508334,32.51958996461472,130078.35985845886,44218.09175983071,90.0,100.04847847241963,68.68228162356911,32.91044591902755,131641.7836761102,46744.49106678367,83.0,102.0071848247808,46.698033325613935,22.505174067721235,90020.69627088495,24936.824664473534,49.5,66.67236838404091,12.391627549019738,8.42189236470731,33687.56945882924,8449.001982808113,36.5,57.8422028583757,51.37969308201109,17.61534587224014,70461.38348896056,20779.771637171507,57.0,70.13956724888337
P03,Ideal,0,LG_0,S_1,Trial_3,14,28000,32000,4000,2000,2.0,1.0,13,90261,67.63856143563929,36.3792731965892,145517.0927863568,54803.14940214157,88.0,105.52920713958129,177.69392395458053,69.08937996907625,276357.519876305,71379.17326763272,54.5,69.18281486991042,39.172837014427124,15.39187585824402,61567.50343297608,18946.468830108643,76.5,87.84509452710401,47.53916191007421,23.220235218387096,92880.94087354839,33448.08630645275,72.5,103.81115416701705,7.622537243211158,4.420818743831478,17683.274975325912,5682.719871401787,71.5,80.80111746789325,11.327466389799165,5.951919650658965,23807.67860263586,8567.417412996292,74.0,95.187935781678,8.042380045567072,5.316345963836648,21265.38385534659,6193.615309894085,58.5,72.98404854277217,23.912567762631305,11.596259188931436,46385.03675572574,13033.63237529993,52.0,63.53388221136118,60.86965652104182,24.911279434757308,99645.11773902923,34499.786235392094,81.0,95.04583687763675,78.45570749882316,35.77801209738245,143112.0483895298,49778.7338681519,66.0,92.78325135288861,50.28797954081214,23.79603299442679,95184.13197770715,27125.373762100935,41.5,60.26466742360332,10.526982445578197,6.830813012458384,27323.252049833536,7678.386103361845,61.5,76.17862517139689,49.83067441977411,16.67280635307543,66691.22541230172,19319.416396319866,52.0,75.24395171949355
P03,Ideal,0,LG_0,S_1,Trial_3,15,30000,34000,4000,2000,2.0,1.0,13,90261,47.34985023588423,25.431774305552246,101727.09722220898,38543.001748621464,108.0,120.18628673990811,145.92040975138366,54.388719201646744,217554.87680658698,54305.072128772736,65.0,71.21794346263273,25.935073004734093,12.310329449654091,49241.317798616365,17238.29573020339,60.0,76.16282272073259,52.15023547411182,24.79559641010128,99182.38564040512,36439.60189074278,77.0,97.57823896583655,6.490010868161083,4.145903398154769,16583.613592619076,5209.058150649071,64.0,79.07162132719442,10.501576260792001,5.345403752289712,21381.61500915885,7909.418269991875,70.5,96.4349619246309,7.500516339447047,5.136208627023734,20544.834508094937,5844.167713075876,59.0,80.68702876270991,18.941401287218486,8.950352923991158,35801.411695964634,10867.057275027037,52.5,71.42965800586228,54.5773088459841,21.227600863971748,84910.40345588699,30274.369660764933,95.0,105.98977274428555,77.1310719115552,38.1130162088084,152452.0648352336,57678.99630591273,80.5,107.38006597155992,49.285405444868225,22.438250770955346,89753.00308382139,25632.973108440638,47.5,69.05211900460816,9.873662559639168,6.458009269111789,25832.03707644716,7430.263049900532,44.5,71.18865393659405,39.438460080349344,14.238210210646503,56952.84084258601,18000.060971826315,74.5,92.80707269974405
P03,Ideal,0,LG_0,S_1,Trial_3,16,32000,36000,4000,2000,2.0,1.0,13,90261,37.70950312893861,21.304735011886805,85218.94004754722,30638.771783560514,78.0,106.01614884130349,178.1520606817153,73.64876002594829,294595.04010379314,68204.8462331295,59.5,68.21406549137004,29.4620447153964,13.569115610502195,54276.46244200878,18769.456073641777,53.0,83.23724144429157,59.43766775715563,27.499239810882138,109996.95924352854,37649.392522871494,64.0,88.79977380196284,6.137411903760055,3.8375677770120094,15350.271108048037,4699.993878602982,57.0,73.12490676629666,8.458288054929502,4.769963435200043,19079.853740800172,6923.335138708353,79.0,102.55623997098712,7.734008303160008,5.012518827081658,20050.07530832663,5702.252313494682,58.0,75.29173672271713,20.764000427141784,8.96435234406963,35857.40937627852,11177.439987659454,59.5,71.95522366400225,46.636716793529835,21.551235957071185,86204.94382828474,30054.93488162756,78.5,95.89911694812149,62.09424323244452,32.650525041646326,130602.1001665853,50614.96654525399,112.0,126.73579431534255,41.2742435085065,18.983288093842567,75933.15237537026,21753.341797739267,48.5,60.67311582086748,12.550323431954062,8.120743423327804,32482.973693311214,8948.910422623158,46.0,70.60856156586262,37.39554708967741,14.774252027913462,59097.00811165385,19183.604884892702,63.5,84.60429223831389
P03,Ideal,0,LG_0,S_1,Trial_3,17,34000,38000,4000,2000,2.0,1.0,13,90261,47.71112616217363,27.920558249158784,111682.23299663514,37969.23626214266,87.5,97.9980487268037,186.8580019991971,72.60716840283712,290428.6736113485,72048.4646037221,65.5,71.34427246398693,78.48892428419133,24.456066982995253,97824.26793198101,26053.225807845592,45.0,53.41107841180667,63.757696930745944,30.439361725095658,121757.44690038264,41360.25132611394,61.5,87.16266404474307,6.474530467630605,4.159162531048059,16636.650124192238,5328.389164060354,81.0,90.94061222096259,8.732437323660958,5.400122057646513,21600.488230586052,7840.444333851337,77.5,108.03836069618988,8.064598593472747,5.285582520137541,21142.330080550164,6041.018106043339,53.0,79.3122829775444,21.331828313458704,9.880004693707452,39520.018774829805,12280.107382684946,63.0,85.38231038148913,51.66295857408527,24.92925286751706,99717.01147006825,34063.66342678666,92.0,102.35266346436029,43.40241605333236,25.682216989109293,102728.86795643717,37330.769561231136,84.5,99.4591762235509,29.903944529256993,16.667150795506313,66668.60318202525,22028.01676467061,61.0,84.15610701976537,14.365964661598783,9.505776913254522,38023.10765301809,9847.707953304052,46.5,74.92718453989312,39.160691739472895,16.248330907546915,64993.32363018766,20403.466932475567,67.0,84.17811492279884
P03,Ideal,0,LG_0,S_1,Trial_3,18,36000,40000,4000,2000,2.0,1.0,13,90261,53.86191704156656,33.50698638558388,134027.9455423355,44210.156705230474,65.5,89.0505736828524,151.4934092557985,51.086209752922876,204344.8390116915,55799.914337694645,76.5,77.01188201758157,82.211579777225,26.161735237948598,104646.94095179439,27025.88038519025,45.0,51.44524722124843,54.803500027901535,25.53057416632073,102122.29666528292,37301.776092499495,81.0,107.77392186739958,7.068747075755461,4.710819429438561,18843.277717754245,5724.22631084919,51.5,69.47523477164536,9.402704386351006,5.868801479693502,23475.20591877401,8722.45617210865,70.0,97.9963164276663,8.33075238079279,5.765409549418837,23061.638197675347,6071.8427412211895,37.0,66.63717854288068,19.137235788485008,10.153104628599248,40612.418514396995,12281.633354723454,61.5,75.24042448278567,52.48295433604943,24.868527115439065,99474.10846175626,33534.15112942457,77.5,95.88351041921844,52.10004095540998,29.132065447233618,116528.26178893447,41861.07534915209,71.5,99.32089320876548,47.863293810181084,21.85115240898449,87404.60963593796,28132.210113108158,59.0,75.64270875846081,13.115957327335073,8.682045227987691,34728.18091195077,9216.260723769665,56.5,69.95492239773435,42.58323821165886,16.97641676365165,67905.6670546066,20363.18127065897,59.5,81.62495535844508
P03,Ideal,0,LG_0,S_1,Trial_3,19,38000,42000,4000,2000,2.0,1.0,13,90261,55.140689801269154,34.07410183851607,136296.4073540643,46659.95221585035,75.0,98.3071386984212,123.8483232026577,50.53948044714052,202157.9217885621,52316.42536818981,64.5,73.66975456157691,38.84851132089848,16.266852316865698,65067.40926746279,20745.28466910124,42.5,62.97757565598738,50.889329851037836,23.962742158793844,95850.96863517538,33608.313370496035,77.0,99.77724706980851,6.453511973134391,4.370039353799075,17480.1574151963,5431.544873863459,54.5,79.70763412495754,10.095673906075868,6.119243095070123,24476.972380280495,8970.274031162262,73.0,95.99350951333378,9.239859155952331,6.177735472621862,24710.941890487447,6301.959324628115,41.0,60.19784399727159,23.792507936683904,12.355971921863965,49423.88768745586,13531.709648668766,55.0,68.03295168934537,59.639224799581385,26.471380600892008,105885.52240356803,34911.49349138141,88.5,96.01544542763729,54.939606620966586,31.96597058988409,127863.88235953636,47364.6461032331,82.0,108.48390923682754,56.05388282917977,24.02894760016352,96115.79040065408,29421.656485646963,63.0,69.12320447373249,13.648220624736709,8.93556381338276,35742.25525353104,9418.299421668053,59.5,82.7680902501613,43.552018602822066,16.887078463612124,67548.3138544485,20078.434888273478,51.5,75.57520598134226
P03,Ideal,0,LG_0,S_1,Trial_3,20,40000,44000,4000,2000,2.0,1.0,13,90261,66.14707835609907,38.507226860150695,154028.90744060278,55695.537850260735,77.5,96.6163100421055,159.3569615795826,65.70539521088358,262821.5808435343,68231.09295219183,63.5,70.98861785717594,38.00223178793608,18.180270639713854,72721.08255885541,22593.236807733774,61.0,79.19066422197785,61.598097491333114,31.33878169977106,125355.12679908425,43364.46300148964,65.5,88.40930632838436,6.367919381773014,4.297151909768582,17188.607639074326,5767.563916742802,58.0,79.60681236797095,11.375873319580029,6.97724132174626,27908.96528698504,10036.012902855873,76.0,96.89985763829971,9.042539156402764,5.785345763713122,23141.383054852486,6648.9653661847115,66.5,82.88918340170359,30.835256503421178,15.126981456496287,60507.92582598515,16409.387718886137,64.0,72.17013533793818,66.48349840061515,27.228977230249438,108915.90892099775,36141.12176001072,92.5,101.55832202081005,52.25254400144556,30.909166780416854,123636.66712166741,44654.51976284385,90.0,107.10452971977679,58.68343097824116,23.44872572598979,93794.90290395916,26769.211888313293,39.0,60.32807877131993,13.702910490316523,8.903539458988234,35614.15783595294,9208.936057984829,66.5,80.46209271406443,38.465501163953874,16.05728111579083,64229.124463163316,18797.228764742613,79.5,81.3510737242696
P03,Ideal,0,LG_0,S_1,Trial_3,21,42000,46000,4000,2000,2.0,1.0,13,90261,69.24903420995985,42.301703475753314,169206.81390301324,58732.832595705986,71.5,94.46775525655994,159.34088082293835,63.988289070664905,255953.15628265962,65911.31025925279,58.5,69.20228512788225,85.06452563714232,31.72955166565953,126918.20666263811,29964.90253135562,52.5,62.70408965163739,60.26847863388683,30.788195118168368,123152.78047267348,43015.01540467143,65.5,93.31295845661661,7.403460785961158,4.931892148812767,19727.56859525107,5893.3040127158165,61.0,75.34171593194748,11.920226038601703,7.1197183934855275,28478.87357394211,10014.344099909067,70.0,92.7016322613603,8.50725361781669,5.579175763565582,22316.703054262325,6782.335322350264,55.5,74.15469651787797,29.642117850580032,14.250765374489129,57003.061497956514,16598.913446068764,61.0,76.96506662445749,71.32713032602575,31.32458737491397,125298.34949965589,46108.160726726055,93.5,103.04054792656966,56.20424964572151,33.59312731641112,134372.50926564448,43851.24808177352,71.0,93.07588840236842,57.06092311660591,24.50455337114399,98018.21348457597,28151.742555201054,63.5,79.22795906198522,12.699504311284997,8.25788176744245,33031.5270697698,9222.975000739098,60.5,82.19384339977648,34.456938382959116,14.89736733753234,59589.469350129366,17811.450827866793,58.0,71.83289469171437
P03,Ideal,0,LG_0,S_1,Trial_3,22,44000,48000,4000,2000,2.0,1.0,13,90261,58.21760065604581,36.43796040262096,145751.84161048383,49352.07208618522,67.5,87.28154994259764,145.31497085906636,56.20859520963859,224834.38083855435,60235.30466482043,56.5,72.35234360671444,80.40976667098784,27.40097133172676,109603.88532690704,27298.724185675383,46.0,50.87400307002514,47.855684785743776,24.067133715201635,96268.53486080654,34723.49373623729,68.5,92.85365298690992,7.433993063507702,4.925554901384748,19702.219605538994,5747.726280242205,59.5,72.51138830872222,10.890729863988335,6.3326896547339855,25330.758618935943,8806.07943981886,65.5,89.18446884390025,8.584625155679378,5.642622209340334,22570.488837361336,6474.088970571756,49.5,68.14053219058117,23.546031741304834,12.241510056331753,48966.040225327015,15242.32430383563,82.0,85.52099531751357,65.90429881198001,32.5686290979851,130274.51639194041,47514.19136300683,91.0,102.2417323249496,76.35820959990889,41.30635773234535,165225.4309293814,53805.46888336539,71.5,84.74377882224236,58.51043703748959,29.324744328588714,117298.97731435485,32892.632484436035,51.5,66.96062401041831,12.341044396482301,8.06121967942454,32244.878717698157,9114.325791597366,61.0,81.63676071084336,36.70356374476559,13.952003282273655,55808.013129094616,17692.11981445551,57.0,80.0088817484298
P03,Ideal,0,LG_0,S_1,Trial_3,23,46000,50000,4000,2000,2.0,1.0,13,90261,71.39404558673606,38.78870918834582,155154.83675338328,53822.254575788975,74.5,95.9174682103157,149.98733081782083,51.46727507073665,205869.1002829466,54974.97385367751,68.0,75.42942601382445,22.3484752480923,12.177209104364739,48708.83641745895,18078.4959346056,67.5,93.21162279938522,50.145095493272706,23.16283936619293,92651.35746477172,33236.89177632332,74.0,97.87694111722118,8.28715017296968,5.263339722808451,21053.358891233802,6508.8811330497265,62.5,81.46878816203731,12.369468799979646,7.220338204805739,28881.352819222957,9980.467520654202,63.0,93.82439427247654,8.774831671617187,5.637290730082896,22549.162920331582,6634.31603461504,52.0,70.57598858462755,26.305987079463918,13.064862995338625,52259.451981354505,16039.492096751928,62.0,79.42692645911607,55.29677645523387,24.672448101337068,98689.79240534827,33575.657568871975,80.5,97.82492420985642,74.60165245777871,37.781239558942616,151124.95823577046,52589.87955749035,84.0,104.36689381401449,56.2889363532181,27.690847345418298,110763.38938167319,31781.724840402603,52.5,67.24025691708016,13.094811529635264,8.311953213252128,33247.81285300851,9045.351855456829,61.5,83.7150759974918,28.39185157712008,10.979678589385003,43918.71435754001,13518.2810947299,38.5,75.47821278714378
P03,Ideal,0,LG_0,S_1,Trial_3,24,48000,52000,4000,2000,2.0,1.0,13,90261,70.09069164370372,37.4879721486941,149951.8885947764,52189.46449458599,94.5,108.86107112074261,142.9356742978084,50.66904459089274,202676.17836357094,52214.795630425215,73.0,71.22349990037254,20.068548324000847,10.477425340935588,41909.70136374235,14674.357511103153,49.0,76.30902300697107,53.24402968361833,23.66009028755361,94640.36115021445,32216.32167696953,72.5,99.49664130007346,7.851221785510134,4.907107310963329,19628.429243853316,5961.362365633249,64.5,77.03630197499214,11.968129606867159,6.801270117494278,27205.08046997711,9755.844436585903,71.0,93.01080324082541,8.479132117117489,5.327510204166174,21310.040816664696,6610.816065222025,56.5,77.20782347807655,25.398198888581174,11.973780093342066,47895.12037336826,14738.143142312765,62.5,76.19458052674581,57.35347110751556,25.51364865670912,102054.59462683648,35270.09692043066,90.0,97.26076867546877,66.53041183482406,36.42122457133373,145684.89828533493,51661.78336367011,84.0,115.45867717977339,47.107198481371725,22.894912934303285,91579.65173721313,27417.444810271263,57.5,70.94847711022325,12.413683372816815,7.797556508216076,31190.226032864302,8804.24827337265,67.0,86.32208292288271,37.60702154435704,12.122187435766682,48488.74974306673,13919.916935265064,60.5,72.93989312475269
P03,Ideal,0,LG_0,S_1,Trial_3,25,50000,54000,4000,2000,2.0,1.0,13,90261,72.05409970734938,38.958013878553174,155832.0555142127,53748.702723532915,65.5,91.91458239972292,131.00081636930307,52.86749812448397,211469.9924979359,56204.907316714525,68.5,75.62172012751648,19.471664968213975,10.638525032089092,42554.10012835637,15188.610088080168,66.5,96.95316508083738,56.33887845373269,25.411495243490208,101645.98097396083,35549.349803477526,84.0,98.7199448897297,11.024391546408282,5.205216744937934,20820.866979751736,5904.596205800772,52.0,68.96864812880173,12.129346778312517,6.727259023953229,26909.036095812917,9663.675725460052,76.0,98.94145486148741,8.447580395234601,5.303083969745785,21212.33587898314,6376.121565699577,65.5,79.48577778076486,28.454042610535875,12.27208641585894,49088.34566343576,13727.339264005423,63.5,74.16957093210218,53.169086731793556,24.95993512950372,99839.74051801488,33733.74827206135,91.0,99.23045725777823,64.58046549185079,35.22282390894834,140891.29563579336,47910.63889861107,69.0,95.00640719978742,43.1256476061376,21.437260495126246,85749.04198050499,26998.412888497114,47.5,71.85326147739706,10.989871262003975,7.573778431164101,30295.113724656403,8516.755141317844,54.5,75.59995474708859,45.79848331782812,15.830381739232688,63321.52695693076,18571.079708635807,64.0,75.3911007272467
P03,Ideal,0,LG_0,S_1,Trial_3,26,52000,56000,4000,2000,2.0,1.0,13,90261,80.60250624067818,42.4867061455152,169946.8245820608,57724.165078252554,77.0,98.68946588572155,136.8343153718148,55.10773704521125,220430.948180845,60758.71307402849,68.0,78.04912740943848,26.72834712272082,13.232813080167398,52931.25232066959,16813.465114682913,41.5,63.87912590213857,55.84103545869892,25.94045090440195,103761.8036176078,37393.33441480994,80.5,101.88162029040554,11.781701288486227,5.909436589106917,23637.74635642767,6497.894134372473,40.5,53.23939287873917,12.889222342116959,7.190240924200043,28760.963696800172,10221.876297146082,61.0,85.1837359390434,8.868097505778513,5.7468601385131475,22987.44055405259,6528.7187695503235,49.5,67.21897003637693,30.037496032546294,12.578652825020253,50314.611300081015,13374.534528702497,48.0,56.554120226936995,51.64622520115708,21.852893161587417,87411.57264634967,30150.155536830425,86.0,96.27233024219521,46.45030264574238,25.135190271376633,100540.76108550653,35282.91508555412,80.0,96.0950478334777,36.3324750990636,18.74999325402314,74999.97301609255,26179.27109822631,89.5,98.16513728247163,11.401333341903994,8.039962202240712,32159.84880896285,8611.97579652071,48.5,69.7678412716823,45.329857987072494,17.538591157272457,70154.36462908983,20670.817233622074,47.5,66.39105729516079
P03,Ideal,0,LG_0,S_1,Trial_3,27,54000,58000,4000,2000,2.0,1.0,13,90261,69.82779898415701,36.60998162825126,146439.92651300505,50998.59591573477,63.0,78.09773953504114,200.5753934208646,80.8820082975435,323528.033190174,79555.6366443634,55.0,64.8356123797307,33.043645183792776,15.529965455178171,62119.861820712686,18201.794475317,41.5,65.70895027615374,55.71128325580561,27.325756475143134,109303.02590057254,37555.697839707136,48.5,83.43953819805111,8.661955286205878,5.64822901210282,22592.91604841128,6056.583020836115,69.5,78.43478427921794,12.138600878365187,6.937053779931739,27748.215119726956,9610.266704112291,71.0,99.40781138973404,8.519431164841508,5.561646464967635,22246.585859870538,6410.9137281775475,54.0,75.82267415374535,24.878271524158976,11.38994548036717,45559.781921468675,12386.925425380468,50.0,62.47966494909194,54.61617572201092,23.196304734132717,92785.21893653087,32798.93780127168,99.5,108.38502226269591,79.08852355283898,37.51639024966862,150065.56099867448,58405.05380183458,84.5,111.22865397740888,36.267772523553425,18.333122070506214,73332.48828202486,24731.73402249813,39.0,70.75271299755468,12.751121770751283,8.41863414735999,33674.53658943996,9330.708626657724,44.5,66.33951388400384,46.08539586689361,18.723734327184502,74894.93730873801,22683.269158005714,60.0,79.53937020455245
P03,Ideal,0,LG_0,S_1,Trial_3,28,56000,60000,4000,2000,2.0,1.0,13,90261,66.70757153091846,35.81605919636786,143264.23678547144,52692.73007288575,92.0,111.50483681863079,207.79727586378513,84.90838840981014,339633.55363924056,83261.30714267492,71.0,74.02049938941437,31.542531911633585,14.501436190865935,58005.744763463736,17646.340653300285,45.5,69.4044794869163,62.6381447406401,29.308808297396173,117235.23318958469,37142.159417271614,46.5,80.77315494436709,8.140305412420858,5.422300726000685,21689.20290400274,5907.648149877787,64.0,75.00075296417322,11.19879969097327,6.525140212522819,26100.56085009128,8726.728893816471,53.0,82.03249999579852,8.468251562935677,5.471232430939563,21884.92972375825,5946.407839655876,52.5,74.26329891677419,25.690664822643306,11.54999255600851,46199.97022403404,12837.392371147871,68.0,71.29257529239416,53.51298772134958,21.50981436166912,86039.25744667649,31246.108654886484,88.5,106.49525480626038,95.67374571742386,50.44110141131095,201764.40564524382,77845.02198919654,83.0,112.50074939579127,35.68203368158608,17.239297721593175,68957.1908863727,21616.614703089,75.5,84.57370268868671,12.978315462553367,8.333894859999418,33335.57943999767,9788.195043802261,61.0,81.01454904250214,39.47941867942384,16.71571348225698,66862.85392902792,21400.23186802864,65.5,83.40844322137322
P03,Ideal,0,LG_0,S_1,Trial_3,29,58000,62000,4000,2000,2.0,1.0,13,90261,70.4414775291123,39.130519218812694,156522.0768752508,55603.97952795029,81.0,98.02128833968035,236.07195476988676,96.96535946298391,387861.4378519356,99789.72068056464,64.0,69.42045641351753,36.386512752083775,16.727570513891987,66910.28205556795,18691.936694085598,45.0,63.48999334496152,62.323953929911205,29.805892124818637,119223.56849927455,36634.62111726403,48.0,76.7101834681148,7.608863833313655,5.040397077298257,20161.58830919303,5827.076826244593,43.5,70.17464171477364,9.960651314401304,6.0132430115365425,24052.97204614617,8439.846150577068,59.5,94.02365403561159,8.114291869271836,5.226535947690718,20906.14379076287,5584.447272121906,56.5,70.76687161240982,24.267414842766318,11.171322556503583,44685.29022601433,13232.313934713602,68.5,78.02245629069185,44.62792965909692,17.734532604995184,70938.13041998073,25828.602723777294,88.0,103.20221581706654,67.13395877961695,35.09073493001051,140362.93972004205,52939.021959900856,91.5,114.36266808921305,31.704660358948484,15.831461707793641,63325.84683117457,20041.506364941597,36.0,67.40235140988453,13.699017187265937,8.631613187340553,34526.452749362215,9510.162938386202,55.5,74.23732349943091,42.19933129232781,17.4139351118356,69655.7404473424,20003.662258386612,45.0,67.07571060555865
P03,Ideal,0,LG_0,S_1,Trial_3,30,60000,64000,4000,2000,2.0,1.0,13,90261,73.1748959544817,41.43805728321895,165752.2291328758,53357.1382984519,70.0,81.28668459363936,225.647558656381,97.62657806364587,390506.31225458346,97750.41164830327,67.5,73.50554149746279,32.0476217699746,15.0047654021997,60019.0616087988,18533.845990896225,35.5,60.89274775427907,56.09224918293551,29.347230556607247,117388.92222642899,38910.15062108636,67.5,87.28280551306759,10.259606289652256,5.826561963278801,23306.2478531152,6565.342098474503,57.5,64.98487570193114,12.2322407312795,7.039076455496252,28156.305821985006,10103.766061365604,62.5,90.82544716940221,9.157303002448627,5.357947547640651,21431.790190562606,6129.524484276772,50.5,67.56857514740248,22.992801819245734,11.79716954495525,47188.678179821,12854.483257979155,48.5,65.05046882359184,31.056130709735847,14.629647598555312,58518.590394221246,20326.55794173479,93.5,106.44252683882256,61.0781534819481,33.76426981104305,135057.0792441722,50260.63583791256,75.5,98.6921432129116,37.133974307841456,16.87767340199789,67510.69360799156,22469.022683799267,46.5,80.1069582585144,14.865577754394968,9.541698256891687,38166.793027566746,9789.110627025366,49.0,67.57907755345616,47.38871119932606,20.9779864398879,83911.9457595516,22836.476750671864,45.5,65.40065471423488
P03,Ideal,0,LG_0,S_1,Trial_3,31,62000,66000,4000,2000,2.0,1.0,13,90261,64.33703858992284,34.169696013524664,136678.78405409865,43684.0015463531,71.0,86.48767877475602,146.20078895287372,66.65332709559007,266613.30838236026,67895.98949253559,66.5,72.86718968777056,26.09095406236048,13.050726924464106,52202.907697856426,17542.574554681778,72.5,87.6797590247359,48.199907671986615,25.22790894282516,100911.63577130064,37688.76260146499,84.0,99.23095428625761,9.962188537883335,5.546112222212832,22184.44888885133,6397.485174238682,59.5,73.45251930316007,11.50100257473933,6.450363767705857,25801.45507082343,9621.864091604948,70.5,95.22897423361455,9.55715825271809,5.688335448503494,22753.341794013977,6603.186205029488,64.5,85.93628721838454,22.581081307286986,11.539167081471533,46156.66832588613,13044.619373977184,67.0,79.17502296847393,55.00116993334413,24.342223860975356,97368.89544390142,33813.098818063736,82.0,96.2963883159663,110.54936245049353,56.60146479860414,226405.85919441655,86573.27685505152,107.5,118.44354133079233,55.476042122831636,23.718518192786725,94874.0727711469,26961.179170757532,42.0,59.10530886265678,14.832735668844723,9.605383593589067,38421.53437435627,10308.551508933306,59.0,73.8590197280775,41.0153034056455,18.411675448715688,73646.70179486275,22126.594558358192,45.5,65.56411630028113
P03,Ideal,0,LG_0,S_1,Trial_3,32,64000,68000,4000,2000,2.0,1.0,13,90261,92.74733213971872,43.7667051870143,175066.82074805722,62029.84778210521,85.0,102.5806198252397,164.48540228514364,62.674840531335214,250699.36212534085,66050.47890916467,71.5,77.71959793859214,30.95891867100167,16.083681195043027,64334.72478017211,20332.051441073418,50.5,65.22047239870555,59.34398200257637,29.539724909793584,118158.89963917434,41520.47839015722,88.5,105.99798875062798,8.303082998336844,5.227537214243784,20910.14885697514,6275.712605565786,65.0,77.62253071535098,10.549521367031197,6.284610853716731,25138.443414866924,9237.013943493366,70.0,89.63014774334498,9.844991282322232,6.239939319365658,24959.75727746263,7284.074928611517,58.0,76.07598559690618,21.123346420904547,11.290793768595904,45163.17507438362,14208.020456135273,72.5,83.78056462394343,76.09317437019602,33.91910138130188,135676.40552520752,47185.802180320024,93.5,97.54272369459883,111.17746630360988,55.93111527720466,223724.46110881865,83412.37837448716,99.5,117.00403792379649,54.34170174113855,24.637137413560414,98548.54965424165,27643.89906078577,61.5,73.16186059300541,15.12858933076529,9.704150607809424,38816.6024312377,10165.110137313604,71.0,79.7756358471856,40.29677217911176,16.731874746922404,66927.49898768961,19379.53969463706,47.5,75.97819809626941
P03,Ideal,0,LG_0,S_1,Trial_3,33,66000,70000,4000,2000,2.0,1.0,13,90261,97.97636907831604,48.84251675633713,195370.06702534854,68712.68972754478,84.0,100.28333430870221,181.90143137851584,70.63095629245508,282523.82516982034,77341.45121648908,72.5,77.87381342048064,32.227322781936245,15.838801404403057,63355.20561761223,20135.506242513657,68.0,82.78162306969894,64.53764409977347,31.948204727470873,127792.8189098835,42574.314679950476,84.0,97.24817351286686,9.601286964112093,5.954783900175244,23819.135600700974,6658.731587231159,44.5,64.83629727529362,10.485032604264818,6.377127753512468,25508.511014049873,9429.286420345306,74.5,100.96321566070932,9.816374209939863,6.1870662193978205,24748.264877591282,7288.958039134741,51.0,74.45641036739362,24.328672754528828,11.614896305080038,46459.58522032015,14232.13081434369,78.0,79.68955311631768,73.70811920034934,30.80013180554379,123200.52722217515,42690.28855487704,81.5,92.23250847770511,76.16361096731232,44.01623972646193,176064.95890584774,60624.73272904754,75.0,98.79791094534527,49.53633449355737,24.85949099571444,99437.96398285776,29099.065996706486,57.0,71.79937404725908,12.92021346221144,8.399671884719282,33598.68753887713,8703.228924423456,50.0,69.21371028775104,41.8251858969156,16.55232506194152,66209.30024776608,18052.859604358673,56.0,61.239761266941905
P03,Ideal,0,LG_0,S_1,Trial_3,34,68000,72000,4000,2000,2.0,1.0,13,90261,110.24729285714321,58.9438440091908,235775.3760367632,84535.18860042095,76.0,93.95821979375174,148.55605035218628,54.36707023633644,217468.28094534576,62786.119524389505,68.0,84.10261263354198,28.53213516394719,12.866811357182451,51467.2454287298,16493.92656981945,53.0,65.04043930814161,45.84572337736015,21.58267098106444,86330.68392425776,28532.319981604815,76.5,91.46331160810398,9.296817138080026,6.031629944569431,24126.519778277725,6619.97189745307,57.5,76.62815375842749,11.739508524739898,6.84160316074267,27366.41264297068,9921.259805560112,69.5,89.9936081981432,9.06673336716988,5.937182003457565,23748.72801383026,7014.588266611099,48.0,69.34691670761683,27.148936247347386,12.570825542195234,50283.30216878094,15257.584024220705,71.0,84.42076044475253,61.8342099899071,27.392604961129837,109570.41984451935,37674.72365871072,74.5,92.06407172378147,73.31608642637406,42.31627608907875,169265.104356315,63290.30068591237,104.0,114.57353787428814,51.48066021443788,27.09439202810172,108377.56811240688,31526.582315564156,58.5,74.88168685894236,10.926361016426574,7.476406231685542,29905.624926742166,8505.157753825188,76.0,88.83712429896636,33.43062949002196,12.62919103517197,50516.76414068788,15140.389371663332,41.0,63.06873981869293
P03,Ideal,0,LG_0,S_1,Trial_3,35,70000,74000,4000,2000,2.0,1.0,13,90261,107.40744859895489,56.593359140329994,226373.43656131998,81536.04315593839,88.5,104.49182325710191,162.70951403557493,57.85570291423937,231422.8116569575,58903.74146401882,66.5,72.71671257694761,29.929914543275988,12.950347720785066,51801.390883140266,16026.979126036167,52.5,62.03354228637658,46.548392965208514,20.842457500332966,83369.83000133187,24965.818133205175,51.5,70.95802304990146,8.090039004545954,5.539806676853914,22159.226707415655,5945.797450840473,57.5,71.54399705980455,11.997491446996138,6.935445558000356,27741.782232001424,9250.13730302453,71.5,88.20367928905318,9.128581541231146,6.228239005059004,24912.956020236015,6582.127790898085,38.0,62.705945503575094,25.555934656128915,12.491238050884567,49964.95220353827,14869.681932032108,67.5,80.63961271603021,56.672625206126725,26.79809068024624,107192.36272098497,37243.48396062851,86.0,96.79857169701641,76.2909105833547,43.814079217845574,175256.3168713823,65584.14185419679,77.5,99.71329241066105,49.47584390172709,25.16718662418425,100668.746496737,29197.643790394068,48.0,66.7804912722108,11.236471858724412,7.610189917020034,30440.759668080136,8343.404717743397,52.0,73.16864015006747,28.053056180703923,10.574650513008237,42298.60205203295,13545.138202607632,54.0,73.44905142121998
P03,Ideal,0,LG_0,S_1,Trial_3,36,72000,76000,4000,2000,2.0,1.0,13,90261,56.12318926707153,30.517893053009175,122071.5722120367,41665.75092822313,74.0,91.30305774260644,164.11124649965433,64.3007791888318,257203.1167553272,66504.30299341679,65.0,72.63770589334177,32.51063081587132,14.505534951761366,58022.13980704546,18115.119263529778,61.0,76.28208265317946,58.12062856640554,25.19349831150612,100773.99324602447,32422.327902168036,57.0,91.5044425522182,7.550780046837306,5.236172842606902,20944.69137042761,5285.661946982145,45.0,59.487391888907894,9.856217849409829,5.808168621163349,23232.6744846534,7883.476745337248,58.0,84.94918079717556,8.75737885942494,5.8133424675092105,23253.36987003684,6243.056803941727,41.5,64.56741532977452,27.542632614987326,13.768785351258703,55075.14140503481,15000.610332936049,60.5,74.88741110231739,64.50639184926044,30.73021233897889,122920.84935591556,41382.53051787615,87.5,100.91831386713446,76.99156846606823,42.60149544649757,170405.9817859903,63337.6058191061,89.0,122.26749913257491,79.50707329826636,32.54333504326642,130173.34017306566,29662.760067731142,37.5,50.34569095504207,12.97406752943813,8.54178917040117,34167.15668160468,8386.131934821606,51.0,66.70856913744936,33.535358784876486,12.261983412783593,49047.93365113437,15308.551490306854,71.0,87.82345145786273
P03,Ideal,0,LG_0,S_1,Trial_3,37,74000,78000,4000,2000,2.0,1.0,13,90261,64.82995376301912,34.437883729976605,137751.5349199064,48442.59275123477,75.0,93.94565153475328,131.03888717335698,42.87065139220795,171482.6055688318,50936.03106215596,61.5,75.1722380441137,29.91895812018616,14.50461021270603,58018.44085082412,19095.09850665927,66.0,75.79895373840236,58.970320381529895,26.674739264603705,106698.95705841482,36513.45893740654,64.5,90.45593186760162,8.47819937529043,5.897870331443846,23591.481325775385,5979.063641279936,33.0,55.9900562524857,10.97104398724188,6.397280999179929,25589.123996719718,9179.942589253187,72.0,91.06367245985713,8.913303986873519,5.869989563373383,23479.958253493533,6684.978306293488,55.0,77.53806810441083,27.757521223482044,14.343545008520596,57374.18003408238,15659.830253571272,59.0,68.18938723873993,63.04222925561986,28.43625210672617,113745.00842690468,38727.94955968857,84.0,98.02188347866304,65.46896838517158,34.74040913628414,138961.63654513657,55322.28508964181,75.0,106.24180378114626,76.0132989565152,31.402493702829815,125609.97481131926,31193.92041116953,38.0,48.60307164901094,14.646484725540203,9.458512218319811,37834.048873279244,9058.780409395695,45.5,61.842736181992656,46.22443046791943,17.55693345562322,70227.73382249288,19499.175902456045,56.5,70.97964927729717
P03,Ideal,0,LG_0,S_1,Trial_3,38,76000,80000,4000,2000,2.0,1.0,13,90261,60.68818691538135,31.55411008815281,126216.44035261124,44707.013200968504,85.0,99.74834647451156,130.93224668113453,39.604832186282145,158419.3287451286,43451.748602092266,50.0,70.1156153480823,50.102171700217454,19.44377342753578,77775.09371014312,20733.38208720088,46.5,53.62534239830601,58.1801045792419,26.83277938182,107331.11752728,35452.29798182845,65.0,95.20797170236577,9.120885943054759,6.457475140749011,25829.900562996045,6053.836271166801,45.5,63.35700609375863,11.068782224689684,6.668122571753338,26672.490287013352,9018.494747579098,84.5,105.53207956549473,10.138148729567256,6.5761630713939665,26304.652285575867,7356.711197644472,45.5,69.77067266471634,23.808313323864272,12.458480695821345,49833.92278328538,14517.182391136885,64.5,79.77230789981168,71.83793656738825,33.68544423757121,134741.77695028484,45875.60258805752,95.5,109.41860228720053,89.77296093501032,49.992133122682574,199968.5324907303,79175.66960677505,101.5,121.36860863173456,66.12159696789696,30.923478872166015,123693.91548866406,33213.3918069303,60.5,82.1841950680817,16.1230540953942,10.58618907427881,42344.75629711524,11031.862255185843,57.5,77.03703058639584,48.519069150397094,19.50041651772335,78001.6660708934,21296.770963817835,64.5,75.71355518342105
P03,Ideal,0,LG_0,S_1,Trial_3,39,78000,82000,4000,2000,2.0,1.0,13,90261,78.20395552076663,34.63365976233035,138534.6390493214,47744.307946413755,80.5,101.54455770100695,141.05214005098833,57.04193472005427,228167.73888021708,54382.591508328915,57.0,65.24833571522042,46.51776860254067,17.90406123159919,71616.24492639676,19847.097527235746,64.5,81.7579889072019,54.63552355966123,26.062881243322046,104251.52497328818,35763.901472091675,73.0,100.2090365906882,8.08453822035775,5.743018732802011,22972.074931208044,5637.551099061966,56.0,66.49411334671487,11.088380004458582,6.183131500496529,24732.526001986116,8806.38463422656,59.5,84.8461198509171,9.870671750282733,6.168319271411747,24673.277085646987,7281.3281789422035,66.0,78.30609061994831,25.397263932650112,12.58056273162365,50322.2509264946,14978.636335581541,64.5,77.96780912897776,70.56115034045945,33.77891124570742,135115.6449828297,46569.91986557841,93.0,101.05363072450425,111.03938453989817,62.79098676480353,251163.94705921412,95386.37576624751,79.5,102.92041396258459,70.39960486214328,32.116450431232806,128465.80172493123,31543.368007987738,50.0,56.75256180240732,17.266482517040714,11.988982437178493,47955.92974871397,12986.6324365139,58.5,72.23891550033865,39.40956491569648,17.251346186420413,69005.38474568166,20154.123101383448,56.0,76.62694991385924
P03,Ideal,0,LG_0,S_1,Trial_3,40,80000,84000,4000,2000,2.0,1.0,13,90261,107.02639827123744,54.13343460881151,216533.73843524605,74616.67554453015,84.0,96.81879435744887,201.015814109294,84.492566370219,337970.26548087597,77815.7233260572,58.0,70.75830752000564,24.22845156144369,13.507933287590276,54031.733150361106,17412.866931408644,54.0,75.06264646531953,55.30631046337952,28.44791938373819,113791.67753495276,38371.78768590093,64.5,91.74460627158923,6.355129443029848,4.620929452357814,18483.717809431255,5156.564712524414,55.0,79.41106053650948,10.162452262994009,5.425671064143534,21702.68425657414,8261.307422071695,71.0,106.2408721448276,7.532965015634069,4.941312050505076,19765.248202020302,5652.810819447041,57.5,78.0711737390122,23.601695302631512,10.894099368865136,43576.397475460544,13162.729609757662,67.5,81.09727942454718,49.25128312365562,21.10782224481227,84431.28897924908,31105.108838528395,93.0,112.239998227783,90.87909452095298,47.609100262122226,190436.40104848891,68623.26776608825,85.5,106.18337911879878,52.62531835007618,24.918389701470733,99673.55880588293,25659.525021910667,55.5,65.65458740399815,14.783014298240312,9.99277822377626,39971.112895105034,10811.206698417664,56.0,69.84139427553261,43.26943742718777,16.806899619987234,67227.59847994894,19421.351328492165,47.5,64.1011878060415
P03,Ideal,0,LG_0,S_1,Trial_3,41,82000,86000,4000,2000,2.0,1.0,13,90261,87.42991517694888,47.93682812667684,191747.31250670739,66782.94548764825,83.5,101.68381313620895,223.99215905573845,85.82761733271181,343310.46933084726,89793.68824511766,89.0,85.22505887612219,36.79094433738852,16.118409495591187,64473.637982364744,19152.78024971485,53.0,71.32254729955085,52.31080150682595,26.406801159027964,105627.20463611186,38053.16472426057,88.0,112.2160064397087,8.151173797855497,5.432700263592414,21730.80105436966,5787.7067476511,75.0,78.60993576167839,8.971466896272945,5.505739007750526,22022.956031002104,7777.8794802725315,78.0,102.98517374447712,6.711633478914301,4.583328852790873,18333.315411163494,5295.122973620892,70.5,78.61337733312591,28.503654880332036,11.862530246353709,47450.12098541483,13398.644886910915,65.5,76.8927438693558,47.213740598400946,19.47403337676078,77896.13350704312,28654.702939093113,107.5,109.00888026457478,67.0602524612692,37.82951894898433,151318.07579593733,56166.45282134414,90.0,109.20477887310192,50.470672261727486,22.890585849841592,91562.34339936636,24562.0459318161,54.0,58.5922181756145,13.179404715874576,8.402454303984996,33609.817215939984,8931.514341384172,46.0,63.82647010135079,42.58507733705826,15.574486299790442,62297.94519916177,18084.90501716733,48.5,70.14256041358236
P03,Ideal,0,LG_0,S_1,Trial_3,42,84000,88000,4000,2000,2.0,1.0,13,90261,53.79784764860978,32.058167111850345,128232.66844740137,44513.51994648576,69.0,89.64429093156794,216.25697628666975,77.93635706179775,311745.428247191,82498.6263178289,64.0,71.24400843502673,45.14404069133748,19.134013464092277,76536.05385636911,22467.191517353058,48.0,64.36751649445367,47.384232638482366,25.03986310332548,100159.45241330191,39344.44226324558,78.5,109.06709220298274,10.743877569169822,6.994115634995978,27976.462539983913,6945.614330470562,62.0,72.4748779253896,10.812536042935132,6.61502553538885,26460.1021415554,9033.44927355647,72.0,97.09847992240469,7.555641934255894,5.024639661132824,20098.558644531295,6003.784388303757,50.0,72.87318118394664,26.63975527982879,11.236450623464771,44945.80249385908,12932.918220758438,63.0,68.59821358670554,46.71820681571436,20.772704250272362,83090.81700108945,30148.93475919962,93.0,110.10554258584577,70.12258329693634,40.63187717574183,162527.50870296732,62472.68486768007,77.5,109.62023437677179,38.63683383375375,17.524244578555226,70096.9783142209,21365.43970555067,41.5,68.26168821275988,13.926118840567225,9.263082810514607,37052.331242058426,9785.448294132948,46.5,64.7208254184367,44.18137780109003,17.64064309335081,70562.57237340324,20074.162166565657,50.0,73.51843032833655
P03,Ideal,0,LG_0,S_1,Trial_3,43,86000,90000,4000,2000,2.0,1.0,13,90261,76.9078304588437,40.65501682498725,162620.067299949,56221.082620322704,70.0,92.7206217354064,197.7945956525801,65.68638900024817,262745.55600099266,68514.92375135422,67.0,75.81359118398095,45.858592103613,19.502334664575756,78009.33865830302,21285.173576325178,46.0,59.98841327938113,49.16006509437577,24.840677210153082,99362.70884061232,34421.35127261281,64.5,93.92473270041171,10.323080954571216,6.9335680020041766,27734.272008016706,7058.231066912413,54.0,70.60469552158017,11.890468713328312,7.01894262782298,28075.77051129192,9673.136752098799,64.0,91.33451865705796,8.4617623238729,5.457086517545394,21828.34607018158,6171.0309237241745,55.5,75.26989968276392,15.254670947454999,7.804893763270229,31219.575053080916,9295.611269772053,54.0,73.05373012337142,37.95080321237784,15.60690233305795,62427.609332231805,21369.71242725849,85.0,104.03033198792235,76.74531106056061,44.41664605317637,177666.5842127055,66107.55026340485,88.5,109.67202428752104,45.07317490361156,18.83081807976123,75323.27231904492,22027.406375855207,47.5,65.2368600199163,13.310999712525996,9.31060638660565,37242.4255464226,10146.798472851515,53.5,72.7932312322657,49.95286120857651,19.878961044177412,79515.84417670965,23207.287956029177,55.5,76.2711697892766
P03,Ideal,0,LG_0,S_1,Trial_4,0,0,4000,4000,2000,2.0,1.0,13,90301,1.2692187256267666,0.9380276394891552,3752.110557956621,2324.055414646864,61.0,128.04809750052138,1.9668979934185156,1.3245921027380974,5298.368410952389,3104.1323207318783,109.0,147.1663025279507,1.6093254445623522,1.1492994219530375,4597.1976878121495,2834.340464323759,106.0,153.39154709196723,7.517096857253246,4.338618521345779,17354.474085383117,8510.040864348412,98.5,131.69773939523049,1.3617451626575554,0.923976069316268,3695.904277265072,2359.7631603479385,87.5,158.13468434444093,1.990112391049176,1.3689729394158348,5475.891757663339,2614.905685186386,37.0,97.12289421205934,1.1041904990089029,0.8289568424224854,3315.8273696899414,2228.529565036297,100.0,167.02046437409345,1.2904143603600227,0.9500677496194839,3800.270998477936,2324.9709978699684,80.0,146.86373965428086,1.0999843006614713,0.8190511093824171,3276.204437529668,2133.3089098334312,69.5,149.34210259248962,19.178099583453847,7.818761034170166,31275.044136680663,11347.738467156887,74.0,91.08082908399963,3.7532920608311477,2.4520001205732114,9808.000482292846,4322.468396276236,95.5,116.64204968697369,1.2900552722039142,0.9266173743177205,3706.469497270882,2284.0749472379684,98.0,159.62677981047557,1.216859205267902,0.9097109012072906,3638.8436048291624,2278.886642307043,73.5,150.2582580003805
P03,Ideal,0,LG_0,S_1,Trial_4,1,2000,6000,4000,2000,2.0,1.0,13,90301,10.787332043001093,2.981770955747925,11927.083822991699,5167.246516793966,70.5,111.87677955691203,1.8101855768627457,1.211866717087105,4847.46686834842,3005.8597214519978,114.0,149.0664512464261,1.6717785100876004,1.2087815449689514,4835.126179875806,2940.85331261158,116.5,155.16057899779597,6.846800979714987,4.191330174217001,16765.320696868002,8322.956692427397,98.5,137.80888030007353,3.994041676273243,1.8679356580600142,7471.742632240057,3606.787510216236,66.5,123.80768666378032,5.554809400578298,2.5049697764217855,10019.879105687141,4473.539628088474,64.0,107.17704860208806,2.4977944711775715,1.3819901675917208,5527.960670366883,2763.535361737013,76.5,139.88930595571512,1.8776262396224246,1.2189561924315058,4875.824769726023,2774.5223604142666,69.0,137.17423998586722,1.2822690557509697,0.9121491756290198,3648.596702516079,2335.957996547222,110.0,165.21599731370108,14.49926067972753,7.4543040526798,29817.216210719198,11315.998248755932,87.0,113.00382000815671,2.276282765163242,1.619347450172063,6477.389800688252,3653.4822545945644,143.5,159.34053705740553,1.663219275428478,1.2105508713983,4842.2034855932,2484.8928675055504,48.5,102.2850700651796,1.3225290304539077,0.9963605529628694,3985.4422118514776,2326.496969908476,47.5,119.56290253744838
P03,Ideal,0,LG_0,S_1,Trial_4,2,4000,8000,4000,2000,2.0,1.0,13,90301,42.16046466728642,23.273416564706714,93093.66625882685,35752.60927900672,70.5,96.59650706585391,1.4590294172025768,1.045326668571215,4181.3066742848605,2657.9380966722965,116.5,164.20688472040743,2.064181648868626,1.468697729986161,5874.790919944644,3259.476274251938,113.5,140.10043492979324,5.180621119249772,3.336217408068478,13344.869632273912,5704.999063163996,69.5,103.93377754179241,8.531929245049911,5.53845325410366,22153.813016414642,9041.079133749008,81.0,106.17296068249108,10.507963951697883,6.558951670920942,26235.806683683768,12256.30221888423,96.0,121.05889469219564,4.910384960268512,3.259323677048087,13037.294708192348,5013.733729720116,64.0,88.4715436279067,3.9724437530386307,2.6425471426919103,10570.188570767641,5021.973978728056,88.5,123.4129367841172,2.002239639090536,1.436170949297957,5744.6837971918285,3066.5934085845947,85.5,125.88207246939696,27.58329087320903,16.137963224994017,64551.852899976075,25845.388416200876,76.5,110.33741720860954,2.8955387094090086,1.9325977694592438,7730.3910778369755,3637.9173398017883,79.0,106.01813471027097,1.6044135614727,1.1843816717155278,4737.526686862111,2448.574732989073,41.0,99.75457395762267,1.3067124082608557,0.9815242898184806,3926.0971592739224,2399.4384333491325,64.0,139.9541782439983
P03,Ideal,0,LG_0,S_1,Trial_4,3,6000,10000,4000,2000,2.0,1.0,13,90301,96.63358788460133,66.1708304163767,264683.3216655068,109179.33182790875,80.0,106.66193874605938,2.3268310550767994,1.607605019037146,6430.4200761485845,3575.9628750383854,111.0,136.0727311968003,4.926457260527784,3.199316924845334,12797.267699381337,5972.6545587182045,104.5,116.83383651395948,8.383836408035053,5.579352356679737,22317.40942671895,7712.567877024412,54.0,81.02107108226961,7.9682384830157975,5.249350870086346,20997.403480345383,8361.716382205486,65.5,101.11167046389733,9.500094125719473,5.832208288717084,23328.833154868335,11143.86860281229,102.5,132.83722772596718,4.434613842920506,2.827489383961074,11309.957535844296,4605.68880662322,69.5,99.08926682851566,4.0374874126636255,2.7017460834467784,10806.984333787113,4923.701379448175,74.0,104.99021869548537,3.671730915568668,2.0218496231827885,8087.398492731154,3709.638025611639,81.0,97.31587396561142,26.261710461636987,13.436988367815502,53747.95347126201,21696.88083231449,96.0,117.75005201846531,3.246626019340039,2.101096441235859,8404.385764943436,3754.5016035437584,67.0,96.44435770118537,1.2483437614646826,0.9290201698895544,3716.0806795582175,2321.9190537929535,73.0,156.05006232005124,1.4328298060216205,1.0233987555722706,4093.5950222890824,2399.4384333491325,59.0,120.34319016648752
P03,Ideal,0,LG_0,S_1,Trial_4,4,8000,12000,4000,2000,2.0,1.0,13,90301,92.60140971446287,56.58006193443434,226320.24773773737,97178.78252267838,110.5,128.2801864440656,3.8655249110754246,2.0466562061337754,8186.624824535102,4210.156854242086,119.5,138.03971404197438,7.1597646404735995,3.8277043133974074,15310.81725358963,6684.978306293488,118.5,131.15130558447754,10.14889282252391,6.436780861695297,25747.12344678119,9246.169775724411,59.0,87.25300216079016,2.62255012047575,1.6572133399778977,6628.853359911591,2930.1715083420277,61.0,104.68048717651014,3.2898079499876434,1.8196984611451625,7278.79384458065,3378.8072876632214,58.0,110.7613393051654,1.356780156367629,0.9695601730956696,3878.2406923826784,2412.256598472595,88.0,154.18442342208124,2.027405301804284,1.306109376810491,5224.437507241964,2666.4835400879383,71.5,124.19200476332631,3.4939421403892705,1.6072849082527683,6429.139633011073,3093.1453220546246,96.5,129.75204169666534,15.783163361354825,5.257195091200993,21028.78036480397,7701.275683939457,79.5,101.2734768720165,5.494753649886719,2.980341501440853,11921.366005763412,5240.187980234623,87.5,117.70564512036873,1.1573111955780135,0.8632567644701339,3453.0270578805357,2296.5879179537296,76.5,151.55884131924154,1.397452114888567,0.9862288616131991,3944.9154464527965,2317.0359432697296,62.5,134.9651544818561
P03,Ideal,0,LG_0,S_1,Trial_4,5,10000,14000,4000,2000,2.0,1.0,13,90301,33.61101106737872,17.35746766102966,69429.87064411864,28600.68352892995,98.5,118.61442954273032,121.67494596704094,46.116621287947055,184466.48515178822,45858.816895633936,64.0,74.98334197853771,30.459869648649732,13.362973802688066,53451.895210752264,13058.963511139154,45.0,54.49946487299271,25.950620296653344,12.886140120157506,51544.560480630025,15691.265277564526,44.0,75.90650299298697,1.8106863991166688,1.3343831971287727,5337.532788515091,2476.3474240899086,51.0,92.83953660857487,2.428601819221238,1.711760202376172,6847.040809504688,2631.3861832022667,36.0,77.98721764403965,1.6036361595924045,1.1158157041994854,4463.262816797942,2382.0423521101475,76.5,138.49606902560532,3.9397154983289453,2.0679017425864004,8271.606970345601,3300.982713699341,61.5,97.36055917687968,6.584747472252314,3.390879023564048,13563.516094256192,5127.266049385071,84.5,97.51704705166104,21.31354536251906,10.572564432932996,42290.25773173198,15293.902158737183,73.5,95.94655826318184,21.753321105893697,8.9004748493433,35601.8993973732,10538.057703524828,56.0,78.02935234871373,5.925104871472492,3.3667154852300882,13466.861940920353,4352.377448230982,33.0,57.824288524677854,14.283520341593652,5.443426092155278,21773.70436862111,7076.847925782204,56.0,67.4863672983349
P03,Ideal,0,LG_0,S_1,Trial_4,6,12000,16000,4000,2000,2.0,1.0,13,90301,20.10360385287787,11.21845361443702,44873.814457748085,16543.673258274794,76.0,96.45064854919863,190.85566379340403,86.86070692631183,347442.8277052473,85510.58992743492,63.0,73.43764329512098,48.237842434375146,22.685996833024547,90743.98733209819,19742.110650986433,45.0,61.97127355663219,33.49299083368524,18.40761643939186,73630.46575756744,20904.290955513716,42.5,79.22524931352363,3.190438227373594,2.2105298092588783,8842.119237035513,3125.8011236786842,32.0,62.482427471865044,3.5174047992889417,2.4843845280702226,9937.53811228089,3502.4110227823257,44.0,71.31509794625372,3.3910739809706785,2.268365255848039,9073.461023392156,3352.560568600893,47.5,78.55867692674282,12.685827177584802,6.670252828719095,26681.011314876378,7795.580755919218,54.0,67.41944146722433,27.206437985404317,14.370639023557306,57482.55609422922,20129.70754876733,79.5,94.21954064913362,45.92195267944188,22.653841092437506,90615.36436975002,34143.01397278905,71.0,94.29725243423117,25.230717756961177,12.620536942547186,50482.14777018875,15122.077707201242,40.0,64.99708590796959,8.032191908742938,5.367999735847116,21471.998943388462,6466.153915971518,61.5,78.92611632370864,30.62472428434778,12.574512214341667,50298.048857366666,14322.163164615631,59.5,72.75284604544639
P03,Ideal,0,LG_0,S_1,Trial_4,7,14000,18000,4000,2000,2.0,1.0,13,90301,25.753656073990143,13.821561933495104,55286.24773398042,21547.64076694846,83.5,106.19501058806732,215.2065925520001,86.05715862466022,344228.6344986409,79744.85717713833,63.5,70.01250972038939,45.77712212371557,18.008718764933292,72034.87505973317,16511.017456650734,39.5,51.65894057523801,30.39694700064994,15.671775562688708,62687.10225075483,18514.008354395628,51.0,71.72057105485493,4.750684302646951,3.2394940519006923,12957.97620760277,4237.624350935221,39.5,70.29648959743743,6.91629080972255,4.450983243505471,17803.93297402188,6227.797083556652,60.0,90.70006261517923,6.313908250069455,4.277847905689851,17111.3916227594,5494.7201162576675,50.5,72.64891360908142,24.407254720088,13.830887110473123,55323.54844189249,14095.09852528572,56.5,64.08928937816715,53.39803129651178,31.676944275572897,126707.77710229158,42618.87306347489,84.5,94.22193764789789,60.45144800904962,32.1486281839665,128594.51273586601,48217.35927835107,83.5,112.45448821962356,26.286281795758104,14.970399520010687,59881.59808004275,20419.642236083746,58.5,81.95188577153944,8.238975188747444,5.182630527601577,20730.52211040631,6266.25157892704,73.0,86.0674559685184,30.814469866825085,11.34630012406269,45385.20049625076,13412.378635257483,59.5,68.27003642747137
P03,Ideal,0,LG_0,S_1,Trial_4,8,16000,20000,4000,2000,2.0,1.0,13,90301,53.93029948931013,28.621711614367086,114486.84645746835,41076.11533254385,85.0,99.49598225383517,198.71086341669104,73.17925566341728,292717.0226536691,68659.89109501243,55.0,66.51234778796025,45.25442284855862,18.02061581518501,72082.46326074004,18487.456440925598,45.5,54.57288596025503,42.341773717290614,19.008361378556582,76033.44551422633,24417.994171380997,59.0,86.67319285906748,5.861716461038173,3.913743957830593,15654.975831322372,5246.291868388653,59.0,82.96504806539413,10.189763232461097,6.426947421580553,25707.789686322212,8576.878439635038,58.0,86.1976611433176,8.236961791403813,5.463315001316369,21853.260005265474,6574.192736297846,51.5,72.34024421924074,27.669174326405855,15.98288475245936,63931.539009837434,15627.174451947212,53.0,64.09439888569432,59.823581360687484,33.91485357108759,135659.41428435035,43335.7747271657,85.5,94.86894210664998,58.43361351779036,33.868635425926186,135474.54170370474,47904.22981604934,93.5,115.21208863442696,56.217353728353004,26.94800400447566,107792.01601790264,30513.0316875875,46.5,68.30346245831592,12.072023348747493,7.247656346985605,28990.62538794242,7493.438292294741,54.0,69.51517928425214,26.308895230495082,11.168892407882959,44675.569631531835,12901.788391172886,43.0,64.58894331028759
P03,Ideal,0,LG_0,S_1,Trial_4,9,18000,22000,4000,2000,2.0,1.0,13,90301,77.61508316654061,41.19251907379366,164770.07629517466,57993.34654584527,87.5,99.33070349046574,157.19664939711873,56.18614961062558,224744.59844250232,57471.76930308342,73.5,73.45259960525854,39.85368352932017,16.505865469854324,66023.4618794173,19063.663482666016,76.0,88.4970708224369,52.7558649455533,23.256948350765743,93027.79340306297,30726.667772978544,61.0,86.20681090917935,7.481944395055588,4.678425637213513,18713.702548854053,5781.908053904772,44.0,70.07503840908679,10.75534900500897,6.365698146645445,25462.79258658178,8623.267989605665,65.5,90.67654233178911,9.20109245565472,5.780780093523208,23123.120374092832,6483.244802802801,58.5,70.64368557643297,25.172663434311044,13.444892674079165,53779.57069631666,13643.715996295214,41.5,61.93941738339958,52.38551144709939,25.037166634434833,100148.66653773934,30981.19990900159,84.0,87.63018036054983,68.48320836109806,39.42484725592658,157699.38902370632,60009.15560871363,85.0,113.11937594465762,73.16437929208105,32.42159543558955,129686.38174235821,31729.84179109335,44.0,56.93205520482083,15.567160525744208,10.118169482541271,40472.67793016508,10286.8827059865,55.0,72.61519363248085,39.6236894772726,17.00728546127211,68029.14184508845,18457.24219456315,49.5,70.17702806334826
P03,Ideal,0,LG_0,S_1,Trial_4,10,20000,24000,4000,2000,2.0,1.0,13,90301,81.2606972624987,44.26453201022232,177058.12804088928,62869.43759769201,94.0,105.16936533667051,183.96768866902946,76.39912167107687,305596.48668430746,72775.74287727475,57.5,70.05071571573185,49.26182083026061,19.665982957929373,78663.93183171749,19855.337776243687,31.5,48.74397221558466,60.12529504168842,28.603276155423373,114413.10462169349,36634.926311671734,68.5,86.96866147953331,8.027647012046842,5.06437406555051,20257.49626220204,5855.765100568533,62.0,78.91093115947142,10.248578477486511,6.1214106239029205,24485.642495611683,8403.833210468292,75.5,98.54306592492439,8.43437725823329,5.260073188913521,21040.29275565408,6086.18687838316,50.0,68.20155271222256,25.67526078425612,13.345755153847858,53383.02061539143,15218.519140034914,60.0,66.24209099801912,47.91487653781057,21.570406743790954,86281.62697516382,28946.163598448038,80.0,89.85061497446897,67.62780269472007,39.855237292777744,159420.949171111,63345.54087370634,87.5,114.96476900995161,60.52022111815704,27.09499841124052,108379.99364496209,30088.506266474724,43.0,55.094151759550186,16.166093558044675,10.547356748231687,42189.42699292675,10597.265418618917,45.5,63.87989417966141,44.57421836799064,19.999244569335133,79996.97827734053,22324.36053454876,59.5,72.05458984009827
P03,Ideal,0,LG_0,S_1,Trial_4,11,22000,26000,4000,2000,2.0,1.0,13,90301,72.88232872428833,43.098350339964966,172393.40135985985,62261.18514314294,79.5,99.47995093557111,216.79853115850673,97.62379297392908,390495.17189571634,100729.10906746984,68.5,78.39181598897322,64.58916480066256,28.033446913817897,112133.78765527159,26464.0174806118,44.0,55.84686623336547,59.337234786799804,30.77435161428293,123097.40645713173,41233.90084132552,72.5,95.01732652134528,7.484301771537572,4.752400183724239,19009.600734896958,5748.641863465309,59.5,75.21421726566086,9.534096703017354,5.754559659329243,23018.238637316972,8204.236067831516,65.5,89.99895056939987,6.712449931171962,4.4075321815907955,17630.128726363182,5332.967080175877,56.0,76.26691823762083,20.59814202151052,11.043749615515116,44174.99846206047,13654.702994972467,78.0,83.62460667392484,36.72364317743909,17.436900228029117,69747.60091211647,24350.241012871265,85.5,109.00694991151141,90.1380888886852,48.61901243866887,194476.04975467548,68123.3593262732,70.0,94.76142851179601,33.68092665674426,17.708432608144356,70833.73043257743,23478.605784475803,62.5,81.02251248447061,16.019475254016058,9.69034960224526,38761.39840898104,9416.163060814142,48.0,64.11902065613288,50.50980986634226,21.83526154656429,87341.04618625715,23294.573556631804,58.0,68.63958340994682
P03,Ideal,0,LG_0,S_1,Trial_4,12,24000,28000,4000,2000,2.0,1.0,13,90301,75.39991613806647,37.753537520347166,151014.15008138865,51914.78952765465,60.5,81.13412984588993,199.67378837865613,85.7335242182482,342934.0968729928,89741.80519580841,65.5,73.23913521732406,46.08716576438357,19.549453018791972,78197.8120751679,22537.0810367167,55.0,61.9841683619935,46.70885887973695,25.04494344573468,100179.77378293872,35349.44746643305,72.0,98.4698731224983,7.971148725511474,5.104016530152876,20416.066120611504,6020.264886319637,50.5,71.26885670574279,10.04710106388461,5.717464423552156,22869.857694208622,8484.709728509188,55.0,92.61698346308056,7.657700895552874,5.018692833650857,20074.77133460343,5726.667866110802,55.5,74.34885361707578,19.3902279932755,9.561963661503977,38247.85464601591,10331.441089510918,51.5,60.40958374114316,38.90499349223435,16.879006681917236,67516.02672766894,21367.27087199688,85.0,92.05343325851872,91.46524190234507,48.315972283843436,193263.88913537376,67552.03539505601,66.0,96.00949525166668,34.1345289583311,15.79813093058765,63192.5237223506,21216.504834592342,92.0,95.04124465797067,14.588058050285674,9.113176505756565,36452.70602302626,9168.34520176053,43.0,60.06711991507605,50.04488121541232,20.30875618082937,81235.02472331747,20980.284363031387,50.5,65.15056043938506
P03,Ideal,0,LG_0,S_1,Trial_4,13,26000,30000,4000,2000,2.0,1.0,13,90301,65.77622655411656,29.04807297058869,116192.29188235477,37796.49622738361,71.5,94.91850592230132,159.9132981074053,66.04841816022527,264193.67264090106,64573.94836470485,60.5,71.90449051146527,17.96747738364083,10.558279884979129,42233.119539916515,16254.043765366077,79.5,99.20199980628489,49.83272211602586,23.775824241526426,95103.2969661057,33135.56723296642,77.0,98.4543789235312,8.211417707230046,5.648933171899989,22595.732687599957,6288.225576281548,48.0,69.93121847549573,10.563252623261029,6.20014105301816,24800.56421207264,9046.877827495337,63.5,91.407869459269,7.938368642260393,5.286613390548155,21146.45356219262,6266.861967742443,53.0,76.51069472551761,24.099712577958446,11.203774602711201,44815.0984108448,12182.75036662817,61.0,74.942101519993,54.502196374109026,23.232967967225704,92931.87186890282,30919.85583305359,84.5,99.80573295259201,77.03583381595256,38.64688233329216,154587.52933316864,60831.044148653746,103.0,118.96654104299157,56.896719412023565,26.286464682640506,105145.85873056203,29027.345310896635,39.5,54.67750899798554,14.350158194828326,9.19377804363612,36775.11217454448,9780.565183609724,45.5,66.22319125305175,39.58992949445921,16.789978459395932,67159.91383758374,19434.77988243103,50.5,66.50330911319115
P03,Ideal,0,LG_0,S_1,Trial_4,14,28000,32000,4000,2000,2.0,1.0,13,90301,50.93127226400982,28.18384076664224,112735.36306656897,39077.39715650678,87.5,97.47918351657727,176.2593193724855,75.602771646576,302411.086586304,83077.88530364633,67.0,72.9353607947322,21.369774095743345,11.75675257324474,47027.01029297896,17627.418600022793,77.5,105.45402938665772,51.50287926173426,24.244792530080304,96979.17012032121,34526.94853767753,72.0,88.53452531975357,7.203913424748853,5.042740169214085,20170.96067685634,5500.824004411697,34.0,58.43263731977382,8.889423071361195,5.55046364592854,22201.854583714157,7934.749405831099,71.5,92.21219297181584,7.524002317694161,4.957070763746742,19828.28305498697,6211.621779948473,51.5,73.52979428920224,22.40108881485625,11.104740924877115,44418.96369950846,13288.469705730677,59.5,71.54085727218038,64.74777985306865,31.10848295345204,124433.93181380816,44532.13680535555,91.5,102.75349375868143,80.67772057693294,40.45640679551288,161825.62718205154,63370.26162073016,87.0,116.78904464455937,65.57123943600986,28.706879585422577,114827.5183416903,26958.43242108822,36.0,50.849480832698504,13.235476615718769,8.557594120595605,34230.37648238242,8901.910483837128,65.0,82.05635807810546,39.40130356772225,15.648175413231366,62592.70165292546,19092.96214580536,69.0,82.39060432711321
P03,Ideal,0,LG_0,S_1,Trial_4,15,30000,34000,4000,2000,2.0,1.0,13,90301,97.40982352941133,50.10644551925361,200425.78207701445,71484.77053269744,83.5,99.19761886099059,164.46299587639456,61.940711749659386,247762.84699863754,73440.1511028409,68.5,77.80066626841925,20.172306514335567,11.011452798813115,44045.81119525246,15946.407802402973,66.0,83.71711050672609,39.5809878034475,19.7357330797473,78942.93231898919,27530.366741120815,88.0,101.63040478006639,12.949139924700372,6.7647070263163185,27058.828105265275,6482.024025171995,38.5,57.94180534542101,9.662259740969343,5.897051800042391,23588.207200169563,8181.041292846203,65.0,86.71681077587924,8.529436891364536,5.554426328267437,22217.705313069746,6388.93973082304,55.0,68.91161657007102,24.276932397939188,11.934223693562672,47736.894774250686,13364.157918840647,66.0,75.58324083926263,60.02950864230563,28.218430966720916,112873.72386688367,39462.85769343376,92.0,98.95103871557792,52.09199842373731,27.349659606348723,109398.63842539489,38790.20921885967,93.5,104.17278418850108,54.6055403553441,22.749242499028334,90996.96999611333,24415.857810527086,40.5,63.468852809957816,10.711533512151261,7.308835312759038,29235.341251036152,7357.931975275278,61.0,74.05104393686742,33.70808622570513,12.881272917892783,51525.091671571136,15591.77190065384,53.0,75.54915764077725
P03,Ideal,0,LG_0,S_1,Trial_4,16,32000,36000,4000,2000,2.0,1.0,13,90301,101.22172699025046,53.09646038634237,212385.84154536948,76611.4261932671,75.0,97.01644765569203,103.76620033052485,36.01078772521578,144043.1509008631,39364.58509415388,60.0,71.28546599314808,24.352798689936353,10.779625524452422,43118.50209780969,13612.28097230196,37.5,61.43379876489059,37.694931958356804,17.94377949886257,71775.11799545027,24774.15604516864,69.5,98.72290259043517,13.357550521721786,7.062429015990347,28249.716063961387,6900.14036372304,50.5,57.829760805417536,10.140465697790008,6.2238957834430035,24895.583133772016,8581.761550158262,68.0,92.774110765479,9.035044956008644,5.824776461545843,23299.105846183375,6258.621718734503,55.0,65.01218771592684,24.89514067010462,11.590024982765318,46360.09993106127,12291.399575769901,59.5,68.25696636663103,58.04376616400759,25.34923394389916,101396.93577559665,33253.0670799315,88.5,94.53812216864074,55.13237940130932,30.73322319625877,122932.89278503507,40650.06393939257,83.0,97.02406137018886,53.784095127255014,24.314049648481888,97256.19859392755,27061.28293648362,43.0,65.06933675332246,9.82373405244807,6.447589855734259,25790.359422937036,6799.426209181547,47.5,65.54754161863194,24.643062675601183,9.670315534994007,38681.262139976025,11853.140406310558,56.5,69.29476752253775
P03,Ideal,0,LG_0,S_1,Trial_4,17,34000,38000,4000,2000,2.0,1.0,13,90301,80.88818102481196,43.216249152319506,172864.99660927802,63562.5340975821,85.0,101.31894702167509,167.12096468616534,58.850354874460024,235401.4194978401,55775.193590670824,78.5,76.5029674452196,34.89681466709961,15.26860634915065,61074.4253966026,16321.491729468107,45.0,58.60536022628688,46.93717047180015,21.962189230276273,87848.75692110509,28860.70916429162,50.0,77.56837461871844,9.24561906756643,5.540056135132909,22160.224540531635,6025.453191250563,49.5,66.71772361817357,9.380019286060872,6.025085813482292,24100.343253929168,8293.963223695755,56.5,85.74166171982766,8.923648046331628,5.9808514701202515,23923.405880481005,6231.45941644907,50.5,60.70344888217176,22.268525188244595,10.845244496618397,43380.97798647359,11730.147060006857,54.0,62.81601989212602,60.227358033451516,26.343960486003198,105375.84194401279,35105.291940271854,88.5,98.57794033792104,61.5811386530109,36.384502931660975,145538.0117266439,50677.2262044251,88.5,111.72176894819823,55.4295854927545,26.53196104228264,106127.84416913055,28091.92445129156,40.0,56.937256235933035,10.139999249749463,6.736744771339,26946.979085355997,7134.529668837786,58.5,73.45230599586726,30.95855834480336,12.17155823915964,48686.23295663856,14091.436192393303,68.0,75.71493928588706
P03,Ideal,0,LG_0,S_1,Trial_4,18,36000,40000,4000,2000,2.0,1.0,13,90301,87.60976153072308,48.40257337153889,193610.29348615557,71456.0822583735,85.5,104.42347737695417,197.68937580402988,71.1185395324137,284474.1581296548,71668.80276054144,62.0,71.71646114505448,80.82235066129505,29.869275280903093,119477.10112361237,27626.808173954487,40.0,51.95312297773068,59.52875604061297,27.790324012935162,111161.29605174065,34706.708043813705,55.0,77.45667089869852,9.965615970269097,5.9137465445324775,23654.98617812991,6345.296930521727,56.0,64.91724856170138,11.057030009092445,6.874760473077186,27499.04189230874,9587.37712353468,76.5,100.01704637507505,9.79219300221207,6.54726333549479,26189.05334197916,6777.147017419338,48.5,67.89417505809978,23.9929299460599,12.215812992397696,48863.25196959078,13300.677482038736,65.5,73.53010074804936,53.02180067144985,22.018207206018268,88072.82882407308,30254.226829856634,90.0,101.77086059739545,46.71857048588572,26.643046427634545,106572.18571053818,39104.86465319991,70.5,99.17897787123628,44.05067508428378,22.3283446949441,89313.3787797764,27572.48356938362,47.0,68.28635678829663,12.30249384250762,8.420886253193022,33683.54501277208,8292.742446064949,45.0,60.98044689943351,36.61955779369867,15.875087531656026,63500.35012662411,18842.397537082434,64.5,78.37039054529772
P03,Ideal,0,LG_0,S_1,Trial_4,19,38000,42000,4000,2000,2.0,1.0,13,90301,115.86944828065637,65.25539910378866,261021.59641515464,98688.88445198536,84.0,107.96709483162653,179.12840509281702,71.26014058175497,285040.56232701987,76317.52397865057,68.0,73.66846802400437,84.34723452191315,32.82822902529733,131312.91610118933,31692.302878946066,50.0,62.41247122089061,60.113881575823044,30.088482995401137,120353.93198160455,37919.18437927961,56.5,83.81950234023353,9.529715463361761,5.848578115610872,23394.312462443486,6424.342282116413,63.5,73.78909637927885,12.744519707599093,7.180364909465425,28721.4596378617,10436.12277135253,75.0,98.293406651716,9.713363456842812,6.113531725073699,24454.126900294796,6947.750691324472,48.0,66.74663850490751,24.274013513894143,11.631016864441335,46524.06745776534,13304.034620523453,52.0,67.40818656663166,54.396206798563156,20.83911188293714,83356.44753174856,27675.334084779024,94.0,106.31164088486197,46.36623825333741,27.690639736922456,110762.55894768983,41753.03652882576,81.5,100.77870931645872,43.510124602403856,21.636526730726473,86546.10692290589,28510.040789842606,73.5,83.62175403478214,14.606117217712322,9.429809790605214,37719.239162420854,8969.053253531456,46.5,60.859323358021236,37.03560051352429,17.230894155427812,68923.57662171125,20401.330571621656,58.5,74.98785076202078
P03,Ideal,0,LG_0,S_1,Trial_4,20,40000,44000,4000,2000,2.0,1.0,13,90301,108.94345206972775,57.06565168267116,228262.60673068464,86625.46509876847,87.0,108.80000616825812,159.19172999515652,71.45164103120332,285806.5641248133,75083.01259949803,65.5,72.76760953595497,41.54930156942645,18.48274790160358,73930.99160641432,22028.321959078312,61.0,69.50382309826793,55.500496189284696,28.332985306158662,113331.94122463465,38333.63838493824,69.0,95.14101977259376,8.7265205564414,5.217305571725592,20869.222286902368,5960.751976817846,54.0,66.5629926038073,11.099265842104534,5.999408434587531,23997.633738350123,9003.845416009426,82.0,97.54300045982353,7.627229022574164,4.86778373636771,19471.13494547084,5896.966345608234,57.0,78.15584365738717,20.591690463830847,9.559943808615207,38239.77523446083,11334.00471881032,66.0,80.44676551500795,47.34711415742543,16.738854962668846,66955.41985067539,22471.46423906088,90.5,95.81565143798576,73.67120373747338,38.36798114865087,153471.92459460348,58282.976038753986,92.0,111.47449963132951,35.02923480851963,16.1644537562388,64657.8150249552,21025.45313537121,41.0,69.9954070086359,14.818914500147066,9.420415983034763,37681.663932139054,9513.214882463217,46.5,62.11702165031872,36.54813062638587,17.890790844662114,71563.16337864846,20629.00559976697,57.0,75.43074947429118
P03,Ideal,0,LG_0,S_1,Trial_4,21,42000,46000,4000,2000,2.0,1.0,13,90301,60.44540214989608,35.49303117309464,141972.12469237857,50444.97326016426,81.5,103.42028328899704,161.35253690290602,60.69520120220259,242780.80480881035,64912.1037684381,75.0,81.617546230411,40.93715291363455,17.18340952977305,68733.63811909221,21184.154227375984,59.5,68.54017257203691,55.65264636366355,26.174960227217525,104699.8409088701,36719.77035701275,76.0,100.66402176222708,7.523637038746753,4.759511366020888,19038.045464083552,5571.018718183041,57.0,72.27749211562195,9.104960426069278,5.385994150722399,21543.976602889597,8086.736220866442,75.0,99.02872686677667,7.169685830732986,4.644781463500112,18579.12585400045,5531.343445181847,59.0,76.8897045549554,16.65960438177643,8.832244366779923,35328.977467119694,10147.71405607462,57.5,69.37251408263072,40.51707951844609,17.60128579477314,70405.14317909256,24357.870873063803,87.0,99.06829926919157,78.64471602801603,39.59267884902656,158370.71539610624,56651.10154077411,93.0,109.73928455548368,41.52073334348921,16.343506966216957,65374.02786486782,18485.93046888709,50.5,63.235288278010664,13.418932328295751,8.865104801254347,35460.41920501739,9400.292951613665,52.0,71.92553407374228,39.15240087311132,16.980061204521917,67920.24481808767,19184.825662523508,51.0,68.8129308960898
P03,Ideal,0,LG_0,S_1,Trial_4,22,44000,48000,4000,2000,2.0,1.0,13,90301,49.55916039939857,30.226493012893478,120905.97205157392,43878.41038405895,66.0,96.63111915623293,188.01467285498254,65.02348141558468,260093.92566233873,73124.58008527756,81.0,88.24735774017682,43.82183009360526,18.566351636871694,74265.40654748678,23427.02792957425,59.5,64.12142609861405,46.32931201586775,22.280049701838287,89120.19880735315,31234.81646180153,67.5,90.22578556561399,7.483242174496131,5.105539755441714,20422.159021766856,5971.128586679697,54.5,74.11071551611148,10.38861585172528,6.522668290417641,26090.673161670566,9247.695747762918,71.0,88.29807089843058,8.498568196179134,5.584817320341244,22339.269281364977,6821.095012128353,60.0,80.23792330212754,19.77524703116781,11.313968705944717,45255.87482377887,13872.611802071333,71.0,78.60171039036753,63.22981029001063,32.39174192901701,129566.96771606803,45023.80499616265,95.5,103.29384717163164,70.36088631055975,37.887070297729224,151548.2811909169,53055.91141805053,83.0,107.13651875423145,50.013851541988004,22.331202611676417,89324.81044670567,24333.455320447683,37.5,66.9872837076351,12.931911556242461,8.520122732711025,34080.4909308441,8930.90395256877,60.5,69.63266933914974,45.37573495605498,17.62430447258521,70497.21789034083,19300.494343042374,51.0,65.34537264388423
P03,Ideal,0,LG_0,S_1,Trial_4,23,46000,50000,4000,2000,2.0,1.0,13,90301,55.1799523122384,30.352952032443135,121411.80812977254,45669.29116845131,82.5,112.03358773247112,174.8474228963552,67.57951998263597,270318.0799305439,76979.79584336281,78.0,79.93312656857286,45.03390329513093,18.757212208095005,75028.84883238003,21707.257442176342,49.0,71.82894067676943,52.30893936112434,23.832303060824053,95329.2122432962,31879.08185645938,55.5,92.66528803309319,7.624861786927882,4.837420021044091,19349.68008417636,5586.583632975817,27.5,54.13270925591051,10.316222195128594,6.483799112145789,25935.196448583156,8936.397451907396,63.5,91.07162634775891,8.16326967110012,5.301572685188148,21206.290740752593,6674.296502023935,54.5,76.1285907189875,22.71953276380572,12.009478530613706,48037.91412245482,14454.312343150377,68.5,74.34074346171417,68.25703604119106,34.22854470554739,136914.17882218957,48088.87243270874,102.0,106.76926122876118,71.16579963102883,39.922065407037735,159688.26162815094,58456.631656736135,80.5,98.74347843219284,47.56674680107888,22.332138223282527,89328.55289313011,26468.595396727324,41.0,62.88730344847825,12.323431821871123,8.27204358909512,33088.17435638048,8407.800737768412,53.5,71.46692362563968,46.574477386615094,18.188897341140546,72755.58936456218,20654.641930013895,53.5,66.56093551705295
P03,Ideal,0,LG_0,S_1,Trial_4,24,48000,52000,4000,2000,2.0,1.0,13,90301,64.10458048694171,36.02461005623918,144098.44022495672,51587.31592819095,72.5,97.9126512296657,144.63801405175454,61.493907327530906,245975.62931012362,68180.12548610568,68.5,79.01913704775536,49.49839463843897,21.19930339108687,84797.21356434748,23282.670974731445,39.0,50.49179988659677,61.62815898200081,27.47166725101415,109886.6690040566,35247.81772866845,80.5,89.71542255687417,7.3964235317289875,4.708153632585891,18832.614530343562,5182.811431586742,30.0,57.58892231101951,8.94932801644971,5.542912754788995,22171.65101915598,7861.807942390442,61.0,89.47064149859511,7.425347246232488,4.915245167247486,19660.98066898994,5838.979408144951,30.0,55.95102587660738,21.793948610179317,10.627006689948029,42508.02675979212,12159.555591642857,56.5,73.70508841432805,57.00377308062496,28.116770480619742,112467.08192247897,38693.4625916183,89.5,102.14616157321535,59.708924126826986,33.9447692228714,135779.0768914856,51199.41383600235,89.0,112.47606072091091,60.05834668018223,27.99250016276492,111970.00065105967,31990.172620862722,54.5,63.44651562465706,11.913479633236143,7.87126706156414,31485.06824625656,7754.074316471815,52.5,62.94123538601856,41.677389476419435,16.18203184779268,64728.12739117071,20202.954206615686,49.0,70.9842189905185
P03,Ideal,0,LG_0,S_1,Trial_4,25,50000,54000,4000,2000,2.0,1.0,13,90301,76.40472245177466,39.25060635136906,157002.42540547624,55778.24553474784,86.5,100.9666022836532,185.38410277499628,60.23508675601333,240940.34702405334,60309.466905891895,61.5,74.10486105268028,36.35647616554678,15.243216387089342,60972.86554835737,19186.656828969717,61.0,68.73495279521194,51.17654709921468,20.74867972799111,82994.71891196445,26536.348555237055,61.5,87.30634252662664,7.928378222830766,5.289315734431147,21157.26293772459,6399.011146277189,50.5,72.97356757248292,10.658144875459985,6.554496252210811,26217.985008843243,9165.903646498919,60.5,84.46669509391874,9.217114392961616,6.361203624901828,25444.81449960731,6764.023657888174,49.5,65.8049586137637,22.5442674753529,11.741547978599556,46966.19191439822,13185.00880151987,67.5,76.5924351491109,58.212547536540576,27.817745425272733,111270.98170109093,38315.32672047615,90.5,99.35892628372544,46.8293476495465,26.659773904224856,106639.09561689943,39044.74135488272,100.5,115.85606592723772,51.39164030236167,24.181799870240503,96727.19948096201,29611.18221282959,56.0,75.7221182278494,12.486015925214764,8.07267614339944,32290.70457359776,7803.821004927158,73.5,77.78739466183336,39.83030064996545,15.062421623372938,60249.686493491754,17875.846847891808,48.0,83.21374347156126
P03,Ideal,0,LG_0,S_1,Trial_4,26,52000,56000,4000,2000,2.0,1.0,13,90301,80.76696082671813,42.58491064829286,170339.64259317145,61061.16073206067,87.0,103.34441024140186,175.30890092305856,52.337372538959606,209349.49015583843,46873.8934956491,61.5,65.07723805106193,29.154429934245137,11.608766093908343,46435.064375633374,14942.013006657362,59.0,62.12224510553988,51.23219727793068,20.141805149894207,80567.22059957683,25173.960719257593,63.0,84.28399967996613,8.509195435814728,5.468658345006406,21874.633380025625,6607.76412114501,71.0,85.92564798115131,11.495321118294529,7.160837960871868,28643.35184348747,9677.104279398918,61.5,89.1181382001991,9.544599624486537,6.540415040031076,26161.660160124302,6797.289848327637,46.5,63.15737590384157,24.71137445813304,12.22200065641664,48888.00262566656,13770.982064306736,63.0,75.24877534852756,63.09257035755759,27.02100303521147,108084.01214084588,36736.55604943633,90.5,100.22150590274828,73.29333134150305,35.260395896539556,141041.58358615823,50826.77146419883,100.0,113.64860356271663,32.31800659937129,16.57524943468161,66300.99773872644,21914.179250597954,65.5,83.10833202953576,13.518768692939508,8.962249859794975,35848.9994391799,8734.969142824411,49.5,66.18740791274692,30.9976883529877,10.84571533529088,43382.861341163516,12052.127160131931,42.0,65.5995938876672
P03,Ideal,0,LG_0,S_1,Trial_4,27,54000,58000,4000,2000,2.0,1.0,13,90301,80.66035359004658,44.89692042116076,179587.68168464303,64679.545629769564,68.0,100.53326950998743,143.9545475898344,58.26329191504046,233053.16766016185,56053.83608490229,58.5,72.9859390403939,35.354487684120684,15.451870326371864,61807.481305487454,18193.24903190136,42.5,62.90822979721234,55.20369422988405,25.347134130075574,101388.5365203023,33790.514431893826,70.0,93.5665547557755,8.071025037030765,5.122695992025546,20490.783968102187,5982.725974172354,31.0,56.451614353818606,11.479350193740562,7.235315849259496,28941.263397037983,9383.202064782381,61.0,86.39627303968284,8.32378558918624,5.786284541711211,23145.138166844845,6223.524361848831,40.5,58.50815284311543,25.5568349682428,12.766720028128475,51066.8801125139,14315.7540820539,62.0,72.32216395745529,56.91207330443532,26.44519461551681,105780.77846206725,37566.37964397669,89.5,99.63826193941014,77.02397195502506,39.29024854892632,157160.99419570528,59360.00710353255,82.5,104.61198398712256,40.72742881288616,21.01706585895736,84068.26343582943,24578.831624239683,51.5,73.70602063618458,12.58293950277312,8.500569613697007,34002.27845478803,8355.307299643755,41.5,62.21009116652548,27.907384200511544,10.676138907612767,42704.55563045107,14016.053173691034,76.5,89.05676308019028
P03,Ideal,0,LG_0,S_1,Trial_4,28,56000,60000,4000,2000,2.0,1.0,13,90301,91.64370482536839,46.7614847491961,187045.9389967844,68695.9040351212,86.0,99.9699837670848,183.201346121985,65.572356848442,262289.427393768,71660.5625115335,80.0,83.2847725305796,57.195245050790156,22.3805901626125,89522.36065044999,22294.14628818631,60.0,62.011268996482066,46.656497926872284,23.020367215713485,92081.46886285394,31743.880733847618,64.5,89.39824667987533,9.497975432511854,5.783826200757176,23135.304803028703,6689.55622240901,61.5,79.45536695606967,14.466268147050654,8.492576419562102,33970.305678248405,9974.05843809247,57.5,90.51984301700709,9.696848583959396,6.162570934742689,24650.283738970757,6778.062600642443,56.0,75.77872361872132,27.18640077034912,13.534239824756515,54136.95929902606,14812.305383384228,61.5,70.12968249368835,44.4443297579916,21.663969163328876,86655.8766533155,30970.823299139738,104.5,114.52383966268044,51.448409925333785,31.25051871407777,125002.07485631108,50296.95397242904,98.5,112.83423799625301,43.26949087026996,23.452893155626953,93811.57262250781,27896.905224770308,44.5,72.57601020782927,12.729332318942047,8.408934611291624,33635.7384451665,7939.327321946621,41.5,64.62823278335901,42.93498545382921,16.809947939880658,67239.79175952263,20327.473524957895,49.5,61.57450336673709
P03,Ideal,0,LG_0,S_1,Trial_4,29,58000,62000,4000,2000,2.0,1.0,13,90301,84.75318106632167,44.24228883140022,176969.15532560088,63120.00220641494,81.0,97.91296032035387,207.2399951727219,76.70537903275108,306821.5161310043,85949.76468011737,64.0,73.15871631190798,59.327484747382044,24.732915277453138,98931.66110981256,23564.06021863222,48.5,63.669365607307995,52.35202767518117,25.72757383750286,102910.29535001144,30716.291163116693,48.5,69.02653202042225,10.302955685472018,6.496387084387242,25985.54833754897,6692.302972078323,56.0,63.01236192726602,14.479726058715157,8.223528550821356,32894.114203285426,9650.247171521187,48.5,71.94232750622488,10.139600861137843,6.311046945909038,25244.187783636153,6925.166305154562,57.5,68.0679265071675,28.686955752741845,13.974543682299554,55898.17472919822,16098.699811846018,69.0,79.75016343417005,42.24913106886377,20.716571750328875,82866.2870013155,28138.61919566989,92.0,105.00534360041847,56.355128754954016,33.05735017899424,132229.40071597695,53704.1443400085,101.5,114.6801407274417,52.91247761449174,27.31585402294295,109263.4160917718,32634.438015520573,44.0,67.23478151502285,14.655527415465851,9.629319914686494,38517.279658745974,9617.591369897127,36.5,60.39501328338976,48.19887907241564,20.10098761052359,80403.95044209436,22342.97739341855,67.5,74.53740262171793
P03,Ideal,0,LG_0,S_1,Trial_4,30,60000,64000,4000,2000,2.0,1.0,13,90301,62.267123041181364,36.75095245114062,147003.80980456248,50963.193364441395,81.5,100.42552799154493,204.7149987446182,83.81134838002035,335245.3935200814,89205.57862147689,47.0,67.26903840470226,33.638218227443055,16.302577153453605,65210.30861381441,18513.397965580225,56.0,77.85038538696402,58.909536589945766,28.111672665830703,112446.6906633228,32260.880060493946,38.0,72.73059455926588,7.872173459382006,5.20006655115867,20800.26620463468,5669.596511870623,47.0,63.66188734483248,10.648111733469957,6.4376167128793895,25750.466851517558,8477.690257132053,67.5,89.51019943484759,8.987874019196479,6.195341375016142,24781.365500064567,6438.381224870682,54.0,67.67281247258683,24.749277493684446,12.959604419767857,51838.41767907143,15143.441315740347,60.0,72.79131818788494,51.52922614351829,25.9266187690082,103706.4750760328,35051.27253010869,87.5,100.78542424863281,62.66889646658235,36.008292303141204,144033.16921256483,55641.82363450527,79.0,109.03905518177288,51.91297888800119,25.664221582352184,102656.88632940874,30438.259057700634,52.5,69.21774463436402,14.249308007078355,9.471196059754584,37884.784239018336,9857.168979942799,46.5,68.08047680542155,45.21392138543116,19.480798506748396,77923.19402699359,21626.99131295085,50.5,71.21529312298377
P03,Ideal,0,LG_0,S_1,Trial_4,31,62000,66000,4000,2000,2.0,1.0,13,90301,49.90136065592852,30.906508308229967,123626.03323291987,43625.099025666714,77.5,103.70247888386787,201.7666857156891,83.29036584671121,333161.46338684484,80462.36922964454,60.5,70.65857192430839,18.498895869315167,9.839779651130083,39359.118604520336,14426.539652049541,72.0,100.09361504891916,54.790159817930174,25.541926139360292,102167.70455744117,31674.60160329938,50.5,82.03638074829499,5.611523597772711,3.7715604449622333,15086.241779848933,4640.480969101191,58.0,72.8304479459502,8.375734216598543,5.114810684113763,20459.242736455053,6585.790123790503,60.0,87.25369897003503,7.544065887060151,5.151185661088675,20604.7426443547,5401.025433093309,47.5,73.49739349957882,18.39265625630287,9.393868761928752,37575.47504771501,10534.39537063241,69.5,73.88470070781473,53.51611645439514,23.182293449621646,92729.17379848659,31306.84234201908,88.5,94.56204392951359,86.46263207386302,46.83286388431443,187331.45553725772,71136.84890791774,80.0,105.71083920851105,36.25273495890514,17.451503856736235,69806.01542694494,21221.082750707865,54.5,73.70527644994334,12.445785398952516,8.318482389813289,33273.929559253156,8684.612065553665,44.5,62.616491427723766,41.24599406364603,16.885812784254085,67543.25113701634,17887.139040976763,52.0,63.34948880353607
P03,Ideal,0,LG_0,S_1,Trial_4,32,64000,68000,4000,2000,2.0,1.0,13,90301,56.72534990783054,34.434560391772536,137738.24156709015,49972.22712263465,78.0,101.46154487341397,200.47162265828504,84.44097584974952,337763.9033989981,81705.73124662042,59.0,69.15313259290636,21.012492747399346,11.266065544309095,45064.26217723638,16851.004026830196,64.0,87.76468386344625,52.19221020114085,25.39385329000652,101575.41316002607,33006.16480410099,59.5,91.42306165232934,5.813086231374315,3.77685976435896,15107.43905743584,4479.033127427101,41.0,63.66724101575202,8.836555683521622,5.042403844976798,20169.61537990719,6204.90750297904,58.0,79.98946474454061,7.231323257210591,4.545564669021405,18182.25867608562,4992.980509996414,50.5,66.1857002157814,19.316692669995824,9.118664320849348,36474.65728339739,9751.26652047038,60.5,65.43756982194466,50.028268139348555,20.811441355664282,83245.76542265713,28163.33994269371,91.5,101.0528937982993,96.20114957424761,50.46173797047231,201846.95188188925,75532.25876763463,84.0,113.1220341919647,44.629873933529375,19.300959306722508,77203.83722689003,20326.863136142492,41.0,51.15617449793175,13.255207246380511,8.69595022854628,34783.80091418512,9258.682746440172,53.0,67.91851916513875,42.05667000602428,16.63809384633787,66552.37538535148,17363.425437361002,44.5,63.523230349894334
P03,Ideal,0,LG_0,S_1,Trial_4,33,66000,70000,4000,2000,2.0,1.0,13,90301,63.941563129708214,36.42249482860789,145689.97931443155,53066.28802791238,74.0,102.1961861714587,165.87092876600963,66.16231854434591,264649.27417738363,70352.1940857172,64.0,73.922769034012,31.037817503717925,14.641010673041455,58564.04269216582,19711.896404623985,65.5,83.74471794489142,49.47729385850488,25.125568407285026,100502.27362914011,33703.8392201066,51.0,92.79611530498066,7.244076942333255,4.4698652400169525,17879.46096006781,5297.259334474802,52.5,68.19774251877924,9.746248011242235,5.844258317665663,23377.03327066265,8124.580327421427,79.0,106.49056855473428,8.007258248394626,5.021607554692309,20086.430218769237,5650.064069777727,52.5,74.10683698578393,22.130125717785,10.501717099070083,42006.86839628033,11011.414229869843,69.5,70.48890450328699,59.079427657722434,24.028381502686535,96113.52601074614,32970.76225280762,106.0,106.20285674663106,79.08865511080513,40.97391327896621,163895.65311586484,62492.52250418067,76.5,101.90048227485552,55.44461687282319,24.276505128387363,97106.02051354945,24699.993804097176,46.5,58.355326897139754,12.466537322222136,8.07428032150492,32297.121286019683,8719.404228031635,49.5,66.7160074405174,45.487983126100815,17.830087600671686,71320.35040268674,19537.02000901103,44.0,65.38367203029551
P03,Ideal,0,LG_0,S_1,Trial_4,34,68000,72000,4000,2000,2.0,1.0,13,90301,77.00180653871853,38.76492073393892,155059.6829357557,57653.66517007351,84.0,103.310454821183,152.65786077928374,63.22092313016765,252883.6925206706,67640.23657888174,65.5,77.55344888364816,32.04727983110604,15.345826371142175,61383.3054845687,20590.24590998888,66.5,77.69188721059209,49.94817882308587,26.78850658396259,107154.02633585036,36354.45265099406,67.0,93.83576263453344,8.25670679599325,4.817760083987378,19271.04033594951,5787.401553243399,46.5,68.56254999237925,10.236466770729953,6.290330196917057,25161.320787668228,9203.1373642385,70.5,96.97631553120503,7.753346634749976,5.214866915810854,20859.467663243413,6010.4986652731895,61.0,80.79008676538405,22.146335347522022,10.172001579636708,40688.00631854683,11457.303259521723,69.5,81.12886791856172,55.53668337509535,22.136814756086096,88547.25902434438,29681.07173219323,66.5,90.18945756484374,69.90569183448692,35.34968883706024,141398.75534824096,55206.921603530645,86.0,117.17373642355756,58.25682941860162,25.717453590943478,102869.81436377391,27229.750249534845,50.5,62.10757613077099,12.001664335103817,7.67494579940103,30699.78319760412,8214.917872101068,48.0,63.79793729085641,49.201522753645435,18.8807996916119,75523.1987664476,20925.65456405282,50.0,67.727730624903
P03,Ideal,0,LG_0,S_1,Trial_4,35,70000,74000,4000,2000,2.0,1.0,13,90301,78.42324198847697,40.17312610927038,160692.50443708152,55591.161362826824,61.5,87.17317252826156,202.10924854389347,79.73804218601435,318952.1687440574,82892.93749257922,67.5,74.00918408446823,27.81928397740007,14.753555307304486,59014.22122921795,20586.888771504164,67.0,83.2583404237723,58.28060064226215,29.40169371943921,117606.77487775683,40698.895044624805,71.5,102.7048801406043,8.706045202407285,5.127899900020566,20511.599600082263,6147.836148738861,52.0,66.9863513388412,10.958447573967678,6.729898116295226,26919.592465180904,9197.949059307575,66.5,88.47126030553284,9.196107515807588,6.258560145762749,25034.240583050996,6209.180224686861,35.0,54.86574314733062,23.397955723351465,11.303634441806935,45214.53776722774,12324.665766209364,55.5,66.12227901476402,43.98534907962304,19.258043632097543,77032.17452839017,24841.604009270668,83.5,99.89994390750962,65.7054474847229,34.48296086769551,137931.84347078204,51741.1339096725,86.5,102.49934333202827,48.25884318111628,21.506815826613455,86027.26330645382,25767.563842236996,82.5,98.36120187665678,12.78832288222913,8.101028780173511,32404.11512069404,8407.49554336071,55.0,70.52165390134344,44.89450035004398,17.884879228984936,71539.51691593975,19892.87668839097,59.5,68.90579342260287
P03,Ideal,0,LG_0,S_1,Trial_4,36,72000,76000,4000,2000,2.0,1.0,13,90301,88.49062015898427,46.808421627187634,187233.68650875054,59924.31156337261,68.0,85.86355884922749,203.8224073595834,76.0881627514027,304352.6510056108,82599.34047237039,74.0,77.39461974946872,27.941981921846526,13.633027096255683,54532.10838502273,17271.867115050554,72.0,91.16584198723568,55.53001948646518,25.181032455177046,100724.12982070819,31949.581764638424,71.0,97.49107130128952,9.425176774617436,5.876115845167078,23504.463380668312,6229.9334444105625,34.0,58.455453624112465,10.464894315103525,6.458711902936921,25834.847611747682,8998.3519166708,68.5,91.89472353819939,9.553692759530088,6.483196772832889,25932.787091331556,6252.823024988174,35.5,57.64417589578749,24.216823422918306,11.98903061974561,47956.122478982434,13049.502484500408,60.5,77.67034823568925,49.88277271001084,21.94689166578464,87787.56666313857,29199.169762432575,83.5,94.0555343482743,59.54848217103592,33.265301331854424,133061.2053274177,47594.45749223232,91.0,108.41225250108295,59.938968764609385,22.73683096730383,90947.32386921532,25628.395192325115,33.5,51.3924617639573,11.249202042340364,7.279715417244006,29118.861668976024,7693.340629339218,55.0,73.03617479570707,33.92085329368703,13.30503352181986,53220.13408727944,16324.23847913742,55.5,70.0778491964357
P03,Ideal,0,LG_0,S_1,Trial_4,37,74000,78000,4000,2000,2.0,1.0,13,90301,87.39955395382925,48.36296020559966,193451.84082239866,63136.48270443082,75.0,91.99459401160101,134.71782340408632,52.80794363224413,211231.77452897653,56941.036228090525,61.5,75.26698672942244,24.140177008419695,11.313256992585957,45253.02797034383,13163.950387388468,41.5,63.28068852265363,45.809879691451144,20.378921672236174,81515.6866889447,22806.262504309416,53.5,76.02353273156275,9.493448439593424,6.036692929046694,24146.771716186777,5810.901522636414,27.0,51.788933909667186,10.81760502985634,6.185621123877354,24742.484495509416,8451.443538069725,67.5,90.43604086071971,9.312066291229298,6.098048564232886,24392.194256931543,6246.108748018742,29.5,56.699509970343854,23.603545818579608,12.155217558331788,48620.87023332715,13059.268705546856,57.0,69.61991786950642,56.61137354363049,27.101304605137557,108405.21842055023,34310.87089702487,80.0,91.24673349751426,94.398863266579,56.22276477559935,224891.0591023974,82922.23615571856,96.5,123.07495900720036,74.92185001949159,30.935306643287184,123741.22657314874,29557.162802666426,34.5,50.70948367881884,11.588715423803851,7.599130472820252,30396.52189128101,8116.9504672288895,56.0,76.61141329454381,23.536671642060124,8.477150330075528,33908.601320302114,11259.537283331156,64.5,84.11823333415043
P03,Ideal,0,LG_0,S_1,Trial_4,38,76000,80000,4000,2000,2.0,1.0,13,90301,56.7179090620494,34.26286114624236,137051.44458496943,45563.38870897889,69.0,91.29327614649851,85.07835178075727,36.26594436529558,145063.77746118233,37532.19787031412,61.5,74.14197432707353,20.62521476075066,11.403431029361673,45613.72411744669,15189.22047689557,81.5,100.07268708375506,59.17543066031209,26.085868943901733,104343.47577560693,32694.561313837767,69.0,86.83100465590229,8.892894175707768,5.880970534461085,23523.88213784434,5716.291256248951,35.5,56.67896371863792,11.152478463050194,6.607097500259988,26428.390001039952,8865.59234932065,69.5,89.25002038901738,9.945397745205433,6.521039010072127,26084.156040288508,6951.41302421689,46.0,62.613929752900326,21.087693054577688,11.749805928883143,46999.22371553257,13346.45664319396,46.5,63.513123177773586,64.23087011554613,33.92327159583802,135693.08638335206,45405.60320019722,79.5,93.08956764041491,104.7200181775204,64.26006831490668,257040.2732596267,97459.56137776375,90.0,106.16006811820262,67.08176995828978,33.90498739887262,135619.94959549047,33306.78129568696,40.5,57.95350466639681,13.403154020833886,8.951338625629432,35805.35450251773,9606.299176812172,47.0,67.1083976906268,26.793547387331486,10.775358258094638,43101.433032378554,13644.021190702915,63.5,82.9051264827159
P03,Ideal,0,LG_0,S_1,Trial_4,39,78000,82000,4000,2000,2.0,1.0,13,90301,48.324929554034085,27.978741693671328,111914.96677468531,40328.694228082895,79.5,96.11264517604253,140.8726381757723,50.908637193613686,203634.54877445474,54583.4094285965,82.5,81.86609583636748,34.37628066057006,15.86040867252741,63441.63469010964,20040.590781718493,47.5,60.051987848135255,61.83859497707699,29.252611630328467,117010.44652131386,40727.583318948746,85.0,105.9341630986718,7.270882777033578,4.856137746665627,19424.550986662507,5036.928504705429,34.5,58.815868659882526,9.067227608840733,5.731496232387144,22925.984929548576,7937.8013499081135,69.0,97.25615370349576,8.72157336889481,5.593463249015622,22373.852996062487,6745.406799018383,55.5,74.27996227374533,16.853588870200458,9.75184665689012,39007.38662756048,12863.028701394796,73.5,85.69452239875821,71.13856084061592,38.20401301155798,152816.05204623193,55845.083110034466,97.5,108.15589588265117,79.28656986747505,44.32537430841476,177301.49723365903,67444.91215795279,88.5,110.90596803464702,72.15640429659713,36.6960628554225,146784.25142169,34833.05852860212,43.0,58.01980123446795,13.027094775836703,8.969535460695624,35878.1418427825,9817.798901349306,50.0,70.09369175410734,40.075722538545115,15.887421963643282,63549.68785457313,18418.17731037736,53.0,63.868480113481496
P03,Ideal,0,LG_0,S_1,Trial_4,40,80000,84000,4000,2000,2.0,1.0,13,90301,48.19745984691977,27.143527335859837,108574.10934343934,38867.11820960045,74.5,98.9793123509677,199.95899759827412,84.0428012189921,336171.2048759684,88566.80672615767,70.5,73.27383587823616,37.12144396763254,16.41278819497675,65651.15277990699,20193.18798556924,56.5,74.86450063976362,55.641808994607615,28.70112308480311,114804.49233921245,41781.1144143343,73.5,92.65839501120625,6.365950875604278,4.174421259551309,16697.685038205236,4796.130117028952,55.5,70.9650276687171,8.847797412242672,5.611845108191483,22447.38043276593,7346.639782190323,70.0,90.71523608148634,8.398209321732002,5.415378344594501,21661.513378378004,6311.420351266861,51.0,70.99462785803948,20.257120207756603,10.698225788748823,42792.90315499529,12776.048295199871,53.0,73.46781455108277,68.31286498801717,32.77609094791114,131104.36379164457,45721.17421776056,90.0,107.29300137806837,77.69193559541552,43.62092732330784,174483.70929323137,67750.71695446968,93.5,109.71663981250816,63.07892525154205,27.736150365148205,110944.60146059282,28000.366128981113,46.0,51.60180521324267,13.978085295424492,9.56991470066132,38279.65880264528,10301.837231963873,47.0,68.73731467254701,43.598234096132074,17.889751123613678,71559.00449445471,20527.986250817776,52.0,72.02440332832462
P03,Ideal,0,LG_0,S_1,Trial_4,41,82000,86000,4000,2000,2.0,1.0,13,90301,55.81921942765416,34.55448752616066,138217.95010464266,48846.670147031546,77.5,105.6895969330034,187.84066120921815,80.31600676605012,321264.0270642005,83760.91038808227,71.0,76.73010149620374,31.23394310256195,15.070094096334651,60280.376385338604,19599.279668182135,69.0,77.00745841385849,56.77305492038186,27.85496540926397,111419.86163705587,38284.807279706,72.0,93.45314528853653,7.002111457657865,4.674819917883724,18699.279671534896,5182.506237179041,34.5,59.30002611456506,9.130093857606163,5.773195058759302,23092.780235037208,7846.548222005367,66.5,95.13057691912405,8.467676720274019,5.5003463751636446,22001.38550065458,6084.355711936951,48.0,68.90665060201536,23.35586137316045,11.965426769806072,47861.70707922429,12443.691585212946,60.0,66.28584365104699,54.18614229117968,25.17242303538369,100689.69214153476,32505.645975470543,88.5,94.6998485281809,88.71790565959202,47.590408096532336,190361.63238612935,76521.08864858747,100.0,113.92637552899946,32.84608427936887,14.492768898583018,57971.07559433207,18416.04094952345,60.5,69.26470500925488,15.423563898720895,10.58686439320445,42347.4575728178,11211.621761322021,59.0,71.8720822334706,40.485762711200024,17.50337424047757,70013.49696191028,21426.173392683268,59.5,75.95478163027401
P03,Ideal,0,LG_0,S_1,Trial_4,42,84000,88000,4000,2000,2.0,1.0,13,90301,70.16236515544288,43.672502431459726,174690.0097258389,61697.49107211828,75.5,98.4311243321396,169.28995629650979,57.737367101642306,230949.4684065692,60915.27780517936,68.0,74.34745924708962,25.512223092027345,12.764236432337203,51056.94572934881,17429.957818239927,70.0,79.18933620478329,54.0327905669057,24.675722608435898,98702.8904337436,31844.59488838911,69.0,84.439901523942,7.110502619893104,4.79192987899296,19167.71951597184,5297.5645288825035,37.0,63.30813325022096,9.327812513553086,5.546138201886788,22184.552807547152,7929.255906492472,60.0,87.73786833688347,7.785481943132231,5.001604693569243,20006.41877427697,5774.583388119936,65.5,81.20093217183543,24.807133479214954,10.628550477710087,42514.20191084035,10766.343120485544,57.0,64.2267617348062,47.011462019549796,20.350756501127034,81403.02600450814,28314.105980098248,84.0,98.31651126069812,83.16596470923314,44.03852818850428,176154.11275401711,67420.80179974437,93.0,116.89907997139734,41.850703099760565,17.35685376247857,69427.41504991427,20118.415355682373,52.0,63.90452350905328,13.900961901246243,9.222059417515993,36888.23767006397,9876.091033220291,45.5,65.49357977581386,37.35503414955407,15.311779226362706,61247.11690545082,18911.06627881527,60.5,76.59666593391844
P03,Ideal,0,LG_0,S_1,Trial_4,43,86000,90000,4000,2000,2.0,1.0,13,90301,65.08957844032037,36.48976562735625,145959.06250942498,52275.22412315011,86.0,100.33966137930841,196.07011594470825,72.00195969026535,288007.83876106143,79790.63633829355,76.5,76.17446150728823,27.330678597135204,13.82005907993298,55280.23631973192,17812.366411089897,58.0,84.85114931925641,48.51145645717141,23.357911086152306,93431.64434460923,31272.660568356514,65.0,79.9110530119455,6.917332206602708,4.489592167246156,17958.36866898462,5186.168570071459,34.5,57.948742040087126,9.320215308048232,5.658165760524571,22632.663042098284,7897.210493683815,57.0,85.6431799608781,8.05792500755702,5.456237390404567,21824.94956161827,6413.965672254562,51.5,71.7831704965129,29.88610365700931,12.580328647512943,50321.31459005177,13036.684319376945,51.5,58.23787055369403,62.02376550550848,28.580669642658904,114322.67857063562,41436.855122447014,93.0,100.07179929188162,75.68631703054386,40.41743011251092,161669.72045004368,60078.73993366957,82.0,105.53112338153242,58.32099377992866,26.28331950167194,105133.27800668776,26302.56963893771,38.0,53.916538697114,12.205784940731284,8.006187710515224,32024.750842060894,8382.77479633689,53.0,69.35489572317432,39.80571449815195,15.323278837196995,61293.11534878798,18094.671238213778,58.5,77.51989559595856
P03,Ideal,0,LG_0,S_1,Trial_5,0,0,4000,4000,2000,2.0,1.0,13,90261,1.3220833613687717,0.9952832167036831,3981.1328668147326,2486.7240339517593,81.5,141.92434358612212,2.450112308270611,1.5299826363683677,6119.930545473471,3538.7291572988033,105.5,137.93853215788224,1.6675302675902546,1.1865790714509785,4746.316285803914,3000.976610928774,128.0,161.64552501849377,8.087068435610936,5.077009075880051,20308.036303520203,10343.648865818977,110.5,141.74779928816903,1.0802593905044422,0.8110990020446479,3244.3960081785917,2101.568691432476,91.0,155.40049245062022,1.631409660632904,1.2415548845892772,4966.219538357109,2408.5942655801773,36.5,94.74050802670068,1.0462015524215684,0.7760677960468456,3104.2711841873825,2159.5556288957596,99.5,161.15697098100446,1.2066064583595186,0.90772908317158,3630.91633268632,2186.1075423657894,79.0,146.4205697151461,1.07576946120983,0.7974663874949328,3189.8655499797314,2233.717869967222,94.5,158.2458702747672,20.705651925604915,9.578024517209268,38312.09806883708,14585.240744054317,68.0,100.91388564948745,3.1264491243727255,2.132359182985965,8529.43673194386,4439.96824324131,105.0,140.35969470254352,1.1312683455535226,0.8444244764978066,3377.6979059912264,2349.6917448937893,130.0,180.97531141671587,1.1996019171247234,0.9094458398642018,3637.7833594568074,2252.0295344293118,61.0,138.75029118834712
P03,Ideal,0,LG_0,S_1,Trial_5,1,2000,6000,4000,2000,2.0,1.0,13,90261,1.4714776569851045,1.1190267690108158,4476.107076043263,2628.6394335329533,82.0,145.0342052520353,18.181776607850242,8.766973735881038,35067.89494352415,11634.010821580887,77.5,84.83106145551275,1.9227753171925728,1.4002590666874313,5601.036266749725,3402.3072570562363,130.0,164.4360973943464,9.410370512476,6.479348614695482,25917.394458781928,12656.106892973185,102.0,135.86884389637814,1.0809847949114348,0.8115199414314702,3246.079765725881,2211.133483797312,112.5,171.4343235364119,1.6144140231867248,1.2199149225139991,4879.659690055996,2459.256537258625,46.0,108.41483430382291,0.9936696829912557,0.7236731646116823,2894.692658446729,2119.8803558945656,122.5,175.17253111152823,1.2271202586359473,0.9225002636085264,3690.0010544341058,2243.48409101367,66.0,137.68701862940574,1.0905803033799746,0.8079165873583406,3231.6663494333625,2227.0035929977894,111.0,170.6008030769325,2.730973668698407,1.7430940544232727,6972.37621769309,3723.6769683659077,119.5,142.4595971208905,3.224966128421445,2.219067928008735,8876.27171203494,4801.6236163675785,115.5,145.20690255723545,1.0688984824466274,0.7980742203071713,3192.2968812286854,2246.2308406829834,124.0,170.1844048578074,1.2484689640766926,0.9479810973047279,3791.9243892189115,2264.542505145073,51.0,127.80485542599807
P03,Ideal,0,LG_0,S_1,Trial_5,2,4000,8000,4000,2000,2.0,1.0,13,90261,1.517525264452334,1.1471142299938948,4588.456919975579,2630.1654055714607,90.5,134.80930227372977,21.47149808894051,12.999897406250238,51999.589625000954,15985.472686588764,85.0,86.86781772782865,2.020365424801998,1.4700664506061003,5880.265802424401,3597.6316779851913,114.5,153.63170706035336,9.55294181611575,6.530537117831409,26122.148471325636,12719.587329775095,103.5,137.29199249673508,1.079586080474402,0.8024183575063943,3209.6734300255775,2159.250434488058,98.0,157.05739681930925,1.6391511887718389,1.2437623175908812,4975.049270363525,2403.7111550569534,30.5,100.26152614909948,0.9722820355933516,0.7123407621635124,2849.3630486540496,2065.5557513237,100.5,170.4472226414273,1.2277485658870275,0.9327882907935419,3731.1531631741673,2296.5879179537296,54.5,129.13734206834894,1.0587255119950052,0.7855592276784591,3142.2369107138366,2212.3542614281178,94.5,164.415429964878,1.9197610313023492,1.413751864049118,5655.007456196472,3244.2165538668633,112.5,137.8719060876908,3.037794509238319,2.1554721277207136,8621.888510882854,4681.3770197331905,90.0,129.64383039252724,1.0697355139698557,0.7975855277618393,3190.3421110473573,2252.3347288370132,127.5,181.26802443896912,1.254851815024127,0.953020429215394,3812.081716861576,2309.100888669491,66.0,142.0941220371254
P03,Ideal,0,LG_0,S_1,Trial_5,3,6000,10000,4000,2000,2.0,1.0,13,90261,1.3406623680089271,0.9999233924783766,3999.6935699135065,2390.2826011180878,85.0,136.61350613900942,13.113186490761882,7.042922210227698,28171.688840910792,9283.098299056292,81.0,86.49164115401726,1.7082641442584672,1.2140643075690605,4856.257230276242,3022.3402194678783,107.0,150.68744737637923,7.230685570824982,4.194787988706958,16779.15195482783,8477.690257132053,113.0,142.2333322647413,1.088196756587134,0.8035845053382218,3214.338021352887,2146.4322693645954,89.5,152.47463260644835,1.689594603525961,1.2883225704310461,5153.290281724185,2402.795571833849,36.5,84.83422112484581,1.0191238018548476,0.7541814276366494,3016.725710546598,2102.789469063282,135.5,179.93923856839717,1.1934952560670549,0.8885258313966915,3554.103325586766,2242.5685077905655,79.5,150.02081935305546,1.0688374583192357,0.7899217909900471,3159.6871639601886,2257.82822817564,100.0,168.27559579674804,1.7323154085306942,1.2954636236303485,5181.854494521394,2948.7883672118187,106.0,144.39225400098965,3.2654091777542016,2.31770248785615,9270.809951424599,4821.4612528681755,97.0,132.38102151527957,1.1093451907980818,0.82369284927845,3294.7713971138,2301.4710284769535,82.0,154.7803833145456,1.22656754420154,0.9261624820530414,3704.649928212166,2341.7566902935505,67.0,144.5575986711298
P03,Ideal,0,LG_0,S_1,Trial_5,4,8000,12000,4000,2000,2.0,1.0,13,90261,1.4955826870345452,1.084930411633104,4339.721646532416,2629.2498223483562,82.0,146.62134115202403,15.811000655876253,6.359884002432227,25439.53600972891,8553.988859057426,74.5,92.18024668320462,2.243324383460163,1.4480551432352513,5792.220572941005,3234.755527228117,103.5,150.03036538187715,9.261670180487089,5.034127163386438,20136.508653545752,9519.623965024948,92.5,127.33418673792849,1.0938221192733695,0.8111711805220694,3244.6847220882773,2189.7698752582073,81.5,149.7163637375393,1.6092434590893823,1.226173200889025,4904.6928035560995,2422.633208334446,38.0,103.4158853391073,1.0305226091058828,0.7691814657300711,3076.7258629202843,2155.58810159564,106.0,169.7339254259116,1.1903583888700562,0.8872897940455005,3549.159176182002,2172.6789884269238,72.0,143.58758567008053,1.107901930059316,0.8220705121057108,3288.282048422843,2230.6659258902073,95.0,165.053571116422,1.963538018777141,1.3911472587496974,5564.589034998789,2888.6650688946247,73.5,126.88571237296716,6.127457291798528,3.8309343765606174,15323.737506242469,6334.309931844473,64.5,94.27435060716208,1.0996455395670772,0.8243508484214545,3297.4033936858177,2240.1269525289536,117.0,171.47410659214626,1.2659867131081954,0.9493353593396023,3797.341437358409,2306.659333407879,63.0,134.92382341167743
P03,Ideal,0,LG_0,S_1,Trial_5,5,10000,14000,4000,2000,2.0,1.0,13,90261,9.8935320548504,4.851262342301197,19405.04936920479,8088.872581720352,89.0,106.78322858315718,168.94832221350427,63.22142162708333,252885.6865083333,61421.900521963835,60.5,70.63042393778754,64.87817584606853,23.91392745776102,95655.70983104408,18608.008231967688,38.0,50.1238389450726,23.527171080762265,14.16259280263912,56650.37121055648,18555.819988250732,51.0,78.81504577571921,2.1193751703400863,1.40385288343532,5615.41153374128,2480.0097569823265,53.5,86.6802095239179,2.5277150357286837,1.7250440560164861,6900.176224065945,2762.92497292161,37.5,81.64480067623956,1.7650734187310706,1.1987662471365184,4795.064988546073,2474.211063235998,48.5,119.89755071821648,3.6480504006606305,2.0898760069860147,8359.504027944058,3741.378244012594,65.5,99.43555630216802,5.837414470415619,3.1340299660456368,12536.119864182547,4892.571549862623,55.0,79.53127926236614,21.39438751925998,9.058701287745498,36234.80515098199,12687.84711137414,78.5,97.77834143543883,9.693070594689146,6.152213781024329,24608.855124097317,9196.423087269068,61.0,88.28638190537474,8.789344383925734,4.367256629338954,17469.026517355815,5396.7527113854885,36.5,57.99551486366462,14.001350950893277,4.681301407818682,18725.20563127473,5610.999185591936,49.0,67.44784673190972
P03,Ideal,0,LG_0,S_1,Trial_5,6,12000,16000,4000,2000,2.0,1.0,13,90261,13.9909493088311,8.674022429995238,34696.089719980955,13381.554000079632,78.5,98.48658383782625,205.88663953727027,90.19856525026262,360794.2610010505,88337.91092038155,60.5,67.4126071961827,70.18117427783027,32.292100227624175,129168.40091049671,27483.061607927084,36.0,45.514714005252586,33.77974090750917,20.023203360370825,80092.8134414833,26691.387314349413,49.0,71.71390406143153,2.724288471699619,1.942635651677847,7770.542606711388,2884.392347186804,45.0,79.25843168375272,3.8737477967226956,2.6138073668116704,10455.229467246681,3666.300419718027,53.0,74.94312964841342,3.2099766562184855,2.1684015362057836,8673.606144823134,3370.8722330629826,55.0,84.19760381529089,13.242842152692381,5.788184224301949,23152.736897207797,7558.4447011351585,57.5,70.41726494708574,34.072443075781564,14.889160965103656,59556.643860414624,19590.734224766493,79.5,89.5073476474757,38.119866088899116,20.662880996393504,82651.52398557402,28061.710204929113,72.5,103.3198800534685,38.45715848571732,15.544686354836449,62178.745419345796,16746.322344988585,47.5,52.484649010893975,10.765313860959887,6.860190110560507,27440.760442242026,7565.158978104591,58.5,76.6864768789777,29.27158459348941,11.200756230019033,44803.02492007613,12252.639885991812,49.5,67.27519507276435
P03,Ideal,0,LG_0,S_1,Trial_5,7,14000,18000,4000,2000,2.0,1.0,13,90261,29.16371919920356,15.231727191014215,60926.90876405686,22335.347533226013,75.0,93.51162437224961,166.56350908496393,64.687457260699,258749.82904279605,68707.50142261386,62.5,70.70670936315477,34.68097251293845,16.722195582580753,66888.78233032301,19390.831887722015,51.5,66.6196794596352,36.278787472886904,19.319694199529476,77278.7767981179,29344.137106090784,72.0,105.6265865843689,4.770536994678407,2.810203554201871,11240.814216807485,3842.0923985540867,38.0,66.27255065894441,6.1672246679506735,3.8823946553166024,15529.57862126641,5558.810941874981,66.5,97.42191257471684,6.233945403273313,3.9096464177127928,15638.585670851171,5220.350343734026,56.5,77.21559589677275,20.125657626207616,10.581530129048042,42326.12051619217,11844.289768487215,47.0,69.27352519973655,55.402424787904316,29.787486422329675,119149.9456893187,37997.314147651196,81.5,90.84516804600052,49.49488348416838,26.950402565475088,107801.61026190035,37129.951640963554,68.5,93.05929744673749,42.33168766033146,20.09891267004423,80395.65068017691,22568.21086630225,51.5,79.36615658897676,9.226612499705432,6.259735067933798,25038.94027173519,6770.127546042204,54.5,77.98922433966403,31.538285084334877,11.235065880138427,44940.26352055371,13290.606066584587,56.0,69.82574001572856
P03,Ideal,0,LG_0,S_1,Trial_5,8,16000,20000,4000,2000,2.0,1.0,13,90261,64.28896291166951,36.264907200250306,145059.62880100124,54279.13060411811,86.0,103.88081863774063,130.02275728732263,47.33629556467058,189345.18225868233,51181.10217154026,59.0,73.03182040339503,27.921741918941304,11.997521624108776,47990.086496435106,14431.117568165064,47.5,63.730233320001545,39.01366871511071,17.027538429212292,68110.15371684916,24402.42925658822,84.0,104.85951763133127,7.427221063260946,4.6852609237655995,18741.0436950624,5571.018718183041,50.0,73.94691014314454,9.785728660053174,5.828336210967973,23313.34484387189,8287.248946726322,68.5,94.99292285107418,8.118491002847856,5.12748716273345,20509.948650933802,6039.18693959713,56.5,71.95245891673008,23.078766033258457,12.25305594226811,49012.22376907244,13484.099321067333,55.5,66.46961598345376,54.78781834308253,27.790146694984287,111160.58677993715,35806.32349476218,82.0,94.70972199700218,60.155966908684974,31.48337334911339,125933.49339645356,44955.13625442982,87.5,109.10908759878144,33.81104836241527,18.665549165953415,74662.19666381367,22888.054605573416,46.0,71.79007533778801,12.02130994362472,7.536509806814138,30146.03922725655,7993.957120925188,60.5,75.29089452663973,26.964069189994273,9.15529569927603,36621.18279710412,10703.167878091335,45.5,62.408947987765586
P03,Ideal,0,LG_0,S_1,Trial_5,9,18000,22000,4000,2000,2.0,1.0,13,90261,75.28014307353263,45.378595021087676,181514.3800843507,68615.0275170803,86.5,106.67295085518295,158.47751327669633,54.49921384507324,217996.85538029298,51593.114621937275,59.0,66.746800885513,38.18100334860117,14.841258413856849,59365.033655427396,16644.082218408585,64.0,67.6448271967141,48.271197218620465,19.602592858672143,78410.37143468857,24986.571352928877,45.5,77.84778489227578,7.809433748620832,5.095366366906092,20381.465467624366,5653.4212082624435,64.5,75.63554540163364,9.973748387177181,6.058638467022684,24234.553868090734,8319.59955394268,58.0,90.34478167208393,7.677064738612681,4.855120381107554,19420.481524430215,5463.590286672115,55.0,71.80415805900547,23.66125099673866,11.203659964061808,44814.63985624723,11923.640314489603,60.5,71.46747291892316,46.482711066727845,20.759388770861552,83037.5550834462,28712.689876556396,95.5,104.96794785872284,74.95381545594442,39.21796199453529,156871.84797814116,56223.218981176615,85.0,101.23280092069551,41.34489513762477,21.33337468400132,85333.49873600528,23146.55426889658,37.5,62.615187133581514,13.162361419494177,8.485828647506423,33943.31459002569,8845.754712820053,63.0,75.38107375773863,34.55193088705308,11.489655087515711,45958.62035006285,12696.392554789782,66.5,74.34081919358307
P03,Ideal,0,LG_0,S_1,Trial_5,10,20000,24000,4000,2000,2.0,1.0,13,90261,62.310103794480185,36.319159359298645,145276.6374371946,54347.18895703554,86.5,101.5916009622302,208.23486933250774,83.95802801690297,335832.1120676119,82489.16529119015,71.5,73.98168041128085,42.09498140193713,18.37039912585169,73481.59650340676,20124.824438244104,51.5,68.89801490725216,55.32417615345701,25.257626561587678,101030.5062463507,32339.31502327323,66.5,92.41879549381323,6.7454378364636085,4.30598530410789,17223.941216431558,4657.571855932474,55.0,66.49456691159185,8.39046274756164,5.3626945414580405,21450.778165832162,6954.464968293905,59.5,86.69642261514244,7.875578145743217,5.135629368037916,20542.517472151667,5614.9667128920555,43.0,64.70634550567624,24.000576897140018,10.972946572990622,43891.78629196249,11034.303810447454,46.0,59.89226975403283,49.318191818207545,22.62942241157871,90517.68964631483,30701.641831547022,94.0,98.01383269582085,71.03198849332587,39.05659064220963,156226.36256883852,53722.150810062885,83.0,105.53341093955054,51.40352115647881,25.21171097853221,100846.84391412884,26486.60186678171,32.0,55.66123056326866,12.124412075378759,8.499060808843932,33996.24323537573,8521.333057433367,48.5,66.3541074471328,39.824520278115955,13.986190358689054,55944.76143475622,16522.004455327988,56.5,73.89266204564619
P03,Ideal,0,LG_0,S_1,Trial_5,11,22000,26000,4000,2000,2.0,1.0,13,90261,69.28319988486602,33.6386114308727,134554.4457234908,46466.76415577531,85.5,99.9917888850627,192.23012973926424,84.22530121831224,336901.20487324893,92578.89240980148,68.5,80.91562201824033,32.25898410730226,15.65210669869557,62608.42679478228,18811.26770749688,54.5,67.01755960990273,47.82428717421237,24.131454771850258,96525.81908740103,34345.66305950284,76.5,113.2985569672915,6.042118642232251,3.8453152514994144,15381.261005997658,4502.533096820116,39.0,60.39923006061407,8.66674919827616,5.3066404383280315,21226.561753312126,6936.458498239517,62.0,87.97754045047174,8.244790052317418,5.494702453131322,21978.809812525287,5707.135424017906,36.5,60.011730724968444,22.85539514721875,11.12273656053003,44490.94624212012,11512.543447315693,44.0,59.88005768469518,46.96437321556937,22.542810146138073,90171.24058455229,29920.0389534235,88.5,92.64593644632086,61.021371150906575,32.552890069782734,130211.56027913094,45089.11659941077,75.5,94.12003740840493,50.93578764768712,25.025542237237097,100102.16894894838,27168.406173586845,33.5,56.566057716620435,12.11801795876533,8.151017335196958,32604.069340787828,8348.28782826662,45.5,60.14388571860167,37.37796643819365,14.594676973647438,58378.70789458975,18143.197149038315,56.0,80.51136054137783
P03,Ideal,0,LG_0,S_1,Trial_5,12,24000,28000,4000,2000,2.0,1.0,13,90261,74.65430559373162,38.197628191951665,152790.51276780665,53326.31366327405,70.0,90.98640335257679,191.44764661570207,88.42447382062673,353697.89528250694,96712.4454677105,80.0,75.85055163209533,37.2951905371607,16.51990494669881,66079.61978679523,20017.70120114088,55.5,67.89015456996458,45.599137424817485,25.5738071286818,102295.2285147272,36701.76388695836,72.0,99.36085973277477,5.963912297718647,3.7527835116256028,15011.134046502411,4750.961344689131,59.0,74.00670321675148,8.74474507494158,5.121374309493694,20485.497237974778,7195.263355970383,65.5,85.55363754995211,7.2307277454349554,4.877873844979331,19511.495379917324,5427.882540971041,45.5,65.47164582016643,21.339609926666583,11.676101708319038,46704.40683327615,12796.801514923573,46.5,62.598023470231986,40.53824213317198,19.200970408541615,76803.88163416646,26873.283181339502,69.5,91.84057775824735,64.98115175517006,35.25451483845245,141018.0593538098,49143.319111317396,68.0,88.34374687885173,36.58644824242097,18.391393449157476,73565.5737966299,23481.352534145117,39.5,61.251129581654304,11.485847854985874,7.709728348255157,30838.91339302063,8285.417780280113,46.0,65.65267223065325,41.77611985782502,17.823280735348817,71293.12294139527,19884.94163379073,58.0,65.41017867682771
P03,Ideal,0,LG_0,S_1,Trial_5,13,26000,30000,4000,2000,2.0,1.0,13,90261,67.62976586721052,40.90969896406168,163638.79585624672,63882.072642445564,102.5,122.9441183546221,187.94161641335975,85.20919694497715,340836.7877799086,93283.89149159193,75.5,77.45198642746966,46.0516950676322,19.156394590786658,76625.57836314663,22227.919101715088,57.0,67.66014067917901,52.91715060194984,28.17855502839666,112714.22011358663,39598.364010453224,71.0,96.85950594307893,6.562274065297751,4.096201344381552,16384.80537752621,5321.36969268322,54.5,74.1341585919239,9.424550235063668,5.463208831811789,21852.835327247158,8074.8336389660835,78.0,109.36273644163066,6.423127928106138,4.376439166080672,17505.75666432269,5241.71395227313,63.5,87.00869234024692,16.761746998068148,8.779349292814732,35117.39717125893,10430.629272013903,67.0,79.46110032520673,30.46437827749651,12.912052307999693,51648.20923199877,17726.91197693348,85.5,116.94183363962982,70.84958518960651,40.11407297514379,160456.29190057516,55796.86239361763,76.5,97.58715733215126,25.371333325486265,13.12196624239441,52487.86496957764,19161.630887538195,78.5,98.23789423691613,11.44520299550793,7.373964600497857,29495.858401991427,8011.658396571875,58.5,70.50499280869673,40.98268825065434,18.58072015143698,74322.88060574792,20443.752594292164,60.0,69.93228574985665
P03,Ideal,0,LG_0,S_1,Trial_5,14,28000,32000,4000,2000,2.0,1.0,13,90261,64.94009610186464,37.56284358527046,150251.37434108183,57741.56115949154,85.5,104.58654603552083,189.2914281801215,81.49756714436225,325990.268577449,85915.5829064548,66.5,73.48428481831456,38.062079927749544,16.93730873260647,67749.23493042588,21011.71938702464,50.5,65.70189426301111,63.519678242944856,31.27003574385308,125080.14297541231,42752.85340845585,78.5,99.33168140226002,7.8853925195157295,4.819115795695689,19276.463182782754,6008.972693234682,67.5,78.13284312998061,10.358685291753263,6.05909328298876,24236.373131955042,8998.962305486202,80.0,105.82190143266813,7.161002151442532,4.8210471422062255,19284.188568824902,5664.713401347399,51.5,73.52415396558243,19.177761148715664,8.118137063086033,32472.54825234413,9208.325669169426,66.5,67.48656385292149,37.74158684981717,13.592953430104535,54371.81372041814,17114.081606268883,77.5,93.66780323166108,73.1760444886852,42.0150978108868,168060.3912435472,60617.4080632627,78.0,105.34333693803428,25.047143943231255,12.29867876758799,49194.71507035196,18238.11260983348,63.0,92.57822730245258,12.516132032782911,7.721738968975842,30886.955875903368,8138.619270175695,58.5,71.82781513262631,36.91867908827553,16.36651438998524,65466.057559940964,19515.961594879627,62.5,78.46377171561844
P03,Ideal,0,LG_0,S_1,Trial_5,15,30000,34000,4000,2000,2.0,1.0,13,90261,109.57916820296708,56.84350200853078,227374.0080341231,86579.07554879785,101.0,113.86138394675136,179.64136241245234,74.53006778070703,298120.2711228281,73999.57245215774,63.5,65.52829360421825,30.2523670850965,15.96364785300102,63854.59141200408,20642.739348113537,62.5,83.29883899417423,69.39540448946897,33.59112886528019,134364.51546112075,43349.81366991997,68.5,89.32306680919838,17.07362694062371,7.383401020837482,29533.60408334993,8475.248701870441,71.0,73.50536497407157,11.893703847985455,6.952876583999023,27811.50633599609,9918.8182502985,68.5,92.23261145359649,8.060433884247438,5.51806703065522,22072.26812262088,6147.225759923458,41.5,64.44076305930304,21.62524194415392,9.850110291084274,39400.4411643371,10080.26609197259,27.5,54.75945411990794,46.34598176001579,17.81091132045258,71243.64528181031,22373.4968341887,74.5,87.3404919974283,81.5369627530529,44.492286427062936,177969.14570825174,64371.90966680646,92.5,113.20481696601853,34.50178924596039,17.35642237018328,69425.68948073313,23769.456055015326,70.0,86.87813148550173,13.712919798493346,8.432302126311697,33729.20850524679,9007.812943309546,61.5,69.96208650635651,35.43598860827588,14.979037475481164,59916.149901924655,17968.62594783306,63.0,76.86886340706847
P03,Ideal,0,LG_0,S_1,Trial_5,16,32000,36000,4000,2000,2.0,1.0,13,90261,106.53979836119258,52.7101920761168,210840.7683044672,80807.84929916263,93.0,111.59075628887148,180.96909117303488,66.32370519454125,265294.820778165,67901.78818628192,47.5,66.03637667669452,34.411822522219765,17.970326643669978,71881.30657467991,21710.309386253357,68.0,75.25372682261305,56.59845322513355,27.6934431001544,110773.7724006176,36830.86112141609,70.5,83.82187740285349,16.796088772856944,7.106226702453569,28424.906809814274,8008.60645249486,67.5,72.20919920393389,10.827075808613117,6.358763633761555,25435.05453504622,9063.663519918919,64.5,91.95563651005855,8.365859324028332,5.471061598369852,21884.246393479407,5971.4337810873985,46.0,60.58175628290085,17.788715944663092,8.338633422821294,33354.53369128518,9282.487910240889,71.5,75.23688032794686,43.567551487087705,18.673961353860797,74695.84541544318,24234.5723323524,69.0,93.98782434729227,85.78079263065973,45.11021121722879,180440.84486891516,66126.77751109004,77.5,110.93481256567236,111.31522218812886,38.435817167442295,153743.26866976917,33360.800705850124,37.5,44.75618262349973,12.577624104624126,8.035923488344997,32143.69395337999,8650.7354862988,63.0,81.15053694318,33.84689453940316,13.784571760892868,55138.28704357147,15663.49258646369,68.5,74.69567162166105
P03,Ideal,0,LG_0,S_1,Trial_5,17,34000,38000,4000,2000,2.0,1.0,13,90261,53.006308228090965,28.074078513495625,112296.3140539825,39485.44207960367,77.5,96.06901359579602,179.61003899158882,61.30296740576159,245211.86962304637,64514.130260795355,61.5,75.08551623763923,27.658545378225423,13.559984003077261,54239.936012309045,16685.283463448286,65.5,74.33384115901545,35.35676652063144,17.611292890505865,70445.17156202346,25413.538329303265,64.0,102.93005918521219,7.604359768726127,4.847178154438734,19388.712617754936,5271.317809820175,35.5,60.481250957717904,8.469177042940654,5.121005367604084,20484.021470416337,7841.05472266674,71.5,101.93440863067775,9.000242820079919,5.7358933971147055,22943.57358845882,6193.310115486383,48.0,65.19813624587565,20.118641991896837,9.072742481308524,36290.969925234094,10872.245579957962,62.5,71.49374922794709,53.871338361139394,25.238802704610862,100955.21081844345,33503.02129983902,86.0,93.87975871894763,76.89523257610837,42.26468827720964,169058.75310883857,63635.17036661506,110.0,118.97390472902569,114.22022561019989,41.101420717604924,164405.6828704197,34358.4812246263,38.0,46.757773266405344,12.341015688714382,8.158032457553782,32632.129830215126,8553.073275834322,71.0,78.84699952127882,31.944857142162768,12.095434055838268,48381.73622335307,13603.125140070915,50.5,67.91440220897789
P03,Ideal,0,LG_0,S_1,Trial_5,18,36000,40000,4000,2000,2.0,1.0,13,90261,67.77736113487103,33.281043488299474,133124.1739531979,45336.01887524128,76.5,95.9722363737757,119.13285320352922,44.699526629550384,178798.10651820153,47611.243184655905,57.0,72.0536253547503,17.302061942888418,8.849417503504082,35397.67001401633,12159.250397235155,54.5,75.34347981334619,30.782433981560583,13.898395388619974,55593.5815544799,20352.499466389418,76.0,109.04545678640409,7.530826605880644,4.815387502661906,19261.550010647625,5377.830658107996,48.0,66.45426924175665,9.480763666907432,5.561530605540611,22246.122422162443,8303.729444742203,85.0,111.79968082218333,9.550381211766114,6.002229804289527,24008.91921715811,6424.342282116413,42.0,65.73224866334505,21.28902624729119,10.52790235960856,42111.60943843424,11627.601739019156,56.5,66.58246111547595,54.58497232771588,25.42119786965195,101684.7914786078,32374.4123801589,82.0,92.67021785183921,102.10430384730913,57.15858566877432,228634.3426750973,87496.48993834853,91.0,111.49411225603173,57.429754174252274,26.08455077110557,104338.20308442228,28922.968823462725,52.0,67.96828925590604,13.309497494537291,8.711059831432067,34844.23932572827,9245.86458131671,66.5,77.27070061180072,24.965163481325735,8.846946496982127,35387.78598792851,10860.342998057604,55.5,71.7584282871885
P03,Ideal,0,LG_0,S_1,Trial_5,19,38000,42000,4000,2000,2.0,1.0,13,90261,70.15306380750128,32.247789967153224,128991.15986861289,43996.21542543173,89.0,94.35759882636559,129.383548055212,44.36990556778619,177479.62227114476,44815.05202129483,47.5,63.77789760290229,16.77585853593717,9.083436836698093,36333.74734679237,13555.514812469482,72.5,90.52172992864806,41.51609323930761,18.64381066423375,74575.242656935,26568.39396804571,65.5,90.73741881337723,6.911131758960528,4.3463091915240515,17385.236766096205,5405.603349208832,67.0,77.70461630158194,10.595541301974713,6.099250725004822,24397.002900019288,8383.995573967695,58.0,88.8803328134652,9.220854448604566,5.846785823302343,23387.143293209374,5992.797389626503,48.0,64.89644610357051,20.012453211951794,9.80928416812094,39237.13667248376,10705.304238945246,61.0,69.58126670802298,46.581263568239564,20.49768929677084,81990.75718708336,25949.764903634787,77.0,86.59733332487676,116.56565564443237,66.60247197919526,266409.887916781,100283.52523222566,72.0,98.8247351302689,59.63855875717567,26.70407760301605,106816.3104120642,27845.022175461054,38.0,53.22914266966891,13.014159823052212,8.886837847623974,35547.351390495896,9154.611453413963,42.5,64.09852854889733,32.22142670271473,11.290421622165013,45161.68648866005,13195.08021697402,49.0,71.02840171202175
P03,Ideal,0,LG_0,S_1,Trial_5,20,40000,44000,4000,2000,2.0,1.0,13,90261,69.27129897236775,32.71831108485348,130873.24433941394,45887.505169957876,75.0,90.67754956773574,160.55292518652146,60.36408327631652,241456.3331052661,65258.19422677159,76.5,79.65919691784646,23.048782241279145,11.815093574370257,47260.37429748103,16071.842703968287,58.0,74.47632043079433,44.32390070965492,21.775942359212785,87103.76943685114,29371.60460278392,62.5,91.1295267384922,7.207525822670374,4.162403199716937,16649.612798867747,5260.636005550623,75.0,89.27347526081671,10.82865911991292,6.071674884296954,24286.699537187815,8151.74262970686,65.0,85.52863190566178,8.8903581459318,5.938250374631025,23753.0014985241,5832.875519990921,31.0,50.40220340751131,22.90064295034456,9.763769343472086,39055.07737388834,10910.70007532835,58.5,71.99372839461023,46.80346988302464,20.02883667689748,80115.34670758992,26382.2253793478,68.5,89.32161158403663,94.57249750446998,49.07546462826431,196301.85851305723,70494.1094852984,89.0,106.76255998788604,55.49973831853844,26.387354552862234,105549.41821144894,26301.348861306906,36.5,55.34839967594445,13.0474837859704,8.441781502764206,33767.126011056826,8953.793533146381,59.5,72.31638037957454,36.844251166974004,14.46314867498586,57852.59469994344,16720.68601474166,46.0,69.22591343981858
P03,Ideal,0,LG_0,S_1,Trial_5,21,42000,46000,4000,2000,2.0,1.0,13,90261,84.07709252494035,44.833561146538706,179334.24458615482,63452.664110809565,70.0,89.88977487650713,182.85747009355774,78.1821473618038,312728.5894472152,81683.45205485821,67.0,75.00612696735453,28.72029272463529,14.24309660200961,56972.38640803844,17695.171758532524,43.0,66.5682305654792,46.08830973861238,24.85597866587341,99423.91466349363,33868.033811450005,59.5,93.09228120710719,6.963749764516509,4.166714223322924,16666.856893291697,5074.772611260414,57.0,75.89252475401396,9.53543485495638,5.4802470344584435,21920.988137833774,7424.769550561905,64.5,95.62301643084325,8.053701438075874,5.179434455465525,20717.7378218621,5586.278438568115,54.0,69.74056718674287,27.225224009259726,11.667045674659311,46668.18269863725,12530.36679700017,54.0,67.28159761007527,50.636101355421786,19.75215185219422,79008.60740877688,27157.11398050189,72.5,87.55500476976714,65.87210927048986,34.815657259058206,139262.62903623283,50783.128663897514,93.0,105.38757395761536,50.6076656527512,25.722693778923713,102890.77511569485,30170.908756554127,37.5,59.281954433081495,12.380470511802327,7.892018030479084,31568.07212191634,8623.573184013367,47.0,67.11361925628655,37.72602487314914,16.067622361250688,64270.48944500275,18387.35267519951,63.5,73.78101737347947
P03,Ideal,0,LG_0,S_1,Trial_5,22,44000,48000,4000,2000,2.0,1.0,13,90261,70.97414404349497,37.514348499081095,150057.3939963244,53900.079149752855,83.5,103.86811681718287,193.68580081052733,88.86759687336162,355470.38749344647,96248.24477359653,82.0,83.76752218284314,30.97311841405384,15.774326644220855,63097.30657688342,19016.968738287687,46.5,68.74057661996885,44.80566104986394,24.45374903146876,97814.99612587504,34332.539699971676,64.5,96.62911002709775,6.201257718939042,3.982343916373793,15929.375665495172,4743.636678904295,61.0,77.74423307730655,8.225472828117574,5.061484446749091,20245.937786996365,6837.270315736532,73.0,99.39469887642328,7.022649850658746,4.664187478809618,18656.74991523847,4921.565018594265,52.0,73.33451972021052,24.55408800298791,10.600617368798703,42402.46947519481,11796.37424647808,71.0,75.02910581605391,49.193060969395894,18.83377274312079,75335.09097248316,26095.9530249238,99.0,109.71748556941256,59.42754716892335,34.41464256544132,137658.57026176527,51817.43251159787,88.0,108.55292958949711,56.609286226159,24.100772776908705,96403.09110763483,27989.989519119263,63.0,78.57060640424525,11.359517546929554,7.814213446748909,31256.853786995634,8316.242415457964,55.0,71.22318373650434,37.6123510444287,16.84318921882659,67372.75687530637,19532.136898487806,59.5,75.9956787780644
P03,Ideal,0,LG_0,S_1,Trial_5,23,46000,50000,4000,2000,2.0,1.0,13,90261,56.11753939945572,28.165515368431805,112662.06147372723,43048.586789518595,89.0,110.990102297734,228.66011028945832,101.31090440956177,405243.6176382471,106124.33580681682,61.5,71.26355912148975,24.061221576709332,12.636544084036723,50546.17633614689,16570.225171744823,61.5,81.14048240994599,42.56712681013182,23.231305306241847,92925.22122496739,29841.909185051918,56.0,80.20785938062235,8.092912620349649,4.980930137704126,19923.720550816506,5279.863253235817,44.5,60.15764642514661,10.706098195024548,5.94624791778624,23784.991671144962,7639.931607991457,57.0,83.13665560331003,6.175760650887558,4.139871192537248,16559.484770148993,4522.065538913012,46.5,63.80530482502288,15.750304380058497,7.155591096763965,28622.36438705586,8265.885338187218,71.0,78.5745898349728,33.513021872335706,13.36199195412919,53447.96781651676,17382.957879453897,74.0,93.61492911002263,55.94551079066025,32.52340039309347,130093.60157237388,46460.35507321358,86.0,106.0662878379883,58.45919261911611,24.05143050919287,96205.72203677148,24648.415949195623,49.0,54.79034188933711,10.40686738899124,7.387312163470779,29549.248653883114,7870.048191398382,45.0,62.47109930839174,46.07571464299718,20.270734641875606,81082.93856750242,24446.377251297235,55.0,72.61739004308717
P03,Ideal,0,LG_0,S_1,Trial_5,24,48000,52000,4000,2000,2.0,1.0,13,90261,57.58424867667506,31.03591546760872,124143.66187043488,44620.33798918128,58.5,90.24328073052527,310.7772271371676,141.32948125340044,565317.9250136018,144600.49998015165,61.0,73.83864667339739,41.324008050678856,19.002041527209805,76008.16610883921,23424.58637431264,50.5,67.60830123120304,72.91406236209619,37.508751309942454,150035.00523976982,47172.98401519656,63.0,90.37219761104792,8.421018631806882,5.3297455624560826,21318.98224982433,5654.336791485548,63.5,72.51574818066213,12.406250195997456,7.135159437498078,28540.63774999231,8373.618964105844,37.0,68.99013929798102,7.865911185475731,4.781069993786514,19124.279975146055,5714.7652842104435,67.0,81.37053748138035,16.799843948014253,8.823494672006927,35293.97868802771,10559.726506471634,62.5,82.2603070216702,35.01935762441108,16.833170144213362,67332.68057685345,23266.495671123266,85.0,101.10288199827868,48.98236713435913,30.282810422498734,121131.24168999493,43018.067348748446,86.0,101.3348551291524,55.65939012586065,27.63286704593338,110531.46818373352,27147.958148270845,44.0,54.1359614778183,14.073937075814877,9.164465799345635,36657.86319738254,9344.747569411993,59.5,75.50221412942484,46.97909120256522,20.27297057240503,81091.88228962012,24345.35790234804,55.5,72.71612115220513
P03,Ideal,0,LG_0,S_1,Trial_5,25,50000,54000,4000,2000,2.0,1.0,13,90261,91.67356162458205,47.1089429362677,188435.77174507082,61897.08821475506,82.5,92.88272571740103,272.12181652981,112.288352981559,449153.411926236,122070.13322040439,66.0,74.15423327693254,55.54196959554422,26.807546518580057,107230.18607432023,29979.55186292529,49.5,64.4239060480294,76.25762345106956,39.92099341168068,159683.97364672273,49319.72147896886,93.0,98.04431573705023,7.723777059735896,4.676313882658723,18705.255530634895,5781.297665089369,63.5,82.85885365761054,12.20003255676079,7.139008091576398,28556.03236630559,8970.884419977665,77.0,98.50493190696714,9.311678117440616,5.92054719151929,23682.18876607716,6646.218616515398,44.5,67.83282716167878,23.95571142455241,11.476488848170266,45905.95539268106,13796.923588961363,60.5,75.40703311776112,53.040403175272736,25.152445619844364,100609.78247937746,33868.339005857706,88.0,91.41606143009544,76.97419178291014,45.7075159287313,182830.0637149252,68900.6894826889,95.5,105.90458938439224,61.29177391619248,29.82070946590975,119282.837863639,27814.502734690905,46.0,57.36342869770836,15.088329005075895,9.896276782092173,39585.10712836869,10385.15530526638,48.0,62.916663899001826,38.52299183730523,16.7844767961069,67137.9071844276,18917.1701669693,56.0,68.67673545827432
P03,Ideal,0,LG_0,S_1,Trial_5,26,52000,56000,4000,2000,2.0,1.0,13,90261,109.34564421812098,57.759817278571425,231039.2691142857,82937.80107051134,91.5,105.15388366277568,176.91929676258277,60.667466889298524,242669.86755719408,64645.058661699295,70.0,75.9653241374151,40.18123352333924,17.095854061015416,68383.41624406166,20614.356268197298,46.5,57.19418764958082,49.360136136548235,26.096564253023825,104386.2570120953,30753.524880856276,47.0,73.9450348036137,8.156810753534184,4.898262967774644,19593.051871098578,6482.024025171995,57.5,85.31466731931602,12.474812352061269,7.158233279199339,28632.933116797358,9502.533078193665,65.5,85.1056129289116,8.373545109211234,5.408326980401762,21633.307921607047,6060.550548136234,50.0,65.3106970128051,23.25333707821352,10.416059901379048,41664.239605516195,11747.23794683814,48.0,68.29323009117314,47.592308373680545,19.30087469157297,77203.49876629189,26733.80933701992,97.0,111.74231480911232,92.02695027879017,54.57309935111552,218292.3974044621,84838.24664726853,99.0,115.93050069333233,55.221843069652095,25.003921120916495,100015.68448366597,25164.499692618847,43.0,57.02407257123482,13.301865568606274,9.20882710358128,36835.30841432512,9513.520076870918,53.5,70.06131667501303,38.43639087570084,16.83356621025596,67334.26484102383,18493.255134671926,60.0,69.17262071324105
P03,Ideal,0,LG_0,S_1,Trial_5,27,54000,58000,4000,2000,2.0,1.0,13,90261,93.14779502485348,49.26746120937169,197069.84483748674,72427.21086367965,87.0,100.63696452667051,172.87642064524678,66.7362103050109,266944.8412200436,71706.95206150413,73.0,78.11991170497133,18.781867264931847,10.69206513443496,42768.26053773984,15489.226579666138,69.0,91.41262028170034,52.87619253572753,26.759636261174457,107038.54504469782,33278.09302136302,72.0,89.89831409544044,7.442632405970577,4.627928552008234,18511.714208032936,6054.751854389906,58.5,76.46289355594881,11.476473864424847,6.615842083026655,26463.36833210662,8785.326220095158,69.5,88.59064093223526,7.563543791930342,4.8541780933737755,19416.712373495102,5608.252435922623,60.0,72.69325374545735,22.71663463748202,10.26366191317793,41054.64765271172,11126.777715981007,63.0,70.58197866139399,42.85076298757008,17.38861523004016,69554.46092016064,25082.707591354847,86.0,95.04660678249238,87.3865024456851,50.4780561432126,201912.2245728504,78321.12526521087,95.0,118.99102046545414,50.24220083965455,21.485094949870835,85940.37979948334,22290.789149701595,45.0,53.40819498650553,12.511671100708186,8.756695322319866,35026.78128927946,8174.937404692173,56.0,65.90936810860418,44.57948019354366,16.80369118747767,67214.76474991068,18492.339551448822,51.0,69.76904338078582
P03,Ideal,0,LG_0,S_1,Trial_5,28,56000,60000,4000,2000,2.0,1.0,13,90261,97.53006906020242,56.25293408208527,225011.73632834107,80660.4404002428,82.0,100.58585729669922,162.50820851209207,67.845904076437,271383.616305748,71780.19871935248,67.5,75.28749233610732,21.6151954216009,11.012845210148953,44051.38084059581,15214.856807142496,63.5,88.16703960176395,49.95125296554655,24.70448931772262,98817.95727089047,30903.070140630007,67.0,90.32645745555544,6.838803055152597,4.3946797583950685,17578.719033580273,5368.36963146925,51.5,69.44312485080852,9.578415010337727,5.535709174885414,22142.836699541658,7897.210493683815,76.0,93.43337428316154,7.028418714876791,4.6890888246241955,18756.355298496783,5120.8569668233395,27.0,53.78197347551065,22.05796370408744,9.671775661339051,38687.10264535621,10594.213474541903,57.5,69.21738406334481,49.9565588551706,20.617775208549574,82471.1008341983,26413.965597748756,97.5,94.29005993794044,71.9991918335217,42.95032685580664,171801.30742322654,63870.47525495291,92.0,112.93470936938706,49.272240730450854,21.060497617325744,84241.99046930298,22394.2500539124,49.0,63.89630537159654,9.61530042448647,6.615224064351059,26460.896257404238,6468.290276825428,60.0,73.65598162969607,43.552540593860485,15.097161445009988,60388.64578003995,17035.6466434896,50.5,64.58073019526206
P03,Ideal,0,LG_0,S_1,Trial_5,29,58000,62000,4000,2000,2.0,1.0,13,90261,97.61311111191313,58.370176947908476,233480.7077916339,84686.8702210486,90.0,111.16052565857548,157.15191918132572,62.140368443354966,248561.47377341986,63028.74907851219,57.0,69.9220669775697,21.536492675843228,10.454184939386323,41816.73975754529,13515.839539468288,62.0,72.403194091336,42.563319922190026,20.517662744782864,82070.65097913146,24884.331226348877,54.0,77.84696975504652,7.499238472997335,4.6173346437281,18469.3385749124,5458.0967873334885,55.5,70.79737257461642,9.720591280580065,5.788601425057277,23154.40570022911,8100.164774805307,73.0,93.81212989934137,6.954773212485431,4.7394086681772025,18957.63467270881,5115.668661892414,36.0,58.90194362034261,24.612122449524456,10.172436977608594,40689.74791043438,10637.856274843216,66.5,66.08404867375815,45.88966793804808,18.373177920933813,73492.71168373525,23204.541206359863,84.0,91.72082197468721,58.6786899126559,36.35145777827129,145405.83111308515,51966.6725769639,85.5,106.25280757184649,53.48117506480851,22.70923242776189,90836.92971104756,24548.312183469534,45.5,58.432150630350286,8.442816447460205,5.9159502007532865,23663.800803013146,6152.4140648543835,49.5,71.73809372125515,26.36585352690811,9.339712929865346,37358.85171946138,11475.30972957611,54.0,69.06010521930747
P03,Ideal,0,LG_0,S_1,Trial_5,30,60000,64000,4000,2000,2.0,1.0,13,90261,79.8569214453899,44.288773945369755,177155.09578147903,62703.7170343101,89.5,101.11508474400155,163.51227588617726,65.9787888953928,263915.15558157116,68365.37849158049,63.5,73.72112329716002,23.339943427050834,11.453125758469104,45812.50303387642,15327.168349176645,59.5,83.33249363847509,51.59120087014575,24.326074727787635,97304.29891115054,31646.523717790842,76.5,94.41183987190242,7.832785214658501,4.5857672416605055,18343.068966642022,5439.785122871399,62.0,72.24416712078374,10.106302996341896,6.152067287708633,24608.26915083453,8295.184001326561,69.0,91.92366743482661,7.296033193900593,4.863697984383907,19454.79193753563,5493.19414421916,44.0,70.1710290726524,25.419009716255303,11.040579370455816,44162.317481823266,11741.13405868411,65.0,65.96066290854546,47.12970646492319,20.566098928451538,82264.39571380615,27452.542167156935,73.5,88.39564475649868,78.19459782826331,46.071575852297244,184286.303409189,65637.24568113685,73.0,100.19893891301435,54.35848703001873,25.19961780272424,100798.47121089697,27716.840524226427,44.5,58.363795774067896,13.17445667237582,8.292147965508047,33168.59186203219,8372.70338088274,54.5,72.51014122458317,22.414097213840982,9.40710126660997,37628.40506643988,11203.07631790638,56.0,73.904018550956
P03,Ideal,0,LG_0,S_1,Trial_5,31,62000,66000,4000,2000,2.0,1.0,13,90261,80.2199053460284,43.707261327747254,174829.04531098902,60751.083213835955,77.0,94.7275121596987,224.6171059133458,99.23900042381138,396956.0016952455,101798.51027205586,66.0,74.6852344104198,41.356382317109706,19.446848261193374,77787.39304477349,22630.470525473356,48.0,68.62502644428218,61.8627826526037,28.886281708907337,115545.12683562934,40966.855734586716,66.0,100.30483333787434,8.419273413792727,5.1332402299158275,20532.96091966331,5785.875581204891,64.5,76.53649522261419,10.491588522953341,6.486451098951511,25945.804395806044,8856.741711497307,71.5,91.5597191910187,8.84295302667008,6.011826642439701,24047.306569758803,6023.011635988951,45.5,59.93509646952532,23.552112469999397,11.382667433028109,45530.66973211244,13636.391330510378,59.0,74.15466816414028,53.484259179568625,25.89416588351596,103576.66353406385,35561.557579785585,79.5,95.93837616815246,80.88705515074729,46.16585589833558,184663.4235933423,66695.35469263792,75.5,101.07238323907735,40.439921748739344,22.898709705332294,91594.83882132918,30787.09626570344,56.0,73.83250590598148,15.392853959285823,9.79553329073824,39182.13316295296,9721.357468515635,38.5,56.02990059026962,32.338773010133615,14.687358792871237,58749.43517148495,16152.41402760148,50.5,70.4623813617055
P03,Ideal,0,LG_0,S_1,Trial_5,32,64000,68000,4000,2000,2.0,1.0,13,90261,82.78699272792471,44.871087240520865,179484.34896208346,62443.38620454073,82.0,101.68323184176533,246.13087576409154,99.84201360596344,399368.05442385375,107386.61987707019,78.5,84.07850340593357,41.20463120707543,19.41385876763379,77655.43507053517,22638.710774481297,59.5,80.11484233297323,55.04537634295463,26.145043545402586,104580.17418161035,37286.82156652212,59.0,95.72174402152709,7.7320566193347195,4.910656073386781,19642.624293547124,5802.05088481307,57.5,71.18568578350002,10.671888954480178,6.424765434162691,25699.061736650765,9136.604983359575,74.0,102.39990589267862,8.840311302900187,6.061122787650675,24244.4911506027,5979.368835687637,53.5,69.11848851612957,22.537101775497877,10.929177117010113,43716.70846804045,13073.918037116528,69.5,76.76491727058098,47.20008476137552,21.58269444288453,86330.77777153812,29201.000928878784,78.0,92.69213308772164,66.91337885717229,35.6540024537011,142616.00981480442,52496.18487432599,84.5,105.13085924549338,40.05076965969823,22.078183133585846,88312.73253434338,31390.16041532159,81.5,104.89336723951135,12.707888672475647,8.386200374667533,33544.80149867013,8341.573551297188,52.0,65.85272585290919,41.81031434185568,16.317329640733078,65269.31856293231,17601.782269775867,54.0,65.36845944612024
P03,Ideal,0,LG_0,S_1,Trial_5,33,66000,70000,4000,2000,2.0,1.0,13,90261,86.63590456445617,44.79964061928913,179198.56247715652,64828.48050072789,75.5,96.22826285545757,221.84001940328693,86.66146716632647,346645.8686653059,96210.70586144924,70.5,75.43382920258584,20.35682662331525,10.58784635621123,42351.38542484492,15741.011966019869,83.5,104.85084041089915,38.35713906188466,21.442587129422463,85770.34851768985,27801.989763975143,54.5,80.36780769150386,5.535028594826285,3.625246736174449,14500.986944697797,4591.955058276653,48.0,78.07442002586549,8.340375139655228,4.880501759576146,19522.007038304582,6814.38073515892,61.0,96.51998646320915,6.962732215981684,4.6806165897171015,18722.466358868405,5033.571366220713,49.5,67.57855999704195,19.63918325526187,9.026832887693308,36107.33155077323,10328.999534249306,50.5,71.292991377125,37.363635428504104,15.41841232124716,61673.64928498864,19888.298772275448,72.5,83.71340940280396,94.34198339026291,51.87877887650393,207515.11550601572,80787.09607943892,77.0,107.0488381575742,39.70613668432518,19.82955346485833,79318.21385943331,24435.08505821228,44.0,69.8033759424559,12.327075126964575,8.30456632595742,33218.265303829685,8817.676827311516,46.5,67.43630658044026,43.63962386291543,15.99329748970922,63973.18995883688,16735.945735126734,49.5,65.13619288916196
P03,Ideal,0,LG_0,S_1,Trial_5,34,68000,72000,4000,2000,2.0,1.0,13,90261,78.08525857206163,40.91733946790919,163669.35787163675,59517.792612314224,72.0,98.5594287434377,220.9640683443549,89.12390272298362,356495.6108919345,91080.99825680256,69.5,76.55528657897975,67.86169500629262,18.38844328741543,73553.77314966172,19938.655849546194,47.5,53.02529476716003,37.975480929632866,20.549387245671824,82197.5489826873,26543.67322102189,65.5,92.32206121157584,6.663124066123174,4.216566318296827,16866.26527318731,4664.5913273096085,51.5,66.88287200038972,7.903911309453681,4.618229244835675,18472.9169793427,6268.387939780951,69.5,92.53513722197131,6.220501764326563,4.192327778437175,16769.3111137487,4677.714686840773,56.0,81.38973076185277,16.931352340653852,7.2618389981566,29047.3559926264,8352.25535556674,67.5,70.22028401727415,44.0333669982869,16.898509863496294,67594.03945398517,21737.77688294649,86.5,93.16072755606544,143.60506666373618,84.61930567268283,338477.2226907313,137515.7169997692,94.5,121.56024911660977,33.435006086286116,19.14598151019309,76583.92604077235,21955.075301229954,46.5,74.94593417967454,15.003425155012836,10.052197858237196,40208.79143294878,11137.154325842857,54.5,73.99382093755418,37.2736155388875,14.959277320210822,59837.10928084329,16710.61459928751,44.0,73.40270063539857
P03,Ideal,0,LG_0,S_1,Trial_5,35,70000,74000,4000,2000,2.0,1.0,13,90261,53.0762051765364,31.7881563547533,127152.6254190132,47997.00891599059,91.5,108.16630085542074,226.37198730087476,82.79459569046739,331178.3827618696,88120.91769650578,75.5,79.55006447134241,70.69332309972793,21.72424105317332,86896.96421269327,22963.132429867983,46.5,53.27756685614504,41.78450838265916,21.548269314831124,86193.07725932449,31138.68022337556,71.0,99.81881028103832,7.529526583892981,5.119742625742219,20478.970502968878,5416.285153478384,33.5,58.69529610271314,10.123123545365022,5.978192082350143,23912.76832940057,8086.125832051039,69.0,91.4623006282744,8.29498664126184,5.527802579663694,22111.210318654776,5662.577040493488,59.0,76.56683865973704,18.786509686221432,8.496053804643452,33984.21521857381,8977.598696947098,53.0,64.51518672269846,60.25100333777243,24.104811910446735,96419.24764178693,30754.74565848708,85.0,92.22423601907505,144.25839695856104,88.37093173451721,353483.72693806887,150739.48549106717,99.0,123.94069164583718,63.317323541910234,30.820054667582735,123280.21867033094,32078.068610280752,52.0,59.21997569278384,16.4279806142963,10.86842454597354,43473.69818389416,11406.030599027872,49.0,70.40389429829214,36.697326411777105,15.2395570679917,60958.2282719668,18418.48250478506,51.5,76.44207827742939
P03,Ideal,0,LG_0,S_1,Trial_5,36,72000,76000,4000,2000,2.0,1.0,13,90261,53.98181808154962,32.13029912342317,128521.1964936927,47725.691087543964,76.5,102.9381110356976,223.23603119430882,81.03987258463167,324159.49033852667,86163.70595991611,76.5,78.39548751824364,27.517664853182737,13.932216269895434,55728.86507958174,18363.852705806494,49.0,75.62906344679,47.10056378481911,24.02829940539086,96113.19762156345,34274.24756810069,77.5,104.62048037879502,7.6572497845860745,5.1691721409093585,20676.688563637435,5515.7785303890705,31.5,52.822074384395194,10.556458470145698,6.355078640184365,25420.31456073746,8556.430414319038,54.0,85.25402367268434,8.979219631015928,5.869029459916055,23476.11783966422,6195.141281932592,23.0,50.381711724893066,21.992617624716782,10.401150887517725,41604.6035500709,11278.154142200947,58.5,71.62602337327273,58.215101797817454,25.204282394051553,100817.1295762062,32012.14661821723,69.0,88.60108808262942,101.94377594235883,59.307049464713785,237228.19785885513,97697.91821017861,113.5,135.32169906971117,71.80192839809305,32.94685912160203,131787.4364864081,32787.64560818672,58.0,58.85272163785515,13.996347335292272,9.247097719321028,36988.39087728411,9313.922934234142,56.5,71.72918149038821,44.216893679923544,16.83137132837437,67325.48531349748,18442.287668585777,56.5,75.95329415657932
P03,Ideal,0,LG_0,S_1,Trial_5,37,74000,78000,4000,2000,2.0,1.0,13,90261,78.7671829469329,44.19780300784623,176791.21203138493,63228.34622114897,78.0,94.30543871203363,192.8426503708412,74.92286740385461,299691.46961541846,77865.47001451254,76.0,76.14908511217077,24.199663019247367,12.735241513932124,50940.966055728495,16730.75743019581,64.5,81.75474004729469,45.73810245461569,23.78637652891921,95145.50611567684,32273.393031209707,62.0,99.1047596778648,8.055807062848713,5.095197174756322,20380.78869902529,5690.654926002026,34.5,58.63310749838799,9.766008604986094,5.918259606836363,23673.038427345455,8716.35228395462,70.0,98.9497684678708,7.636130824250636,4.811295913835056,19245.183655340225,5911.9208715856075,53.0,70.03571583088969,28.38999362925448,11.999820043193177,47999.280172772706,12010.92591509223,41.5,53.68970640135968,51.679567720874836,21.378188973036593,85512.75589214638,26405.114959925413,65.0,83.9758899201808,77.31452301413236,38.851033243536946,155404.1329741478,58618.38469281793,86.0,107.0052099379998,47.81473869727718,21.689278019976335,86757.11207990535,24266.922939568758,63.0,75.95430057023775,10.077733197944674,7.126586068794131,28506.344275176525,7343.893032521009,51.5,73.86794217762812,43.5702896130502,15.59581755772233,62383.27023088932,16135.323140770197,50.5,57.34120028985071
P03,Ideal,0,LG_0,S_1,Trial_5,38,76000,80000,4000,2000,2.0,1.0,13,90261,81.27334934636,46.22661316173617,184906.45264694467,67552.95097827911,80.0,101.89855163972594,171.73646002266952,68.44436890818179,273777.47563272715,70516.0834826529,69.0,76.8532656815819,19.771222552708675,9.935414798487908,39741.65919395164,13691.326323896646,47.0,65.50037562294688,39.37961226482641,19.917387156467885,79669.54862587154,24968.87007728219,59.0,87.81598390744071,7.135860623119391,4.494849942054134,17979.399768216535,5760.849639773369,54.5,77.69246807107403,10.352031221656567,6.136958829301875,24547.8353172075,9259.293135255575,69.0,101.45255891328273,7.395408012913273,4.6095380710903555,18438.152284361422,5910.089705139399,55.5,77.56830492869955,27.641626769520148,11.443159596936312,45772.638387745246,11128.608882427216,43.0,61.70566716608489,52.47143806878781,20.894722576742062,83578.89030696824,26517.426501959562,85.0,96.9475510460407,60.40763933127532,31.469973330851644,125879.89332340658,47883.171401917934,102.5,124.38480462767903,39.480361039337176,19.637000781390817,78548.00312556326,22700.9704336524,37.5,60.91787105403528,10.492330625651428,6.886795738246292,27547.182952985168,7273.698318749666,55.0,72.65031405999433,40.5789095426189,14.195650316402316,56782.601265609264,14834.584575146437,50.0,63.8608678762747
P03,Ideal,0,LG_0,S_1,Trial_5,39,78000,82000,4000,2000,2.0,1.0,13,90261,73.02569571419119,41.4913628818118,165965.4515272472,62076.84772089124,80.0,102.31125944164091,140.17224527982205,45.656690454343334,182626.76181737334,44368.85779723525,52.0,63.01883080559138,12.386444884505515,6.944102473673411,27776.409894693643,10742.537956684828,67.0,90.87705291657376,35.81761948904315,15.848140925518237,63392.56370207295,18646.767921745777,53.0,76.73579535004303,6.72843925645411,4.501626860175747,18006.50744070299,5458.40198174119,52.0,74.02244259133914,10.127280035668534,5.924622261698824,23698.489046795294,8812.793716788292,66.5,96.62266009298806,7.686189974976466,4.8901012681773866,19560.405072709545,5645.486153662205,35.5,58.351197456901446,17.96921783087813,8.632418862427585,34529.67544971034,9491.851273924112,56.0,67.79627003046237,44.12567750855005,19.62931308685802,78517.25234743208,25990.355759859085,84.0,97.12210496373264,96.05057716678981,49.5734134910861,198293.6539643444,79235.18251627684,86.0,118.57376683252701,43.2750670265209,21.015445352951065,84061.78141180426,23347.06699475646,41.5,66.85267762467528,13.690375067611873,8.218163385731168,32872.65354292467,9233.351610600948,66.0,80.78239972440113,31.812568771463727,9.810688787233085,39242.75514893234,10377.525445073843,57.0,66.29989500372069
P03,Ideal,0,LG_0,S_1,Trial_5,40,80000,84000,4000,2000,2.0,1.0,13,90261,81.99239488636708,46.862430698890236,187449.72279556096,68507.90427997708,86.5,104.67380721050799,124.80852490960535,39.239431505533865,156957.72602213547,46412.43955120444,84.5,90.11670977270875,19.799201066930767,10.4837662888458,41935.0651553832,14443.020150065422,55.5,80.68820496965,47.063878281802715,21.893538189819083,87574.15275927633,28319.599479436874,74.0,93.68433384479775,8.079171591218923,4.904245235957205,19616.98094382882,5312.824249267578,56.0,72.24811983291556,9.492918166538413,5.603126238053664,22412.50495221466,8244.826924055815,81.0,107.38278204031454,7.900501598616612,5.200750072184019,20803.000288736075,5486.174672842026,51.0,69.4141633600566,21.123238493439796,10.073035120870918,40292.14048348367,10698.895156383514,57.5,70.40834731109136,45.58711623524277,20.07021062382264,80280.84249529056,26187.206152826548,84.0,95.13051933714547,104.25440408688762,53.10945281747263,212437.81126989052,82992.43086948991,66.0,92.98179483692763,37.45454908555901,18.990724765975028,75962.89906390011,22592.32122451067,47.0,72.59912920183265,13.682546712072321,8.825460352888332,35301.84141155332,9488.188941031694,57.0,70.62327710930549,23.984857034067613,9.624214813380968,38496.85925352387,11045.290809124708,51.5,73.47329222735385
P03,Ideal,0,LG_0,S_1,Trial_5,41,82000,86000,4000,2000,2.0,1.0,13,90261,97.42539592149936,55.76766032450833,223070.6412980333,77718.36631000042,77.5,97.78075041781283,160.69956530671405,60.57554530934431,242302.18123737723,71154.55018356442,75.0,83.49377972083144,20.477515839157967,11.75311232879758,47012.449315190315,16115.180309861898,73.0,99.80584582650867,48.8533301583997,25.737746310455258,102950.98524182104,34920.95451802015,62.5,93.82291483541204,7.134809419045873,4.0048035543295555,16019.214217318222,4689.006879925728,62.0,70.7763155618782,8.87847214080588,5.0418490778421985,20167.396311368793,6966.062355786562,75.5,96.16543743149516,7.245293969040305,4.671452250191942,18685.809000767767,5133.980326354504,47.5,63.250719361154864,26.283426151249376,11.880986801860853,47523.947207443416,12005.737610161304,58.0,68.32561087940555,49.25350446753855,21.41925837409217,85677.03349636868,27022.828441113234,90.0,93.03224005942741,78.30636022432567,39.498393004294485,157993.57201717794,59801.62341147661,91.0,114.25085606046689,41.575130289750184,19.292570656933822,77170.28262773529,22498.32134693861,62.0,79.25823897941032,10.98460118884047,7.68461306116078,30738.452244643122,8130.379021167755,49.5,66.46254692067282,35.46737408485859,14.002419147617184,56009.676590468735,15119.941346347332,42.5,54.5991350880028
P03,Ideal,0,LG_0,S_1,Trial_5,42,84000,88000,4000,2000,2.0,1.0,13,90261,89.70719121660238,49.76206907086307,199048.2762834523,69194.89689171314,68.0,95.47188842034494,168.77979700176235,60.6896341510117,242758.53660404682,61294.32925954461,62.0,66.52374097140138,13.373559029308476,8.148154192010406,32592.616768041626,12420.191615819931,77.0,98.36777636303304,41.669836562138144,22.174249139148742,88696.99655659497,29806.811828166246,49.0,88.43560499606879,5.652901159676538,3.474394862842746,13897.579451370984,3894.5858366787434,47.0,65.58170704463703,7.369114623390879,4.274118925968651,17096.475703874603,5729.109421372414,63.0,85.16670359073714,7.028638008110566,4.426905159605667,17707.620638422668,4598.669335246086,46.0,63.98201143273658,25.229917058453807,10.660871328471694,42643.48531388678,10946.407821029425,59.5,65.62070894757998,48.94559685759593,20.256186825595798,81024.74730238318,25600.317306816578,78.5,91.49162297382003,95.46585782863117,52.42008171126945,209680.3268450778,84149.72806349397,89.5,108.11346123803737,51.76361291697614,23.48686728264438,93947.46913057752,24673.441890627146,53.0,62.03422809069468,10.974623857507213,7.131074868142605,28524.29947257042,7694.561406970024,53.0,71.67649438087622,42.77135813437989,15.720404591073748,62881.61836429499,16425.868216902018,58.0,67.23885359916947
P03,Ideal,0,LG_0,S_1,Trial_5,43,86000,90000,4000,2000,2.0,1.0,13,90261,52.66101004465395,27.716620784252882,110866.48313701153,38363.85263130069,71.5,91.3484939540201,199.2047710388525,59.188508942967744,236754.035771871,57005.43224811554,62.0,69.93264107665706,17.143322645849036,8.305221425753553,33220.88570301421,12170.237395912409,45.5,74.48754265206726,41.13379840593807,20.620078358147293,82480.31343258917,28842.09230542183,79.0,99.18761047802526,7.192372191689854,4.182692790986039,16730.771163944155,4624.9160543084145,33.0,55.77309810764046,8.563848072258873,4.992453057761304,19969.812231045216,6792.101543396711,67.0,94.63195767486498,7.3889439099589636,4.561467357724905,18245.86943089962,5128.792021423578,50.0,65.03990048272445,20.31927965564981,8.607855137926526,34431.420551706105,10004.88307327032,67.5,72.87502272948598,53.342667641508484,20.628918848256582,82515.67539302632,27277.97096595168,92.0,101.30920171719889,93.15569162093784,52.59009521548869,210360.38086195476,82654.58066016436,85.5,107.31321494954663,47.844686943915896,22.865910042694303,91463.64017077722,24364.585150033236,48.0,65.66128357982703,11.860058710338256,7.508044095512014,30032.176382048056,7888.970244675875,42.0,58.42241308772765,52.47260057659784,18.992149756813888,75968.59902725555,20984.86227914691,69.5,72.76678093058945
