source_family,source_package,source_kind,feature_schema,person_id,session_id,unit_id,unit_type,label,fatigue_level,condition,trial_name,duration_s,row_count,rms_mean,mav_mean,wl_mean,zc_mean,ssc_mean,fatigue_mean,fatigue_max,source_dataset,recording_system,log_rms,log_mav,log_wl_per_sample,rms_mav_ratio,zc_density,ssc_density,angle_range_common,active_ratio,z_log_rms,z_log_mav,z_log_wl_per_sample,z_rms_mav_ratio,z_zc_density,z_ssc_density,z_angle_range_common,z_active_ratio
local_logged,similarity_matching_dataset_20260718,self_collected_matching_unit,legacy_rtthread_features,subject_11,session_20260717_211628,session_20260717_211628_w001,window_5s,unmarked,none,,,5.0,83.0,881.434,697.072,154054.133,0.0,0.0,0.0,0.0,self_collected_rtthread,STM32F407/ADS1292R/MPU6050 live log,2.945189799,2.843277638,3.268595262,1.26448057,0.0,0.0,1.0,0.0,-1.72401237,-1.66200369,-1.459700685,-0.514040059,-0.757220588,-1.039426604,-1.292484255,-1.587663021
local_logged,similarity_matching_dataset_20260718,self_collected_matching_unit,legacy_rtthread_features,subject_11,session_20260717_211628,session_20260717_211628_w002,window_5s,unmarked,none,,,5.0,83.0,804.373,637.072,143426.904,0.0,0.0,0.0,0.0,self_collected_rtthread,STM32F407/ADS1292R/MPU6050 live log,2.905457484,2.804188518,3.237552531,1.26260925,0.0,0.0,0.0,0.0,-1.775487547,-1.714340242,-1.500053817,-0.516841662,-0.757220588,-1.039426604,-1.349425924,-1.587663021
local_logged,similarity_matching_dataset_20260718,self_collected_matching_unit,legacy_rtthread_features,subject_11,session_20260717_211628,session_20260717_211628_w003,window_5s,unmarked,none,,,5.0,83.0,794.241,627.795,140745.169,0.0,0.0,0.0,0.0,self_collected_rtthread,STM32F407/ADS1292R/MPU6050 live log,2.899952302,2.797817852,3.229355404,1.265127948,0.0,0.0,0.0,0.0,-1.782619782,-1.722869948,-1.510709444,-0.513070853,-0.757220588,-1.039426604,-1.349425924,-1.587663021
local_logged,similarity_matching_dataset_20260718,self_collected_matching_unit,legacy_rtthread_features,subject_11,session_20260717_211628,session_20260717_211628_w004,window_5s,unmarked,none,,,5.0,83.0,842.06,666.157,146050.928,0.0,0.0,0.0,0.0,self_collected_rtthread,STM32F407/ADS1292R/MPU6050 live log,2.925343038,2.823576596,3.245426228,1.264056371,0.0,0.0,1.9,0.0,-1.749724829,-1.68838148,-1.489818624,-0.514675139,-0.757220588,-1.039426604,-1.241236753,-1.587663021
local_logged,similarity_matching_dataset_20260718,self_collected_matching_unit,legacy_rtthread_features,subject_11,session_20260717_211628,session_20260717_211628_w005,window_5s,Squat,medium,,,5.0,81.0,34187.901,16262.099,3048899.395,0.753,12.963,18.185,67.0,self_collected_rtthread,STM32F407/ADS1292R/MPU6050 live log,4.533872438,4.211176601,4.575658075,2.102305551,0.009296296,0.160037037,45.1,0.741,0.334204464,0.169480786,0.239379174,0.740289847,-0.546013836,-0.337033682,1.218643346,0.15403699
local_logged,similarity_matching_dataset_20260718,self_collected_matching_unit,legacy_rtthread_features,subject_11,session_20260717_211628,session_20260717_211628_w006,window_5s,Squat,medium,,,5.0,82.0,71678.098,40968.402,8272488.512,5.622,31.768,34.951,70.0,self_collected_rtthread,STM32F407/ADS1292R/MPU6050 live log,4.855386473,4.612449024,5.00382232,1.749594675,0.068560976,0.387414634,24.2,1.0,0.750741778,0.706745769,0.795959346,0.212237079,0.800447226,0.660912903,0.028562465,0.762809328
local_logged,similarity_matching_dataset_20260718,self_collected_matching_unit,legacy_rtthread_features,subject_11,session_20260717_211628,session_20260717_211628_w007,window_5s,Squat,medium,,,5.0,81.0,56942.741,35917.741,6532836.617,6.395,41.679,28.58,70.0,self_collected_rtthread,STM32F407/ADS1292R/MPU6050 live log,4.755438369,4.555309014,4.906616778,1.585365321,0.078950617,0.514555556,20.4,1.0,0.621254072,0.630240819,0.669599712,-0.033635024,1.036494178,1.218926756,-0.187815877,0.762809328
local_logged,similarity_matching_dataset_20260718,self_collected_matching_unit,legacy_rtthread_features,subject_11,session_20260717_211628,session_20260717_211628_w008,window_5s,Squat,medium,,,5.0,81.0,49667.778,33621.074,6480127.741,7.741,41.741,25.864,70.0,self_collected_rtthread,STM32F407/ADS1292R/MPU6050 live log,4.696074731,4.526611583,4.903098548,1.477281124,0.095567901,0.515320988,26.8,1.0,0.544345547,0.591817733,0.665026287,-0.19545073,1.414029766,1.222286191,0.176610804,0.762809328
local_logged,similarity_matching_dataset_20260718,self_collected_matching_unit,legacy_rtthread_features,subject_11,session_20260717_211628,session_20260717_211628_w009,window_5s,Squat,medium,,,5.0,81.0,59232.864,39734.481,7214768.519,9.037,48.741,33.062,67.0,self_collected_rtthread,STM32F407/ADS1292R/MPU6050 live log,4.772562732,4.599167545,4.949737383,1.490716942,0.111567901,0.601740741,21.2,1.0,0.643439531,0.688963152,0.72565314,-0.175335612,1.777541001,1.601577284,-0.142262542,0.762809328
local_logged,similarity_matching_dataset_20260718,self_collected_matching_unit,legacy_rtthread_features,subject_11,session_20260717_211628,session_20260717_211628_w010,window_5s,Squat,medium,,,5.0,82.0,74575.561,45551.146,7936800.573,9.098,41.695,36.537,70.0,self_collected_rtthread,STM32F407/ADS1292R/MPU6050 live log,4.872596529,4.658499308,4.985831616,1.637182981,0.11095122,0.50847561,21.8,1.0,0.773038256,0.768402647,0.772572832,0.043942563,1.763530346,1.192242239,-0.108097541,0.762809328
local_logged,similarity_matching_dataset_20260718,self_collected_matching_unit,legacy_rtthread_features,subject_11,session_20260717_211628,session_20260717_211628_w011,window_5s,Squat,medium,,,5.0,81.0,48836.605,35131.543,6709991.395,9.704,41.617,28.074,68.0,self_collected_rtthread,STM32F407/ADS1292R/MPU6050 live log,4.688745465,4.545697225,4.918236944,1.390107033,0.119802469,0.513790123,21.5,1.0,0.534850121,0.617371563,0.684705023,-0.325961364,1.964625874,1.215567316,-0.125180041,0.762809328
local_logged,similarity_matching_dataset_20260718,self_collected_matching_unit,legacy_rtthread_features,subject_11,session_20260717_211628,session_20260717_211628_w012,window_5s,Squat,medium,,,5.0,81.0,53681.173,35704.938,6476656.148,8.074,36.58,26.284,70.0,self_collected_rtthread,STM32F407/ADS1292R/MPU6050 live log,4.729821997,4.552728283,4.902865822,1.503466355,0.099679012,0.451604938,22.6,1.0,0.588066797,0.62678547,0.664723762,-0.156248129,1.507431956,0.942640283,-0.062544206,0.762809328
local_logged,similarity_matching_dataset_20260718,self_collected_matching_unit,legacy_rtthread_features,subject_11,session_20260717_211628,session_20260717_211628_w013,window_5s,Squat,low,,,5.0,81.0,45567.099,29971.309,5146188.235,4.988,30.556,25.049,47.0,self_collected_rtthread,STM32F407/ADS1292R/MPU6050 live log,4.65865138,4.476705711,4.803000649,1.520357319,0.061580247,0.377234568,18.5,1.0,0.495861747,0.524998595,0.534906814,-0.130960221,0.641848887,0.616233206,-0.296005048,0.762809328
local_logged,similarity_matching_dataset_20260718,self_collected_matching_unit,legacy_rtthread_features,subject_11,session_20260717_211628,session_20260717_211628_w014,window_5s,Squat,medium,,,5.0,82.0,53692.805,33842.695,5913559.878,5.622,37.39,25.195,70.0,self_collected_rtthread,STM32F407/ADS1292R/MPU6050 live log,4.729916093,4.52946494,4.858035146,1.586540463,0.068560976,0.45597561,17.6,1.0,0.588188703,0.595638102,0.606447374,-0.031875688,0.800447226,0.961822899,-0.34725255,0.762809328
local_logged,similarity_matching_dataset_20260718,self_collected_matching_unit,legacy_rtthread_features,subject_11,session_20260717_211628,session_20260717_211628_w015,window_5s,Squat,medium,,,5.0,81.0,68056.099,45082.519,7515858.025,8.58,42.025,32.346,70.0,self_collected_rtthread,STM32F407/ADS1292R/MPU6050 live log,4.832867052,4.654008174,4.967493549,1.509589537,0.105925926,0.51882716,17.3,1.0,0.721566756,0.762389453,0.748734773,-0.147080952,1.64935842,1.237674568,-0.364335051,0.762809328
local_logged,similarity_matching_dataset_20260718,self_collected_matching_unit,legacy_rtthread_features,subject_11,session_20260717_211628,session_20260717_211628_w016,window_5s,Squat,medium,,,5.0,81.0,54378.63,39092.951,6588993.309,8.321,42.309,27.444,59.0,self_collected_rtthread,STM32F407/ADS1292R/MPU6050 live log,4.735428262,4.592098455,4.910334048,1.391008573,0.102728395,0.522333333,19.9,1.0,0.59532999,0.679498324,0.674431874,-0.324611644,1.576712267,1.253062951,-0.216286712,0.762809328
local_logged,similarity_matching_dataset_20260718,self_collected_matching_unit,legacy_rtthread_features,subject_11,session_20260717_211628,session_20260717_211628_w017,window_5s,Squat,medium,,,5.0,81.0,53995.432,40797.247,7637775.358,11.519,38.988,30.296,55.0,self_collected_rtthread,STM32F407/ADS1292R/MPU6050 live log,4.73235702,4.610630858,4.974481862,1.323506755,0.142209877,0.481333333,20.3,1.0,0.591351045,0.70431142,0.757819036,-0.425670399,2.473709908,1.073116419,-0.193510044,0.762809328
local_logged,similarity_matching_dataset_20260718,self_collected_matching_unit,legacy_rtthread_features,subject_11,session_20260717_211628,session_20260717_211628_w018,window_5s,FatiguedSquat,low,,,5.0,81.0,39984.185,30202.148,5995613.963,8.889,40.568,24.37,49.0,self_collected_rtthread,STM32F407/ADS1292R/MPU6050 live log,4.601888248,4.480037831,4.869348643,1.323885473,0.109740741,0.500839506,21.1,1.0,0.422322306,0.529459981,0.621154039,-0.42510341,1.736028927,1.158727838,-0.147956709,0.762809328
local_logged,similarity_matching_dataset_20260718,self_collected_matching_unit,legacy_rtthread_features,subject_11,session_20260717_211628,session_20260717_211628_w019,window_5s,FatiguedSquat,medium,,,5.0,81.0,82271.432,40012.827,6974133.654,6.506,34.259,39.926,70.0,self_collected_rtthread,STM32F407/ADS1292R/MPU6050 live log,4.915249057,4.602199236,4.935005247,2.056126452,0.080320988,0.422950617,22.1,1.0,0.828296713,0.693022293,0.706502511,0.671153898,1.067628256,0.816878193,-0.09101504,0.762809328
local_logged,similarity_matching_dataset_20260718,self_collected_matching_unit,legacy_rtthread_features,subject_11,session_20260717_211628,session_20260717_211628_w020,window_5s,FatiguedSquat,medium,,,5.0,82.0,51117.829,26430.549,4971727.171,5.78,27.159,30.793,70.0,self_collected_rtthread,STM32F407/ADS1292R/MPU6050 live log,4.708572401,4.422106184,4.782693436,1.934043406,0.070487805,0.331207317,21.0,1.0,0.560536896,0.451895106,0.508509019,0.488380146,0.844223725,0.414222372,-0.153650876,0.762809328
local_logged,similarity_matching_dataset_20260718,self_collected_matching_unit,legacy_rtthread_features,subject_11,session_20260717_211628,session_20260717_211628_w021,window_5s,FatiguedSquat,medium,,,5.0,81.0,72246.16,40156.975,6946985.086,6.58,42.358,33.914,70.0,self_collected_rtthread,STM32F407/ADS1292R/MPU6050 live log,4.858814769,4.60376099,4.933311348,1.799093682,0.081234568,0.522938272,21.7,1.0,0.755183305,0.695113331,0.704300574,0.28634335,1.088384293,1.255717991,-0.113791708,0.762809328
local_logged,similarity_matching_dataset_20260718,self_collected_matching_unit,legacy_rtthread_features,subject_11,session_20260717_211628,session_20260717_211628_w022,window_5s,FatiguedSquat,low,,,5.0,81.0,51464.173,37164.605,7010374.222,10.185,43.938,28.889,48.0,self_collected_rtthread,STM32F407/ADS1292R/MPU6050 live log,4.711504998,4.570129521,4.937256183,1.384763083,0.125740741,0.542444444,21.1,1.0,0.56433622,0.650084045,0.709428552,-0.333961932,2.099540161,1.341329406,-0.147956709,0.762809328
local_logged,similarity_matching_dataset_20260718,self_collected_matching_unit,legacy_rtthread_features,subject_11,session_20260717_211628,session_20260717_211628_w023,window_5s,FatiguedSquat,medium,,,5.0,82.0,53219.915,34728.671,6412813.354,6.902,43.561,29.122,70.0,self_collected_rtthread,STM32F407/ADS1292R/MPU6050 live log,4.726074177,4.540688164,4.893234748,1.532448938,0.084170732,0.531231707,19.5,1.0,0.583211311,0.610664914,0.652204115,-0.112857539,1.155092331,1.292117378,-0.239063379,0.762809328
local_logged,similarity_matching_dataset_20260718,self_collected_matching_unit,legacy_rtthread_features,subject_11,session_20260717_211628,session_20260717_211628_w024,window_5s,FatiguedSquat,medium,,,5.0,81.0,73233.21,49055.568,8052329.84,10.21,48.111,36.0,70.0,self_collected_rtthread,STM32F407/ADS1292R/MPU6050 live log,4.864708071,4.690688309,4.997436537,1.492862339,0.126049383,0.593962963,20.0,1.0,0.762818369,0.811500608,0.787658326,-0.172123681,2.106552338,1.567441085,-0.210592545,0.762809328
local_logged,similarity_matching_dataset_20260718,self_collected_matching_unit,legacy_rtthread_features,subject_11,session_20260717_211628,session_20260717_211628_w025,window_5s,FatiguedSquat,medium,,,5.0,81.0,63800.654,38802.086,7123959.543,7.753,45.062,32.395,70.0,self_collected_rtthread,STM32F407/ADS1292R/MPU6050 live log,4.804825131,4.588855074,4.944236426,1.644258353,0.095716049,0.556320988,25.0,1.0,0.685237062,0.67515575,0.718502325,0.05453529,1.417395608,1.402232722,0.0741158,0.762809328
local_logged,similarity_matching_dataset_20260718,self_collected_matching_unit,legacy_rtthread_features,subject_11,session_20260717_211628,session_20260717_211628_w026,window_5s,FatiguedSquat,medium,,,5.0,81.0,65408.877,39751.235,7324440.79,8.741,44.333,32.568,70.0,self_collected_rtthread,STM32F407/ADS1292R/MPU6050 live log,4.815636693,4.599350626,4.956289454,1.645455217,0.10791358,0.547320988,22.0,1.0,0.699243975,0.68920828,0.734170322,0.056327146,1.69451683,1.362732264,-0.096709207,0.762809328
local_logged,similarity_matching_dataset_20260718,self_collected_matching_unit,legacy_rtthread_features,subject_11,session_20260717_211628,session_20260717_211628_w027,window_5s,FatiguedSquat,medium,,,5.0,82.0,59897.354,42858.037,7912841.72,12.0,54.378,31.012,66.0,self_collected_rtthread,STM32F407/ADS1292R/MPU6050 live log,4.777407638,4.632032275,4.984518626,1.397575769,0.146341463,0.663146341,24.1,1.0,0.649716346,0.732965848,0.770866047,-0.314779722,2.567577279,1.871082766,0.022868298,0.762809328
local_logged,similarity_matching_dataset_20260718,self_collected_matching_unit,legacy_rtthread_features,subject_11,session_20260717_211628,session_20260717_211628_w028,window_5s,Rest,low,,,5.0,81.0,21092.914,17878.062,5107957.963,1.012,74.802,14.074,30.0,self_collected_rtthread,STM32F407/ADS1292R/MPU6050 live log,4.324136582,4.252320439,4.799762296,1.179821057,0.012493827,0.923481481,4.8,1.0,0.062481303,0.224568407,0.530697208,-0.640786052,-0.473367683,3.013678023,-1.076105913,0.762809328
local_logged,similarity_matching_dataset_20260718,self_collected_matching_unit,legacy_rtthread_features,subject_11,session_20260717_211628,session_20260717_211628_w029,window_5s,Rest,low,,,5.0,82.0,23756.976,20359.878,6021680.232,4.439,86.512,8.5,35.0,self_collected_rtthread,STM32F407/ADS1292R/MPU6050 live log,4.375791159,4.308775171,4.865903837,1.166852572,0.054134146,1.05502439,0.4,1.0,0.129402359,0.300155836,0.61667606,-0.660201513,0.472677552,3.591011932,-1.326649256,0.762809328
local_logged,similarity_matching_dataset_20260718,self_collected_matching_unit,legacy_rtthread_features,subject_11,session_20260717_211628,session_20260717_211628_w030,window_5s,Rest,low,,,5.0,82.0,22774.195,19638.439,5772156.098,4.561,83.573,3.598,34.0,self_collected_rtthread,STM32F407/ADS1292R/MPU6050 live log,4.357443035,4.293106964,4.847524215,1.159674402,0.055621951,1.019182927,0.0,1.0,0.105631458,0.279177621,0.592783983,-0.670948141,0.506479667,3.433705909,-1.349425924,0.762809328
local_logged,similarity_matching_dataset_20260718,self_collected_matching_unit,legacy_rtthread_features,subject_11,session_20260717_211628,session_20260717_211628_w031,window_5s,Rest,low,,,5.0,78.0,20168.821,17351.051,5134698.641,1.769,72.705,11.603,31.0,self_collected_rtthread,STM32F407/ADS1292R/MPU6050 live log,4.304680512,4.239325786,4.818420357,1.162397655,0.022679487,0.932115385,0.0,1.0,0.037275003,0.207169823,0.554951234,-0.666871087,-0.241955068,3.051571708,-1.349425924,0.762809328
local_logged,similarity_matching_dataset_20260718,self_collected_matching_unit,legacy_rtthread_features,subject_11,session_20260717_212206,session_20260717_212206_w001,window_5s,unmarked,none,,,5.0,84.0,504.821,403.548,100241.107,0.0,0.0,0.0,0.0,self_collected_rtthread,STM32F407/ADS1292R/MPU6050 live log,2.703137413,2.605895199,3.076766568,1.250956516,0.0,0.0,6.0,0.0,-2.037603193,-1.979835827,-1.709063047,-0.534287278,-0.757220588,-1.039426604,-1.00777591,-1.587663021
local_logged,similarity_matching_dataset_20260718,self_collected_matching_unit,legacy_rtthread_features,subject_11,session_20260717_212206,session_20260717_212206_w002,window_5s,unmarked,none,,,5.0,84.0,380.679,316.536,86942.75,0.0,0.0,0.0,0.0,self_collected_rtthread,STM32F407/ADS1292R/MPU6050 live log,2.58055892,2.50042311,3.014954087,1.202640458,0.0,0.0,0.0,0.0,-2.196409685,-2.121052758,-1.789414458,-0.606622524,-0.757220588,-1.039426604,-1.349425924,-1.587663021
local_logged,similarity_matching_dataset_20260718,self_collected_matching_unit,legacy_rtthread_features,subject_11,session_20260717_212206,session_20260717_212206_w003,window_5s,unmarked,none,,,5.0,83.0,358.048,295.94,86299.169,0.0,0.0,0.0,0.0,self_collected_rtthread,STM32F407/ADS1292R/MPU6050 live log,2.553941252,2.471203669,3.016928521,1.209866865,0.0,0.0,0.0,0.0,-2.230894189,-2.160174765,-1.786847848,-0.595803679,-0.757220588,-1.039426604,-1.349425924,-1.587663021
local_logged,similarity_matching_dataset_20260718,self_collected_matching_unit,legacy_rtthread_features,subject_11,session_20260717_212206,session_20260717_212206_w004,window_5s,unmarked,none,,,5.0,84.0,351.06,291.25,83492.048,0.0,0.0,0.0,0.0,self_collected_rtthread,STM32F407/ADS1292R/MPU6050 live log,2.545381348,2.464265934,2.997365828,1.205356223,0.0,0.0,0.0,0.0,-2.241983967,-2.169463722,-1.812277825,-0.602556681,-0.757220588,-1.039426604,-1.349425924,-1.587663021
local_logged,similarity_matching_dataset_20260718,self_collected_matching_unit,legacy_rtthread_features,subject_11,session_20260717_212206,session_20260717_212206_w005,window_5s,unmarked,high,,,5.0,82.0,161684.512,71429.854,15675707.134,3.963,21.0,56.634,100.0,self_collected_rtthread,STM32F407/ADS1292R/MPU6050 live log,5.20866842,4.853879762,5.281413289,2.263542524,0.048329268,0.256097561,51.6,0.915,1.208435992,1.029998187,1.156805986,0.981681977,0.340793904,0.084570175,1.588764194,0.563019178
local_logged,similarity_matching_dataset_20260718,self_collected_matching_unit,legacy_rtthread_features,subject_11,session_20260717_212206,session_20260717_212206_w006,window_5s,unmarked,low,,,5.0,81.0,39599.988,30157.963,6255230.235,7.531,56.654,14.296,40.0,self_collected_rtthread,STM32F407/ADS1292R/MPU6050 live log,4.597695054,4.479402004,4.88775828,1.313085635,0.092975309,0.699432099,1.1,1.0,0.416889816,0.528608671,0.645085134,-0.441272133,1.355127496,2.030338773,-1.286790088,0.762809328
local_logged,similarity_matching_dataset_20260718,self_collected_matching_unit,legacy_rtthread_features,subject_11,session_20260717_212206,session_20260717_212206_w007,window_5s,unmarked,low,,,5.0,81.0,38676.679,29058.469,6582509.086,9.062,67.432,18.284,40.0,self_collected_rtthread,STM32F407/ADS1292R/MPU6050 live log,4.587449176,4.463272729,4.909906448,1.330995071,0.111876543,0.832493827,0.2,1.0,0.403615775,0.507013131,0.673876027,-0.414459443,1.784553178,2.614338687,-1.33803759,0.762809328
local_logged,similarity_matching_dataset_20260718,self_collected_matching_unit,legacy_rtthread_features,subject_11,session_20260717_212206,session_20260717_212206_w008,window_5s,Squat,medium,,,5.0,82.0,58659.085,31254.829,6073391.659,3.732,34.402,34.622,70.0,self_collected_rtthread,STM32F407/ADS1292R/MPU6050 live log,4.768335284,4.494917127,4.869617436,1.876800702,0.045512195,0.419536585,24.4,1.0,0.637962663,0.54938192,0.621503449,0.402680582,0.276791549,0.801894212,0.039950799,0.762809328
local_logged,similarity_matching_dataset_20260718,self_collected_matching_unit,legacy_rtthread_features,subject_11,session_20260717_212206,session_20260717_212206_w009,window_5s,Squat,medium,,,5.0,81.0,58266.0,37385.111,6654984.741,8.506,39.704,30.802,70.0,self_collected_rtthread,STM32F407/ADS1292R/MPU6050 live log,4.765415205,4.572698674,4.914662045,1.558534894,0.105012346,0.49017284,31.5,0.901,0.634179556,0.653523893,0.680057933,-0.073803565,1.628602383,1.111912483,0.444236648,0.530112565
local_logged,similarity_matching_dataset_20260718,self_collected_matching_unit,legacy_rtthread_features,subject_11,session_20260717_212206,session_20260717_212206_w010,window_5s,Squat,medium,,,5.0,81.0,83699.901,54497.247,9108026.259,10.975,53.284,36.358,70.0,self_collected_rtthread,STM32F407/ADS1292R/MPU6050 live log,4.922724944,4.736374564,5.050939255,1.535855582,0.135493827,0.65782716,18.3,1.0,0.837982094,0.872670087,0.857207692,-0.107757362,2.321124932,1.847737201,-0.307393382,0.762809328
local_logged,similarity_matching_dataset_20260718,self_collected_matching_unit,legacy_rtthread_features,subject_11,session_20260717_212206,session_20260717_212206_w011,window_5s,Squat,medium,,,5.0,82.0,73753.78,45091.695,7707052.963,7.671,47.207,33.122,70.0,self_collected_rtthread,STM32F407/ADS1292R/MPU6050 live log,4.867784284,4.654096561,4.973074491,1.63564,0.09354878,0.575695122,18.5,1.0,0.766803755,0.762507794,0.755989563,0.041632526,1.368156443,1.48726463,-0.296005048,0.762809328
local_logged,similarity_matching_dataset_20260718,self_collected_matching_unit,legacy_rtthread_features,subject_11,session_20260717_212206,session_20260717_212206_w012,window_5s,Squat,medium,,,5.0,81.0,69763.383,43582.667,7980506.123,11.259,51.173,29.111,70.0,self_collected_rtthread,STM32F407/ADS1292R/MPU6050 live log,4.843627532,4.639313803,4.993545416,1.600713949,0.139,0.631765432,19.4,1.0,0.735507489,0.742715111,0.782600171,-0.010656188,2.400783261,1.733353845,-0.244757546,0.762809328
local_logged,similarity_matching_dataset_20260718,self_collected_matching_unit,legacy_rtthread_features,subject_11,session_20260717_212206,session_20260717_212206_w013,window_5s,Squat,medium,,,5.0,81.0,89873.852,57053.951,9647865.062,12.642,52.642,42.0,70.0,self_collected_rtthread,STM32F407/ADS1292R/MPU6050 live log,4.953633356,4.756285725,5.075946202,1.575243264,0.156074074,0.649901235,19.2,1.0,0.878025468,0.899329206,0.889714776,-0.048789023,2.788696869,1.812950793,-0.25614588,0.762809328
local_logged,similarity_matching_dataset_20260718,self_collected_matching_unit,legacy_rtthread_features,subject_11,session_20260717_212206,session_20260717_212206_w014,window_5s,Squat,medium,,,5.0,81.0,84951.778,50664.136,8358310.457,10.988,46.827,39.963,70.0,self_collected_rtthread,STM32F407/ADS1292R/MPU6050 live log,4.929172473,4.704700641,5.013633479,1.676763579,0.135654321,0.578111111,19.3,1.0,0.846335186,0.830261766,0.808713089,0.103199722,2.324771268,1.49786826,-0.250451713,0.762809328
local_logged,similarity_matching_dataset_20260718,self_collected_matching_unit,legacy_rtthread_features,subject_11,session_20260717_212206,session_20260717_212206_w015,window_5s,Squat,medium,,,5.0,81.0,75885.198,49386.914,8592495.074,10.432,50.543,36.79,69.0,self_collected_rtthread,STM32F407/ADS1292R/MPU6050 live log,4.880157072,4.69361189,5.025634273,1.53654464,0.128790123,0.623987654,17.4,1.0,0.782833313,0.815415,0.824313186,-0.106725755,2.168820449,1.699217646,-0.358640884,0.762809328
local_logged,similarity_matching_dataset_20260718,self_collected_matching_unit,legacy_rtthread_features,subject_11,session_20260717_212206,session_20260717_212206_w016,window_5s,Squat,medium,,,5.0,81.0,84540.136,49196.667,8247403.864,9.272,51.321,35.494,70.0,self_collected_rtthread,STM32F407/ADS1292R/MPU6050 live log,4.927062942,4.691935681,5.007832243,1.718411859,0.114469136,0.633592593,15.4,1.0,0.843602184,0.813170718,0.801171934,0.165552462,1.843455471,1.741373145,-0.472524222,0.762809328
local_logged,similarity_matching_dataset_20260718,self_collected_matching_unit,legacy_rtthread_features,subject_11,session_20260717_212206,session_20260717_212206_w017,window_5s,Squat,medium,,,5.0,82.0,71381.646,45617.232,7794000.451,9.866,49.061,35.72,70.0,self_collected_rtthread,STM32F407/ADS1292R/MPU6050 live log,4.853586558,4.659128929,4.977946574,1.564795646,0.120317073,0.598304878,16.0,1.0,0.748409899,0.769245649,0.762322892,-0.064430428,1.976317395,1.586497488,-0.438359221,0.762809328
local_logged,similarity_matching_dataset_20260718,self_collected_matching_unit,legacy_rtthread_features,subject_11,session_20260717_212206,session_20260717_212206_w018,window_5s,Squat,medium,,,5.0,81.0,65404.259,42970.741,7783849.58,9.457,51.457,29.975,62.0,self_collected_rtthread,STM32F407/ADS1292R/MPU6050 live log,4.81560603,4.633172843,4.982709416,1.522064956,0.116753086,0.635271605,19.9,1.0,0.699204249,0.734492959,0.768514215,-0.128403672,1.895345563,1.748742228,-0.216286712,0.762809328
local_logged,similarity_matching_dataset_20260718,self_collected_matching_unit,legacy_rtthread_features,subject_11,session_20260717_212206,session_20260717_212206_w019,window_5s,Squat,medium,,,5.0,81.0,73858.222,44652.741,8079537.605,10.469,50.037,29.988,70.0,self_collected_rtthread,STM32F407/ADS1292R/MPU6050 live log,4.868398849,4.649848123,4.998901488,1.654057967,0.129246914,0.617740741,20.4,1.0,0.767599954,0.756819547,0.789562648,0.06920655,2.179198491,1.671800321,-0.187815877,0.762809328
local_logged,similarity_matching_dataset_20260718,self_collected_matching_unit,legacy_rtthread_features,subject_11,session_20260717_212206,session_20260717_212206_w020,window_5s,Squat,medium,,,5.0,81.0,92955.852,52009.407,8947836.123,8.716,52.086,36.358,70.0,self_collected_rtthread,STM32F407/ADS1292R/MPU6050 live log,4.968276736,4.716081902,5.043233003,1.787289211,0.107604938,0.643037037,18.8,1.0,0.89699669,0.845500174,0.847190165,0.268670564,1.687504652,1.782824241,-0.278922548,0.762809328
local_logged,similarity_matching_dataset_20260718,self_collected_matching_unit,legacy_rtthread_features,subject_11,session_20260717_212206,session_20260717_212206_w021,window_5s,Squat,medium,,,5.0,82.0,67979.963,43867.549,7984702.012,8.915,52.988,29.829,70.0,self_collected_rtthread,STM32F407/ADS1292R/MPU6050 live log,4.832380924,4.64214337,4.988444861,1.549664035,0.108719512,0.646195122,20.0,1.0,0.720936953,0.746503627,0.775969847,-0.087084362,1.712827163,1.796684886,-0.210592545,0.762809328
local_logged,similarity_matching_dataset_20260718,self_collected_matching_unit,legacy_rtthread_features,subject_11,session_20260717_212206,session_20260717_212206_w022,window_5s,Squat,medium,,,5.0,81.0,57063.58,38713.037,7177948.79,9.198,54.778,25.63,63.0,self_collected_rtthread,STM32F407/ADS1292R/MPU6050 live log,4.756359015,4.587857243,4.947515337,1.474014555,0.113555556,0.676271605,21.1,1.0,0.622446815,0.673819751,0.722764654,-0.200341197,1.822699433,1.928688759,-0.147956709,0.762809328
local_logged,similarity_matching_dataset_20260718,self_collected_matching_unit,legacy_rtthread_features,subject_11,session_20260717_212206,session_20260717_212206_w023,window_5s,Squat,medium,,,5.0,81.0,60728.728,39366.494,7631185.593,8.309,57.457,28.741,70.0,self_collected_rtthread,STM32F407/ADS1292R/MPU6050 live log,4.783394185,4.595126738,4.974106997,1.542650153,0.102580247,0.709345679,18.1,1.0,0.657472213,0.683552902,0.757331741,-0.09758503,1.573346426,2.073848879,-0.318781716,0.762809328
local_logged,similarity_matching_dataset_20260718,self_collected_matching_unit,legacy_rtthread_features,subject_11,session_20260717_212206,session_20260717_212206_w024,window_5s,Squat,medium,,,5.0,81.0,62714.531,42389.37,7505530.975,9.84,52.938,30.049,70.0,self_collected_rtthread,STM32F407/ADS1292R/MPU6050 live log,4.797368179,4.627256962,4.966896403,1.479487216,0.121481481,0.653555556,19.9,1.0,0.675576212,0.726572166,0.74795853,-0.192147931,2.002772107,1.828989388,-0.216286712,0.762809328
local_logged,similarity_matching_dataset_20260718,self_collected_matching_unit,legacy_rtthread_features,subject_11,session_20260717_212206,session_20260717_212206_w025,window_5s,Squat,medium,,,5.0,81.0,66012.667,44508.395,7716138.593,9.704,53.333,30.741,70.0,self_collected_rtthread,STM32F407/ADS1292R/MPU6050 live log,4.819627279,4.648441934,4.978915001,1.48315092,0.119802469,0.658432099,18.4,1.0,0.704413976,0.754936796,0.763581771,-0.186662903,1.964625874,1.850392241,-0.301699215,0.762809328
local_logged,similarity_matching_dataset_20260718,self_collected_matching_unit,legacy_rtthread_features,subject_11,session_20260717_212206,session_20260717_212206_w026,window_5s,Squat,medium,,,5.0,82.0,62178.439,41691.817,7803381.195,9.829,57.451,25.451,68.0,self_collected_rtthread,STM32F407/ADS1292R/MPU6050 live log,4.793639815,4.620050823,4.97846897,1.491382326,0.119865854,0.700621951,18.9,1.0,0.670745933,0.716923843,0.763001966,-0.174339448,1.966065947,2.035560962,-0.273228381,0.762809328
local_logged,similarity_matching_dataset_20260718,self_collected_matching_unit,legacy_rtthread_features,subject_11,session_20260717_212206,session_20260717_212206_w027,window_5s,Squat,medium,,,5.0,81.0,50444.247,36488.346,6735203.753,7.704,51.235,21.951,53.0,self_collected_rtthread,STM32F407/ADS1292R/MPU6050 live log,4.702811644,4.562154177,4.91986572,1.382475572,0.095111111,0.632530864,18.2,1.0,0.553073551,0.63940583,0.686822305,-0.337386626,1.403651748,1.73671328,-0.313087549,0.762809328
local_logged,similarity_matching_dataset_20260718,self_collected_matching_unit,legacy_rtthread_features,subject_11,session_20260717_212206,session_20260717_212206_w028,window_5s,Squat,medium,,,5.0,81.0,57315.815,40123.407,7123223.37,8.864,51.963,23.79,65.0,self_collected_rtthread,STM32F407/ADS1292R/MPU6050 live log,4.758274472,4.603397803,4.944191544,1.428488239,0.109432099,0.641518519,20.5,1.0,0.624928384,0.694627059,0.718443982,-0.268499847,1.729016749,1.776159557,-0.18212171,0.762809328
local_logged,similarity_matching_dataset_20260718,self_collected_matching_unit,legacy_rtthread_features,subject_11,session_20260717_212206,session_20260717_212206_w029,window_5s,Squat,low,,,5.0,81.0,53897.58,37373.148,7191851.272,10.519,55.778,24.827,41.0,self_collected_rtthread,STM32F407/ADS1292R/MPU6050 live log,4.731569266,4.572559681,4.948355679,1.44214718,0.129864198,0.688617284,19.7,1.0,0.59033047,0.653337794,0.723857033,-0.248050685,2.193222845,1.982873201,-0.227675046,0.762809328
local_logged,similarity_matching_dataset_20260718,self_collected_matching_unit,legacy_rtthread_features,subject_11,session_20260717_212206,session_20260717_212206_w030,window_5s,Squat,medium,,,5.0,82.0,48417.878,34660.28,6865949.256,8.39,57.549,19.927,55.0,self_collected_rtthread,STM32F407/ADS1292R/MPU6050 live log,4.685005752,4.539832067,4.922886737,1.396926915,0.102317073,0.701817073,21.9,1.0,0.530005138,0.609518683,0.690749392,-0.315751138,1.567367257,2.040806281,-0.102403374,0.762809328
local_logged,similarity_matching_dataset_20260718,self_collected_matching_unit,legacy_rtthread_features,subject_11,session_20260717_212206,session_20260717_212206_w031,window_5s,FatiguedSquat,medium,,,5.0,81.0,67564.605,46725.16,8021634.642,7.852,55.593,28.494,70.0,self_collected_rtthread,STM32F407/ADS1292R/MPU6050 live log,4.829719242,4.669550797,4.995777859,1.446000506,0.096938272,0.686333333,22.3,1.0,0.717488613,0.783199522,0.785502173,-0.242281769,1.445163845,1.972849078,-0.079626706,0.762809328
local_logged,similarity_matching_dataset_20260718,self_collected_matching_unit,legacy_rtthread_features,subject_11,session_20260717_212206,session_20260717_212206_w032,window_5s,FatiguedSquat,medium,,,5.0,81.0,66671.148,40186.481,7243116.963,6.16,51.593,28.864,70.0,self_collected_rtthread,STM32F407/ADS1292R/MPU6050 live log,4.823937933,4.604079978,4.951440479,1.659044194,0.076049383,0.636950617,18.5,1.0,0.709998641,0.695540425,0.727867033,0.076671563,0.97057973,1.75611131,-0.296005048,0.762809328
local_logged,similarity_matching_dataset_20260718,self_collected_matching_unit,legacy_rtthread_features,subject_11,session_20260717_212206,session_20260717_212206_w033,window_5s,FatiguedSquat,medium,,,5.0,81.0,68027.704,45748.321,8269527.235,11.111,54.519,31.136,70.0,self_collected_rtthread,STM32F407/ADS1292R/MPU6050 live log,4.832685813,4.66037516,5.008995663,1.486998922,0.13717284,0.673074074,19.7,1.0,0.721331952,0.770914232,0.802684289,-0.180901958,2.359271187,1.914654988,-0.227675046,0.762809328
local_logged,similarity_matching_dataset_20260718,self_collected_matching_unit,legacy_rtthread_features,subject_11,session_20260717_212206,session_20260717_212206_w034,window_5s,FatiguedSquat,medium,,,5.0,81.0,69230.062,44380.049,7727575.049,9.691,49.79,30.37,70.0,self_collected_rtthread,STM32F407/ADS1292R/MPU6050 live log,4.840294721,4.647187777,4.979558213,1.559936583,0.119641975,0.614691358,18.5,1.0,0.731189668,0.753257601,0.764417897,-0.071705059,1.960979539,1.658416762,-0.296005048,0.762809328
local_logged,similarity_matching_dataset_20260718,self_collected_matching_unit,legacy_rtthread_features,subject_11,session_20260717_212206,session_20260717_212206_w035,window_5s,FatiguedSquat,medium,,,5.0,82.0,62375.659,43183.805,7771894.134,9.171,49.976,29.963,70.0,self_collected_rtthread,STM32F407/ADS1292R/MPU6050 live log,4.795015147,4.635320906,4.976713024,1.444422487,0.111841463,0.609463415,17.7,1.0,0.672527743,0.737369007,0.760719373,-0.244644263,1.78375618,1.635471635,-0.341558383,0.762809328
local_logged,similarity_matching_dataset_20260718,self_collected_matching_unit,legacy_rtthread_features,subject_11,session_20260717_212206,session_20260717_212206_w036,window_5s,FatiguedSquat,medium,,,5.0,81.0,67995.469,42462.58,7589935.457,8.148,44.506,31.012,70.0,self_collected_rtthread,STM32F407/ADS1292R/MPU6050 live log,4.832479974,4.628006378,4.971753064,1.601303289,0.100592593,0.54945679,20.0,1.0,0.721065277,0.727575562,0.754271811,-0.009773871,1.528188016,1.372106171,-0.210592545,0.762809328
local_logged,similarity_matching_dataset_20260718,self_collected_matching_unit,legacy_rtthread_features,subject_11,session_20260717_212206,session_20260717_212206_w037,window_5s,FatiguedSquat,medium,,,5.0,81.0,56116.642,38333.333,6835128.284,7.222,49.111,23.926,50.0,self_collected_rtthread,STM32F407/ADS1292R/MPU6050 live log,4.749091675,4.583576582,4.926261651,1.463912413,0.089160494,0.606308642,22.0,1.0,0.613031617,0.66808836,0.695136517,-0.21546538,1.26845699,1.621625527,-0.096709207,0.762809328
local_logged,similarity_matching_dataset_20260718,self_collected_matching_unit,legacy_rtthread_features,subject_11,session_20260717_212206,session_20260717_212206_w038,window_5s,FatiguedSquat,medium,,,5.0,81.0,68266.333,46518.235,8116898.963,10.741,52.778,31.852,67.0,self_collected_rtthread,STM32F407/ADS1292R/MPU6050 live log,4.834206575,4.667623228,5.000905121,1.467517695,0.132604938,0.651580247,18.4,1.0,0.723302174,0.780618694,0.792167215,-0.210067817,2.255490956,1.820319876,-0.301699215,0.762809328
local_logged,similarity_matching_dataset_20260718,self_collected_matching_unit,legacy_rtthread_features,subject_11,session_20260717_212206,session_20260717_212206_w039,window_5s,FatiguedSquat,medium,,,5.0,81.0,64385.321,44437.642,7615764.432,8.235,50.654,29.963,70.0,self_collected_rtthread,STM32F407/ADS1292R/MPU6050 live log,4.808786865,4.647751006,4.973228483,1.448891483,0.101666667,0.625358025,19.0,1.0,0.690369684,0.75401171,0.756189741,-0.237953611,1.552590389,1.705232122,-0.267534214,0.762809328
local_logged,similarity_matching_dataset_20260718,self_collected_matching_unit,legacy_rtthread_features,subject_11,session_20260717_212206,session_20260717_212206_w040,window_5s,FatiguedSquat,medium,,,5.0,82.0,44519.988,28533.341,5268908.195,5.073,30.732,32.317,70.0,self_collected_rtthread,STM32F407/ADS1292R/MPU6050 live log,4.648555039,4.455352627,4.807906779,1.560279534,0.061865854,0.374780488,41.5,1.0,0.482781439,0.49640888,0.541284401,-0.071191618,0.648337722,0.605462397,1.013653338,0.762809328
local_logged,similarity_matching_dataset_20260718,self_collected_matching_unit,legacy_rtthread_features,subject_11,session_20260717_212206,session_20260717_212206_w041,window_5s,Rest,low,,,5.0,83.0,8695.904,6678.807,1343975.072,0.0,1.735,26.386,30.0,self_collected_rtthread,STM32F407/ADS1292R/MPU6050 live log,3.939314737,3.824698894,4.209313121,1.302014566,0.0,0.020903614,4.2,0.88,-0.436074406,-0.347975503,-0.236840734,-0.457846923,-0.757220588,-0.9476819,-1.110270914,0.480752646
local_logged,similarity_matching_dataset_20260718,self_collected_matching_unit,legacy_rtthread_features,subject_11,session_20260717_212206,session_20260717_212206_w042,window_5s,Rest,low,,,5.0,83.0,5753.988,4351.024,875931.928,0.0,0.386,17.349,30.0,self_collected_rtthread,STM32F407/ADS1292R/MPU6050 live log,3.759968952,3.638591479,4.023392264,1.322444556,0.0,0.004650602,0.0,0.578,-0.66842573,-0.59715534,-0.478523368,-0.427260645,-0.757220588,-1.019015391,-1.349425924,-0.229090003
local_logged,similarity_matching_dataset_20260718,self_collected_matching_unit,legacy_rtthread_features,subject_11,session_20260717_212206,session_20260717_212206_w043,window_5s,Rest,low,,,5.0,83.0,10955.108,6209.229,1174853.783,0.096,0.386,19.88,30.0,self_collected_rtthread,STM32F407/ADS1292R/MPU6050 live log,4.039616663,3.793037677,4.150905727,1.764326618,0.001156627,0.004650602,0.0,0.759,-0.306128307,-0.390366812,-0.312765797,0.23429266,-0.730942656,-1.019015391,-1.349425924,0.196345492
local_logged,similarity_matching_dataset_20260718,self_collected_matching_unit,legacy_rtthread_features,subject_11,session_20260717_212206,session_20260717_212206_w044,window_5s,Rest,low,,,5.0,83.0,4581.843,3542.434,713935.0,0.0,0.0,23.494,30.0,self_collected_rtthread,STM32F407/ADS1292R/MPU6050 live log,3.661040204,3.549301768,3.934580581,1.293416617,0.0,0.0,0.0,0.783,-0.79659281,-0.716705632,-0.593971639,-0.470719139,-0.757220588,-1.039426604,-1.349425924,0.252756828
local_logged,similarity_matching_dataset_20260718,self_collected_matching_unit,legacy_rtthread_features,subject_11,session_20260717_212206,session_20260717_212206_w045,window_5s,Rest,low,,,5.0,62.0,3679.855,2845.919,575054.484,0.0,0.145,11.613,30.0,self_collected_rtthread,STM32F407/ADS1292R/MPU6050 live log,3.565830706,3.454222535,3.967317305,1.293028719,0.0,0.00233871,0.0,0.387,-0.919941417,-0.844007533,-0.551416447,-0.471299872,-0.757220588,-1.029162146,-1.349425924,-0.678030222
local_logged,similarity_matching_dataset_20260718,self_collected_matching_unit,legacy_rtthread_features,subject_05,session_20260717_210343,session_20260717_210343_w001,window_5s,unmarked,none,,,5.0,83.0,1014.289,786.024,167572.819,0.0,0.0,0.0,0.0,self_collected_rtthread,STM32F407/ADS1292R/MPU6050 live log,3.006161716,2.895435807,3.305125483,1.290404619,0.0,0.0,0.4,0.0,-1.64502024,-1.592168943,-1.412214243,-0.475228481,-0.757220588,-1.039426604,-1.326649256,-1.587663021
local_logged,similarity_matching_dataset_20260718,self_collected_matching_unit,legacy_rtthread_features,subject_05,session_20260717_210343,session_20260717_210343_w002,window_5s,unmarked,none,,,5.0,83.0,724.542,570.602,112332.325,0.0,0.0,0.0,0.0,self_collected_rtthread,STM32F407/ADS1292R/MPU6050 live log,2.860063566,2.75633329,3.131426655,1.269785244,0.0,0.0,1.1,0.0,-1.83429761,-1.778413767,-1.638009191,-0.506098292,-0.757220588,-1.039426604,-1.286790088,-1.587663021
local_logged,similarity_matching_dataset_20260718,self_collected_matching_unit,legacy_rtthread_features,subject_05,session_20260717_210343,session_20260717_210343_w003,window_5s,unmarked,none,,,5.0,83.0,475.0,376.807,77708.193,0.0,0.0,0.0,0.0,self_collected_rtthread,STM32F407/ADS1292R/MPU6050 live log,2.67669361,2.576118962,2.971388718,1.260592293,0.0,0.0,0.0,0.0,-2.071862446,-2.01970333,-1.846046045,-0.519861302,-0.757220588,-1.039426604,-1.349425924,-1.587663021
local_logged,similarity_matching_dataset_20260718,self_collected_matching_unit,legacy_rtthread_features,subject_05,session_20260717_210343,session_20260717_210343_w004,window_5s,unmarked,none,,,5.0,83.0,432.916,341.663,72809.506,0.0,0.0,0.0,0.0,self_collected_rtthread,STM32F407/ADS1292R/MPU6050 live log,2.636403637,2.53359795,2.943109992,1.267084817,0.0,0.0,0.0,0.0,-2.124060096,-2.076634855,-1.882806186,-0.510141172,-0.757220588,-1.039426604,-1.349425924,-1.587663021
local_logged,similarity_matching_dataset_20260718,self_collected_matching_unit,legacy_rtthread_features,subject_05,session_20260717_210343,session_20260717_210343_w005,window_5s,unmarked,none,,,5.0,83.0,323.301,255.952,55707.41,0.0,0.0,0.0,0.0,self_collected_rtthread,STM32F407/ADS1292R/MPU6050 live log,2.509607048,2.408158527,2.826834875,1.263131368,0.0,0.0,0.0,0.0,-2.28833134,-2.244586116,-2.033954782,-0.516059985,-0.757220588,-1.039426604,-1.349425924,-1.587663021
local_logged,similarity_matching_dataset_20260718,self_collected_matching_unit,legacy_rtthread_features,subject_05,session_20260717_210343,session_20260717_210343_w006,window_5s,unmarked,none,,,5.0,83.0,353.301,283.711,60399.699,0.0,0.0,0.0,0.0,self_collected_rtthread,STM32F407/ADS1292R/MPU6050 live log,2.548144867,2.452876175,2.861956682,1.245284814,0.0,0.0,0.0,0.0,-2.238403692,-2.184713508,-1.988299169,-0.542778533,-0.757220588,-1.039426604,-1.349425924,-1.587663021
local_logged,similarity_matching_dataset_20260718,self_collected_matching_unit,legacy_rtthread_features,subject_05,session_20260717_210343,session_20260717_210343_w007,window_5s,unmarked,none,,,5.0,83.0,360.807,287.494,63213.855,0.0,0.0,0.0,0.0,self_collected_rtthread,STM32F407/ADS1292R/MPU6050 live log,2.557274955,2.458628785,2.881734184,1.255007061,0.0,0.0,0.0,0.0,-2.226575212,-2.177011319,-1.962589956,-0.5282231,-0.757220588,-1.039426604,-1.349425924,-1.587663021
local_logged,similarity_matching_dataset_20260718,self_collected_matching_unit,legacy_rtthread_features,subject_05,session_20260717_210343,session_20260717_210343_w008,window_5s,unmarked,none,,,5.0,82.0,2061.512,1563.878,356682.683,0.0,0.0,0.0,0.0,self_collected_rtthread,STM32F407/ADS1292R/MPU6050 live log,3.314185867,3.19420287,3.638468172,1.318205129,0.0,0.0,66.1,0.134,-1.245959737,-1.192148728,-0.978894709,-0.433607603,-0.757220588,-1.039426604,2.414418394,-1.272699726
local_logged,similarity_matching_dataset_20260718,self_collected_matching_unit,legacy_rtthread_features,subject_05,session_20260717_210343,session_20260717_210343_w009,window_5s,unmarked,none,,,5.0,82.0,2331.695,1810.573,369415.695,0.0,0.0,0.0,0.0,self_collected_rtthread,STM32F407/ADS1292R/MPU6050 live log,3.367671741,3.25781604,3.653701491,1.28782159,0.0,0.0,10.1,0.0,-1.176666145,-1.106976843,-0.95909258,-0.479095602,-0.757220588,-1.039426604,-0.774315067,-1.587663021
local_logged,similarity_matching_dataset_20260718,self_collected_matching_unit,legacy_rtthread_features,subject_05,session_20260717_210343,session_20260717_210343_w010,window_5s,Squat,none,,,5.0,81.0,4006.0,3109.086,657626.432,0.0,0.037,0.0,0.0,self_collected_rtthread,STM32F407/ADS1292R/MPU6050 live log,3.602710945,3.492632735,3.909494242,1.288481567,0.0,0.00045679,20.2,0.395,-0.872161246,-0.792579989,-0.626581926,-0.478107533,-0.757220588,-1.03742178,-0.199204211,-0.659226443
local_logged,similarity_matching_dataset_20260718,self_collected_matching_unit,legacy_rtthread_features,subject_05,session_20260717_210343,session_20260717_210343_w011,window_5s,Squat,none,,,5.0,82.0,5294.927,3789.134,834649.878,0.0,1.11,0.0,0.0,self_collected_rtthread,STM32F407/ADS1292R/MPU6050 live log,3.723859977,3.578539964,4.007690482,1.397397664,0.0,0.013536585,9.8,0.451,-0.715206691,-0.677558514,-0.498934462,-0.315046368,-0.757220588,-0.980015347,-0.791397568,-0.527599992
local_logged,similarity_matching_dataset_20260718,self_collected_matching_unit,legacy_rtthread_features,subject_05,session_20260717_210343,session_20260717_210343_w012,window_5s,Squat,high,,,5.0,82.0,12898.744,7706.183,1614503.585,0.0,3.232,27.317,100.0,self_collected_rtthread,STM32F407/ADS1292R/MPU6050 live log,4.110547423,3.886839318,4.294225161,1.673817505,0.0,0.039414634,19.6,0.72,-0.214234003,-0.264775482,-0.126461695,0.098789077,-0.757220588,-0.866438148,-0.233369212,0.10467707
local_logged,similarity_matching_dataset_20260718,self_collected_matching_unit,legacy_rtthread_features,subject_05,session_20260717_210343,session_20260717_210343_w013,window_5s,Squat,high,,,5.0,82.0,9170.902,5765.0,1183733.037,0.0,1.439,53.768,100.0,self_collected_rtthread,STM32F407/ADS1292R/MPU6050 live log,3.962412053,3.760799312,4.159439916,1.590789592,0.0,0.01754878,5.4,0.951,-0.406150693,-0.433530866,-0.301672016,-0.025514205,-0.757220588,-0.962406065,-1.041940912,0.647636183
local_logged,similarity_matching_dataset_20260718,self_collected_matching_unit,legacy_rtthread_features,subject_05,session_20260717_210343,session_20260717_210343_w014,window_5s,Squat,high,,,5.0,82.0,7293.341,5616.72,1201083.817,0.0,1.817,60.78,100.0,self_collected_rtthread,STM32F407/ADS1292R/MPU6050 live log,3.862926519,3.749482774,4.165759463,1.298505355,0.0,0.022158537,36.9,1.0,-0.535039116,-0.448682616,-0.293457097,-0.463100655,-0.757220588,-0.942174119,0.75172166,0.762809328
local_logged,similarity_matching_dataset_20260718,self_collected_matching_unit,legacy_rtthread_features,subject_05,session_20260717_210343,session_20260717_210343_w015,window_5s,Squat,high,,,5.0,82.0,53644.244,27775.768,6146703.378,5.415,30.439,69.585,100.0,self_collected_rtthread,STM32F407/ADS1292R/MPU6050 live log,4.729523129,4.443666076,4.874828403,1.93133252,0.066036585,0.371207317,40.0,1.0,0.587679599,0.480761718,0.6282773,0.484321607,0.743094445,0.589779964,0.928240834,0.762809328
local_logged,similarity_matching_dataset_20260718,self_collected_matching_unit,legacy_rtthread_features,subject_05,session_20260717_210343,session_20260717_210343_w016,window_5s,Squat,high,,,5.0,81.0,52787.642,35726.469,6199920.63,9.21,39.951,74.63,100.0,self_collected_rtthread,STM32F407/ADS1292R/MPU6050 live log,4.722532263,4.552990095,4.883901111,1.477549936,0.113703704,0.493222222,48.2,1.0,0.578622587,0.627136011,0.640071114,-0.195048284,1.826065275,1.125296037,1.39516252,0.762809328
local_logged,similarity_matching_dataset_20260718,self_collected_matching_unit,legacy_rtthread_features,subject_05,session_20260717_210343,session_20260717_210343_w017,window_5s,Squat,high,,,5.0,81.0,50740.272,30678.79,5153104.593,5.432,31.543,75.0,100.0,self_collected_rtthread,STM32F407/ADS1292R/MPU6050 live log,4.705352791,4.486838227,4.803583939,1.653920249,0.067061728,0.389419753,29.7,1.0,0.556365732,0.538565054,0.535665046,0.069000369,0.766385133,0.669713249,0.341741644,0.762809328
local_logged,similarity_matching_dataset_20260718,self_collected_matching_unit,legacy_rtthread_features,subject_05,session_20260717_210343,session_20260717_210343_w018,window_5s,Squat,high,,,5.0,81.0,39303.852,23404.037,4233764.16,3.667,26.259,75.222,100.0,self_collected_rtthread,STM32F407/ADS1292R/MPU6050 live log,4.594435116,4.369290776,4.718241643,1.679362069,0.045271605,0.324185185,26.8,1.0,0.412666405,0.381180381,0.424726708,0.10708999,0.271325476,0.383402657,0.176610804,0.762809328
local_logged,similarity_matching_dataset_20260718,self_collected_matching_unit,legacy_rtthread_features,subject_05,session_20260717_210343,session_20260717_210343_w019,window_5s,Squat,high,,,5.0,81.0,44617.938,26992.543,4971059.481,6.272,31.63,73.63,100.0,self_collected_rtthread,STM32F407/ADS1292R/MPU6050 live log,4.649509496,4.431243802,4.787963941,1.652972749,0.077432099,0.390493827,30.6,1.0,0.484017985,0.464129494,0.515360265,0.067581842,1.00199428,0.674427295,0.392989146,0.762809328
local_logged,similarity_matching_dataset_20260718,self_collected_matching_unit,legacy_rtthread_features,subject_05,session_20260717_210343,session_20260717_210343_w020,window_5s,Squat,high,,,5.0,81.0,41352.444,24113.481,4556841.938,4.469,34.63,72.778,100.0,self_collected_rtthread,STM32F407/ADS1292R/MPU6050 live log,4.616501182,4.382259909,4.750178946,1.714909764,0.05517284,0.427530864,27.8,1.0,0.441254084,0.398544796,0.466242714,0.160309383,0.496276111,0.836980621,0.233552473,0.762809328
local_logged,similarity_matching_dataset_20260718,self_collected_matching_unit,legacy_rtthread_features,subject_05,session_20260717_210343,session_20260717_210343_w021,window_5s,Squat,high,,,5.0,82.0,41473.268,21303.329,4406744.28,2.573,25.549,76.268,100.0,self_collected_rtthread,STM32F407/ADS1292R/MPU6050 live log,4.617768258,4.328447474,4.730303997,1.946797517,0.031378049,0.311573171,29.4,1.0,0.442895643,0.326495148,0.440406829,0.507474662,-0.044328505,0.328049287,0.324659143,0.762809328
local_logged,similarity_matching_dataset_20260718,self_collected_matching_unit,legacy_rtthread_features,subject_05,session_20260717_210343,session_20260717_210343_w022,window_5s,Squat,high,,,5.0,81.0,43516.63,21195.333,4444524.0,1.432,20.58,75.296,100.0,self_collected_rtthread,STM32F407/ADS1292R/MPU6050 live log,4.638655256,4.326240244,4.739340237,2.053123204,0.017679012,0.254074074,28.6,1.0,0.469955781,0.32353988,0.452153237,0.666657656,-0.355563121,0.075689212,0.279105808,0.762809328
local_logged,similarity_matching_dataset_20260718,self_collected_matching_unit,legacy_rtthread_features,subject_05,session_20260717_210343,session_20260717_210343_w023,window_5s,Squat,high,,,5.0,81.0,41570.259,21242.136,4201780.506,2.469,24.667,77.667,100.0,self_collected_rtthread,STM32F407/ADS1292R/MPU6050 live log,4.61878273,4.327198185,4.714948343,1.9569717,0.030481481,0.304530864,26.4,1.0,0.444209942,0.324822471,0.420445674,0.5227067,-0.064698039,0.297141026,0.153834136,0.762809328
local_logged,similarity_matching_dataset_20260718,self_collected_matching_unit,legacy_rtthread_features,subject_05,session_20260717_210343,session_20260717_210343_w024,window_5s,Squat,high,,,5.0,81.0,42839.346,21126.321,4212501.469,1.926,22.185,76.691,100.0,self_collected_rtthread,STM32F407/ADS1292R/MPU6050 live log,4.631842832,4.324823874,4.716055046,2.027771234,0.023777778,0.273888889,27.0,1.0,0.461129949,0.321643498,0.421884302,0.628702552,-0.217002498,0.162655242,0.187999138,0.762809328
local_logged,similarity_matching_dataset_20260718,self_collected_matching_unit,legacy_rtthread_features,subject_05,session_20260717_210343,session_20260717_210343_w025,window_5s,FatiguedSquat,high,,,5.0,81.0,39943.765,18475.247,3741328.42,1.16,18.272,69.494,100.0,self_collected_rtthread,STM32F407/ADS1292R/MPU6050 live log,4.601448998,4.266590253,4.664540814,2.162015209,0.014320988,0.225580247,23.8,1.0,0.421753236,0.243674309,0.354919813,0.829682753,-0.431855586,-0.049368479,0.005785797,0.762809328
local_logged,similarity_matching_dataset_20260718,self_collected_matching_unit,legacy_rtthread_features,subject_05,session_20260717_210343,session_20260717_210343_w026,window_5s,FatiguedSquat,high,,,5.0,81.0,39690.716,18819.444,3690403.556,1.123,18.667,84.914,100.0,self_collected_rtthread,STM32F407/ADS1292R/MPU6050 live log,4.598688933,4.274606789,4.658588841,2.109027025,0.013864198,0.23045679,30.8,1.0,0.418177435,0.254407675,0.347182711,0.750352743,-0.442233605,-0.027965626,0.40437748,0.762809328
local_logged,similarity_matching_dataset_20260718,self_collected_matching_unit,legacy_rtthread_features,subject_05,session_20260717_210343,session_20260717_210343_w027,window_5s,FatiguedSquat,high,,,5.0,81.0,54290.395,24618.296,4668505.802,1.58,21.617,78.975,100.0,self_collected_rtthread,STM32F407/ADS1292R/MPU6050 live log,4.734723001,4.391257989,4.760692884,2.205286467,0.019506173,0.266876543,24.6,1.0,0.59441629,0.410592355,0.479910015,0.894465296,-0.314051024,0.131878478,0.051339132,0.762809328
local_logged,similarity_matching_dataset_20260718,self_collected_matching_unit,legacy_rtthread_features,subject_05,session_20260717_210343,session_20260717_210343_w028,window_5s,FatiguedSquat,high,,,5.0,81.0,42236.444,26055.444,5170181.951,6.062,39.037,74.852,100.0,self_collected_rtthread,STM32F407/ADS1292R/MPU6050 live log,4.625687347,4.415898478,4.805020808,1.621021849,0.074839506,0.481938272,46.4,1.0,0.453155214,0.443583588,0.537532864,0.019747306,0.943091988,1.07577146,1.292667515,0.762809328
local_logged,similarity_matching_dataset_20260718,self_collected_matching_unit,legacy_rtthread_features,subject_05,session_20260717_210343,session_20260717_210343_w029,window_5s,Rest,medium,,,5.0,81.0,101105.494,71670.494,13888170.222,23.025,80.519,70.0,70.0,self_collected_rtthread,STM32F407/ADS1292R/MPU6050 live log,5.004774755,4.855340398,5.234160012,1.410698997,0.284259259,0.994061728,14.5,1.0,0.944281677,1.031953838,1.095380406,-0.295132591,5.700994046,3.323450478,-0.523771724,0.762809328
local_logged,similarity_matching_dataset_20260718,self_collected_matching_unit,legacy_rtthread_features,subject_05,session_20260717_210343,session_20260717_210343_w030,window_5s,Rest,medium,,,5.0,81.0,47506.988,36123.63,7132090.37,9.21,65.037,70.0,70.0,self_collected_rtthread,STM32F407/ADS1292R/MPU6050 live log,4.676757497,4.557791385,4.944731819,1.315122207,0.113703704,0.802925926,4.9,1.0,0.519319116,0.633564474,0.719146297,-0.438223127,1.826065275,2.48456695,-1.070411746,0.762809328
local_logged,similarity_matching_dataset_20260718,self_collected_matching_unit,legacy_rtthread_features,subject_05,session_20260717_210343,session_20260717_210343_w031,window_5s,Rest,high,,,5.0,82.0,34461.476,25102.341,5127025.098,6.159,42.085,77.976,100.0,self_collected_rtthread,STM32F407/ADS1292R/MPU6050 live log,4.537333875,4.399714225,4.796051591,1.372839131,0.075109756,0.513231707,7.7,1.0,0.338688927,0.421914438,0.52587358,-0.351813596,0.94923192,1.213116462,-0.910975073,0.762809328
local_logged,similarity_matching_dataset_20260718,self_collected_matching_unit,legacy_rtthread_features,subject_05,session_20260717_210343,session_20260717_210343_w032,window_5s,Rest,high,,,5.0,82.0,20150.415,14523.134,2880788.524,2.463,22.585,63.951,100.0,self_collected_rtthread,STM32F407/ADS1292R/MPU6050 live log,4.304283995,4.162060344,4.545697526,1.387470156,0.030036585,0.275426829,0.1,1.0,0.036761295,0.103718866,0.200432794,-0.329909102,-0.074805832,0.169405168,-1.343731757,0.762809328
local_logged,similarity_matching_dataset_20260718,self_collected_matching_unit,legacy_rtthread_features,subject_05,session_20260717_210343,session_20260717_210343_w033,window_5s,Rest,medium,,,5.0,83.0,5732.627,4528.181,976013.337,0.0,0.0,37.675,71.0,self_collected_rtthread,STM32F407/ADS1292R/MPU6050 live log,3.758353685,3.655923778,4.07037766,1.265988926,0.0,0.0,0.1,1.0,-0.670518388,-0.573949068,-0.417446012,-0.51178186,-0.757220588,-1.039426604,-1.343731757,0.762809328
local_logged,similarity_matching_dataset_20260718,self_collected_matching_unit,legacy_rtthread_features,subject_05,session_20260717_210343,session_20260717_210343_w034,window_5s,unmarked,low,,,5.0,38.0,4814.0,3822.289,894106.579,0.0,0.0,30.0,30.0,self_collected_rtthread,STM32F407/ADS1292R/MPU6050 live log,3.682506086,3.582323521,4.371605694,1.25945474,0.0,0.0,0.0,1.0,-0.768782699,-0.672492697,-0.025873029,-0.521564362,-0.757220588,-1.039426604,-1.349425924,0.762809328
local_logged,similarity_matching_dataset_20260718,self_collected_matching_unit,legacy_rtthread_features,subject_05,session_20260717_211449,session_20260717_211449_w001,window_5s,unmarked,none,,,5.0,85.0,0.0,0.0,0.0,0.0,0.0,0.0,0.0,self_collected_rtthread,STM32F407/ADS1292R/MPU6050 live log,-12.0,-12.0,-12.0,0.0,0.0,0.0,3.7,0.0,-21.086243995,-21.535717531,-21.307685363,-2.407127316,-0.757220588,-1.039426604,-1.138741749,-1.587663021
local_logged,similarity_matching_dataset_20260718,self_collected_matching_unit,legacy_rtthread_features,subject_05,session_20260717_211449,session_20260717_211449_w002,window_5s,unmarked,none,,,5.0,85.0,345.271,30.518,15625.506,0.0,0.024,0.0,0.0,self_collected_rtthread,STM32F407/ADS1292R/MPU6050 live log,2.538160103,1.484556069,2.264415164,11.313683728,0.0,0.000282353,2.3,0.0,-2.251339447,-3.481200521,-2.765056604,14.530887387,-0.757220588,-1.038187373,-1.218460085,-1.587663021
local_logged,similarity_matching_dataset_20260718,self_collected_matching_unit,legacy_rtthread_features,subject_05,session_20260717_211449,session_20260717_211449_w003,window_5s,unmarked,none,,,5.0,83.0,61761.06,17335.578,6414744.41,0.0,7.193,0.0,0.0,self_collected_rtthread,STM32F407/ADS1292R/MPU6050 live log,4.790714741,4.238938326,4.888101265,3.56267671,0.0,0.086662651,1.7,0.434,0.666956355,0.206651052,0.645530987,2.926650077,-0.757220588,-0.659069445,-1.252625087,-0.567558021
local_logged,similarity_matching_dataset_20260718,self_collected_matching_unit,legacy_rtthread_features,subject_05,session_20260717_211449,session_20260717_211449_w004,window_5s,unmarked,none,,,5.0,85.0,7868.435,1040.294,286245.741,0.0,0.318,0.0,0.0,self_collected_rtthread,STM32F407/ADS1292R/MPU6050 live log,3.895888362,3.017156094,3.527320108,7.563664695,0.0,0.003741176,1.5,0.106,-0.49233542,-1.429197246,-1.123378535,8.916634855,-0.757220588,-1.023006807,-1.26401342,-1.338512952
local_logged,similarity_matching_dataset_20260718,self_collected_matching_unit,legacy_rtthread_features,subject_05,session_20260717_211449,session_20260717_211449_w005,window_5s,unmarked,none,,,5.0,83.0,68049.361,36675.783,8198566.41,2.506,8.096,0.0,0.0,self_collected_rtthread,STM32F407/ADS1292R/MPU6050 live log,4.832824051,4.564379394,4.994659827,1.855430353,0.030192771,0.097542169,0.9,0.301,0.721511046,0.642385181,0.784048819,0.370686468,-0.071257372,-0.611319896,-1.298178422,-0.880170844
local_logged,similarity_matching_dataset_20260718,self_collected_matching_unit,legacy_rtthread_features,subject_05,session_20260717_211449,session_20260717_211449_w006,window_5s,unmarked,none,,,5.0,83.0,823.554,658.542,160895.59,0.0,0.0,0.0,0.0,self_collected_rtthread,STM32F407/ADS1292R/MPU6050 live log,2.915692081,2.818583478,3.287466048,1.250571718,0.0,0.0,1.7,0.0,-1.762228121,-1.695066783,-1.435170133,-0.534863369,-0.757220588,-1.039426604,-1.252625087,-1.587663021
local_logged,similarity_matching_dataset_20260718,self_collected_matching_unit,legacy_rtthread_features,subject_05,session_20260717_211449,session_20260717_211449_w007,window_5s,unmarked,none,,,5.0,80.0,733.675,585.325,140874.913,0.0,0.0,0.0,0.0,self_collected_rtthread,STM32F407/ADS1292R/MPU6050 live log,2.865503721,2.767397074,3.245743674,1.253448939,0.0,0.0,1.8,0.0,-1.82724962,-1.763600429,-1.489405969,-0.530555805,-0.757220588,-1.039426604,-1.24693092,-1.587663021
local_logged,similarity_matching_dataset_20260718,self_collected_matching_unit,legacy_rtthread_features,subject_04,session_20260717_204258,session_20260717_204258_w001,window_5s,unmarked,none,,,5.0,83.0,1787.108,1399.614,346650.795,0.0,0.0,0.0,0.0,self_collected_rtthread,STM32F407/ADS1292R/MPU6050 live log,3.252150799,3.146008278,3.620814108,1.276857762,0.0,0.0,0.0,0.0,-1.326329232,-1.256676628,-1.001843617,-0.495509838,-0.757220588,-1.039426604,-1.349425924,-1.587663021
local_logged,similarity_matching_dataset_20260718,self_collected_matching_unit,legacy_rtthread_features,subject_04,session_20260717_204258,session_20260717_204258_w002,window_5s,unmarked,none,,,5.0,82.0,1942.695,1544.561,396910.744,0.0,0.0,0.0,0.0,self_collected_rtthread,STM32F407/ADS1292R/MPU6050 live log,3.288404622,3.188805065,3.684879003,1.257765151,0.0,0.0,0.0,0.0,-1.279360613,-1.199375867,-0.918564243,-0.52409389,-0.757220588,-1.039426604,-1.349425924,-1.587663021
local_logged,similarity_matching_dataset_20260718,self_collected_matching_unit,legacy_rtthread_features,subject_04,session_20260717_204258,session_20260717_204258_w003,window_5s,unmarked,none,,,5.0,83.0,2026.94,1614.747,425963.482,0.0,0.0,0.0,0.0,self_collected_rtthread,STM32F407/ADS1292R/MPU6050 live log,3.306840893,3.208104486,3.710294276,1.255267853,0.0,0.0,0.0,0.0,-1.255475513,-1.173535808,-0.885526367,-0.527832661,-0.757220588,-1.039426604,-1.349425924,-1.587663021
local_logged,similarity_matching_dataset_20260718,self_collected_matching_unit,legacy_rtthread_features,subject_04,session_20260717_204258,session_20260717_204258_w004,window_5s,unmarked,none,,,5.0,82.0,2648.159,2124.524,515495.768,0.0,0.0,0.0,0.0,self_collected_rtthread,STM32F407/ADS1292R/MPU6050 live log,3.422944057,3.327261642,3.798411252,1.24647168,0.0,0.0,36.7,0.0,-1.105058129,-1.013995896,-0.770981161,-0.541001644,-0.757220588,-1.039426604,0.740333327,-1.587663021
local_logged,similarity_matching_dataset_20260718,self_collected_matching_unit,legacy_rtthread_features,subject_04,session_20260717_204258,session_20260717_204258_w005,window_5s,unmarked,none,,,5.0,81.0,11210.247,8502.605,1832487.0,0.099,11.617,0.0,0.0,self_collected_rtthread,STM32F407/ADS1292R/MPU6050 live log,4.049615182,3.929552004,4.354555883,1.318448523,0.001222222,0.143419753,18.7,0.642,-0.293174731,-0.207587325,-0.048036455,-0.433243212,-0.729452374,-0.409965942,-0.284616714,-0.078659773
local_logged,similarity_matching_dataset_20260718,self_collected_matching_unit,legacy_rtthread_features,subject_04,session_20260717_204258,session_20260717_204258_w006,window_5s,unmarked,low,,,5.0,81.0,14258.123,10869.531,2231146.148,0.531,13.531,6.025,44.0,self_collected_rtthread,STM32F407/ADS1292R/MPU6050 live log,4.154062357,4.036210805,4.440043,1.311751445,0.006555556,0.167049383,34.0,0.877,-0.157858257,-0.064781501,0.063090139,-0.443269584,-0.608281947,-0.306256918,0.58659082,0.473701229
local_logged,similarity_matching_dataset_20260718,self_collected_matching_unit,legacy_rtthread_features,subject_04,session_20260717_204258,session_20260717_204258_w007,window_5s,Squat,medium,,,5.0,82.0,12586.732,7975.037,1612339.256,0.341,9.415,19.098,59.0,self_collected_rtthread,STM32F407/ADS1292R/MPU6050 live log,4.099912985,3.901732707,4.293642576,1.578266283,0.004158537,0.114817073,29.8,0.671,-0.228011443,-0.244834674,-0.12721901,-0.044263181,-0.662740906,-0.535501382,0.347435811,-0.010496075
local_logged,similarity_matching_dataset_20260718,self_collected_matching_unit,legacy_rtthread_features,subject_04,session_20260717_204258,session_20260717_204258_w008,window_5s,Squat,high,,,5.0,82.0,20424.171,11703.366,2166480.317,1.122,11.78,29.415,98.0,self_collected_rtthread,STM32F407/ADS1292R/MPU6050 live log,4.310144438,4.068310787,4.421940895,1.745153574,0.013682927,0.143658537,27.4,0.622,0.044353789,-0.021802728,0.039558812,0.20558819,-0.446351983,-0.408917933,0.210775805,-0.12566922
local_logged,similarity_matching_dataset_20260718,self_collected_matching_unit,legacy_rtthread_features,subject_04,session_20260717_204258,session_20260717_204258_w009,window_5s,Squat,high,,,5.0,81.0,37628.111,25384.827,4710779.765,4.58,34.951,61.852,100.0,self_collected_rtthread,STM32F407/ADS1292R/MPU6050 live log,4.575512416,4.404574208,4.764607782,1.482307167,0.05654321,0.431493827,33.2,0.975,0.388151113,0.428421485,0.484999077,-0.187926108,0.527410166,0.854373827,0.541037485,0.704047519
local_logged,similarity_matching_dataset_20260718,self_collected_matching_unit,legacy_rtthread_features,subject_04,session_20260717_204258,session_20260717_204258_w010,window_5s,Squat,medium,,,5.0,82.0,35868.622,25571.561,4877222.268,6.646,41.683,56.78,70.0,self_collected_rtthread,STM32F407/ADS1292R/MPU6050 live log,4.554714692,4.40775724,4.774358696,1.402676278,0.08104878,0.508329268,27.8,0.915,0.361206634,0.432683258,0.497674506,-0.307143615,1.084163291,1.191599952,0.233552473,0.563019178
local_logged,similarity_matching_dataset_20260718,self_collected_matching_unit,legacy_rtthread_features,subject_04,session_20260717_204258,session_20260717_204258_w011,window_5s,Squat,medium,,,5.0,81.0,57253.815,44047.63,8547303.358,14.321,50.321,64.741,70.0,self_collected_rtthread,STM32F407/ADS1292R/MPU6050 live log,4.75780443,4.643922546,5.023344099,1.299816017,0.176802469,0.621246914,26.1,1.0,0.624319421,0.748885772,0.821336138,-0.461138428,3.259634647,1.687188703,0.136751636,0.762809328
local_logged,similarity_matching_dataset_20260718,self_collected_matching_unit,legacy_rtthread_features,subject_04,session_20260717_204258,session_20260717_204258_w012,window_5s,Squat,medium,,,5.0,82.0,44865.415,31862.78,5734340.39,5.841,46.122,63.451,70.0,self_collected_rtthread,STM32F407/ADS1292R/MPU6050 live log,4.651911689,4.503283665,4.844669617,1.408082251,0.071231707,0.562463415,28.5,1.0,0.487130145,0.560583906,0.589073228,-0.29905019,0.861124771,1.429191465,0.273411641,0.762809328
local_logged,similarity_matching_dataset_20260718,self_collected_matching_unit,legacy_rtthread_features,subject_04,session_20260717_204258,session_20260717_204258_w013,window_5s,Squat,medium,,,5.0,81.0,37182.593,27308.753,5128365.975,5.123,47.444,63.938,70.0,self_collected_rtthread,STM32F407/ADS1292R/MPU6050 live log,4.570339673,4.436301869,4.801493991,1.361563196,0.063246914,0.585728395,25.3,1.0,0.381449569,0.470901756,0.532948276,-0.368695096,0.679714649,1.531300061,0.091198301,0.762809328
local_logged,similarity_matching_dataset_20260718,self_collected_matching_unit,legacy_rtthread_features,subject_04,session_20260717_204258,session_20260717_204258_w014,window_5s,Squat,medium,,,5.0,81.0,43297.938,32600.358,6107146.716,8.333,47.741,64.691,70.0,self_collected_rtthread,STM32F407/ADS1292R/MPU6050 live log,4.636467214,4.513222369,4.877353335,1.328143022,0.102876543,0.589395062,25.3,1.0,0.467121064,0.57389087,0.631559515,-0.418729321,1.580078109,1.547392842,0.091198301,0.762809328
local_logged,similarity_matching_dataset_20260718,self_collected_matching_unit,legacy_rtthread_features,subject_04,session_20260717_204258,session_20260717_204258_w015,window_5s,Squat,high,,,5.0,82.0,45995.488,35030.866,6503227.305,7.171,50.402,69.61,96.0,self_collected_rtthread,STM32F407/ADS1292R/MPU6050 live log,4.662715231,4.544450874,4.899315082,1.312998885,0.08745122,0.614658537,24.8,1.0,0.501126667,0.615702819,0.660108076,-0.441402009,1.229623221,1.658272713,0.062727466,0.762809328
local_logged,similarity_matching_dataset_20260718,self_collected_matching_unit,legacy_rtthread_features,subject_04,session_20260717_204258,session_20260717_204258_w016,window_5s,Squat,medium,,,5.0,81.0,43604.877,31782.37,5784548.025,6.84,46.494,62.741,70.0,self_collected_rtthread,STM32F407/ADS1292R/MPU6050 live log,4.639535066,4.502186279,4.853784412,1.371983178,0.084444444,0.574,23.3,1.0,0.471095618,0.559114612,0.600921751,-0.353095066,1.161310917,1.479824842,-0.022685037,0.762809328
local_logged,similarity_matching_dataset_20260718,self_collected_matching_unit,legacy_rtthread_features,subject_04,session_20260717_204258,session_20260717_204258_w017,window_5s,Squat,medium,,,5.0,81.0,43819.914,31159.321,5622814.049,5.728,45.852,65.247,70.0,self_collected_rtthread,STM32F407/ADS1292R/MPU6050 live log,4.641671521,4.493587985,4.841468702,1.406318,0.070716049,0.566074074,25.6,1.0,0.473863501,0.547602328,0.584912287,-0.301691497,0.849409304,1.44503843,0.108280801,0.762809328
local_logged,similarity_matching_dataset_20260718,self_collected_matching_unit,legacy_rtthread_features,subject_04,session_20260717_204258,session_20260717_204258_w018,window_5s,Squat,medium,,,5.0,81.0,41800.358,28483.21,4960139.914,5.852,38.543,60.049,70.0,self_collected_rtthread,STM32F407/ADS1292R/MPU6050 live log,4.621180001,4.454588932,4.787008908,1.467543792,0.072246914,0.475839506,24.5,1.0,0.447315725,0.495386366,0.514118797,-0.210028747,0.884189718,1.049004343,0.045644965,0.762809328
local_logged,similarity_matching_dataset_20260718,self_collected_matching_unit,legacy_rtthread_features,subject_04,session_20260717_204258,session_20260717_204258_w019,window_5s,Squat,high,,,5.0,81.0,39839.099,26337.247,4706788.975,4.247,40.593,59.111,81.0,self_collected_rtthread,STM32F407/ADS1292R/MPU6050 live log,4.600309508,4.420570377,4.764239709,1.512652366,0.052432099,0.501148148,27.8,1.0,0.42027697,0.449838809,0.484520611,-0.142495509,0.434007977,1.160082449,0.233552473,0.762809328
local_logged,similarity_matching_dataset_20260718,self_collected_matching_unit,legacy_rtthread_features,subject_04,session_20260717_204258,session_20260717_204258_w020,window_5s,Squat,medium,,,5.0,82.0,41596.634,28336.866,4801930.085,4.366,37.683,63.024,70.0,self_collected_rtthread,STM32F407/ADS1292R/MPU6050 live log,4.619058189,4.452351816,4.76760198,1.467933469,0.053243902,0.45954878,25.5,1.0,0.444566813,0.492391084,0.488891302,-0.209445351,0.452451696,0.977505327,0.102586634,0.762809328
local_logged,similarity_matching_dataset_20260718,self_collected_matching_unit,legacy_rtthread_features,subject_04,session_20260717_204258,session_20260717_204258_w021,window_5s,Squat,medium,,,5.0,81.0,43946.679,29569.58,5054152.519,4.123,40.309,65.654,72.0,self_collected_rtthread,STM32F407/ADS1292R/MPU6050 live log,4.642926062,4.470845156,4.795163325,1.486212486,0.050901235,0.497641975,26.0,1.0,0.475488821,0.517151878,0.524718904,-0.182079352,0.399227585,1.144694067,0.131057469,0.762809328
local_logged,similarity_matching_dataset_20260718,self_collected_matching_unit,legacy_rtthread_features,subject_04,session_20260717_204258,session_20260717_204258_w022,window_5s,Squat,high,,,5.0,81.0,51282.716,33030.086,5809795.074,5.506,39.642,67.556,100.0,self_collected_rtthread,STM32F407/ADS1292R/MPU6050 live log,4.709971018,4.518909704,4.855675795,1.552606191,0.067975309,0.489407407,27.2,1.0,0.562348873,0.581505662,0.603380402,-0.082679583,0.787141193,1.108553044,0.199387472,0.762809328
local_logged,similarity_matching_dataset_20260718,self_collected_matching_unit,legacy_rtthread_features,subject_04,session_20260717_204258,session_20260717_204258_w023,window_5s,Squat,high,,,5.0,81.0,44027.556,29501.728,5105551.951,3.938,38.37,64.42,100.0,self_collected_rtthread,STM32F407/ADS1292R/MPU6050 live log,4.643724578,4.469847455,4.799557681,1.492372108,0.048617284,0.473703704,23.7,1.0,0.476523338,0.515816053,0.530431224,-0.172857619,0.34733747,1.039630436,9.163e-05,0.762809328
local_logged,similarity_matching_dataset_20260718,self_collected_matching_unit,legacy_rtthread_features,subject_04,session_20260717_204258,session_20260717_204258_w024,window_5s,Squat,high,,,5.0,82.0,54870.402,33497.207,5459211.817,5.122,34.305,69.024,100.0,self_collected_rtthread,STM32F407/ADS1292R/MPU6050 live log,4.739338142,4.525008597,4.823316093,1.638059018,0.062463415,0.418353659,26.6,1.0,0.600395433,0.58967149,0.561315309,0.045254101,0.661913981,0.796702421,0.16522247,0.762809328
local_logged,similarity_matching_dataset_20260718,self_collected_matching_unit,legacy_rtthread_features,subject_04,session_20260717_204258,session_20260717_204258_w025,window_5s,Squat,medium,,,5.0,81.0,55300.074,32493.938,5453518.296,4.519,32.852,64.012,70.0,self_collected_rtthread,STM32F407/ADS1292R/MPU6050 live log,4.742725712,4.511802347,4.828191756,1.701858174,0.055790123,0.405580247,29.1,1.0,0.604784197,0.571989598,0.567653292,0.140769503,0.510300442,0.740640685,0.307576643,0.762809328
local_logged,similarity_matching_dataset_20260718,self_collected_matching_unit,legacy_rtthread_features,subject_04,session_20260717_204258,session_20260717_204258_w026,window_5s,Squat,high,,,5.0,81.0,32471.37,21592.778,4068794.556,1.778,31.519,59.025,100.0,self_collected_rtthread,STM32F407/ADS1292R/MPU6050 live log,4.511500612,4.33430852,4.700980743,1.503806967,0.021950617,0.389123457,39.1,1.0,0.305220659,0.334342522,0.402288882,-0.15573819,-0.258514595,0.668412824,0.876993332,0.762809328
local_logged,similarity_matching_dataset_20260718,self_collected_matching_unit,legacy_rtthread_features,subject_04,session_20260717_204258,session_20260717_204258_w027,window_5s,FatiguedSquat,medium,,,5.0,81.0,42300.519,27074.802,4661665.444,3.469,32.259,57.58,70.0,self_collected_rtthread,STM32F407/ADS1292R/MPU6050 live log,4.626345696,4.432565289,4.760056083,1.562357464,0.04282716,0.398259259,26.3,1.0,0.454008138,0.465898837,0.479082223,-0.068080694,0.215789025,0.708509309,0.14813997,0.762809328
local_logged,similarity_matching_dataset_20260718,self_collected_matching_unit,legacy_rtthread_features,subject_04,session_20260717_204258,session_20260717_204258_w028,window_5s,FatiguedSquat,high,,,5.0,82.0,44750.927,28370.134,4794387.415,4.488,34.768,68.22,100.0,self_collected_rtthread,STM32F407/ADS1292R/MPU6050 live log,4.650802036,4.452861387,4.766919272,1.577395687,0.054731707,0.424,30.2,1.0,0.485692534,0.49307335,0.488003834,-0.045566574,0.486253811,0.821483872,0.370212478,0.762809328
local_logged,similarity_matching_dataset_20260718,self_collected_matching_unit,legacy_rtthread_features,subject_04,session_20260717_204258,session_20260717_204258_w029,window_5s,FatiguedSquat,high,,,5.0,81.0,45147.914,30185.901,5003965.37,4.358,34.222,66.963,80.0,self_collected_rtthread,STM32F407/ADS1292R/MPU6050 live log,4.654637689,4.479804143,4.790829277,1.495662296,0.053802469,0.422493827,28.2,1.0,0.490661812,0.529147096,0.519084979,-0.167931792,0.465142032,0.814873369,0.256329141,0.762809328
local_logged,similarity_matching_dataset_20260718,self_collected_matching_unit,legacy_rtthread_features,subject_04,session_20260717_204258,session_20260717_204258_w030,window_5s,FatiguedSquat,high,,,5.0,81.0,43796.111,29049.407,4768683.506,3.111,33.951,67.136,88.0,self_collected_rtthread,STM32F407/ADS1292R/MPU6050 live log,4.641435548,4.463137271,4.769913481,1.50764217,0.038407407,0.419148148,28.2,1.0,0.473557787,0.506831765,0.491896073,-0.149996406,0.115374658,0.800189385,0.256329141,0.762809328
local_logged,similarity_matching_dataset_20260718,self_collected_matching_unit,legacy_rtthread_features,subject_04,session_20260717_204258,session_20260717_204258_w031,window_5s,FatiguedSquat,high,,,5.0,81.0,50069.506,32609.593,5453320.852,3.753,35.568,71.531,100.0,self_collected_rtthread,STM32F407/ADS1292R/MPU6050 live log,4.699573307,4.513345378,4.828176032,1.535422598,0.046333333,0.439111111,29.3,1.0,0.548878125,0.574055567,0.567632852,-0.108405594,0.295447354,0.887805628,0.318964976,0.762809328
local_logged,similarity_matching_dataset_20260718,self_collected_matching_unit,legacy_rtthread_features,subject_04,session_20260717_204258,session_20260717_204258_w032,window_5s,FatiguedSquat,high,,,5.0,81.0,42693.099,27701.358,4953926.049,3.025,32.42,72.852,100.0,self_collected_rtthread,STM32F407/ADS1292R/MPU6050 live log,4.63035768,4.44250106,4.7864645,1.541191555,0.037345679,0.400246914,39.5,1.0,0.459205861,0.479201874,0.513411109,-0.099768736,0.091252779,0.717233007,0.89977,0.762809328
local_logged,similarity_matching_dataset_20260718,self_collected_matching_unit,legacy_rtthread_features,subject_04,session_20260717_204258,session_20260717_204258_w033,window_5s,FatiguedSquat,medium,,,5.0,82.0,45263.268,30012.671,5200383.646,4.268,35.451,65.512,70.0,self_collected_rtthread,STM32F407/ADS1292R/MPU6050 live log,4.655745907,4.477304648,4.802221531,1.508138613,0.05204878,0.432329268,35.1,1.0,0.492097563,0.525800514,0.533894022,-0.149253168,0.425299179,0.858040528,0.649226656,0.762809328
local_logged,similarity_matching_dataset_20260718,self_collected_matching_unit,legacy_rtthread_features,subject_04,session_20260717_204258,session_20260717_204258_w034,window_5s,FatiguedSquat,high,,,5.0,81.0,46738.42,29593.42,4793219.988,3.123,31.556,67.704,100.0,self_collected_rtthread,STM32F407/ADS1292R/MPU6050 live log,4.669674027,4.471195158,4.772142343,1.579351761,0.038555556,0.389580247,33.8,1.0,0.510142131,0.517620497,0.49479342,-0.042638084,0.118740522,0.670417648,0.575202487,0.762809328
local_logged,similarity_matching_dataset_20260718,self_collected_matching_unit,legacy_rtthread_features,subject_04,session_20260717_204258,session_20260717_204258_w035,window_5s,FatiguedSquat,high,,,5.0,81.0,43096.16,28935.79,5238852.84,3.877,36.827,69.975,100.0,self_collected_rtthread,STM32F407/ADS1292R/MPU6050 live log,4.634438575,4.461435344,4.81075118,1.489372158,0.047864198,0.454654321,29.2,1.0,0.464492862,0.50455305,0.544981901,-0.177348924,0.330227768,0.956023841,0.31327081,0.762809328
local_logged,similarity_matching_dataset_20260718,self_collected_matching_unit,legacy_rtthread_features,subject_04,session_20260717_204258,session_20260717_204258_w036,window_5s,FatiguedSquat,medium,,,5.0,81.0,42990.136,28529.074,5265731.185,4.84,36.58,66.198,70.0,self_collected_rtthread,STM32F407/ADS1292R/MPU6050 live log,4.633368819,4.455287676,4.812973666,1.506888587,0.059753086,0.451604938,29.1,1.0,0.463106941,0.496321917,0.54787096,-0.151124615,0.60033679,0.942640283,0.307576643,0.762809328
local_logged,similarity_matching_dataset_20260718,self_collected_matching_unit,legacy_rtthread_features,subject_04,session_20260717_204258,session_20260717_204258_w037,window_5s,Rest,medium,,,5.0,82.0,17608.146,13514.793,3052410.598,0.159,25.585,37.512,62.0,self_collected_rtthread,STM32F407/ADS1292R/MPU6050 live log,4.245713631,4.130809398,4.5708291,1.302879445,0.001939024,0.312012195,9.3,1.0,-0.039119504,0.06187687,0.233101883,-0.456552089,-0.713167025,0.329976137,-0.819868403,0.762809328
local_logged,similarity_matching_dataset_20260718,self_collected_matching_unit,legacy_rtthread_features,subject_04,session_20260717_204258,session_20260717_204258_w038,window_5s,Rest,medium,,,5.0,82.0,18332.305,14186.366,3277460.341,0.415,27.793,38.683,68.0,self_collected_rtthread,STM32F407/ADS1292R/MPU6050 live log,4.263217074,4.15187116,4.601723593,1.292248135,0.005060976,0.338939024,0.3,1.0,-0.016442929,0.090076533,0.273262318,-0.472468504,-0.642237986,0.448156369,-1.332343423,0.762809328
local_logged,similarity_matching_dataset_20260718,self_collected_matching_unit,legacy_rtthread_features,subject_04,session_20260717_204258,session_20260717_204258_w039,window_5s,Rest,medium,,,5.0,82.0,18600.11,14257.646,3311357.439,0.244,29.988,45.098,63.0,self_collected_rtthread,STM32F407/ADS1292R/MPU6050 live log,4.269515513,4.154047828,4.60619221,1.304570895,0.00297561,0.365707317,0.4,1.0,-0.00828299,0.092990881,0.279071172,-0.454019775,-0.689616359,0.565640795,-1.326649256,0.762809328
local_logged,similarity_matching_dataset_20260718,self_collected_matching_unit,legacy_rtthread_features,subject_04,session_20260717_204258,session_20260717_204258_w040,window_5s,Rest,medium,,,5.0,62.0,17522.419,13446.516,3124803.839,0.339,23.435,29.613,51.0,self_collected_rtthread,STM32F407/ADS1292R/MPU6050 live log,4.243594061,4.128609773,4.70243107,1.303119633,0.005467742,0.377983871,0.0,1.0,-0.041865512,0.058931785,0.404174194,-0.456192498,-0.632996485,0.619521852,-1.349425924,0.762809328
local_logged,similarity_matching_dataset_20260718,self_collected_matching_unit,legacy_rtthread_features,subject_04,session_20260717_204821,session_20260717_204821_w001,window_5s,unmarked,medium,,,5.0,82.0,39957.366,29441.244,5874702.927,6.366,52.256,69.098,70.0,self_collected_rtthread,STM32F407/ADS1292R/MPU6050 live log,4.601596852,4.468956157,4.855172058,1.357190138,0.077634146,0.637268293,0.9,1.0,0.421944788,0.514622691,0.602725583,-0.375242117,1.006584678,1.757505571,-1.298178422,0.762809328
local_logged,similarity_matching_dataset_20260718,self_collected_matching_unit,legacy_rtthread_features,subject_04,session_20260717_204821,session_20260717_204821_w002,window_5s,unmarked,high,,,5.0,82.0,25415.061,19389.402,3851383.268,2.732,33.988,53.524,88.0,self_collected_rtthread,STM32F407/ADS1292R/MPU6050 live log,4.405091156,4.287564415,4.671802887,1.31077075,0.033317073,0.414487805,0.1,1.0,0.167361952,0.271756684,0.364359942,-0.444737808,-0.000274942,0.77973542,-1.343731757,0.762809328
local_logged,similarity_matching_dataset_20260718,self_collected_matching_unit,legacy_rtthread_features,subject_04,session_20260717_204821,session_20260717_204821_w003,window_5s,unmarked,high,,,5.0,81.0,36946.086,27711.432,5317708.481,4.111,45.901,71.753,100.0,self_collected_rtthread,STM32F407/ADS1292R/MPU6050 live log,4.567568437,4.442658969,4.817239507,1.333243479,0.050753086,0.566679012,0.0,1.0,0.377859295,0.479413299,0.553416221,-0.411093292,0.395861721,1.447693466,-1.349425924,0.762809328
local_logged,similarity_matching_dataset_20260718,self_collected_matching_unit,legacy_rtthread_features,subject_04,session_20260717_204821,session_20260717_204821_w004,window_5s,unmarked,high,,,5.0,82.0,25972.512,19484.927,3803718.512,1.744,31.366,57.476,91.0,self_collected_rtthread,STM32F407/ADS1292R/MPU6050 live log,4.414513956,4.289698783,4.666394518,1.332954032,0.021268293,0.382512195,0.0,1.0,0.179569655,0.274614396,0.357329483,-0.411526631,-0.274016623,0.639396393,-1.349425924,0.762809328
local_logged,similarity_matching_dataset_20260718,self_collected_matching_unit,legacy_rtthread_features,subject_04,session_20260717_204821,session_20260717_204821_w005,window_5s,Squat,medium,,,5.0,82.0,38136.024,25764.22,4837867.232,5.22,36.634,61.195,70.0,self_collected_rtthread,STM32F407/ADS1292R/MPU6050 live log,4.581335412,4.411016999,4.770840093,1.480193229,0.063658537,0.446756098,39.4,1.0,0.395695092,0.43704776,0.493100596,-0.191090941,0.689066498,0.921359016,0.894075833,0.762809328
local_logged,similarity_matching_dataset_20260718,self_collected_matching_unit,legacy_rtthread_features,subject_04,session_20260717_204821,session_20260717_204821_w006,window_5s,Squat,medium,,,5.0,81.0,45224.0,27712.111,4603969.667,5.185,27.309,64.086,70.0,self_collected_rtthread,STM32F407/ADS1292R/MPU6050 live log,4.655368972,4.44266961,4.754647435,1.63192187,0.064012346,0.337148148,30.9,1.0,0.491609226,0.479427546,0.472051402,0.036066015,0.697104844,0.440296322,0.410071647,0.762809328
local_logged,similarity_matching_dataset_20260718,self_collected_matching_unit,legacy_rtthread_features,subject_04,session_20260717_204821,session_20260717_204821_w007,window_5s,Squat,medium,,,5.0,81.0,48362.926,31261.617,5347797.679,4.42,35.802,67.111,70.0,self_collected_rtthread,STM32F407/ADS1292R/MPU6050 live log,4.684512568,4.495011438,4.81968995,1.54703853,0.054567901,0.442,26.3,1.0,0.529366194,0.549508194,0.556601606,-0.091015075,0.482532228,0.900484788,0.14813997,0.762809328
local_logged,similarity_matching_dataset_20260718,self_collected_matching_unit,legacy_rtthread_features,subject_04,session_20260717_204821,session_20260717_204821_w008,window_5s,Squat,medium,,,5.0,81.0,52962.321,35403.617,5842462.963,7.222,37.185,67.037,70.0,self_collected_rtthread,STM32F407/ADS1292R/MPU6050 live log,4.723967009,4.549047634,4.858110949,1.495957913,0.089160494,0.459074074,28.3,1.0,0.580481371,0.621857436,0.606545912,-0.167489216,1.26845699,0.975421871,0.262023307,0.762809328
local_logged,similarity_matching_dataset_20260718,self_collected_matching_unit,legacy_rtthread_features,subject_04,session_20260717_204821,session_20260717_204821_w009,window_5s,Squat,high,,,5.0,81.0,59677.852,37912.975,6273684.222,5.235,35.148,69.901,100.0,self_collected_rtthread,STM32F407/ADS1292R/MPU6050 live log,4.775813183,4.578787864,4.889037636,1.574074627,0.06462963,0.433925926,26.3,1.0,0.64765065,0.661676729,0.646748197,-0.05053862,0.711129199,0.865048163,0.14813997,0.762809328
local_logged,similarity_matching_dataset_20260718,self_collected_matching_unit,legacy_rtthread_features,subject_04,session_20260717_204821,session_20260717_204821_w010,window_5s,Squat,high,,,5.0,82.0,52038.768,31998.549,5346153.561,5.61,33.451,69.415,100.0,self_collected_rtthread,STM32F407/ADS1292R/MPU6050 live log,4.716327006,4.505130285,4.814227577,1.626285242,0.068414634,0.407939024,30.6,1.0,0.57058337,0.563056352,0.549500946,0.02762727,0.797122416,0.750993215,0.392989146,0.762809328
local_logged,similarity_matching_dataset_20260718,self_collected_matching_unit,legacy_rtthread_features,subject_04,session_20260717_204821,session_20260717_204821_w011,window_5s,Squat,high,,,5.0,81.0,48240.765,30410.802,5129847.963,4.198,32.0,67.778,86.0,self_collected_rtthread,STM32F407/ADS1292R/MPU6050 live log,4.683414186,4.483027874,4.801619475,1.58630361,0.05182716,0.395061728,30.6,1.0,0.527943186,0.53346336,0.533111396,-0.032230287,0.420264094,0.694475538,0.392989146,0.762809328
local_logged,similarity_matching_dataset_20260718,self_collected_matching_unit,legacy_rtthread_features,subject_04,session_20260717_204821,session_20260717_204821_w012,window_5s,Squat,medium,,,5.0,81.0,48556.21,30402.407,5096080.074,5.086,33.222,66.753,70.0,self_collected_rtthread,STM32F407/ADS1292R/MPU6050 live log,4.686244781,4.482907969,4.798751225,1.597117294,0.062790123,0.410148148,28.9,1.0,0.531610361,0.533302819,0.529382894,-0.016040835,0.669336607,0.760688927,0.296188309,0.762809328
local_logged,similarity_matching_dataset_20260718,self_collected_matching_unit,legacy_rtthread_features,subject_04,session_20260717_204821,session_20260717_204821_w013,window_5s,Squat,medium,,,5.0,81.0,44970.975,30388.321,5443877.667,5.136,38.222,69.654,70.0,self_collected_rtthread,STM32F407/ADS1292R/MPU6050 live log,4.652932303,4.482706705,4.827423338,1.479876924,0.063407407,0.471876543,31.6,1.0,0.488452401,0.533033346,0.566654408,-0.191564489,0.683360962,1.031611137,0.449930815,0.762809328
local_logged,similarity_matching_dataset_20260718,self_collected_matching_unit,legacy_rtthread_features,subject_04,session_20260717_204821,session_20260717_204821_w014,window_5s,Squat,medium,,,5.0,81.0,45441.975,31197.025,5414335.506,5.877,37.136,66.321,70.0,self_collected_rtthread,STM32F407/ADS1292R/MPU6050 live log,4.657457198,4.494113181,4.825060145,1.456612449,0.072555556,0.458469136,27.3,1.0,0.494314625,0.548305514,0.563582441,-0.226394349,0.891201895,0.972766835,0.205081638,0.762809328
local_logged,similarity_matching_dataset_20260718,self_collected_matching_unit,legacy_rtthread_features,subject_04,session_20260717_204821,session_20260717_204821_w015,window_5s,Squat,high,,,5.0,82.0,52845.89,35341.756,5968716.524,5.598,38.378,70.732,100.0,self_collected_rtthread,STM32F407/ADS1292R/MPU6050 live log,4.723011216,4.548288124,4.862067101,1.495281955,0.068268293,0.46802439,30.1,1.0,0.579243094,0.620840526,0.611688602,-0.16850121,0.793797629,1.014704269,0.364518312,0.762809328
local_logged,similarity_matching_dataset_20260718,self_collected_matching_unit,legacy_rtthread_features,subject_04,session_20260717_204821,session_20260717_204821_w016,window_5s,Squat,medium,,,5.0,81.0,49889.852,33369.235,5655507.049,5.395,34.247,68.79,70.0,self_collected_rtthread,STM32F407/ADS1292R/MPU6050 live log,4.698012216,4.52334625,4.843986529,1.495085278,0.066604938,0.422802469,29.9,1.0,0.546855655,0.587445768,0.588185266,-0.168795661,0.756007114,0.81622798,0.353129978,0.762809328
local_logged,similarity_matching_dataset_20260718,self_collected_matching_unit,legacy_rtthread_features,subject_04,session_20260717_204821,session_20260717_204821_w017,window_5s,Squat,high,,,5.0,81.0,35420.667,25292.877,4838662.012,3.148,38.395,62.37,92.0,self_collected_rtthread,STM32F407/ADS1292R/MPU6050 live log,4.549256735,4.402998232,4.776240268,1.40042064,0.038864198,0.474012346,39.4,1.0,0.354135581,0.426311406,0.500120403,-0.31052059,0.125752699,1.040985048,0.894075833,0.762809328
local_logged,similarity_matching_dataset_20260718,self_collected_matching_unit,legacy_rtthread_features,subject_04,session_20260717_204821,session_20260717_204821_w018,window_5s,Squat,medium,,,5.0,81.0,46706.025,29608.457,5045037.333,4.444,31.901,62.741,70.0,self_collected_rtthread,STM32F407/ADS1292R/MPU6050 live log,4.669372907,4.471415775,4.794379365,1.577455556,0.054864198,0.393839506,42.7,1.0,0.509752015,0.517915882,0.523699817,-0.045476942,0.489263933,0.689111279,1.08198334,0.762809328
local_logged,similarity_matching_dataset_20260718,self_collected_matching_unit,legacy_rtthread_features,subject_04,session_20260717_204821,session_20260717_204821_w019,window_5s,Squat,high,,,5.0,81.0,43091.383,27521.988,4589106.642,3.704,28.63,68.42,99.0,self_collected_rtthread,STM32F407/ADS1292R/MPU6050 live log,4.634390433,4.439679801,4.753243131,1.565707499,0.045728395,0.35345679,36.9,1.0,0.464430492,0.475424481,0.470225916,-0.063065269,0.281703494,0.51187397,0.75172166,0.762809328
local_logged,similarity_matching_dataset_20260718,self_collected_matching_unit,legacy_rtthread_features,subject_04,session_20260717_204821,session_20260717_204821_w020,window_5s,Squat,medium,,,5.0,82.0,32187.659,22705.841,4048209.476,2.476,31.573,63.878,74.0,self_collected_rtthread,STM32F407/ADS1292R/MPU6050 live log,4.507689392,4.356137592,4.693449125,1.417593781,0.030195122,0.385036585,37.0,1.0,0.300283035,0.363569539,0.392498365,-0.284810227,-0.071203958,0.650475789,0.757415827,0.762809328
local_logged,similarity_matching_dataset_20260718,self_collected_matching_unit,legacy_rtthread_features,subject_04,session_20260717_204821,session_20260717_204821_w021,window_5s,Squat,medium,,,5.0,81.0,21807.42,16078.37,3217043.136,2.21,22.617,43.531,70.0,self_collected_rtthread,STM32F407/ADS1292R/MPU6050 live log,4.338604288,4.206242019,4.598971865,1.356320324,0.027283951,0.279222222,4.9,1.0,0.08122493,0.162873857,0.269685286,-0.376544338,-0.137344169,0.18606292,-1.070411746,0.762809328
local_logged,similarity_matching_dataset_20260718,self_collected_matching_unit,legacy_rtthread_features,subject_04,session_20260717_204821,session_20260717_204821_w022,window_5s,Squat,medium,,,5.0,82.0,43572.341,30190.268,5469463.293,6.976,40.573,62.878,70.0,self_collected_rtthread,STM32F407/ADS1292R/MPU6050 live log,4.639210894,4.479866968,4.82413086,1.443257841,0.085073171,0.494792683,33.1,1.0,0.470675637,0.529231212,0.562374443,-0.246387885,1.17559525,1.132188696,0.535343318,0.762809328
local_logged,similarity_matching_dataset_20260718,self_collected_matching_unit,legacy_rtthread_features,subject_04,session_20260717_204821,session_20260717_204821_w023,window_5s,Squat,medium,,,5.0,70.0,44993.043,31522.357,5570008.9,5.971,44.371,68.457,70.0,self_collected_rtthread,STM32F407/ADS1292R/MPU6050 live log,4.653145367,4.498618683,4.900757849,1.427337524,0.0853,0.633871429,40.4,1.0,0.488728435,0.554337946,0.661983561,-0.270222612,1.180748681,1.742596939,0.951017502,0.762809328
local_logged,similarity_matching_dataset_20260718,self_collected_matching_unit,legacy_rtthread_features,subject_04,session_20260717_205428,session_20260717_205428_w001,window_5s,unmarked,none,,,5.0,83.0,1691.663,1313.422,233743.277,0.0,0.0,0.0,0.0,self_collected_rtthread,STM32F407/ADS1292R/MPU6050 live log,3.228313851,3.118404287,3.449661036,1.287981319,0.0,0.0,0.0,0.0,-1.357211175,-1.293635703,-1.22432928,-0.478856467,-0.757220588,-1.039426604,-1.349425924,-1.587663021
local_logged,similarity_matching_dataset_20260718,self_collected_matching_unit,legacy_rtthread_features,subject_04,session_20260717_205428,session_20260717_205428_w002,window_5s,unmarked,none,,,5.0,83.0,1238.361,979.398,176973.301,0.0,0.0,0.0,0.0,self_collected_rtthread,STM32F407/ADS1292R/MPU6050 live log,3.092847266,2.990959213,3.328829659,1.264410383,0.0,0.0,0.0,0.0,-1.532714828,-1.464272337,-1.38140066,-0.514145138,-0.757220588,-1.039426604,-1.349425924,-1.587663021
local_logged,similarity_matching_dataset_20260718,self_collected_matching_unit,legacy_rtthread_features,subject_04,session_20260717_205428,session_20260717_205428_w003,window_5s,unmarked,none,,,5.0,82.0,1268.22,970.78,173407.646,0.0,0.012,0.0,0.0,self_collected_rtthread,STM32F407/ADS1292R/MPU6050 live log,3.103194598,2.98712082,3.32525439,1.306392798,0.0,0.000146341,0.3,0.0,-1.519309348,-1.469411574,-1.386048231,-0.451292156,-0.757220588,-1.038784322,-1.332343423,-1.587663021
local_logged,similarity_matching_dataset_20260718,self_collected_matching_unit,legacy_rtthread_features,subject_04,session_20260717_205428,session_20260717_205428_w004,window_5s,unmarked,none,,,5.0,82.0,4446.415,3267.049,565450.171,0.0,0.085,0.0,0.0,self_collected_rtthread,STM32F407/ADS1292R/MPU6050 live log,3.648009995,3.514155648,3.838580487,1.360988158,0.0,0.001036585,0.1,0.0,-0.813474089,-0.763762889,-0.718764284,-0.369556001,-0.757220588,-1.034877094,-1.343731757,-1.587663021
local_logged,similarity_matching_dataset_20260718,self_collected_matching_unit,legacy_rtthread_features,subject_04,session_20260717_205428,session_20260717_205428_w005,window_5s,unmarked,none,,,5.0,82.0,5219.293,4024.512,727428.378,0.0,0.0,0.0,0.0,self_collected_rtthread,STM32F407/ADS1292R/MPU6050 live log,3.717611678,3.604713227,3.947976387,1.296875994,0.0,0.0,0.5,0.0,-0.723301671,-0.642515045,-0.576558134,-0.465540014,-0.757220588,-1.039426604,-1.320955089,-1.587663021
local_logged,similarity_matching_dataset_20260718,self_collected_matching_unit,legacy_rtthread_features,subject_04,session_20260717_205428,session_20260717_205428_w006,window_5s,unmarked,none,,,5.0,82.0,6922.012,4791.293,861011.11,0.098,2.0,0.0,0.0,self_collected_rtthread,STM32F407/ADS1292R/MPU6050 live log,3.840232348,3.68045273,4.021194903,1.444706471,0.001195122,0.024390244,11.2,0.232,-0.564440536,-0.541107172,-0.481379766,-0.244219103,-0.730068071,-0.932379291,-0.711679232,-1.042353436
local_logged,similarity_matching_dataset_20260718,self_collected_matching_unit,legacy_rtthread_features,subject_04,session_20260717_205428,session_20260717_205428_w007,window_5s,Squat,high,,,5.0,81.0,10962.568,8316.988,1818737.679,0.099,9.556,17.309,100.0,self_collected_rtthread,STM32F407/ADS1292R/MPU6050 live log,4.0399123,3.919966075,4.351285045,1.318093521,0.001222222,0.117975309,42.1,0.741,-0.305745294,-0.220421957,-0.05228829,-0.433774694,-0.729452374,-0.521640075,1.047818339,0.15403699
local_logged,similarity_matching_dataset_20260718,self_collected_matching_unit,legacy_rtthread_features,subject_04,session_20260717_205428,session_20260717_205428_w008,window_5s,Squat,medium,,,5.0,82.0,36169.537,24802.427,4495696.756,4.049,34.683,68.585,70.0,self_collected_rtthread,STM32F407/ADS1292R/MPU6050 live log,4.558342949,4.39449418,4.738983157,1.458306358,0.049378049,0.422963415,33.8,1.0,0.36590722,0.414925302,0.451689061,-0.223858353,0.364621634,0.816934363,0.575202487,0.762809328
local_logged,similarity_matching_dataset_20260718,self_collected_matching_unit,legacy_rtthread_features,subject_04,session_20260717_205428,session_20260717_205428_w009,window_5s,Squat,high,,,5.0,81.0,41400.37,27779.21,4698270.704,4.679,31.84,70.074,94.0,self_collected_rtthread,STM32F407/ADS1292R/MPU6050 live log,4.617004222,4.443719891,4.763453017,1.490336478,0.057765432,0.39308642,31.3,1.0,0.441905797,0.480833771,0.483497973,-0.175905215,0.555178381,0.68580603,0.432848314,0.762809328
local_logged,similarity_matching_dataset_20260718,self_collected_matching_unit,legacy_rtthread_features,subject_04,session_20260717_205428,session_20260717_205428_w010,window_5s,Squat,medium,,,5.0,81.0,43308.469,29816.802,5042074.568,4.444,32.926,68.716,70.0,self_collected_rtthread,STM32F407/ADS1292R/MPU6050 live log,4.636572831,4.474461061,4.794124245,1.452485381,0.054864198,0.406493827,30.4,1.0,0.467257896,0.521993226,0.523368181,-0.232573092,0.489263933,0.744650332,0.381600812,0.762809328
local_logged,similarity_matching_dataset_20260718,self_collected_matching_unit,legacy_rtthread_features,subject_04,session_20260717_205428,session_20260717_205428_w011,window_5s,Squat,high,,,5.0,81.0,36920.938,24604.444,4220944.358,3.395,26.284,68.864,100.0,self_collected_rtthread,STM32F407/ADS1292R/MPU6050 live log,4.567272726,4.391013555,4.716924608,1.500580058,0.04191358,0.324493827,29.2,1.0,0.377476187,0.410265082,0.423014665,-0.16056928,0.195032987,0.384757269,0.31327081,0.762809328
local_logged,similarity_matching_dataset_20260718,self_collected_matching_unit,legacy_rtthread_features,subject_04,session_20260717_205428,session_20260717_205428_w012,window_5s,Squat,high,,,5.0,82.0,36941.232,25610.573,4450220.671,4.256,32.512,70.39,100.0,self_collected_rtthread,STM32F407/ADS1292R/MPU6050 live log,4.567511375,4.408419295,4.734567694,1.442421144,0.051902439,0.396487805,29.3,1.0,0.377785369,0.433569685,0.445949303,-0.247640527,0.421974392,0.700734504,0.318964976,0.762809328
local_logged,similarity_matching_dataset_20260718,self_collected_matching_unit,legacy_rtthread_features,subject_04,session_20260717_205428,session_20260717_205428_w013,window_5s,Squat,high,,,5.0,81.0,42676.469,29371.84,4998919.21,4.333,35.173,71.333,100.0,self_collected_rtthread,STM32F407/ADS1292R/MPU6050 live log,4.630188479,4.467931154,4.790391099,1.452972269,0.053493827,0.434234568,33.9,1.0,0.458986653,0.513250311,0.518515382,-0.231844159,0.458129855,0.866402775,0.580896654,0.762809328
local_logged,similarity_matching_dataset_20260718,self_collected_matching_unit,legacy_rtthread_features,subject_04,session_20260717_205428,session_20260717_205428_w014,window_5s,Squat,high,,,5.0,81.0,43716.457,29346.333,5010879.457,3.864,29.84,70.346,100.0,self_collected_rtthread,STM32F407/ADS1292R/MPU6050 live log,4.640644957,4.467553841,4.791428936,1.489673582,0.047703704,0.368395062,36.6,1.0,0.472533537,0.512745126,0.519864489,-0.176897654,0.326581433,0.577437146,0.73463916,0.762809328
local_logged,similarity_matching_dataset_20260718,self_collected_matching_unit,legacy_rtthread_features,subject_04,session_20260717_205428,session_20260717_205428_w015,window_5s,Squat,high,,,5.0,81.0,37634.519,24822.531,4385551.444,2.963,30.938,69.333,100.0,self_collected_rtthread,STM32F407/ADS1292R/MPU6050 live log,4.57558637,4.394846062,4.733539191,1.516143499,0.036580247,0.381950617,31.0,1.0,0.388246924,0.415396438,0.444612329,-0.137268842,0.073862584,0.636931661,0.415765814,0.762809328
local_logged,similarity_matching_dataset_20260718,self_collected_matching_unit,legacy_rtthread_features,subject_04,session_20260717_205428,session_20260717_205428_w016,window_5s,Squat,high,,,5.0,82.0,40195.744,27908.073,5095568.073,5.829,36.89,71.0,100.0,self_collected_rtthread,STM32F407/ADS1292R/MPU6050 live log,4.604180072,4.44572985,4.793378755,1.440290915,0.071085366,0.449878049,27.7,1.0,0.425291477,0.483524911,0.522399102,-0.250829749,0.857799984,0.935061071,0.227858306,0.762809328
local_logged,similarity_matching_dataset_20260718,self_collected_matching_unit,legacy_rtthread_features,subject_04,session_20260717_205428,session_20260717_205428_w017,window_5s,Squat,high,,,5.0,81.0,42299.099,29318.185,4880770.975,3.593,31.975,70.469,100.0,self_collected_rtthread,STM32F407/ADS1292R/MPU6050 live log,4.626331117,4.467137081,4.78000341,1.442759809,0.044358025,0.394753086,30.3,1.0,0.45398925,0.512187124,0.505012195,-0.247133502,0.250569439,0.693120927,0.375906645,0.762809328
local_logged,similarity_matching_dataset_20260718,self_collected_matching_unit,legacy_rtthread_features,subject_04,session_20260717_205428,session_20260717_205428_w018,window_5s,Squat,high,,,5.0,81.0,41670.654,28835.16,5035698.481,4.506,29.617,71.852,100.0,self_collected_rtthread,STM32F407/ADS1292R/MPU6050 live log,4.619830317,4.459922366,4.793574699,1.445133441,0.05562963,0.365641975,32.0,1.0,0.445567143,0.502527318,0.522653814,-0.243579875,0.506654129,0.565354013,0.472707483,0.762809328
local_logged,similarity_matching_dataset_20260718,self_collected_matching_unit,legacy_rtthread_features,subject_04,session_20260717_205428,session_20260717_205428_w019,window_5s,Squat,high,,,5.0,81.0,40968.963,28431.111,5075109.136,6.309,34.84,72.519,100.0,self_collected_rtthread,STM32F407/ADS1292R/MPU6050 live log,4.612454971,4.453793831,4.796960367,1.440990575,0.077888889,0.430123457,32.2,1.0,0.436012017,0.494321802,0.527054918,-0.249782269,1.012372299,0.848359356,0.484095816,0.762809328
local_logged,similarity_matching_dataset_20260718,self_collected_matching_unit,legacy_rtthread_features,subject_04,session_20260717_205428,session_20260717_205428_w020,window_5s,Squat,high,,,5.0,82.0,44550.415,30921.732,5332313.634,4.427,38.537,70.732,100.0,self_collected_rtthread,STM32F407/ADS1292R/MPU6050 live log,4.648851754,4.490263812,4.813101833,1.440747724,0.053987805,0.469963415,30.6,1.0,0.483165848,0.543151581,0.548037567,-0.250145848,0.469352765,1.023214533,0.392989146,0.762809328
local_logged,similarity_matching_dataset_20260718,self_collected_matching_unit,legacy_rtthread_features,subject_04,session_20260717_205428,session_20260717_205428_w021,window_5s,Squat,high,,,5.0,81.0,43279.753,29657.259,5272683.519,5.753,36.938,71.481,100.0,self_collected_rtthread,STM32F407/ADS1292R/MPU6050 live log,4.636284774,4.47213101,4.813546686,1.459330851,0.071024691,0.456024691,29.5,1.0,0.466884704,0.518873512,0.548615841,-0.222324558,0.856421481,0.962038313,0.33035331,0.762809328
local_logged,similarity_matching_dataset_20260718,self_collected_matching_unit,legacy_rtthread_features,subject_04,session_20260717_205428,session_20260717_205428_w022,window_5s,Squat,medium,,,5.0,81.0,40672.543,27708.975,4809670.667,3.593,34.247,70.0,70.0,self_collected_rtthread,STM32F407/ADS1292R/MPU6050 live log,4.609301327,4.442620461,4.773630321,1.467847259,0.044358025,0.422802469,27.5,1.0,0.431926316,0.47936174,0.496727675,-0.209574418,0.250569439,0.81622798,0.216469972,0.762809328
local_logged,similarity_matching_dataset_20260718,self_collected_matching_unit,legacy_rtthread_features,subject_04,session_20260717_205428,session_20260717_205428_w023,window_5s,Squat,high,,,5.0,81.0,37110.679,25461.432,4532155.827,2.864,32.988,74.444,100.0,self_collected_rtthread,STM32F407/ADS1292R/MPU6050 live log,4.569498901,4.405882826,4.747819815,1.457525209,0.035358025,0.407259259,32.3,1.0,0.380360307,0.430173598,0.463176028,-0.225027832,0.046094369,0.748009767,0.489789983,0.762809328
local_logged,similarity_matching_dataset_20260718,self_collected_matching_unit,legacy_rtthread_features,subject_04,session_20260717_205428,session_20260717_205428_w024,window_5s,Squat,medium,,,5.0,81.0,43905.444,29750.296,5010976.765,4.444,30.037,70.0,70.0,self_collected_rtthread,STM32F407/ADS1292R/MPU6050 live log,4.642518373,4.473491291,4.79143737,1.47579856,0.054864198,0.37082716,28.2,1.0,0.47496064,0.520694797,0.519875452,-0.197670316,0.489263933,0.588111478,0.256329141,0.762809328
local_logged,similarity_matching_dataset_20260718,self_collected_matching_unit,legacy_rtthread_features,subject_04,session_20260717_205428,session_20260717_205428_w025,window_5s,Squat,high,,,5.0,82.0,37511.268,26395.024,5043955.768,5.293,37.805,72.463,100.0,self_collected_rtthread,STM32F407/ADS1292R/MPU6050 live log,4.574161745,4.421522061,4.788957417,1.421149229,0.06454878,0.461036585,26.5,1.0,0.386401252,0.451113022,0.516651707,-0.279487272,0.709292331,0.984035214,0.159528303,0.762809328
local_logged,similarity_matching_dataset_20260718,self_collected_matching_unit,legacy_rtthread_features,subject_04,session_20260717_205428,session_20260717_205428_w026,window_5s,FatiguedSquat,high,,,5.0,81.0,37152.062,25228.012,4966100.198,5.37,40.296,72.494,100.0,self_collected_rtthread,STM32F407/ADS1292R/MPU6050 live log,4.569982923,4.401883029,4.787530459,1.472651194,0.066296296,0.497481481,33.2,1.0,0.380987381,0.424818257,0.514796772,-0.20238232,0.748994937,1.143989668,0.541037485,0.762809328
local_logged,similarity_matching_dataset_20260718,self_collected_matching_unit,legacy_rtthread_features,subject_04,session_20260717_205428,session_20260717_205428_w027,window_5s,FatiguedSquat,high,,,5.0,81.0,41878.457,28917.383,5206908.111,5.877,38.691,71.481,100.0,self_collected_rtthread,STM32F407/ADS1292R/MPU6050 live log,4.621990672,4.461158987,4.808094895,1.448210476,0.072555556,0.477666667,33.0,1.0,0.448365989,0.504183034,0.541528937,-0.238973165,0.891201895,1.057023642,0.529649152,0.762809328
local_logged,similarity_matching_dataset_20260718,self_collected_matching_unit,legacy_rtthread_features,subject_04,session_20260717_205428,session_20260717_205428_w028,window_5s,FatiguedSquat,high,,,5.0,81.0,44831.185,29173.975,5241814.531,5.802,38.63,71.852,100.0,self_collected_rtthread,STM32F407/ADS1292R/MPU6050 live log,4.651580219,4.464995606,4.810996632,1.536684151,0.07162963,0.47691358,32.1,1.0,0.486700709,0.509319896,0.54530097,-0.106516889,0.870165364,1.053718389,0.478401649,0.762809328
local_logged,similarity_matching_dataset_20260718,self_collected_matching_unit,legacy_rtthread_features,subject_04,session_20260717_205428,session_20260717_205428_w029,window_5s,FatiguedSquat,high,,,5.0,81.0,43981.506,29568.864,5130817.864,3.407,34.84,75.556,100.0,self_collected_rtthread,STM32F407/ADS1292R/MPU6050 live log,4.643270096,4.47083464,4.801701579,1.487426301,0.042061728,0.430123457,28.0,1.0,0.475934534,0.517137798,0.533218125,-0.180262117,0.198398829,0.848359356,0.244940807,0.762809328
local_logged,similarity_matching_dataset_20260718,self_collected_matching_unit,legacy_rtthread_features,subject_04,session_20260717_205428,session_20260717_205428_w030,window_5s,FatiguedSquat,high,,,5.0,82.0,46329.963,31596.89,5380258.598,4.024,34.341,71.463,100.0,self_collected_rtthread,STM32F407/ADS1292R/MPU6050 live log,4.665861953,4.499644338,4.816989298,1.466282378,0.049073171,0.418792683,31.3,1.0,0.505203401,0.555711199,0.553090969,-0.211917243,0.357694973,0.798629271,0.432848314,0.762809328
local_logged,similarity_matching_dataset_20260718,self_collected_matching_unit,legacy_rtthread_features,subject_04,session_20260717_205428,session_20260717_205428_w031,window_5s,FatiguedSquat,high,,,5.0,81.0,41669.815,28227.815,4919391.988,4.407,34.259,71.827,100.0,self_collected_rtthread,STM32F407/ADS1292R/MPU6050 live log,4.619821572,4.450677262,4.783426411,1.476196971,0.054407407,0.422950617,32.8,1.0,0.445555813,0.490149018,0.50946183,-0.197073844,0.478885892,0.816878193,0.518260818,0.762809328
local_logged,similarity_matching_dataset_20260718,self_collected_matching_unit,legacy_rtthread_features,subject_04,session_20260717_205428,session_20260717_205428_w032,window_5s,FatiguedSquat,medium,,,5.0,81.0,52525.704,36781.963,6842790.753,8.864,49.593,70.0,70.0,self_collected_rtthread,STM32F407/ADS1292R/MPU6050 live log,4.720371882,4.565634903,4.926748241,1.428028841,0.109432099,0.612259259,26.3,1.0,0.575823706,0.644066186,0.695769046,-0.269187624,1.729016749,1.647742426,0.14813997,0.762809328
local_logged,similarity_matching_dataset_20260718,self_collected_matching_unit,legacy_rtthread_features,subject_04,session_20260717_205428,session_20260717_205428_w033,window_5s,FatiguedSquat,medium,,,5.0,81.0,45718.704,31694.642,5861990.444,7.358,43.864,70.0,70.0,self_collected_rtthread,STM32F407/ADS1292R/MPU6050 live log,4.660093911,4.500985851,4.859560087,1.44247422,0.090839506,0.541530864,28.6,1.0,0.497730617,0.557507355,0.608429679,-0.247561065,1.306603222,1.337319758,0.279105808,0.762809328
local_logged,similarity_matching_dataset_20260718,self_collected_matching_unit,legacy_rtthread_features,subject_04,session_20260717_205428,session_20260717_205428_w034,window_5s,FatiguedSquat,high,,,5.0,81.0,45243.691,29547.617,5051665.951,5.988,35.531,70.741,100.0,self_collected_rtthread,STM32F407/ADS1292R/MPU6050 live log,4.655558028,4.470522461,4.794949606,1.531212856,0.073925926,0.438654321,26.3,1.0,0.491854157,0.516719821,0.524441086,-0.11470811,0.922335951,0.885800804,0.14813997,0.762809328
local_logged,similarity_matching_dataset_20260718,self_collected_matching_unit,legacy_rtthread_features,subject_04,session_20260717_205428,session_20260717_205428_w035,window_5s,Rest,high,,,5.0,81.0,42135.198,28839.272,5293399.136,4.383,38.21,75.926,100.0,self_collected_rtthread,STM32F407/ADS1292R/MPU6050 live log,4.624645039,4.459984293,4.815249623,1.461035424,0.054111111,0.471728395,33.3,1.0,0.451804853,0.502610233,0.550829527,-0.219772596,0.472154209,1.030960924,0.546731652,0.762809328
local_logged,similarity_matching_dataset_20260718,self_collected_matching_unit,legacy_rtthread_features,subject_04,session_20260717_205428,session_20260717_205428_w036,window_5s,Rest,high,,,5.0,82.0,26334.39,19560.951,3508844.207,1.354,23.354,78.073,100.0,self_collected_rtthread,STM32F407/ADS1292R/MPU6050 live log,4.420523263,4.291389965,4.631350234,1.346273502,0.016512195,0.284804878,0.6,1.0,0.187355009,0.276878726,0.311774644,-0.391585701,-0.382072564,0.210564861,-1.315260922,0.762809328
local_logged,similarity_matching_dataset_20260718,self_collected_matching_unit,legacy_rtthread_features,subject_04,session_20260717_205428,session_20260717_205428_w037,window_5s,Rest,high,,,5.0,82.0,23122.061,17812.244,3137287.378,0.963,17.085,78.927,100.0,self_collected_rtthread,STM32F407/ADS1292R/MPU6050 live log,4.364026543,4.250718636,4.58274045,1.298099274,0.011743902,0.208353659,0.2,1.0,0.114160718,0.222423748,0.24858571,-0.46370861,-0.490405568,-0.124974937,-1.33803759,0.762809328
local_logged,similarity_matching_dataset_20260718,self_collected_matching_unit,legacy_rtthread_features,subject_04,session_20260717_205428,session_20260717_205428_w038,window_5s,Rest,high,,,5.0,82.0,17115.122,13330.366,2501278.024,0.646,12.902,68.659,100.0,self_collected_rtthread,STM32F407/ADS1292R/MPU6050 live log,4.233379999,4.124842074,4.484348115,1.283919886,0.007878049,0.157341463,0.2,1.0,-0.055098334,0.0538872,0.120683338,-0.484936946,-0.578235631,-0.348864394,-1.33803759,0.762809328
local_logged,similarity_matching_dataset_20260718,self_collected_matching_unit,legacy_rtthread_features,subject_04,session_20260717_205428,session_20260717_205428_w039,window_5s,Rest,high,,,5.0,82.0,24021.5,18678.878,3670896.963,1.988,29.573,79.537,100.0,self_collected_rtthread,STM32F407/ADS1292R/MPU6050 live log,4.380600123,4.271350786,4.650958342,1.286024782,0.024243902,0.360646341,0.4,1.0,0.135632609,0.250048202,0.337263657,-0.481785651,-0.206412416,0.543428476,-1.326649256,0.762809328
local_logged,similarity_matching_dataset_20260718,self_collected_matching_unit,legacy_rtthread_features,subject_04,session_20260717_205428,session_20260717_205428_w040,window_5s,unmarked,medium,,,5.0,39.0,59937.436,41265.308,7572430.026,10.821,49.41,70.0,70.0,self_collected_rtthread,STM32F407/ADS1292R/MPU6050 live log,4.777698161,4.615585091,5.288170662,1.452489728,0.277461538,1.266923077,0.0,1.0,0.650092733,0.710944659,1.165590045,-0.232566584,5.546553549,4.521022513,-1.349425924,0.762809328
local_logged,similarity_matching_dataset_20260718,self_collected_matching_unit,legacy_rtthread_features,subject_07,session_20260717_114205,session_20260717_114205_w001,window_5s,unmarked,low,,,5.0,82.0,12108.988,9321.671,1825542.244,0.11,6.024,15.366,30.0,self_collected_rtthread,STM32F407/ADS1292R/MPU6050 live log,4.083107849,3.969493771,4.347578035,1.299014737,0.001341463,0.073463415,6.7,0.598,-0.249783327,-0.15410916,-0.057107114,-0.462338046,-0.726743284,-0.717000098,-0.967916742,-0.182080556
local_logged,similarity_matching_dataset_20260718,self_collected_matching_unit,legacy_rtthread_features,subject_07,session_20260717_114205,session_20260717_114205_w002,window_5s,unmarked,low,,,5.0,82.0,14763.024,11268.305,2142924.817,0.11,9.585,20.854,30.0,self_collected_rtthread,STM32F407/ADS1292R/MPU6050 live log,4.169175326,4.051858594,4.417193082,1.310137061,0.001341463,0.116890244,3.9,0.805,-0.138278659,-0.043830624,0.033387025,-0.445686521,-0.726743284,-0.526402359,-1.127353415,0.30446722
local_logged,similarity_matching_dataset_20260718,self_collected_matching_unit,legacy_rtthread_features,subject_07,session_20260717_114205,session_20260717_114205_w003,window_5s,unmarked,low,,,5.0,82.0,15537.293,11784.305,2203619.695,0.5,12.463,11.707,30.0,self_collected_rtthread,STM32F407/ADS1292R/MPU6050 live log,4.191375356,4.071303974,4.429322793,1.318473427,0.006097561,0.151987805,1.8,0.768,-0.109517424,-0.01779514,0.049154705,-0.433205927,-0.618687343,-0.372361277,-1.24693092,0.217499743
local_logged,similarity_matching_dataset_20260718,self_collected_matching_unit,legacy_rtthread_features,subject_07,session_20260717_114205,session_20260717_114205_w004,window_5s,unmarked,low,,,5.0,81.0,20724.753,15973.667,3053265.37,0.815,22.062,18.148,30.0,self_collected_rtthread,STM32F407/ADS1292R/MPU6050 live log,4.316489363,4.203404627,4.576279533,1.297432393,0.010061728,0.27237037,2.9,1.0,0.052573953,0.159074864,0.240187021,-0.464707015,-0.52862364,0.155990554,-1.184295084,0.762809328
local_logged,similarity_matching_dataset_20260718,self_collected_matching_unit,legacy_rtthread_features,subject_07,session_20260717_114205,session_20260717_114205_w005,window_5s,unmarked,low,,,5.0,82.0,21699.39,14395.524,3051562.463,0.768,18.415,13.537,30.0,self_collected_rtthread,STM32F407/ADS1292R/MPU6050 live log,4.336447525,4.158227478,4.570708412,1.507370624,0.009365854,0.224573171,40.0,0.841,0.078430737,0.098587029,0.232944998,-0.150402945,-0.544433516,-0.053788475,0.928240834,0.389084224
local_logged,similarity_matching_dataset_20260718,self_collected_matching_unit,legacy_rtthread_features,subject_07,session_20260717_114205,session_20260717_114205_w006,window_5s,unmarked,low,,,5.0,82.0,32372.488,22850.146,4796616.939,4.134,45.5,0.024,1.0,self_collected_rtthread,STM32F407/ADS1292R/MPU6050 live log,4.510176079,4.358888979,4.767121184,1.416730029,0.050414634,0.554878049,40.2,1.0,0.303504661,0.36725338,0.488266304,-0.286103373,0.388172277,1.39589975,0.939629168,0.762809328
local_logged,similarity_matching_dataset_20260718,self_collected_matching_unit,legacy_rtthread_features,subject_07,session_20260717_114205,session_20260717_114205_w007,window_5s,unmarked,none,,,5.0,83.0,29139.0,22059.0,4534644.0,4.0,48.0,0.0,0.0,self_collected_rtthread,STM32F407/ADS1292R/MPU6050 live log,4.464474643,4.343585821,4.737465105,1.320957432,0.048192771,0.578313253,9.7,1.0,0.244296193,0.346763931,0.449715711,-0.429487058,0.337692767,1.49875545,-0.797091735,0.762809328
local_logged,similarity_matching_dataset_20260718,self_collected_matching_unit,legacy_rtthread_features,subject_07,session_20260717_114205,session_20260717_114205_w008,window_5s,unmarked,none,,,5.0,83.0,29139.0,22059.0,4534644.0,4.0,48.0,0.0,0.0,self_collected_rtthread,STM32F407/ADS1292R/MPU6050 live log,4.464474643,4.343585821,4.737465105,1.320957432,0.048192771,0.578313253,15.6,1.0,0.244296193,0.346763931,0.449715711,-0.429487058,0.337692767,1.49875545,-0.461135888,0.762809328
local_logged,similarity_matching_dataset_20260718,self_collected_matching_unit,legacy_rtthread_features,subject_07,session_20260717_114205,session_20260717_114205_w009,window_5s,unmarked,none,,,5.0,83.0,29139.0,22059.0,4534644.0,4.0,48.0,0.0,0.0,self_collected_rtthread,STM32F407/ADS1292R/MPU6050 live log,4.464474643,4.343585821,4.737465105,1.320957432,0.048192771,0.578313253,40.1,1.0,0.244296193,0.346763931,0.449715711,-0.429487058,0.337692767,1.49875545,0.933935001,0.762809328
local_logged,similarity_matching_dataset_20260718,self_collected_matching_unit,legacy_rtthread_features,subject_07,session_20260717_114205,session_20260717_114205_w010,window_5s,unmarked,none,,,5.0,83.0,29139.0,22059.0,4534644.0,4.0,48.0,0.0,0.0,self_collected_rtthread,STM32F407/ADS1292R/MPU6050 live log,4.464474643,4.343585821,4.737465105,1.320957432,0.048192771,0.578313253,17.8,1.0,0.244296193,0.346763931,0.449715711,-0.429487058,0.337692767,1.49875545,-0.335864217,0.762809328
local_logged,similarity_matching_dataset_20260718,self_collected_matching_unit,legacy_rtthread_features,subject_07,session_20260717_114205,session_20260717_114205_w011,window_5s,unmarked,none,,,5.0,83.0,29139.0,22059.0,4534644.0,4.0,48.0,0.0,0.0,self_collected_rtthread,STM32F407/ADS1292R/MPU6050 live log,4.464474643,4.343585821,4.737465105,1.320957432,0.048192771,0.578313253,6.3,1.0,0.244296193,0.346763931,0.449715711,-0.429487058,0.337692767,1.49875545,-0.990693409,0.762809328
local_logged,similarity_matching_dataset_20260718,self_collected_matching_unit,legacy_rtthread_features,subject_07,session_20260717_114205,session_20260717_114205_w012,window_5s,unmarked,none,,,5.0,84.0,29139.0,22059.0,4534644.0,4.0,48.0,0.0,0.0,self_collected_rtthread,STM32F407/ADS1292R/MPU6050 live log,4.464474643,4.343585821,4.732263912,1.320957432,0.047619048,0.571428571,12.3,1.0,0.244296193,0.346763931,0.442954566,-0.429487058,0.324658095,1.468538995,-0.649043396,0.762809328
local_logged,similarity_matching_dataset_20260718,self_collected_matching_unit,legacy_rtthread_features,subject_07,session_20260717_114205,session_20260717_114205_w013,window_5s,unmarked,none,,,5.0,83.0,29139.0,22059.0,4534644.0,4.0,48.0,0.0,0.0,self_collected_rtthread,STM32F407/ADS1292R/MPU6050 live log,4.464474643,4.343585821,4.737465105,1.320957432,0.048192771,0.578313253,2.6,1.0,0.244296193,0.346763931,0.449715711,-0.429487058,0.337692767,1.49875545,-1.201377585,0.762809328
local_logged,similarity_matching_dataset_20260718,self_collected_matching_unit,legacy_rtthread_features,subject_07,session_20260717_114205,session_20260717_114205_w014,window_5s,unmarked,none,,,5.0,83.0,29139.0,22059.0,4534644.0,4.0,48.0,0.0,0.0,self_collected_rtthread,STM32F407/ADS1292R/MPU6050 live log,4.464474643,4.343585821,4.737465105,1.320957432,0.048192771,0.578313253,3.4,1.0,0.244296193,0.346763931,0.449715711,-0.429487058,0.337692767,1.49875545,-1.155824249,0.762809328
local_logged,similarity_matching_dataset_20260718,self_collected_matching_unit,legacy_rtthread_features,subject_07,session_20260717_114205,session_20260717_114205_w015,window_5s,unmarked,none,,,5.0,83.0,29139.0,22059.0,4534644.0,4.0,48.0,0.0,0.0,self_collected_rtthread,STM32F407/ADS1292R/MPU6050 live log,4.464474643,4.343585821,4.737465105,1.320957432,0.048192771,0.578313253,4.8,1.0,0.244296193,0.346763931,0.449715711,-0.429487058,0.337692767,1.49875545,-1.076105913,0.762809328
local_logged,similarity_matching_dataset_20260718,self_collected_matching_unit,legacy_rtthread_features,subject_07,session_20260717_114205,session_20260717_114205_w016,window_5s,unmarked,none,,,5.0,84.0,29139.0,22059.0,4534644.0,4.0,48.0,0.0,0.0,self_collected_rtthread,STM32F407/ADS1292R/MPU6050 live log,4.464474643,4.343585821,4.732263912,1.320957432,0.047619048,0.571428571,1.3,1.0,0.244296193,0.346763931,0.442954566,-0.429487058,0.324658095,1.468538995,-1.275401754,0.762809328
local_logged,similarity_matching_dataset_20260718,self_collected_matching_unit,legacy_rtthread_features,subject_07,session_20260717_114205,session_20260717_114205_w017,window_5s,unmarked,none,,,5.0,83.0,29139.0,22059.0,4534644.0,4.0,48.0,0.0,0.0,self_collected_rtthread,STM32F407/ADS1292R/MPU6050 live log,4.464474643,4.343585821,4.737465105,1.320957432,0.048192771,0.578313253,0.8,1.0,0.244296193,0.346763931,0.449715711,-0.429487058,0.337692767,1.49875545,-1.303872589,0.762809328
local_logged,similarity_matching_dataset_20260718,self_collected_matching_unit,legacy_rtthread_features,subject_07,session_20260717_114205,session_20260717_114205_w018,window_5s,unmarked,none,,,5.0,84.0,29139.0,22059.0,4534644.0,4.0,48.0,0.0,0.0,self_collected_rtthread,STM32F407/ADS1292R/MPU6050 live log,4.464474643,4.343585821,4.732263912,1.320957432,0.047619048,0.571428571,1.4,1.0,0.244296193,0.346763931,0.442954566,-0.429487058,0.324658095,1.468538995,-1.269707587,0.762809328
local_logged,similarity_matching_dataset_20260718,self_collected_matching_unit,legacy_rtthread_features,subject_07,session_20260717_114205,session_20260717_114205_w019,window_5s,unmarked,none,,,5.0,83.0,29139.0,22059.0,4534644.0,4.0,48.0,0.0,0.0,self_collected_rtthread,STM32F407/ADS1292R/MPU6050 live log,4.464474643,4.343585821,4.737465105,1.320957432,0.048192771,0.578313253,2.8,1.0,0.244296193,0.346763931,0.449715711,-0.429487058,0.337692767,1.49875545,-1.189989251,0.762809328
local_logged,similarity_matching_dataset_20260718,self_collected_matching_unit,legacy_rtthread_features,subject_07,session_20260717_114205,session_20260717_114205_w020,window_5s,unmarked,none,,,5.0,84.0,29139.0,22059.0,4534644.0,4.0,48.0,0.0,0.0,self_collected_rtthread,STM32F407/ADS1292R/MPU6050 live log,4.464474643,4.343585821,4.732263912,1.320957432,0.047619048,0.571428571,0.7,1.0,0.244296193,0.346763931,0.442954566,-0.429487058,0.324658095,1.468538995,-1.309566756,0.762809328
local_logged,similarity_matching_dataset_20260718,self_collected_matching_unit,legacy_rtthread_features,subject_07,session_20260717_114205,session_20260717_114205_w021,window_5s,unmarked,none,,,5.0,83.0,29139.0,22059.0,4534644.0,4.0,48.0,0.0,0.0,self_collected_rtthread,STM32F407/ADS1292R/MPU6050 live log,4.464474643,4.343585821,4.737465105,1.320957432,0.048192771,0.578313253,2.0,1.0,0.244296193,0.346763931,0.449715711,-0.429487058,0.337692767,1.49875545,-1.235542586,0.762809328
local_logged,similarity_matching_dataset_20260718,self_collected_matching_unit,legacy_rtthread_features,subject_07,session_20260717_114205,session_20260717_114205_w022,window_5s,unmarked,none,,,5.0,83.0,29139.0,22059.0,4534644.0,4.0,48.0,0.0,0.0,self_collected_rtthread,STM32F407/ADS1292R/MPU6050 live log,4.464474643,4.343585821,4.737465105,1.320957432,0.048192771,0.578313253,2.7,1.0,0.244296193,0.346763931,0.449715711,-0.429487058,0.337692767,1.49875545,-1.195683418,0.762809328
local_logged,similarity_matching_dataset_20260718,self_collected_matching_unit,legacy_rtthread_features,subject_07,session_20260717_114205,session_20260717_114205_w023,window_5s,unmarked,none,,,5.0,83.0,29139.0,22059.0,4534644.0,4.0,48.0,0.0,0.0,self_collected_rtthread,STM32F407/ADS1292R/MPU6050 live log,4.464474643,4.343585821,4.737465105,1.320957432,0.048192771,0.578313253,4.7,1.0,0.244296193,0.346763931,0.449715711,-0.429487058,0.337692767,1.49875545,-1.08180008,0.762809328
local_logged,similarity_matching_dataset_20260718,self_collected_matching_unit,legacy_rtthread_features,subject_07,session_20260717_114205,session_20260717_114205_w024,window_5s,unmarked,none,,,5.0,84.0,29139.0,22059.0,4534644.0,4.0,48.0,0.0,0.0,self_collected_rtthread,STM32F407/ADS1292R/MPU6050 live log,4.464474643,4.343585821,4.732263912,1.320957432,0.047619048,0.571428571,1.1,1.0,0.244296193,0.346763931,0.442954566,-0.429487058,0.324658095,1.468538995,-1.286790088,0.762809328
local_logged,similarity_matching_dataset_20260718,self_collected_matching_unit,legacy_rtthread_features,subject_07,session_20260717_114205,session_20260717_114205_w025,window_5s,unmarked,none,,,5.0,83.0,29139.0,22059.0,4534644.0,4.0,48.0,0.0,0.0,self_collected_rtthread,STM32F407/ADS1292R/MPU6050 live log,4.464474643,4.343585821,4.737465105,1.320957432,0.048192771,0.578313253,3.1,1.0,0.244296193,0.346763931,0.449715711,-0.429487058,0.337692767,1.49875545,-1.17290675,0.762809328
local_logged,similarity_matching_dataset_20260718,self_collected_matching_unit,legacy_rtthread_features,subject_07,session_20260717_114205,session_20260717_114205_w026,window_5s,unmarked,none,,,5.0,83.0,29139.0,22059.0,4534644.0,4.0,48.0,0.0,0.0,self_collected_rtthread,STM32F407/ADS1292R/MPU6050 live log,4.464474643,4.343585821,4.737465105,1.320957432,0.048192771,0.578313253,17.6,1.0,0.244296193,0.346763931,0.449715711,-0.429487058,0.337692767,1.49875545,-0.34725255,0.762809328
local_logged,similarity_matching_dataset_20260718,self_collected_matching_unit,legacy_rtthread_features,subject_07,session_20260717_114205,session_20260717_114205_w027,window_5s,unmarked,none,,,5.0,84.0,29139.0,22059.0,4534644.0,4.0,48.0,0.0,0.0,self_collected_rtthread,STM32F407/ADS1292R/MPU6050 live log,4.464474643,4.343585821,4.732263912,1.320957432,0.047619048,0.571428571,12.5,1.0,0.244296193,0.346763931,0.442954566,-0.429487058,0.324658095,1.468538995,-0.637655062,0.762809328
local_logged,similarity_matching_dataset_20260718,self_collected_matching_unit,legacy_rtthread_features,subject_07,session_20260717_114205,session_20260717_114205_w028,window_5s,unmarked,none,,,5.0,83.0,29139.0,22059.0,4534644.0,4.0,48.0,0.0,0.0,self_collected_rtthread,STM32F407/ADS1292R/MPU6050 live log,4.464474643,4.343585821,4.737465105,1.320957432,0.048192771,0.578313253,3.4,1.0,0.244296193,0.346763931,0.449715711,-0.429487058,0.337692767,1.49875545,-1.155824249,0.762809328
local_logged,similarity_matching_dataset_20260718,self_collected_matching_unit,legacy_rtthread_features,subject_07,session_20260717_114205,session_20260717_114205_w029,window_5s,unmarked,none,,,5.0,83.0,29139.0,22059.0,4534644.0,4.0,48.0,0.0,0.0,self_collected_rtthread,STM32F407/ADS1292R/MPU6050 live log,4.464474643,4.343585821,4.737465105,1.320957432,0.048192771,0.578313253,3.9,1.0,0.244296193,0.346763931,0.449715711,-0.429487058,0.337692767,1.49875545,-1.127353415,0.762809328
local_logged,similarity_matching_dataset_20260718,self_collected_matching_unit,legacy_rtthread_features,subject_07,session_20260717_114205,session_20260717_114205_w030,window_5s,unmarked,none,,,5.0,65.0,29139.0,22059.0,4534644.0,4.0,48.0,0.0,0.0,self_collected_rtthread,STM32F407/ADS1292R/MPU6050 live log,4.464474643,4.343585821,4.843629841,1.320957432,0.061538462,0.738461538,47.8,1.0,0.244296193,0.346763931,0.5877216,-0.429487058,0.640899555,2.201636632,1.372385852,0.762809328
local_logged,similarity_matching_dataset_20260718,self_collected_matching_unit,legacy_rtthread_features,subject_07,session_20260717_114438,session_20260717_114438_w001,window_5s,unmarked,none,,,5.0,83.0,29139.0,22059.0,4534644.0,4.0,48.0,0.0,0.0,self_collected_rtthread,STM32F407/ADS1292R/MPU6050 live log,4.464474643,4.343585821,4.737465105,1.320957432,0.048192771,0.578313253,14.5,1.0,0.244296193,0.346763931,0.449715711,-0.429487058,0.337692767,1.49875545,-0.523771724,0.762809328
local_logged,similarity_matching_dataset_20260718,self_collected_matching_unit,legacy_rtthread_features,subject_07,session_20260717_114438,session_20260717_114438_w002,window_5s,unmarked,none,,,5.0,83.0,29139.0,22059.0,4534644.0,4.0,48.0,0.0,0.0,self_collected_rtthread,STM32F407/ADS1292R/MPU6050 live log,4.464474643,4.343585821,4.737465105,1.320957432,0.048192771,0.578313253,15.9,1.0,0.244296193,0.346763931,0.449715711,-0.429487058,0.337692767,1.49875545,-0.444053388,0.762809328
local_logged,similarity_matching_dataset_20260718,self_collected_matching_unit,legacy_rtthread_features,subject_07,session_20260717_114438,session_20260717_114438_w003,window_5s,unmarked,none,,,5.0,30.0,29139.0,22059.0,4534644.0,4.0,48.0,0.0,0.0,self_collected_rtthread,STM32F407/ADS1292R/MPU6050 live log,4.464474643,4.343585821,5.179421943,1.320957432,0.133333333,1.6,1.5,1.0,0.244296193,0.346763931,1.02422518,-0.429487058,2.272039692,5.982877077,-1.26401342,0.762809328
local_logged,similarity_matching_dataset_20260718,self_collected_matching_unit,legacy_rtthread_features,subject_07,session_20260717_114803,session_20260717_114803_w001,window_5s,unmarked,none,,,5.0,82.0,5047.171,3912.841,772326.988,27.073,41.866,0.0,0.0,self_collected_rtthread,STM32F407/ADS1292R/MPU6050 live log,3.703048019,3.592492201,3.973987359,1.289899334,0.330158537,0.510560976,0.1,0.0,-0.74216961,-0.658877817,-0.542745897,-0.475984956,6.743800497,1.201394784,-1.343731757,-1.587663021
local_logged,similarity_matching_dataset_20260718,self_collected_matching_unit,legacy_rtthread_features,subject_07,session_20260717_114803,session_20260717_114803_w002,window_5s,unmarked,none,,,5.0,82.0,5284.28,4104.988,787187.866,0.0,0.0,0.0,0.0,self_collected_rtthread,STM32F407/ADS1292R/MPU6050 live log,3.722985822,3.613311892,3.982264539,1.287282691,0.0,0.0,0.0,0.0,-0.716339202,-0.631002264,-0.531986207,-0.479902402,-0.757220588,-1.039426604,-1.349425924,-1.587663021
local_logged,similarity_matching_dataset_20260718,self_collected_matching_unit,legacy_rtthread_features,subject_07,session_20260717_114803,session_20260717_114803_w003,window_5s,unmarked,none,,,5.0,81.0,13625.543,6837.741,1166320.259,0.296,1.062,0.0,0.0,self_collected_rtthread,STM32F407/ADS1292R/MPU6050 live log,4.134353819,3.834912647,4.158332801,1.992696565,0.003654321,0.013111111,42.5,0.099,-0.183391641,-0.334300275,-0.303111179,0.576191339,-0.674196417,-0.981882727,1.070595007,-1.354966258
local_logged,similarity_matching_dataset_20260718,self_collected_matching_unit,legacy_rtthread_features,subject_07,session_20260717_114803,session_20260717_114803_w004,window_5s,unmarked,none,,,5.0,81.0,17379.012,9551.679,1704965.802,0.099,2.358,0.0,0.0,self_collected_rtthread,STM32F407/ADS1292R/MPU6050 live log,4.240025083,3.980079719,4.323230654,1.819471948,0.001222222,0.029111111,49.6,0.0,-0.046489299,-0.139935599,-0.088756813,0.31685219,-0.729452374,-0.91165969,1.474880856,-1.587663021
local_logged,similarity_matching_dataset_20260718,self_collected_matching_unit,legacy_rtthread_features,subject_07,session_20260717_114803,session_20260717_114803_w005,window_5s,unmarked,none,,,5.0,81.0,16275.321,8647.321,1547176.235,0.0,2.074,0.0,0.0,self_collected_rtthread,STM32F407/ADS1292R/MPU6050 live log,4.211529563,3.936881581,4.281054767,1.882122914,0.0,0.025604938,20.9,0.0,-0.083406653,-0.19777373,-0.143582182,0.410648606,-0.757220588,-0.927048072,-0.159345043,-1.587663021
local_logged,similarity_matching_dataset_20260718,self_collected_matching_unit,legacy_rtthread_features,subject_07,session_20260717_114803,session_20260717_114803_w006,window_5s,unmarked,none,,,5.0,81.0,11122.543,8043.198,1642676.84,0.21,4.531,0.0,0.0,self_collected_rtthread,STM32F407/ADS1292R/MPU6050 live log,4.046204093,3.90542876,4.307067115,1.382850826,0.002592593,0.055938272,52.7,0.0,-0.297593966,-0.239886017,-0.109768155,-0.336824823,-0.698318295,-0.793916895,1.65140003,-1.587663021
local_logged,similarity_matching_dataset_20260718,self_collected_matching_unit,legacy_rtthread_features,subject_07,session_20260717_114803,session_20260717_114803_w007,window_5s,unmarked,none,,,5.0,81.0,13711.593,10125.753,1953000.519,0.0,5.877,0.0,0.0,self_collected_rtthread,STM32F407/ADS1292R/MPU6050 live log,4.137087914,4.005427329,4.38221734,1.3541307,0.0,0.072555556,35.9,0.0,-0.179849486,-0.1059976,-0.012078715,-0.379822482,-0.757220588,-0.720984636,0.694779991,-1.587663021
local_logged,similarity_matching_dataset_20260718,self_collected_matching_unit,legacy_rtthread_features,subject_07,session_20260717_114803,session_20260717_114803_w008,window_5s,unmarked,none,,,5.0,81.0,9954.975,7576.321,1483828.099,0.099,1.988,0.0,0.0,self_collected_rtthread,STM32F407/ADS1292R/MPU6050 live log,3.998040174,3.879458367,4.262898572,1.313958978,0.001222222,0.02454321,44.8,0.0,-0.359992702,-0.274657862,-0.167183821,-0.439964628,-0.729452374,-0.931707932,1.201560845,-1.587663021
local_logged,similarity_matching_dataset_20260718,self_collected_matching_unit,legacy_rtthread_features,subject_07,session_20260717_114803,session_20260717_114803_w009,window_5s,Squat,none,,,5.0,81.0,9555.296,7431.222,1492628.802,0.0,1.901,0.0,0.0,self_collected_rtthread,STM32F407/ADS1292R/MPU6050 live log,3.980244145,3.871060236,4.265466799,1.285831052,0.0,0.023469136,48.8,0.0,-0.383048337,-0.285902148,-0.163845326,-0.482075689,-0.757220588,-0.936421979,1.429327521,-1.587663021
local_logged,similarity_matching_dataset_20260718,self_collected_matching_unit,legacy_rtthread_features,subject_07,session_20260717_114803,session_20260717_114803_w010,window_5s,Squat,none,,,5.0,81.0,10371.0,7864.259,1511597.235,0.0,2.568,0.0,0.0,self_collected_rtthread,STM32F407/ADS1292R/MPU6050 live log,4.015820634,3.895657808,4.27095107,1.318751074,0.0,0.031703704,43.3,0.0,-0.336957238,-0.252968377,-0.156716201,-0.432790255,-0.757220588,-0.900280955,1.116148342,-1.587663021
local_logged,similarity_matching_dataset_20260718,self_collected_matching_unit,legacy_rtthread_features,subject_07,session_20260717_114803,session_20260717_114803_w011,window_5s,Squat,none,,,5.0,81.0,8165.728,6129.691,1215400.173,0.0,1.037,0.0,0.0,self_collected_rtthread,STM32F407/ADS1292R/MPU6050 live log,3.911994909,3.787438582,4.176234275,1.33215981,0.0,0.012802469,42.2,0.0,-0.471468593,-0.397863459,-0.279840657,-0.412715682,-0.757220588,-0.983237338,1.053512506,-1.587663021
local_logged,similarity_matching_dataset_20260718,self_collected_matching_unit,legacy_rtthread_features,subject_07,session_20260717_114803,session_20260717_114803_w012,window_5s,Squat,none,,,5.0,80.0,15190.975,9179.3,1746021.225,0.312,3.413,0.0,0.0,self_collected_rtthread,STM32F407/ADS1292R/MPU6050 live log,4.181585649,3.962809564,4.338959532,1.654916497,0.0039,0.0426625,45.5,0.1,-0.122200473,-0.163058667,-0.068310497,0.070491878,-0.668614725,-0.852183459,1.241420013,-1.352615786
local_logged,similarity_matching_dataset_20260718,self_collected_matching_unit,legacy_rtthread_features,subject_07,session_20260717_114803,session_20260717_114803_w013,window_5s,Squat,none,,,5.0,81.0,11150.469,8352.272,1601886.951,0.0,4.469,0.0,0.0,self_collected_rtthread,STM32F407/ADS1292R/MPU6050 live log,4.047293135,3.921804629,4.296146845,1.335022255,0.0,0.05517284,38.9,0.0,-0.296183058,-0.217960311,-0.123963656,-0.40843024,-0.757220588,-0.79727633,0.865604998,-1.587663021
local_logged,similarity_matching_dataset_20260718,self_collected_matching_unit,legacy_rtthread_features,subject_07,session_20260717_114803,session_20260717_114803_w014,window_5s,FatiguedSquat,none,,,5.0,82.0,8401.463,6355.354,1284647.622,0.0,1.866,0.0,0.0,self_collected_rtthread,STM32F407/ADS1292R/MPU6050 live log,3.924354919,3.803139746,4.194970165,1.321950437,0.0,0.022756098,49.7,0.0,-0.45545559,-0.376841118,-0.25548546,-0.428000404,-0.757220588,-0.939551459,1.480575023,-1.587663021
local_logged,similarity_matching_dataset_20260718,self_collected_matching_unit,legacy_rtthread_features,subject_07,session_20260717_114803,session_20260717_114803_w015,window_5s,FatiguedSquat,none,,,5.0,80.0,13265.25,9771.525,1863295.738,0.113,8.25,0.0,0.0,self_collected_rtthread,STM32F407/ADS1292R/MPU6050 live log,4.122715439,3.989962347,4.367191804,1.357541428,0.0014125,0.103125,45.8,0.0,-0.198469738,-0.126703716,-0.031610742,-0.374716191,-0.725129362,-0.586817187,1.258502514,-1.587663021
local_logged,similarity_matching_dataset_20260718,self_collected_matching_unit,legacy_rtthread_features,subject_07,session_20260717_114803,session_20260717_114803_w016,window_5s,FatiguedSquat,none,,,5.0,81.0,11986.21,8678.593,1797170.679,0.198,9.198,0.0,0.0,self_collected_rtthread,STM32F407/ADS1292R/MPU6050 live log,4.078681882,3.938449322,4.346104306,1.381123645,0.002444444,0.113555556,35.9,0.0,-0.255517386,-0.195674676,-0.059022847,-0.339410631,-0.701684159,-0.541038104,0.694779991,-1.587663021
local_logged,similarity_matching_dataset_20260718,self_collected_matching_unit,legacy_rtthread_features,subject_07,session_20260717_114803,session_20260717_114803_w017,window_5s,FatiguedSquat,none,,,5.0,82.0,10546.537,8007.866,1547228.256,0.0,2.927,0.0,0.0,self_collected_rtthread,STM32F407/ADS1292R/MPU6050 live log,4.023109881,3.903516797,4.275740536,1.317022163,0.0,0.035695122,37.1,0.0,-0.327513658,-0.24244595,-0.150490268,-0.435378653,-0.757220588,-0.882762862,0.763109994,-1.587663021
local_logged,similarity_matching_dataset_20260718,self_collected_matching_unit,legacy_rtthread_features,subject_07,session_20260717_114803,session_20260717_114803_w018,window_5s,FatiguedSquat,none,,,5.0,81.0,13936.037,8363.111,1556064.63,0.0,1.716,0.0,0.0,self_collected_rtthread,STM32F407/ADS1292R/MPU6050 live log,4.144139291,3.922367861,4.283542612,1.666369967,0.0,0.021185185,29.3,0.0,-0.170714079,-0.217206198,-0.140348177,0.087639171,-0.757220588,-0.946446102,0.318964976,-1.587663021
local_logged,similarity_matching_dataset_20260718,self_collected_matching_unit,legacy_rtthread_features,subject_07,session_20260717_114803,session_20260717_114803_w019,window_5s,FatiguedSquat,none,,,5.0,81.0,15086.272,10489.21,2104524.16,0.099,9.284,0.0,0.0,self_collected_rtthread,STM32F407/ADS1292R/MPU6050 live log,4.178581934,4.02074278,4.414668897,1.438265799,0.001222222,0.114617284,42.6,0.0,-0.126091934,-0.085491691,0.030105781,-0.253861603,-0.729452374,-0.536378244,1.076289173,-1.587663021
local_logged,similarity_matching_dataset_20260718,self_collected_matching_unit,legacy_rtthread_features,subject_07,session_20260717_114803,session_20260717_114803_w020,window_5s,FatiguedSquat,none,,,5.0,80.0,12404.775,8981.212,1833177.337,0.2,8.363,0.0,0.0,self_collected_rtthread,STM32F407/ADS1292R/MPU6050 live log,4.093588891,3.953334948,4.360114493,1.381191648,0.0025,0.1045375,42.0,0.0,-0.236204619,-0.175744262,-0.040810695,-0.339308822,-0.700421958,-0.580617809,1.042124172,-1.587663021
local_logged,similarity_matching_dataset_20260718,self_collected_matching_unit,legacy_rtthread_features,subject_07,session_20260717_114803,session_20260717_114803_w021,window_5s,FatiguedSquat,none,,,5.0,81.0,12771.901,9565.901,1902778.593,0.0,8.074,0.0,0.0,self_collected_rtthread,STM32F407/ADS1292R/MPU6050 live log,4.106255543,3.980725882,4.370903238,1.335148775,0.0,0.099679012,35.8,0.0,-0.219794346,-0.139070449,-0.026786167,-0.408240823,-0.757220588,-0.601941421,0.689085825,-1.587663021
local_logged,similarity_matching_dataset_20260718,self_collected_matching_unit,legacy_rtthread_features,subject_07,session_20260717_114803,session_20260717_114803_w022,window_5s,Rest,none,,,5.0,81.0,8338.346,6563.0,1305361.642,0.0,1.951,0.0,0.0,self_collected_rtthread,STM32F407/ADS1292R/MPU6050 live log,3.921079912,3.817102404,4.207245828,1.270508304,0.0,0.02408642,18.6,0.0,-0.459698523,-0.358146469,-0.239528054,-0.50501578,-0.757220588,-0.933712756,-0.290310881,-1.587663021
local_logged,similarity_matching_dataset_20260718,self_collected_matching_unit,legacy_rtthread_features,subject_07,session_20260717_114803,session_20260717_114803_w023,window_5s,Rest,none,,,5.0,82.0,5354.159,4005.207,757425.768,0.0,0.0,0.0,0.0,self_collected_rtthread,STM32F407/ADS1292R/MPU6050 live log,3.728691264,3.602624967,3.965526224,1.336799571,0.0,0.0,1.0,0.0,-0.70894752,-0.645311023,-0.553744713,-0.405769373,-0.757220588,-1.039426604,-1.292484255,-1.587663021
local_logged,similarity_matching_dataset_20260718,self_collected_matching_unit,legacy_rtthread_features,subject_07,session_20260717_114803,session_20260717_114803_w024,window_5s,Rest,none,,,5.0,80.0,7654.175,4645.087,788745.275,0.0,0.2,0.0,0.0,self_collected_rtthread,STM32F407/ADS1292R/MPU6050 live log,3.883898387,3.666993853,3.993846784,1.647800138,0.0,0.0025,0.3,0.0,-0.507869025,-0.559127307,-0.516930191,0.059837789,-0.757220588,-1.028454254,-1.332343423,-1.587663021
local_logged,similarity_matching_dataset_20260718,self_collected_matching_unit,legacy_rtthread_features,subject_07,session_20260717_115240,session_20260717_115240_w001,window_5s,unmarked,none,,,5.0,83.0,12607.855,6554.398,1186020.831,0.096,0.386,0.0,0.0,self_collected_rtthread,STM32F407/ADS1292R/MPU6050 live log,4.100641205,3.816532809,4.155014225,1.923571776,0.001156627,0.004650602,3.4,0.0,-0.227067998,-0.358909101,-0.30742507,0.472702792,-0.730942656,-1.019015391,-1.155824249,-1.587663021
local_logged,similarity_matching_dataset_20260718,self_collected_matching_unit,legacy_rtthread_features,subject_07,session_20260717_115240,session_20260717_115240_w002,window_5s,unmarked,none,,,5.0,83.0,7958.0,5926.602,1114222.289,0.096,0.759,0.0,0.0,self_collected_rtthread,STM32F407/ADS1292R/MPU6050 live log,3.900803935,3.772805763,4.127893749,1.342759308,0.001156627,0.009144578,0.3,0.0,-0.485967053,-0.417455389,-0.342679576,-0.396846893,-0.730942656,-0.999291601,-1.332343423,-1.587663021
local_logged,similarity_matching_dataset_20260718,self_collected_matching_unit,legacy_rtthread_features,subject_07,session_20260717_115240,session_20260717_115240_w003,window_5s,unmarked,none,,,5.0,81.0,9126.321,7050.778,1349749.951,0.099,3.753,0.0,0.0,self_collected_rtthread,STM32F407/ADS1292R/MPU6050 live log,3.96029574,3.848237041,4.221768301,1.294370777,0.001222222,0.046333333,25.2,0.0,-0.408892481,-0.3164602,-0.22064997,-0.469290641,-0.729452374,-0.836072394,0.085504134,-1.587663021
local_logged,similarity_matching_dataset_20260718,self_collected_matching_unit,legacy_rtthread_features,subject_07,session_20260717_115240,session_20260717_115240_w004,window_5s,unmarked,none,,,5.0,81.0,15033.21,11257.173,2146767.383,0.0,7.901,0.0,0.0,self_collected_rtthread,STM32F407/ADS1292R/MPU6050 live log,4.177051724,4.05142934,4.423299969,1.335433861,0.0,0.09754321,23.8,0.0,-0.128074396,-0.044405354,0.041325503,-0.407814013,-0.757220588,-0.611315327,0.005785797,-1.587663021
local_logged,similarity_matching_dataset_20260718,self_collected_matching_unit,legacy_rtthread_features,subject_07,session_20260717_115240,session_20260717_115240_w005,window_5s,unmarked,low,,,5.0,82.0,29547.195,22137.988,4075776.537,1.305,39.037,10.244,30.0,self_collected_rtthread,STM32F407/ADS1292R/MPU6050 live log,4.470516258,4.345138148,4.696396512,1.334682944,0.015914634,0.476060976,18.8,0.634,0.252123404,0.348842347,0.396329739,-0.408938231,-0.395648822,1.049976361,-0.278922548,-0.097463552
local_logged,similarity_matching_dataset_20260718,self_collected_matching_unit,legacy_rtthread_features,subject_07,session_20260717_115240,session_20260717_115240_w006,window_5s,unmarked,none,,,5.0,81.0,18848.037,14108.383,2910590.951,1.617,19.654,0.0,0.0,self_collected_rtthread,STM32F407/ADS1292R/MPU6050 live log,4.275266126,4.149477241,4.555496156,1.335945941,0.019962963,0.242641975,41.1,0.086,-0.000832787,0.086871307,0.21317025,-0.407047365,-0.303673005,0.025514418,0.99087667,-1.385522399
local_logged,similarity_matching_dataset_20260718,self_collected_matching_unit,legacy_rtthread_features,subject_07,session_20260717_115240,session_20260717_115240_w007,window_5s,unmarked,none,,,5.0,81.0,14228.877,10941.815,2169657.407,0.296,9.235,0.0,0.0,self_collected_rtthread,STM32F407/ADS1292R/MPU6050 live log,4.153170625,4.039089368,4.427906144,1.300412866,0.003654321,0.114012346,41.1,0.0,-0.15901354,-0.060927384,0.047313171,-0.46024487,-0.674196417,-0.539033281,0.99087667,-1.587663021
local_logged,similarity_matching_dataset_20260718,self_collected_matching_unit,legacy_rtthread_features,subject_07,session_20260717_115240,session_20260717_115240_w008,window_5s,unmarked,low,,,5.0,81.0,19663.136,15238.111,3001614.593,0.864,22.63,0.741,30.0,self_collected_rtthread,STM32F407/ADS1292R/MPU6050 live log,4.293652783,4.182931133,4.568869909,1.290391965,0.010666667,0.279382716,40.8,0.025,0.022988035,0.131662834,0.230555087,-0.475247426,-0.514879757,0.186767318,0.973794169,-1.528901212
local_logged,similarity_matching_dataset_20260718,self_collected_matching_unit,legacy_rtthread_features,subject_07,session_20260717_115240,session_20260717_115240_w009,window_5s,FatiguedSquat,none,,,5.0,81.0,18488.506,14378.765,2780550.519,0.605,17.432,0.0,0.0,self_collected_rtthread,STM32F407/ADS1292R/MPU6050 live log,4.266901819,4.157721586,4.535645771,1.285820166,0.007469136,0.215209877,47.8,0.0,-0.01166916,0.097909688,0.187366295,-0.482091987,-0.58752591,-0.094883409,1.372385852,-1.587663021
local_logged,similarity_matching_dataset_20260718,self_collected_matching_unit,legacy_rtthread_features,subject_07,session_20260717_115240,session_20260717_115240_w010,window_5s,FatiguedSquat,none,,,5.0,82.0,21313.854,15550.524,2985846.89,0.927,21.061,0.0,0.0,self_collected_rtthread,STM32F407/ADS1292R/MPU6050 live log,4.328661987,4.191745028,4.561253682,1.370619665,0.011304878,0.256841463,45.3,0.0,0.068344188,0.143463788,0.220654585,-0.355136417,-0.500379953,0.087835116,1.23003168,-1.587663021
local_logged,similarity_matching_dataset_20260718,self_collected_matching_unit,legacy_rtthread_features,subject_07,session_20260717_115240,session_20260717_115240_w011,window_5s,FatiguedSquat,low,,,5.0,81.0,27748.519,16367.457,3073302.765,1.062,14.926,0.914,14.0,self_collected_rtthread,STM32F407/ADS1292R/MPU6050 live log,4.443239809,4.213981209,4.579120328,1.695346993,0.013111111,0.184271605,39.7,0.111,0.216785416,0.173235885,0.243879834,0.131021442,-0.459343329,-0.230669622,0.911158333,-1.32676059
local_logged,similarity_matching_dataset_20260718,self_collected_matching_unit,legacy_rtthread_features,subject_07,session_20260717_115240,session_20260717_115240_w012,window_5s,FatiguedSquat,medium,,,5.0,81.0,46899.309,29233.395,5598820.679,5.383,37.778,12.914,50.0,self_collected_rtthread,STM32F407/ADS1292R/MPU6050 live log,4.671166444,4.465879255,4.839611539,1.604305932,0.06645679,0.466395062,40.0,0.543,0.512075631,0.510503017,0.58249812,-0.005278535,0.752641273,1.007553247,0.928240834,-0.311356535
local_logged,similarity_matching_dataset_20260718,self_collected_matching_unit,legacy_rtthread_features,subject_07,session_20260717_115240,session_20260717_115240_w013,window_5s,FatiguedSquat,low,,,5.0,81.0,49695.58,34810.58,6277033.778,7.259,48.519,8.074,38.0,self_collected_rtthread,STM32F407/ADS1292R/MPU6050 live log,4.696317764,4.541711259,4.889269447,1.427599885,0.089617284,0.599,38.3,0.79,0.544660408,0.612034739,0.647049533,-0.269829825,1.278835008,1.589548337,0.831439997,0.269210135
local_logged,similarity_matching_dataset_20260718,self_collected_matching_unit,legacy_rtthread_features,subject_07,session_20260717_115240,session_20260717_115240_w014,window_5s,FatiguedSquat,low,,,5.0,81.0,47946.543,31678.432,6001505.321,7.395,46.198,9.975,40.0,self_collected_rtthread,STM32F407/ADS1292R/MPU6050 live log,4.6807573,4.500763677,4.869775177,1.513539022,0.091296296,0.570345679,32.0,0.753,0.524501059,0.557209886,0.6217085,-0.141168073,1.316981241,1.463786247,0.472707483,0.182242658
local_logged,similarity_matching_dataset_20260718,self_collected_matching_unit,legacy_rtthread_features,subject_07,session_20260717_115240,session_20260717_115240_w015,window_5s,Rest,low,,,5.0,81.0,56527.309,39097.333,7317855.481,7.222,58.235,10.988,42.0,self_collected_rtthread,STM32F407/ADS1292R/MPU6050 live log,4.752258311,4.592147133,4.95589881,1.445809846,0.089160494,0.718950617,41.5,1.0,0.61713415,0.679563499,0.733662516,-0.242567211,1.26845699,2.116004374,1.013653338,0.762809328
local_logged,similarity_matching_dataset_20260718,self_collected_matching_unit,legacy_rtthread_features,subject_07,session_20260717_115240,session_20260717_115240_w016,window_5s,Rest,low,,,5.0,82.0,54412.549,37151.634,7131517.341,7.39,51.171,15.537,38.0,self_collected_rtthread,STM32F407/ADS1292R/MPU6050 live log,4.735699071,4.56997792,4.93936809,1.464607156,0.090121951,0.624036585,17.0,0.841,0.595680837,0.649881066,0.712173867,-0.214425262,1.290300766,1.699432401,-0.381417552,0.389084224
local_logged,similarity_matching_dataset_20260718,self_collected_matching_unit,legacy_rtthread_features,subject_07,session_20260717_115240,session_20260717_115240_w017,window_5s,Rest,low,,,5.0,81.0,56270.346,40565.753,7840630.815,10.58,55.111,18.049,40.0,self_collected_rtthread,STM32F407/ADS1292R/MPU6050 live log,4.750279586,4.608159542,4.985865986,1.387139196,0.130617284,0.680382716,18.9,0.716,0.614570614,0.701002567,0.77261751,-0.330404591,2.210332546,1.946732178,-0.273228381,0.095275181
local_logged,similarity_matching_dataset_20260718,self_collected_matching_unit,legacy_rtthread_features,subject_07,session_20260717_115240,session_20260717_115240_w018,window_5s,Rest,medium,,,5.0,81.0,73079.42,56069.704,12570777.37,27.704,78.469,28.593,64.0,self_collected_rtthread,STM32F407/ADS1292R/MPU6050 live log,4.863795092,4.748728263,5.190877116,1.303367323,0.342024691,0.968753086,20.1,1.0,0.76163556,0.889210495,1.039116013,-0.455821674,7.013393015,3.212372372,-0.204898378,0.762809328
local_logged,similarity_matching_dataset_20260718,self_collected_matching_unit,legacy_rtthread_features,subject_09,session_20260717_102113,session_20260717_102113_w001,window_5s,unmarked,none,,,5.0,82.0,2918.085,2455.854,918701.963,0.0,0.0,0.0,0.0,self_collected_rtthread,STM32F407/ADS1292R/MPU6050 live log,3.465097938,3.390202545,4.049360792,1.188215993,0.0,0.0,40.0,0.0,-1.050445694,-0.929724111,-0.444766304,-0.628217772,-0.757220588,-1.039426604,0.928240834,-1.587663021
local_logged,similarity_matching_dataset_20260718,self_collected_matching_unit,legacy_rtthread_features,subject_09,session_20260717_102113,session_20260717_102113_w002,window_5s,unmarked,none,,,5.0,83.0,2773.06,2263.47,795480.59,0.0,0.0,0.0,0.0,self_collected_rtthread,STM32F407/ADS1292R/MPU6050 live log,3.442959266,3.354774743,3.981551495,1.225136627,0.0,0.0,17.7,0.0,-1.079127437,-0.977158513,-0.532913109,-0.572942915,-0.757220588,-1.039426604,-0.341558383,-1.587663021
local_logged,similarity_matching_dataset_20260718,self_collected_matching_unit,legacy_rtthread_features,subject_09,session_20260717_102113,session_20260717_102113_w003,window_5s,unmarked,none,,,5.0,81.0,2068.309,1721.753,615816.086,0.0,0.0,0.0,0.0,self_collected_rtthread,STM32F407/ADS1292R/MPU6050 live log,3.315615422,3.235970848,3.88096601,1.201280904,0.0,0.0,31.7,0.0,-1.244107678,-1.136225443,-0.663666406,-0.608657948,-0.757220588,-1.039426604,0.455624982,-1.587663021
local_logged,similarity_matching_dataset_20260718,self_collected_matching_unit,legacy_rtthread_features,subject_09,session_20260717_102113,session_20260717_102113_w004,window_5s,unmarked,none,,,5.0,81.0,2212.37,1689.296,444779.309,0.0,0.0,0.0,0.0,self_collected_rtthread,STM32F407/ADS1292R/MPU6050 live log,3.344857761,3.227705754,3.739659557,1.309640229,0.0,0.0,32.8,0.0,-1.206222783,-1.147291605,-0.847353789,-0.446430341,-0.757220588,-1.039426604,0.518260818,-1.587663021
local_logged,similarity_matching_dataset_20260718,self_collected_matching_unit,legacy_rtthread_features,subject_09,session_20260717_102113,session_20260717_102113_w005,window_5s,unmarked,none,,,5.0,83.0,396.072,320.506,95736.446,0.0,0.0,0.0,0.0,self_collected_rtthread,STM32F407/ADS1292R/MPU6050 live log,2.597774141,2.505836164,3.061999209,1.235770937,0.0,0.0,15.0,0.0,-2.174106516,-2.113805202,-1.728259463,-0.557022009,-0.757220588,-1.039426604,-0.49530089,-1.587663021
local_logged,similarity_matching_dataset_20260718,self_collected_matching_unit,legacy_rtthread_features,subject_09,session_20260717_102113,session_20260717_102113_w006,window_5s,unmarked,none,,,5.0,81.0,1551.753,1203.469,259887.63,0.0,0.0,0.0,0.0,self_collected_rtthread,STM32F407/ADS1292R/MPU6050 live log,3.190822594,3.080434908,3.50630059,1.289400059,0.0,0.0,20.2,0.0,-1.405782951,-1.344473031,-1.150702272,-0.476732434,-0.757220588,-1.039426604,-0.199204211,-1.587663021
local_logged,similarity_matching_dataset_20260718,self_collected_matching_unit,legacy_rtthread_features,subject_09,session_20260717_102113,session_20260717_102113_w007,window_5s,unmarked,none,,,5.0,82.0,4061.256,3053.098,673483.024,0.0,0.11,0.0,0.0,self_collected_rtthread,STM32F407/ADS1292R/MPU6050 live log,3.608660366,3.484740745,3.914512801,1.330208202,0.0,0.001341463,63.6,0.0,-0.864453477,-0.8031466,-0.62005819,-0.415637486,-0.757220588,-1.033539003,2.272064221,-1.587663021
local_logged,similarity_matching_dataset_20260718,self_collected_matching_unit,legacy_rtthread_features,subject_09,session_20260717_102113,session_20260717_102113_w008,window_5s,unmarked,none,,,5.0,80.0,6288.363,4808.712,1014966.95,0.0,0.512,0.0,0.0,self_collected_rtthread,STM32F407/ADS1292R/MPU6050 live log,3.798537604,3.682028767,4.103361914,1.307702146,0.0,0.0064,72.6,0.0,-0.618458136,-0.538997011,-0.374569051,-0.449331896,-0.757220588,-1.011337389,2.784539242,-1.587663021
local_logged,similarity_matching_dataset_20260718,self_collected_matching_unit,legacy_rtthread_features,subject_09,session_20260717_102113,session_20260717_102113_w009,window_5s,Squat,none,,,5.0,79.0,9517.443,7311.316,1532517.367,0.0,3.367,0.0,0.0,self_collected_rtthread,STM32F407/ADS1292R/MPU6050 live log,3.978520285,3.863995555,4.287778313,1.301741438,0.0,0.042620253,52.7,0.0,-0.385281682,-0.295361073,-0.134842095,-0.45825583,-0.757220588,-0.852368879,1.65140003,-1.587663021
local_logged,similarity_matching_dataset_20260718,self_collected_matching_unit,legacy_rtthread_features,subject_09,session_20260717_102113,session_20260717_102113_w010,window_5s,Squat,none,,,5.0,79.0,9202.886,7002.443,1499658.089,0.0,2.215,0.0,0.0,self_collected_rtthread,STM32F407/ADS1292R/MPU6050 live log,3.963924042,3.845249582,4.278365163,1.31423933,0.0,0.028037975,51.7,0.0,-0.404191836,-0.320460118,-0.147078457,-0.439544906,-0.757220588,-0.916369619,1.594458361,-1.587663021
local_logged,similarity_matching_dataset_20260718,self_collected_matching_unit,legacy_rtthread_features,subject_09,session_20260717_102113,session_20260717_102113_w011,window_5s,Squat,none,,,5.0,80.0,8933.1,6877.425,1461977.788,0.0,1.863,0.0,0.0,self_collected_rtthread,STM32F407/ADS1292R/MPU6050 live log,3.951002196,3.837425863,4.261850787,1.298901842,0.0,0.0232875,47.9,0.0,-0.420932726,-0.330935322,-0.16854586,-0.462507064,-0.757220588,-0.937219168,1.378080019,-1.587663021
local_logged,similarity_matching_dataset_20260718,self_collected_matching_unit,legacy_rtthread_features,subject_09,session_20260717_102113,session_20260717_102113_w012,window_5s,Squat,none,,,5.0,79.0,7533.823,5820.785,1271266.544,0.0,1.646,0.0,0.0,self_collected_rtthread,STM32F407/ADS1292R/MPU6050 live log,3.877015413,3.764981558,4.206609526,1.294296731,0.0,0.020835443,53.3,0.0,-0.516786258,-0.427931243,-0.240355197,-0.469401497,-0.757220588,-0.947981099,1.685565031,-1.587663021
local_logged,similarity_matching_dataset_20260718,self_collected_matching_unit,legacy_rtthread_features,subject_09,session_20260717_102113,session_20260717_102113_w013,window_5s,Squat,none,,,5.0,80.0,7098.2,5287.15,1243789.95,0.0,1.275,0.0,0.0,self_collected_rtthread,STM32F407/ADS1292R/MPU6050 live log,3.851148232,3.723221632,4.191657056,1.34253804,0.0,0.0159375,77.8,0.0,-0.550298469,-0.483843747,-0.259792243,-0.397178159,-0.757220588,-0.969477876,3.080635921,-1.587663021
local_logged,similarity_matching_dataset_20260718,self_collected_matching_unit,legacy_rtthread_features,subject_09,session_20260717_102113,session_20260717_102113_w014,window_5s,Squat,none,,,5.0,80.0,6902.413,5298.163,1171048.262,0.0,1.738,0.0,0.0,self_collected_rtthread,STM32F407/ADS1292R/MPU6050 live log,3.839000941,3.724125315,4.165484807,1.302793629,0.0,0.021725,77.9,0.0,-0.566035884,-0.482633803,-0.293814129,-0.456680567,-0.757220588,-0.944076886,3.086330087,-1.587663021
local_logged,similarity_matching_dataset_20260718,self_collected_matching_unit,legacy_rtthread_features,subject_09,session_20260717_102113,session_20260717_102113_w015,window_5s,Squat,none,,,5.0,79.0,7589.734,5749.532,1216874.291,0.0,1.038,0.0,0.0,self_collected_rtthread,STM32F407/ADS1292R/MPU6050 live log,3.880226555,3.759632495,4.187618625,1.320061181,0.0,0.013139241,63.0,0.0,-0.512626065,-0.435093121,-0.265041889,-0.430828859,-0.757220588,-0.981759266,2.23789922,-1.587663021
local_logged,similarity_matching_dataset_20260718,self_collected_matching_unit,legacy_rtthread_features,subject_09,session_20260717_102113,session_20260717_102113_w016,window_5s,FatiguedSquat,none,,,5.0,81.0,3839.247,2982.333,765644.469,0.0,0.0,0.0,0.0,self_collected_rtthread,STM32F407/ADS1292R/MPU6050 live log,3.584246054,3.474556134,3.975542131,1.287330087,0.0,0.0,53.8,0.0,-0.896083424,-0.81678281,-0.540724814,-0.479831444,-0.757220588,-1.039426604,1.714035866,-1.587663021
local_logged,similarity_matching_dataset_20260718,self_collected_matching_unit,legacy_rtthread_features,subject_09,session_20260717_102113,session_20260717_102113_w017,window_5s,FatiguedSquat,none,,,5.0,81.0,7855.16,6062.296,1254738.333,0.0,1.667,0.0,0.0,self_collected_rtthread,STM32F407/ADS1292R/MPU6050 live log,3.895155036,3.782637138,4.190068147,1.295740096,0.0,0.020580247,66.3,0.0,-0.49328548,-0.404292128,-0.261857701,-0.467240597,-0.757220588,-0.949101138,2.425806728,-1.587663021
local_logged,similarity_matching_dataset_20260718,self_collected_matching_unit,legacy_rtthread_features,subject_09,session_20260717_102113,session_20260717_102113_w018,window_5s,FatiguedSquat,none,,,5.0,81.0,6423.716,4892.37,1053671.877,0.0,0.358,0.0,0.0,self_collected_rtthread,STM32F407/ADS1292R/MPU6050 live log,3.807786332,3.689519294,4.11422037,1.313006988,0.0,0.004419753,58.0,0.0,-0.606475952,-0.528967919,-0.360453904,-0.441389877,-0.757220588,-1.020028574,1.953190875,-1.587663021
local_logged,similarity_matching_dataset_20260718,self_collected_matching_unit,legacy_rtthread_features,subject_09,session_20260717_102113,session_20260717_102113_w019,window_5s,FatiguedSquat,none,,,5.0,79.0,5660.987,4307.519,927301.835,0.0,0.215,0.0,0.0,self_collected_rtthread,STM32F407/ADS1292R/MPU6050 live log,3.752892158,3.634227202,4.069594028,1.31421057,0.0,0.002721519,62.1,0.0,-0.677594066,-0.602998685,-0.418464673,-0.439587963,-0.757220588,-1.027482021,2.186651718,-1.587663021
local_logged,similarity_matching_dataset_20260718,self_collected_matching_unit,legacy_rtthread_features,subject_09,session_20260717_102113,session_20260717_102113_w020,window_5s,FatiguedSquat,none,,,5.0,80.0,6920.387,5322.812,1118783.5,0.0,0.575,0.0,0.0,self_collected_rtthread,STM32F407/ADS1292R/MPU6050 live log,3.840130382,3.726141127,4.145656066,1.300137409,0.0,0.0071875,58.6,0.0,-0.564572638,-0.479934825,-0.319589948,-0.460657264,-0.757220588,-1.007881099,1.987355877,-1.587663021
local_logged,similarity_matching_dataset_20260718,self_collected_matching_unit,legacy_rtthread_features,subject_09,session_20260717_102113,session_20260717_102113_w021,window_5s,FatiguedSquat,none,,,5.0,81.0,6781.333,5116.716,1067087.531,0.0,0.84,0.0,0.0,self_collected_rtthread,STM32F407/ADS1292R/MPU6050 live log,3.831315071,3.708991312,4.119715026,1.325329176,0.0,0.01037037,60.6,0.0,-0.575993309,-0.50289677,-0.353311279,-0.422942004,-0.757220588,-0.993911674,2.101239215,-1.587663021
local_logged,similarity_matching_dataset_20260718,self_collected_matching_unit,legacy_rtthread_features,subject_09,session_20260717_102113,session_20260717_102113_w022,window_5s,FatiguedSquat,none,,,5.0,82.0,1557.024,1251.585,396658.073,0.0,0.0,0.0,0.0,self_collected_rtthread,STM32F407/ADS1292R/MPU6050 live log,3.192295307,3.09746035,3.684602445,1.244041755,0.0,0.0,8.3,0.0,-1.403874978,-1.32167761,-0.918923747,-0.544639549,-0.757220588,-1.039426604,-0.876810072,-1.587663021
local_logged,similarity_matching_dataset_20260718,self_collected_matching_unit,legacy_rtthread_features,subject_09,session_20260717_102113,session_20260717_102113_w023,window_5s,Rest,none,,,5.0,82.0,990.098,806.927,282675.512,0.0,0.0,0.0,0.0,self_collected_rtthread,STM32F407/ADS1292R/MPU6050 live log,2.995678183,2.906834247,3.537474335,1.226998229,0.0,0.0,11.7,0.0,-1.658602174,-1.576907534,-1.110178831,-0.570155862,-0.757220588,-1.039426604,-0.683208397,-1.587663021
local_logged,similarity_matching_dataset_20260718,self_collected_matching_unit,legacy_rtthread_features,subject_09,session_20260717_102113,session_20260717_102113_w024,window_5s,Rest,none,,,5.0,82.0,1452.146,1136.037,311999.976,0.0,0.0,0.0,0.0,self_collected_rtthread,STM32F407/ADS1292R/MPU6050 live log,3.162010283,3.055392476,3.580340708,1.278255902,0.0,0.0,7.3,0.0,-1.443110723,-1.378002427,-1.054455885,-0.493416646,-0.757220588,-1.039426604,-0.933751741,-1.587663021
local_logged,similarity_matching_dataset_20260718,self_collected_matching_unit,legacy_rtthread_features,subject_09,session_20260717_102113,session_20260717_102113_w025,window_5s,Rest,none,,,5.0,82.0,1032.183,814.39,226931.183,0.0,0.0,0.0,0.0,self_collected_rtthread,STM32F407/ADS1292R/MPU6050 live log,3.013756702,2.910832432,3.442080325,1.267430838,0.0,0.0,1.6,0.0,-1.63518056,-1.571554351,-1.234183614,-0.509623135,-0.757220588,-1.039426604,-1.258319254,-1.587663021
local_logged,similarity_matching_dataset_20260718,self_collected_matching_unit,legacy_rtthread_features,subject_09,session_20260717_102113,session_20260717_102113_w026,window_5s,unmarked,none,,,5.0,28.0,683.571,544.714,173430.5,0.0,0.0,0.0,0.0,self_collected_rtthread,STM32F407/ADS1292R/MPU6050 live log,2.83478363,2.736168537,3.791967445,1.254917259,0.0,0.0,0.0,0.0,-1.867049016,-1.805412421,-0.779357609,-0.528357545,-0.757220588,-1.039426604,-1.349425924,-1.587663021
local_logged,similarity_matching_dataset_20260718,self_collected_matching_unit,legacy_rtthread_features,subject_09,session_20260717_102437,session_20260717_102437_w001,window_5s,unmarked,none,,,5.0,83.0,533.41,415.988,118050.94,0.0,0.0,0.0,0.0,self_collected_rtthread,STM32F407/ADS1292R/MPU6050 live log,2.727061153,2.619080803,3.152991357,1.282272566,0.0,0.0,4.4,0.0,-2.006608806,-1.962181578,-1.609976758,-0.487403192,-0.757220588,-1.039426604,-1.09888258,-1.587663021
local_logged,similarity_matching_dataset_20260718,self_collected_matching_unit,legacy_rtthread_features,subject_09,session_20260717_102437,session_20260717_102437_w002,window_5s,unmarked,none,,,5.0,80.0,13330.413,6872.475,1270780.762,0.1,1.95,0.0,0.0,self_collected_rtthread,STM32F407/ADS1292R/MPU6050 live log,4.124843605,3.837113169,4.200980645,1.939681556,0.00125,0.024375,58.5,0.0,-0.195712593,-0.331353989,-0.247672304,0.496821169,-0.728821273,-0.932446196,1.98166171,-1.587663021
local_logged,similarity_matching_dataset_20260718,self_collected_matching_unit,legacy_rtthread_features,subject_09,session_20260717_102437,session_20260717_102437_w003,window_5s,Squat,none,,,5.0,80.0,5633.812,4319.975,867861.825,0.0,0.0,0.0,0.0,self_collected_rtthread,STM32F407/ADS1292R/MPU6050 live log,3.750802351,3.635481234,4.035360598,1.304130695,0.0,0.0,54.2,0.0,-0.680301514,-0.601319658,-0.462965466,-0.45467881,-0.757220588,-1.039426604,1.736812533,-1.587663021
local_logged,similarity_matching_dataset_20260718,self_collected_matching_unit,legacy_rtthread_features,subject_09,session_20260717_102437,session_20260717_102437_w004,window_5s,Squat,none,,,5.0,80.0,6095.25,4726.7,934921.025,0.0,0.0,0.0,0.0,self_collected_rtthread,STM32F407/ADS1292R/MPU6050 live log,3.784991523,3.674558039,4.06768494,1.28953604,0.0,0.0,59.9,0.0,-0.636007753,-0.548999593,-0.420946339,-0.476528853,-0.757220588,-1.039426604,2.061380046,-1.587663021
local_logged,similarity_matching_dataset_20260718,self_collected_matching_unit,legacy_rtthread_features,subject_09,session_20260717_102437,session_20260717_102437_w005,window_5s,Squat,none,,,5.0,80.0,6094.3,4572.175,920691.688,0.0,0.175,0.0,0.0,self_collected_rtthread,STM32F407/ADS1292R/MPU6050 live log,3.784923829,3.660122845,4.061024235,1.332910486,0.0,0.0021875,52.8,0.0,-0.636095454,-0.568326923,-0.429604736,-0.411591825,-0.757220588,-1.029825798,1.657094197,-1.587663021
local_logged,similarity_matching_dataset_20260718,self_collected_matching_unit,legacy_rtthread_features,subject_09,session_20260717_102437,session_20260717_102437_w006,window_5s,Squat,none,,,5.0,80.0,5716.312,4346.337,847336.15,0.0,0.0,0.0,0.0,self_collected_rtthread,STM32F407/ADS1292R/MPU6050 live log,3.757115925,3.638123397,4.024965748,1.315202204,0.0,0.0,80.5,0.0,-0.672121967,-0.597782057,-0.476477961,-0.438103362,-0.757220588,-1.039426604,3.234378427,-1.587663021
local_logged,similarity_matching_dataset_20260718,self_collected_matching_unit,legacy_rtthread_features,subject_09,session_20260717_102437,session_20260717_102437_w007,window_5s,Squat,none,,,5.0,80.0,5664.837,4363.2,867341.3,0.0,0.0,0.0,0.0,self_collected_rtthread,STM32F407/ADS1292R/MPU6050 live log,3.753187418,3.639805121,4.03510004,1.298321645,0.0,0.0,51.9,0.0,-0.677211542,-0.595530391,-0.463304171,-0.463375692,-0.757220588,-1.039426604,1.605846695,-1.587663021
local_logged,similarity_matching_dataset_20260718,self_collected_matching_unit,legacy_rtthread_features,subject_09,session_20260717_102437,session_20260717_102437_w008,window_5s,Squat,none,,,5.0,81.0,6771.679,5227.469,1074517.938,0.0,0.111,0.0,0.0,self_collected_rtthread,STM32F407/ADS1292R/MPU6050 live log,3.830696363,3.718291466,4.122728651,1.295402995,0.0,0.00137037,59.5,0.0,-0.576794875,-0.490444762,-0.349393801,-0.46774528,-0.757220588,-1.033412132,2.038603379,-1.587663021
local_logged,similarity_matching_dataset_20260718,self_collected_matching_unit,legacy_rtthread_features,subject_09,session_20260717_102437,session_20260717_102437_w009,window_5s,Squat,none,,,5.0,80.0,6704.538,5177.6,1056671.0,0.0,0.4,0.0,0.0,self_collected_rtthread,STM32F407/ADS1292R/MPU6050 live log,3.826368857,3.714128496,4.120849802,1.294912315,0.0,0.005,57.6,0.0,-0.582401373,-0.496018577,-0.351836159,-0.46847989,-0.757220588,-1.017481905,1.930414208,-1.587663021
local_logged,similarity_matching_dataset_20260718,self_collected_matching_unit,legacy_rtthread_features,subject_09,session_20260717_102437,session_20260717_102437_w010,window_5s,Squat,none,,,5.0,80.0,6197.012,4683.288,930348.137,0.0,0.1,0.0,0.0,self_collected_rtthread,STM32F407/ADS1292R/MPU6050 live log,3.792182337,3.670550866,4.065555505,1.323218218,0.0,0.00125,51.2,0.0,-0.626691698,-0.554364811,-0.423714438,-0.426102375,-0.757220588,-1.033940429,1.565987526,-1.587663021
local_logged,similarity_matching_dataset_20260718,self_collected_matching_unit,legacy_rtthread_features,subject_09,session_20260717_102437,session_20260717_102437_w011,window_5s,Squat,none,,,5.0,80.0,8276.1,5161.562,944614.463,0.0,0.3,0.0,0.0,self_collected_rtthread,STM32F407/ADS1292R/MPU6050 live log,3.91782573,3.712781148,4.072164604,1.603409976,0.0,0.00375,59.2,0.0,-0.463914476,-0.497822546,-0.415123124,-0.006619894,-0.757220588,-1.022968079,2.021520878,-1.587663021
local_logged,similarity_matching_dataset_20260718,self_collected_matching_unit,legacy_rtthread_features,subject_09,session_20260717_102437,session_20260717_102437_w012,window_5s,Squat,none,,,5.0,80.0,7134.188,5504.837,1096113.462,0.0,0.787,0.0,0.0,self_collected_rtthread,STM32F407/ADS1292R/MPU6050 live log,3.85334455,3.740744464,4.136765525,1.295985331,0.0,0.0098375,54.6,0.0,-0.54745303,-0.460382369,-0.331146958,-0.46687345,-0.757220588,-0.996250408,1.759589201,-1.587663021
local_logged,similarity_matching_dataset_20260718,self_collected_matching_unit,legacy_rtthread_features,subject_09,session_20260717_102437,session_20260717_102437_w013,window_5s,FatiguedSquat,none,,,5.0,81.0,6364.383,4862.63,891679.395,0.0,0.0,0.0,0.0,self_collected_rtthread,STM32F407/ADS1292R/MPU6050 live log,3.803756307,3.686871225,4.041723712,1.308835548,0.0,0.0,60.9,0.0,-0.611697049,-0.532513428,-0.454693913,-0.44763505,-0.757220588,-1.039426604,2.118321715,-1.587663021
local_logged,similarity_matching_dataset_20260718,self_collected_matching_unit,legacy_rtthread_features,subject_09,session_20260717_102437,session_20260717_102437_w014,window_5s,FatiguedSquat,none,,,5.0,80.0,5050.425,3805.062,710553.1,0.0,0.1,0.0,0.0,self_collected_rtthread,STM32F407/ADS1292R/MPU6050 live log,3.703327926,3.580361738,3.948506552,1.327291119,0.0,0.00125,54.1,0.0,-0.741806977,-0.675119334,-0.575868961,-0.420004728,-0.757220588,-1.033940429,1.731118366,-1.587663021
local_logged,similarity_matching_dataset_20260718,self_collected_matching_unit,legacy_rtthread_features,subject_09,session_20260717_102437,session_20260717_102437_w015,window_5s,FatiguedSquat,none,,,5.0,80.0,8895.55,5232.425,931488.55,0.0,0.2,0.0,0.0,self_collected_rtthread,STM32F407/ADS1292R/MPU6050 live log,3.949172805,3.718703012,4.066087534,1.700081702,0.0,0.0025,52.5,0.0,-0.423302792,-0.489893742,-0.423022842,0.1381099,-0.757220588,-1.028454254,1.640011696,-1.587663021
local_logged,similarity_matching_dataset_20260718,self_collected_matching_unit,legacy_rtthread_features,subject_09,session_20260717_102437,session_20260717_102437_w016,window_5s,FatiguedSquat,none,,,5.0,80.0,5309.5,4045.5,726908.713,0.0,0.0,0.0,0.0,self_collected_rtthread,STM32F407/ADS1292R/MPU6050 live log,3.725053625,3.606972206,3.958389888,1.312445928,0.0,0.0,71.3,0.0,-0.713660261,-0.63949049,-0.563021394,-0.442229855,-0.757220588,-1.039426604,2.710515072,-1.587663021
local_logged,similarity_matching_dataset_20260718,self_collected_matching_unit,legacy_rtthread_features,subject_09,session_20260717_102437,session_20260717_102437_w017,window_5s,FatiguedSquat,none,,,5.0,81.0,4520.914,3402.556,666214.432,0.0,0.0,0.0,0.0,self_collected_rtthread,STM32F407/ADS1292R/MPU6050 live log,3.655226246,3.531805282,3.915129018,1.328681732,0.0,0.0,73.5,0.0,-0.80412508,-0.740131735,-0.619257156,-0.417922804,-0.757220588,-1.039426604,2.835786744,-1.587663021
local_logged,similarity_matching_dataset_20260718,self_collected_matching_unit,legacy_rtthread_features,subject_09,session_20260717_102437,session_20260717_102437_w018,window_5s,Rest,none,,,5.0,81.0,4631.321,3542.988,761076.963,0.0,0.0,0.0,0.0,self_collected_rtthread,STM32F407/ADS1292R/MPU6050 live log,3.665704883,3.549369681,3.972943558,1.30717942,0.0,0.0,34.1,0.0,-0.790549488,-0.716614703,-0.544102757,-0.450114483,-0.757220588,-1.039426604,0.592284987,-1.587663021
local_logged,similarity_matching_dataset_20260718,self_collected_matching_unit,legacy_rtthread_features,subject_09,session_20260717_102437,session_20260717_102437_w019,window_5s,Rest,none,,,5.0,82.0,4118.524,3224.793,715915.988,0.0,0.0,0.0,0.0,self_collected_rtthread,STM32F407/ADS1292R/MPU6050 live log,3.614741601,3.508501842,3.941048209,1.27714368,0.0,0.0,3.5,0.0,-0.856574937,-0.771332788,-0.585564226,-0.495081783,-0.757220588,-1.039426604,-1.150130083,-1.587663021
local_logged,similarity_matching_dataset_20260718,self_collected_matching_unit,legacy_rtthread_features,subject_09,session_20260717_102437,session_20260717_102437_w020,window_5s,Rest,none,,,5.0,82.0,3972.378,3091.524,660159.732,0.0,0.0,0.0,0.0,self_collected_rtthread,STM32F407/ADS1292R/MPU6050 live log,3.599050568,3.490172622,3.905835178,1.284925493,0.0,0.0,3.9,0.0,-0.876903445,-0.795873842,-0.631338424,-0.483431425,-0.757220588,-1.039426604,-1.127353415,-1.587663021
local_logged,similarity_matching_dataset_20260718,self_collected_matching_unit,legacy_rtthread_features,subject_09,session_20260717_102437,session_20260717_102437_w021,window_5s,Rest,none,,,5.0,81.0,3092.457,2408.802,635298.864,0.0,0.0,0.0,0.0,self_collected_rtthread,STM32F407/ADS1292R/MPU6050 live log,3.49030367,3.381801103,3.89449306,1.283815357,0.0,0.0,4.9,0.0,-1.017790423,-0.94097283,-0.646082294,-0.485093439,-0.757220588,-1.039426604,-1.070411746,-1.587663021
local_logged,similarity_matching_dataset_20260718,self_collected_matching_unit,legacy_rtthread_features,subject_06,session_20260716_223833,session_20260716_223833_w001,window_5s,unmarked,medium,,,5.0,82.0,12154.122,8980.232,1630999.671,0.11,6.988,31.866,50.0,self_collected_rtthread,STM32F407/ADS1292R/MPU6050 live log,4.084723591,3.953287557,4.298640021,1.353430735,0.001341463,0.085219512,6.5,1.0,-0.247690053,-0.175807714,-0.120722721,-0.380870418,-0.726743284,-0.665403296,-0.979305076,0.762809328
local_logged,similarity_matching_dataset_20260718,self_collected_matching_unit,legacy_rtthread_features,subject_06,session_20260716_223833,session_20260716_223833_w002,window_5s,unmarked,low,,,5.0,83.0,6777.398,4892.229,902605.458,0.0,1.482,16.024,43.0,self_collected_rtthread,STM32F407/ADS1292R/MPU6050 live log,3.83106299,3.689506778,4.036419863,1.385339484,0.0,0.017855422,1.3,0.506,-0.576319892,-0.528984677,-0.461588504,-0.333098987,-0.757220588,-0.961060231,-1.275401754,-0.398324012
local_logged,similarity_matching_dataset_20260718,self_collected_matching_unit,legacy_rtthread_features,subject_06,session_20260716_223833,session_20260716_223833_w003,window_5s,unmarked,medium,,,5.0,82.0,21472.878,12712.171,2402380.537,0.305,12.049,33.024,70.0,self_collected_rtthread,STM32F407/ADS1292R/MPU6050 live log,4.331890257,4.104219726,4.466827948,1.689158996,0.003719512,0.146939024,0.0,0.78,0.072526572,0.02627587,0.097908485,0.121757228,-0.672715313,-0.394520073,-1.349425924,0.245705411
local_logged,similarity_matching_dataset_20260718,self_collected_matching_unit,legacy_rtthread_features,subject_06,session_20260716_223833,session_20260716_223833_w004,window_5s,unmarked,medium,,,5.0,82.0,10730.707,8111.524,1372257.195,0.0,1.854,32.134,50.0,self_collected_rtthread,STM32F407/ADS1292R/MPU6050 live log,4.030628337,3.909102457,4.223621664,1.322896536,0.0,0.022609756,0.0,1.0,-0.317773127,-0.234967291,-0.218240742,-0.426583974,-0.757220588,-0.940193746,-1.349425924,0.762809328
local_logged,similarity_matching_dataset_20260718,self_collected_matching_unit,legacy_rtthread_features,subject_06,session_20260716_223833,session_20260716_223833_w005,window_5s,unmarked,low,,,5.0,82.0,2872.451,2212.476,384554.024,0.0,0.0,2.561,30.0,self_collected_rtthread,STM32F407/ADS1292R/MPU6050 live log,3.458252629,3.344878568,3.671143508,1.298297021,0.0,0.0,0.0,0.085,-1.05931413,-0.990408535,-0.936419317,-0.463412557,-0.757220588,-1.039426604,-1.349425924,-1.387872871
local_logged,similarity_matching_dataset_20260718,self_collected_matching_unit,legacy_rtthread_features,subject_06,session_20260716_223833,session_20260716_223833_w006,window_5s,unmarked,medium,,,5.0,83.0,18127.627,11861.337,2149648.277,0.795,14.0,21.867,50.0,self_collected_rtthread,STM32F407/ADS1292R/MPU6050 live log,4.258340956,4.074133645,4.413289315,1.528295419,0.009578313,0.168674699,3.7,0.651,-0.022760181,-0.014006484,0.028312432,-0.119075882,-0.539606564,-0.299123504,-1.138741749,-0.057505522
local_logged,similarity_matching_dataset_20260718,self_collected_matching_unit,legacy_rtthread_features,subject_06,session_20260716_223833,session_20260716_223833_w007,window_5s,unmarked,medium,,,5.0,81.0,17450.975,10609.42,2051030.877,0.099,9.42,34.531,53.0,self_collected_rtthread,STM32F407/ADS1292R/MPU6050 live log,4.241819696,4.025691642,4.40348718,1.644856646,0.001222222,0.116296296,15.3,1.0,-0.044164289,-0.078865643,0.01557042,0.05543101,-0.729452374,-0.529009162,-0.478218389,0.762809328
local_logged,similarity_matching_dataset_20260718,self_collected_matching_unit,legacy_rtthread_features,subject_06,session_20260716_223833,session_20260716_223833_w008,window_5s,unmarked,medium,,,5.0,82.0,27016.988,10372.89,1858779.293,0.098,2.829,34.585,59.0,self_collected_rtthread,STM32F407/ADS1292R/MPU6050 live log,4.43163693,4.015899772,4.355413973,2.604576738,0.001195122,0.0345,38.0,0.927,0.201753314,-0.091976011,-0.046921005,1.492253306,-0.730068071,-0.888008181,0.814357496,0.591224846
local_logged,similarity_matching_dataset_20260718,self_collected_matching_unit,legacy_rtthread_features,subject_06,session_20260716_223833,session_20260716_223833_w009,window_5s,unmarked,medium,,,5.0,82.0,29562.341,14487.902,2734792.11,0.488,10.11,35.451,64.0,self_collected_rtthread,STM32F407/ADS1292R/MPU6050 live log,4.470738822,4.1610055,4.523110466,2.040484606,0.00595122,0.123292683,28.5,1.0,0.252411746,0.102306531,0.171071375,0.647736077,-0.62201213,-0.49830244,0.273411641,0.762809328
local_logged,similarity_matching_dataset_20260718,self_collected_matching_unit,legacy_rtthread_features,subject_06,session_20260716_223833,session_20260716_223833_w010,window_5s,unmarked,low,,,5.0,82.0,19708.683,6371.098,1120261.146,0.415,1.78,11.902,30.0,self_collected_rtthread,STM32F407/ADS1292R/MPU6050 live log,4.294657604,3.804214285,4.135505421,3.093451553,0.005060976,0.021707317,64.6,0.537,0.02428983,-0.375402414,-0.332784995,2.224160702,-0.642237986,-0.944154496,2.32900589,-0.32545937
local_logged,similarity_matching_dataset_20260718,self_collected_matching_unit,legacy_rtthread_features,subject_06,session_20260716_223833,session_20260716_223833_w011,window_5s,unmarked,medium,,,5.0,82.0,21118.488,10502.829,2176903.0,0.963,5.415,21.463,70.0,self_collected_rtthread,STM32F407/ADS1292R/MPU6050 live log,4.324662821,4.021306295,4.424025225,2.01074282,0.011743902,0.066036585,55.1,0.561,0.063163071,-0.084737199,0.042268279,0.603208864,-0.490405568,-0.749596007,1.788060035,-0.269048033
local_logged,similarity_matching_dataset_20260718,self_collected_matching_unit,legacy_rtthread_features,subject_06,session_20260716_223833,session_20260716_223833_w012,window_5s,unmarked,medium,,,5.0,81.0,32906.914,20549.605,4516314.519,7.432,28.42,37.432,70.0,self_collected_rtthread,STM32F407/ADS1292R/MPU6050 live log,4.517287156,4.312803478,4.74629916,1.601340464,0.091753086,0.350864198,37.6,1.0,0.312717412,0.305549349,0.461199295,-0.009718216,1.327359259,0.500495239,0.791580829,0.762809328
local_logged,similarity_matching_dataset_20260718,self_collected_matching_unit,legacy_rtthread_features,subject_06,session_20260716_223833,session_20260716_223833_w013,window_5s,unmarked,medium,,,5.0,82.0,37583.329,26090.244,5492557.268,6.878,38.61,39.073,70.0,self_collected_rtthread,STM32F407/ADS1292R/MPU6050 live log,4.574995246,4.416478141,4.825960741,1.440512745,0.083878049,0.470853659,42.2,1.0,0.387481093,0.444359701,0.564753146,-0.250497641,1.148442733,1.02712176,1.053512506,0.762809328
local_logged,similarity_matching_dataset_20260718,self_collected_matching_unit,legacy_rtthread_features,subject_06,session_20260716_223833,session_20260716_223833_w014,window_5s,unmarked,low,,,5.0,82.0,10463.134,5418.659,1033085.0,0.098,0.817,15.122,30.0,self_collected_rtthread,STM32F407/ADS1292R/MPU6050 live log,4.019661787,3.733891821,4.100322203,1.930945276,0.001195122,0.009963415,34.7,0.512,-0.331980834,-0.469557395,-0.378520439,0.483741853,-0.730068071,-0.995697775,0.626449989,-0.384221178
local_logged,similarity_matching_dataset_20260718,self_collected_matching_unit,legacy_rtthread_features,subject_06,session_20260716_223833,session_20260716_223833_w015,window_5s,unmarked,high,,,5.0,81.0,54308.346,22873.321,4316704.58,1.136,13.494,46.691,89.0,self_collected_rtthread,STM32F407/ADS1292R/MPU6050 live log,4.734866576,4.359329225,4.726667309,2.374309616,0.014024691,0.166592593,33.6,1.0,0.594602298,0.367842827,0.435679418,1.147514316,-0.438587292,-0.308261742,0.563814153,0.762809328
local_logged,similarity_matching_dataset_20260718,self_collected_matching_unit,legacy_rtthread_features,subject_06,session_20260716_223833,session_20260716_223833_w016,window_5s,unmarked,low,,,5.0,81.0,8032.691,5782.593,1189230.642,0.0,3.494,23.444,47.0,self_collected_rtthread,STM32F407/ADS1292R/MPU6050 live log,3.904861061,3.762122626,4.166781072,1.389115748,0.0,0.043135802,39.8,0.716,-0.480710846,-0.431759076,-0.292129085,-0.327445443,-0.757220588,-0.850106165,0.9168525,0.095275181
local_logged,similarity_matching_dataset_20260718,self_collected_matching_unit,legacy_rtthread_features,subject_06,session_20260716_223833,session_20260716_223833_w017,window_5s,unmarked,medium,,,5.0,82.0,32968.305,19689.854,4070905.646,2.902,19.195,30.463,70.0,self_collected_rtthread,STM32F407/ADS1292R/MPU6050 live log,4.518096619,4.294242496,4.695877184,1.674380369,0.035390244,0.234085366,35.4,0.805,0.313766111,0.280697989,0.395654653,0.099631755,0.046826367,-0.012040024,0.666309157,0.30446722
local_logged,similarity_matching_dataset_20260718,self_collected_matching_unit,legacy_rtthread_features,subject_06,session_20260716_223833,session_20260716_223833_w018,window_5s,unmarked,medium,,,5.0,82.0,9181.415,4729.646,809188.159,0.0,0.78,16.805,53.0,self_collected_rtthread,STM32F407/ADS1292R/MPU6050 live log,3.962909618,3.674828636,3.994235667,1.941247823,0.0,0.009512195,13.0,0.488,-0.405506073,-0.54863729,-0.516424673,0.499166069,-0.757220588,-0.997678152,-0.609184228,-0.440632515
local_logged,similarity_matching_dataset_20260718,self_collected_matching_unit,legacy_rtthread_features,subject_06,session_20260716_223833,session_20260716_223833_w019,window_5s,unmarked,high,,,5.0,82.0,68941.817,34244.098,7688502.634,2.049,19.732,42.488,100.0,self_collected_rtthread,STM32F407/ADS1292R/MPU6050 live log,4.838482725,4.534585731,4.972027915,2.013246691,0.024987805,0.240634146,47.0,0.866,0.728842138,0.602494346,0.754629096,0.606957475,-0.189511348,0.016702177,1.326832517,0.447846033
local_logged,similarity_matching_dataset_20260718,self_collected_matching_unit,legacy_rtthread_features,subject_06,session_20260716_223833,session_20260716_223833_w020,window_5s,unmarked,high,,,5.0,80.0,32840.838,17053.662,3502704.212,1.512,16.45,37.062,100.0,self_collected_rtthread,STM32F407/ADS1292R/MPU6050 live log,4.51641423,4.231817651,4.641313478,1.925735247,0.0189,0.205625,24.9,1.0,0.311586493,0.197117156,0.324726085,0.475941781,-0.327822942,-0.136950857,0.068421633,0.762809328
local_logged,similarity_matching_dataset_20260718,self_collected_matching_unit,legacy_rtthread_features,subject_06,session_20260716_223833,session_20260716_223833_w021,window_5s,unmarked,low,,,5.0,81.0,20514.235,14394.136,3034056.37,2.432,21.21,29.123,49.0,self_collected_rtthread,STM32F407/ADS1292R/MPU6050 live log,4.312055326,4.158185602,4.573538626,1.425180018,0.030024691,0.261851852,30.1,1.0,0.046829439,0.098530961,0.236624056,-0.273452672,-0.075076057,0.109825411,0.364518312,0.762809328
local_logged,similarity_matching_dataset_20260718,self_collected_matching_unit,legacy_rtthread_features,subject_06,session_20260716_223833,session_20260716_223833_w022,window_5s,Squat,medium,,,5.0,81.0,39354.469,20471.21,4044049.346,2.741,19.481,39.605,70.0,self_collected_rtthread,STM32F407/ADS1292R/MPU6050 live log,4.594994057,4.311143513,4.698331427,1.922430037,0.033839506,0.240506173,35.9,1.0,0.413390541,0.303326817,0.398844978,0.470993464,0.01159445,0.016140511,0.694779991,0.762809328
local_logged,similarity_matching_dataset_20260718,self_collected_matching_unit,legacy_rtthread_features,subject_06,session_20260716_223833,session_20260716_223833_w023,window_5s,Squat,medium,,,5.0,81.0,33674.309,23289.025,4722025.556,6.148,31.815,35.84,70.0,self_collected_rtthread,STM32F407/ADS1292R/MPU6050 live log,4.527298693,4.367151307,4.765643314,1.44593039,0.075901235,0.392777778,33.2,1.0,0.325687853,0.378315839,0.486345188,-0.242386742,0.967213889,0.684451419,0.541037485,0.762809328
local_logged,similarity_matching_dataset_20260718,self_collected_matching_unit,legacy_rtthread_features,subject_06,session_20260716_223833,session_20260716_223833_w024,window_5s,Squat,medium,,,5.0,81.0,43197.753,26185.309,5037125.012,3.173,30.16,41.148,70.0,self_collected_rtthread,STM32F407/ADS1292R/MPU6050 live log,4.635461157,4.418057703,4.79369771,1.649694224,0.03917284,0.372345679,36.5,1.0,0.465817668,0.446474582,0.522813718,0.062673476,0.132764876,0.594776166,0.728944993,0.762809328
local_logged,similarity_matching_dataset_20260718,self_collected_matching_unit,legacy_rtthread_features,subject_06,session_20260716_223833,session_20260716_223833_w025,window_5s,Squat,medium,,,5.0,81.0,44229.383,27281.988,5345507.247,5.21,30.84,38.617,70.0,self_collected_rtthread,STM32F407/ADS1292R/MPU6050 live log,4.645710881,4.435876014,4.819503904,1.621193551,0.064320988,0.380740741,28.3,1.0,0.479096692,0.470331578,0.556359761,0.020004365,0.704117021,0.631621588,0.262023307,0.762809328
local_logged,similarity_matching_dataset_20260718,self_collected_matching_unit,legacy_rtthread_features,subject_06,session_20260716_223833,session_20260716_223833_w026,window_5s,Squat,high,,,5.0,81.0,40746.148,23380.556,4740092.21,4.864,22.593,39.506,100.0,self_collected_rtthread,STM32F407/ADS1292R/MPU6050 live log,4.610086558,4.368854835,4.767301771,1.742736486,0.060049383,0.278925926,46.6,1.0,0.432943621,0.380596698,0.488501053,0.201969503,0.607068496,0.184762494,1.304055849,0.762809328
local_logged,similarity_matching_dataset_20260718,self_collected_matching_unit,legacy_rtthread_features,subject_06,session_20260716_223833,session_20260716_223833_w027,window_5s,Squat,medium,,,5.0,80.0,38664.4,20016.787,4113488.938,2.9,18.887,34.475,70.0,self_collected_rtthread,STM32F407/ADS1292R/MPU6050 live log,4.587311275,4.301394368,4.711120347,1.931598713,0.03625,0.2360875,34.9,0.825,0.403437117,0.290273654,0.415469578,0.484720131,0.066359553,-0.003252779,0.637838323,0.351476667
local_logged,similarity_matching_dataset_20260718,self_collected_matching_unit,legacy_rtthread_features,subject_06,session_20260716_223833,session_20260716_223833_w028,window_5s,Squat,medium,,,5.0,81.0,57373.79,25853.21,5387252.444,2.136,15.84,38.16,70.0,self_collected_rtthread,STM32F407/ADS1292R/MPU6050 live log,4.758713539,4.412514474,4.822882308,2.219213397,0.02637037,0.195555556,42.9,0.84,0.625497217,0.439052734,0.560751423,0.91531567,-0.158100228,-0.181145041,1.093371674,0.386733752
local_logged,similarity_matching_dataset_20260718,self_collected_matching_unit,legacy_rtthread_features,subject_06,session_20260716_223833,session_20260716_223833_w029,window_5s,Squat,high,,,5.0,82.0,37248.439,16325.951,3327353.634,1.049,7.256,19.5,100.0,self_collected_rtthread,STM32F407/ADS1292R/MPU6050 live log,4.571108077,4.212878489,4.608285108,2.281547887,0.012792683,0.088487805,37.6,0.329,0.382445074,0.171759449,0.281791776,1.008638282,-0.466577839,-0.651058954,0.791580829,-0.814357618
local_logged,similarity_matching_dataset_20260718,self_collected_matching_unit,legacy_rtthread_features,subject_06,session_20260716_223833,session_20260716_223833_w030,window_5s,Squat,high,,,5.0,81.0,63785.988,28883.086,6239892.049,1.296,11.63,31.605,100.0,self_collected_rtthread,STM32F407/ADS1292R/MPU6050 live log,4.804725287,4.460643593,4.886692058,2.208420111,0.016,0.143580247,33.9,0.506,0.685107709,0.503492972,0.643699128,0.899156757,-0.393709353,-0.409261543,0.580896654,-0.398324012
local_logged,similarity_matching_dataset_20260718,self_collected_matching_unit,legacy_rtthread_features,subject_06,session_20260716_223833,session_20260716_223833_w031,window_5s,Squat,medium,,,5.0,81.0,47135.136,24418.383,5143656.778,3.062,18.593,41.111,70.0,self_collected_rtthread,STM32F407/ADS1292R/MPU6050 live log,4.673344764,4.387716901,4.802786963,1.930313567,0.037802469,0.22954321,32.3,1.0,0.514897752,0.405851181,0.534629039,0.482796105,0.101630798,-0.031975273,0.489789983,0.762809328
local_logged,similarity_matching_dataset_20260718,self_collected_matching_unit,legacy_rtthread_features,subject_06,session_20260716_223833,session_20260716_223833_w032,window_5s,Squat,medium,,,5.0,80.0,55238.5,27853.75,5372947.7,4.075,26.05,45.425,70.0,self_collected_rtthread,STM32F407/ADS1292R/MPU6050 live log,4.742241877,4.444883673,4.827122626,1.983162052,0.0509375,0.325625,36.3,1.0,0.604157365,0.482391962,0.566263506,0.561916968,0.400051506,0.389721919,0.717556659,0.762809328
local_logged,similarity_matching_dataset_20260718,self_collected_matching_unit,legacy_rtthread_features,subject_06,session_20260716_223833,session_20260716_223833_w033,window_5s,Squat,medium,,,5.0,81.0,35272.111,19217.802,3624212.185,3.444,17.346,35.259,70.0,self_collected_rtthread,STM32F407/ADS1292R/MPU6050 live log,4.547431453,4.283703715,4.650728597,1.835387366,0.042518519,0.214148148,39.0,1.0,0.351770838,0.26658758,0.336965006,0.340679583,0.20877687,-0.099543274,0.871299165,0.762809328
local_logged,similarity_matching_dataset_20260718,self_collected_matching_unit,legacy_rtthread_features,subject_06,session_20260716_223833,session_20260716_223833_w034,window_5s,Squat,medium,,,5.0,80.0,27219.612,16822.037,3247453.712,3.288,19.15,30.475,59.0,self_collected_rtthread,STM32F407/ADS1292R/MPU6050 live log,4.43488193,4.225878584,4.608452983,1.618092506,0.0411,0.239375,41.7,0.887,0.205957371,0.18916532,0.282010001,0.015361709,0.176548896,0.011175861,1.025041671,0.497205953
local_logged,similarity_matching_dataset_20260718,self_collected_matching_unit,legacy_rtthread_features,subject_06,session_20260716_223833,session_20260716_223833_w035,window_5s,Squat,medium,,,5.0,80.0,37132.988,18764.65,3238907.1,1.262,12.325,33.525,70.0,self_collected_rtthread,STM32F407/ADS1292R/MPU6050 live log,4.569759897,4.273340468,4.607308505,1.978879862,0.015775,0.1540625,40.5,0.887,0.38069844,0.252712194,0.280522268,0.555505988,-0.39882123,-0.363255566,0.956711669,0.497205953
local_logged,similarity_matching_dataset_20260718,self_collected_matching_unit,legacy_rtthread_features,subject_06,session_20260716_223833,session_20260716_223833_w036,window_5s,Squat,high,,,5.0,81.0,37827.025,18842.284,3613839.148,2.975,16.111,33.383,89.0,self_collected_rtthread,STM32F407/ADS1292R/MPU6050 live log,4.577802186,4.275133545,4.649483799,2.007560495,0.036728395,0.198901235,49.6,0.827,0.391117623,0.255112951,0.335346866,0.598444521,0.077228425,-0.166461057,1.474880856,0.356177612
local_logged,similarity_matching_dataset_20260718,self_collected_matching_unit,legacy_rtthread_features,subject_06,session_20260716_223833,session_20260716_223833_w037,window_5s,Squat,medium,,,5.0,81.0,22028.728,12327.617,2284226.42,0.864,8.741,32.642,70.0,self_collected_rtthread,STM32F407/ADS1292R/MPU6050 live log,4.342989421,4.090879133,4.450254132,1.786941304,0.010666667,0.10791358,40.7,0.877,0.086906087,0.008414105,0.076363815,0.268149704,-0.514879757,-0.565800397,0.968100002,0.473701229
local_logged,similarity_matching_dataset_20260718,self_collected_matching_unit,legacy_rtthread_features,subject_06,session_20260716_223833,session_20260716_223833_w038,window_5s,Squat,high,,,5.0,81.0,47333.975,19320.593,4045136.074,0.852,10.074,39.247,100.0,self_collected_rtthread,STM32F407/ADS1292R/MPU6050 live log,4.675172977,4.286020452,4.698448117,2.449923509,0.010518519,0.12437037,38.5,0.741,0.517266292,0.269689467,0.398996666,1.260717872,-0.518245599,-0.493572537,0.842828331,0.15403699
local_logged,similarity_matching_dataset_20260718,self_collected_matching_unit,legacy_rtthread_features,subject_06,session_20260716_223833,session_20260716_223833_w039,window_5s,Squat,medium,,,5.0,81.0,40150.432,19970.914,4059650.901,1.79,16.741,40.284,70.0,self_collected_rtthread,STM32F407/ADS1292R/MPU6050 live log,4.603690222,4.300397941,4.70000367,2.010445391,0.022098765,0.206679012,36.7,1.0,0.424656852,0.288939535,0.401018763,0.602763575,-0.255148754,-0.132324862,0.740333327,0.762809328
local_logged,similarity_matching_dataset_20260718,self_collected_matching_unit,legacy_rtthread_features,subject_06,session_20260716_223833,session_20260716_223833_w040,window_5s,Squat,medium,,,5.0,81.0,28444.963,13898.012,2992602.0,1.185,7.63,15.654,70.0,self_collected_rtthread,STM32F407/ADS1292R/MPU6050 live log,4.454005373,4.142952682,4.567563943,2.046692937,0.01462963,0.094197531,31.0,0.358,0.230732736,0.078135553,0.228857433,0.657030733,-0.424843409,-0.625999311,0.415765814,-0.74619392
local_logged,similarity_matching_dataset_20260718,self_collected_matching_unit,legacy_rtthread_features,subject_06,session_20260716_223833,session_20260716_223833_w041,window_5s,Squat,high,,,5.0,82.0,50447.939,20324.585,4265376.805,1.488,13.573,31.622,100.0,self_collected_rtthread,STM32F407/ADS1292R/MPU6050 live log,4.702843428,4.308021687,4.716143551,2.4821141,0.018146341,0.16552439,44.2,0.524,0.553114728,0.299146994,0.421999352,1.308911256,-0.344945662,-0.31295002,1.167395844,-0.35601551
local_logged,similarity_matching_dataset_20260718,self_collected_matching_unit,legacy_rtthread_features,subject_06,session_20260716_223833,session_20260716_223833_w042,window_5s,Squat,medium,,,5.0,80.0,55426.175,26988.963,5095859.125,3.688,21.887,44.975,70.0,self_collected_rtthread,STM32F407/ADS1292R/MPU6050 live log,4.743714909,4.431186198,4.804127426,2.053660787,0.0461,0.2735875,35.9,1.0,0.606065751,0.464052367,0.536371537,0.667462486,0.290146156,0.161332464,0.694779991,0.762809328
local_logged,similarity_matching_dataset_20260718,self_collected_matching_unit,legacy_rtthread_features,subject_06,session_20260716_223833,session_20260716_223833_w043,window_5s,Squat,medium,,,5.0,81.0,31029.16,16714.568,3190004.42,1.765,15.852,33.741,70.0,self_collected_rtthread,STM32F407/ADS1292R/MPU6050 live log,4.491770019,4.223095156,4.595306266,1.856414117,0.021790123,0.195703704,42.8,0.889,0.279658701,0.185438579,0.264920292,0.372159287,-0.262160931,-0.180494828,1.087677507,0.501906897
local_logged,similarity_matching_dataset_20260718,self_collected_matching_unit,legacy_rtthread_features,subject_06,session_20260716_223833,session_20260716_223833_w044,window_5s,Squat,medium,,,5.0,81.0,43044.654,21453.358,4165856.79,1.506,12.704,27.753,70.0,self_collected_rtthread,STM32F407/ADS1292R/MPU6050 live log,4.633919221,4.33149528,4.711219317,2.006429669,0.018592593,0.156839506,42.8,0.691,0.463820014,0.330575865,0.415598231,0.596751532,-0.334807061,-0.351067454,1.087677507,0.036513372
local_logged,similarity_matching_dataset_20260718,self_collected_matching_unit,legacy_rtthread_features,subject_06,session_20260716_223833,session_20260716_223833_w045,window_5s,FatiguedSquat,medium,,,5.0,81.0,32402.272,17772.654,3785704.58,3.593,24.84,34.444,70.0,self_collected_rtthread,STM32F407/ADS1292R/MPU6050 live log,4.510575463,4.249752286,4.669661702,1.823153256,0.044358025,0.306666667,42.0,0.938,0.304022082,0.221129899,0.361576568,0.322363573,0.250569439,0.306514937,1.042124172,0.617080042
local_logged,similarity_matching_dataset_20260718,self_collected_matching_unit,legacy_rtthread_features,subject_06,session_20260716_223833,session_20260716_223833_w046,window_5s,FatiguedSquat,medium,,,5.0,81.0,42519.951,20211.654,4365469.333,2.679,20.383,34.494,70.0,self_collected_rtthread,STM32F407/ADS1292R/MPU6050 live log,4.628592755,4.305601855,4.731545923,2.10373436,0.033074074,0.251641975,40.3,0.951,0.456919314,0.295907072,0.442021236,0.742428954,-0.005795746,0.065014876,0.945323335,0.647636183
local_logged,similarity_matching_dataset_20260718,self_collected_matching_unit,legacy_rtthread_features,subject_06,session_20260716_223833,session_20260716_223833_w047,window_5s,FatiguedSquat,medium,,,5.0,81.0,42518.901,20504.358,4148264.123,2.667,18.346,38.444,70.0,self_collected_rtthread,STM32F407/ADS1292R/MPU6050 live log,4.628582031,4.311846176,4.709381382,2.073651904,0.032925926,0.226493827,51.5,1.0,0.45690542,0.304267615,0.413209059,0.697391715,-0.009161588,-0.045358832,1.583070027,0.762809328
local_logged,similarity_matching_dataset_20260718,self_collected_matching_unit,legacy_rtthread_features,subject_06,session_20260716_223833,session_20260716_223833_w048,window_5s,FatiguedSquat,medium,,,5.0,81.0,35730.58,19555.667,3960126.272,3.173,20.457,36.247,70.0,self_collected_rtthread,STM32F407/ADS1292R/MPU6050 live log,4.553040066,4.291272633,4.689224015,1.827121519,0.03917284,0.252555556,52.0,1.0,0.359037073,0.276721629,0.387006052,0.328304565,0.132764876,0.069024528,1.611540862,0.762809328
local_logged,similarity_matching_dataset_20260718,self_collected_matching_unit,legacy_rtthread_features,subject_06,session_20260716_223833,session_20260716_223833_w049,window_5s,FatiguedSquat,medium,,,5.0,81.0,48786.852,24952.222,5099968.21,3.728,25.679,41.938,70.0,self_collected_rtthread,STM32F407/ADS1292R/MPU6050 live log,4.688302796,4.397109226,4.79908245,1.955210722,0.046024691,0.317024691,50.0,1.0,0.534276621,0.418426596,0.529813461,0.520070293,0.288435177,0.35197568,1.497657524,0.762809328
local_logged,similarity_matching_dataset_20260718,self_collected_matching_unit,legacy_rtthread_features,subject_06,session_20260716_223833,session_20260716_223833_w050,window_5s,FatiguedSquat,medium,,,5.0,81.0,25989.765,17150.358,3523769.556,4.062,20.605,32.568,70.0,self_collected_rtthread,STM32F407/ADS1292R/MPU6050 live log,4.414802353,4.23427319,4.63852248,1.515406559,0.050148148,0.254382716,47.8,1.0,0.179943288,0.200404885,0.321098005,-0.138372134,0.382117861,0.077043823,1.372385852,0.762809328
local_logged,similarity_matching_dataset_20260718,self_collected_matching_unit,legacy_rtthread_features,subject_06,session_20260716_223833,session_20260716_223833_w051,window_5s,FatiguedSquat,medium,,,5.0,81.0,38304.259,23579.247,4785555.802,5.37,27.012,38.642,70.0,self_collected_rtthread,STM32F407/ADS1292R/MPU6050 live log,4.583247065,4.372529932,4.771447366,1.624490341,0.066296296,0.333481481,52.7,1.0,0.398171732,0.385517298,0.493890004,0.024940077,0.748994937,0.424203541,1.65140003,0.762809328
local_logged,similarity_matching_dataset_20260718,self_collected_matching_unit,legacy_rtthread_features,subject_06,session_20260716_223833,session_20260716_223833_w052,window_5s,FatiguedSquat,medium,,,5.0,81.0,50123.568,30768.42,5856706.728,6.074,33.148,46.704,70.0,self_collected_rtthread,STM32F407/ADS1292R/MPU6050 live log,4.700041978,4.488105195,4.859168459,1.629058886,0.074987654,0.409234568,51.8,1.0,0.549485312,0.540261402,0.607920593,0.031779766,0.946457829,0.75667928,1.600152528,0.762809328
local_logged,similarity_matching_dataset_20260718,self_collected_matching_unit,legacy_rtthread_features,subject_06,session_20260716_223833,session_20260716_223833_w053,window_5s,FatiguedSquat,medium,,,5.0,81.0,30354.654,20556.728,4028363.704,4.988,25.136,36.864,68.0,self_collected_rtthread,STM32F407/ADS1292R/MPU6050 live log,4.482225287,4.312953989,4.696643655,1.476628674,0.061580247,0.310320988,47.3,1.0,0.267293029,0.305750869,0.396651006,-0.19642753,0.641848887,0.322553531,1.343915018,0.762809328
local_logged,similarity_matching_dataset_20260718,self_collected_matching_unit,legacy_rtthread_features,subject_06,session_20260716_223833,session_20260716_223833_w054,window_5s,FatiguedSquat,high,,,5.0,81.0,50500.716,27995.605,5543200.321,5.543,27.679,40.42,100.0,self_collected_rtthread,STM32F407/ADS1292R/MPU6050 live log,4.703297536,4.447089857,4.835275555,1.803880145,0.068432099,0.341716049,49.7,0.914,0.553703048,0.485345829,0.576861679,0.29350929,0.797519211,0.460344564,1.480575023,0.560668706
local_logged,similarity_matching_dataset_20260718,self_collected_matching_unit,legacy_rtthread_features,subject_06,session_20260716_223833,session_20260716_223833_w055,window_5s,FatiguedSquat,medium,,,5.0,81.0,39982.469,24043.802,4834024.432,3.988,29.432,42.42,70.0,self_collected_rtthread,STM32F407/ADS1292R/MPU6050 live log,4.601869609,4.381003143,4.775823822,1.662901275,0.049234568,0.363358025,44.7,1.0,0.422298158,0.396862108,0.499579056,0.0824461,0.361361824,0.555329894,1.195866678,0.762809328
local_logged,similarity_matching_dataset_20260718,self_collected_matching_unit,legacy_rtthread_features,subject_06,session_20260716_223833,session_20260716_223833_w056,window_5s,FatiguedSquat,medium,,,5.0,81.0,43964.136,24732.975,5002422.543,5.074,26.42,38.79,70.0,self_collected_rtthread,STM32F407/ADS1292R/MPU6050 live log,4.643098543,4.393276359,4.790695354,1.777551467,0.062641975,0.32617284,45.1,0.926,0.475712279,0.413294758,0.518910889,0.254091931,0.665970766,0.392126356,1.218643346,0.588874374
local_logged,similarity_matching_dataset_20260718,self_collected_matching_unit,legacy_rtthread_features,subject_06,session_20260716_223833,session_20260716_223833_w057,window_5s,Rest,low,,,5.0,83.0,2272.458,1721.53,399232.157,0.0,0.12,1.807,30.0,self_collected_rtthread,STM32F407/ADS1292R/MPU6050 live log,3.356495865,3.235914595,3.682147423,1.320022306,0.0,0.001445783,1.6,0.06,-1.191145044,-1.136300761,-0.922115084,-0.43088706,-0.757220588,-1.033081149,-1.258319254,-1.44663468
local_logged,similarity_matching_dataset_20260718,self_collected_matching_unit,legacy_rtthread_features,subject_06,session_20260716_223833,session_20260716_223833_w058,window_5s,Rest,none,,,5.0,82.0,1556.171,1244.793,316830.11,0.0,0.0,0.0,0.0,self_collected_rtthread,STM32F407/ADS1292R/MPU6050 live log,3.192057318,3.095097137,3.587012596,1.250144402,0.0,0.0,0.2,0.0,-1.404183305,-1.324841724,-1.04578295,-0.535503115,-0.757220588,-1.039426604,-1.33803759,-1.587663021
local_logged,similarity_matching_dataset_20260718,self_collected_matching_unit,legacy_rtthread_features,subject_06,session_20260716_223833,session_20260716_223833_w059,window_5s,Rest,low,,,5.0,83.0,1851.687,1414.723,333039.687,0.0,0.0,0.723,30.0,self_collected_rtthread,STM32F407/ADS1292R/MPU6050 live log,3.267567578,3.150671414,3.603417897,1.308868945,0.0,0.0,13.8,0.024,-1.306356033,-1.25043314,-1.024457336,-0.447585051,-0.757220588,-1.039426604,-0.563630892,-1.531251684
local_logged,similarity_matching_dataset_20260718,self_collected_matching_unit,legacy_rtthread_features,subject_06,session_20260716_223833,session_20260716_223833_w060,window_5s,Rest,low,,,5.0,82.0,2732.585,2136.183,418383.268,0.0,0.0,2.195,30.0,self_collected_rtthread,STM32F407/ADS1292R/MPU6050 live log,3.43657368,3.329638455,3.707760456,1.2791905,0.0,0.0,7.8,0.073,-1.087400279,-1.010813573,-0.888820136,-0.492017435,-0.757220588,-1.039426604,-0.905280906,-1.416078539
local_logged,similarity_matching_dataset_20260718,self_collected_matching_unit,legacy_rtthread_features,subject_06,session_20260716_224637,session_20260716_224637_w001,window_5s,unmarked,low,,,5.0,83.0,7326.229,5741.807,1125582.94,0.0,0.205,30.0,30.0,self_collected_rtthread,STM32F407/ADS1292R/MPU6050 live log,3.86488049,3.75904859,4.13229941,1.275944838,0.0,0.00246988,14.4,1.0,-0.53250765,-0.435874913,-0.33695256,-0.496876601,-0.757220588,-1.028586449,-0.529465891,0.762809328
local_logged,similarity_matching_dataset_20260718,self_collected_matching_unit,legacy_rtthread_features,subject_06,session_20260716_224637,session_20260716_224637_w002,window_5s,unmarked,medium,,,5.0,81.0,16318.691,9090.765,1678710.296,0.0,2.444,34.741,50.0,self_collected_rtthread,STM32F407/ADS1292R/MPU6050 live log,4.212685319,3.958600431,4.316490735,1.795084462,0.0,0.03017284,8.2,1.0,-0.081909314,-0.168694289,-0.097518183,0.280341041,-0.757220588,-0.906999825,-0.882504238,0.762809328
local_logged,similarity_matching_dataset_20260718,self_collected_matching_unit,legacy_rtthread_features,subject_06,session_20260716_224637,session_20260716_224637_w003,window_5s,unmarked,medium,,,5.0,82.0,12570.28,7411.134,1465406.439,0.0,1.451,32.073,50.0,self_collected_rtthread,STM32F407/ADS1292R/MPU6050 live log,4.099344952,3.869884666,4.252144243,1.696134492,0.0,0.017695122,14.9,1.0,-0.228747358,-0.287476122,-0.181163611,0.132200427,-0.757220588,-0.961763778,-0.500995056,0.762809328
local_logged,similarity_matching_dataset_20260718,self_collected_matching_unit,legacy_rtthread_features,subject_06,session_20260716_224637,session_20260716_224637_w004,window_5s,unmarked,low,,,5.0,83.0,5609.699,4261.398,807773.88,0.0,0.096,23.133,30.0,self_collected_rtthread,STM32F407/ADS1292R/MPU6050 live log,3.748939559,3.629552098,3.988211713,1.31639875,0.0,0.001156627,4.4,0.771,-0.682714853,-0.609258198,-0.524255344,-0.436311981,-0.757220588,-1.034350237,-1.09888258,0.22455116
local_logged,similarity_matching_dataset_20260718,self_collected_matching_unit,legacy_rtthread_features,subject_06,session_20260716_224637,session_20260716_224637_w005,window_5s,unmarked,low,,,5.0,82.0,5035.049,3873.902,708645.756,0.0,0.0,24.146,30.0,self_collected_rtthread,STM32F407/ADS1292R/MPU6050 live log,3.702003701,3.58814863,3.936615338,1.29973577,0.0,0.0,0.3,0.805,-0.743522576,-0.664693439,-0.591326613,-0.461258568,-0.757220588,-1.039426604,-1.332343423,0.30446722
local_logged,similarity_matching_dataset_20260718,self_collected_matching_unit,legacy_rtthread_features,subject_06,session_20260716_224637,session_20260716_224637_w006,window_5s,unmarked,medium,,,5.0,82.0,35408.866,17148.695,3591660.72,2.159,11.22,36.512,70.0,self_collected_rtthread,STM32F407/ADS1292R/MPU6050 live log,4.549112018,4.234231076,4.641481453,2.064814028,0.026329268,0.136829268,42.5,0.939,0.353948093,0.200348499,0.324944439,0.684160297,-0.159034043,-0.438891183,1.070595007,0.619430515
local_logged,similarity_matching_dataset_20260718,self_collected_matching_unit,legacy_rtthread_features,subject_06,session_20260716_224637,session_20260716_224637_w007,window_5s,Squat,medium,,,5.0,81.0,61401.802,32398.593,6387017.506,5.679,24.296,49.37,70.0,self_collected_rtthread,STM32F407/ADS1292R/MPU6050 live log,4.788181117,4.51052615,4.896813088,1.895199646,0.070111111,0.299950617,30.7,1.0,0.66367392,0.570280893,0.656855679,0.430226127,0.835665444,0.277038597,0.398683313,0.762809328
local_logged,similarity_matching_dataset_20260718,self_collected_matching_unit,legacy_rtthread_features,subject_06,session_20260716_224637,session_20260716_224637_w008,window_5s,Squat,medium,,,5.0,81.0,90129.951,48896.691,11824451.136,6.333,32.605,52.309,70.0,self_collected_rtthread,STM32F407/ADS1292R/MPU6050 live log,4.954869135,4.68927947,5.164295972,1.843273014,0.078185185,0.402530864,26.0,1.0,0.879626481,0.809614308,1.004562596,0.352485394,1.019103982,0.727257126,0.131057469,0.762809328
local_logged,similarity_matching_dataset_20260718,self_collected_matching_unit,legacy_rtthread_features,subject_06,session_20260716_224637,session_20260716_224637_w009,window_5s,Squat,medium,,,5.0,81.0,36093.296,20870.494,3960733.716,3.333,19.617,36.395,64.0,self_collected_rtthread,STM32F407/ADS1292R/MPU6050 live log,4.557426543,4.319532729,4.689290626,1.729393468,0.041148148,0.242185185,22.6,1.0,0.364719971,0.314559166,0.387092641,0.181993319,0.177642792,0.023509594,-0.062544206,0.762809328
local_logged,similarity_matching_dataset_20260718,self_collected_matching_unit,legacy_rtthread_features,subject_06,session_20260716_224637,session_20260716_224637_w010,window_5s,Squat,medium,,,5.0,81.0,30426.79,19532.753,3832943.062,4.494,21.432,32.247,50.0,self_collected_rtthread,STM32F407/ADS1292R/MPU6050 live log,4.483256137,4.290763458,4.675047349,1.557731775,0.055481481,0.264592593,24.3,1.0,0.268628546,0.276039893,0.36857749,-0.075005936,0.503288265,0.121854359,0.034256632,0.762809328
local_logged,similarity_matching_dataset_20260718,self_collected_matching_unit,legacy_rtthread_features,subject_06,session_20260716_224637,session_20260716_224637_w011,window_5s,Squat,medium,,,5.0,81.0,32987.963,17675.481,3580161.926,3.457,15.16,34.778,70.0,self_collected_rtthread,STM32F407/ADS1292R/MPU6050 live log,4.518355499,4.247371241,4.645417651,1.86631204,0.042679012,0.187160494,30.7,1.0,0.314101503,0.21794191,0.33006119,0.386977729,0.212423183,-0.217990462,0.398683313,0.762809328
local_logged,similarity_matching_dataset_20260718,self_collected_matching_unit,legacy_rtthread_features,subject_06,session_20260716_224637,session_20260716_224637_w012,window_5s,Squat,high,,,5.0,81.0,38056.901,21172.259,3877139.123,2.852,17.407,36.58,93.0,self_collected_rtthread,STM32F407/ADS1292R/MPU6050 live log,4.58043342,4.325767198,4.680026366,1.797488922,0.035209877,0.214901235,27.8,1.0,0.394526516,0.322906517,0.375049824,0.283940821,0.042728528,-0.09623802,0.233552473,0.762809328
local_logged,similarity_matching_dataset_20260718,self_collected_matching_unit,legacy_rtthread_features,subject_06,session_20260716_224637,session_20260716_224637_w013,window_5s,Squat,medium,,,5.0,82.0,40603.268,18782.5,3451967.329,1.915,10.11,42.146,70.0,self_collected_rtthread,STM32F407/ADS1292R/MPU6050 live log,4.60856099,4.273753398,4.624252824,2.161760575,0.023353659,0.123292683,22.9,1.0,0.430967173,0.253265067,0.302548563,0.829301533,-0.22663825,-0.49830244,-0.045461705,0.762809328
local_logged,similarity_matching_dataset_20260718,self_collected_matching_unit,legacy_rtthread_features,subject_06,session_20260716_224637,session_20260716_224637_w014,window_5s,Squat,medium,,,5.0,81.0,25827.815,12062.506,2304511.049,0.864,8.111,23.605,62.0,self_collected_rtthread,STM32F407/ADS1292R/MPU6050 live log,4.412087667,4.081437542,4.454093776,2.141164945,0.010666667,0.100135802,29.3,0.877,0.176426278,-0.004227272,0.081355053,0.798467272,-0.514879757,-0.599936597,0.318964976,0.473701229
local_logged,similarity_matching_dataset_20260718,self_collected_matching_unit,legacy_rtthread_features,subject_06,session_20260716_224637,session_20260716_224637_w015,window_5s,Squat,medium,,,5.0,81.0,13759.321,6825.519,1298438.79,0.16,1.877,23.84,50.0,self_collected_rtthread,STM32F407/ADS1292R/MPU6050 live log,4.138597003,3.83413568,4.204936462,2.015864435,0.001975309,0.02317284,35.3,0.802,-0.177894387,-0.335340559,-0.24253005,0.610876569,-0.71234265,-0.937722404,0.66061499,0.297415803
local_logged,similarity_matching_dataset_20260718,self_collected_matching_unit,legacy_rtthread_features,subject_06,session_20260716_224637,session_20260716_224637_w016,window_5s,Squat,medium,,,5.0,82.0,10463.207,5981.317,1167157.28,0.0,4.183,18.195,61.0,self_collected_rtthread,STM32F407/ADS1292R/MPU6050 live log,4.019664817,3.77679682,4.153315531,1.749314908,0.0,0.051012195,34.3,0.488,-0.331976909,-0.412111749,-0.30963324,0.211818233,-0.757220588,-0.815537151,0.603673321,-0.440632515
local_logged,similarity_matching_dataset_20260718,self_collected_matching_unit,legacy_rtthread_features,subject_06,session_20260716_224637,session_20260716_224637_w017,window_5s,FatiguedSquat,medium,,,5.0,82.0,10208.207,5303.512,1055832.671,0.0,0.915,22.634,50.0,self_collected_rtthread,STM32F407/ADS1292R/MPU6050 live log,4.008949468,3.724563556,4.109781244,1.924801339,0.0,0.011158537,40.9,0.695,-0.345859173,-0.48204704,-0.366224422,0.474543603,-0.757220588,-0.990452457,0.979488336,0.045915262
local_logged,similarity_matching_dataset_20260718,self_collected_matching_unit,legacy_rtthread_features,subject_06,session_20260716_224637,session_20260716_224637_w018,window_5s,FatiguedSquat,medium,,,5.0,81.0,24547.864,10721.173,2217563.605,0.444,7.481,27.333,66.0,self_collected_rtthread,STM32F407/ADS1292R/MPU6050 live log,4.390013709,4.030242304,4.437391066,2.289662148,0.005481481,0.092358025,39.3,0.815,0.147828375,-0.072772747,0.059642831,1.020786356,-0.632684343,-0.634072792,0.888381666,0.327971943
local_logged,similarity_matching_dataset_20260718,self_collected_matching_unit,legacy_rtthread_features,subject_06,session_20260716_224637,session_20260716_224637_w019,window_5s,FatiguedSquat,medium,,,5.0,82.0,27600.537,13065.707,2571568.171,0.976,8.28,28.939,70.0,self_collected_rtthread,STM32F407/ADS1292R/MPU6050 live log,4.440917532,4.116132915,4.496384189,2.112441141,0.011902439,0.10097561,31.3,0.817,0.213776792,0.042226478,0.136329297,0.755464106,-0.486803695,-0.59625073,0.432848314,0.332672888
local_logged,similarity_matching_dataset_20260718,self_collected_matching_unit,legacy_rtthread_features,subject_06,session_20260716_224637,session_20260716_224637_w020,window_5s,FatiguedSquat,high,,,5.0,81.0,18282.852,9093.531,1915063.148,0.099,2.84,33.778,100.0,self_collected_rtthread,STM32F407/ADS1292R/MPU6050 live log,4.262043944,3.958732552,4.37369808,2.010533862,0.001222222,0.035061728,39.6,0.951,-0.017962777,-0.168517392,-0.02315309,0.602896027,-0.729452374,-0.88554279,0.905464167,0.647636183
local_logged,similarity_matching_dataset_20260718,self_collected_matching_unit,legacy_rtthread_features,subject_06,session_20260716_224637,session_20260716_224637_w021,window_5s,FatiguedSquat,high,,,5.0,81.0,35438.037,15147.198,3220199.049,0.296,9.0,40.617,84.0,self_collected_rtthread,STM32F407/ADS1292R/MPU6050 live log,4.549469657,4.180332302,4.599397699,2.339577062,0.003654321,0.111111111,41.7,1.0,0.354411432,0.128183251,0.270238837,1.095515292,-0.674196417,-0.551766626,1.025041671,0.762809328
local_logged,similarity_matching_dataset_20260718,self_collected_matching_unit,legacy_rtthread_features,subject_06,session_20260716_224637,session_20260716_224637_w022,window_5s,FatiguedSquat,high,,,5.0,82.0,47570.024,21008.268,4386697.061,1.963,10.561,46.244,100.0,self_collected_rtthread,STM32F407/ADS1292R/MPU6050 live log,4.677333371,4.322390249,4.728323791,2.264347732,0.023939024,0.128792683,34.9,1.0,0.520065189,0.318385109,0.437832715,0.982887475,-0.213339078,-0.474163271,0.637838323,0.762809328
local_logged,similarity_matching_dataset_20260718,self_collected_matching_unit,legacy_rtthread_features,subject_06,session_20260716_224637,session_20260716_224637_w023,window_5s,FatiguedSquat,medium,,,5.0,81.0,23580.272,10998.37,2126718.728,0.42,4.321,36.025,70.0,self_collected_rtthread,STM32F407/ADS1292R/MPU6050 live log,4.37254881,4.041328326,4.419225037,2.14397879,0.005185185,0.053345679,32.0,1.0,0.125201735,-0.057929635,0.036028408,0.802679953,-0.639416025,-0.80529563,0.472707483,0.762809328
local_logged,similarity_matching_dataset_20260718,self_collected_matching_unit,legacy_rtthread_features,subject_06,session_20260716_224637,session_20260716_224637_w024,window_5s,FatiguedSquat,high,,,5.0,82.0,26395.024,12037.61,2412621.476,0.207,5.146,37.268,92.0,self_collected_rtthread,STM32F407/ADS1292R/MPU6050 live log,4.421522061,4.080540269,4.468675337,2.192713005,0.00252439,0.062756098,38.8,0.902,0.188649001,-0.005428634,0.100309947,0.875641234,-0.69986783,-0.763993867,0.859910831,0.532463038
local_logged,similarity_matching_dataset_20260718,self_collected_matching_unit,legacy_rtthread_features,subject_06,session_20260716_224637,session_20260716_224637_w025,window_5s,FatiguedSquat,medium,,,5.0,81.0,29633.679,12874.926,2620458.543,0.42,7.012,39.691,70.0,self_collected_rtthread,STM32F407/ADS1292R/MPU6050 live log,4.471785572,4.109744742,4.509892274,2.3016582,0.005185185,0.086567901,30.5,1.0,0.253767862,0.033673332,0.153888755,1.038745962,-0.639416025,-0.659485298,0.387294979,0.762809328
local_logged,similarity_matching_dataset_20260718,self_collected_matching_unit,legacy_rtthread_features,subject_06,session_20260716_224637,session_20260716_224637_w026,window_5s,FatiguedSquat,medium,,,5.0,82.0,35695.415,21940.122,4151556.939,5.159,19.805,38.963,70.0,self_collected_rtthread,STM32F407/ADS1292R/MPU6050 live log,4.552612435,4.341239038,4.704397146,1.62694697,0.062914634,0.24152439,28.4,1.0,0.358483056,0.343621815,0.40672994,0.028617961,0.672165429,0.020609404,0.267717474,0.762809328
local_logged,similarity_matching_dataset_20260718,self_collected_matching_unit,legacy_rtthread_features,subject_06,session_20260716_224637,session_20260716_224637_w027,window_5s,FatiguedSquat,medium,,,5.0,81.0,30027.728,17484.16,3178029.272,3.37,13.642,31.852,70.0,self_collected_rtthread,STM32F407/ADS1292R/MPU6050 live log,4.477522473,4.242644772,4.593672874,1.717424686,0.041604938,0.168419753,28.0,0.926,0.261200301,0.211613624,0.26279701,0.164074539,0.18802081,-0.300242447,0.244940807,0.588874374
local_logged,similarity_matching_dataset_20260718,self_collected_matching_unit,legacy_rtthread_features,subject_06,session_20260716_224637,session_20260716_224637_w028,window_5s,FatiguedSquat,medium,,,5.0,81.0,36934.037,24370.568,4584875.79,6.457,21.543,39.951,70.0,self_collected_rtthread,STM32F407/ADS1292R/MPU6050 live log,4.56742678,4.386865651,4.752842556,1.515518104,0.079716049,0.265962963,26.9,1.0,0.377675772,0.404711439,0.4697052,-0.138205137,1.053884373,0.12786883,0.182304971,0.762809328
local_logged,similarity_matching_dataset_20260718,self_collected_matching_unit,legacy_rtthread_features,subject_06,session_20260716_224637,session_20260716_224637_w029,window_5s,FatiguedSquat,medium,,,5.0,82.0,46786.72,24665.378,5005497.293,2.573,15.963,37.695,70.0,self_collected_rtthread,STM32F407/ADS1292R/MPU6050 live log,4.6701226,4.392087775,4.785633378,1.896858017,0.031378049,0.194670732,28.1,0.939,0.510723279,0.411703359,0.512330715,0.432708918,-0.044328505,-0.18502848,0.250634974,0.619430515
local_logged,similarity_matching_dataset_20260718,self_collected_matching_unit,legacy_rtthread_features,subject_06,session_20260716_224637,session_20260716_224637_w030,window_5s,FatiguedSquat,medium,,,5.0,81.0,49419.321,35019.543,6273876.765,8.284,32.481,45.099,70.0,self_collected_rtthread,STM32F407/ADS1292R/MPU6050 live log,4.693896774,4.544310474,4.889050965,1.41119263,0.102271605,0.401,25.3,1.0,0.541523896,0.615514837,0.646765523,-0.29439356,1.566334249,0.720538256,0.091198301,0.762809328
local_logged,similarity_matching_dataset_20260718,self_collected_matching_unit,legacy_rtthread_features,subject_06,session_20260716_224637,session_20260716_224637_w031,window_5s,Rest,low,,,5.0,82.0,6227.463,4544.841,835051.598,0.0,0.293,25.61,30.0,self_collected_rtthread,STM32F407/ADS1292R/MPU6050 live log,3.794311156,3.657518694,4.007899459,1.370226813,0.0,0.003573171,3.7,0.854,-0.623933708,-0.571813629,-0.498662808,-0.355724566,-0.757220588,-1.023744171,-1.138741749,0.419640365
local_logged,similarity_matching_dataset_20260718,self_collected_matching_unit,legacy_rtthread_features,subject_06,session_20260716_224637,session_20260716_224637_w032,window_5s,Rest,low,,,5.0,82.0,8699.854,6810.537,1265344.073,0.0,0.78,30.0,30.0,self_collected_rtthread,STM32F407/ADS1292R/MPU6050 live log,3.939511964,3.833181357,4.188394783,1.277410871,0.0,0.009512195,0.7,1.0,-0.435818889,-0.336618305,-0.264032944,-0.494681764,-0.757220588,-0.997678152,-1.309566756,0.762809328
local_logged,similarity_matching_dataset_20260718,self_collected_matching_unit,legacy_rtthread_features,subject_06,session_20260716_224637,session_20260716_224637_w033,window_5s,Rest,low,,,5.0,82.0,8449.659,6607.866,1286669.098,0.0,0.561,30.0,30.0,self_collected_rtthread,STM32F407/ADS1292R/MPU6050 live log,3.926839183,3.820061227,4.195653018,1.278727353,0.0,0.006841463,0.0,1.0,-0.452237103,-0.354184891,-0.254597804,-0.492710824,-0.757220588,-1.009399834,-1.349425924,0.762809328
local_logged,similarity_matching_dataset_20260718,self_collected_matching_unit,legacy_rtthread_features,subject_06,session_20260716_224637,session_20260716_224637_w034,window_5s,Rest,low,,,5.0,82.0,8565.293,6568.854,1247902.878,0.0,1.122,30.0,30.0,self_collected_rtthread,STM32F407/ADS1292R/MPU6050 live log,3.932742224,3.817489609,4.182366934,1.303925007,0.0,0.013682927,0.0,1.0,-0.444589422,-0.357628039,-0.271868678,-0.454986751,-0.757220588,-0.979373061,-1.349425924,0.762809328
local_logged,similarity_matching_dataset_20260718,self_collected_matching_unit,legacy_rtthread_features,subject_06,session_20260716_224637,session_20260716_224637_w035,window_5s,Rest,low,,,5.0,83.0,6031.398,4738.458,942781.181,0.0,0.193,28.554,30.0,self_collected_rtthread,STM32F407/ADS1292R/MPU6050 live log,3.780417988,3.675637036,4.055332813,1.272860918,0.0,0.002325301,1.0,0.952,-0.641932994,-0.547554921,-0.437003142,-0.501493619,-0.757220588,-1.029220998,-1.292484255,0.649986655
local_logged,similarity_matching_dataset_20260718,self_collected_matching_unit,legacy_rtthread_features,subject_06,session_20260716_224637,session_20260716_224637_w036,window_5s,Rest,low,,,5.0,53.0,5621.113,4419.321,751028.792,0.0,0.0,30.0,30.0,self_collected_rtthread,STM32F407/ADS1292R/MPU6050 live log,3.749822316,3.645355548,4.151380717,1.271940418,0.0,0.0,0.0,1.0,-0.681571198,-0.588098906,-0.312148347,-0.502871724,-0.757220588,-1.039426604,-1.349425924,0.762809328
local_logged,similarity_matching_dataset_20260718,self_collected_matching_unit,legacy_rtthread_features,subject_06,session_20260716_225515,session_20260716_225515_w001,window_5s,unmarked,medium,,,5.0,82.0,11897.866,7824.439,1475390.256,0.0,2.915,33.049,50.0,self_collected_rtthread,STM32F407/ADS1292R/MPU6050 live log,4.075469073,3.893453209,4.255093059,1.520603075,0.0,0.03554878,13.7,1.0,-0.259679739,-0.255920122,-0.17733038,-0.130592293,-0.757220588,-0.883405148,-0.569325059,0.762809328
local_logged,similarity_matching_dataset_20260718,self_collected_matching_unit,legacy_rtthread_features,subject_06,session_20260716_225515,session_20260716_225515_w002,window_5s,unmarked,low,,,5.0,82.0,10636.524,8156.756,1591092.951,0.0,3.768,32.537,47.0,self_collected_rtthread,STM32F407/ADS1292R/MPU6050 live log,4.026799724,3.911517471,4.287881699,1.304013998,0.0,0.04595122,5.8,1.0,-0.322733284,-0.231733821,-0.134707702,-0.45485352,-0.757220588,-0.837749465,-1.019164244,0.762809328
local_logged,similarity_matching_dataset_20260718,self_collected_matching_unit,legacy_rtthread_features,subject_06,session_20260716_225515,session_20260716_225515_w003,window_5s,unmarked,low,,,5.0,82.0,8253.915,6349.024,1120823.524,0.0,1.049,30.073,33.0,self_collected_rtthread,STM32F407/ADS1292R/MPU6050 live log,3.916659992,3.802706969,4.135723385,1.300028949,0.0,0.012792683,1.5,1.0,-0.465424748,-0.377420564,-0.332501659,-0.460819642,-0.757220588,-0.983280288,-1.26401342,0.762809328
local_logged,similarity_matching_dataset_20260718,self_collected_matching_unit,legacy_rtthread_features,subject_06,session_20260716_225515,session_20260716_225515_w004,window_5s,unmarked,low,,,5.0,83.0,6739.699,5184.47,947227.675,0.0,0.157,30.0,30.0,self_collected_rtthread,STM32F407/ADS1292R/MPU6050 live log,3.828640501,3.714704366,4.057376286,1.299978397,0.0,0.001891566,0.9,1.0,-0.579458346,-0.495247543,-0.434346786,-0.460895325,-0.757220588,-1.031124634,-1.298178422,0.762809328
local_logged,similarity_matching_dataset_20260718,self_collected_matching_unit,legacy_rtthread_features,subject_06,session_20260716_225515,session_20260716_225515_w005,window_5s,unmarked,low,,,5.0,82.0,7484.5,5762.439,1064056.707,0.0,0.512,30.0,30.0,self_collected_rtthread,STM32F407/ADS1292R/MPU6050 live log,3.874162793,3.760606341,4.113150921,1.298842383,0.0,0.006243902,1.4,1.0,-0.520481968,-0.433789235,-0.361844104,-0.462596082,-0.757220588,-1.012022494,-1.269707587,0.762809328
local_logged,similarity_matching_dataset_20260718,self_collected_matching_unit,legacy_rtthread_features,subject_06,session_20260716_225515,session_20260716_225515_w006,window_5s,Squat,medium,,,5.0,81.0,34233.432,21970.543,4599285.395,3.593,29.444,41.778,72.0,self_collected_rtthread,STM32F407/ADS1292R/MPU6050 live log,4.534450441,4.341840791,4.75420534,1.558151385,0.044358025,0.363506173,36.1,1.0,0.334953296,0.344427505,0.471476713,-0.074377726,0.250569439,0.555980107,0.706168325,0.762809328
local_logged,similarity_matching_dataset_20260718,self_collected_matching_unit,legacy_rtthread_features,subject_06,session_20260716_225515,session_20260716_225515_w007,window_5s,Squat,medium,,,5.0,81.0,38900.963,27299.556,5480077.728,6.099,45.012,41.062,66.0,self_collected_rtthread,STM32F407/ADS1292R/MPU6050 live log,4.589960352,4.436155584,4.8303017,1.424966875,0.075296296,0.555703704,35.1,1.0,0.406869127,0.470705895,0.570396054,-0.273771774,0.953470006,1.3995235,0.649226656,0.762809328
local_logged,similarity_matching_dataset_20260718,self_collected_matching_unit,legacy_rtthread_features,subject_06,session_20260716_225515,session_20260716_225515_w008,window_5s,Squat,medium,,,5.0,81.0,34332.222,23617.222,4743374.469,5.605,36.741,41.543,70.0,self_collected_rtthread,STM32F407/ADS1292R/MPU6050 live log,4.535701912,4.373228812,4.767602393,1.453694342,0.069197531,0.453592593,40.6,1.0,0.336574638,0.38645303,0.488891839,-0.230763124,0.814909407,0.951363981,0.962405836,0.762809328
local_logged,similarity_matching_dataset_20260718,self_collected_matching_unit,legacy_rtthread_features,subject_06,session_20260716_225515,session_20260716_225515_w009,window_5s,Squat,medium,,,5.0,81.0,35459.951,25453.679,5129261.086,5.975,41.617,37.025,56.0,self_collected_rtthread,STM32F407/ADS1292R/MPU6050 live log,4.549738131,4.405750563,4.801569787,1.393116924,0.073765432,0.513790123,31.5,1.0,0.354759253,0.429996511,0.533046805,-0.321455176,0.918689615,1.215567316,0.444236648,0.762809328
local_logged,similarity_matching_dataset_20260718,self_collected_matching_unit,legacy_rtthread_features,subject_06,session_20260716_225515,session_20260716_225515_w010,window_5s,Squat,medium,,,5.0,81.0,37135.852,25092.704,5013407.383,5.309,33.457,38.741,70.0,self_collected_rtthread,STM32F407/ADS1292R/MPU6050 live log,4.569793392,4.399547464,4.791647977,1.479946203,0.06554321,0.413049383,28.0,1.0,0.380741835,0.421691161,0.520149225,-0.19146077,0.731885236,0.773422273,0.244940807,0.762809328
local_logged,similarity_matching_dataset_20260718,self_collected_matching_unit,legacy_rtthread_features,subject_06,session_20260716_225515,session_20260716_225515_w011,window_5s,Squat,medium,,,5.0,81.0,31147.593,22421.951,4394968.247,4.617,32.556,40.42,53.0,self_collected_rtthread,STM32F407/ADS1292R/MPU6050 live log,4.493424491,4.350673399,4.734470723,1.389156234,0.057,0.401925926,31.2,1.0,0.281802151,0.356253513,0.445823248,-0.32738483,0.537788185,0.72460209,0.427154147,0.762809328
local_logged,similarity_matching_dataset_20260718,self_collected_matching_unit,legacy_rtthread_features,subject_06,session_20260716_225515,session_20260716_225515_w012,window_5s,Squat,medium,,,5.0,81.0,34242.222,21974.407,4399319.617,3.765,30.173,41.123,70.0,self_collected_rtthread,STM32F407/ADS1292R/MPU6050 live log,4.534561939,4.341917164,4.734900496,1.558277409,0.046481481,0.372506173,35.3,1.0,0.335097747,0.344529761,0.446381919,-0.074189053,0.298813196,0.595480565,0.66061499,0.762809328
local_logged,similarity_matching_dataset_20260718,self_collected_matching_unit,legacy_rtthread_features,subject_06,session_20260716_225515,session_20260716_225515_w013,window_5s,Squat,medium,,,5.0,82.0,31920.268,20086.805,3907880.744,3.573,20.963,39.354,70.0,self_collected_rtthread,STM32F407/ADS1292R/MPU6050 live log,4.504066529,4.302910864,4.67812745,1.589116238,0.043573171,0.255646341,31.1,1.0,0.295589437,0.292304096,0.372581381,-0.028019427,0.232737986,0.082589797,0.421459981,0.762809328
local_logged,similarity_matching_dataset_20260718,self_collected_matching_unit,legacy_rtthread_features,subject_06,session_20260716_225515,session_20260716_225515_w014,window_5s,Squat,medium,,,5.0,81.0,39207.296,24444.0,4572915.198,3.691,29.469,39.84,70.0,self_collected_rtthread,STM32F407/ADS1292R/MPU6050 live log,4.593366891,4.388172275,4.751708129,1.603963999,0.045567901,0.363814815,33.3,1.0,0.411282467,0.406460883,0.468230533,-0.005790452,0.278057159,0.557334718,0.546731652,0.762809328
local_logged,similarity_matching_dataset_20260718,self_collected_matching_unit,legacy_rtthread_features,subject_06,session_20260716_225515,session_20260716_225515_w015,window_5s,Squat,medium,,,5.0,81.0,30399.975,20922.716,4081573.333,3.63,25.951,37.79,61.0,self_collected_rtthread,STM32F407/ADS1292R/MPU6050 live log,4.482873226,4.32061806,4.702342585,1.452965045,0.044814815,0.320382716,38.7,1.0,0.268132466,0.316012319,0.404059171,-0.231854974,0.260947457,0.36671385,0.854216665,0.762809328
local_logged,similarity_matching_dataset_20260718,self_collected_matching_unit,legacy_rtthread_features,subject_06,session_20260716_225515,session_20260716_225515_w016,window_5s,Squat,medium,,,5.0,81.0,50358.753,29167.148,5551415.247,5.58,29.704,45.358,70.0,self_collected_rtthread,STM32F407/ADS1292R/MPU6050 live log,4.702074967,4.464893965,4.835918695,1.726557324,0.068888889,0.366716049,34.5,1.0,0.552119149,0.509183809,0.57769771,0.177747253,0.80789723,0.570068059,0.615061655,0.762809328
local_logged,similarity_matching_dataset_20260718,self_collected_matching_unit,legacy_rtthread_features,subject_06,session_20260716_225515,session_20260716_225515_w017,window_5s,Squat,medium,,,5.0,81.0,43354.593,24878.63,4805339.16,3.716,23.333,45.0,70.0,self_collected_rtthread,STM32F407/ADS1292R/MPU6050 live log,4.637035114,4.395826461,4.773239027,1.742643908,0.045876543,0.288061728,26.4,1.0,0.467856807,0.416709098,0.496219024,0.201830902,0.285069336,0.224858979,0.153834136,0.762809328
local_logged,similarity_matching_dataset_20260718,self_collected_matching_unit,legacy_rtthread_features,subject_06,session_20260716_225515,session_20260716_225515_w018,window_5s,Squat,medium,,,5.0,81.0,42130.852,29494.16,5566659.506,6.346,35.654,38.716,62.0,self_collected_rtthread,STM32F407/ADS1292R/MPU6050 live log,4.624600242,4.469736032,4.837109639,1.428447259,0.078345679,0.44017284,22.8,1.0,0.451746816,0.515666868,0.579245845,-0.268561199,1.022750318,0.892465493,-0.051155872,0.762809328
local_logged,similarity_matching_dataset_20260718,self_collected_matching_unit,legacy_rtthread_features,subject_06,session_20260716_225515,session_20260716_225515_w019,window_5s,Squat,medium,,,5.0,81.0,40015.988,23505.815,4972975.691,2.605,16.864,41.481,70.0,self_collected_rtthread,STM32F407/ADS1292R/MPU6050 live log,4.602233544,4.371175314,4.788131317,1.70238675,0.032160494,0.208197531,22.4,1.0,0.422769654,0.383703595,0.515577841,0.141560848,-0.026551783,-0.125660174,-0.073932539,0.762809328
local_logged,similarity_matching_dataset_20260718,self_collected_matching_unit,legacy_rtthread_features,subject_06,session_20260716_225515,session_20260716_225515_w020,window_5s,Squat,medium,,,5.0,82.0,40483.439,25683.695,4985526.378,4.39,29.951,43.378,70.0,self_collected_rtthread,STM32F407/ADS1292R/MPU6050 live log,4.607277398,4.409657504,4.783897166,1.576231107,0.053536585,0.365256098,25.1,1.0,0.429304216,0.435227527,0.510073774,-0.047310097,0.459101293,0.563660422,0.079809967,0.762809328
local_logged,similarity_matching_dataset_20260718,self_collected_matching_unit,legacy_rtthread_features,subject_06,session_20260716_225515,session_20260716_225515_w021,window_5s,Squat,medium,,,5.0,81.0,31211.531,22886.185,4367955.914,3.827,29.358,34.049,50.0,self_collected_rtthread,STM32F407/ADS1292R/MPU6050 live log,4.494315072,4.359573404,4.731793227,1.363771681,0.047246914,0.362444444,20.8,1.0,0.282955943,0.368169759,0.442342712,-0.365388715,0.316203414,0.551320242,-0.16503921,0.762809328
local_logged,similarity_matching_dataset_20260718,self_collected_matching_unit,legacy_rtthread_features,subject_06,session_20260716_225515,session_20260716_225515_w022,window_5s,Squat,medium,,,5.0,81.0,40526.691,24543.519,4739780.148,3.543,28.198,40.988,70.0,self_collected_rtthread,STM32F407/ADS1292R/MPU6050 live log,4.607741145,4.389936831,4.767273179,1.651217619,0.043740741,0.348123457,25.5,1.0,0.429905023,0.408823453,0.488463886,0.06495419,0.236545084,0.488466292,0.102586634,0.762809328
local_logged,similarity_matching_dataset_20260718,self_collected_matching_unit,legacy_rtthread_features,subject_06,session_20260716_225515,session_20260716_225515_w023,window_5s,Squat,medium,,,5.0,81.0,50535.185,31494.617,5992540.494,6.543,27.593,48.333,70.0,self_collected_rtthread,STM32F407/ADS1292R/MPU6050 live log,4.70359386,4.498236331,4.869125959,1.60456579,0.080777778,0.340654321,28.1,1.0,0.55408695,0.553826014,0.620864567,-0.004889495,1.078006274,0.455684704,0.250634974,0.762809328
local_logged,similarity_matching_dataset_20260718,self_collected_matching_unit,legacy_rtthread_features,subject_06,session_20260716_225515,session_20260716_225515_w024,window_5s,Squat,medium,,,5.0,81.0,35972.198,25396.0,4706066.63,5.259,30.617,34.642,61.0,self_collected_rtthread,STM32F407/ADS1292R/MPU6050 live log,4.555966975,4.404765318,4.764173053,1.416451331,0.064925926,0.377987654,24.1,1.0,0.362829028,0.428677363,0.484433964,-0.286520619,0.717860881,0.619538455,0.022868298,0.762809328
local_logged,similarity_matching_dataset_20260718,self_collected_matching_unit,legacy_rtthread_features,subject_06,session_20260716_225515,session_20260716_225515_w025,window_5s,Squat,high,,,5.0,81.0,48977.63,27254.963,5270843.222,2.975,21.988,46.025,100.0,self_collected_rtthread,STM32F407/ADS1292R/MPU6050 live log,4.689997766,4.435445597,4.81339508,1.797016932,0.036728395,0.27145679,14.4,1.0,0.536472539,0.469755291,0.548418765,0.283234192,0.077228425,0.151980906,-0.529465891,0.762809328
local_logged,similarity_matching_dataset_20260718,self_collected_matching_unit,legacy_rtthread_features,subject_06,session_20260716_225515,session_20260716_225515_w026,window_5s,Squat,medium,,,5.0,81.0,49825.173,30112.901,5841739.086,6.691,34.741,47.025,70.0,self_collected_rtthread,STM32F407/ADS1292R/MPU6050 live log,4.697448815,4.478752596,4.858057137,1.654612188,0.082604938,0.428901235,20.1,1.0,0.546125741,0.527739176,0.606475961,0.070036289,1.119518349,0.842995097,-0.204898378,0.762809328
local_logged,similarity_matching_dataset_20260718,self_collected_matching_unit,legacy_rtthread_features,subject_06,session_20260716_225515,session_20260716_225515_w027,window_5s,Squat,high,,,5.0,81.0,59269.914,36208.938,6651017.679,4.247,33.481,49.765,100.0,self_collected_rtthread,STM32F407/ADS1292R/MPU6050 live log,4.772834297,4.558815787,4.914403083,1.636886285,0.052432099,0.413345679,20.0,1.0,0.643791356,0.634936049,0.679721302,0.043498372,0.434007977,0.774722698,-0.210592545,0.762809328
local_logged,similarity_matching_dataset_20260718,self_collected_matching_unit,legacy_rtthread_features,subject_06,session_20260716_225515,session_20260716_225515_w028,window_5s,FatiguedSquat,medium,,,5.0,82.0,26136.207,14857.366,3070484.171,0.207,6.476,35.171,70.0,self_collected_rtthread,STM32F407/ADS1292R/MPU6050 live log,4.417242561,4.171941822,4.57339301,1.759141358,0.00252439,0.07897561,19.6,1.0,0.183104698,0.116949209,0.236434766,0.22652967,-0.69986783,-0.692807406,-0.233369212,0.762809328
local_logged,similarity_matching_dataset_20260718,self_collected_matching_unit,legacy_rtthread_features,subject_06,session_20260716_225515,session_20260716_225515_w029,window_5s,FatiguedSquat,medium,,,5.0,81.0,55274.012,32998.864,6254027.284,6.074,35.259,43.58,70.0,self_collected_rtthread,STM32F407/ADS1292R/MPU6050 live log,4.742520988,4.518498989,4.887674753,1.675027722,0.074987654,0.435296296,23.5,1.0,0.604518967,0.580955754,0.644976555,0.100600924,0.946457829,0.871062635,-0.011296704,0.762809328
local_logged,similarity_matching_dataset_20260718,self_collected_matching_unit,legacy_rtthread_features,subject_06,session_20260716_225515,session_20260716_225515_w030,window_5s,FatiguedSquat,medium,,,5.0,81.0,34692.086,22716.0,4302402.975,4.062,26.111,38.778,70.0,self_collected_rtthread,STM32F407/ADS1292R/MPU6050 live log,4.540230414,4.35633186,4.725226066,1.52720928,0.050148148,0.322358025,27.5,1.0,0.342441536,0.363829645,0.433805914,-0.120701969,0.382117861,0.375383362,0.216469972,0.762809328
local_logged,similarity_matching_dataset_20260718,self_collected_matching_unit,legacy_rtthread_features,subject_06,session_20260716_225515,session_20260716_225515_w031,window_5s,FatiguedSquat,medium,,,5.0,81.0,47291.173,25021.877,4725788.667,3.185,20.469,41.42,70.0,self_collected_rtthread,STM32F407/ADS1292R/MPU6050 live log,4.674780086,4.398319885,4.765989278,1.889993025,0.039320988,0.252703704,24.6,1.0,0.516757283,0.420047552,0.486794915,0.422431157,0.136130718,0.069674741,0.051339132,0.762809328
local_logged,similarity_matching_dataset_20260718,self_collected_matching_unit,legacy_rtthread_features,subject_06,session_20260716_225515,session_20260716_225515_w032,window_5s,FatiguedSquat,medium,,,5.0,81.0,53087.358,29830.012,5688218.148,3.802,24.025,48.444,70.0,self_collected_rtthread,STM32F407/ADS1292R/MPU6050 live log,4.724991112,4.474653428,4.846491225,1.779662643,0.046938272,0.296604938,25.0,1.0,0.581808147,0.522250786,0.591441176,0.257252628,0.309191237,0.262354614,0.0741158,0.762809328
local_logged,similarity_matching_dataset_20260718,self_collected_matching_unit,legacy_rtthread_features,subject_06,session_20260716_225515,session_20260716_225515_w033,window_5s,FatiguedSquat,medium,,,5.0,81.0,54092.049,30580.593,5873527.025,3.568,24.778,45.568,70.0,self_collected_rtthread,STM32F407/ADS1292R/MPU6050 live log,4.733133433,4.485445903,4.860413952,1.768835843,0.044049383,0.305901235,25.6,1.0,0.592356926,0.536700867,0.609539637,0.24104354,0.243557262,0.303155502,0.108280801,0.762809328
local_logged,similarity_matching_dataset_20260718,self_collected_matching_unit,legacy_rtthread_features,subject_06,session_20260716_225515,session_20260716_225515_w034,window_5s,FatiguedSquat,medium,,,5.0,81.0,36458.716,21504.21,4022203.21,2.123,24.481,38.333,75.0,self_collected_rtthread,STM32F407/ADS1292R/MPU6050 live log,4.56180137,4.332523493,4.695978989,1.695422245,0.026209877,0.302234568,32.4,1.0,0.370387775,0.331952543,0.395786992,0.131134103,-0.161746541,0.287062721,0.49548415,0.762809328
local_logged,similarity_matching_dataset_20260718,self_collected_matching_unit,legacy_rtthread_features,subject_06,session_20260716_225515,session_20260716_225515_w035,window_5s,FatiguedSquat,medium,,,5.0,81.0,38019.123,21549.099,4176116.642,2.605,21.617,40.531,70.0,self_collected_rtthread,STM32F407/ADS1292R/MPU6050 live log,4.580002095,4.333429116,4.712287601,1.764302211,0.032160494,0.266876543,31.5,1.0,0.393967714,0.333165085,0.416986917,0.23425612,-0.026551783,0.131878478,0.444236648,0.762809328
local_logged,similarity_matching_dataset_20260718,self_collected_matching_unit,legacy_rtthread_features,subject_06,session_20260716_225515,session_20260716_225515_w036,window_5s,Rest,low,,,5.0,82.0,9698.244,7398.061,1417597.768,0.0,1.5,29.793,34.0,self_collected_rtthread,STM32F407/ADS1292R/MPU6050 live log,3.986693106,3.869117908,4.237739168,1.310917009,0.0,0.018292683,18.3,0.988,-0.374693389,-0.288502737,-0.199889087,-0.44451884,-0.757220588,-0.959141119,-0.307393382,0.73460366
local_logged,similarity_matching_dataset_20260718,self_collected_matching_unit,legacy_rtthread_features,subject_06,session_20260716_225515,session_20260716_225515_w037,window_5s,Rest,low,,,5.0,82.0,8783.976,6689.037,1251057.244,0.0,1.61,30.0,44.0,self_collected_rtthread,STM32F407/ADS1292R/MPU6050 live log,3.943691141,3.825363598,4.18346333,1.313189926,0.0,0.019634146,5.5,0.963,-0.430404559,-0.347085528,-0.270443449,-0.441115996,-0.757220588,-0.953253519,-1.036246745,0.675841851
local_logged,similarity_matching_dataset_20260718,self_collected_matching_unit,legacy_rtthread_features,subject_06,session_20260716_225515,session_20260716_225515_w038,window_5s,Rest,low,,,5.0,82.0,8327.683,6459.476,1252424.22,0.0,0.488,30.0,30.0,self_collected_rtthread,STM32F407/ADS1292R/MPU6050 live log,3.920524185,3.810197289,4.183937605,1.28921959,0.0,0.00595122,8.1,1.0,-0.460418495,-0.36739175,-0.269826928,-0.477002619,-0.757220588,-1.013307057,-0.888198405,0.762809328
local_logged,similarity_matching_dataset_20260718,self_collected_matching_unit,legacy_rtthread_features,subject_06,session_20260716_225515,session_20260716_225515_w039,window_5s,Rest,low,,,5.0,82.0,7808.073,5976.232,1204468.5,0.0,0.427,30.0,30.0,self_collected_rtthread,STM32F407/ADS1292R/MPU6050 live log,3.892543865,3.776427449,4.166981594,1.306521065,0.0,0.005207317,2.3,1.0,-0.496668381,-0.412606301,-0.291868422,-0.451100124,-0.757220588,-1.016572003,-1.218460085,0.762809328
local_logged,similarity_matching_dataset_20260718,self_collected_matching_unit,legacy_rtthread_features,subject_06,session_20260716_225515,session_20260716_225515_w040,window_5s,Rest,medium,,,5.0,82.0,15405.976,9055.098,1833261.524,0.098,3.707,32.902,53.0,self_collected_rtthread,STM32F407/ADS1292R/MPU6050 live log,4.187689217,3.956893155,4.349410571,1.701359389,0.001195122,0.045207317,15.8,1.0,-0.114292999,-0.170980167,-0.05472496,0.140022759,-0.730068071,-0.841014411,-0.449747554,0.762809328
local_logged,similarity_matching_dataset_20260718,self_collected_matching_unit,legacy_rtthread_features,subject_06,session_20260716_225515,session_20260716_225515_w041,window_5s,Rest,low,,,5.0,47.0,9219.128,7039.064,1402181.383,0.0,0.532,30.0,30.0,self_collected_rtthread,STM32F407/ADS1292R/MPU6050 live log,3.964689845,3.847514914,4.474706339,1.309709359,0.0,0.011319149,6.6,1.0,-0.403199701,-0.317427058,0.10814978,-0.446326845,-0.757220588,-0.98974754,-0.973610909,0.762809328
local_logged,similarity_matching_dataset_20260718,self_collected_matching_unit,legacy_rtthread_features,subject_02,session_20260717_214547,session_20260717_214547_w001,window_5s,unmarked,none,,,5.0,83.0,559.084,435.771,104954.072,0.0,0.0,0.0,0.0,self_collected_rtthread,STM32F407/ADS1292R/MPU6050 live log,2.747477064,2.639258325,3.101921201,1.282976609,0.0,0.0,12.7,0.0,-1.980158984,-1.935165827,-1.676363983,-0.486349151,-0.757220588,-1.039426604,-0.626266728,-1.587663021
local_logged,similarity_matching_dataset_20260718,self_collected_matching_unit,legacy_rtthread_features,subject_02,session_20260717_214547,session_20260717_214547_w002,window_5s,unmarked,none,,,5.0,83.0,522.867,417.072,101693.627,0.0,0.0,0.0,0.0,self_collected_rtthread,STM32F407/ADS1292R/MPU6050 live log,2.718391233,2.620211035,3.088215645,1.253661238,0.0,0.0,5.6,0.0,-2.017841115,-1.960668307,-1.694180138,-0.530237967,-0.757220588,-1.039426604,-1.030552578,-1.587663021
local_logged,similarity_matching_dataset_20260718,self_collected_matching_unit,legacy_rtthread_features,subject_02,session_20260717_214547,session_20260717_214547_w003,window_5s,unmarked,none,,,5.0,84.0,391.774,321.679,88352.333,0.0,0.0,0.0,0.0,self_collected_rtthread,STM32F407/ADS1292R/MPU6050 live log,2.593035611,2.50742271,3.021938736,1.217903562,0.0,0.0,0.6,0.0,-2.180245516,-2.111680971,-1.780334958,-0.583771728,-0.757220588,-1.039426604,-1.315260922,-1.587663021
local_logged,similarity_matching_dataset_20260718,self_collected_matching_unit,legacy_rtthread_features,subject_02,session_20260717_214547,session_20260717_214547_w004,window_5s,unmarked,high,,,5.0,82.0,38172.585,18978.28,3998995.878,1.61,21.915,24.012,100.0,self_collected_rtthread,STM32F407/ADS1292R/MPU6050 live log,4.581751571,4.27825685,4.688137104,2.011382749,0.019634146,0.267256098,80.7,0.561,0.396234246,0.259294754,0.385593152,0.604166918,-0.311143547,0.133544322,3.24576676,-0.269048033
local_logged,similarity_matching_dataset_20260718,self_collected_matching_unit,legacy_rtthread_features,subject_02,session_20260717_214547,session_20260717_214547_w005,window_5s,Squat,medium,,,5.0,81.0,32002.049,21066.136,4413432.778,2.926,36.926,32.914,70.0,self_collected_rtthread,STM32F407/ADS1292R/MPU6050 live log,4.505177786,4.323584884,4.736291497,1.519122871,0.036123457,0.455876543,18.1,1.0,0.297029125,0.31998461,0.448190112,-0.132808345,0.063484565,0.9613881,-0.318781716,0.762809328
local_logged,similarity_matching_dataset_20260718,self_collected_matching_unit,legacy_rtthread_features,subject_02,session_20260717_214547,session_20260717_214547_w006,window_5s,Squat,low,,,5.0,81.0,17996.951,13323.975,2830948.617,1.667,20.58,29.704,40.0,self_collected_rtthread,STM32F407/ADS1292R/MPU6050 live log,4.255198934,4.124633809,4.543446968,1.350719361,0.020580247,0.254074074,43.1,0.975,-0.026830826,0.053608353,0.197507244,-0.384929688,-0.289648651,0.075689212,1.104760008,0.704047519
local_logged,similarity_matching_dataset_20260718,self_collected_matching_unit,legacy_rtthread_features,subject_02,session_20260717_214547,session_20260717_214547_w007,window_5s,Squat,medium,,,5.0,82.0,21649.244,15370.78,3365143.195,3.171,31.439,21.598,52.0,self_collected_rtthread,STM32F407/ADS1292R/MPU6050 live log,4.335442735,4.186695907,4.613189697,1.408467495,0.038670732,0.383402439,36.0,0.817,0.077128982,0.136703503,0.28816736,-0.298473431,0.121357257,0.64330362,0.700474158,0.332672888
local_logged,similarity_matching_dataset_20260718,self_collected_matching_unit,legacy_rtthread_features,subject_02,session_20260717_214547,session_20260717_214547_w008,window_5s,Squat,low,,,5.0,82.0,22179.28,15066.134,3018780.585,2.195,23.622,26.89,40.0,self_collected_rtthread,STM32F407/ADS1292R/MPU6050 live log,4.345947444,4.178001826,4.566017696,1.472128152,0.026768293,0.288073171,35.3,0.939,0.090738352,0.125062969,0.226847432,-0.20316538,-0.149059636,0.224909202,0.66061499,0.619430515
local_logged,similarity_matching_dataset_20260718,self_collected_matching_unit,legacy_rtthread_features,subject_02,session_20260717_214547,session_20260717_214547_w009,window_5s,Squat,low,,,5.0,81.0,23044.136,16551.691,3471656.025,3.988,29.111,27.926,40.0,self_collected_rtthread,STM32F407/ADS1292R/MPU6050 live log,4.36256043,4.21884237,4.632051669,1.392252671,0.049234568,0.359395062,38.8,0.951,0.112261296,0.179744509,0.312686454,-0.322749072,0.361361824,0.537936688,0.859910831,0.647636183
local_logged,similarity_matching_dataset_20260718,self_collected_matching_unit,legacy_rtthread_features,subject_02,session_20260717_214547,session_20260717_214547_w010,window_5s,Squat,low,,,5.0,82.0,23983.89,18619.317,3905581.451,3.683,35.39,30.841,40.0,self_collected_rtthread,STM32F407/ADS1292R/MPU6050 live log,4.379919624,4.269963746,4.677871847,1.288118678,0.044914634,0.431585366,38.8,1.0,0.134750989,0.24819109,0.372249117,-0.478650824,0.26321529,0.854775586,0.859910831,0.762809328
local_logged,similarity_matching_dataset_20260718,self_collected_matching_unit,legacy_rtthread_features,subject_02,session_20260717_214547,session_20260717_214547_w011,window_5s,Squat,low,,,5.0,81.0,28852.333,19904.84,4260826.852,4.16,37.84,31.123,40.0,self_collected_rtthread,STM32F407/ADS1292R/MPU6050 live log,4.460180936,4.298958691,4.721008867,1.449513435,0.051358025,0.467160494,34.2,1.0,0.238733483,0.287012518,0.428323884,-0.23702247,0.409605604,1.010912682,0.597979154,0.762809328
local_logged,similarity_matching_dataset_20260718,self_collected_matching_unit,legacy_rtthread_features,subject_02,session_20260717_214547,session_20260717_214547_w012,window_5s,Squat,medium,,,5.0,82.0,29517.817,20683.341,4263781.951,4.78,32.939,29.817,51.0,self_collected_rtthread,STM32F407/ADS1292R/MPU6050 live log,4.470084236,4.315620692,4.715981134,1.427130027,0.058292683,0.401695122,36.0,1.0,0.251563698,0.309321327,0.421788222,-0.270533262,0.567157234,0.723589105,0.700474158,0.762809328
local_logged,similarity_matching_dataset_20260718,self_collected_matching_unit,legacy_rtthread_features,subject_02,session_20260717_214547,session_20260717_214547_w013,window_5s,Squat,low,,,5.0,81.0,22559.16,16005.58,3373727.012,2.963,30.951,26.407,40.0,self_collected_rtthread,STM32F407/ADS1292R/MPU6050 live log,4.353322924,4.204271416,4.619624919,1.409455952,0.036580247,0.382111111,33.4,1.0,0.10029365,0.16023541,0.296532647,-0.296993586,0.073862584,0.63763606,0.552425819,0.762809328
local_logged,similarity_matching_dataset_20260718,self_collected_matching_unit,legacy_rtthread_features,subject_02,session_20260717_214547,session_20260717_214547_w014,window_5s,Squat,low,,,5.0,82.0,24566.366,17185.22,3680011.915,2.963,33.28,28.61,40.0,self_collected_rtthread,STM32F407/ADS1292R/MPU6050 live log,4.390340918,4.235155096,4.652035372,1.42950547,0.036134146,0.405853659,33.8,1.0,0.14825229,0.201585672,0.338663712,-0.266976923,0.063727413,0.741840673,0.575202487,0.762809328
local_logged,similarity_matching_dataset_20260718,self_collected_matching_unit,legacy_rtthread_features,subject_02,session_20260717_214547,session_20260717_214547_w015,window_5s,Squat,low,,,5.0,81.0,22107.716,15460.914,3303070.309,2.642,27.111,27.506,40.0,self_collected_rtthread,STM32F407/ADS1292R/MPU6050 live log,4.344543877,4.189235164,4.610432799,1.42991003,0.032617284,0.334703704,32.4,1.0,0.088919961,0.140103323,0.284583607,-0.266371246,-0.016173765,0.429567804,0.49548415,0.762809328
local_logged,similarity_matching_dataset_20260718,self_collected_matching_unit,legacy_rtthread_features,subject_02,session_20260717_214547,session_20260717_214547_w016,window_5s,Squat,low,,,5.0,82.0,19382.305,13757.988,2880852.0,1.78,22.317,28.0,48.0,self_collected_rtthread,STM32F407/ADS1292R/MPU6050 live log,4.287405423,4.138554926,4.545707095,1.408803744,0.021707317,0.272158537,29.7,1.0,0.014894272,0.072247383,0.200445233,-0.297970024,-0.264042238,0.155060831,0.341741644,0.762809328
local_logged,similarity_matching_dataset_20260718,self_collected_matching_unit,legacy_rtthread_features,subject_02,session_20260717_214547,session_20260717_214547_w017,window_5s,Squat,low,,,5.0,82.0,25878.451,16176.11,3477404.61,2.646,23.683,28.768,46.0,self_collected_rtthread,STM32F407/ADS1292R/MPU6050 live log,4.412938277,4.208874092,4.627441373,1.59979445,0.032268293,0.288817073,28.0,1.0,0.177528285,0.166397949,0.306693429,-0.012032794,-0.024102649,0.228174143,0.244940807,0.762809328
local_logged,similarity_matching_dataset_20260718,self_collected_matching_unit,legacy_rtthread_features,subject_02,session_20260717_214547,session_20260717_214547_w018,window_5s,Squat,low,,,5.0,81.0,22845.198,15800.827,3224522.358,2.407,23.432,27.457,40.0,self_collected_rtthread,STM32F407/ADS1292R/MPU6050 live log,4.358794926,4.198679818,4.599980374,1.445822931,0.029716049,0.289283951,29.9,1.0,0.107382899,0.152748801,0.270996269,-0.242547621,-0.082088234,0.230223242,0.353129978,0.762809328
local_logged,similarity_matching_dataset_20260718,self_collected_matching_unit,legacy_rtthread_features,subject_02,session_20260717_214547,session_20260717_214547_w019,window_5s,Squat,low,,,5.0,81.0,25414.247,17538.259,3645275.0,4.42,29.185,26.827,40.0,self_collected_rtthread,STM32F407/ADS1292R/MPU6050 live log,4.405077246,4.243986479,4.653245278,1.449074677,0.054567901,0.360308642,30.4,1.0,0.167343931,0.21341004,0.340236496,-0.237679347,0.482532228,0.541946336,0.381600812,0.762809328
local_logged,similarity_matching_dataset_20260718,self_collected_matching_unit,legacy_rtthread_features,subject_02,session_20260717_214547,session_20260717_214547_w020,window_5s,Squat,medium,,,5.0,82.0,24344.817,16761.256,3572029.439,1.89,30.78,28.098,57.0,self_collected_rtthread,STM32F407/ADS1292R/MPU6050 live log,4.386406514,4.224306559,4.639101177,1.452445867,0.02304878,0.375365854,32.5,1.0,0.143155075,0.18706053,0.321850266,-0.232632249,-0.233564934,0.608031533,0.501178317,0.762809328
local_logged,similarity_matching_dataset_20260718,self_collected_matching_unit,legacy_rtthread_features,subject_02,session_20260717_214547,session_20260717_214547_w021,window_5s,Squat,low,,,5.0,82.0,23959.329,17042.89,3639322.463,4.11,31.134,30.439,40.0,self_collected_rtthread,STM32F407/ADS1292R/MPU6050 live log,4.379474651,4.231543241,4.647206686,1.405825479,0.050121951,0.379682927,29.9,1.0,0.134174504,0.196749748,0.332386796,-0.302428863,0.38152268,0.626978906,0.353129978,0.762809328
local_logged,similarity_matching_dataset_20260718,self_collected_matching_unit,legacy_rtthread_features,subject_02,session_20260717_214547,session_20260717_214547_w022,window_5s,Squat,low,,,5.0,81.0,26139.049,18260.654,3771718.864,4.58,30.704,27.531,40.0,self_collected_rtthread,STM32F407/ADS1292R/MPU6050 live log,4.417289783,4.261516328,4.668054295,1.43144101,0.05654321,0.379061728,31.1,1.0,0.183165876,0.236880814,0.359487064,-0.264079175,0.527410166,0.624252501,0.421459981,0.762809328
local_logged,similarity_matching_dataset_20260718,self_collected_matching_unit,legacy_rtthread_features,subject_02,session_20260717_214547,session_20260717_214547_w023,window_5s,Squat,low,,,5.0,82.0,25669.549,18066.854,3600015.915,4.171,27.549,29.024,40.0,self_collected_rtthread,STM32F407/ADS1292R/MPU6050 live log,4.409418238,4.256882535,4.642490568,1.420809013,0.050865854,0.335963415,29.9,1.0,0.172967901,0.230676613,0.32625621,-0.279996619,0.398423748,0.4350966,0.353129978,0.762809328
local_logged,similarity_matching_dataset_20260718,self_collected_matching_unit,legacy_rtthread_features,subject_02,session_20260717_214547,session_20260717_214547_w024,window_5s,Squat,low,,,5.0,81.0,22369.901,15342.63,3138467.58,2.086,24.58,27.741,40.0,self_collected_rtthread,STM32F407/ADS1292R/MPU6050 live log,4.349664062,4.185899812,4.588232628,1.458022582,0.025753086,0.30345679,28.2,1.0,0.095553414,0.135637609,0.255725114,-0.224283202,-0.172124583,0.29242698,0.256329141,0.762809328
local_logged,similarity_matching_dataset_20260718,self_collected_matching_unit,legacy_rtthread_features,subject_02,session_20260717_214547,session_20260717_214547_w025,window_5s,Squat,low,,,5.0,82.0,29449.305,20397.061,4135156.207,4.354,37.037,30.854,40.0,self_collected_rtthread,STM32F407/ADS1292R/MPU6050 live log,4.46907505,4.309567595,4.702678067,1.443801389,0.053097561,0.451670732,32.5,1.0,0.250256247,0.301216815,0.404495271,-0.245574125,0.449126909,0.942929049,0.501178317,0.762809328
local_logged,similarity_matching_dataset_20260718,self_collected_matching_unit,legacy_rtthread_features,subject_02,session_20260717_214547,session_20260717_214547_w026,window_5s,FatiguedSquat,medium,,,5.0,81.0,45530.716,29920.877,6354894.259,7.198,49.136,37.123,70.0,self_collected_rtthread,STM32F407/ADS1292R/MPU6050 live log,4.65830448,4.475974319,4.89462331,1.521703926,0.088864198,0.606617284,38.5,1.0,0.495412321,0.524019332,0.654009138,-0.12894418,1.261725307,1.622980138,0.842828331,0.762809328
local_logged,similarity_matching_dataset_20260718,self_collected_matching_unit,legacy_rtthread_features,subject_02,session_20260717_214547,session_20260717_214547_w027,window_5s,FatiguedSquat,low,,,5.0,81.0,24923.605,17656.728,3620102.272,3.914,29.889,27.617,40.0,self_collected_rtthread,STM32F407/ADS1292R/MPU6050 live log,4.39661086,4.246910227,4.650235821,1.411564192,0.048320988,0.369,25.9,1.0,0.15637531,0.217324656,0.336324436,-0.293837284,0.340605787,0.580092183,0.125363302,0.762809328
local_logged,similarity_matching_dataset_20260718,self_collected_matching_unit,legacy_rtthread_features,subject_02,session_20260717_214547,session_20260717_214547_w028,window_5s,FatiguedSquat,low,,,5.0,82.0,25400.366,18574.854,3923957.195,3.122,35.402,30.195,40.0,self_collected_rtthread,STM32F407/ADS1292R/MPU6050 live log,4.404839975,4.268925409,4.679910409,1.367459793,0.038073171,0.431731707,31.1,1.0,0.167036535,0.246800857,0.374899089,-0.359867145,0.107780999,0.855417868,0.421459981,0.762809328
local_logged,similarity_matching_dataset_20260718,self_collected_matching_unit,legacy_rtthread_features,subject_02,session_20260717_214547,session_20260717_214547_w029,window_5s,FatiguedSquat,low,,,5.0,81.0,25184.222,18944.951,4046601.469,4.556,38.951,29.716,40.0,self_collected_rtthread,STM32F407/ADS1292R/MPU6050 live log,4.401128539,4.277493486,4.698605416,1.329336877,0.056246914,0.480876543,31.1,1.0,0.162228186,0.258272684,0.399201142,-0.416941969,0.520678483,1.071111595,0.421459981,0.762809328
local_logged,similarity_matching_dataset_20260718,self_collected_matching_unit,legacy_rtthread_features,subject_02,session_20260717_214547,session_20260717_214547_w030,window_5s,FatiguedSquat,low,,,5.0,81.0,28952.864,20215.889,4234820.543,4.37,32.975,29.173,40.0,self_collected_rtthread,STM32F407/ADS1292R/MPU6050 live log,4.46169153,4.305692844,4.718349992,1.432183566,0.053950617,0.407098765,25.7,1.0,0.240690532,0.296028898,0.424867553,-0.262967475,0.468507874,0.747305369,0.113974968,0.762809328
local_logged,similarity_matching_dataset_20260718,self_collected_matching_unit,legacy_rtthread_features,subject_02,session_20260717_214547,session_20260717_214547_w031,window_5s,FatiguedSquat,medium,,,5.0,82.0,21119.854,15495.122,3171454.134,1.244,26.744,28.793,51.0,self_collected_rtthread,STM32F407/ADS1292R/MPU6050 live log,4.324690912,4.190195,4.587444583,1.363000175,0.015170732,0.326146341,34.2,1.0,0.063199464,0.14138845,0.254700717,-0.366543757,-0.412549868,0.392010053,0.597979154,0.762809328
local_logged,similarity_matching_dataset_20260718,self_collected_matching_unit,legacy_rtthread_features,subject_02,session_20260717_214547,session_20260717_214547_w032,window_5s,FatiguedSquat,low,,,5.0,81.0,32590.235,23899.074,4674430.086,5.309,37.346,33.617,41.0,self_collected_rtthread,STM32F407/ADS1292R/MPU6050 live log,4.513087492,4.378381074,4.76124365,1.363660994,0.06554321,0.461061728,32.2,1.0,0.30727654,0.393351411,0.480625968,-0.365554427,0.731885236,0.984145565,0.484095816,0.762809328
local_logged,similarity_matching_dataset_20260718,self_collected_matching_unit,legacy_rtthread_features,subject_02,session_20260717_214547,session_20260717_214547_w033,window_5s,FatiguedSquat,medium,,,5.0,82.0,31108.915,23199.28,4597905.854,5.537,35.549,34.183,57.0,self_collected_rtthread,STM32F407/ADS1292R/MPU6050 live log,4.492884864,4.365474507,4.748746222,1.340943124,0.06752439,0.43352439,24.4,1.0,0.281103038,0.376070766,0.464380285,-0.39956595,0.77689656,0.863285846,0.039950799,0.762809328
local_logged,similarity_matching_dataset_20260718,self_collected_matching_unit,legacy_rtthread_features,subject_02,session_20260717_214547,session_20260717_214547_w034,window_5s,FatiguedSquat,low,,,5.0,81.0,28219.222,19974.284,3871098.284,3.654,29.407,29.21,42.0,self_collected_rtthread,STM32F407/ADS1292R/MPU6050 live log,4.450545036,4.300471221,4.679349179,1.41277765,0.045111111,0.363049383,33.0,1.0,0.226249699,0.28903765,0.374169534,-0.292020584,0.26767914,0.553975283,0.529649152,0.762809328
local_logged,similarity_matching_dataset_20260718,self_collected_matching_unit,legacy_rtthread_features,subject_02,session_20260717_214547,session_20260717_214547_w035,window_5s,Rest,low,,,5.0,81.0,22135.383,14909.444,2694238.272,0.617,14.704,27.395,47.0,self_collected_rtthread,STM32F407/ADS1292R/MPU6050 live log,4.345087041,4.173461448,4.521950982,1.484655162,0.007617284,0.181530864,45.2,1.0,0.089623657,0.118983842,0.169564136,-0.184410863,-0.584160069,-0.24269857,1.224337513,0.762809328
local_logged,similarity_matching_dataset_20260718,self_collected_matching_unit,legacy_rtthread_features,subject_02,session_20260717_214547,session_20260717_214547_w036,window_5s,Rest,low,,,5.0,83.0,14011.542,7931.241,1880573.759,0.325,5.855,29.687,39.0,self_collected_rtthread,STM32F407/ADS1292R/MPU6050 live log,4.146485933,3.899341147,4.355212279,1.766626686,0.003915663,0.070542169,17.6,1.0,-0.167673888,-0.248036742,-0.047183192,0.237736153,-0.66825887,-0.729821271,-0.34725255,0.762809328
local_logged,similarity_matching_dataset_20260718,self_collected_matching_unit,legacy_rtthread_features,subject_02,session_20260717_214547,session_20260717_214547_w037,window_5s,Rest,low,,,5.0,81.0,16851.802,12894.556,3232259.198,0.79,25.506,32.778,44.0,self_collected_rtthread,STM32F407/ADS1292R/MPU6050 live log,4.226646348,4.110406393,4.601021161,1.306892769,0.009753086,0.314888889,9.1,1.0,-0.063822111,0.034559219,0.272349211,-0.450543636,-0.535635817,0.342601774,-0.831256736,0.762809328
local_logged,similarity_matching_dataset_20260718,self_collected_matching_unit,legacy_rtthread_features,subject_02,session_20260717_214547,session_20260717_214547_w038,window_5s,Rest,low,,,5.0,82.0,17554.951,13921.659,3695235.976,1.878,36.207,32.963,49.0,self_collected_rtthread,STM32F407/ADS1292R/MPU6050 live log,4.244399622,4.143690992,4.653828325,1.260981252,0.022902439,0.44154878,4.0,1.0,-0.040821868,0.079124079,0.340994411,-0.519278981,-0.236889721,0.898504411,-1.121659248,0.762809328
local_logged,similarity_matching_dataset_20260718,self_collected_matching_unit,legacy_rtthread_features,subject_02,session_20260717_214547,session_20260717_214547_w039,window_5s,Rest,medium,,,5.0,82.0,33114.073,22969.927,5496480.488,7.5,17.707,36.561,70.0,self_collected_rtthread,STM32F407/ADS1292R/MPU6050 live log,4.520012602,4.361159615,4.826270838,1.441627263,0.091463415,0.215939024,10.1,1.0,0.316248362,0.370293542,0.565156248,-0.248829067,1.320778093,-0.091683227,-0.774315067,0.762809328
local_logged,similarity_matching_dataset_20260718,self_collected_matching_unit,legacy_rtthread_features,subject_02,session_20260717_215104,session_20260717_215104_w001,window_5s,unmarked,medium,,,5.0,82.0,67089.854,41334.232,8841078.841,5.341,39.915,36.39,70.0,self_collected_rtthread,STM32F407/ADS1292R/MPU6050 live log,4.826656847,4.616309873,5.032691411,1.62310634,0.065134146,0.486768293,39.7,1.0,0.713521129,0.711915072,0.833486916,0.022868052,0.722591526,1.096970131,0.911158333,0.762809328
local_logged,similarity_matching_dataset_20260718,self_collected_matching_unit,legacy_rtthread_features,subject_02,session_20260717_215104,session_20260717_215104_w002,window_5s,unmarked,medium,,,5.0,81.0,45644.198,26326.531,4793492.074,1.815,37.444,40.198,70.0,self_collected_rtthread,STM32F407/ADS1292R/MPU6050 live log,4.659385581,4.420393637,4.772166995,1.733771836,0.022407407,0.462271605,24.8,1.0,0.496812941,0.449602172,0.494825466,0.188548289,-0.248136577,0.989455642,0.062727466,0.762809328
local_logged,similarity_matching_dataset_20260718,self_collected_matching_unit,legacy_rtthread_features,subject_02,session_20260717_215104,session_20260717_215104_w003,window_5s,unmarked,medium,,,5.0,81.0,40942.556,27337.259,5479436.568,4.358,45.444,40.37,53.0,self_collected_rtthread,STM32F407/ADS1292R/MPU6050 live log,4.612174952,4.436754967,4.830250885,1.49768329,0.053802469,0.561037037,23.4,1.0,0.435649239,0.471508411,0.570329999,-0.164906108,0.465142032,1.422931178,-0.01699087,0.762809328
local_logged,similarity_matching_dataset_20260718,self_collected_matching_unit,legacy_rtthread_features,subject_02,session_20260717_215104,session_20260717_215104_w004,window_5s,unmarked,medium,,,5.0,81.0,32531.148,21857.309,4218384.691,2.111,33.531,37.272,56.0,self_collected_rtthread,STM32F407/ADS1292R/MPU6050 live log,4.512299389,4.339596692,4.716661163,1.488341863,0.026061728,0.413962963,45.2,1.0,0.306255514,0.341422873,0.422672207,-0.178891405,-0.165112406,0.777431921,1.224337513,0.762809328
local_logged,similarity_matching_dataset_20260718,self_collected_matching_unit,legacy_rtthread_features,subject_02,session_20260717_215104,session_20260717_215104_w005,window_5s,Squat,medium,,,5.0,82.0,35883.89,21513.427,4176295.476,2.39,28.841,33.0,64.0,self_collected_rtthread,STM32F407/ADS1292R/MPU6050 live log,4.554899517,4.332709597,4.706977365,1.667976469,0.029146341,0.351719512,40.4,1.0,0.361446084,0.332201718,0.410084024,0.090044307,-0.095031688,0.504249161,0.951017502,0.762809328
local_logged,similarity_matching_dataset_20260718,self_collected_matching_unit,legacy_rtthread_features,subject_02,session_20260717_215104,session_20260717_215104_w006,window_5s,Squat,low,,,5.0,81.0,30800.679,19286.802,3760646.568,1.0,27.889,35.42,47.0,self_collected_rtthread,STM32F407/ADS1292R/MPU6050 live log,4.488560291,4.285260222,4.666777501,1.596982175,0.012345679,0.344308642,16.6,1.0,0.27550034,0.268671592,0.357827331,-0.016243125,-0.476733525,0.471723299,-0.404194219,0.762809328
local_logged,similarity_matching_dataset_20260718,self_collected_matching_unit,legacy_rtthread_features,subject_02,session_20260717_215104,session_20260717_215104_w007,window_5s,Squat,medium,,,5.0,81.0,45820.556,25855.617,5735786.481,3.889,43.395,38.617,70.0,self_collected_rtthread,STM32F407/ADS1292R/MPU6050 live log,4.661060355,4.412554906,4.850107957,1.772170279,0.048012346,0.535740741,31.4,1.0,0.498982693,0.439106869,0.596142646,0.246035612,0.33359361,1.311907257,0.438542481,0.762809328
local_logged,similarity_matching_dataset_20260718,self_collected_matching_unit,legacy_rtthread_features,subject_02,session_20260717_215104,session_20260717_215104_w008,window_5s,Squat,low,,,5.0,47.0,16194.34,11797.957,2342143.191,1.532,10.0,29.021,40.0,self_collected_rtthread,STM32F407/ADS1292R/MPU6050 live log,4.209363253,4.071806809,4.697515585,1.372639348,0.032595745,0.212765957,48.4,1.0,-0.086213215,-0.017121893,0.397784447,-0.352112696,-0.016663119,-0.105609627,1.406550853,0.762809328
local_logged,similarity_matching_dataset_20260718,self_collected_matching_unit,legacy_rtthread_features,subject_02,session_20260717_215417,session_20260717_215417_w001,window_5s,unmarked,medium,,,5.0,82.0,54522.146,29733.11,5204867.098,1.939,37.744,40.988,68.0,self_collected_rtthread,STM32F407/ADS1292R/MPU6050 live log,4.736572941,4.473240338,4.802595792,1.833718235,0.023646341,0.460292683,29.5,1.0,0.596812979,0.520358795,0.534380532,0.338180682,-0.219988675,0.980770273,0.33035331,0.762809328
local_logged,similarity_matching_dataset_20260718,self_collected_matching_unit,legacy_rtthread_features,subject_02,session_20260717_215417,session_20260717_215417_w002,window_5s,Squat,low,,,5.0,81.0,42827.593,27797.457,4800896.296,3.901,32.062,33.728,40.0,self_collected_rtthread,STM32F407/ADS1292R/MPU6050 live log,4.631723667,4.444005067,4.772837306,1.540701835,0.048160494,0.39582716,41.3,1.0,0.460975565,0.481215594,0.495696818,-0.100501909,0.336959451,0.697834973,1.002265004,0.762809328
local_logged,similarity_matching_dataset_20260718,self_collected_matching_unit,legacy_rtthread_features,subject_02,session_20260717_215417,session_20260717_215417_w003,window_5s,Squat,low,,,5.0,81.0,36023.074,25613.333,4776397.284,3.395,35.469,34.395,46.0,self_collected_rtthread,STM32F407/ADS1292R/MPU6050 live log,4.55658077,4.408466096,4.770615424,1.406418837,0.04191358,0.437888889,34.9,1.0,0.36362423,0.433632347,0.492808544,-0.301540531,0.195032987,0.882441369,0.637838323,0.762809328
local_logged,similarity_matching_dataset_20260718,self_collected_matching_unit,legacy_rtthread_features,subject_02,session_20260717_215417,session_20260717_215417_w004,window_5s,Squat,medium,,,5.0,81.0,45240.296,29222.753,5176624.543,4.247,29.889,35.494,69.0,self_collected_rtthread,STM32F407/ADS1292R/MPU6050 live log,4.655525438,4.465721127,4.805561648,1.548118892,0.052432099,0.369,30.5,1.0,0.491811935,0.510291299,0.538235914,-0.089397637,0.434007977,0.580092183,0.387294979,0.762809328
local_logged,similarity_matching_dataset_20260718,self_collected_matching_unit,legacy_rtthread_features,subject_02,session_20260717_215417,session_20260717_215417_w005,window_5s,Squat,medium,,,5.0,81.0,46060.457,27995.494,4684775.815,3.049,29.148,37.815,70.0,self_collected_rtthread,STM32F407/ADS1292R/MPU6050 live log,4.663328243,4.447088135,4.762203794,1.645281094,0.037641975,0.359851852,27.0,1.0,0.501920854,0.485343524,0.48187408,0.056066462,0.097984462,0.539941512,0.187999138,0.762809328
local_logged,similarity_matching_dataset_20260718,self_collected_matching_unit,legacy_rtthread_features,subject_02,session_20260717_215417,session_20260717_215417_w006,window_5s,Squat,low,,,5.0,82.0,41385.854,25763.195,4685758.793,3.012,26.39,33.11,45.0,self_collected_rtthread,STM32F407/ADS1292R/MPU6050 live log,4.616851921,4.410999721,4.756966076,1.606394471,0.036731707,0.321829268,31.8,1.0,0.441708483,0.437024626,0.475065455,-0.002151728,0.077303672,0.37306268,0.461319149,0.762809328
local_logged,similarity_matching_dataset_20260718,self_collected_matching_unit,legacy_rtthread_features,subject_02,session_20260717_215417,session_20260717_215417_w007,window_5s,Squat,low,,,5.0,81.0,39710.877,23458.099,4209147.074,1.79,27.099,33.963,43.0,self_collected_rtthread,STM32F407/ADS1292R/MPU6050 live log,4.598909478,4.370292815,4.715709082,1.692842928,0.022098765,0.334555556,28.8,1.0,0.418463162,0.382522014,0.421434576,0.12727254,-0.255148754,0.428917592,0.290494142,0.762809328
local_logged,similarity_matching_dataset_20260718,self_collected_matching_unit,legacy_rtthread_features,subject_02,session_20260717_215417,session_20260717_215417_w008,window_5s,Squat,medium,,,5.0,81.0,56393.901,40795.259,7209859.593,6.444,31.012,40.901,70.0,self_collected_rtthread,STM32F407/ADS1292R/MPU6050 live log,4.751232138,4.610609695,4.949441788,1.382364088,0.079555556,0.382864198,31.4,1.0,0.615804692,0.704283085,0.72526889,-0.337553531,1.05023806,0.640941313,0.438542481,0.762809328
local_logged,similarity_matching_dataset_20260718,self_collected_matching_unit,legacy_rtthread_features,subject_02,session_20260717_215417,session_20260717_215417_w009,window_5s,Squat,low,,,5.0,81.0,39985.642,26073.21,4685277.827,4.963,30.284,32.593,40.0,self_collected_rtthread,STM32F407/ADS1292R/MPU6050 live log,4.601904073,4.416194503,4.76225033,1.533591069,0.061271605,0.373876543,33.7,1.0,0.422342808,0.443979937,0.481934573,-0.111147624,0.63483671,0.601495036,0.56950832,0.762809328
local_logged,similarity_matching_dataset_20260718,self_collected_matching_unit,legacy_rtthread_features,subject_02,session_20260717_215417,session_20260717_215417_w010,window_5s,Squat,medium,,,5.0,81.0,39633.42,25093.716,4232800.914,3.074,26.938,33.012,53.0,self_collected_rtthread,STM32F407/ADS1292R/MPU6050 live log,4.59806155,4.399564979,4.718142823,1.579416137,0.037950617,0.332567901,34.6,1.0,0.41736463,0.421714612,0.42459825,-0.042541705,0.104996639,0.420193893,0.620755822,0.762809328
local_logged,similarity_matching_dataset_20260718,self_collected_matching_unit,legacy_rtthread_features,subject_02,session_20260717_215417,session_20260717_215417_w011,window_5s,Squat,medium,,,5.0,81.0,99532.37,69290.383,12296186.531,11.062,35.346,42.444,70.0,self_collected_rtthread,STM32F407/ADS1292R/MPU6050 live log,4.997964345,4.840672962,5.181285424,1.436452877,0.136567901,0.43637037,33.2,1.0,0.935458454,1.012315559,1.02664756,-0.256575777,2.345527305,0.875776681,0.541037485,0.762809328
local_logged,similarity_matching_dataset_20260718,self_collected_matching_unit,legacy_rtthread_features,subject_02,session_20260717_215417,session_20260717_215417_w012,window_5s,Squat,medium,,,5.0,81.0,39587.185,24732.012,4479247.667,2.778,27.099,32.37,67.0,self_collected_rtthread,STM32F407/ADS1292R/MPU6050 live log,4.597554621,4.393259449,4.742720057,1.600645552,0.034296296,0.334555556,34.9,1.0,0.416707878,0.413272117,0.45654674,-0.010758587,0.021972468,0.428917592,0.637838323,0.762809328
local_logged,similarity_matching_dataset_20260718,self_collected_matching_unit,legacy_rtthread_features,subject_02,session_20260717_215417,session_20260717_215417_w013,window_5s,Squat,medium,,,5.0,82.0,40247.305,27196.537,4648847.585,3.378,28.537,36.659,64.0,self_collected_rtthread,STM32F407/ADS1292R/MPU6050 live log,4.604736805,4.434513608,4.753531455,1.479868742,0.041195122,0.348012195,36.5,1.0,0.426012752,0.468507448,0.470600715,-0.191576739,0.178710015,0.48797797,0.728944993,0.762809328
local_logged,similarity_matching_dataset_20260718,self_collected_matching_unit,legacy_rtthread_features,subject_02,session_20260717_215417,session_20260717_215417_w014,window_5s,Squat,medium,,,5.0,81.0,40444.383,26145.506,4449996.42,2.42,32.321,39.235,70.0,self_collected_rtthread,STM32F407/ADS1292R/MPU6050 live log,4.606858214,4.417397051,4.739874643,1.546896166,0.029876543,0.399024691,39.4,1.0,0.428761142,0.445590033,0.452847923,-0.091228212,-0.078441899,0.711868744,0.894075833,0.762809328
local_logged,similarity_matching_dataset_20260718,self_collected_matching_unit,legacy_rtthread_features,subject_02,session_20260717_215417,session_20260717_215417_w015,window_5s,Squat,medium,,,5.0,81.0,38827.951,24404.259,4271759.802,2.21,27.222,34.568,70.0,self_collected_rtthread,STM32F407/ADS1292R/MPU6050 live log,4.589144473,4.387465625,4.722121806,1.591031754,0.027283951,0.336074074,38.8,1.0,0.405812116,0.405514747,0.429770618,-0.025151658,-0.137344169,0.435582276,0.859910831,0.762809328
local_logged,similarity_matching_dataset_20260718,self_collected_matching_unit,legacy_rtthread_features,subject_02,session_20260717_215417,session_20260717_215417_w016,window_5s,Squat,medium,,,5.0,81.0,70953.086,47531.012,8000842.247,4.556,31.247,44.716,70.0,self_collected_rtthread,STM32F407/ADS1292R/MPU6050 live log,4.850971289,4.676977061,4.994650689,1.49277457,0.056246914,0.385765432,36.1,1.0,0.745021689,0.793142572,0.78403694,-0.172255083,0.520678483,0.653674654,0.706168325,0.762809328
local_logged,similarity_matching_dataset_20260718,self_collected_matching_unit,legacy_rtthread_features,subject_02,session_20260717_215417,session_20260717_215417_w017,window_5s,Squat,medium,,,5.0,81.0,36734.84,23315.012,4038359.012,2.16,26.716,27.605,55.0,self_collected_rtthread,STM32F407/ADS1292R/MPU6050 live log,4.565078153,4.367635643,4.697719906,1.575587437,0.026666667,0.32982716,35.2,1.0,0.37463301,0.378964318,0.398050048,-0.048273752,-0.151368523,0.408164946,0.654920823,0.762809328
local_logged,similarity_matching_dataset_20260718,self_collected_matching_unit,legacy_rtthread_features,subject_02,session_20260717_215417,session_20260717_215417_w018,window_5s,Squat,medium,,,5.0,82.0,42516.207,27668.207,4885171.817,3.037,30.476,36.073,70.0,self_collected_rtthread,STM32F407/ADS1292R/MPU6050 live log,4.628554513,4.441981016,4.775065991,1.536644821,0.037036585,0.371658537,35.6,1.0,0.456869769,0.478505585,0.498593935,-0.106575771,0.084230333,0.591760342,0.677697491,0.762809328
local_logged,similarity_matching_dataset_20260718,self_collected_matching_unit,legacy_rtthread_features,subject_02,session_20260717_215417,session_20260717_215417_w019,window_5s,Squat,medium,,,5.0,81.0,38385.901,24424.481,4209057.531,2.938,28.432,35.457,63.0,self_collected_rtthread,STM32F407/ADS1292R/MPU6050 live log,4.584171739,4.387825344,4.715699843,1.571615831,0.036271605,0.351012346,36.6,1.0,0.399369693,0.405996376,0.421422566,-0.054219749,0.066850406,0.501145452,0.73463916,0.762809328
local_logged,similarity_matching_dataset_20260718,self_collected_matching_unit,legacy_rtthread_features,subject_02,session_20260717_215417,session_20260717_215417_w020,window_5s,Squat,medium,,,5.0,81.0,29784.025,20015.852,3780850.407,0.914,27.259,33.654,59.0,self_collected_rtthread,STM32F407/ADS1292R/MPU6050 live log,4.473983388,4.301374081,4.669104476,1.488021844,0.011283951,0.336530864,37.2,1.0,0.256615242,0.290246492,0.360852218,-0.179370514,-0.500855403,0.437587099,0.768804161,0.762809328
local_logged,similarity_matching_dataset_20260718,self_collected_matching_unit,legacy_rtthread_features,subject_02,session_20260717_215417,session_20260717_215417_w021,window_5s,Squat,low,,,5.0,82.0,21812.976,15903.476,3305248.012,1.354,21.5,26.963,40.0,self_collected_rtthread,STM32F407/ADS1292R/MPU6050 live log,4.338714922,4.201492058,4.6053902,1.371585432,0.016512195,0.262195122,31.1,1.0,0.081368262,0.156514119,0.278028621,-0.353690542,-0.382072564,0.111332003,0.421459981,0.762809328
local_logged,similarity_matching_dataset_20260718,self_collected_matching_unit,legacy_rtthread_features,subject_02,session_20260717_215417,session_20260717_215417_w022,window_5s,FatiguedSquat,medium,,,5.0,81.0,42011.444,25055.84,4377897.259,3.0,24.617,33.346,51.0,self_collected_rtthread,STM32F407/ADS1292R/MPU6050 live log,4.623367609,4.398908967,4.732780546,1.676712655,0.037037037,0.30391358,25.8,1.0,0.450149879,0.420836275,0.443626149,0.103123482,0.084240602,0.294431803,0.119669135,0.762809328
local_logged,similarity_matching_dataset_20260718,self_collected_matching_unit,legacy_rtthread_features,subject_02,session_20260717_215417,session_20260717_215417_w023,window_5s,FatiguedSquat,medium,,,5.0,81.0,40536.173,25444.123,4652321.16,2.778,29.123,36.63,70.0,self_collected_rtthread,STM32F407/ADS1292R/MPU6050 live log,4.607842745,4.405587486,4.759184669,1.59314483,0.034296296,0.35954321,34.7,1.0,0.430036651,0.429778167,0.477949453,-0.021988116,0.021972468,0.538586901,0.626449989,0.762809328
local_logged,similarity_matching_dataset_20260718,self_collected_matching_unit,legacy_rtthread_features,subject_02,session_20260717_215417,session_20260717_215417_w024,window_5s,FatiguedSquat,medium,,,5.0,81.0,46208.778,30953.889,6053858.0,7.012,40.654,37.543,70.0,self_collected_rtthread,STM32F407/ADS1292R/MPU6050 live log,4.664724484,4.490715221,4.873547211,1.492826249,0.086567901,0.501901235,30.8,1.0,0.503729753,0.543755974,0.626611851,-0.172177713,1.209554697,1.163387702,0.40437748,0.762809328
local_logged,similarity_matching_dataset_20260718,self_collected_matching_unit,legacy_rtthread_features,subject_02,session_20260717_215417,session_20260717_215417_w025,window_5s,FatiguedSquat,medium,,,5.0,81.0,48162.049,31682.617,6261298.247,5.568,47.827,38.84,70.0,self_collected_rtthread,STM32F407/ADS1292R/MPU6050 live log,4.682704955,4.500821047,4.888179372,1.520141123,0.068740741,0.59045679,23.4,1.0,0.527024342,0.557286699,0.64563252,-0.131283893,0.804531388,1.552052702,-0.01699087,0.762809328
local_logged,similarity_matching_dataset_20260718,self_collected_matching_unit,legacy_rtthread_features,subject_02,session_20260717_215417,session_20260717_215417_w026,window_5s,FatiguedSquat,medium,,,5.0,81.0,38390.346,27437.346,5405031.086,6.309,35.988,34.531,64.0,self_collected_rtthread,STM32F407/ADS1292R/MPU6050 live log,4.584222026,4.4383421,4.824313177,1.399200418,0.077888889,0.444296296,31.5,1.0,0.399434843,0.473633428,0.562611441,-0.312347417,1.012372299,0.910563093,0.444236648,0.762809328
local_logged,similarity_matching_dataset_20260718,self_collected_matching_unit,legacy_rtthread_features,subject_02,session_20260717_215417,session_20260717_215417_w027,window_5s,FatiguedSquat,medium,,,5.0,82.0,38255.085,24668.829,4326993.0,2.402,27.085,31.695,61.0,self_collected_rtthread,STM32F407/ADS1292R/MPU6050 live log,4.582689171,4.392148535,4.72237234,1.550745883,0.029292683,0.330304878,32.0,1.0,0.397448953,0.41178471,0.430096292,-0.085464699,-0.091706878,0.410261622,0.472707483,0.762809328
local_logged,similarity_matching_dataset_20260718,self_collected_matching_unit,legacy_rtthread_features,subject_02,session_20260717_215417,session_20260717_215417_w028,window_5s,FatiguedSquat,low,,,5.0,81.0,31871.889,20822.296,3671635.827,1.938,20.457,28.173,43.0,self_collected_rtthread,STM32F407/ADS1292R/MPU6050 live log,4.503407804,4.318528616,4.65637458,1.530661604,0.023925926,0.252555556,32.2,1.0,0.294736026,0.313214756,0.344304344,-0.115533404,-0.213636657,0.069024528,0.484095816,0.762809328
local_logged,similarity_matching_dataset_20260718,self_collected_matching_unit,legacy_rtthread_features,subject_02,session_20260717_215417,session_20260717_215417_w029,window_5s,Rest,low,,,5.0,81.0,14983.198,11990.049,3011414.654,0.222,22.198,25.074,36.0,self_collected_rtthread,STM32F407/ADS1292R/MPU6050 live log,4.175604519,4.078820958,4.570285541,1.249636094,0.002740741,0.274049383,19.8,1.0,-0.129949322,-0.007730625,0.232395299,-0.536264116,-0.694952454,0.163359641,-0.221980879,0.762809328
local_logged,similarity_matching_dataset_20260718,self_collected_matching_unit,legacy_rtthread_features,subject_02,session_20260717_215417,session_20260717_215417_w030,window_5s,Rest,low,,,5.0,82.0,17524.122,14082.72,3569622.72,2.012,30.622,29.037,40.0,self_collected_rtthread,STM32F407/ADS1292R/MPU6050 live log,4.243636268,4.148686545,4.638808465,1.244370548,0.024536585,0.373439024,14.7,1.0,-0.041810831,0.085812642,0.321469763,-0.544147304,-0.199762819,0.599574792,-0.51238339,0.762809328
local_logged,similarity_matching_dataset_20260718,self_collected_matching_unit,legacy_rtthread_features,subject_02,session_20260717_215417,session_20260717_215417_w031,window_5s,Rest,low,,,5.0,81.0,16173.173,13096.691,3276671.198,0.173,27.79,31.16,47.0,self_collected_rtthread,STM32F407/ADS1292R/MPU6050 live log,4.208795232,4.117161581,4.606947845,1.23490529,0.002135802,0.34308642,17.6,1.0,-0.086949114,0.043603762,0.280053438,-0.558317992,-0.708696337,0.46635904,-0.34725255,0.762809328
local_logged,similarity_matching_dataset_20260718,self_collected_matching_unit,legacy_rtthread_features,subject_02,session_20260717_215417,session_20260717_215417_w032,window_5s,Rest,low,,,5.0,81.0,13924.79,11291.173,2918146.407,0.099,20.198,27.938,34.0,self_collected_rtthread,STM32F407/ADS1292R/MPU6050 live log,4.143788654,4.052739062,4.556622058,1.233245651,0.001222222,0.249358025,23.7,1.0,-0.171168347,-0.042651763,0.214633835,-0.560802681,-0.729452374,0.054990757,9.163e-05,0.762809328
local_logged,similarity_matching_dataset_20260718,self_collected_matching_unit,legacy_rtthread_features,subject_08,session_20260717_222159,session_20260717_222159_w001,window_5s,unmarked,none,,,5.0,84.0,13138.417,1245.262,637797.167,0.0,1.512,0.0,0.0,self_collected_rtthread,STM32F407/ADS1292R/MPU6050 live log,4.118543042,3.095260736,3.8804033,10.550725068,0.0,0.018,0.0,0.0,-0.203875284,-1.324622681,-0.664397885,13.388641828,-0.757220588,-0.960425687,-1.349425924,-1.587663021
local_logged,similarity_matching_dataset_20260718,self_collected_matching_unit,legacy_rtthread_features,subject_08,session_20260717_222159,session_20260717_222159_w002,window_5s,unmarked,none,,,5.0,83.0,17838.181,2402.47,1183522.048,0.0,2.747,0.0,0.0,self_collected_rtthread,STM32F407/ADS1292R/MPU6050 live log,4.251350566,3.380657973,4.15409826,7.424933922,0.0,0.033096386,0.0,0.133,-0.031816577,-0.94250337,-0.308615753,8.708937351,-0.757220588,-0.894168558,-1.349425924,-1.275050198
local_logged,similarity_matching_dataset_20260718,self_collected_matching_unit,legacy_rtthread_features,subject_08,session_20260717_222159,session_20260717_222159_w003,window_5s,unmarked,none,,,5.0,83.0,18816.337,2370.964,1150266.048,0.0,2.554,0.0,0.0,self_collected_rtthread,STM32F407/ADS1292R/MPU6050 live log,4.274535083,3.37492496,4.141720209,7.936154661,0.0,0.030771084,0.5,0.205,-0.001779889,-0.95017932,-0.324706255,9.474299421,-0.757220588,-0.904374168,-1.320955089,-1.105816189
local_logged,similarity_matching_dataset_20260718,self_collected_matching_unit,legacy_rtthread_features,subject_08,session_20260717_222159,session_20260717_222159_w004,window_5s,unmarked,high,,,5.0,83.0,40385.892,6705.048,3140546.675,0.0,6.373,12.289,100.0,self_collected_rtthread,STM32F407/ADS1292R/MPU6050 live log,4.60622968,3.826401891,4.57792716,6.023206993,0.0,0.076783133,1.2,0.855,0.427946845,-0.345695355,0.242328808,6.610374946,-0.757220588,-0.702430055,-1.281095921,0.421990837
local_logged,similarity_matching_dataset_20260718,self_collected_matching_unit,legacy_rtthread_features,subject_08,session_20260717_222159,session_20260717_222159_w005,window_5s,unmarked,high,,,5.0,82.0,91130.768,27599.073,9810950.659,0.329,16.476,78.488,100.0,self_collected_rtthread,STM32F407/ADS1292R/MPU6050 live log,4.95966503,4.440894495,5.077897239,3.301950323,0.004012195,0.200926829,0.0,0.866,0.8858398,0.477050839,0.892250972,2.536309717,-0.666065716,-0.157570847,-1.349425924,0.447846033
local_logged,similarity_matching_dataset_20260718,self_collected_matching_unit,legacy_rtthread_features,subject_08,session_20260717_222159,session_20260717_222159_w006,window_5s,unmarked,medium,,,5.0,82.0,86057.366,44930.951,9150125.61,2.451,29.866,52.963,70.0,self_collected_rtthread,STM32F407/ADS1292R/MPU6050 live log,4.934788049,4.652545611,5.047613204,1.915324828,0.029890244,0.364219512,36.9,1.0,0.853610442,0.760431222,0.852884085,0.460356068,-0.07813062,0.559110909,0.75172166,0.762809328
local_logged,similarity_matching_dataset_20260718,self_collected_matching_unit,legacy_rtthread_features,subject_08,session_20260717_222159,session_20260717_222159_w007,window_5s,unmarked,high,,,5.0,81.0,32201.395,17613.407,3077185.037,0.37,17.58,49.617,100.0,self_collected_rtthread,STM32F407/ADS1292R/MPU6050 live log,4.507874686,4.245843371,4.579668593,1.828232039,0.004567901,0.217037037,18.0,1.0,0.300523092,0.215896239,0.244592535,0.329967154,-0.65344038,-0.086864114,-0.324475883,0.762809328
local_logged,similarity_matching_dataset_20260718,self_collected_matching_unit,legacy_rtthread_features,subject_08,session_20260717_222159,session_20260717_222159_w008,window_5s,unmarked,medium,,,5.0,82.0,15980.427,12004.5,2261134.524,0.0,13.183,50.0,50.0,self_collected_rtthread,STM32F407/ADS1292R/MPU6050 live log,4.20358838,4.079344076,4.440512549,1.331203049,0.0,0.160768293,7.4,1.0,-0.093694848,-0.007030221,0.063700516,-0.414148074,-0.757220588,-0.333824244,-0.928057574,0.762809328
local_logged,similarity_matching_dataset_20260718,self_collected_matching_unit,legacy_rtthread_features,subject_08,session_20260717_222159,session_20260717_222159_w009,window_5s,unmarked,medium,,,5.0,82.0,42678.756,21356.366,3610276.707,1.732,17.744,46.854,70.0,self_collected_rtthread,STM32F407/ADS1292R/MPU6050 live log,4.630211752,4.329527355,4.643726637,1.998409093,0.021121951,0.216390244,77.3,1.0,0.459016804,0.327941004,0.327863004,0.584743715,-0.277341433,-0.089702849,3.052165086,0.762809328
local_logged,similarity_matching_dataset_20260718,self_collected_matching_unit,legacy_rtthread_features,subject_08,session_20260717_222159,session_20260717_222159_w010,window_5s,unmarked,medium,,,5.0,81.0,25751.951,19408.21,3603467.877,0.741,31.0,43.136,65.0,self_collected_rtthread,STM32F407/ADS1292R/MPU6050 live log,4.410810137,4.287985483,4.648235636,1.326858634,0.009148148,0.382716049,26.5,1.0,0.174771174,0.272320453,0.333724351,-0.420652212,-0.549379677,0.640291096,0.159528303,0.762809328
local_logged,similarity_matching_dataset_20260718,self_collected_matching_unit,legacy_rtthread_features,subject_08,session_20260717_222159,session_20260717_222159_w011,window_5s,unmarked,medium,,,5.0,82.0,47464.72,26757.22,4539106.549,2.537,27.341,44.159,70.0,self_collected_rtthread,STM32F407/ADS1292R/MPU6050 live log,4.676370923,4.427440989,4.743156525,1.773903268,0.030939024,0.333426829,55.7,1.0,0.518818291,0.459037895,0.457114114,0.248630116,-0.054302912,0.423963677,1.822225037,0.762809328
local_logged,similarity_matching_dataset_20260718,self_collected_matching_unit,legacy_rtthread_features,subject_08,session_20260717_222159,session_20260717_222159_w012,window_5s,unmarked,medium,,,5.0,82.0,43064.366,23731.805,3753542.061,2.122,22.061,41.5,70.0,self_collected_rtthread,STM32F407/ADS1292R/MPU6050 live log,4.634118058,4.375330771,4.660627434,1.814626658,0.025878049,0.269036585,52.3,1.0,0.464077617,0.38926735,0.349832723,0.309598178,-0.169285492,0.141358772,1.628623362,0.762809328
local_logged,similarity_matching_dataset_20260718,self_collected_matching_unit,legacy_rtthread_features,subject_08,session_20260717_222159,session_20260717_222159_w013,window_5s,Squat,medium,,,5.0,81.0,36901.296,21307.617,3066255.605,1.037,18.457,43.222,61.0,self_collected_rtthread,STM32F407/ADS1292R/MPU6050 live log,4.567041619,4.328534882,4.578123336,1.731835897,0.012802469,0.227864198,58.4,1.0,0.377176777,0.326612179,0.242583822,0.185649944,-0.466355506,-0.039344356,1.975967543,0.762809328
local_logged,similarity_matching_dataset_20260718,self_collected_matching_unit,legacy_rtthread_features,subject_08,session_20260717_222159,session_20260717_222159_w014,window_5s,Squat,medium,,,5.0,81.0,39111.556,22881.025,3330073.0,1.123,19.938,44.704,70.0,self_collected_rtthread,STM32F407/ADS1292R/MPU6050 live log,4.592305094,4.359475476,4.613968735,1.709344577,0.013864198,0.246148148,47.1,1.0,0.409906856,0.368038643,0.289180049,0.151977594,-0.442233605,0.0409028,1.332526684,0.762809328
local_logged,similarity_matching_dataset_20260718,self_collected_matching_unit,legacy_rtthread_features,subject_08,session_20260717_222159,session_20260717_222159_w015,window_5s,Squat,medium,,,5.0,82.0,31034.463,18490.732,2836975.866,1.293,18.317,39.463,68.0,self_collected_rtthread,STM32F407/ADS1292R/MPU6050 live log,4.491844235,4.266954104,4.539041789,1.678379363,0.015768293,0.223378049,49.3,1.0,0.279754851,0.24416147,0.191780854,0.105618755,-0.39897361,-0.059033794,1.457798355,0.762809328
local_logged,similarity_matching_dataset_20260718,self_collected_matching_unit,legacy_rtthread_features,subject_08,session_20260717_222159,session_20260717_222159_w016,window_5s,Squat,medium,,,5.0,82.0,26341.024,15929.927,2367635.585,0.598,10.89,41.134,73.0,self_collected_rtthread,STM32F407/ADS1292R/MPU6050 live log,4.420632654,4.202213786,4.460501006,1.653555851,0.007292683,0.132804878,51.8,1.0,0.18749673,0.157480443,0.089683953,0.068454819,-0.591534825,-0.456553989,1.600152528,0.762809328
local_logged,similarity_matching_dataset_20260718,self_collected_matching_unit,legacy_rtthread_features,subject_08,session_20260717_222159,session_20260717_222159_w017,window_5s,Squat,medium,,,5.0,81.0,28232.185,15761.383,2272782.444,0.938,10.185,40.099,70.0,self_collected_rtthread,STM32F407/ADS1292R/MPU6050 live log,4.450744491,4.197594322,4.448072847,1.79122511,0.011580247,0.125740741,53.8,1.0,0.226508103,0.151295427,0.073528315,0.274563103,-0.49412372,-0.487558061,1.714035866,0.762809328
local_logged,similarity_matching_dataset_20260718,self_collected_matching_unit,legacy_rtthread_features,subject_08,session_20260717_222159,session_20260717_222159_w018,window_5s,Squat,medium,,,5.0,82.0,34274.146,19654.768,2893628.622,1.146,15.244,38.439,67.0,self_collected_rtthread,STM32F407/ADS1292R/MPU6050 live log,4.534966642,4.293467922,4.547628939,1.74380822,0.01397561,0.185902439,54.5,1.0,0.33562206,0.279660909,0.202943481,0.203574025,-0.439702385,-0.22351199,1.753895034,0.762809328
local_logged,similarity_matching_dataset_20260718,self_collected_matching_unit,legacy_rtthread_features,subject_08,session_20260717_222159,session_20260717_222159_w019,window_5s,Squat,medium,,,5.0,81.0,35901.42,22944.136,3595927.864,1.519,23.716,43.864,68.0,self_collected_rtthread,STM32F407/ADS1292R/MPU6050 live log,4.555111626,4.360671708,4.647325952,1.564731834,0.018753086,0.292790123,52.1,1.0,0.361720881,0.369640282,0.332541833,-0.064525962,-0.331160748,0.24561162,1.617235028,0.762809328
local_logged,similarity_matching_dataset_20260718,self_collected_matching_unit,legacy_rtthread_features,subject_08,session_20260717_222159,session_20260717_222159_w020,window_5s,Squat,medium,,,5.0,82.0,31012.659,18556.463,2937136.049,1.5,17.659,46.476,65.0,self_collected_rtthread,STM32F407/ADS1292R/MPU6050 live log,4.491539004,4.2684952,4.554110211,1.671259173,0.018292683,0.215353659,47.9,1.0,0.279359409,0.246224849,0.211368629,0.09495893,-0.341620852,-0.094252359,1.378080019,0.762809328
local_logged,similarity_matching_dataset_20260718,self_collected_matching_unit,legacy_rtthread_features,subject_08,session_20260717_222159,session_20260717_222159_w021,window_5s,Squat,medium,,,5.0,81.0,34442.963,19763.173,2900028.062,0.988,13.531,47.346,76.0,self_collected_rtthread,STM32F407/ADS1292R/MPU6050 live log,4.537100505,4.295856672,4.553917181,1.742785078,0.012197531,0.167049383,49.7,1.0,0.338386585,0.282859215,0.211117705,0.202042252,-0.480099366,-0.306256918,1.480575023,0.762809328
local_logged,similarity_matching_dataset_20260718,self_collected_matching_unit,legacy_rtthread_features,subject_08,session_20260717_222159,session_20260717_222159_w022,window_5s,Squat,high,,,5.0,82.0,29706.195,18356.988,2903746.463,1.415,14.207,49.024,83.0,self_collected_rtthread,STM32F407/ADS1292R/MPU6050 live log,4.472847028,4.263801424,4.549144841,1.618249955,0.017256098,0.173256098,50.3,1.0,0.255143031,0.239940336,0.204914035,0.01559743,-0.365171495,-0.279016019,1.514740024,0.762809328
local_logged,similarity_matching_dataset_20260718,self_collected_matching_unit,legacy_rtthread_features,subject_08,session_20260717_222159,session_20260717_222159_w023,window_5s,Squat,medium,,,5.0,81.0,40420.309,21684.457,3172078.79,1.556,14.926,46.753,70.0,self_collected_rtthread,STM32F407/ADS1292R/MPU6050 live log,4.606599629,4.336148551,4.592858947,1.864022189,0.019209877,0.184271605,55.0,1.0,0.428426133,0.336806145,0.261738968,0.383549532,-0.320782707,-0.230669622,1.782365868,0.762809328
local_logged,similarity_matching_dataset_20260718,self_collected_matching_unit,legacy_rtthread_features,subject_08,session_20260717_222159,session_20260717_222159_w024,window_5s,Squat,medium,,,5.0,81.0,42564.062,24264.556,3685495.593,2.0,20.395,46.63,70.0,self_collected_rtthread,STM32F407/ADS1292R/MPU6050 live log,4.629043067,4.384972349,4.658010877,1.754166118,0.024691358,0.251790123,47.3,1.0,0.457502715,0.402176491,0.346431403,0.219081107,-0.196246461,0.065665089,1.343915018,0.762809328
local_logged,similarity_matching_dataset_20260718,self_collected_matching_unit,legacy_rtthread_features,subject_08,session_20260717_222159,session_20260717_222159_w025,window_5s,Squat,medium,,,5.0,82.0,35450.866,21617.11,3544438.549,2.11,22.366,43.537,73.0,self_collected_rtthread,STM32F407/ADS1292R/MPU6050 live log,4.549626849,4.334797632,4.635733599,1.639944747,0.025731707,0.272756098,43.7,1.0,0.354615082,0.334997396,0.317472677,0.048077276,-0.172610302,0.157683491,1.138925009,0.762809328
local_logged,similarity_matching_dataset_20260718,self_collected_matching_unit,legacy_rtthread_features,subject_08,session_20260717_222159,session_20260717_222159_w026,window_5s,Squat,medium,,,5.0,81.0,39462.086,24488.037,3993593.58,2.556,28.111,39.728,70.0,self_collected_rtthread,STM32F407/ADS1292R/MPU6050 live log,4.596180039,4.388953973,4.692878847,1.611484252,0.031555556,0.347049383,47.7,1.0,0.414927039,0.407507501,0.391757048,0.005468317,-0.040295643,0.483752246,1.366691685,0.762809328
local_logged,similarity_matching_dataset_20260718,self_collected_matching_unit,legacy_rtthread_features,subject_08,session_20260717_222159,session_20260717_222159_w027,window_5s,Squat,medium,,,5.0,81.0,36319.556,24275.642,3975348.469,2.642,30.42,37.531,59.0,self_collected_rtthread,STM32F407/ADS1292R/MPU6050 live log,4.560140531,4.385170724,4.690890185,1.496131637,0.032617284,0.375555556,42.7,1.0,0.368236076,0.402442096,0.389171943,-0.167229129,-0.016173765,0.608864123,1.08198334,0.762809328
local_logged,similarity_matching_dataset_20260718,self_collected_matching_unit,legacy_rtthread_features,subject_08,session_20260717_222159,session_20260717_222159_w028,window_5s,Squat,medium,,,5.0,81.0,36779.235,23721.16,3857061.691,2.012,26.642,43.79,70.0,self_collected_rtthread,STM32F407/ADS1292R/MPU6050 live log,4.565602692,4.375135923,4.677771566,1.550482143,0.024839506,0.32891358,55.6,1.0,0.375312576,0.389006468,0.37211876,-0.085859551,-0.19288062,0.404155298,1.81653087,0.762809328
local_logged,similarity_matching_dataset_20260718,self_collected_matching_unit,legacy_rtthread_features,subject_08,session_20260717_222159,session_20260717_222159_w029,window_5s,Squat,high,,,5.0,82.0,41461.915,25640.829,3874750.256,1.817,25.927,44.659,82.0,self_collected_rtthread,STM32F407/ADS1292R/MPU6050 live log,4.617649357,4.408932062,4.674429863,1.617027086,0.022158537,0.316182927,38.5,1.0,0.442741601,0.434256231,0.367774806,0.013766641,-0.253790767,0.348281229,0.842828331,0.762809328
local_logged,similarity_matching_dataset_20260718,self_collected_matching_unit,legacy_rtthread_features,subject_08,session_20260717_222159,session_20260717_222159_w030,window_5s,Squat,high,,,5.0,80.0,45587.925,26787.275,3972803.638,1.837,25.137,52.312,92.0,self_collected_rtthread,STM32F407/ADS1292R/MPU6050 live log,4.658849825,4.427928536,4.696007113,1.701850039,0.0229625,0.3142125,44.3,1.0,0.496118843,0.459690673,0.395823551,0.140757324,-0.235525168,0.339633143,1.173090011,0.762809328
local_logged,similarity_matching_dataset_20260718,self_collected_matching_unit,legacy_rtthread_features,subject_08,session_20260717_222159,session_20260717_222159_w031,window_5s,Squat,medium,,,5.0,82.0,43997.963,25437.866,3673420.671,1.5,17.72,47.561,73.0,self_collected_rtthread,STM32F407/ADS1292R/MPU6050 live log,4.64343257,4.405480675,4.651256813,1.729624765,0.018292683,0.216097561,46.4,1.0,0.476145027,0.429635157,0.337651646,0.182339599,-0.341620852,-0.090987417,1.292667515,0.762809328
local_logged,similarity_matching_dataset_20260718,self_collected_matching_unit,legacy_rtthread_features,subject_08,session_20260717_222159,session_20260717_222159_w032,window_5s,Squat,medium,,,5.0,81.0,24705.395,16527.111,2790278.642,0.642,19.111,37.037,50.0,self_collected_rtthread,STM32F407/ADS1292R/MPU6050 live log,4.392791802,4.218196944,4.537162556,1.494840508,0.007925926,0.235938272,40.1,1.0,0.151427531,0.178880346,0.189337998,-0.169162112,-0.577147891,-0.003907731,0.933935001,0.762809328
local_logged,similarity_matching_dataset_20260718,self_collected_matching_unit,legacy_rtthread_features,subject_08,session_20260717_222159,session_20260717_222159_w033,window_5s,Squat,high,,,5.0,81.0,35030.062,21598.617,3842393.358,1.407,24.617,43.185,100.0,self_collected_rtthread,STM32F407/ADS1292R/MPU6050 live log,4.544440906,4.334425943,4.676116804,1.621865974,0.01737037,0.30391358,53.1,1.0,0.347896437,0.33449974,0.369967698,0.021011068,-0.362575298,0.294431803,1.674176697,0.762809328
local_logged,similarity_matching_dataset_20260718,self_collected_matching_unit,legacy_rtthread_features,subject_08,session_20260717_222159,session_20260717_222159_w034,window_5s,Squat,medium,,,5.0,82.0,37746.634,23848.049,3872334.963,1.744,27.268,44.768,70.0,self_collected_rtthread,STM32F407/ADS1292R/MPU6050 live log,4.57687823,4.377452855,4.674159065,1.58279757,0.021268293,0.332536585,49.6,1.0,0.389920592,0.392108616,0.36742279,-0.037479272,-0.274016623,0.420056449,1.474880856,0.762809328
local_logged,similarity_matching_dataset_20260718,self_collected_matching_unit,legacy_rtthread_features,subject_08,session_20260717_222159,session_20260717_222159_w035,window_5s,Squat,medium,,,5.0,81.0,33805.432,20688.198,3111721.358,1.099,17.58,42.889,64.0,self_collected_rtthread,STM32F407/ADS1292R/MPU6050 live log,4.52898649,4.315722664,4.584515682,1.634044299,0.013567901,0.217037037,44.3,1.0,0.327874477,0.309457857,0.250893374,0.03924356,-0.44896531,-0.086864114,1.173090011,0.762809328
local_logged,similarity_matching_dataset_20260718,self_collected_matching_unit,legacy_rtthread_features,subject_08,session_20260717_222159,session_20260717_222159_w036,window_5s,Squat,medium,,,5.0,81.0,31782.926,19513.123,2970264.407,1.21,16.37,38.691,60.0,self_collected_rtthread,STM32F407/ADS1292R/MPU6050 live log,4.502193877,4.290326782,4.564310092,1.628797502,0.014938272,0.202098765,45.3,1.0,0.293163324,0.275455226,0.22462768,0.031388441,-0.417831232,-0.15242729,1.23003168,0.762809328
local_logged,similarity_matching_dataset_20260718,self_collected_matching_unit,legacy_rtthread_features,subject_08,session_20260717_222159,session_20260717_222159_w037,window_5s,Squat,medium,,,5.0,81.0,26584.84,16618.889,2606288.988,0.654,13.568,36.272,50.0,self_collected_rtthread,STM32F407/ADS1292R/MPU6050 live log,4.424634051,4.220601987,4.50753755,1.599676128,0.008074074,0.167506173,55.7,1.0,0.192680738,0.182100466,0.150827797,-0.012209937,-0.57378205,-0.304252094,1.822225037,0.762809328
local_logged,similarity_matching_dataset_20260718,self_collected_matching_unit,legacy_rtthread_features,subject_08,session_20260717_222159,session_20260717_222159_w038,window_5s,Squat,high,,,5.0,82.0,33154.341,19004.598,2706875.122,0.476,13.476,45.293,80.0,self_collected_rtthread,STM32F407/ADS1292R/MPU6050 live log,4.5205404,4.278858688,4.518654368,1.744543136,0.005804878,0.164341463,42.8,1.0,0.31693215,0.260100557,0.165278795,0.204674287,-0.62533694,-0.318141816,1.087677507,0.762809328
local_logged,similarity_matching_dataset_20260718,self_collected_matching_unit,legacy_rtthread_features,subject_08,session_20260717_222159,session_20260717_222159_w039,window_5s,Squat,medium,,,5.0,81.0,21669.037,14441.531,2434989.79,0.012,13.457,50.617,63.0,self_collected_rtthread,STM32F407/ADS1292R/MPU6050 live log,4.335839611,4.159613237,4.478012126,1.500466744,0.000148148,0.166135802,36.9,1.0,0.077643155,0.100442426,0.112447046,-0.160738926,-0.753854747,-0.31026657,0.75172166,0.762809328
local_logged,similarity_matching_dataset_20260718,self_collected_matching_unit,legacy_rtthread_features,subject_08,session_20260717_222159,session_20260717_222159_w040,window_5s,Squat,high,,,5.0,82.0,57506.707,27491.037,4456490.476,2.683,25.902,55.854,88.0,self_collected_rtthread,STM32F407/ADS1292R/MPU6050 live log,4.759718499,4.439191122,4.73517913,2.091834768,0.032719512,0.315878049,1.8,1.0,0.626799192,0.474770187,0.446744122,0.724613761,-0.013851201,0.346943138,-1.24693092,0.762809328
local_logged,similarity_matching_dataset_20260718,self_collected_matching_unit,legacy_rtthread_features,subject_08,session_20260717_222159,session_20260717_222159_w041,window_5s,Squat,high,,,5.0,81.0,33576.716,19176.605,3265315.79,1.062,18.617,55.975,96.0,self_collected_rtthread,STM32F407/ADS1292R/MPU6050 live log,4.526038217,4.282771723,4.60544017,1.75092077,0.013111111,0.229839506,35.8,1.0,0.324054844,0.265339733,0.278093578,0.214222411,-0.459343329,-0.030674848,0.689085825,0.762809328
local_logged,similarity_matching_dataset_20260718,self_collected_matching_unit,legacy_rtthread_features,subject_08,session_20260717_222159,session_20260717_222159_w042,window_5s,Squat,high,,,5.0,82.0,26937.073,16475.866,2854028.659,0.049,17.415,55.293,100.0,self_collected_rtthread,STM32F407/ADS1292R/MPU6050 live log,4.430350403,4.216848251,4.541644477,1.634941253,0.000597561,0.212378049,59.0,1.0,0.200086554,0.177074577,0.195164146,0.040586413,-0.743644329,-0.107312132,2.010132544,0.762809328
local_logged,similarity_matching_dataset_20260718,self_collected_matching_unit,legacy_rtthread_features,subject_08,session_20260717_222159,session_20260717_222159_w043,window_5s,Squat,medium,,,5.0,81.0,35487.346,18945.222,2896807.926,1.074,14.296,46.84,70.0,self_collected_rtthread,STM32F407/ADS1292R/MPU6050 live log,4.550073521,4.277499699,4.553434681,1.873155458,0.013259259,0.176493827,46.9,1.0,0.355193768,0.258281002,0.210490493,0.397223191,-0.455977487,-0.264805822,1.32113835,0.762809328
local_logged,similarity_matching_dataset_20260718,self_collected_matching_unit,legacy_rtthread_features,subject_08,session_20260717_222159,session_20260717_222159_w044,window_5s,Squat,medium,,,5.0,81.0,39439.556,21123.062,3068625.802,1.086,13.79,44.333,70.0,self_collected_rtthread,STM32F407/ADS1292R/MPU6050 live log,4.595932017,4.324756874,4.578458914,1.867132521,0.013407407,0.170246914,42.6,1.0,0.414605714,0.321553791,0.243020047,0.388206093,-0.452611646,-0.292223147,1.076289173,0.762809328
local_logged,similarity_matching_dataset_20260718,self_collected_matching_unit,legacy_rtthread_features,subject_08,session_20260717_222159,session_20260717_222159_w045,window_5s,Squat,medium,,,5.0,81.0,34326.457,19784.42,3060226.321,1.025,16.062,42.753,70.0,self_collected_rtthread,STM32F407/ADS1292R/MPU6050 live log,4.53562898,4.296323323,4.577268527,1.735024681,0.012654321,0.198296296,44.1,1.0,0.336480151,0.283484015,0.241472637,0.190423956,-0.469721347,-0.169116098,1.161701677,0.762809328
local_logged,similarity_matching_dataset_20260718,self_collected_matching_unit,legacy_rtthread_features,subject_08,session_20260717_222159,session_20260717_222159_w046,window_5s,Squat,medium,,,5.0,81.0,34930.617,21553.247,3310887.741,1.568,21.37,42.531,70.0,self_collected_rtthread,STM32F407/ADS1292R/MPU6050 live log,4.543206257,4.333512706,4.611459437,1.620666111,0.019358025,0.26382716,45.2,1.0,0.346296888,0.333277004,0.285918157,0.019214721,-0.317416865,0.118494919,1.224337513,0.762809328
local_logged,similarity_matching_dataset_20260718,self_collected_matching_unit,legacy_rtthread_features,subject_08,session_20260717_222159,session_20260717_222159_w047,window_5s,Squat,medium,,,5.0,81.0,25774.852,17025.333,2904309.815,0.988,18.148,39.802,65.0,self_collected_rtthread,STM32F407/ADS1292R/MPU6050 live log,4.41119618,4.231095615,4.554557924,1.513911769,0.012197531,0.224049383,45.9,1.0,0.175271312,0.19615042,0.211950621,-0.140610024,-0.480099366,-0.056087349,1.264196681,0.762809328
local_logged,similarity_matching_dataset_20260718,self_collected_matching_unit,legacy_rtthread_features,subject_08,session_20260717_222159,session_20260717_222159_w048,window_5s,Squat,medium,,,5.0,81.0,38656.679,21563.407,3330397.259,1.716,16.37,40.79,69.0,self_collected_rtthread,STM32F407/ADS1292R/MPU6050 live log,4.587224541,4.33371738,4.614011022,1.792698111,0.021185185,0.202098765,39.1,1.0,0.403324749,0.333551043,0.289235018,0.276768371,-0.275904791,-0.15242729,0.876993332,0.762809328
local_logged,similarity_matching_dataset_20260718,self_collected_matching_unit,legacy_rtthread_features,subject_08,session_20260717_222159,session_20260717_222159_w049,window_5s,Squat,medium,,,5.0,82.0,28643.585,18615.402,3102462.183,1.549,17.244,31.39,50.0,self_collected_rtthread,STM32F407/ADS1292R/MPU6050 live log,4.457027373,4.269872419,4.577892644,1.538703542,0.018890244,0.210292683,42.5,1.0,0.234647887,0.248068812,0.24228394,-0.103493606,-0.328044593,-0.116464678,1.070595007,0.762809328
local_logged,similarity_matching_dataset_20260718,self_collected_matching_unit,legacy_rtthread_features,subject_08,session_20260717_222159,session_20260717_222159_w050,window_5s,Squat,medium,,,5.0,81.0,28528.741,18111.0,2904104.975,0.58,16.42,43.951,69.0,self_collected_rtthread,STM32F407/ADS1292R/MPU6050 live log,4.455282606,4.257942431,4.554527292,1.575216222,0.007160494,0.202716049,48.1,1.0,0.232387455,0.232095711,0.211910802,-0.048829508,-0.594538087,-0.149718068,1.389468353,0.762809328
local_logged,similarity_matching_dataset_20260718,self_collected_matching_unit,legacy_rtthread_features,subject_08,session_20260717_222159,session_20260717_222159_w051,window_5s,FatiguedSquat,medium,,,5.0,81.0,24488.531,14619.519,2465233.062,0.358,13.84,44.074,69.0,self_collected_rtthread,STM32F407/ADS1292R/MPU6050 live log,4.388962734,4.164933084,4.483372965,1.67505723,0.004419753,0.170864198,46.0,1.0,0.146466785,0.107565187,0.119415719,0.100645102,-0.656806221,-0.289513925,1.269890848,0.762809328
local_logged,similarity_matching_dataset_20260718,self_collected_matching_unit,legacy_rtthread_features,subject_08,session_20260717_222159,session_20260717_222159_w052,window_5s,FatiguedSquat,medium,,,5.0,81.0,35063.531,21507.21,3212666.901,1.272,16.457,42.198,70.0,self_collected_rtthread,STM32F407/ADS1292R/MPU6050 live log,4.544855649,4.332584076,4.59838068,1.630315183,0.015703704,0.20317284,44.2,1.0,0.348433757,0.332033658,0.268916791,0.033660601,-0.400441036,-0.14771324,1.167395844,0.762809328
local_logged,similarity_matching_dataset_20260718,self_collected_matching_unit,legacy_rtthread_features,subject_08,session_20260717_222159,session_20260717_222159_w053,window_5s,FatiguedSquat,medium,,,5.0,82.0,30947.768,19421.183,3083414.854,1.146,17.0,41.268,68.0,self_collected_rtthread,STM32F407/ADS1292R/MPU6050 live log,4.490629333,4.288275681,4.575218108,1.593505813,0.01397561,0.207317073,45.0,1.0,0.278180886,0.272709,0.238807252,-0.021447678,-0.439702385,-0.129524451,1.212949179,0.762809328
local_logged,similarity_matching_dataset_20260718,self_collected_matching_unit,legacy_rtthread_features,subject_08,session_20260717_222159,session_20260717_222159_w054,window_5s,FatiguedSquat,medium,,,5.0,81.0,29101.333,19024.111,2959124.556,1.321,15.815,41.988,57.0,self_collected_rtthread,STM32F407/ADS1292R/MPU6050 live log,4.463912883,4.279304371,4.562678227,1.529707906,0.016308642,0.195246914,40.8,1.0,0.243568405,0.260697284,0.222506383,-0.11696121,-0.386697176,-0.182499652,0.973794169,0.762809328
local_logged,similarity_matching_dataset_20260718,self_collected_matching_unit,legacy_rtthread_features,subject_08,session_20260717_222159,session_20260717_222159_w055,window_5s,FatiguedSquat,medium,,,5.0,81.0,27086.543,17387.16,2719402.0,0.901,14.889,34.309,53.0,self_collected_rtthread,STM32F407/ADS1292R/MPU6050 live log,4.43275358,4.240228651,4.525988394,1.557847458,0.011123457,0.183814815,41.9,1.0,0.203199989,0.208378672,0.174812457,-0.074832744,-0.504501739,-0.232674446,1.036430005,0.762809328
local_logged,similarity_matching_dataset_20260718,self_collected_matching_unit,legacy_rtthread_features,subject_08,session_20260717_222159,session_20260717_222159_w056,window_5s,FatiguedSquat,medium,,,5.0,81.0,30850.914,18612.284,2970707.568,1.222,13.222,42.543,69.0,self_collected_rtthread,STM32F407/ADS1292R/MPU6050 live log,4.489268035,4.269799671,4.564374884,1.65755659,0.01508642,0.163234568,39.1,1.0,0.276417257,0.247971409,0.224711905,0.074444431,-0.414465391,-0.322999911,0.876993332,0.762809328
local_logged,similarity_matching_dataset_20260718,self_collected_matching_unit,legacy_rtthread_features,subject_08,session_20260717_222159,session_20260717_222159_w057,window_5s,FatiguedSquat,medium,,,5.0,82.0,31935.378,19707.402,2908240.512,1.585,13.78,43.61,67.0,self_collected_rtthread,STM32F407/ADS1292R/MPU6050 live log,4.504272061,4.294629376,4.549816468,1.620476306,0.019329268,0.16804878,43.2,1.0,0.295855714,0.281215984,0.205787098,0.018930559,-0.318070208,-0.301870625,1.110454175,0.762809328
local_logged,similarity_matching_dataset_20260718,self_collected_matching_unit,legacy_rtthread_features,subject_08,session_20260717_222159,session_20260717_222159_w058,window_5s,Rest,medium,,,5.0,81.0,18946.185,11541.099,2150283.667,0.444,12.296,42.617,65.0,self_collected_rtthread,STM32F407/ADS1292R/MPU6050 live log,4.277521774,4.062247166,4.424010737,1.641627457,0.005481481,0.151802469,42.7,0.938,0.002089516,-0.029921331,0.042249446,0.050596506,-0.632684343,-0.373174706,1.08198334,0.617080042
local_logged,similarity_matching_dataset_20260718,self_collected_matching_unit,legacy_rtthread_features,subject_08,session_20260717_222159,session_20260717_222159_w059,window_5s,Rest,medium,,,5.0,83.0,34436.157,26695.566,5427115.036,4.494,58.41,41.602,70.0,self_collected_rtthread,STM32F407/ADS1292R/MPU6050 live log,4.537014679,4.426439133,4.815490935,1.289957928,0.054144578,0.70373494,0.6,1.0,0.338275393,0.457696506,0.551143213,-0.475897234,0.472914561,2.049223683,-1.315260922,0.762809328
local_logged,similarity_matching_dataset_20260718,self_collected_matching_unit,legacy_rtthread_features,subject_08,session_20260717_222159,session_20260717_222159_w060,window_5s,Rest,medium,,,5.0,82.0,36638.427,28288.524,5702829.207,6.561,58.415,41.817,53.0,self_collected_rtthread,STM32F407/ADS1292R/MPU6050 live log,4.56393682,4.451610288,4.842276513,1.295169271,0.080012195,0.712378049,0.3,1.0,0.373154356,0.491398249,0.585962379,-0.468095195,1.060612648,2.087157769,-1.332343423,0.762809328
local_logged,similarity_matching_dataset_20260718,self_collected_matching_unit,legacy_rtthread_features,subject_08,session_20260717_222159,session_20260717_222159_w061,window_5s,Rest,low,,,5.0,82.0,35176.305,26893.244,5356650.878,5.805,49.561,40.488,47.0,self_collected_rtthread,STM32F407/ADS1292R/MPU6050 live log,4.546250218,4.429643192,4.81507949,1.307997838,0.070792683,0.604402439,0.9,1.0,0.35024049,0.461986432,0.550608367,-0.448889208,0.851150386,1.613259316,-1.298178422,0.762809328
local_logged,similarity_matching_dataset_20260718,self_collected_matching_unit,legacy_rtthread_features,subject_08,session_20260717_222159,session_20260717_222159_w062,window_5s,Rest,medium,,,5.0,68.0,31942.985,24778.324,4866633.971,4.206,49.485,40.529,66.0,self_collected_rtthread,STM32F407/ADS1292R/MPU6050 live log,4.504375498,4.394071927,4.854719771,1.289150348,0.061852941,0.727720588,0.0,1.0,0.295989721,0.414359946,0.602137645,-0.477106283,0.648044346,2.154495249,-1.349425924,0.762809328
local_logged,similarity_matching_dataset_20260718,self_collected_matching_unit,legacy_rtthread_features,subject_08,session_20260717_222937,session_20260717_222937_w001,window_5s,unmarked,medium,,,5.0,82.0,13513.427,10111.598,1891299.707,0.0,8.598,50.0,50.0,self_collected_rtthread,STM32F407/ADS1292R/MPU6050 live log,4.1307655,4.004819795,4.362946503,1.336428426,0.0,0.104853659,22.8,1.0,-0.188040486,-0.106811029,-0.037129303,-0.406325024,-0.757220588,-0.579230206,-0.051155872,0.762809328
local_logged,similarity_matching_dataset_20260718,self_collected_matching_unit,legacy_rtthread_features,subject_08,session_20260717_222937,session_20260717_222937_w002,window_5s,unmarked,medium,,,5.0,82.0,13060.866,9965.488,1848166.768,0.0,6.256,50.0,50.0,self_collected_rtthread,STM32F407/ADS1292R/MPU6050 live log,4.115971974,3.998498571,4.352927305,1.310609776,0.0,0.076292683,1.4,1.0,-0.20720623,-0.115274537,-0.05015348,-0.444978807,-0.757220588,-0.704582611,-1.269707587,0.762809328
local_logged,similarity_matching_dataset_20260718,self_collected_matching_unit,legacy_rtthread_features,subject_08,session_20260717_222937,session_20260717_222937_w003,window_5s,Squat,high,,,5.0,82.0,32697.159,14933.5,2430871.317,0.195,7.671,51.098,100.0,self_collected_rtthread,STM32F407/ADS1292R/MPU6050 live log,4.514510019,4.174161606,4.471948117,2.189517461,0.002378049,0.09354878,52.8,0.89,0.309119494,0.119921286,0.104564306,0.8708571,-0.703192617,-0.62884664,1.657094197,0.50425737
local_logged,similarity_matching_dataset_20260718,self_collected_matching_unit,legacy_rtthread_features,subject_08,session_20260717_222937,session_20260717_222937_w004,window_5s,Squat,medium,,,5.0,81.0,46499.457,22517.185,3236355.222,1.259,12.222,43.457,70.0,self_collected_rtthread,STM32F407/ADS1292R/MPU6050 live log,4.667447881,4.352514096,4.601571165,2.065065282,0.01554321,0.150888889,42.8,1.0,0.507258049,0.358718028,0.273064173,0.684536456,-0.404087372,-0.377184353,1.087677507,0.762809328
local_logged,similarity_matching_dataset_20260718,self_collected_matching_unit,legacy_rtthread_features,subject_08,session_20260717_222937,session_20260717_222937_w005,window_5s,Squat,medium,,,5.0,82.0,33241.317,18451.415,2771969.951,1.366,11.549,42.488,70.0,self_collected_rtthread,STM32F407/ADS1292R/MPU6050 live log,4.521678222,4.266029677,4.528974666,1.80155923,0.016658537,0.140841463,41.3,1.0,0.318406255,0.242923752,0.178694378,0.290034587,-0.378747754,-0.421281901,1.002265004,0.762809328
local_logged,similarity_matching_dataset_20260718,self_collected_matching_unit,legacy_rtthread_features,subject_08,session_20260717_222937,session_20260717_222937_w006,window_5s,Squat,medium,,,5.0,81.0,36371.457,18986.605,2826305.074,1.63,10.815,38.901,70.0,self_collected_rtthread,STM32F407/ADS1292R/MPU6050 live log,4.560760699,4.278447315,4.542734019,1.915637735,0.020123457,0.133518519,44.2,1.0,0.369039535,0.259549768,0.196580466,0.460824529,-0.300026669,-0.453421862,1.167395844,0.762809328
local_logged,similarity_matching_dataset_20260718,self_collected_matching_unit,legacy_rtthread_features,subject_08,session_20260717_222937,session_20260717_222937_w007,window_5s,Squat,high,,,5.0,81.0,32991.901,17127.235,2530294.556,1.049,7.506,37.914,100.0,self_collected_rtthread,STM32F407/ADS1292R/MPU6050 live log,4.51840734,4.233687257,4.494686062,1.926282964,0.012950617,0.092666667,47.7,1.0,0.314168666,0.199620378,0.134121864,0.476761783,-0.462989665,-0.632718181,1.366691685,0.762809328
local_logged,similarity_matching_dataset_20260718,self_collected_matching_unit,legacy_rtthread_features,subject_08,session_20260717_222937,session_20260717_222937_w008,window_5s,Squat,medium,,,5.0,81.0,36864.864,18898.235,2844264.395,1.309,8.494,41.679,70.0,self_collected_rtthread,STM32F407/ADS1292R/MPU6050 live log,4.566612636,4.276421245,4.545484946,1.950704074,0.016160494,0.104864198,42.0,1.0,0.376621008,0.256837057,0.200156457,0.513323272,-0.390063018,-0.579183951,1.042124172,0.762809328
local_logged,similarity_matching_dataset_20260718,self_collected_matching_unit,legacy_rtthread_features,subject_08,session_20260717_222937,session_20260717_222937_w009,window_5s,Squat,medium,,,5.0,82.0,22376.951,13226.415,2034026.89,0.244,6.902,46.256,58.0,self_collected_rtthread,STM32F407/ADS1292R/MPU6050 live log,4.349800911,4.121442145,4.394542838,1.691837962,0.00297561,0.084170732,56.5,1.0,0.095730709,0.049335024,0.003943472,0.125767979,-0.689616359,-0.670006328,1.867778372,0.762809328
local_logged,similarity_matching_dataset_20260718,self_collected_matching_unit,legacy_rtthread_features,subject_08,session_20260717_222937,session_20260717_222937_w010,window_5s,Squat,high,,,5.0,81.0,32286.914,17938.21,2603893.198,0.667,9.568,46.284,92.0,self_collected_rtthread,STM32F407/ADS1292R/MPU6050 live log,4.509026537,4.253779104,4.507138148,1.799896088,0.008234568,0.118123457,42.8,1.0,0.302015372,0.226521419,0.150308606,0.287544653,-0.570135714,-0.520989862,1.087677507,0.762809328
local_logged,similarity_matching_dataset_20260718,self_collected_matching_unit,legacy_rtthread_features,subject_08,session_20260717_222937,session_20260717_222937_w011,window_5s,Squat,medium,,,5.0,82.0,24231.549,14198.915,2249885.171,0.561,6.183,43.817,70.0,self_collected_rtthread,STM32F407/ADS1292R/MPU6050 live log,4.384381177,4.152255159,4.438346501,1.70657751,0.006841463,0.075402439,48.7,1.0,0.140531151,0.090590671,0.060884822,0.147834945,-0.601786297,-0.708489838,1.423633354,0.762809328
local_logged,similarity_matching_dataset_20260718,self_collected_matching_unit,legacy_rtthread_features,subject_08,session_20260717_222937,session_20260717_222937_w012,window_5s,FatiguedSquat,medium,,,5.0,81.0,25180.173,13496.481,2149039.086,0.506,5.605,45.654,70.0,self_collected_rtthread,STM32F407/ADS1292R/MPU6050 live log,4.40105871,4.130220548,4.423759295,1.865684322,0.006246914,0.069197531,50.6,1.0,0.162137719,0.061088457,0.041922591,0.386037956,-0.615294124,-0.735722806,1.531822525,0.762809328
local_logged,similarity_matching_dataset_20260718,self_collected_matching_unit,legacy_rtthread_features,subject_08,session_20260717_222937,session_20260717_222937_w013,window_5s,FatiguedSquat,high,,,5.0,82.0,40623.22,18627.049,2787904.098,1.195,10.488,46.78,92.0,self_collected_rtthread,STM32F407/ADS1292R/MPU6050 live log,4.608774345,4.270144057,4.531463978,2.180872558,0.014573171,0.127902439,53.9,0.976,0.431243585,0.248432509,0.18193029,0.857914588,-0.426126127,-0.478070499,1.719730033,0.706397992
local_logged,similarity_matching_dataset_20260718,self_collected_matching_unit,legacy_rtthread_features,subject_08,session_20260717_222937,session_20260717_222937_w014,window_5s,FatiguedSquat,medium,,,5.0,81.0,33249.025,19513.21,2888274.531,1.086,10.074,43.407,70.0,self_collected_rtthread,STM32F407/ADS1292R/MPU6050 live log,4.521778915,4.290328718,4.552153452,1.703923906,0.013407407,0.12437037,41.3,1.0,0.318536708,0.275457819,0.208824995,0.143862165,-0.452611646,-0.493572537,1.002265004,0.762809328
local_logged,similarity_matching_dataset_20260718,self_collected_matching_unit,legacy_rtthread_features,subject_08,session_20260717_222937,session_20260717_222937_w015,window_5s,FatiguedSquat,medium,,,5.0,81.0,36499.309,20107.457,3071345.259,1.765,10.42,42.593,70.0,self_collected_rtthread,STM32F407/ADS1292R/MPU6050 live log,4.562284643,4.303357149,4.578843621,1.815212585,0.021790123,0.128641975,40.7,1.0,0.371013879,0.292901628,0.243520136,0.310475385,-0.262160931,-0.47482472,0.968100002,0.762809328
local_logged,similarity_matching_dataset_20260718,self_collected_matching_unit,legacy_rtthread_features,subject_08,session_20260717_222937,session_20260717_222937_w016,window_5s,FatiguedSquat,medium,,,5.0,81.0,37246.667,20314.975,2646830.728,1.173,8.741,42.123,69.0,self_collected_rtthread,STM32F407/ADS1292R/MPU6050 live log,4.571087416,4.307816292,4.514241149,1.833458668,0.014481481,0.10791358,45.1,1.0,0.382418307,0.29887199,0.159541954,0.337792078,-0.428209273,-0.565800397,1.218643346,0.762809328
local_logged,similarity_matching_dataset_20260718,self_collected_matching_unit,legacy_rtthread_features,subject_08,session_20260717_222937,session_20260717_222937_w017,window_5s,FatiguedSquat,medium,,,5.0,82.0,38765.939,20725.341,3096749.159,1.085,11.902,40.585,70.0,self_collected_rtthread,STM32F407/ADS1292R/MPU6050 live log,4.588450308,4.316501685,4.577092176,1.870460853,0.013231707,0.145146341,41.1,1.0,0.404912791,0.310500891,0.241243394,0.393189026,-0.456603454,-0.402388051,0.99087667,0.762809328
local_logged,similarity_matching_dataset_20260718,self_collected_matching_unit,legacy_rtthread_features,subject_08,session_20260717_222937,session_20260717_222937_w018,window_5s,FatiguedSquat,medium,,,5.0,81.0,26988.975,16525.296,2594958.753,1.111,9.963,42.556,70.0,self_collected_rtthread,STM32F407/ADS1292R/MPU6050 live log,4.431186391,4.218149247,4.50564544,1.633191623,0.013716049,0.123,44.0,1.0,0.201169618,0.178816485,0.148368202,0.037966996,-0.445599469,-0.499587008,1.15600751,0.762809328
local_logged,similarity_matching_dataset_20260718,self_collected_matching_unit,legacy_rtthread_features,subject_08,session_20260717_222937,session_20260717_222937_w019,window_5s,Rest,medium,,,5.0,82.0,11413.793,8613.256,1563147.207,0.0,3.159,45.512,50.0,self_collected_rtthread,STM32F407/ADS1292R/MPU6050 live log,4.057429992,3.935167355,4.280186027,1.325142664,0.0,0.03852439,14.3,1.0,-0.283050259,-0.200068913,-0.144711476,-0.423221236,-0.757220588,-0.870345375,-0.535160058,0.762809328
local_logged,similarity_matching_dataset_20260718,self_collected_matching_unit,legacy_rtthread_features,subject_08,session_20260717_222937,session_20260717_222937_w020,window_5s,Rest,low,,,5.0,82.0,10354.354,7888.207,1465123.061,0.0,1.878,43.537,48.0,self_collected_rtthread,STM32F407/ADS1292R/MPU6050 live log,4.015123009,3.896978299,4.252060252,1.312637206,0.0,0.022902439,2.3,1.0,-0.337861045,-0.251200367,-0.181272793,-0.441943488,-0.757220588,-0.938909178,-1.218460085,0.762809328
local_logged,similarity_matching_dataset_20260718,self_collected_matching_unit,legacy_rtthread_features,subject_08,session_20260717_222937,session_20260717_222937_w021,window_5s,Rest,low,,,5.0,61.0,10151.311,7706.984,1432217.033,0.0,2.197,42.213,46.0,self_collected_rtthread,STM32F407/ADS1292R/MPU6050 live log,4.006522133,3.886884457,4.370678999,1.317157399,0.0,0.036016393,0.6,1.0,-0.349003905,-0.264715046,-0.02707766,-0.435176187,-0.757220588,-0.881352823,-1.315260922,0.762809328
local_logged,similarity_matching_dataset_20260718,self_collected_matching_unit,legacy_rtthread_features,subject_10,session_20260717_224040,session_20260717_224040_w001,window_5s,unmarked,none,,,5.0,84.0,127.679,101.548,19554.452,0.0,0.0,0.0,0.0,self_collected_rtthread,STM32F407/ADS1292R/MPU6050 live log,2.106119473,2.006671374,2.366966364,1.257326584,0.0,0.0,0.0,0.0,-2.811069424,-2.782138601,-2.631748031,-0.524750481,-0.757220588,-1.039426604,-1.349425924,-1.587663021
local_logged,similarity_matching_dataset_20260718,self_collected_matching_unit,legacy_rtthread_features,subject_10,session_20260717_224040,session_20260717_224040_w002,window_5s,unmarked,none,,,5.0,83.0,111.807,88.229,16122.265,0.0,0.0,0.0,0.0,self_collected_rtthread,STM32F407/ADS1292R/MPU6050 live log,2.048468995,1.945611357,2.288347963,1.267236396,0.0,0.0,0.0,0.0,-2.885758466,-2.863892061,-2.733945829,-0.509914239,-0.757220588,-1.039426604,-1.349425924,-1.587663021
local_logged,similarity_matching_dataset_20260718,self_collected_matching_unit,legacy_rtthread_features,subject_10,session_20260717_224040,session_20260717_224040_w003,window_5s,unmarked,none,,,5.0,82.0,9175.927,3156.622,511640.829,0.098,0.098,0.0,0.0,self_collected_rtthread,STM32F407/ADS1292R/MPU6050 live log,3.96264995,3.499222579,3.795151342,2.906881787,0.001195122,0.001195122,67.1,0.146,-0.405842485,-0.783756825,-0.77521879,1.944842178,-0.730068071,-1.034181285,2.471360063,-1.244494058
local_logged,similarity_matching_dataset_20260718,self_collected_matching_unit,legacy_rtthread_features,subject_10,session_20260717_224040,session_20260717_224040_w004,window_5s,unmarked,none,,,5.0,82.0,1271.89,997.439,213426.598,0.0,0.0,0.0,0.0,self_collected_rtthread,STM32F407/ADS1292R/MPU6050 live log,3.104449553,2.998886345,3.415434689,1.275155674,0.0,0.0,31.5,0.0,-1.517683492,-1.453658674,-1.268820866,-0.498058079,-0.757220588,-1.039426604,0.444236648,-1.587663021
local_logged,similarity_matching_dataset_20260718,self_collected_matching_unit,legacy_rtthread_features,subject_10,session_20260717_224040,session_20260717_224040_w005,window_5s,unmarked,none,,,5.0,82.0,1235.622,968.756,202073.89,0.0,0.0,0.0,0.0,self_collected_rtthread,STM32F407/ADS1292R/MPU6050 live log,3.091885632,2.986214405,3.391696349,1.275472874,0.0,0.0,12.7,0.0,-1.533960672,-1.470625176,-1.299678859,-0.497583191,-0.757220588,-1.039426604,-0.626266728,-1.587663021
local_logged,similarity_matching_dataset_20260718,self_collected_matching_unit,legacy_rtthread_features,subject_10,session_20260717_224040,session_20260717_224040_w006,window_5s,unmarked,none,,,5.0,81.0,15698.827,5881.926,975478.667,0.259,0.457,0.0,0.0,self_collected_rtthread,STM32F407/ADS1292R/MPU6050 live log,4.195867204,3.769519556,4.080732757,2.668994306,0.003197531,0.005641975,28.9,0.111,-0.103698013,-0.421855302,-0.403985193,1.588694548,-0.684574435,-1.014664315,0.296188309,-1.32676059
local_logged,similarity_matching_dataset_20260718,self_collected_matching_unit,legacy_rtthread_features,subject_10,session_20260717_224040,session_20260717_224040_w007,window_5s,unmarked,low,,,5.0,82.0,12185.244,6784.22,1053420.024,0.037,0.244,12.073,30.0,self_collected_rtthread,STM32F407/ADS1292R/MPU6050 live log,4.08583423,3.831499923,4.108787717,1.796115692,0.00045122,0.00297561,20.1,0.622,-0.246251166,-0.338869583,-0.36751593,0.281884922,-0.746969117,-1.02636683,-0.204898378,-0.12566922
local_logged,similarity_matching_dataset_20260718,self_collected_matching_unit,legacy_rtthread_features,subject_10,session_20260717_224040,session_20260717_224040_w008,window_5s,unmarked,low,,,5.0,82.0,5032.585,3801.78,673102.72,0.0,0.098,14.634,30.0,self_collected_rtthread,STM32F407/ADS1292R/MPU6050 live log,3.701791119,3.579986982,3.914267493,1.323744404,0.0,0.001195122,20.6,0.488,-0.743797986,-0.675621096,-0.620377071,-0.425314608,-0.757220588,-1.034181285,-0.176427543,-0.440632515
local_logged,similarity_matching_dataset_20260718,self_collected_matching_unit,legacy_rtthread_features,subject_10,session_20260717_224040,session_20260717_224040_w009,window_5s,unmarked,low,,,5.0,82.0,3305.671,2525.354,492116.659,0.0,0.0,6.22,30.0,self_collected_rtthread,STM32F407/ADS1292R/MPU6050 live log,3.519259628,3.402322265,3.778254215,1.308993115,0.0,0.0,23.5,0.207,-0.980276549,-0.913496977,-0.79718374,-0.447399153,-0.757220588,-1.039426604,-0.011296704,-1.101115245
local_logged,similarity_matching_dataset_20260718,self_collected_matching_unit,legacy_rtthread_features,subject_10,session_20260717_224040,session_20260717_224040_w010,window_5s,unmarked,none,,,5.0,83.0,981.542,767.627,159358.663,0.0,0.0,0.0,0.0,self_collected_rtthread,STM32F407/ADS1292R/MPU6050 live log,2.991908888,2.885150242,3.283297585,1.2786705,0.0,0.0,1.4,0.0,-1.663485482,-1.605940321,-1.44058881,-0.49279594,-0.757220588,-1.039426604,-1.269707587,-1.587663021
local_logged,similarity_matching_dataset_20260718,self_collected_matching_unit,legacy_rtthread_features,subject_10,session_20260717_224040,session_20260717_224040_w011,window_5s,unmarked,medium,,,5.0,82.0,34138.073,10815.098,2118665.585,0.598,1.415,10.122,70.0,self_collected_rtthread,STM32F407/ADS1292R/MPU6050 live log,4.533239003,4.034030459,4.41224856,3.156519987,0.007292683,0.017256098,31.6,0.293,0.333383818,-0.067700774,0.026959532,2.31858212,-0.591534825,-0.963690628,0.449930815,-0.898974623
local_logged,similarity_matching_dataset_20260718,self_collected_matching_unit,legacy_rtthread_features,subject_10,session_20260717_224040,session_20260717_224040_w012,window_5s,unmarked,low,,,5.0,82.0,4990.732,3841.024,609528.854,0.0,0.0,13.902,30.0,self_collected_rtthread,STM32F407/ADS1292R/MPU6050 live log,3.698164249,3.584447021,3.871180417,1.299323305,0.0,0.0,23.7,0.463,-0.748496776,-0.669649535,-0.676386914,-0.461876081,-0.757220588,-1.039426604,9.163e-05,-0.499394323
local_logged,similarity_matching_dataset_20260718,self_collected_matching_unit,legacy_rtthread_features,subject_10,session_20260717_224040,session_20260717_224040_w013,window_5s,unmarked,low,,,5.0,82.0,4489.439,3389.366,583046.561,0.0,0.0,11.707,30.0,self_collected_rtthread,STM32F407/ADS1292R/MPU6050 live log,3.652192075,3.530118469,3.851889386,1.32456601,0.0,0.0,22.8,0.39,-0.808055998,-0.742390215,-0.701463752,-0.42408456,-0.757220588,-1.039426604,-0.051155872,-0.670978805
local_logged,similarity_matching_dataset_20260718,self_collected_matching_unit,legacy_rtthread_features,subject_10,session_20260717_224040,session_20260717_224040_w014,window_5s,unmarked,low,,,5.0,83.0,4079.566,3102.735,527819.566,0.0,0.0,12.289,30.0,self_collected_rtthread,STM32F407/ADS1292R/MPU6050 live log,3.610613964,3.491744685,3.803407393,1.314829014,0.0,0.0,21.6,0.41,-0.861922495,-0.793769002,-0.764486567,-0.438662074,-0.757220588,-1.039426604,-0.119485875,-0.623969358
local_logged,similarity_matching_dataset_20260718,self_collected_matching_unit,legacy_rtthread_features,subject_10,session_20260717_224040,session_20260717_224040_w015,window_5s,unmarked,low,,,5.0,81.0,4071.481,3011.938,516356.333,0.0,0.0,11.481,30.0,self_collected_rtthread,STM32F407/ADS1292R/MPU6050 live log,3.609752412,3.478846028,3.804464489,1.351781146,0.0,0.0,21.2,0.383,-0.863038678,-0.811039056,-0.763112425,-0.383340061,-0.757220588,-1.039426604,-0.142262542,-0.687432111
local_logged,similarity_matching_dataset_20260718,self_collected_matching_unit,legacy_rtthread_features,subject_10,session_20260717_224040,session_20260717_224040_w016,window_5s,unmarked,low,,,5.0,82.0,4357.78,3317.951,567405.793,0.0,0.0,12.439,30.0,self_collected_rtthread,STM32F407/ADS1292R/MPU6050 live log,3.639265301,3.520869968,3.840079913,1.313394924,0.0,0.0,23.4,0.415,-0.824803272,-0.754773063,-0.716815147,-0.440809088,-0.757220588,-1.039426604,-0.01699087,-0.612216996
local_logged,similarity_matching_dataset_20260718,self_collected_matching_unit,legacy_rtthread_features,subject_10,session_20260717_224040,session_20260717_224040_w017,window_5s,unmarked,low,,,5.0,82.0,3964.146,2966.683,515399.878,0.0,0.0,11.341,30.0,self_collected_rtthread,STM32F407/ADS1292R/MPU6050 live log,3.598149641,3.472271143,3.798330459,1.336221632,0.0,0.0,22.1,0.378,-0.878070641,-0.819842192,-0.771086186,-0.406634621,-0.757220588,-1.039426604,-0.09101504,-0.699184473
local_logged,similarity_matching_dataset_20260718,self_collected_matching_unit,legacy_rtthread_features,subject_10,session_20260717_224040,session_20260717_224040_w018,window_5s,unmarked,low,,,5.0,82.0,3954.232,3031.646,512482.049,0.0,0.0,11.707,30.0,self_collected_rtthread,STM32F407/ADS1292R/MPU6050 live log,3.597062146,3.481678488,3.795864805,1.304318512,0.0,0.0,22.0,0.39,-0.879479544,-0.807246666,-0.774291344,-0.454397624,-0.757220588,-1.039426604,-0.096709207,-0.670978805
local_logged,similarity_matching_dataset_20260718,self_collected_matching_unit,legacy_rtthread_features,subject_10,session_20260717_224040,session_20260717_224040_w019,window_5s,unmarked,low,,,5.0,82.0,3818.476,2861.073,506897.268,0.0,0.0,10.244,30.0,self_collected_rtthread,STM32F407/ADS1292R/MPU6050 live log,3.581890065,3.456528939,3.791106098,1.334630749,0.0,0.0,21.7,0.341,-0.899135725,-0.840919481,-0.780477293,-0.409016374,-0.757220588,-1.039426604,-0.113791708,-0.78615195
local_logged,similarity_matching_dataset_20260718,self_collected_matching_unit,legacy_rtthread_features,subject_10,session_20260717_224040,session_20260717_224040_w020,window_5s,unmarked,low,,,5.0,82.0,3326.671,2534.415,447223.085,0.0,0.0,9.512,30.0,self_collected_rtthread,STM32F407/ADS1292R/MPU6050 live log,3.522009852,3.40387773,3.736710361,1.31259916,0.0,0.0,21.7,0.317,-0.976713498,-0.91141436,-0.851187514,-0.442000447,-0.757220588,-1.039426604,-0.113791708,-0.842563286
local_logged,similarity_matching_dataset_20260718,self_collected_matching_unit,legacy_rtthread_features,subject_10,session_20260717_224040,session_20260717_224040_w021,window_5s,unmarked,low,,,5.0,83.0,3105.855,2329.265,400045.361,0.0,0.0,6.867,30.0,self_collected_rtthread,STM32F407/ADS1292R/MPU6050 live log,3.492181176,3.367218901,3.683031146,1.333405602,0.0,0.0,24.8,0.229,-1.015358022,-0.960496988,-0.920966313,-0.410850574,-0.757220588,-1.039426604,0.062727466,-1.049404853
local_logged,similarity_matching_dataset_20260718,self_collected_matching_unit,legacy_rtthread_features,subject_10,session_20260717_224040,session_20260717_224040_w022,window_5s,unmarked,low,,,5.0,82.0,3379.451,2558.463,450970.78,0.0,0.0,9.878,30.0,self_collected_rtthread,STM32F407/ADS1292R/MPU6050 live log,3.528846154,3.407979141,3.740334551,1.320891098,0.0,0.0,24.6,0.329,-0.967856731,-0.905922967,-0.846476349,-0.429586368,-0.757220588,-1.039426604,0.051339132,-0.814357618
local_logged,similarity_matching_dataset_20260718,self_collected_matching_unit,legacy_rtthread_features,subject_10,session_20260717_224040,session_20260717_224040_w023,window_5s,unmarked,low,,,5.0,82.0,3687.549,2711.39,456564.72,0.0,0.0,9.512,30.0,self_collected_rtthread,STM32F407/ADS1292R/MPU6050 live log,3.5667378,3.43319199,3.745688497,1.360021613,0.0,0.0,20.8,0.317,-0.918766232,-0.8721654,-0.839516637,-0.371003041,-0.757220588,-1.039426604,-0.16503921,-0.842563286
local_logged,similarity_matching_dataset_20260718,self_collected_matching_unit,legacy_rtthread_features,subject_10,session_20260717_224040,session_20260717_224040_w024,window_5s,unmarked,low,,,5.0,82.0,3254.512,2428.037,426852.11,0.0,0.0,9.146,30.0,self_collected_rtthread,STM32F407/ADS1292R/MPU6050 live log,3.512485877,3.385255301,3.71646358,1.340388141,0.0,0.0,23.0,0.305,-0.989052278,-0.936347992,-0.877506753,-0.40039683,-0.757220588,-1.039426604,-0.039767538,-0.870768954
local_logged,similarity_matching_dataset_20260718,self_collected_matching_unit,legacy_rtthread_features,subject_10,session_20260717_224040,session_20260717_224040_w025,window_5s,unmarked,low,,,5.0,82.0,2395.756,1787.902,345731.244,0.0,0.0,4.39,30.0,self_collected_rtthread,STM32F407/ADS1292R/MPU6050 live log,3.379442584,3.25234371,3.624924776,1.339981722,0.0,0.0,31.1,0.146,-1.161416436,-1.114303764,-0.996500069,-0.401005291,-0.757220588,-1.039426604,0.421459981,-1.244494058
local_logged,similarity_matching_dataset_20260718,self_collected_matching_unit,legacy_rtthread_features,subject_10,session_20260717_224040,session_20260717_224040_w026,window_5s,unmarked,low,,,5.0,82.0,2166.902,1681.159,325631.317,0.0,0.0,4.39,30.0,self_collected_rtthread,STM32F407/ADS1292R/MPU6050 live log,3.33583927,3.22560879,3.598912313,1.288933408,0.0,0.0,26.6,0.146,-1.217906684,-1.150099237,-1.030314244,-0.47743107,-0.757220588,-1.039426604,0.16522247,-1.244494058
local_logged,similarity_matching_dataset_20260718,self_collected_matching_unit,legacy_rtthread_features,subject_10,session_20260717_224040,session_20260717_224040_w027,window_5s,unmarked,low,,,5.0,82.0,3613.793,2697.122,472243.341,0.0,0.0,8.78,30.0,self_collected_rtthread,STM32F407/ADS1292R/MPU6050 live log,3.557963272,3.430900592,3.76035199,1.339870054,0.0,0.0,25.6,0.293,-0.930134067,-0.87523336,-0.820455238,-0.401172472,-0.757220588,-1.039426604,0.108280801,-0.898974623
local_logged,similarity_matching_dataset_20260718,self_collected_matching_unit,legacy_rtthread_features,subject_10,session_20260717_224040,session_20260717_224040_w028,window_5s,unmarked,low,,,5.0,82.0,4344.22,3120.0,521827.927,0.0,0.0,11.341,30.0,self_collected_rtthread,STM32F407/ADS1292R/MPU6050 live log,3.637911811,3.494154594,3.803713465,1.392378205,0.0,0.0,20.5,0.378,-0.826556785,-0.790542366,-0.764088697,-0.322561132,-0.757220588,-1.039426604,-0.18212171,-0.699184473
local_logged,similarity_matching_dataset_20260718,self_collected_matching_unit,legacy_rtthread_features,subject_10,session_20260717_224040,session_20260717_224040_w029,window_5s,unmarked,low,,,5.0,82.0,2951.573,2229.988,391922.366,0.0,0.0,8.049,30.0,self_collected_rtthread,STM32F407/ADS1292R/MPU6050 live log,3.470053529,3.348302526,3.679386196,1.323582459,0.0,0.0,25.3,0.268,-1.044025481,-0.985824186,-0.925704464,-0.42555706,-0.757220588,-1.039426604,0.091198301,-0.957736431
local_logged,similarity_matching_dataset_20260718,self_collected_matching_unit,legacy_rtthread_features,subject_10,session_20260717_224040,session_20260717_224040_w030,window_5s,unmarked,low,,,5.0,82.0,2637.146,1989.171,343939.256,0.0,0.0,6.22,30.0,self_collected_rtthread,STM32F407/ADS1292R/MPU6050 live log,3.421134174,3.298672119,3.622667895,1.32575128,0.0,0.0,33.9,0.207,-1.107402922,-1.052274503,-0.999433838,-0.422310061,-0.757220588,-1.039426604,0.580896654,-1.101115245
local_logged,similarity_matching_dataset_20260718,self_collected_matching_unit,legacy_rtthread_features,subject_10,session_20260717_224040,session_20260717_224040_w031,window_5s,unmarked,low,,,5.0,82.0,3204.878,2467.817,434667.354,0.0,0.0,9.146,30.0,self_collected_rtthread,STM32F407/ADS1292R/MPU6050 live log,3.505811502,3.392312952,3.724343171,1.298669229,0.0,0.0,30.2,0.305,-0.997699261,-0.92689848,-0.867263898,-0.462855315,-0.757220588,-1.039426604,0.370212478,-0.870768954
local_logged,similarity_matching_dataset_20260718,self_collected_matching_unit,legacy_rtthread_features,subject_10,session_20260717_224040,session_20260717_224040_w032,window_5s,FatiguedSquat,low,,,5.0,83.0,1648.072,1244.964,223271.181,0.0,0.0,2.53,30.0,self_collected_rtthread,STM32F407/ADS1292R/MPU6050 live log,3.216976181,3.095156793,3.429754577,1.323790889,0.0,0.0,31.9,0.084,-1.371899687,-1.32476185,-1.250206127,-0.425245014,-0.757220588,-1.039426604,0.467013316,-1.390223343
local_logged,similarity_matching_dataset_20260718,self_collected_matching_unit,legacy_rtthread_features,subject_10,session_20260717_224040,session_20260717_224040_w033,window_5s,FatiguedSquat,low,,,5.0,81.0,3529.358,2596.037,471593.753,0.0,0.0,10.37,30.0,self_collected_rtthread,STM32F407/ADS1292R/MPU6050 live log,3.547695713,3.414310878,3.765083025,1.359517603,0.0,0.0,20.1,0.346,-0.943436197,-0.897445384,-0.814305261,-0.371757607,-0.757220588,-1.039426604,-0.204898378,-0.774399588
local_logged,similarity_matching_dataset_20260718,self_collected_matching_unit,legacy_rtthread_features,subject_10,session_20260717_224040,session_20260717_224040_w034,window_5s,FatiguedSquat,low,,,5.0,82.0,3063.402,2234.598,415611.841,0.0,0.0,7.683,30.0,self_collected_rtthread,STM32F407/ADS1292R/MPU6050 live log,3.486203992,3.349199406,3.70487406,1.370896242,0.0,0.0,21.2,0.256,-1.023101759,-0.98462335,-0.892572226,-0.354722346,-0.757220588,-1.039426604,-0.142262542,-0.9859421
local_logged,similarity_matching_dataset_20260718,self_collected_matching_unit,legacy_rtthread_features,subject_10,session_20260717_224040,session_20260717_224040_w035,window_5s,FatiguedSquat,low,,,5.0,82.0,3929.488,2904.183,514901.671,0.0,0.0,11.707,30.0,self_collected_rtthread,STM32F407/ADS1292R/MPU6050 live log,3.594335967,3.463023979,3.797910449,1.353044212,0.0,0.0,21.1,0.39,-0.883011444,-0.832223251,-0.771632166,-0.381449092,-0.757220588,-1.039426604,-0.147956709,-0.670978805
local_logged,similarity_matching_dataset_20260718,self_collected_matching_unit,legacy_rtthread_features,subject_10,session_20260717_224040,session_20260717_224040_w036,window_5s,FatiguedSquat,low,,,5.0,82.0,3652.683,2745.134,470236.817,0.0,0.0,10.976,30.0,self_collected_rtthread,STM32F407/ADS1292R/MPU6050 live log,3.562611983,3.438563549,3.758502777,1.330602805,0.0,0.0,22.5,0.366,-0.924111432,-0.864973402,-0.822859071,-0.415046715,-0.757220588,-1.039426604,-0.068238372,-0.727390141
local_logged,similarity_matching_dataset_20260718,self_collected_matching_unit,legacy_rtthread_features,subject_10,session_20260717_224040,session_20260717_224040_w037,window_5s,FatiguedSquat,low,,,5.0,82.0,3506.244,2663.659,477369.085,0.0,0.0,11.341,30.0,self_collected_rtthread,STM32F407/ADS1292R/MPU6050 live log,3.544842135,3.425478626,3.765040438,1.316326151,0.0,0.0,22.8,0.378,-0.947133148,-0.882492849,-0.814360621,-0.436420671,-0.757220588,-1.039426604,-0.051155872,-0.699184473
local_logged,similarity_matching_dataset_20260718,self_collected_matching_unit,legacy_rtthread_features,subject_10,session_20260717_224040,session_20260717_224040_w038,window_5s,Rest,none,,,5.0,83.0,844.639,664.795,129158.831,0.0,0.0,0.0,0.0,self_collected_rtthread,STM32F407/ADS1292R/MPU6050 live log,2.92667113,2.822687744,3.192046013,1.2705255,0.0,0.0,20.9,0.0,-1.74800422,-1.689571567,-1.559208747,-0.504990035,-0.757220588,-1.039426604,-0.159345043,-1.587663021
local_logged,similarity_matching_dataset_20260718,self_collected_matching_unit,legacy_rtthread_features,subject_10,session_20260717_224040,session_20260717_224040_w039,window_5s,Rest,none,,,5.0,83.0,1022.59,804.747,156541.711,0.0,0.0,0.0,0.0,self_collected_rtthread,STM32F407/ADS1292R/MPU6050 live log,3.009701541,2.905659366,3.275551984,1.270697499,0.0,0.0,6.8,0.0,-1.640434222,-1.578480586,-1.450657488,-0.504732531,-0.757220588,-1.039426604,-0.962222575,-1.587663021
local_logged,similarity_matching_dataset_20260718,self_collected_matching_unit,legacy_rtthread_features,subject_10,session_20260717_224040,session_20260717_224040_w040,window_5s,Rest,none,,,5.0,83.0,622.06,485.976,96348.711,0.0,0.0,0.0,0.0,self_collected_rtthread,STM32F407/ADS1292R/MPU6050 live log,2.793832276,2.686614822,3.064767816,1.280022059,0.0,0.0,3.3,0.0,-1.920103517,-1.871760055,-1.72466049,-0.490772486,-0.757220588,-1.039426604,-1.161518416,-1.587663021
local_logged,similarity_matching_dataset_20260718,self_collected_matching_unit,legacy_rtthread_features,subject_10,session_20260717_224635,session_20260717_224635_w001,window_5s,unmarked,none,,,5.0,83.0,1316.687,1035.627,213446.253,0.0,0.0,0.0,0.0,self_collected_rtthread,STM32F407/ADS1292R/MPU6050 live log,3.119482548,3.015203364,3.410210443,1.271391148,0.0,0.0,16.1,0.0,-1.498207504,-1.431811763,-1.275611979,-0.50369405,-0.757220588,-1.039426604,-0.432665054,-1.587663021
local_logged,similarity_matching_dataset_20260718,self_collected_matching_unit,legacy_rtthread_features,subject_10,session_20260717_224635,session_20260717_224635_w002,window_5s,unmarked,none,,,5.0,82.0,1181.098,921.512,188653.305,0.0,0.0,0.0,0.0,self_collected_rtthread,STM32F407/ADS1292R/MPU6050 live log,3.072285934,2.964500995,3.361850566,1.281695735,0.0,0.0,12.4,0.0,-1.559353049,-1.499697333,-1.338476053,-0.488266781,-0.757220588,-1.039426604,-0.643349229,-1.587663021
local_logged,similarity_matching_dataset_20260718,self_collected_matching_unit,legacy_rtthread_features,subject_10,session_20260717_224635,session_20260717_224635_w003,window_5s,Squat,low,,,5.0,82.0,4065.476,3087.415,521486.939,0.0,0.0,12.073,30.0,self_collected_rtthread,STM32F407/ADS1292R/MPU6050 live log,3.609111402,3.48959501,3.803429583,1.316789612,0.0,0.0,31.2,0.402,-0.863869138,-0.796647209,-0.764457722,-0.435726811,-0.757220588,-1.039426604,0.427154147,-0.642773137
local_logged,similarity_matching_dataset_20260718,self_collected_matching_unit,legacy_rtthread_features,subject_10,session_20260717_224635,session_20260717_224635_w004,window_5s,Squat,low,,,5.0,82.0,3615.683,2724.256,498305.329,0.0,0.0,9.512,30.0,self_collected_rtthread,STM32F407/ADS1292R/MPU6050 live log,3.558190347,3.435247916,3.783681679,1.327218514,0.0,0.0,18.5,0.317,-0.92983988,-0.869412714,-0.790128459,-0.420113426,-0.757220588,-1.039426604,-0.296005048,-0.842563286
local_logged,similarity_matching_dataset_20260718,self_collected_matching_unit,legacy_rtthread_features,subject_10,session_20260717_224635,session_20260717_224635_w005,window_5s,Squat,low,,,5.0,82.0,3809.11,2893.049,518603.756,0.0,0.0,12.073,30.0,self_collected_rtthread,STM32F407/ADS1292R/MPU6050 live log,3.580823514,3.461355789,3.801021805,1.316642062,0.0,0.0,18.7,0.402,-0.900517494,-0.834456796,-0.767587646,-0.435947712,-0.757220588,-1.039426604,-0.284616714,-0.642773137
local_logged,similarity_matching_dataset_20260718,self_collected_matching_unit,legacy_rtthread_features,subject_10,session_20260717_224635,session_20260717_224635_w006,window_5s,Squat,low,,,5.0,82.0,3339.598,2470.927,471653.402,0.0,0.0,8.78,30.0,self_collected_rtthread,STM32F407/ADS1292R/MPU6050 live log,3.523694192,3.392859915,3.759809119,1.351556723,0.0,0.0,17.7,0.293,-0.974531353,-0.926166149,-0.821160928,-0.383676051,-0.757220588,-1.039426604,-0.341558383,-0.898974623
local_logged,similarity_matching_dataset_20260718,self_collected_matching_unit,legacy_rtthread_features,subject_10,session_20260717_224635,session_20260717_224635_w007,window_5s,Squat,low,,,5.0,81.0,3811.123,2859.16,542434.148,0.0,0.0,13.333,30.0,self_collected_rtthread,STM32F407/ADS1292R/MPU6050 live log,3.581052965,3.456238459,3.825862003,1.332951986,0.0,0.0,19.6,0.444,-0.900220229,-0.841308406,-0.735297323,-0.411529694,-0.757220588,-1.039426604,-0.233369212,-0.544053298
local_logged,similarity_matching_dataset_20260718,self_collected_matching_unit,legacy_rtthread_features,subject_10,session_20260717_224635,session_20260717_224635_w008,window_5s,Squat,low,,,5.0,82.0,3168.976,2362.817,442715.305,0.0,0.0,9.146,30.0,self_collected_rtthread,STM32F407/ADS1292R/MPU6050 live log,3.50091895,3.373430087,3.732310684,1.341185543,0.0,0.0,26.3,0.305,-1.004037804,-0.952180811,-0.856906752,-0.399203018,-0.757220588,-1.039426604,0.14813997,-0.870768954
local_logged,similarity_matching_dataset_20260718,self_collected_matching_unit,legacy_rtthread_features,subject_10,session_20260717_224635,session_20260717_224635_w009,window_5s,Squat,low,,,5.0,82.0,3045.793,2286.951,433695.866,0.0,0.0,9.146,30.0,self_collected_rtthread,STM32F407/ADS1292R/MPU6050 live log,3.483700384,3.35925686,3.72337143,1.331813843,0.0,0.0,21.3,0.305,-1.026345307,-0.971157392,-0.868527086,-0.413233638,-0.757220588,-1.039426604,-0.136568375,-0.870768954
local_logged,similarity_matching_dataset_20260718,self_collected_matching_unit,legacy_rtthread_features,subject_10,session_20260717_224635,session_20260717_224635_w010,window_5s,Squat,low,,,5.0,82.0,3126.72,2311.098,444534.659,0.0,0.0,9.878,30.0,self_collected_rtthread,STM32F407/ADS1292R/MPU6050 live log,3.495088992,3.363818362,3.734091775,1.352915368,0.0,0.0,22.8,0.329,-1.011590802,-0.965049981,-0.854591472,-0.381641988,-0.757220588,-1.039426604,-0.051155872,-0.814357618
local_logged,similarity_matching_dataset_20260718,self_collected_matching_unit,legacy_rtthread_features,subject_10,session_20260717_224635,session_20260717_224635_w011,window_5s,FatiguedSquat,low,,,5.0,82.0,2710.366,2092.098,399687.049,0.0,0.0,7.683,30.0,self_collected_rtthread,STM32F407/ADS1292R/MPU6050 live log,3.433027941,3.320582024,3.687906224,1.295525353,0.0,0.0,24.7,0.256,-1.091993959,-1.022939258,-0.914629091,-0.467562095,-0.757220588,-1.039426604,0.057033299,-0.9859421
local_logged,similarity_matching_dataset_20260718,self_collected_matching_unit,legacy_rtthread_features,subject_10,session_20260717_224635,session_20260717_224635_w012,window_5s,FatiguedSquat,low,,,5.0,82.0,4671.451,3462.951,620631.329,0.0,0.0,14.634,30.0,self_collected_rtthread,STM32F407/ADS1292R/MPU6050 live log,3.669451798,3.539446346,3.879019842,1.348979815,0.0,0.0,18.4,0.488,-0.785695174,-0.729901089,-0.666196272,-0.387534008,-0.757220588,-1.039426604,-0.301699215,-0.440632515
local_logged,similarity_matching_dataset_20260718,self_collected_matching_unit,legacy_rtthread_features,subject_10,session_20260717_224635,session_20260717_224635_w013,window_5s,FatiguedSquat,low,,,5.0,82.0,3581.805,2659.171,504207.878,0.0,0.0,9.146,30.0,self_collected_rtthread,STM32F407/ADS1292R/MPU6050 live log,3.554101938,3.424746266,3.788795775,1.34696302,0.0,0.0,18.0,0.305,-0.935136616,-0.883473408,-0.783480533,-0.390553405,-0.757220588,-1.039426604,-0.324475883,-0.870768954
local_logged,similarity_matching_dataset_20260718,self_collected_matching_unit,legacy_rtthread_features,subject_10,session_20260717_224635,session_20260717_224635_w014,window_5s,FatiguedSquat,low,,,5.0,82.0,4496.549,3352.012,613497.293,0.0,0.0,15.0,30.0,self_collected_rtthread,STM32F407/ADS1292R/MPU6050 live log,3.65287933,3.525305565,3.873998798,1.341447763,0.0,0.0,21.1,0.5,-0.807165625,-0.748834228,-0.672723239,-0.398810442,-0.757220588,-1.039426604,-0.147956709,-0.412426846
local_logged,similarity_matching_dataset_20260718,self_collected_matching_unit,legacy_rtthread_features,subject_10,session_20260717_224635,session_20260717_224635_w015,window_5s,FatiguedSquat,low,,,5.0,81.0,3473.531,2569.074,487842.926,0.0,0.0,9.63,30.0,self_collected_rtthread,STM32F407/ADS1292R/MPU6050 live log,3.540771179,3.409776614,3.779794993,1.352055643,0.0,0.0,19.0,0.321,-0.952407272,-0.903516325,-0.795180848,-0.382929105,-0.757220588,-1.039426604,-0.267534214,-0.833161397
local_logged,similarity_matching_dataset_20260718,self_collected_matching_unit,legacy_rtthread_features,subject_10,session_20260717_224635,session_20260717_224635_w016,window_5s,FatiguedSquat,low,,,5.0,82.0,4354.085,3278.122,595148.524,0.0,0.0,13.537,30.0,self_collected_rtthread,STM32F407/ADS1292R/MPU6050 live log,3.638896903,3.515625112,3.860811508,1.328225429,0.0,0.0,19.8,0.451,-0.82528055,-0.761795418,-0.689865688,-0.418605947,-0.757220588,-1.039426604,-0.221980879,-0.527599992
local_logged,similarity_matching_dataset_20260718,self_collected_matching_unit,legacy_rtthread_features,subject_10,session_20260717_224635,session_20260717_224635_w017,window_5s,Rest,low,,,5.0,83.0,1425.108,1074.265,205936.494,0.0,0.0,1.446,30.0,self_collected_rtthread,STM32F407/ADS1292R/MPU6050 live log,3.153847778,3.031111426,3.394655222,1.326588877,0.0,0.0,34.0,0.048,-1.453685651,-1.410512406,-1.295832555,-0.421056073,-0.757220588,-1.039426604,0.58659082,-1.474840348
local_logged,similarity_matching_dataset_20260718,self_collected_matching_unit,legacy_rtthread_features,subject_10,session_20260717_224635,session_20260717_224635_w018,window_5s,Rest,none,,,5.0,82.0,1573.902,1211.744,239596.951,0.0,0.0,0.0,0.0,self_collected_rtthread,STM32F407/ADS1292R/MPU6050 live log,3.196977687,3.083410878,3.465667435,1.298873359,0.0,0.0,5.9,0.0,-1.397808724,-1.340488495,-1.203522208,-0.462549707,-0.757220588,-1.039426604,-1.013470077,-1.587663021
local_logged,similarity_matching_dataset_20260718,self_collected_matching_unit,legacy_rtthread_features,subject_10,session_20260717_224635,session_20260717_224635_w019,window_5s,Rest,none,,,5.0,83.0,1132.06,874.518,161046.446,0.0,0.0,0.0,0.0,self_collected_rtthread,STM32F407/ADS1292R/MPU6050 live log,3.053869445,2.941768753,3.287873053,1.294495939,0.0,0.0,7.5,0.0,-1.58321252,-1.530133608,-1.434641058,-0.469103258,-0.757220588,-1.039426604,-0.922363407,-1.587663021
local_logged,similarity_matching_dataset_20260718,self_collected_matching_unit,legacy_rtthread_features,subject_10,session_20260717_224635,session_20260717_224635_w020,window_5s,unmarked,none,,,5.0,40.0,1230.925,950.15,170923.825,0.0,0.0,0.0,0.0,self_collected_rtthread,STM32F407/ADS1292R/MPU6050 live log,3.090231592,2.977792173,3.630742612,1.295505973,0.0,0.0,6.7,0.0,-1.536103563,-1.481901731,-0.988937335,-0.467591109,-0.757220588,-1.039426604,-0.967916742,-1.587663021
local_logged,similarity_matching_dataset_20260718,self_collected_matching_unit,legacy_rtthread_features,subject_03,session_20260717_225548,session_20260717_225548_w001,window_5s,unmarked,none,,,5.0,84.0,86.512,67.857,15431.857,0.0,0.0,0.0,0.0,self_collected_rtthread,STM32F407/ADS1292R/MPU6050 live log,1.937076352,1.831594655,2.264138904,1.274916368,0.0,0.0,0.0,0.0,-3.030073138,-3.016549403,-2.76541572,-0.498416351,-0.757220588,-1.039426604,-1.349425924,-1.587663021
local_logged,similarity_matching_dataset_20260718,self_collected_matching_unit,legacy_rtthread_features,subject_03,session_20260717_225548,session_20260717_225548_w002,window_5s,unmarked,none,,,5.0,84.0,105.369,83.262,18907.131,0.0,0.0,0.0,0.0,self_collected_rtthread,STM32F407/ADS1292R/MPU6050 live log,2.022712858,1.920446839,2.352346347,1.265511278,0.0,0.0,0.0,0.0,-2.919126814,-2.897584918,-2.650752914,-0.512496959,-0.757220588,-1.039426604,-1.349425924,-1.587663021
local_logged,similarity_matching_dataset_20260718,self_collected_matching_unit,legacy_rtthread_features,subject_03,session_20260717_225548,session_20260717_225548_w003,window_5s,unmarked,none,,,5.0,82.0,41233.707,21523.329,3852820.037,4.671,17.768,0.0,0.0,self_collected_rtthread,STM32F407/ADS1292R/MPU6050 live log,4.615252381,4.332909444,4.671964871,1.915768095,0.056963415,0.216682927,56.6,0.5,0.4396362,0.332469294,0.364570508,0.461019695,0.536956994,-0.088418281,1.873472539,-0.412426846
local_logged,similarity_matching_dataset_20260718,self_collected_matching_unit,legacy_rtthread_features,subject_03,session_20260717_225548,session_20260717_225548_w004,window_5s,unmarked,low,,,5.0,80.0,104686.538,69375.137,13767414.113,27.375,75.438,5.4,30.0,self_collected_rtthread,STM32F407/ADS1292R/MPU6050 live log,5.019890838,4.841203854,5.235762389,1.508992162,0.3421875,0.942975,27.1,1.0,0.963865309,1.013026372,1.097463372,-0.147975297,7.017091946,3.099233905,0.193693305,0.762809328
local_logged,similarity_matching_dataset_20260718,self_collected_matching_unit,legacy_rtthread_features,subject_03,session_20260717_225548,session_20260717_225548_w005,window_5s,unmarked,low,,,5.0,81.0,50366.432,30686.012,5316902.63,8.358,35.247,25.963,39.0,self_collected_rtthread,STM32F407/ADS1292R/MPU6050 live log,4.702141186,4.486940451,4.817173688,1.641348247,0.103185185,0.435148148,22.1,1.0,0.552204939,0.538701922,0.553330661,0.050178493,1.587090286,0.870412422,-0.09101504,0.762809328
local_logged,similarity_matching_dataset_20260718,self_collected_matching_unit,legacy_rtthread_features,subject_03,session_20260717_225548,session_20260717_225548_w006,window_5s,unmarked,low,,,5.0,82.0,42326.634,24731.756,3948762.293,5.39,25.0,27.988,30.0,self_collected_rtthread,STM32F407/ADS1292R/MPU6050 live log,4.626613733,4.393254953,4.682647139,1.711428578,0.065731707,0.304878049,25.7,1.0,0.454355393,0.413266097,0.378456625,0.155097607,0.736167784,0.2986648,0.113974968,0.762809328
local_logged,similarity_matching_dataset_20260718,self_collected_matching_unit,legacy_rtthread_features,subject_03,session_20260717_225548,session_20260717_225548_w007,window_5s,unmarked,low,,,5.0,81.0,36889.506,20857.593,3302510.272,4.395,18.506,28.667,30.0,self_collected_rtthread,STM32F407/ADS1292R/MPU6050 live log,4.566902839,4.319264189,4.610359158,1.768636774,0.054259259,0.228469136,27.5,1.0,0.37699698,0.314199617,0.28448788,0.240745508,0.475520051,-0.03668932,0.216469972,0.762809328
local_logged,similarity_matching_dataset_20260718,self_collected_matching_unit,legacy_rtthread_features,subject_03,session_20260717_225548,session_20260717_225548_w008,window_5s,unmarked,low,,,5.0,81.0,49641.333,28093.63,4544798.605,6.321,23.938,28.42,45.0,self_collected_rtthread,STM32F407/ADS1292R/MPU6050 live log,4.695843435,4.448607858,4.749029624,1.766996041,0.078037037,0.295530864,29.0,1.0,0.544045892,0.487378286,0.464748685,0.238289124,1.01573814,0.257640568,0.301882476,0.762809328
local_logged,similarity_matching_dataset_20260718,self_collected_matching_unit,legacy_rtthread_features,subject_03,session_20260717_225548,session_20260717_225548_w009,window_5s,unmarked,low,,,5.0,81.0,46954.407,26996.321,4936575.593,7.111,32.741,27.086,30.0,self_collected_rtthread,STM32F407/ADS1292R/MPU6050 live log,4.67167636,4.431304583,4.784940773,1.739289105,0.087790123,0.404209877,27.1,1.0,0.512736252,0.464210873,0.511430382,0.196808338,1.237322911,0.734626213,0.193693305,0.762809328
local_logged,similarity_matching_dataset_20260718,self_collected_matching_unit,legacy_rtthread_features,subject_03,session_20260717_225548,session_20260717_225548_w010,window_5s,Squat,low,,,5.0,82.0,37406.122,22498.195,3916061.573,7.427,25.012,25.317,30.0,self_collected_rtthread,STM32F407/ADS1292R/MPU6050 live log,4.572942686,4.352147677,4.679035659,1.662627691,0.090573171,0.30502439,25.8,1.0,0.3848219,0.358227429,0.373761982,0.082036511,1.300552237,0.299307082,0.119669135,0.762809328
local_logged,similarity_matching_dataset_20260718,self_collected_matching_unit,legacy_rtthread_features,subject_03,session_20260717_225548,session_20260717_225548_w011,window_5s,Squat,low,,,5.0,81.0,40992.062,24791.432,4091479.123,5.716,27.469,28.148,30.0,self_collected_rtthread,STM32F407/ADS1292R/MPU6050 live log,4.612699765,4.394301613,4.703395321,1.653476975,0.070567901,0.339123457,29.0,1.0,0.43632916,0.414667474,0.405427646,0.068336732,0.846043462,0.448965834,0.301882476,0.762809328
local_logged,similarity_matching_dataset_20260718,self_collected_matching_unit,legacy_rtthread_features,subject_03,session_20260717_225548,session_20260717_225548_w012,window_5s,Squat,low,,,5.0,82.0,47645.573,27125.878,4388961.72,5.646,22.134,28.049,44.0,self_collected_rtthread,STM32F407/ADS1292R/MPU6050 live log,4.678022554,4.433383804,4.728547941,1.756461966,0.068853659,0.269926829,25.0,1.0,0.52095806,0.466994749,0.438124093,0.222518282,0.807096823,0.145265999,0.0741158,0.762809328
local_logged,similarity_matching_dataset_20260718,self_collected_matching_unit,legacy_rtthread_features,subject_03,session_20260717_225548,session_20260717_225548_w013,window_5s,Squat,low,,,5.0,81.0,43937.21,24385.395,3913980.025,5.63,22.765,27.321,42.0,self_collected_rtthread,STM32F407/ADS1292R/MPU6050 live log,4.642832476,4.387129795,4.684133586,1.801783814,0.069506173,0.281049383,27.5,1.0,0.475367576,0.405065103,0.38038889,0.290370817,0.821921584,0.194082219,0.216469972,0.762809328
local_logged,similarity_matching_dataset_20260718,self_collected_matching_unit,legacy_rtthread_features,subject_03,session_20260717_225548,session_20260717_225548_w014,window_5s,Squat,low,,,5.0,81.0,56378.198,30080.259,4522436.593,4.531,20.617,28.494,43.0,self_collected_rtthread,STM32F407/ADS1292R/MPU6050 live log,4.751111191,4.478281571,4.746887468,1.874259061,0.055938272,0.254530864,25.5,1.0,0.615648,0.527108519,0.461964049,0.398875424,0.513666306,0.077694036,0.102586634,0.762809328
local_logged,similarity_matching_dataset_20260718,self_collected_matching_unit,legacy_rtthread_features,subject_03,session_20260717_225548,session_20260717_225548_w015,window_5s,Squat,low,,,5.0,82.0,46202.451,24987.72,4181056.329,5.195,22.793,27.378,37.0,self_collected_rtthread,STM32F407/ADS1292R/MPU6050 live log,4.664665015,4.397726631,4.707472166,1.849006272,0.063353659,0.277963415,24.1,1.0,0.503652708,0.419253242,0.410727227,0.361068806,0.682139836,0.180538091,0.022868298,0.762809328
local_logged,similarity_matching_dataset_20260718,self_collected_matching_unit,legacy_rtthread_features,subject_03,session_20260717_225548,session_20260717_225548_w016,window_5s,FatiguedSquat,medium,,,5.0,81.0,46095.765,23927.012,3908821.494,4.852,24.914,31.457,54.0,self_collected_rtthread,STM32F407/ADS1292R/MPU6050 live log,4.663661027,4.378888467,4.683560819,1.92651573,0.059901235,0.307580247,28.6,1.0,0.502351992,0.394030761,0.379644338,0.477110263,0.603702655,0.310524584,0.279105808,0.762809328
local_logged,similarity_matching_dataset_20260718,self_collected_matching_unit,legacy_rtthread_features,subject_03,session_20260717_225548,session_20260717_225548_w017,window_5s,FatiguedSquat,medium,,,5.0,81.0,48165.432,21830.395,3903749.654,3.802,18.593,31.691,60.0,self_collected_rtthread,STM32F407/ADS1292R/MPU6050 live log,4.68273546,4.339061594,4.68299694,2.206347251,0.046938272,0.22954321,23.9,1.0,0.527063863,0.340706428,0.378911339,0.896053423,0.309191237,-0.031975273,0.011479964,0.762809328
local_logged,similarity_matching_dataset_20260718,self_collected_matching_unit,legacy_rtthread_features,subject_03,session_20260717_225548,session_20260717_225548_w018,window_5s,FatiguedSquat,high,,,5.0,81.0,62165.123,30051.704,4387737.111,3.753,15.679,35.506,80.0,self_collected_rtthread,STM32F407/ADS1292R/MPU6050 live log,4.793546797,4.477869103,4.73375558,2.068605594,0.046333333,0.193567901,26.2,1.0,0.670625423,0.526556264,0.444893618,0.689836751,0.295447354,-0.189868739,0.142445803,0.762809328
local_logged,similarity_matching_dataset_20260718,self_collected_matching_unit,legacy_rtthread_features,subject_03,session_20260717_225548,session_20260717_225548_w019,window_5s,FatiguedSquat,low,,,5.0,82.0,67861.829,34149.061,4679503.134,4.561,17.012,31.146,49.0,self_collected_rtthread,STM32F407/ADS1292R/MPU6050 live log,4.83162556,4.533378766,4.75638589,1.987223865,0.055621951,0.207463415,25.0,1.0,0.719958342,0.600878337,0.474311258,0.567998015,0.506479667,-0.128882164,0.0741158,0.762809328
local_logged,similarity_matching_dataset_20260718,self_collected_matching_unit,legacy_rtthread_features,subject_03,session_20260717_225548,session_20260717_225548_w020,window_5s,FatiguedSquat,medium,,,5.0,81.0,54179.926,26306.074,3927351.778,2.79,15.469,33.568,58.0,self_collected_rtthread,STM32F407/ADS1292R/MPU6050 live log,4.733838408,4.420056037,4.685614784,2.059597567,0.034444444,0.190975309,25.1,1.0,0.593270256,0.449150158,0.382314332,0.676350596,0.025338309,-0.201247469,0.079809967,0.762809328
local_logged,similarity_matching_dataset_20260718,self_collected_matching_unit,legacy_rtthread_features,subject_03,session_20260717_225548,session_20260717_225548_w021,window_5s,FatiguedSquat,medium,,,5.0,81.0,60448.42,29736.716,4383464.469,3.778,17.383,33.753,60.0,self_collected_rtthread,STM32F407/ADS1292R/MPU6050 live log,4.781384954,4.473293005,4.733332472,2.032787346,0.046641975,0.214604938,23.1,1.0,0.654869155,0.520429311,0.44434361,0.636212306,0.302459531,-0.09753845,-0.034073371,0.762809328
local_logged,similarity_matching_dataset_20260718,self_collected_matching_unit,legacy_rtthread_features,subject_03,session_20260717_225548,session_20260717_225548_w022,window_5s,FatiguedSquat,high,,,5.0,81.0,70154.358,37778.37,6150636.198,8.802,38.716,26.062,87.0,self_collected_rtthread,STM32F407/ADS1292R/MPU6050 live log,4.846054655,4.577243216,4.880435021,1.856998012,0.108666667,0.477975309,33.6,1.0,0.738651947,0.659608595,0.635565467,0.373033451,1.711626554,1.058378254,0.563814153,0.762809328
local_logged,similarity_matching_dataset_20260718,self_collected_matching_unit,legacy_rtthread_features,subject_03,session_20260717_225548,session_20260717_225548_w023,window_5s,Rest,low,,,5.0,82.0,45106.646,34624.695,6601270.537,12.61,62.061,20.524,30.0,self_collected_rtthread,STM32F407/ADS1292R/MPU6050 live log,4.654240535,4.539385957,4.905813679,1.302730493,0.153780488,0.756841463,2.7,1.0,0.49014728,0.608921385,0.668555746,-0.456775089,2.736587851,2.282305016,-1.195683418,0.762809328
local_logged,similarity_matching_dataset_20260718,self_collected_matching_unit,legacy_rtthread_features,subject_03,session_20260717_225548,session_20260717_225548_w024,window_5s,Rest,low,,,5.0,81.0,40708.358,30985.889,5892501.235,12.284,52.84,20.519,30.0,self_collected_rtthread,STM32F407/ADS1292R/MPU6050 live log,4.609683585,4.491163961,4.861814663,1.313770859,0.151654321,0.652345679,0.0,1.0,0.43242155,0.544356794,0.611360452,-0.440246266,2.688282502,1.823679311,-1.349425924,0.762809328
local_logged,similarity_matching_dataset_20260718,self_collected_matching_unit,legacy_rtthread_features,subject_03,session_20260717_225548,session_20260717_225548_w025,window_5s,Rest,low,,,5.0,80.0,39002.762,29208.1,5404562.1,8.45,43.325,26.475,30.0,self_collected_rtthread,STM32F407/ADS1292R/MPU6050 live log,4.591095363,4.465503307,4.829670524,1.335340608,0.105625,0.5415625,0.0,1.0,0.40833959,0.509999659,0.569575575,-0.407953625,1.642521546,1.337458607,-1.349425924,0.762809328
local_logged,similarity_matching_dataset_20260718,self_collected_matching_unit,legacy_rtthread_features,subject_03,session_20260717_230038,session_20260717_230038_w001,window_5s,unmarked,low,,,5.0,82.0,24996.207,19146.415,3994103.927,5.39,38.72,29.415,30.0,self_collected_rtthread,STM32F407/ADS1292R/MPU6050 live log,4.397874113,4.282087468,4.687605509,1.305529364,0.065731707,0.472195122,0.4,1.0,0.158011916,0.264423581,0.38490212,-0.452584826,0.736167784,1.033009361,-1.326649256,0.762809328
local_logged,similarity_matching_dataset_20260718,self_collected_matching_unit,legacy_rtthread_features,subject_03,session_20260717_230038,session_20260717_230038_w002,window_5s,unmarked,low,,,5.0,82.0,27072.207,18978.317,3821486.768,4.012,31.244,30.0,30.0,self_collected_rtthread,STM32F407/ADS1292R/MPU6050 live log,4.432523662,4.278257696,4.668418508,1.426480915,0.048926829,0.38102439,0.3,1.0,0.202902119,0.259295887,0.359960513,-0.271505064,0.354370163,0.632866507,-1.332343423,0.762809328
local_logged,similarity_matching_dataset_20260718,self_collected_matching_unit,legacy_rtthread_features,subject_03,session_20260717_230038,session_20260717_230038_w003,window_5s,unmarked,low,,,5.0,82.0,21471.939,16582.268,3344980.439,4.0,27.28,29.415,30.0,self_collected_rtthread,STM32F407/ADS1292R/MPU6050 live log,4.331871265,4.21964393,4.61057973,1.294873476,0.048780488,0.332682927,0.3,1.0,0.072501966,0.180817721,0.284774606,-0.468538037,0.351045375,0.420698736,-1.332343423,0.762809328
local_logged,similarity_matching_dataset_20260718,self_collected_matching_unit,legacy_rtthread_features,subject_03,session_20260717_230038,session_20260717_230038_w004,window_5s,unmarked,low,,,5.0,81.0,20117.037,15514.568,3107996.025,3.247,20.988,29.407,30.0,self_collected_rtthread,STM32F407/ADS1292R/MPU6050 live log,4.303564015,4.190739687,4.583995436,1.296654667,0.04008642,0.259111111,0.0,1.0,0.035828526,0.142117733,0.250217094,-0.465871369,0.153520913,0.097796464,-1.349425924,0.762809328
local_logged,similarity_matching_dataset_20260718,self_collected_matching_unit,legacy_rtthread_features,subject_03,session_20260717_230038,session_20260717_230038_w005,window_5s,Squat,low,,,5.0,82.0,24726.817,14171.427,2664133.927,1.305,11.61,30.61,39.0,self_collected_rtthread,STM32F407/ADS1292R/MPU6050 live log,4.393168215,4.151413584,4.511742201,1.74483607,0.015914634,0.141585366,37.8,1.0,0.151915193,0.089463883,0.156293516,0.205112846,-0.395648822,-0.418016956,0.802969162,0.762809328
local_logged,similarity_matching_dataset_20260718,self_collected_matching_unit,legacy_rtthread_features,subject_03,session_20260717_230038,session_20260717_230038_w006,window_5s,Squat,low,,,5.0,81.0,38564.741,16400.284,3062331.975,1.407,9.642,30.0,30.0,self_collected_rtthread,STM32F407/ADS1292R/MPU6050 live log,4.586190419,4.214851369,4.57756725,2.351467877,0.01737037,0.119037037,24.4,1.0,0.401984993,0.174400945,0.241860953,1.113317345,-0.362575298,-0.516980214,0.039950799,0.762809328
local_logged,similarity_matching_dataset_20260718,self_collected_matching_unit,legacy_rtthread_features,subject_03,session_20260717_230038,session_20260717_230038_w007,window_5s,Squat,low,,,5.0,82.0,34366.671,16983.195,3077190.793,3.695,12.244,28.354,30.0,self_collected_rtthread,STM32F407/ADS1292R/MPU6050 live log,4.536137465,4.230019396,4.574340572,2.02356924,0.045060976,0.149317073,28.0,1.0,0.337138919,0.194709467,0.237666523,0.622411636,0.2665401,-0.384082959,0.244940807,0.762809328
local_logged,similarity_matching_dataset_20260718,self_collected_matching_unit,legacy_rtthread_features,subject_03,session_20260717_230038,session_20260717_230038_w008,window_5s,Squat,low,,,5.0,81.0,40995.272,21125.543,3612545.16,3.605,15.617,29.704,30.0,self_collected_rtthread,STM32F407/ADS1292R/MPU6050 live log,4.612733772,4.324807881,4.649328266,1.940554711,0.044506173,0.192802469,28.2,1.0,0.436373218,0.321622085,0.335144685,0.498128392,0.25393528,-0.193228174,0.256329141,0.762809328
local_logged,similarity_matching_dataset_20260718,self_collected_matching_unit,legacy_rtthread_features,subject_03,session_20260717_230038,session_20260717_230038_w009,window_5s,Squat,low,,,5.0,81.0,41058.741,20978.753,3526117.444,4.691,16.815,28.296,30.0,self_collected_rtthread,STM32F407/ADS1292R/MPU6050 live log,4.613405628,4.32177967,4.638811754,1.957158321,0.05791358,0.207592593,24.6,1.0,0.437243641,0.317567603,0.321474038,0.522986095,0.558544222,-0.12831521,0.051339132,0.762809328
local_logged,similarity_matching_dataset_20260718,self_collected_matching_unit,legacy_rtthread_features,subject_03,session_20260717_230038,session_20260717_230038_w010,window_5s,Squat,low,,,5.0,82.0,32374.317,17640.817,3116634.829,2.659,11.963,29.488,30.0,self_collected_rtthread,STM32F407/ADS1292R/MPU6050 live log,4.510200615,4.246518695,4.579872067,1.835193744,0.032426829,0.145890244,25.6,1.0,0.303536448,0.216800433,0.244857036,0.340389706,-0.020500798,-0.399123105,0.108280801,0.762809328
local_logged,similarity_matching_dataset_20260718,self_collected_matching_unit,legacy_rtthread_features,subject_03,session_20260717_230038,session_20260717_230038_w011,window_5s,Squat,low,,,5.0,81.0,35754.556,19054.395,3338261.753,4.222,15.827,28.074,30.0,self_collected_rtthread,STM32F407/ADS1292R/MPU6050 live log,4.553331389,4.279995164,4.615035368,1.876446668,0.052123457,0.195395062,24.5,1.0,0.359414496,0.261622189,0.290566588,0.402150548,0.426995799,-0.181849439,0.045644965,0.762809328
local_logged,similarity_matching_dataset_20260718,self_collected_matching_unit,legacy_rtthread_features,subject_03,session_20260717_230038,session_20260717_230038_w012,window_5s,Squat,low,,,5.0,82.0,33214.951,19171.841,3358920.659,1.854,17.939,30.171,37.0,self_collected_rtthread,STM32F407/ADS1292R/MPU6050 live log,4.521333616,4.282663819,4.612385893,1.732486254,0.022609756,0.218768293,23.9,1.0,0.317959801,0.26519526,0.287122477,0.18662361,-0.243539318,-0.079265735,0.011479964,0.762809328
local_logged,similarity_matching_dataset_20260718,self_collected_matching_unit,legacy_rtthread_features,subject_03,session_20260717_230038,session_20260717_230038_w013,window_5s,Squat,low,,,5.0,81.0,26048.111,14218.617,2696000.617,2.049,15.012,29.778,30.0,self_collected_rtthread,STM32F407/ADS1292R/MPU6050 live log,4.415776234,4.152857356,4.522234968,1.831972195,0.025296296,0.185333333,23.3,1.0,0.181204998,0.091396954,0.169933296,0.33556664,-0.182502601,-0.226009762,-0.022685037,0.762809328
local_logged,similarity_matching_dataset_20260718,self_collected_matching_unit,legacy_rtthread_features,subject_03,session_20260717_230038,session_20260717_230038_w014,window_5s,Squat,low,,,5.0,81.0,37018.358,17473.383,3103654.914,2.086,14.42,30.025,31.0,self_collected_rtthread,STM32F407/ADS1292R/MPU6050 live log,4.568417151,4.242376996,4.583388409,2.118557008,0.025753086,0.178024691,22.5,1.0,0.378958846,0.211255098,0.249428006,0.764620332,-0.172124583,-0.258086952,-0.068238372,0.762809328
local_logged,similarity_matching_dataset_20260718,self_collected_matching_unit,legacy_rtthread_features,subject_03,session_20260717_230038,session_20260717_230038_w015,window_5s,Squat,low,,,5.0,82.0,20559.61,12349.146,2449247.366,1.244,15.793,30.0,30.0,self_collected_rtthread,STM32F407/ADS1292R/MPU6050 live log,4.313014872,4.091636925,4.475218797,1.664860874,0.015170732,0.192597561,25.2,1.0,0.048072578,0.009428715,0.108815935,0.085379868,-0.412549868,-0.194127503,0.085504134,0.762809328
local_logged,similarity_matching_dataset_20260718,self_collected_matching_unit,legacy_rtthread_features,subject_03,session_20260717_230038,session_20260717_230038_w016,window_5s,Squat,low,,,5.0,81.0,21781.741,12536.457,2632890.765,1.654,13.914,30.0,30.0,self_collected_rtthread,STM32F407/ADS1292R/MPU6050 live log,4.33809259,4.098174815,4.511947822,1.737471839,0.020419753,0.171777778,24.0,1.0,0.080562,0.018182318,0.156560807,0.194087661,-0.293294987,-0.285504277,0.017174131,0.762809328
local_logged,similarity_matching_dataset_20260718,self_collected_matching_unit,legacy_rtthread_features,subject_03,session_20260717_230038,session_20260717_230038_w017,window_5s,Squat,low,,,5.0,81.0,22299.247,11506.691,2301278.963,0.79,9.0,30.0,30.0,self_collected_rtthread,STM32F407/ADS1292R/MPU6050 live log,4.348290198,4.060950451,4.453484249,1.937937414,0.009753086,0.111111111,26.7,1.0,0.093773505,-0.031657507,0.080562716,0.494209968,-0.535635817,-0.551766626,0.170916637,0.762809328
local_logged,similarity_matching_dataset_20260718,self_collected_matching_unit,legacy_rtthread_features,subject_03,session_20260717_230038,session_20260717_230038_w018,window_5s,FatiguedSquat,low,,,5.0,82.0,20904.683,11980.024,2289032.183,1.085,11.61,30.0,30.0,self_collected_rtthread,STM32F407/ADS1292R/MPU6050 live log,4.320243586,4.078457688,4.445838046,1.744961696,0.013231707,0.141585366,25.0,1.0,0.057437734,-0.008217009,0.070623247,0.205300924,-0.456603454,-0.418016956,0.0741158,0.762809328
local_logged,similarity_matching_dataset_20260718,self_collected_matching_unit,legacy_rtthread_features,subject_03,session_20260717_230038,session_20260717_230038_w019,window_5s,FatiguedSquat,low,,,5.0,81.0,37962.617,19248.395,3515754.469,3.691,18.926,29.407,30.0,self_collected_rtthread,STM32F407/ADS1292R/MPU6050 live log,4.579356143,4.284394522,4.637533519,1.972248439,0.045567901,0.233654321,23.7,1.0,0.393130851,0.267512504,0.319812433,0.545577909,0.278057159,-0.013931855,9.163e-05,0.762809328
local_logged,similarity_matching_dataset_20260718,self_collected_matching_unit,legacy_rtthread_features,subject_03,session_20260717_230038,session_20260717_230038_w020,window_5s,FatiguedSquat,low,,,5.0,81.0,33602.679,17203.914,3260709.296,3.074,16.543,28.667,30.0,self_collected_rtthread,STM32F407/ADS1292R/MPU6050 live log,4.526373903,4.235627263,4.604827063,1.953199661,0.037950617,0.204234568,26.1,1.0,0.324489742,0.202217858,0.277296587,0.517059481,0.104996639,-0.14305338,0.136751636,0.762809328
local_logged,similarity_matching_dataset_20260718,self_collected_matching_unit,legacy_rtthread_features,subject_03,session_20260717_230038,session_20260717_230038_w021,window_5s,FatiguedSquat,low,,,5.0,82.0,27626.61,16769.854,3124813.427,3.5,17.927,28.134,30.0,self_collected_rtthread,STM32F407/ADS1292R/MPU6050 live log,4.441327597,4.224529282,4.58101024,1.647397169,0.042682927,0.218621951,24.0,1.0,0.214308051,0.187358735,0.246336572,0.059234494,0.21251213,-0.079908022,0.017174131,0.762809328
local_logged,similarity_matching_dataset_20260718,self_collected_matching_unit,legacy_rtthread_features,subject_03,session_20260717_230038,session_20260717_230038_w022,window_5s,FatiguedSquat,low,,,5.0,81.0,34015.543,16098.247,3022039.79,2.074,15.049,29.889,30.0,self_collected_rtthread,STM32F407/ADS1292R/MPU6050 live log,4.531677408,4.206778587,4.571815159,2.112996713,0.025604938,0.185790123,27.1,1.0,0.331360694,0.16359227,0.234383683,0.756295868,-0.175490424,-0.224004938,0.193693305,0.762809328
local_logged,similarity_matching_dataset_20260718,self_collected_matching_unit,legacy_rtthread_features,subject_03,session_20260717_230038,session_20260717_230038_w023,window_5s,FatiguedSquat,low,,,5.0,81.0,37087.63,21539.901,3883656.827,4.049,21.0,27.37,30.0,self_collected_rtthread,STM32F407/ADS1292R/MPU6050 live log,4.569229082,4.333243703,4.680755828,1.721810606,0.049987654,0.259259259,23.0,1.0,0.380010743,0.332916835,0.375998068,0.170640816,0.378471525,0.098446677,-0.039767538,0.762809328
local_logged,similarity_matching_dataset_20260718,self_collected_matching_unit,legacy_rtthread_features,subject_03,session_20260717_230038,session_20260717_230038_w024,window_5s,FatiguedSquat,low,,,5.0,82.0,36396.098,22212.939,4041374.622,4.354,29.683,29.671,30.0,self_collected_rtthread,STM32F407/ADS1292R/MPU6050 live log,4.561054826,4.346606024,4.692715258,1.638508889,0.053097561,0.361987805,39.0,1.0,0.369420591,0.350807691,0.391544395,0.045927615,0.449126909,0.549316081,0.871299165,0.762809328
local_logged,similarity_matching_dataset_20260718,self_collected_matching_unit,legacy_rtthread_features,subject_03,session_20260717_230038,session_20260717_230038_w025,window_5s,Rest,low,,,5.0,81.0,21174.753,15969.444,3312245.494,3.889,26.506,30.0,30.0,self_collected_rtthread,STM32F407/ADS1292R/MPU6050 live log,4.325818353,4.203289796,4.611637499,1.325954304,0.048012346,0.327234568,1.8,1.0,0.06466012,0.158921116,0.286149623,-0.422006109,0.33359361,0.396786216,-1.24693092,0.762809328
local_logged,similarity_matching_dataset_20260718,self_collected_matching_unit,legacy_rtthread_features,subject_03,session_20260717_230038,session_20260717_230038_w026,window_5s,Rest,low,,,5.0,82.0,21167.598,14602.305,2960029.366,2.634,18.805,30.0,30.0,self_collected_rtthread,STM32F407/ADS1292R/MPU6050 live log,4.325671579,4.164421415,4.557482167,1.44960662,0.032121951,0.229329268,10.3,1.0,0.064469967,0.106880111,0.21575191,-0.236882961,-0.027427459,-0.032914252,-0.762926734,0.762809328
local_logged,similarity_matching_dataset_20260718,self_collected_matching_unit,legacy_rtthread_features,subject_03,session_20260717_230038,session_20260717_230038_w027,window_5s,Rest,low,,,5.0,81.0,23182.185,13045.531,2547930.741,1.148,12.654,30.0,30.0,self_collected_rtthread,STM32F407/ADS1292R/MPU6050 live log,4.365154367,4.115461761,4.4977026,1.777021188,0.01417284,0.156222222,9.3,1.0,0.115621869,0.041327868,0.138043128,0.253298036,-0.435221428,-0.353776676,-0.819868403,0.762809328
local_logged,similarity_matching_dataset_20260718,self_collected_matching_unit,legacy_rtthread_features,subject_03,session_20260717_230038,session_20260717_230038_w028,window_5s,Rest,low,,,5.0,82.0,22047.049,12352.695,2391360.256,1.061,10.451,30.0,30.0,self_collected_rtthread,STM32F407/ADS1292R/MPU6050 live log,4.343350467,4.091761718,4.464831155,1.784796678,0.012939024,0.12745122,11.5,1.0,0.08737384,0.009595801,0.09531281,0.264938927,-0.463253051,-0.480050872,-0.694596731,0.762809328
local_logged,similarity_matching_dataset_20260718,self_collected_matching_unit,legacy_rtthread_features,subject_03,session_20260717_230038,session_20260717_230038_w029,window_5s,Rest,low,,,5.0,82.0,14052.927,9455.11,1928736.073,1.402,9.037,30.0,30.0,self_collected_rtthread,STM32F407/ADS1292R/MPU6050 live log,4.14776679,3.975666586,4.371458951,1.486278531,0.017097561,0.110207317,8.0,1.0,-0.166014475,-0.145844357,-0.026063783,-0.181980474,-0.368773369,-0.555733324,-0.893892572,0.762809328
local_logged,similarity_matching_dataset_20260718,self_collected_matching_unit,legacy_rtthread_features,subject_01,session_20260717_232313,session_20260717_232313_w001,window_5s,unmarked,medium,,,5.0,83.0,73074.843,26786.916,6317237.072,0.651,8.723,12.976,53.0,self_collected_rtthread,STM32F407/ADS1292R/MPU6050 live log,4.863767891,4.427922716,4.881449083,2.728005083,0.007843373,0.105096386,19.6,0.458,0.761600319,0.45968288,0.636883669,1.677041141,-0.57902345,-0.578164892,-0.233369212,-0.511146685
local_logged,similarity_matching_dataset_20260718,self_collected_matching_unit,legacy_rtthread_features,subject_01,session_20260717_232313,session_20260717_232313_w002,window_5s,unmarked,none,,,5.0,82.0,5807.195,4522.085,952806.646,0.0,0.0,0.0,0.0,self_collected_rtthread,STM32F407/ADS1292R/MPU6050 live log,3.763966409,3.655338721,4.065190925,1.284185282,0.0,0.0,0.6,0.0,-0.663246827,-0.574732402,-0.424188364,-0.484539615,-0.757220588,-1.039426604,-1.315260922,-1.587663021
local_logged,similarity_matching_dataset_20260718,self_collected_matching_unit,legacy_rtthread_features,subject_01,session_20260717_232313,session_20260717_232313_w003,window_5s,unmarked,medium,,,5.0,81.0,106106.062,59089.025,9052950.654,7.346,17.506,12.395,70.0,self_collected_rtthread,STM32F407/ADS1292R/MPU6050 live log,5.025740197,4.771506824,5.048305134,1.795698304,0.090691358,0.216123457,22.0,0.63,0.971443443,0.919708786,0.85378354,0.28126004,1.303237381,-0.090873761,-0.096709207,-0.106865441
local_logged,similarity_matching_dataset_20260718,self_collected_matching_unit,legacy_rtthread_features,subject_01,session_20260717_232313,session_20260717_232313_w004,window_5s,Squat,medium,,,5.0,81.0,180052.025,114717.568,15148435.963,11.543,30.815,31.173,70.0,self_collected_rtthread,STM32F407/ADS1292R/MPU6050 live log,5.25539801,5.059629931,5.271882776,1.569524425,0.142506173,0.380432099,12.3,1.0,1.268976484,1.305477774,1.144417062,-0.057350848,2.480441591,0.630266977,-0.649043396,0.762809328
local_logged,similarity_matching_dataset_20260718,self_collected_matching_unit,legacy_rtthread_features,subject_01,session_20260717_232313,session_20260717_232313_w005,window_5s,Squat,medium,,,5.0,81.0,122720.543,82224.062,11796561.938,13.222,30.309,21.074,70.0,self_collected_rtthread,STM32F407/ADS1292R/MPU6050 live log,5.088917268,4.914998928,5.163270433,1.492513749,0.163234568,0.374185185,12.9,0.926,1.053292459,1.111830842,1.003229475,-0.172645565,2.95137937,0.602849647,-0.614878394,0.588874374
local_logged,similarity_matching_dataset_20260718,self_collected_matching_unit,legacy_rtthread_features,subject_01,session_20260717_232313,session_20260717_232313_w006,window_5s,Squat,medium,,,5.0,81.0,72467.852,39276.16,5974579.519,4.074,19.309,9.58,70.0,self_collected_rtthread,STM32F407/ADS1292R/MPU6050 live log,4.860145389,4.594129021,4.867822327,1.845084957,0.050296296,0.238382716,13.4,0.63,0.756907189,0.682217056,0.619169947,0.355198102,0.385483703,0.006820786,-0.58640756,-0.106865441
local_logged,similarity_matching_dataset_20260718,self_collected_matching_unit,legacy_rtthread_features,subject_01,session_20260717_232313,session_20260717_232313_w007,window_5s,Squat,high,,,5.0,82.0,114739.244,50400.061,7923091.573,2.402,14.402,18.402,89.0,self_collected_rtthread,STM32F407/ADS1292R/MPU6050 live log,5.059711984,4.702431062,4.985080823,2.276569546,0.029292683,0.175634146,13.9,0.622,1.015455571,0.827223019,0.77159686,1.001185076,-0.091706878,-0.26857891,-0.557936725,-0.12566922
local_logged,similarity_matching_dataset_20260718,self_collected_matching_unit,legacy_rtthread_features,subject_01,session_20260717_232313,session_20260717_232313_w008,window_5s,Squat,medium,,,5.0,81.0,81000.605,31643.42,4857144.765,1.296,11.815,17.173,60.0,self_collected_rtthread,STM32F407/ADS1292R/MPU6050 live log,4.908488263,4.500283416,4.777896029,2.559793,0.016,0.145864198,15.2,0.481,0.81953777,0.556566863,0.502272764,1.425206389,-0.393709353,-0.39923742,-0.483912556,-0.457085821
local_logged,similarity_matching_dataset_20260718,self_collected_matching_unit,legacy_rtthread_features,subject_01,session_20260717_232313,session_20260717_232313_w009,window_5s,Squat,medium,,,5.0,81.0,76168.642,33118.642,4830408.037,2.284,12.728,9.938,57.0,self_collected_rtthread,STM32F407/ADS1292R/MPU6050 live log,4.881776213,4.520072521,4.775498799,2.299872138,0.028197531,0.157135802,11.9,0.543,0.78493099,0.583062561,0.499156551,1.036072002,-0.116588132,-0.349767028,-0.671820063,-0.311356535
local_logged,similarity_matching_dataset_20260718,self_collected_matching_unit,legacy_rtthread_features,subject_01,session_20260717_232313,session_20260717_232313_w010,window_5s,Squat,medium,,,5.0,81.0,73995.889,32695.457,4793845.346,2.593,13.469,10.679,57.0,self_collected_rtthread,STM32F407/ADS1292R/MPU6050 live log,4.869207592,4.514487412,4.772199,2.263185647,0.032012346,0.166283951,12.9,0.605,0.768647721,0.57558464,0.49486707,0.981147687,-0.029917625,-0.309616353,-0.614878394,-0.16562725
local_logged,similarity_matching_dataset_20260718,self_collected_matching_unit,legacy_rtthread_features,subject_01,session_20260717_232313,session_20260717_232313_w011,window_5s,Squat,medium,,,5.0,82.0,76342.049,31511.122,4718916.354,1.634,11.317,14.049,52.0,self_collected_rtthread,STM32F407/ADS1292R/MPU6050 live log,4.882763812,4.498463867,4.760028427,2.422701705,0.019926829,0.138012195,20.2,0.512,0.786210473,0.554130662,0.479046273,1.21996339,-0.30449395,-0.433699388,-0.199204211,-0.384221178
local_logged,similarity_matching_dataset_20260718,self_collected_matching_unit,legacy_rtthread_features,subject_01,session_20260717_232313,session_20260717_232313_w012,window_5s,Squat,low,,,5.0,81.0,73876.395,34359.346,5380278.346,3.765,16.58,10.185,34.0,self_collected_rtthread,STM32F407/ADS1292R/MPU6050 live log,4.868505695,4.536044889,4.822319725,2.150110628,0.046481481,0.204691358,16.9,0.568,0.767738378,0.604448018,0.560020109,0.81186009,0.298813196,-0.141048556,-0.387111719,-0.252594727
local_logged,similarity_matching_dataset_20260718,self_collected_matching_unit,legacy_rtthread_features,subject_01,session_20260717_232313,session_20260717_232313_w013,window_5s,Squat,medium,,,5.0,81.0,78282.593,35902.605,5622531.123,4.395,16.741,12.716,58.0,self_collected_rtthread,STM32F407/ADS1292R/MPU6050 live log,4.893665203,4.555125961,4.841446849,2.180415404,0.054259259,0.206679012,16.5,0.642,0.800333764,0.629995729,0.58488388,0.85723017,0.475520051,-0.132324862,-0.409888386,-0.078659773
local_logged,similarity_matching_dataset_20260718,self_collected_matching_unit,legacy_rtthread_features,subject_01,session_20260717_232313,session_20260717_232313_w014,window_5s,Squat,low,,,5.0,81.0,47733.864,26746.37,4075552.259,3.259,14.543,4.444,15.0,self_collected_rtthread,STM32F407/ADS1292R/MPU6050 live log,4.678826591,4.427264848,4.701701447,1.784685698,0.040234568,0.17954321,16.2,0.519,0.52199973,0.458802059,0.403225741,0.264772776,0.156886755,-0.251422263,-0.426970887,-0.367767872
local_logged,similarity_matching_dataset_20260718,self_collected_matching_unit,legacy_rtthread_features,subject_01,session_20260717_232313,session_20260717_232313_w015,window_5s,FatiguedSquat,medium,,,5.0,81.0,54101.432,26715.605,3892959.358,2.198,12.012,10.593,59.0,self_collected_rtthread,STM32F407/ADS1292R/MPU6050 live log,4.733208761,4.426765014,4.681794851,2.025087285,0.027135802,0.148296296,16.7,0.432,0.592454517,0.458132829,0.377348717,0.624684341,-0.140710033,-0.388563088,-0.398500052,-0.572258966
local_logged,similarity_matching_dataset_20260718,self_collected_matching_unit,legacy_rtthread_features,subject_01,session_20260717_232313,session_20260717_232313_w016,window_5s,FatiguedSquat,low,,,5.0,82.0,46060.427,25380.268,3677401.183,2.305,13.317,7.683,30.0,self_collected_rtthread,STM32F407/ADS1292R/MPU6050 live log,4.66332796,4.404496204,4.651727159,1.814812476,0.028109756,0.162402439,14.5,0.512,0.501920488,0.428317046,0.338263059,0.309876371,-0.118582331,-0.326652075,-0.523771724,-0.384221178
local_logged,similarity_matching_dataset_20260718,self_collected_matching_unit,legacy_rtthread_features,subject_01,session_20260717_232313,session_20260717_232313_w017,window_5s,FatiguedSquat,low,,,5.0,81.0,61264.235,31330.111,4190928.605,1.852,12.432,10.741,30.0,self_collected_rtthread,STM32F407/ADS1292R/MPU6050 live log,4.787207015,4.495961934,4.713825244,1.955442641,0.022864198,0.153481481,16.5,0.593,0.662411923,0.550780816,0.418985733,0.520417505,-0.237758535,-0.365805623,-0.409888386,-0.193832918
local_logged,similarity_matching_dataset_20260718,self_collected_matching_unit,legacy_rtthread_features,subject_01,session_20260717_232313,session_20260717_232313_w018,window_5s,FatiguedSquat,low,,,5.0,81.0,65488.63,36239.568,5003382.123,4.358,14.951,1.481,30.0,self_collected_rtthread,STM32F407/ADS1292R/MPU6050 live log,4.816165905,4.559183012,4.790778654,1.807102943,0.053802469,0.184580247,15.2,0.605,0.699929595,0.635427728,0.519019173,0.298334226,0.465142032,-0.229315011,-0.483912556,-0.16562725
local_logged,similarity_matching_dataset_20260718,self_collected_matching_unit,legacy_rtthread_features,subject_01,session_20260717_232313,session_20260717_232313_w019,window_5s,Rest,low,,,5.0,82.0,28516.634,18359.341,3002343.976,2.305,11.537,0.146,4.0,self_collected_rtthread,STM32F407/ADS1292R/MPU6050 live log,4.455098262,4.263857088,4.563646595,1.553249324,0.028109756,0.140695122,42.8,0.195,0.232148628,0.240014865,0.223765186,-0.081716731,-0.118582331,-0.421924183,1.087677507,-1.129320913
local_logged,similarity_matching_dataset_20260718,self_collected_matching_unit,legacy_rtthread_features,subject_01,session_20260717_232313,session_20260717_232313_w020,window_5s,Rest,none,,,5.0,83.0,7545.289,5819.819,1074846.145,0.0,0.723,0.0,0.0,self_collected_rtthread,STM32F407/ADS1292R/MPU6050 live log,3.877675879,3.764909478,4.112268211,1.296481729,0.0,0.008710843,0.7,0.0,-0.515930592,-0.428027751,-0.362991559,-0.466130279,-0.757220588,-1.001195238,-1.309566756,-1.587663021
local_logged,similarity_matching_dataset_20260718,self_collected_matching_unit,legacy_rtthread_features,subject_01,session_20260717_232313,session_20260717_232313_w021,window_5s,Rest,none,,,5.0,83.0,7450.12,5628.048,1118442.036,0.096,0.59,0.0,0.0,self_collected_rtthread,STM32F407/ADS1292R/MPU6050 live log,3.872163268,3.750357793,4.129535389,1.323748483,0.001156627,0.007108434,0.0,0.0,-0.523072452,-0.44751105,-0.340545572,-0.425308502,-0.730942656,-1.008228115,-1.349425924,-1.587663021
local_logged,similarity_matching_dataset_20260718,self_collected_matching_unit,legacy_rtthread_features,subject_01,session_20260717_232313,session_20260717_232313_w022,window_5s,Rest,none,,,5.0,83.0,6194.12,4781.759,932329.976,0.0,0.084,0.0,0.0,self_collected_rtthread,STM32F407/ADS1292R/MPU6050 live log,3.791979615,3.679587684,4.050491555,1.295364321,0.0,0.001012048,0.0,0.0,-0.626954335,-0.542265385,-0.4432964,-0.46780318,-0.757220588,-1.034984786,-1.349425924,-1.587663021
local_logged,similarity_matching_dataset_20260718,self_collected_matching_unit,legacy_rtthread_features,subject_01,session_20260717_232313,session_20260717_232313_w023,window_5s,unmarked,none,,,5.0,29.0,5645.414,4348.724,836593.552,0.0,0.0,0.0,0.0,self_collected_rtthread,STM32F407/ADS1292R/MPU6050 live log,3.751695796,3.638361845,4.460116515,1.29817712,0.0,0.0,0.0,0.0,-0.679144012,-0.597462798,0.089184145,-0.463592064,-0.757220588,-1.039426604,-1.349425924,-1.587663021
local_logged,similarity_matching_dataset_20260718,self_collected_matching_unit,legacy_rtthread_features,subject_01,session_20260717_232756,session_20260717_232756_w001,window_5s,unmarked,low,,,5.0,82.0,44282.476,27978.378,5121624.89,6.439,24.39,0.829,15.0,self_collected_rtthread,STM32F407/ADS1292R/MPU6050 live log,4.646231896,4.446822533,4.795593915,1.582739214,0.07852439,0.297439024,42.7,0.329,0.479771692,0.484987908,0.525278637,-0.037566638,1.026810534,0.266015367,1.08198334,-0.814357618
local_logged,similarity_matching_dataset_20260718,self_collected_matching_unit,legacy_rtthread_features,subject_01,session_20260717_232756,session_20260717_232756_w002,window_5s,unmarked,low,,,5.0,82.0,18546.183,10367.512,1751715.61,0.463,1.707,1.098,30.0,self_collected_rtthread,STM32F407/ADS1292R/MPU6050 live log,4.268254541,4.015674547,4.329649748,1.788874997,0.005646341,0.020817073,14.4,0.11,-0.009916642,-0.092277565,-0.080412491,0.271044687,-0.628938814,-0.948061723,-0.529465891,-1.329111062
local_logged,similarity_matching_dataset_20260718,self_collected_matching_unit,legacy_rtthread_features,subject_01,session_20260717_232756,session_20260717_232756_w003,window_5s,Squat,medium,,,5.0,82.0,47292.329,23880.598,6054387.854,2.232,7.549,9.659,70.0,self_collected_rtthread,STM32F407/ADS1292R/MPU6050 live log,4.674790702,4.378045198,4.868256387,1.980366195,0.027219512,0.092060976,5.8,0.232,0.516771036,0.392901706,0.619734192,0.557731216,-0.138808187,-0.635376522,-1.019164244,-1.042353436
local_logged,similarity_matching_dataset_20260718,self_collected_matching_unit,legacy_rtthread_features,subject_01,session_20260717_232756,session_20260717_232756_w004,window_5s,Squat,low,,,5.0,81.0,77111.198,28767.037,4745378.728,1.543,10.815,12.593,30.0,self_collected_rtthread,STM32F407/ADS1292R/MPU6050 live log,4.88711745,4.458895132,4.76778586,2.680540161,0.019049383,0.133518519,24.5,0.58,0.791850826,0.501151951,0.489130331,1.605980152,-0.324429042,-0.453421862,0.045644965,-0.224389059
local_logged,similarity_matching_dataset_20260718,self_collected_matching_unit,legacy_rtthread_features,subject_01,session_20260717_232756,session_20260717_232756_w005,window_5s,Squat,low,,,5.0,81.0,63490.432,30242.469,4467872.346,1.877,15.346,11.481,35.0,self_collected_rtthread,STM32F407/ADS1292R/MPU6050 live log,4.802708282,4.480617244,4.741615737,2.099379915,0.02317284,0.18945679,14.1,0.617,0.68249458,0.530235759,0.45511121,0.7359098,-0.230746358,-0.207912158,-0.546548392,-0.137421582
local_logged,similarity_matching_dataset_20260718,self_collected_matching_unit,legacy_rtthread_features,subject_01,session_20260717_232756,session_20260717_232756_w006,window_5s,Squat,low,,,5.0,82.0,58156.012,27083.378,4165761.573,2.012,14.695,10.427,30.0,self_collected_rtthread,STM32F407/ADS1292R/MPU6050 live log,4.764594617,4.432702831,4.705880557,2.147295363,0.024536585,0.179207317,14.9,0.561,0.633116444,0.466082992,0.408658259,0.807645282,-0.199762819,-0.252896478,-0.500995056,-0.269048033
local_logged,similarity_matching_dataset_20260718,self_collected_matching_unit,legacy_rtthread_features,subject_01,session_20260717_232756,session_20260717_232756_w007,window_5s,Squat,low,,,5.0,81.0,58912.272,27928.444,4143577.753,2.136,12.914,9.42,32.0,self_collected_rtthread,STM32F407/ADS1292R/MPU6050 live log,4.770205772,4.44604674,4.708890474,2.109400438,0.02637037,0.159432099,12.9,0.58,0.640385973,0.483949197,0.412570917,0.750911789,-0.158100228,-0.339688719,-0.614878394,-0.224389059
local_logged,similarity_matching_dataset_20260718,self_collected_matching_unit,legacy_rtthread_features,subject_01,session_20260717_232756,session_20260717_232756_w008,window_5s,Squat,low,,,5.0,81.0,54305.123,25069.815,3531271.012,1.605,9.333,11.58,39.0,self_collected_rtthread,STM32F407/ADS1292R/MPU6050 live log,4.734840802,4.399151129,4.63944603,2.166155714,0.019814815,0.115222222,13.3,0.531,0.594568907,0.421160507,0.322298548,0.835881612,-0.307038847,-0.533723208,-0.592101727,-0.339562204
local_logged,similarity_matching_dataset_20260718,self_collected_matching_unit,legacy_rtthread_features,subject_01,session_20260717_232756,session_20260717_232756_w009,window_5s,Squat,low,,,5.0,81.0,74562.481,31898.852,4813670.321,1.988,14.704,13.963,40.0,self_collected_rtthread,STM32F407/ADS1292R/MPU6050 live log,4.87252035,4.503775054,4.773991324,2.337465969,0.02454321,0.181530864,12.3,0.63,0.772939562,0.561241828,0.497196951,1.092354719,-0.199612303,-0.24269857,-0.649043396,-0.106865441
local_logged,similarity_matching_dataset_20260718,self_collected_matching_unit,legacy_rtthread_features,subject_01,session_20260717_232756,session_20260717_232756_w010,window_5s,Squat,low,,,5.0,81.0,61936.012,26418.284,3997478.556,1.099,11.321,11.938,35.0,self_collected_rtthread,STM32F407/ADS1292R/MPU6050 live log,4.791943238,4.421904605,4.693301124,2.34443736,0.013567901,0.139765432,14.8,0.469,0.668547933,0.451625212,0.392305976,1.102791773,-0.44896531,-0.426004536,-0.506689223,-0.485291489
local_logged,similarity_matching_dataset_20260718,self_collected_matching_unit,legacy_rtthread_features,subject_01,session_20260717_232756,session_20260717_232756_w011,window_5s,Squat,low,,,5.0,82.0,52822.561,27366.098,3875684.5,1.732,14.439,8.756,30.0,self_collected_rtthread,STM32F407/ADS1292R/MPU6050 live log,4.722819453,4.437212878,4.674534564,1.930218952,0.021121951,0.176085366,13.6,0.524,0.578994656,0.472121509,0.367910909,0.482654454,-0.277341433,-0.266598533,-0.575019226,-0.35601551
local_logged,similarity_matching_dataset_20260718,self_collected_matching_unit,legacy_rtthread_features,subject_01,session_20260717_232756,session_20260717_232756_w012,window_5s,Squat,low,,,5.0,81.0,61966.938,29172.531,4335137.321,1.914,13.556,9.593,30.0,self_collected_rtthread,STM32F407/ADS1292R/MPU6050 live log,4.792160037,4.46497411,4.72851784,2.124153643,0.02362963,0.167358025,12.9,0.593,0.668828807,0.509291115,0.438084964,0.772999202,-0.22036834,-0.304902307,-0.614878394,-0.193832918
local_logged,similarity_matching_dataset_20260718,self_collected_matching_unit,legacy_rtthread_features,subject_01,session_20260717_232756,session_20260717_232756_w013,window_5s,Squat,low,,,5.0,81.0,71325.16,31388.593,4446221.37,2.16,11.247,11.284,43.0,self_collected_rtthread,STM32F407/ADS1292R/MPU6050 live log,4.853242755,4.496771849,4.739506063,2.272327403,0.026666667,0.138851852,11.9,0.568,0.747964486,0.551865214,0.452368798,0.994834052,-0.151368523,-0.430014184,-0.671820063,-0.252594727
local_logged,similarity_matching_dataset_20260718,self_collected_matching_unit,legacy_rtthread_features,subject_01,session_20260717_232756,session_20260717_232756_w014,window_5s,Squat,low,,,5.0,81.0,49907.531,27088.099,3938632.84,2.42,13.123,5.741,30.0,self_collected_rtthread,STM32F407/ADS1292R/MPU6050 live log,4.698166085,4.432778528,4.686860479,1.842415409,0.029876543,0.162012346,10.7,0.531,0.547054999,0.466184343,0.383933639,0.351201451,-0.078441899,-0.32836417,-0.740150066,-0.339562204
local_logged,similarity_matching_dataset_20260718,self_collected_matching_unit,legacy_rtthread_features,subject_01,session_20260717_232756,session_20260717_232756_w015,window_5s,Squat,low,,,5.0,82.0,53264.89,28592.61,3878171.183,2.402,14.037,6.951,30.0,self_collected_rtthread,STM32F407/ADS1292R/MPU6050 live log,4.726441034,4.456253801,4.674813123,1.862890096,0.029292683,0.171182927,12.2,0.598,0.583686593,0.497615464,0.368273014,0.381854646,-0.091706878,-0.288115042,-0.654737563,-0.182080556
local_logged,similarity_matching_dataset_20260718,self_collected_matching_unit,legacy_rtthread_features,subject_01,session_20260717_232756,session_20260717_232756_w016,window_5s,Squat,low,,,5.0,81.0,68537.198,34931.0,5371075.481,3.173,14.889,7.136,30.0,self_collected_rtthread,STM32F407/ADS1292R/MPU6050 live log,4.835926345,4.543211019,4.821576237,1.962073745,0.03917284,0.183814815,13.4,0.617,0.725530221,0.614042773,0.559053632,0.530345106,0.132764876,-0.232674446,-0.58640756,-0.137421582
local_logged,similarity_matching_dataset_20260718,self_collected_matching_unit,legacy_rtthread_features,subject_01,session_20260717_232756,session_20260717_232756_w017,window_5s,FatiguedSquat,low,,,5.0,81.0,63982.333,31443.951,4585898.321,2.938,13.926,7.84,40.0,self_collected_rtthread,STM32F407/ADS1292R/MPU6050 live log,4.806060072,4.497537111,4.752939402,2.034805772,0.036271605,0.171925926,14.1,0.593,0.686836989,0.552889826,0.469831092,0.639234145,0.066850406,-0.284854064,-0.546548392,-0.193832918
local_logged,similarity_matching_dataset_20260718,self_collected_matching_unit,legacy_rtthread_features,subject_01,session_20260717_232756,session_20260717_232756_w018,window_5s,FatiguedSquat,low,,,5.0,81.0,54145.012,28744.407,4132871.037,2.457,15.877,6.852,30.0,self_collected_rtthread,STM32F407/ADS1292R/MPU6050 live log,4.733558454,4.458553354,4.707766835,1.883671213,0.030333333,0.196012346,12.2,0.605,0.592907562,0.500694344,0.411110273,0.412966605,-0.06806388,-0.179140217,-0.654737563,-0.16562725
local_logged,similarity_matching_dataset_20260718,self_collected_matching_unit,legacy_rtthread_features,subject_01,session_20260717_232756,session_20260717_232756_w019,window_5s,FatiguedSquat,low,,,5.0,82.0,55755.549,30262.268,4497215.317,3.671,16.707,7.866,30.0,self_collected_rtthread,STM32F407/ADS1292R/MPU6050 live log,4.746288096,4.480901473,4.739129829,1.842411448,0.044768293,0.203743902,15.7,0.659,0.609399442,0.530616315,0.451879723,0.351195521,0.259890503,-0.145206883,-0.455441721,-0.038701743
local_logged,similarity_matching_dataset_20260718,self_collected_matching_unit,legacy_rtthread_features,subject_01,session_20260717_232756,session_20260717_232756_w020,window_5s,FatiguedSquat,low,,,5.0,81.0,53108.432,30196.531,4272369.642,3.012,18.617,3.333,30.0,self_collected_rtthread,STM32F407/ADS1292R/MPU6050 live log,4.725163479,4.479957054,4.722183802,1.758759375,0.037185185,0.229839506,10.6,0.605,0.582031457,0.529351829,0.429851208,0.225957794,0.087606444,-0.030674848,-0.745844233,-0.16562725
local_logged,similarity_matching_dataset_20260718,self_collected_matching_unit,legacy_rtthread_features,subject_01,session_20260717_232756,session_20260717_232756_w021,window_5s,FatiguedSquat,medium,,,5.0,81.0,65051.704,32516.012,4910456.086,3.605,18.63,9.407,54.0,self_collected_rtthread,STM32F407/ADS1292R/MPU6050 live log,4.813258677,4.512097275,4.782636813,2.00060524,0.044506173,0.23,11.5,0.667,0.696163138,0.572384478,0.508435414,0.588031625,0.25393528,-0.02997045,-0.694596731,-0.019897964
local_logged,similarity_matching_dataset_20260718,self_collected_matching_unit,legacy_rtthread_features,subject_01,session_20260717_232756,session_20260717_232756_w022,window_5s,FatiguedSquat,medium,,,5.0,81.0,133758.481,99796.617,20183795.407,29.506,49.259,25.642,70.0,self_collected_rtthread,STM32F407/ADS1292R/MPU6050 live log,5.126321328,4.999115819,5.396517816,1.340310774,0.364271605,0.608135802,28.5,0.802,1.101751266,1.224455228,1.306432907,-0.400512658,7.518830713,1.629644822,0.273411641,0.297415803
local_logged,similarity_matching_dataset_20260718,self_collected_matching_unit,legacy_rtthread_features,subject_01,session_20260717_232756,session_20260717_232756_w023,window_5s,FatiguedSquat,medium,,,5.0,81.0,138577.914,102649.309,20029255.049,25.642,36.593,27.778,70.0,self_collected_rtthread,STM32F407/ADS1292R/MPU6050 live log,5.14169402,5.01135603,5.393179778,1.350013121,0.316567901,0.451765432,43.0,0.506,1.121667348,1.240843687,1.302093717,-0.385987018,6.435028692,0.943344681,1.099065841,-0.398324012
local_logged,similarity_matching_dataset_20260718,self_collected_matching_unit,legacy_rtthread_features,subject_01,session_20260717_232756,session_20260717_232756_w024,window_5s,FatiguedSquat,none,,,5.0,83.0,6673.434,4859.807,826875.506,0.0,0.277,0.0,0.0,self_collected_rtthread,STM32F407/ADS1292R/MPU6050 live log,3.82434937,3.686619022,3.998362035,1.3731891,0.0,0.003337349,1.1,0.0,-0.585017718,-0.532851103,-0.511060716,-0.351289648,-0.757220588,-1.02477918,-1.286790088,-1.587663021
local_logged,similarity_matching_dataset_20260718,self_collected_matching_unit,legacy_rtthread_features,subject_01,session_20260717_232756,session_20260717_232756_w025,window_5s,FatiguedSquat,none,,,5.0,82.0,4722.171,3521.829,636610.854,0.0,0.159,0.0,0.0,self_collected_rtthread,STM32F407/ADS1292R/MPU6050 live log,3.67414171,3.546768265,3.890060187,1.340829154,0.0,0.001939024,0.5,0.0,-0.779619162,-0.720097747,-0.651844684,-0.399736578,-0.757220588,-1.030916344,-1.320955089,-1.587663021
local_logged,similarity_matching_dataset_20260718,self_collected_matching_unit,legacy_rtthread_features,subject_01,session_20260717_232756,session_20260717_232756_w026,window_5s,FatiguedSquat,none,,,5.0,83.0,3137.12,2380.627,459435.313,0.0,0.0,0.0,0.0,self_collected_rtthread,STM32F407/ADS1292R/MPU6050 live log,3.496531131,3.376691355,3.74314628,1.317770487,0.0,0.0,0.0,0.0,-1.00972244,-0.947814288,-0.842821321,-0.434258317,-0.757220588,-1.039426604,-1.349425924,-1.587663021
local_logged,similarity_matching_dataset_20260718,self_collected_matching_unit,legacy_rtthread_features,subject_11,session_20260717_211628,session_20260717_211628_seg1,marked_segment,Squat,medium,,,66.035,1073.0,55443.651,36146.77,6559992.464,0.0,0.0,28.452,70,self_collected_rtthread,STM32F407/ADS1292R/MPU6050 live log,4.743851821,4.558069496,3.786303619,1.533848004,0.0,0.0,0.0,0,0.606243127,0.633936837,-0.786720141,-0.11076296,-0.757220588,-1.039426604,-1.349425924,-1.587663021
local_logged,similarity_matching_dataset_20260718,self_collected_matching_unit,legacy_rtthread_features,subject_11,session_20260717_211628,session_20260717_211628_seg2,marked_segment,FatiguedSquat,medium,,,49.397,803.0,61482.265,38002.462,6894780.831,0.0,0.0,31.94,70,self_collected_rtthread,STM32F407/ADS1292R/MPU6050 live log,4.788749858,4.579811733,3.93380492,1.617849522,0.0,0.0,0.0,0,0.664410752,0.663047591,-0.594979938,0.014997931,-0.757220588,-1.039426604,-1.349425924,-1.587663021
local_logged,similarity_matching_dataset_20260718,self_collected_matching_unit,legacy_rtthread_features,subject_11,session_20260717_211628,session_20260717_211628_seg3,marked_segment,Rest,low,,,19.155,313.0,22007.911,18868.272,5535382.799,0.0,0.0,9.511,35,self_collected_rtthread,STM32F407/ADS1292R/MPU6050 live log,4.342578821,4.275732128,4.247603322,1.166397803,0.0,0.0,0.0,0,0.086374134,0.255914396,-0.187066455,-0.66088236,-0.757220588,-1.039426604,-1.349425924,-1.587663021
local_logged,similarity_matching_dataset_20260718,self_collected_matching_unit,legacy_rtthread_features,subject_11,session_20260717_212206,session_20260717_212206_seg1,marked_segment,Squat,medium,,,114.432,1859.0,68489.801,43723.39,7782550.039,0.0,0.0,31.117,70,self_collected_rtthread,STM32F407/ADS1292R/MPU6050 live log,4.835625904,4.640713827,3.621842532,1.566433916,0.0,0.0,0.0,0,0.725140985,0.744589607,-1.000506746,-0.06197773,-0.757220588,-1.039426604,-1.349425924,-1.587663021
local_logged,similarity_matching_dataset_20260718,self_collected_matching_unit,legacy_rtthread_features,subject_11,session_20260717_212206,session_20260717_212206_seg2,marked_segment,FatiguedSquat,medium,,,52.05,846.0,61590.93,40841.318,7264555.541,0.0,0.0,29.378,70,self_collected_rtthread,STM32F407/ADS1292R/MPU6050 live log,4.789516762,4.611099749,3.933838685,1.508054417,0.0,0.0,0.0,0,0.665404314,0.70493922,-0.594936046,-0.14937922,-0.757220588,-1.039426604,-1.349425924,-1.587663021
local_logged,similarity_matching_dataset_20260718,self_collected_matching_unit,legacy_rtthread_features,subject_11,session_20260717_212206,session_20260717_212206_seg3,marked_segment,Rest,low,,,22.428,372.0,6779.36,4715.489,934934.629,0.0,0.0,19.677,30,self_collected_rtthread,STM32F407/ADS1292R/MPU6050 live log,3.831188697,3.673526736,3.400238306,1.437679104,0.0,0.0,0.0,0,-0.576157032,-0.550380408,-1.28857498,-0.25473996,-0.757220588,-1.039426604,-1.349425924,-1.587663021
local_logged,similarity_matching_dataset_20260718,self_collected_matching_unit,legacy_rtthread_features,subject_05,session_20260717_210343,session_20260717_210343_seg1,marked_segment,Squat,high,,,75.201,1225.0,32191.455,18383.654,3549666.848,0.0,0.0,58.422,100,self_collected_rtthread,STM32F407/ADS1292R/MPU6050 live log,4.507740607,4.264431838,3.462051506,1.751091214,0.0,0.0,0.0,0,0.300349386,0.2407844,-1.208222634,0.214477587,-0.757220588,-1.039426604,-1.349425924,-1.587663021
local_logged,similarity_matching_dataset_20260718,self_collected_matching_unit,legacy_rtthread_features,subject_05,session_20260717_210343,session_20260717_210343_seg2,marked_segment,FatiguedSquat,high,,,19.402,314.0,44805.417,21877.885,4311809.064,0.0,0.0,76.328,100,self_collected_rtthread,STM32F407/ADS1292R/MPU6050 live log,4.651330524,4.340005335,4.137729873,2.047977535,0.0,0.0,0.0,0,0.486377217,0.341970006,-0.329893381,0.658953939,-0.757220588,-1.039426604,-1.349425924,-1.587663021
local_logged,similarity_matching_dataset_20260718,self_collected_matching_unit,legacy_rtthread_features,subject_05,session_20260717_210343,session_20260717_210343_seg3,marked_segment,Rest,high,,,28.482,466.0,38262.146,27841.107,5506048.899,0.0,0.0,62.049,100,self_collected_rtthread,STM32F407/ADS1292R/MPU6050 live log,4.582769325,4.444686499,4.072454147,1.374304046,0.0,0.0,0.0,0,0.397552797,0.482127965,-0.414746741,-0.349620433,-0.757220588,-1.039426604,-1.349425924,-1.587663021
local_logged,similarity_matching_dataset_20260718,self_collected_matching_unit,legacy_rtthread_features,subject_04,session_20260717_204258,session_20260717_204258_seg1,marked_segment,Squat,high,,,99.937,1626.0,40790.053,28037.697,5054466.437,0.0,0.0,58.28,100,self_collected_rtthread,STM32F407/ADS1292R/MPU6050 live log,4.61055427,4.447742338,3.492554776,1.45482894,0.0,0.0,0.0,0,0.433549565,0.486219438,-1.168570759,-0.229064488,-0.757220588,-1.039426604,-1.349425924,-1.587663021
local_logged,similarity_matching_dataset_20260718,self_collected_matching_unit,legacy_rtthread_features,subject_04,session_20260717_204258,session_20260717_204258_seg2,marked_segment,FatiguedSquat,high,,,53.849,875.0,43552.512,28439.602,4914369.025,0.0,0.0,66.442,100,self_collected_rtthread,STM32F407/ADS1292R/MPU6050 live log,4.639013209,4.453923514,3.749459712,1.53140371,0.0,0.0,0.0,0,0.470419527,0.494495435,-0.834614351,-0.114422377,-0.757220588,-1.039426604,-1.349425924,-1.587663021
local_logged,similarity_matching_dataset_20260718,self_collected_matching_unit,legacy_rtthread_features,subject_04,session_20260717_204258,session_20260717_204258_seg3,marked_segment,Rest,medium,,,17.425,285.0,18058.435,13912.53,3223073.912,0.0,0.0,38.467,68,self_collected_rtthread,STM32F407/ADS1292R/MPU6050 live log,4.25668011,4.143406114,4.053425405,1.29799792,0.0,0.0,0.0,0,-0.024911889,0.078742655,-0.439482624,-0.463860349,-0.757220588,-1.039426604,-1.349425924,-1.587663021
local_logged,similarity_matching_dataset_20260718,self_collected_matching_unit,legacy_rtthread_features,subject_04,session_20260717_204821,session_20260717_204821_seg1,marked_segment,Squat,high,,,94.668,1527.0,45031.286,29716.557,5147770.219,0.0,0.0,65.316,100,self_collected_rtthread,STM32F407/ADS1292R/MPU6050 live log,4.65351435,4.47299849,3.527780116,1.515360141,0.0,0.0,0.0,0,0.489206471,0.520034984,-1.122780561,-0.138441628,-0.757220588,-1.039426604,-1.349425924,-1.587663021
local_logged,similarity_matching_dataset_20260718,self_collected_matching_unit,legacy_rtthread_features,subject_04,session_20260717_205428,session_20260717_205428_seg1,marked_segment,Squat,high,,,92.084,1496.0,39361.073,26954.03,4700558.575,0.0,0.0,68.721,100,self_collected_rtthread,STM32F407/ADS1292R/MPU6050 live log,4.595066929,4.430623707,3.497217875,1.460303821,0.0,0.0,0.0,0,0.41348495,0.463299246,-1.162509094,-0.220867899,-0.757220588,-1.039426604,-1.349425924,-1.587663021
local_logged,similarity_matching_dataset_20260718,self_collected_matching_unit,legacy_rtthread_features,subject_04,session_20260717_205428,session_20260717_205428_seg2,marked_segment,FatiguedSquat,high,,,47.993,779.0,44360.866,30119.512,5444905.37,0.0,0.0,71.759,100,self_collected_rtthread,STM32F407/ADS1292R/MPU6050 live log,4.647000016,4.478847931,3.844452879,1.472828179,0.0,0.0,0.0,0,0.48076683,0.52786682,-0.711130632,-0.202117351,-0.757220588,-1.039426604,-1.349425924,-1.587663021
local_logged,similarity_matching_dataset_20260718,self_collected_matching_unit,legacy_rtthread_features,subject_04,session_20260717_205428,session_20260717_205428_seg3,marked_segment,Rest,high,,,26.137,427.0,28621.82,21117.396,3891971.239,0.0,0.0,75.681,100,self_collected_rtthread,STM32F407/ADS1292R/MPU6050 live log,4.456697246,4.324640364,3.959741747,1.355366921,0.0,0.0,0.0,0,0.234220191,0.321397796,-0.561264083,-0.377971703,-0.757220588,-1.039426604,-1.349425924,-1.587663021
local_logged,similarity_matching_dataset_20260718,self_collected_matching_unit,legacy_rtthread_features,subject_07,session_20260717_114803,session_20260717_114803_seg1,marked_segment,Squat,none,,,26.586,430.0,10672.77,7638.837,1480408.5,0.0,0.0,0.0,0,self_collected_rtthread,STM32F407/ADS1292R/MPU6050 live log,4.02827715,3.883027243,3.536913114,1.397172109,0.0,0.0,0.0,0,-0.320819206,-0.269879482,-1.110908375,-0.315384052,-0.757220588,-1.039426604,-1.349425924,-1.587663021
local_logged,similarity_matching_dataset_20260718,self_collected_matching_unit,legacy_rtthread_features,subject_07,session_20260717_114803,session_20260717_114803_seg2,marked_segment,FatiguedSquat,none,,,36.754,595.0,12621.05,8988.339,1782561.373,0.0,0.0,0.0,0,self_collected_rtthread,STM32F407/ADS1292R/MPU6050 live log,4.101095487,3.953679444,3.476527526,1.40415821,0.0,0.0,0.0,0,-0.226479453,-0.175283015,-1.189404936,-0.304924976,-0.757220588,-1.039426604,-1.349425924,-1.587663021
local_logged,similarity_matching_dataset_20260718,self_collected_matching_unit,legacy_rtthread_features,subject_07,session_20260717_114803,session_20260717_114803_seg3,marked_segment,Rest,none,,,15.856,258.0,7257.403,5197.802,972909.477,0.0,0.0,0.0,0,self_collected_rtthread,STM32F407/ADS1292R/MPU6050 live log,3.86078124,3.715819732,3.576452728,1.396244605,0.0,0.0,0.0,0,-0.537818431,-0.493754175,-1.059509956,-0.316772643,-0.757220588,-1.039426604,-1.349425924,-1.587663021
local_logged,similarity_matching_dataset_20260718,self_collected_matching_unit,legacy_rtthread_features,subject_07,session_20260717_115240,session_20260717_115240_seg1,marked_segment,FatiguedSquat,medium,,,33.136,538.0,36178.221,24380.006,4551945.764,0.0,0.0,5.32,50,self_collected_rtthread,STM32F407/ADS1292R/MPU6050 live log,4.558447207,4.387033808,3.927414803,1.483929947,0.0,0.0,0.0,0,0.366042291,0.404936585,-0.603286592,-0.185496601,-0.757220588,-1.039426604,-1.349425924,-1.587663021
local_logged,similarity_matching_dataset_20260718,self_collected_matching_unit,legacy_rtthread_features,subject_07,session_20260717_115240,session_20260717_115240_seg2,marked_segment,Rest,medium,,,18.858,306.0,60603.765,44118.245,9175918.68,0.0,0.0,20.268,64,self_collected_rtthread,STM32F407/ADS1292R/MPU6050 live log,4.782499605,4.644618228,4.47692813,1.373666722,0.0,0.0,0.0,0,0.65631324,0.749817223,0.111037935,-0.350574588,-0.757220588,-1.039426604,-1.349425924,-1.587663021
local_logged,similarity_matching_dataset_20260718,self_collected_matching_unit,legacy_rtthread_features,subject_09,session_20260717_102113,session_20260717_102113_seg1,marked_segment,Squat,none,,,34.686,552.0,8065.837,6156.078,1335728.647,0.0,0.0,0.0,0,self_collected_rtthread,STM32F407/ADS1292R/MPU6050 live log,3.906649441,3.789304114,3.383779163,1.310223327,0.0,0.0,0.0,0,-0.478393911,-0.395365692,-1.309970584,-0.44555737,-0.757220588,-1.039426604,-1.349425924,-1.587663021
local_logged,similarity_matching_dataset_20260718,self_collected_matching_unit,legacy_rtthread_features,subject_09,session_20260717_102113,session_20260717_102113_seg2,marked_segment,FatiguedSquat,none,,,33.452,539.0,5761.141,4414.545,966618.51,0.0,0.0,0.0,0,self_collected_rtthread,STM32F407/ADS1292R/MPU6050 live log,3.760508504,3.644885948,3.253666342,1.305036193,0.0,0.0,0.0,0,-0.667726714,-0.588727655,-1.479107118,-0.453323165,-0.757220588,-1.039426604,-1.349425924,-1.587663021
local_logged,similarity_matching_dataset_20260718,self_collected_matching_unit,legacy_rtthread_features,subject_09,session_20260717_102113,session_20260717_102113_seg3,marked_segment,Rest,none,,,17.933,295.0,1109.342,884.136,267818.756,0.0,0.0,0.0,0,self_collected_rtthread,STM32F407/ADS1292R/MPU6050 live log,3.045065456,2.946519074,2.958018972,1.254718731,0.0,0.0,0.0,0,-1.594618523,-1.523773387,-1.863425673,-0.528654766,-0.757220588,-1.039426604,-1.349425924,-1.587663021
local_logged,similarity_matching_dataset_20260718,self_collected_matching_unit,legacy_rtthread_features,subject_09,session_20260717_102437,session_20260717_102437_seg1,marked_segment,Squat,none,,,53.342,855.0,6433.775,4818.754,958707.771,0.0,0.0,0.0,0,self_collected_rtthread,STM32F407/ADS1292R/MPU6050 live log,3.808465869,3.682934756,3.049720133,1.335153237,0.0,0.0,0.0,0,-0.605595578,-0.537783979,-1.744221306,-0.408234143,-0.757220588,-1.039426604,-1.349425924,-1.587663021
local_logged,similarity_matching_dataset_20260718,self_collected_matching_unit,legacy_rtthread_features,subject_09,session_20260717_102437,session_20260717_102437_seg2,marked_segment,FatiguedSquat,none,,,22.45,360.0,6208.164,4368.186,794678.575,0.0,0.0,0.0,0,self_collected_rtthread,STM32F407/ADS1292R/MPU6050 live log,3.792963181,3.640301123,3.343889004,1.421222448,0.0,0.0,0.0,0,-0.625680077,-0.594866292,-1.361824684,-0.279377654,-0.757220588,-1.039426604,-1.349425924,-1.587663021
local_logged,similarity_matching_dataset_20260718,self_collected_matching_unit,legacy_rtthread_features,subject_09,session_20260717_102437,session_20260717_102437_seg3,marked_segment,Rest,none,,,21.766,355.0,3906.775,3029.755,684848.665,0.0,0.0,0.0,0,self_collected_rtthread,STM32F407/ADS1292R/MPU6050 live log,3.5918184,3.481407511,3.28536626,1.28946895,0.0,0.0,0.0,0,-0.886273076,-0.807609478,-1.437899694,-0.476629296,-0.757220588,-1.039426604,-1.349425924,-1.587663021
local_logged,similarity_matching_dataset_20260718,self_collected_matching_unit,legacy_rtthread_features,subject_06,session_20260716_223833,session_20260716_223833_seg1,marked_segment,Squat,high,,,111.457,1802.0,41836.031,21397.396,4263790.835,0.0,0.0,34.942,100,self_collected_rtthread,STM32F407/ADS1292R/MPU6050 live log,4.621550476,4.330360924,3.374041105,1.955192632,0.0,0.0,0.0,0,0.447795693,0.329057072,-1.322629301,0.52004321,-0.757220588,-1.039426604,-1.349425924,-1.587663021
local_logged,similarity_matching_dataset_20260718,self_collected_matching_unit,legacy_rtthread_features,subject_06,session_20260716_223833,session_20260716_223833_seg2,marked_segment,FatiguedSquat,high,,,63.791,1034.0,39208.074,22059.761,4451878.038,0.0,0.0,37.364,100,self_collected_rtthread,STM32F407/ADS1292R/MPU6050 live log,4.593375509,4.343600803,3.634022719,1.777357153,0.0,0.0,0.0,0,0.411293632,0.34678399,-0.984673451,0.253801018,-0.757220588,-1.039426604,-1.349425924,-1.587663021
local_logged,similarity_matching_dataset_20260718,self_collected_matching_unit,legacy_rtthread_features,subject_06,session_20260716_223833,session_20260716_223833_seg3,marked_segment,Rest,low,,,18.302,302.0,2024.361,1581.0,355207.599,0.0,0.0,0.795,30,self_collected_rtthread,STM32F407/ADS1292R/MPU6050 live log,3.306287962,3.19893187,3.070475305,1.28043074,0.0,0.0,0.0,0,-1.256191863,-1.185817054,-1.717241199,-0.490160639,-0.757220588,-1.039426604,-1.349425924,-1.587663021
local_logged,similarity_matching_dataset_20260718,self_collected_matching_unit,legacy_rtthread_features,subject_06,session_20260716_224637,session_20260716_224637_seg1,marked_segment,Squat,high,,,50.501,820.0,40526.53,21496.044,4395870.595,0.0,0.0,36.565,93,self_collected_rtthread,STM32F407/ADS1292R/MPU6050 live log,4.60773942,4.332358542,3.729231047,1.885301779,0.0,0.0,0.0,0,0.429902788,0.33173169,-0.86091004,0.415407769,-0.757220588,-1.039426604,-1.349425924,-1.587663021
local_logged,similarity_matching_dataset_20260718,self_collected_matching_unit,legacy_rtthread_features,subject_06,session_20260716_224637,session_20260716_224637_seg2,marked_segment,FatiguedSquat,high,,,72.77,1185.0,30644.289,16251.644,3181891.88,0.0,0.0,35.429,100,self_collected_rtthread,STM32F407/ADS1292R/MPU6050 live log,4.486349549,4.2108973,3.428967068,1.885611634,0.0,0.0,0.0,0,0.272636214,0.169106829,-1.251229827,0.415871661,-0.757220588,-1.039426604,-1.349425924,-1.587663021
local_logged,similarity_matching_dataset_20260718,self_collected_matching_unit,legacy_rtthread_features,subject_06,session_20260716_224637,session_20260716_224637_seg3,marked_segment,Rest,low,,,27.318,449.0,7340.682,5673.216,1070045.354,0.0,0.0,28.931,30,self_collected_rtthread,STM32F407/ADS1292R/MPU6050 live log,3.865736411,3.753829319,3.377155845,1.293919005,0.0,0.0,0.0,0,-0.531398762,-0.442863013,-1.318580382,-0.469967001,-0.757220588,-1.039426604,-1.349425924,-1.587663021
local_logged,similarity_matching_dataset_20260718,self_collected_matching_unit,legacy_rtthread_features,subject_06,session_20260716_225515,session_20260716_225515_seg1,marked_segment,Squat,high,,,109.364,1774.0,40115.804,25704.969,5003116.35,0.0,0.0,41.561,100,self_collected_rtthread,STM32F407/ADS1292R/MPU6050 live log,4.603315501,4.410017084,3.450286987,1.560624485,0.0,0.0,0.0,0,0.424171383,0.43570897,-1.223515593,-0.070675183,-0.757220588,-1.039426604,-1.349425924,-1.587663021
local_logged,similarity_matching_dataset_20260718,self_collected_matching_unit,legacy_rtthread_features,subject_06,session_20260716_225515,session_20260716_225515_seg2,marked_segment,FatiguedSquat,medium,,,39.749,645.0,43260.625,24933.763,4771712.705,0.0,0.0,41.488,75,self_collected_rtthread,STM32F407/ADS1292R/MPU6050 live log,4.63609279,4.396787827,3.869114573,1.735021906,0.0,0.0,0.0,0,0.46663598,0.417996274,-0.679072351,0.190419802,-0.757220588,-1.039426604,-1.349425924,-1.587663021
local_logged,similarity_matching_dataset_20260718,self_collected_matching_unit,legacy_rtthread_features,subject_06,session_20260716_225515,session_20260716_225515_seg3,marked_segment,Rest,medium,,,26.449,433.0,9913.416,7068.005,1385946.06,0.0,0.0,30.508,53,self_collected_rtthread,STM32F407/ADS1292R/MPU6050 live log,3.996223331,3.849296848,3.505258432,1.402576257,0.0,0.0,0.0,0,-0.362346512,-0.31504122,-1.152056996,-0.307293359,-0.757220588,-1.039426604,-1.349425924,-1.587663021
local_logged,similarity_matching_dataset_20260718,self_collected_matching_unit,legacy_rtthread_features,subject_02,session_20260717_214547,session_20260717_214547_seg1,marked_segment,Squat,medium,,,104.325,1701.0,24510.281,17050.16,3565347.078,0.0,0.0,28.55,70,self_collected_rtthread,STM32F407/ADS1292R/MPU6050 live log,4.38934829,4.231728459,3.3213975,1.437539648,0.0,0.0,0.0,0,0.146966292,0.196997737,-1.391061888,-0.254948743,-0.757220588,-1.039426604,-1.349425924,-1.587663021
local_logged,similarity_matching_dataset_20260718,self_collected_matching_unit,legacy_rtthread_features,subject_02,session_20260717_214547,session_20260717_214547_seg2,marked_segment,FatiguedSquat,medium,,,46.764,761.0,29315.506,20868.124,4237729.493,0.0,0.0,30.808,70,self_collected_rtthread,STM32F407/ADS1292R/MPU6050 live log,4.467097395,4.319483409,3.745748574,1.404798342,0.0,0.0,0.0,0,0.247694098,0.314493131,-0.839438541,-0.303966617,-0.757220588,-1.039426604,-1.349425924,-1.587663021
local_logged,similarity_matching_dataset_20260718,self_collected_matching_unit,legacy_rtthread_features,subject_02,session_20260717_214547,session_20260717_214547_seg3,marked_segment,Rest,medium,,,22.72,372.0,20341.581,14539.118,3561158.78,0.0,0.0,32.755,70,self_collected_rtthread,STM32F407/ADS1292R/MPU6050 live log,4.308384704,4.162538061,3.981048398,1.399093191,0.0,0.0,0.0,0,0.042073967,0.104358482,-0.533567096,-0.312507949,-0.757220588,-1.039426604,-1.349425924,-1.587663021
local_logged,similarity_matching_dataset_20260718,self_collected_matching_unit,legacy_rtthread_features,subject_02,session_20260717_215104,session_20260717_215104_seg1,marked_segment,Squat,medium,,,13.839,225.0,37908.324,22487.551,4614285.516,0.0,0.0,36.227,70,self_collected_rtthread,STM32F407/ADS1292R/MPU6050 live log,4.578734584,4.351942161,4.311921946,1.685747105,0.0,0.0,0.0,0,0.39232559,0.357952262,-0.103457253,0.116649196,-0.757220588,-1.039426604,-1.349425924,-1.587663021
local_logged,similarity_matching_dataset_20260718,self_collected_matching_unit,legacy_rtthread_features,subject_02,session_20260717_215104,session_20260717_215104_seg2,marked_segment,Squat,medium,,,3.082,50.0,19285.42,12754.38,2478141.72,0.0,0.0,30.32,61,self_collected_rtthread,STM32F407/ADS1292R/MPU6050 live log,4.285229101,4.105659352,4.695156135,1.512062523,0.0,0.0,0.0,0,0.012074739,0.02820339,0.394717345,-0.143378579,-0.757220588,-1.039426604,-1.349425924,-1.587663021
local_logged,similarity_matching_dataset_20260718,self_collected_matching_unit,legacy_rtthread_features,subject_02,session_20260717_215417,session_20260717_215417_seg1,marked_segment,Squat,medium,,,97.297,1580.0,44614.541,29340.956,5178433.935,0.0,0.0,35.311,70,self_collected_rtthread,STM32F407/ADS1292R/MPU6050 live log,4.649476429,4.46747426,3.515541353,1.520555124,0.0,0.0,0.0,0,0.483975145,0.512638574,-1.138689999,-0.130664082,-0.757220588,-1.039426604,-1.349425924,-1.587663021
local_logged,similarity_matching_dataset_20260718,self_collected_matching_unit,legacy_rtthread_features,subject_02,session_20260717_215417,session_20260717_215417_seg2,marked_segment,FatiguedSquat,medium,,,35.904,583.0,40334.12,26306.978,4923716.256,0.0,0.0,34.269,70,self_collected_rtthread,STM32F407/ADS1292R/MPU6050 live log,4.605672586,4.420070962,3.926624463,1.533209934,0.0,0.0,0.0,0,0.427225103,0.449170141,-0.604313973,-0.111718231,-0.757220588,-1.039426604,-1.349425924,-1.587663021
local_logged,similarity_matching_dataset_20260718,self_collected_matching_unit,legacy_rtthread_features,subject_02,session_20260717_215417,session_20260717_215417_seg3,marked_segment,Rest,low,,,21.491,349.0,15674.367,12636.811,3174286.433,0.0,0.0,28.473,47,self_collected_rtthread,STM32F407/ADS1292R/MPU6050 live log,4.195190011,4.10163749,3.958820686,1.24037362,0.0,0.0,0.0,0,-0.10457535,0.022818505,-0.56246139,-0.550131211,-0.757220588,-1.039426604,-1.349425924,-1.587663021
local_logged,similarity_matching_dataset_20260718,self_collected_matching_unit,legacy_rtthread_features,subject_08,session_20260717_222159,session_20260717_222159_seg1,marked_segment,Squat,high,,,192.195,3126.0,34470.042,20533.375,3210128.976,0.0,0.0,44.083,100,self_collected_rtthread,STM32F407/ADS1292R/MPU6050 live log,4.537441813,4.312460339,3.011533508,1.678732405,0.0,0.0,0.0,0,0.338828766,0.30508992,-1.793860944,0.106147303,-0.757220588,-1.039426604,-1.349425924,-1.587663021
local_logged,similarity_matching_dataset_20260718,self_collected_matching_unit,legacy_rtthread_features,subject_08,session_20260717_222159,session_20260717_222159_seg2,marked_segment,FatiguedSquat,medium,,,35.008,569.0,29826.097,18541.682,2888135.304,0.0,0.0,41.431,70,self_collected_rtthread,STM32F407/ADS1292R/MPU6050 live log,4.474596426,4.268149128,3.705505269,1.60859716,0.0,0.0,0.0,0,0.257409463,0.245761492,-0.891751703,0.001145976,-0.757220588,-1.039426604,-1.349425924,-1.587663021
local_logged,similarity_matching_dataset_20260718,self_collected_matching_unit,legacy_rtthread_features,subject_08,session_20260717_222159,session_20260717_222159_seg3,marked_segment,Rest,medium,,,22.205,365.0,32828.463,24695.975,4925680.567,0.0,0.0,40.74,70,self_collected_rtthread,STM32F407/ADS1292R/MPU6050 live log,4.51625055,4.392626177,4.13017338,1.329304188,0.0,0.0,0.0,0,0.311374438,0.412424227,-0.339716234,-0.416990909,-0.757220588,-1.039426604,-1.349425924,-1.587663021
local_logged,similarity_matching_dataset_20260718,self_collected_matching_unit,legacy_rtthread_features,subject_08,session_20260717_222937,session_20260717_222937_seg1,marked_segment,Squat,high,,,45.648,743.0,34212.093,17753.179,2655527.07,0.0,0.0,43.328,100,self_collected_rtthread,STM32F407/ADS1292R/MPU6050 live log,4.534179644,4.249276132,3.553161919,1.927096719,0.0,0.0,0.0,0,0.334602465,0.220492374,-1.089786194,0.477980077,-0.757220588,-1.039426604,-1.349425924,-1.587663021
local_logged,similarity_matching_dataset_20260718,self_collected_matching_unit,legacy_rtthread_features,subject_08,session_20260717_222937,session_20260717_222937_seg2,marked_segment,FatiguedSquat,high,,,32.536,529.0,33713.006,18466.828,2749558.894,0.0,0.0,43.386,92,self_collected_rtthread,STM32F407/ADS1292R/MPU6050 live log,4.527797478,4.266392304,3.715807354,1.825598094,0.0,0.0,0.0,0,0.326334054,0.243409274,-0.878359795,0.326023805,-0.757220588,-1.039426604,-1.349425924,-1.587663021
local_logged,similarity_matching_dataset_20260718,self_collected_matching_unit,legacy_rtthread_features,subject_08,session_20260717_222937,session_20260717_222937_seg3,marked_segment,Rest,medium,,,13.867,228.0,10687.325,8100.092,1492741.039,0.0,0.0,43.89,50,self_collected_rtthread,STM32F407/ADS1292R/MPU6050 live log,4.028869016,3.908489952,3.816049626,1.319407854,0.0,0.0,0.0,0,-0.320052414,-0.235787376,-0.748052649,-0.431806972,-0.757220588,-1.039426604,-1.349425924,-1.587663021
local_logged,similarity_matching_dataset_20260718,self_collected_matching_unit,legacy_rtthread_features,subject_10,session_20260717_224040,session_20260717_224040_seg1,marked_segment,FatiguedSquat,low,,,32.314,530.0,3083.94,2299.296,412300.226,0.0,0.0,8.434,30,self_collected_rtthread,STM32F407/ADS1292R/MPU6050 live log,3.48910592,3.361594884,2.890937703,1.341254019,0.0,0.0,0.0,0,-1.019342168,-0.968027003,-1.950626098,-0.399100501,-0.757220588,-1.039426604,-1.349425924,-1.587663021
local_logged,similarity_matching_dataset_20260718,self_collected_matching_unit,legacy_rtthread_features,subject_10,session_20260717_224040,session_20260717_224040_seg2,marked_segment,Rest,none,,,14.953,248.0,810.351,635.819,123402.907,0.0,0.0,0.0,0,self_collected_rtthread,STM32F407/ADS1292R/MPU6050 live log,2.908673172,2.803333502,2.69687371,1.274499504,0.0,0.0,0.0,0,-1.771321464,-1.715485026,-2.202894175,-0.499040449,-0.757220588,-1.039426604,-1.349425924,-1.587663021
local_logged,similarity_matching_dataset_20260718,self_collected_matching_unit,legacy_rtthread_features,subject_10,session_20260717_224635,session_20260717_224635_seg1,marked_segment,Squat,low,,,44.189,724.0,3359.07,2525.42,468256.146,0.0,0.0,9.945,30,self_collected_rtthread,STM32F407/ADS1292R/MPU6050 live log,3.526219054,3.402333616,2.81074492,1.330103508,0.0,0.0,0.0,0,-0.971260269,-0.91348178,-2.054870471,-0.415794226,-0.757220588,-1.039426604,-1.349425924,-1.587663021
local_logged,similarity_matching_dataset_20260718,self_collected_matching_unit,legacy_rtthread_features,subject_10,session_20260717_224635,session_20260717_224635_seg2,marked_segment,FatiguedSquat,low,,,29.311,480.0,3882.838,2896.685,533885.562,0.0,0.0,11.438,30,self_collected_rtthread,STM32F407/ADS1292R/MPU6050 live log,3.589149271,3.46190127,3.046206939,1.340441919,0.0,0.0,0.0,0,-0.889731065,-0.833726449,-1.748788184,-0.400316318,-0.757220588,-1.039426604,-1.349425924,-1.587663021
local_logged,similarity_matching_dataset_20260718,self_collected_matching_unit,legacy_rtthread_features,subject_10,session_20260717_224635,session_20260717_224635_seg3,marked_segment,Rest,none,,,16.156,267.0,1254.015,966.88,184639.925,0.0,0.0,0.0,0,self_collected_rtthread,STM32F407/ADS1292R/MPU6050 live log,3.098302731,2.985372577,2.839814354,1.296970669,0.0,0.0,0.0,0,-1.525647003,-1.471752303,-2.01708247,-0.465398274,-0.757220588,-1.039426604,-1.349425924,-1.587663021
local_logged,similarity_matching_dataset_20260718,self_collected_matching_unit,legacy_rtthread_features,subject_03,session_20260717_225548,session_20260717_225548_seg1,marked_segment,Squat,low,,,33.745,549.0,44653.204,25323.315,4130237.321,0.0,0.0,27.475,44,self_collected_rtthread,STM32F407/ADS1292R/MPU6050 live log,4.649852626,4.403520557,3.876402662,1.763323799,0.0,0.0,0.0,0,0.484462527,0.427010749,-0.669598403,0.232791313,-0.757220588,-1.039426604,-1.349425924,-1.587663021
local_logged,similarity_matching_dataset_20260718,self_collected_matching_unit,legacy_rtthread_features,subject_03,session_20260717_225548,session_20260717_225548_seg2,marked_segment,FatiguedSquat,high,,,31.565,513.0,59673.579,28896.326,4374736.351,0.0,0.0,33.212,87,self_collected_rtthread,STM32F407/ADS1292R/MPU6050 live log,4.775782086,4.460842628,3.93083452,2.065092254,0.0,0.0,0.0,0,0.647610363,0.50375946,-0.598841226,0.684576837,-0.757220588,-1.039426604,-1.349425924,-1.587663021
local_logged,similarity_matching_dataset_20260718,self_collected_matching_unit,legacy_rtthread_features,subject_03,session_20260717_225548,session_20260717_225548_seg3,marked_segment,Rest,low,,,16.574,270.0,42980.074,32671.652,6177365.141,0.0,0.0,21.089,30,self_collected_rtthread,STM32F407/ADS1292R/MPU6050 live log,4.633267159,4.514171095,4.359439509,1.315515787,0.0,0.0,0.0,0,0.462975235,0.575161122,-0.041688122,-0.437633888,-0.757220588,-1.039426604,-1.349425924,-1.587663021
local_logged,similarity_matching_dataset_20260718,self_collected_matching_unit,legacy_rtthread_features,subject_03,session_20260717_230038,session_20260717_230038_seg1,marked_segment,Squat,low,,,63.576,1035.0,31521.737,16486.434,2999588.407,0.0,0.0,29.568,39,self_collected_rtthread,STM32F407/ADS1292R/MPU6050 live log,4.498610141,4.217126728,3.462121317,1.911980298,0.0,0.0,0.0,0,0.288520417,0.17744743,-1.208131886,0.455348884,-0.757220588,-1.039426604,-1.349425924,-1.587663021
local_logged,similarity_matching_dataset_20260718,self_collected_matching_unit,legacy_rtthread_features,subject_03,session_20260717_230038,session_20260717_230038_seg2,marked_segment,FatiguedSquat,low,,,34.422,560.0,33073.336,17895.993,3306885.048,0.0,0.0,29.004,30,self_collected_rtthread,STM32F407/ADS1292R/MPU6050 live log,4.519478003,4.252755801,3.771231071,1.848086105,0.0,0.0,0.0,0,0.315555763,0.225151315,-0.80631328,0.3596912,-0.757220588,-1.039426604,-1.349425924,-1.587663021
local_logged,similarity_matching_dataset_20260718,self_collected_matching_unit,legacy_rtthread_features,subject_03,session_20260717_230038,session_20260717_230038_seg3,marked_segment,Rest,low,,,27.275,445.0,20566.449,13210.679,2643725.236,0.0,0.0,30.0,30,self_collected_rtthread,STM32F407/ADS1292R/MPU6050 live log,4.313159313,4.12092514,3.773856306,1.556804839,0.0,0.0,0.0,0,0.048259708,0.048642804,-0.802900679,-0.076393676,-0.757220588,-1.039426604,-1.349425924,-1.587663021
local_logged,similarity_matching_dataset_20260718,self_collected_matching_unit,legacy_rtthread_features,subject_01,session_20260717_232313,session_20260717_232313_seg1,marked_segment,Squat,high,,,57.996,941.0,92903.145,48398.275,7111376.315,0.0,0.0,14.409,89,self_collected_rtthread,STM32F407/ADS1292R/MPU6050 live log,4.968030416,4.684829883,3.878364038,1.919554881,0.0,0.0,0.0,0,0.896677571,0.803656742,-0.667048766,0.466688992,-0.757220588,-1.039426604,-1.349425924,-1.587663021
local_logged,similarity_matching_dataset_20260718,self_collected_matching_unit,legacy_rtthread_features,subject_01,session_20260717_232313,session_20260717_232313_seg2,marked_segment,FatiguedSquat,medium,,,19.933,324.0,55308.003,29094.978,4059928.086,0.0,0.0,7.648,59,self_collected_rtthread,STM32F407/ADS1292R/MPU6050 live log,4.742787978,4.463818033,4.097973331,1.90094672,0.0,0.0,0.0,0,0.604864866,0.50774324,-0.381573789,0.438830223,-0.757220588,-1.039426604,-1.349425924,-1.587663021
local_logged,similarity_matching_dataset_20260718,self_collected_matching_unit,legacy_rtthread_features,subject_01,session_20260717_232313,session_20260717_232313_seg3,marked_segment,Rest,low,,,20.843,345.0,11926.449,8347.07,1483793.646,0.0,0.0,0.035,4,self_collected_rtthread,STM32F407/ADS1292R/MPU6050 live log,4.076511155,3.921534056,3.633554412,1.428818615,0.0,0.0,0.0,0,-0.25832967,-0.218322582,-0.985282214,-0.268005232,-0.757220588,-1.039426604,-1.349425924,-1.587663021
local_logged,similarity_matching_dataset_20260718,self_collected_matching_unit,legacy_rtthread_features,subject_01,session_20260717_232756,session_20260717_232756_seg1,marked_segment,Squat,low,,,70.812,1151.0,59787.442,28003.539,4176041.159,0.0,0.0,9.51,43,self_collected_rtthread,STM32F407/ADS1292R/MPU6050 live log,4.776609973,4.44721292,3.559689447,2.134995937,0.0,0.0,0.0,0,0.648682931,0.485510599,-1.081300915,0.789231487,-0.757220588,-1.039426604,-1.349425924,-1.587663021
local_logged,similarity_matching_dataset_20260718,self_collected_matching_unit,legacy_rtthread_features,subject_01,session_20260717_232756,session_20260717_232756_seg2,marked_segment,FatiguedSquat,medium,,,48.479,792.0,55679.616,35844.135,6357767.811,0.0,0.0,8.679,70,self_collected_rtthread,STM32F407/ADS1292R/MPU6050 live log,4.745696231,4.554418104,3.904579482,1.553381495,0.0,0.0,0.0,0,0.608632651,0.629047977,-0.632970731,-0.081518855,-0.757220588,-1.039426604,-1.349425924,-1.587663021
external_public,external_mat_bipolar_20260718,external_vl_vm_window,external_vl_vm_angle_features,ext_mat_01,ext_mat_01_trial_01,ext_mat_01_trial_01_w01,window_5s,stable squatting 1,unknown,stable,stable squatting 1,5.0,11710.0,0.108051,0.076441,613.614485,2859.0,5924.0,,,Mendeley 10.17632/37wyv32y8j.1,bipolar potential,-0.966371209,-1.11667364,-1.280661292,1.413521539,0.244150299,0.5058924,4.326417,0,-0.558440875,-0.494157162,1.393117751,-0.429827492,1.997559501,0.704363379,1.912307162,0.0
external_public,external_mat_bipolar_20260718,external_vl_vm_window,external_vl_vm_angle_features,ext_mat_01,ext_mat_01_trial_01,ext_mat_01_trial_01_w02,window_5s,stable squatting 1,unknown,stable,stable squatting 1,5.0,11710.0,0.14467,0.101808,658.271265,2422.5,5587.5,,,Mendeley 10.17632/37wyv32y8j.1,bipolar potential,-0.839621519,-0.992218094,-1.250151997,1.421008172,0.206874466,0.477156277,4.193271,0,0.352360578,0.453582123,1.612973187,-0.359721807,1.104798479,0.244179642,1.544402473,0.0
external_public,external_mat_bipolar_20260718,external_vl_vm_window,external_vl_vm_angle_features,ext_mat_01,ext_mat_01_trial_01,ext_mat_01_trial_01_w03,window_5s,stable squatting 1,unknown,stable,stable squatting 1,5.0,11709.0,0.115837,0.08146,617.578943,2830.0,5838.5,,,Mendeley 10.17632/37wyv32y8j.1,bipolar potential,-0.936152699,-1.089055594,-1.277827326,1.422010803,0.241694423,0.49863353,4.248997,0,-0.341295864,-0.283843455,1.413539817,-0.350333056,1.938740953,0.58811896,1.69838274,0.0
external_public,external_mat_bipolar_20260718,external_vl_vm_window,external_vl_vm_angle_features,ext_mat_01,ext_mat_01_trial_01,ext_mat_01_trial_01_w04,window_5s,stable squatting 1,unknown,stable,stable squatting 1,5.0,11709.0,0.106476,0.076869,613.727656,2813.5,5893.5,,,Mendeley 10.17632/37wyv32y8j.1,bipolar potential,-0.972748272,-1.114248769,-1.280544112,1.385161769,0.240285251,0.503330771,4.242194,0,-0.604265352,-0.475691568,1.393962171,-0.695391613,1.904991101,0.663341144,1.679584912,0.0
external_public,external_mat_bipolar_20260718,external_vl_vm_window,external_vl_vm_angle_features,ext_mat_01,ext_mat_01_trial_01,ext_mat_01_trial_01_w05,window_5s,stable squatting 1,unknown,stable,stable squatting 1,5.0,11709.0,0.123579,0.08811,620.838474,2620.5,5851.0,,,Mendeley 10.17632/37wyv32y8j.1,bipolar potential,-0.908055323,-1.054974799,-1.275541183,1.402553626,0.223802203,0.499701085,3.880862,0,-0.139392957,-0.02431538,1.430014172,-0.53253228,1.51021997,0.605214915,0.681164103,0.0
external_public,external_mat_bipolar_20260718,external_vl_vm_window,external_vl_vm_angle_features,ext_mat_01,ext_mat_01_trial_01,ext_mat_01_trial_01_w06,window_5s,stable squatting 1,unknown,stable,stable squatting 1,5.0,11709.0,0.102274,0.072769,622.842861,3061.0,6038.5,,,Mendeley 10.17632/37wyv32y8j.1,bipolar potential,-0.990234758,-1.138053593,-1.274141315,1.405461117,0.261422837,0.515714408,3.869633,0,-0.72992023,-0.656967274,1.440101871,-0.505306203,2.41123902,0.861654199,0.650136496,0.0
external_public,external_mat_bipolar_20260718,external_vl_vm_window,external_vl_vm_angle_features,ext_mat_01,ext_mat_01_trial_01,ext_mat_01_trial_01_w07,window_5s,stable squatting 1,unknown,stable,stable squatting 1,5.0,11709.0,0.118495,0.083075,616.289924,2783.0,5817.5,,,Mendeley 10.17632/37wyv32y8j.1,bipolar potential,-0.926299975,-1.08052965,-1.278734739,1.426361721,0.237680417,0.496840038,3.931086,0,-0.270495886,-0.218917686,1.407000836,-0.309590563,1.84260499,0.559397763,0.819941423,0.0
external_public,external_mat_bipolar_20260718,external_vl_vm_window,external_vl_vm_angle_features,ext_mat_01,ext_mat_01_trial_01,ext_mat_01_trial_01_w08,window_5s,stable squatting 1,unknown,stable,stable squatting 1,5.0,11709.0,0.113905,0.079955,608.202429,2829.0,5967.0,,,Mendeley 10.17632/37wyv32y8j.1,bipolar potential,-0.943457212,-1.097154372,-1.284471656,1.424613845,0.241609019,0.509607994,4.114194,0,-0.393784837,-0.34551632,1.365659586,-0.325957873,1.936695516,0.763865349,1.325899483,0.0
external_public,external_mat_bipolar_20260718,external_vl_vm_window,external_vl_vm_angle_features,ext_mat_01,ext_mat_01_trial_01,ext_mat_01_trial_01_w09,window_5s,stable squatting 1,unknown,stable,stable squatting 1,5.0,11709.0,0.104118,0.074389,613.255808,2969.0,6004.0,,,Mendeley 10.17632/37wyv32y8j.1,bipolar potential,-0.982474183,-1.128491279,-1.280878136,1.39964242,0.253565633,0.512767956,4.264683,0,-0.674154074,-0.584149461,1.391555134,-0.559793145,2.223057968,0.814469362,1.741725784,0.0
external_public,external_mat_bipolar_20260718,external_vl_vm_window,external_vl_vm_angle_features,ext_mat_01,ext_mat_01_trial_01,ext_mat_01_trial_01_w10,window_5s,stable squatting 1,unknown,stable,stable squatting 1,5.0,11709.0,0.117544,0.081012,618.46764,2847.0,5939.0,,,Mendeley 10.17632/37wyv32y8j.1,bipolar potential,-0.929799534,-1.091450646,-1.277202825,1.450945539,0.243146298,0.507216671,4.067544,0,-0.295643114,-0.302081975,1.418040083,-0.079384887,1.973513547,0.725570415,1.196997723,0.0
external_public,external_mat_bipolar_20260718,external_vl_vm_window,external_vl_vm_angle_features,ext_mat_01,ext_mat_01_trial_01,ext_mat_01_trial_01_w11,window_5s,stable squatting 1,unknown,stable,stable squatting 1,5.0,11709.0,0.101192,0.070906,596.222331,3008.5,6196.5,,,Mendeley 10.17632/37wyv32y8j.1,bipolar potential,-0.99485382,-1.149317014,-1.293111568,1.427128875,0.256939107,0.529208301,4.258181,0,-0.763112015,-0.742739157,1.303398835,-0.302406846,2.303853107,1.077747028,1.72375967,0.0
external_public,external_mat_bipolar_20260718,external_vl_vm_window,external_vl_vm_angle_features,ext_mat_01,ext_mat_01_trial_01,ext_mat_01_trial_01_w12,window_5s,stable squatting 1,unknown,stable,stable squatting 1,5.0,11709.0,0.103879,0.075229,604.956621,2884.0,6016.5,,,Mendeley 10.17632/37wyv32y8j.1,bipolar potential,-0.98347224,-1.123614711,-1.286795572,1.380837177,0.24630626,0.513835511,3.976839,0,-0.68132594,-0.547013992,1.348913032,-0.735887586,2.049195046,0.831565316,0.946364622,0.0
external_public,external_mat_bipolar_20260718,external_vl_vm_window,external_vl_vm_angle_features,ext_mat_01,ext_mat_01_trial_01,ext_mat_01_trial_01_w13,window_5s,stable squatting 1,unknown,stable,stable squatting 1,5.0,11709.0,0.115653,0.081422,613.983052,2847.0,5964.0,,,Mendeley 10.17632/37wyv32y8j.1,bipolar potential,-0.936843097,-1.089258234,-1.280363423,1.42041463,0.243146298,0.509351781,3.964956,0,-0.346256945,-0.285386576,1.395264248,-0.365279802,1.973513547,0.759762323,0.913529904,0.0
external_public,external_mat_bipolar_20260718,external_vl_vm_window,external_vl_vm_angle_features,ext_mat_01,ext_mat_01_trial_01,ext_mat_01_trial_01_w14,window_5s,stable squatting 1,unknown,stable,stable squatting 1,5.0,11709.0,0.095348,0.068073,601.904174,3152.0,6210.0,,,Mendeley 10.17632/37wyv32y8j.1,bipolar potential,-1.020688412,-1.167025109,-1.288992451,1.400672807,0.269194637,0.530361261,3.798336,0,-0.948754946,-0.877587766,1.333081929,-0.550144484,2.597374635,1.096210668,0.453130949,0.0
external_public,external_mat_bipolar_20260718,external_vl_vm_window,external_vl_vm_angle_features,ext_mat_01,ext_mat_01_trial_01,ext_mat_01_trial_01_w15,window_5s,stable squatting 1,unknown,stable,stable squatting 1,5.0,11709.0,0.118158,0.0801,611.39043,2936.0,5928.0,,,Mendeley 10.17632/37wyv32y8j.1,bipolar potential,-0.927536869,-1.096367484,-1.28220117,1.475131086,0.250747288,0.506277223,4.24862,0,-0.279383993,-0.339524103,1.382021115,0.147091333,2.155558241,0.710525981,1.697341026,0.0
external_public,external_mat_bipolar_20260718,external_vl_vm_window,external_vl_vm_angle_features,ext_mat_01,ext_mat_01_trial_01,ext_mat_01_trial_01_w16,window_5s,stable squatting 1,unknown,stable,stable squatting 1,5.0,11709.0,0.114198,0.079368,603.378294,2911.0,5958.0,,,Mendeley 10.17632/37wyv32y8j.1,bipolar potential,-0.942341502,-1.100354563,-1.287930123,1.438841851,0.248612179,0.508839354,4.306854,0,-0.385767537,-0.36988604,1.340737255,-0.192725202,2.104422104,0.751556256,1.858251317,0.0
external_public,external_mat_bipolar_20260718,external_vl_vm_window,external_vl_vm_angle_features,ext_mat_01,ext_mat_01_trial_01,ext_mat_01_trial_01_w17,window_5s,stable squatting 1,unknown,stable,stable squatting 1,5.0,11709.0,0.093817,0.067381,602.889785,3181.5,6113.0,,,Mendeley 10.17632/37wyv32y8j.1,bipolar potential,-1.027718459,-1.171462548,-1.28828188,1.392336118,0.271714066,0.522077035,4.125876,0,-0.999271653,-0.911379232,1.338202431,-0.628210191,2.657715286,0.963546075,1.358178804,0.0
external_public,external_mat_bipolar_20260718,external_vl_vm_window,external_vl_vm_angle_features,ext_mat_01,ext_mat_01_trial_01,ext_mat_01_trial_01_w18,window_5s,stable squatting 1,unknown,stable,stable squatting 1,5.0,11709.0,0.112127,0.080128,601.135308,2783.0,5985.5,,,Mendeley 10.17632/37wyv32y8j.1,bipolar potential,-0.950289797,-1.096215697,-1.289547569,1.399348542,0.237680417,0.511187975,3.768316,0,-0.442882617,-0.338368232,1.329081649,-0.562545053,1.84260499,0.789167355,0.370180663,0.0
external_public,external_mat_bipolar_20260718,external_vl_vm_window,external_vl_vm_angle_features,ext_mat_01,ext_mat_01_trial_02,ext_mat_01_trial_02_w01,window_5s,stable squatting 2,unknown,stable,stable squatting 2,5.0,11719.0,0.103786,0.074479,618.584713,2991.0,5982.0,,,Mendeley 10.17632/37wyv32y8j.1,bipolar potential,-0.983861226,-1.127966163,-1.277491371,1.393493468,0.255226555,0.51045311,3.139774,0,-0.684121127,-0.580150659,1.415960769,-0.617372633,2.262837265,0.777399139,-1.366586112,0.0
external_public,external_mat_bipolar_20260718,external_vl_vm_window,external_vl_vm_angle_features,ext_mat_01,ext_mat_01_trial_02,ext_mat_01_trial_02_w02,window_5s,stable squatting 2,unknown,stable,stable squatting 2,5.0,11719.0,0.092596,0.064522,598.42134,3289.0,6234.0,,,Mendeley 10.17632/37wyv32y8j.1,bipolar potential,-1.033407774,-1.190292179,-1.291883482,1.435107405,0.280655346,0.531956652,3.601474,0,-1.040154091,-1.05476843,1.312248643,-0.227694981,2.871860098,1.121759452,-0.090831716,0.0
external_public,external_mat_bipolar_20260718,external_vl_vm_window,external_vl_vm_angle_features,ext_mat_01,ext_mat_01_trial_02,ext_mat_01_trial_02_w03,window_5s,stable squatting 2,unknown,stable,stable squatting 2,5.0,11719.0,0.105257,0.074184,607.581069,3084.0,6053.5,,,Mendeley 10.17632/37wyv32y8j.1,bipolar potential,-0.977749012,-1.129689753,-1.285286321,1.418863906,0.263162386,0.516554314,3.967542,0,-0.640199809,-0.59327594,1.359788965,-0.379800958,2.452901444,0.875104555,0.920675455,0.0
external_public,external_mat_bipolar_20260718,external_vl_vm_window,external_vl_vm_angle_features,ext_mat_01,ext_mat_01_trial_02,ext_mat_01_trial_02_w04,window_5s,stable squatting 2,unknown,stable,stable squatting 2,5.0,11719.0,0.10925,0.077664,619.863779,2906.5,5978.0,,,Mendeley 10.17632/37wyv32y8j.1,bipolar potential,-0.961578554,-1.109780245,-1.276594295,1.406700659,0.248016042,0.510111784,4.131863,0,-0.524001681,-0.441663388,1.422425259,-0.49369899,2.090144546,0.771933103,1.374721888,0.0
external_public,external_mat_bipolar_20260718,external_vl_vm_window,external_vl_vm_angle_features,ext_mat_01,ext_mat_01_trial_02,ext_mat_01_trial_02_w05,window_5s,stable squatting 2,unknown,stable,stable squatting 2,5.0,11719.0,0.102673,0.072921,615.914996,2958.5,5998.0,,,Mendeley 10.17632/37wyv32y8j.1,bipolar potential,-0.988543748,-1.137147384,-1.279369776,1.408003182,0.252453281,0.511818415,4.482208,0,-0.717768924,-0.650066417,1.402424646,-0.481502016,2.196416994,0.799263298,2.342783777,0.0
external_public,external_mat_bipolar_20260718,external_vl_vm_window,external_vl_vm_angle_features,ext_mat_01,ext_mat_01_trial_02,ext_mat_01_trial_02_w06,window_5s,stable squatting 2,unknown,stable,stable squatting 2,5.0,11719.0,0.120224,0.08478,617.648227,2734.0,5867.5,,,Mendeley 10.17632/37wyv32y8j.1,bipolar potential,-0.920008827,-1.071706588,-1.278149355,1.4180703,0.233296356,0.500682652,3.92963,0,-0.225288779,-0.151729339,1.411219218,-0.387232375,1.737606162,0.620933847,0.815918251,0.0
external_public,external_mat_bipolar_20260718,external_vl_vm_window,external_vl_vm_angle_features,ext_mat_01,ext_mat_01_trial_02,ext_mat_01_trial_02_w07,window_5s,stable squatting 2,unknown,stable,stable squatting 2,5.0,11719.0,0.101388,0.07255,608.025233,2937.5,6016.5,,,Mendeley 10.17632/37wyv32y8j.1,bipolar potential,-0.994013444,-1.139362583,-1.284968951,1.397491385,0.250661319,0.513397048,3.976343,0,-0.757073217,-0.666935341,1.36207599,-0.579935682,2.153499272,0.824543717,0.944994091,0.0
external_public,external_mat_bipolar_20260718,external_vl_vm_window,external_vl_vm_angle_features,ext_mat_01,ext_mat_01_trial_02,ext_mat_01_trial_02_w08,window_5s,stable squatting 2,unknown,stable,stable squatting 2,5.0,11719.0,0.106589,0.075801,605.632598,2867.0,5923.0,,,Mendeley 10.17632/37wyv32y8j.1,bipolar potential,-0.972287612,-1.120325065,-1.286681311,1.406168784,0.244645448,0.505418551,4.004022,0,-0.600955129,-0.521963066,1.349736417,-0.498679528,2.009418383,0.696775104,1.021475802,0.0
external_public,external_mat_bipolar_20260718,external_vl_vm_window,external_vl_vm_angle_features,ext_mat_01,ext_mat_01_trial_02,ext_mat_01_trial_02_w09,window_5s,stable squatting 2,unknown,stable,stable squatting 2,5.0,11719.0,0.119575,0.083817,615.541888,2838.5,5887.0,,,Mendeley 10.17632/37wyv32y8j.1,bipolar potential,-0.92235961,-1.076667888,-1.279632942,1.426619898,0.242213499,0.502346617,3.527711,0,-0.242181101,-0.189510049,1.400528225,-0.307172964,1.95117289,0.647580783,-0.294651234,0.0
external_public,external_mat_bipolar_20260718,external_vl_vm_window,external_vl_vm_angle_features,ext_mat_01,ext_mat_01_trial_02,ext_mat_01_trial_02_w10,window_5s,stable squatting 2,unknown,stable,stable squatting 2,5.0,11719.0,0.09087,0.065377,593.781375,3256.5,6112.5,,,Mendeley 10.17632/37wyv32y8j.1,bipolar potential,-1.041579472,-1.184575012,-1.295263983,1.389938358,0.277882072,0.521588873,4.272608,0,-1.098874506,-1.01123173,1.287888148,-0.650663089,2.805439827,0.95572859,1.763623886,0.0
external_public,external_mat_bipolar_20260718,external_vl_vm_window,external_vl_vm_angle_features,ext_mat_01,ext_mat_01_trial_02,ext_mat_01_trial_02_w11,window_5s,stable squatting 2,unknown,stable,stable squatting 2,5.0,11719.0,0.116024,0.083107,610.8387,2643.0,5873.0,,,Mendeley 10.17632/37wyv32y8j.1,bipolar potential,-0.935452166,-1.080362395,-1.28296401,1.396079753,0.225531189,0.501151975,3.809962,0,-0.336261955,-0.217644025,1.376523953,-0.593154366,1.551629408,0.628449642,0.485255533,0.0
external_public,external_mat_bipolar_20260718,external_vl_vm_window,external_vl_vm_angle_features,ext_mat_01,ext_mat_01_trial_02,ext_mat_01_trial_02_w12,window_5s,stable squatting 2,unknown,stable,stable squatting 2,5.0,11719.0,0.120751,0.082108,603.627012,2857.5,5946.5,,,Mendeley 10.17632/37wyv32y8j.1,bipolar potential,-0.918109264,-1.085614526,-1.288121888,1.470636235,0.243834798,0.507423842,4.270775,0,-0.211638846,-0.257639438,1.339355362,0.105001036,1.990003211,0.728888076,1.758559,0.0
external_public,external_mat_bipolar_20260718,external_vl_vm_window,external_vl_vm_angle_features,ext_mat_01,ext_mat_01_trial_02,ext_mat_01_trial_02_w13,window_5s,stable squatting 2,unknown,stable,stable squatting 2,5.0,11719.0,0.109471,0.077183,599.43431,2917.5,5877.0,,,Mendeley 10.17632/37wyv32y8j.1,bipolar potential,-0.960700915,-1.112478345,-1.291148957,1.418330461,0.248954689,0.501493301,4.342777,0,-0.517695119,-0.462209643,1.317541761,-0.384796198,2.112625263,0.633915678,1.957512581,0.0
external_public,external_mat_bipolar_20260718,external_vl_vm_window,external_vl_vm_angle_features,ext_mat_01,ext_mat_01_trial_02,ext_mat_01_trial_02_w14,window_5s,stable squatting 2,unknown,stable,stable squatting 2,5.0,11719.0,0.119998,0.084099,600.448151,2620.0,5830.0,,,Mendeley 10.17632/37wyv32y8j.1,bipolar potential,-0.920825992,-1.075209168,-1.290415042,1.426865956,0.223568564,0.49748272,4.504607,0,-0.231160786,-0.178401775,1.322830484,-0.304868849,1.504624285,0.56968975,2.404675964,0.0
external_public,external_mat_bipolar_20260718,external_vl_vm_window,external_vl_vm_angle_features,ext_mat_01,ext_mat_01_trial_02,ext_mat_01_trial_02_w15,window_5s,stable squatting 2,unknown,stable,stable squatting 2,5.0,11718.0,0.096002,0.069387,592.603005,3010.5,6019.0,,,Mendeley 10.17632/37wyv32y8j.1,bipolar potential,-1.017719719,-1.158721889,-1.296089644,1.383573292,0.256912442,0.513654207,3.820671,0,-0.927422429,-0.814358059,1.281938287,-0.710266293,2.303214476,0.828661892,0.514846293,0.0
external_public,external_mat_bipolar_20260718,external_vl_vm_window,external_vl_vm_angle_features,ext_mat_01,ext_mat_01_trial_02,ext_mat_01_trial_02_w16,window_5s,stable squatting 2,unknown,stable,stable squatting 2,5.0,11718.0,0.116396,0.082231,609.50387,2755.0,5855.0,,,Mendeley 10.17632/37wyv32y8j.1,bipolar potential,-0.934061944,-1.084964428,-1.283877026,1.415475915,0.23510838,0.499658645,3.923734,0,-0.326272059,-0.252688888,1.369944597,-0.411526492,1.781004371,0.604535275,0.799626616,0.0
external_public,external_mat_bipolar_20260718,external_vl_vm_window,external_vl_vm_angle_features,ext_mat_01,ext_mat_01_trial_02,ext_mat_01_trial_02_w17,window_5s,stable squatting 2,unknown,stable,stable squatting 2,5.0,11718.0,0.114085,0.081211,589.243426,2693.0,5900.5,,,Mendeley 10.17632/37wyv32y8j.1,bipolar potential,-0.942771453,-1.090385142,-1.298558748,1.40479738,0.229817375,0.50354156,3.569636,0,-0.388857091,-0.293968074,1.264145482,-0.511521512,1.654284117,0.666716744,-0.17880544,0.0
external_public,external_mat_bipolar_20260718,external_vl_vm_window,external_vl_vm_angle_features,ext_mat_01,ext_mat_01_trial_02,ext_mat_01_trial_02_w18,window_5s,stable squatting 2,unknown,stable,stable squatting 2,5.0,11718.0,0.095314,0.06805,583.756088,3168.0,6126.0,,,Mendeley 10.17632/37wyv32y8j.1,bipolar potential,-1.020843304,-1.16717187,-1.302622071,1.400646583,0.270353303,0.522785458,4.236268,0,-0.949867973,-0.878705363,1.23486445,-0.550390049,2.625124836,0.974890846,1.663210382,0.0
external_public,external_mat_bipolar_20260718,external_vl_vm_window,external_vl_vm_angle_features,ext_mat_01,ext_mat_01_trial_03,ext_mat_01_trial_03_w01,window_5s,unstable BOSU squatting,unknown,unstable,unstable BOSU squatting,5.0,11662.0,0.097671,0.062699,295.541204,2176.5,5632.0,,,Mendeley 10.17632/37wyv32y8j.1,bipolar potential,-1.010234366,-1.202739386,-1.596154999,1.557776041,0.186631796,0.482936032,3.615863,0,-0.873633971,-1.149554942,-0.88038633,0.920988119,0.619983914,0.336737335,-0.0510725,0.0
external_public,external_mat_bipolar_20260718,external_vl_vm_window,external_vl_vm_angle_features,ext_mat_01,ext_mat_01_trial_03,ext_mat_01_trial_03_w02,window_5s,unstable BOSU squatting,unknown,unstable,unstable BOSU squatting,5.0,11662.0,0.109117,0.069111,304.671591,1926.0,5526.5,,,Mendeley 10.17632/37wyv32y8j.1,bipolar potential,-0.962107583,-1.160452823,-1.582941077,1.578865882,0.165151775,0.473889556,3.453749,0,-0.527803193,-0.827539264,-0.785164444,1.118475795,0.105534633,0.191865979,-0.499020622,0.0
external_public,external_mat_bipolar_20260718,external_vl_vm_window,external_vl_vm_angle_features,ext_mat_01,ext_mat_01_trial_03,ext_mat_01_trial_03_w03,window_5s,unstable BOSU squatting,unknown,unstable,unstable BOSU squatting,5.0,11662.0,0.107839,0.071206,305.561965,1827.5,5352.5,,,Mendeley 10.17632/37wyv32y8j.1,bipolar potential,-0.967224148,-1.14748341,-1.581673743,1.514465073,0.156705539,0.458969302,3.879453,0,-0.564569948,-0.728776111,-0.776031809,0.515419274,-0.096753812,-0.047068767,0.6772708,0.0
external_public,external_mat_bipolar_20260718,external_vl_vm_window,external_vl_vm_angle_features,ext_mat_01,ext_mat_01_trial_03,ext_mat_01_trial_03_w04,window_5s,unstable BOSU squatting,unknown,unstable,unstable BOSU squatting,5.0,11662.0,0.09304,0.059056,290.109473,2169.5,5560.5,,,Mendeley 10.17632/37wyv32y8j.1,bipolar potential,-1.031330298,-1.228735972,-1.604211127,1.575453807,0.186031555,0.476805008,3.957676,0,-1.025225706,-1.347521096,-0.938440229,1.086524736,0.605608064,0.238554378,0.893414045,0.0
external_public,external_mat_bipolar_20260718,external_vl_vm_window,external_vl_vm_angle_features,ext_mat_01,ext_mat_01_trial_03,ext_mat_01_trial_03_w05,window_5s,unstable BOSU squatting,unknown,unstable,unstable BOSU squatting,5.0,11662.0,0.102544,0.068239,291.5425,1864.0,5414.5,,,Mendeley 10.17632/37wyv32y8j.1,bipolar potential,-0.989089746,-1.165967346,-1.602071164,1.502718387,0.159835363,0.464285714,3.774048,0,-0.721692371,-0.869532813,-0.923019273,0.405421967,-0.021794122,0.038068895,0.386019138,0.0
external_public,external_mat_bipolar_20260718,external_vl_vm_window,external_vl_vm_angle_features,ext_mat_01,ext_mat_01_trial_03,ext_mat_01_trial_03_w06,window_5s,unstable BOSU squatting,unknown,unstable,unstable BOSU squatting,5.0,11662.0,0.111052,0.071271,304.098288,1968.5,5442.5,,,Mendeley 10.17632/37wyv32y8j.1,bipolar potential,-0.954473616,-1.147087148,-1.583759062,1.558165313,0.16879609,0.466686675,3.567622,0,-0.47294682,-0.725758543,-0.79105899,0.924633306,0.192816448,0.076518174,-0.184370459,0.0
external_public,external_mat_bipolar_20260718,external_vl_vm_window,external_vl_vm_angle_features,ext_mat_01,ext_mat_01_trial_03,ext_mat_01_trial_03_w07,window_5s,unstable BOSU squatting,unknown,unstable,unstable BOSU squatting,5.0,11662.0,0.098676,0.062673,279.631378,2115.5,5615.0,,,Mendeley 10.17632/37wyv32y8j.1,bipolar potential,-1.005788464,-1.202919516,-1.620187134,1.574457901,0.181401132,0.481478306,3.523976,0,-0.841686484,-1.150926647,-1.053566193,1.077198958,0.494708835,0.313393136,-0.304971664,0.0
external_public,external_mat_bipolar_20260718,external_vl_vm_window,external_vl_vm_angle_features,ext_mat_01,ext_mat_01_trial_03,ext_mat_01_trial_03_w08,window_5s,unstable BOSU squatting,unknown,unstable,unstable BOSU squatting,5.0,11662.0,0.092381,0.059996,274.296715,2115.0,5654.5,,,Mendeley 10.17632/37wyv32y8j.1,bipolar potential,-1.034417341,-1.221877704,-1.628552431,1.539785986,0.181358258,0.484865375,4.000894,0,-1.047408666,-1.295294818,-1.113848019,0.752527192,0.493681997,0.367634067,1.012832614,0.0
external_public,external_mat_bipolar_20260718,external_vl_vm_window,external_vl_vm_angle_features,ext_mat_01,ext_mat_01_trial_03,ext_mat_01_trial_03_w09,window_5s,unstable BOSU squatting,unknown,unstable,unstable BOSU squatting,5.0,11662.0,0.103065,0.064619,292.168917,2053.5,5566.5,,,Mendeley 10.17632/37wyv32y8j.1,bipolar potential,-0.986888792,-1.189639767,-1.601139026,1.594964329,0.17608472,0.477319499,3.775098,0,-0.705876695,-1.049800259,-0.91630212,1.269223489,0.36738008,0.246793499,0.388920464,0.0
external_public,external_mat_bipolar_20260718,external_vl_vm_window,external_vl_vm_angle_features,ext_mat_01,ext_mat_01_trial_03,ext_mat_01_trial_03_w10,window_5s,unstable BOSU squatting,unknown,unstable,unstable BOSU squatting,5.0,11662.0,0.118483,0.075155,299.837724,1856.0,5431.0,,,Mendeley 10.17632/37wyv32y8j.1,bipolar potential,-0.926343958,-1.124042121,-1.589886764,1.576515202,0.159149374,0.465700566,3.728218,0,-0.27081194,-0.550268755,-0.835216307,1.09646376,-0.038223648,0.060726506,0.259383176,0.0
external_public,external_mat_bipolar_20260718,external_vl_vm_window,external_vl_vm_angle_features,ext_mat_01,ext_mat_01_trial_03,ext_mat_01_trial_03_w11,window_5s,unstable BOSU squatting,unknown,unstable,unstable BOSU squatting,5.0,11662.0,0.120784,0.074246,303.745728,1944.0,5440.0,,,Mendeley 10.17632/37wyv32y8j.1,bipolar potential,-0.917990592,-1.129326939,-1.584262859,1.626808178,0.16669525,0.466472303,3.518791,0,-0.21078609,-0.590513081,-0.794689442,1.567412923,0.142501058,0.073085195,-0.319298687,0.0
external_public,external_mat_bipolar_20260718,external_vl_vm_window,external_vl_vm_angle_features,ext_mat_01,ext_mat_01_trial_03,ext_mat_01_trial_03_w12,window_5s,unstable BOSU squatting,unknown,unstable,unstable BOSU squatting,5.0,11662.0,0.107504,0.066109,295.229142,2054.5,5567.0,,,Mendeley 10.17632/37wyv32y8j.1,bipolar potential,-0.968575376,-1.179739412,-1.596613813,1.626162852,0.176170468,0.477362374,3.768618,0,-0.57427964,-0.974408236,-0.883692625,1.561370017,0.369433755,0.247480104,0.371015139,0.0
external_public,external_mat_bipolar_20260718,external_vl_vm_window,external_vl_vm_angle_features,ext_mat_01,ext_mat_01_trial_03,ext_mat_01_trial_03_w13,window_5s,unstable BOSU squatting,unknown,unstable,unstable BOSU squatting,5.0,11662.0,0.127523,0.082228,312.512225,1729.0,5229.0,,,Mendeley 10.17632/37wyv32y8j.1,bipolar potential,-0.894411479,-1.084980273,-1.571906026,1.550846427,0.148259304,0.448379352,3.304309,0,-0.041350643,-0.252809549,-0.705643893,0.856098423,-0.299042233,-0.216657503,-0.911948361,0.0
external_public,external_mat_bipolar_20260718,external_vl_vm_window,external_vl_vm_angle_features,ext_mat_01,ext_mat_01_trial_03,ext_mat_01_trial_03_w14,window_5s,unstable BOSU squatting,unknown,unstable,unstable BOSU squatting,5.0,11662.0,0.120003,0.073696,305.008327,1956.0,5474.0,,,Mendeley 10.17632/37wyv32y8j.1,bipolar potential,-0.920807897,-1.132556084,-1.582461341,1.628351607,0.167724233,0.469387755,3.588979,0,-0.231030759,-0.615103288,-0.781707381,1.581865769,0.167145334,0.119773595,-0.125357493,0.0
external_public,external_mat_bipolar_20260718,external_vl_vm_window,external_vl_vm_angle_features,ext_mat_01,ext_mat_01_trial_03,ext_mat_01_trial_03_w15,window_5s,unstable BOSU squatting,unknown,unstable,unstable BOSU squatting,5.0,11662.0,0.161487,0.095807,336.379726,1726.5,5155.0,,,Mendeley 10.17632/37wyv32y8j.1,bipolar potential,-0.791862433,-1.018602759,-1.539943225,1.685544898,0.148044932,0.442033956,3.743255,0,0.695549149,0.252660715,-0.475314232,2.117430269,-0.30417647,-0.318273439,0.300932924,0.0
external_public,external_mat_bipolar_20260718,external_vl_vm_window,external_vl_vm_angle_features,ext_mat_01,ext_mat_01_trial_03,ext_mat_01_trial_03_w16,window_5s,unstable BOSU squatting,unknown,unstable,unstable BOSU squatting,5.0,11662.0,0.142185,0.082366,323.120826,1918.5,5444.0,,,Mendeley 10.17632/37wyv32y8j.1,bipolar potential,-0.847146218,-1.084252024,-1.557408087,1.726258408,0.164508661,0.466815298,3.630737,0,0.298289386,-0.247263872,-0.601169152,2.498676221,0.090131969,0.078577958,-0.009973147,0.0
external_public,external_mat_bipolar_20260718,external_vl_vm_window,external_vl_vm_angle_features,ext_mat_01,ext_mat_01_trial_03,ext_mat_01_trial_03_w17,window_5s,unstable BOSU squatting,unknown,unstable,unstable BOSU squatting,5.0,11662.0,0.117937,0.071416,311.529103,2027.0,5449.0,,,Mendeley 10.17632/37wyv32y8j.1,bipolar potential,-0.928349924,-1.146204478,-1.573274412,1.651408648,0.173812382,0.46724404,3.83616,0,-0.285226466,-0.719036938,-0.715504727,1.79777453,0.31295729,0.085443884,0.557644993,0.0
external_public,external_mat_bipolar_20260718,external_vl_vm_window,external_vl_vm_angle_features,ext_mat_01,ext_mat_01_trial_03,ext_mat_01_trial_03_w18,window_5s,unstable BOSU squatting,unknown,unstable,unstable BOSU squatting,5.0,11662.0,0.130985,0.078902,308.635932,1867.5,5330.0,,,Mendeley 10.17632/37wyv32y8j.1,bipolar potential,-0.882778436,-1.102911988,-1.577326551,1.660097336,0.160135483,0.457039959,3.860743,0,0.042242402,-0.389361043,-0.744705166,1.879136396,-0.01460621,-0.077965499,0.625571938,0.0
external_public,external_mat_bipolar_20260718,external_vl_vm_window,external_vl_vm_angle_features,ext_mat_02,ext_mat_02_trial_01,ext_mat_02_trial_01_w01,window_5s,stable squatting 1,unknown,stable,stable squatting 1,5.0,11649.0,0.213122,0.138041,511.365205,1412.0,3781.0,,,Mendeley 10.17632/37wyv32y8j.1,bipolar potential,-0.671371717,-0.859991903,-1.357557471,1.543903623,0.121212121,0.324577217,3.665483,0,1.561374692,1.460495513,0.838990132,0.791085214,-0.946825764,-2.199239813,0.086035868,0.0
external_public,external_mat_bipolar_20260718,external_vl_vm_window,external_vl_vm_angle_features,ext_mat_02,ext_mat_02_trial_01,ext_mat_02_trial_01_w02,window_5s,stable squatting 1,unknown,stable,stable squatting 1,5.0,11649.0,0.200839,0.119572,449.593074,1652.0,4208.0,,,Mendeley 10.17632/37wyv32y8j.1,bipolar potential,-0.69715195,-0.922370507,-1.413469033,1.679649082,0.141814748,0.361232724,3.624026,0,1.376122376,0.98547728,0.436081416,2.062221176,-0.453390183,-1.612234106,-0.028516764,0.0
external_public,external_mat_bipolar_20260718,external_vl_vm_window,external_vl_vm_angle_features,ext_mat_02,ext_mat_02_trial_01,ext_mat_02_trial_01_w03,window_5s,stable squatting 1,unknown,stable,stable squatting 1,5.0,11649.0,0.196177,0.119845,448.7847,1671.0,4039.5,,,Mendeley 10.17632/37wyv32y8j.1,bipolar potential,-0.707351911,-0.92138008,-1.414250603,1.636922692,0.143445789,0.346767963,3.793578,0,1.302827212,0.993019463,0.430449283,1.662126386,-0.41432654,-1.843874532,0.439983798,0.0
external_public,external_mat_bipolar_20260718,external_vl_vm_window,external_vl_vm_angle_features,ext_mat_02,ext_mat_02_trial_01,ext_mat_02_trial_01_w04,window_5s,stable squatting 1,unknown,stable,stable squatting 1,5.0,11649.0,0.222422,0.144546,526.507136,1369.5,3690.5,,,Mendeley 10.17632/37wyv32y8j.1,bipolar potential,-0.652822258,-0.839993922,-1.344884384,1.538762747,0.117563739,0.31680831,3.534339,0,1.694667911,1.612781794,0.930314663,0.742945465,-1.034204985,-2.323652026,-0.27633696,0.0
external_public,external_mat_bipolar_20260718,external_vl_vm_window,external_vl_vm_angle_features,ext_mat_02,ext_mat_02_trial_01,ext_mat_02_trial_01_w05,window_5s,stable squatting 1,unknown,stable,stable squatting 1,5.0,11649.0,0.187548,0.107481,403.74592,1753.5,4330.5,,,Mendeley 10.17632/37wyv32y8j.1,bipolar potential,-0.726887563,-0.968668302,-1.460180499,1.744940966,0.150527942,0.371748648,3.914416,0,1.162447379,0.632915739,0.099470237,2.673621825,-0.244708059,-1.443830832,0.773879422,0.0
external_public,external_mat_bipolar_20260718,external_vl_vm_window,external_vl_vm_angle_features,ext_mat_02,ext_mat_02_trial_01,ext_mat_02_trial_01_w06,window_5s,stable squatting 1,unknown,stable,stable squatting 1,5.0,11649.0,0.218837,0.126803,459.49309,1666.5,4137.5,,,Mendeley 10.17632/37wyv32y8j.1,bipolar potential,-0.659879248,-0.896870471,-1.404009661,1.725803017,0.14305949,0.355180702,3.980694,0,1.643957596,1.179662165,0.504247342,2.494411887,-0.423578451,-1.709151916,0.957016632,0.0
external_public,external_mat_bipolar_20260718,external_vl_vm_window,external_vl_vm_angle_features,ext_mat_02,ext_mat_02_trial_01,ext_mat_02_trial_01_w07,window_5s,stable squatting 1,unknown,stable,stable squatting 1,5.0,11649.0,0.195837,0.12257,449.728931,1654.0,4151.5,,,Mendeley 10.17632/37wyv32y8j.1,bipolar potential,-0.708105252,-0.911615814,-1.413337819,1.597756384,0.141986437,0.356382522,3.81003,0,1.297413833,1.067375157,0.437026967,1.295368611,-0.449278209,-1.689905826,0.485443428,0.0
external_public,external_mat_bipolar_20260718,external_vl_vm_window,external_vl_vm_angle_features,ext_mat_02,ext_mat_02_trial_01,ext_mat_02_trial_01_w08,window_5s,stable squatting 1,unknown,stable,stable squatting 1,5.0,11649.0,0.147343,0.085726,354.875068,1961.5,4641.0,,,Mendeley 10.17632/37wyv32y8j.1,bipolar potential,-0.831670492,-1.06688744,-1.516213157,1.718766769,0.168383552,0.398403296,3.720737,0,0.409495289,-0.115031128,-0.304311118,2.428523658,0.18293611,-1.016980086,0.23871192,0.0
external_public,external_mat_bipolar_20260718,external_vl_vm_window,external_vl_vm_angle_features,ext_mat_02,ext_mat_02_trial_01,ext_mat_02_trial_01_w09,window_5s,stable squatting 1,unknown,stable,stable squatting 1,5.0,11648.0,0.198235,0.127726,472.046548,1422.5,3938.5,,,Mendeley 10.17632/37wyv32y8j.1,bipolar potential,-0.702819665,-0.893720688,-1.392266536,1.552033259,0.12212397,0.338126717,3.45229,0,1.335395151,1.203648023,0.588870401,0.867212053,-0.924986863,-1.982256487,-0.503052084,0.0
external_public,external_mat_bipolar_20260718,external_vl_vm_window,external_vl_vm_angle_features,ext_mat_02,ext_mat_02_trial_01,ext_mat_02_trial_01_w10,window_5s,stable squatting 1,unknown,stable,stable squatting 1,5.0,11648.0,0.167053,0.096709,381.854565,1947.0,4604.5,,,Mendeley 10.17632/37wyv32y8j.1,bipolar potential,-0.777145721,-1.014533107,-1.484353375,1.72737801,0.167153159,0.395303915,3.704779,0,0.801300908,0.283651452,-0.074723831,2.509160301,0.153468038,-1.066613947,0.194617294,0.0
external_public,external_mat_bipolar_20260718,external_vl_vm_window,external_vl_vm_angle_features,ext_mat_02,ext_mat_02_trial_01,ext_mat_02_trial_01_w11,window_5s,stable squatting 1,unknown,stable,stable squatting 1,5.0,11648.0,0.151645,0.087937,357.205184,1872.0,4594.0,,,Mendeley 10.17632/37wyv32y8j.1,bipolar potential,-0.819171905,-1.055828355,-1.513333609,1.724473202,0.160714286,0.394402473,3.73212,0,0.499307984,-0.03081528,-0.28356058,2.481959348,-0.000743803,-1.081049748,0.270165055,0.0
external_public,external_mat_bipolar_20260718,external_vl_vm_window,external_vl_vm_angle_features,ext_mat_02,ext_mat_02_trial_01,ext_mat_02_trial_01_w12,window_5s,stable squatting 1,unknown,stable,stable squatting 1,5.0,11648.0,0.186468,0.120291,452.012259,1522.0,3988.5,,,Mendeley 10.17632/37wyv32y8j.1,bipolar potential,-0.729395687,-0.919766865,-1.411101149,1.550140908,0.130666209,0.342419299,3.445695,0,1.144424432,1.005304229,0.453144811,0.849491862,-0.720399134,-1.913514561,-0.521275173,0.0
external_public,external_mat_bipolar_20260718,external_vl_vm_window,external_vl_vm_angle_features,ext_mat_02,ext_mat_02_trial_01,ext_mat_02_trial_01_w13,window_5s,stable squatting 1,unknown,stable,stable squatting 1,5.0,11648.0,0.141711,0.080754,338.967226,2167.0,4861.0,,,Mendeley 10.17632/37wyv32y8j.1,bipolar potential,-0.848596437,-1.092835956,-1.536093653,1.754848057,0.186040522,0.417324863,3.65773,0,0.287868362,-0.312631225,-0.447573528,2.766392955,0.605822825,-0.713967832,0.064613031,0.0
external_public,external_mat_bipolar_20260718,external_vl_vm_window,external_vl_vm_angle_features,ext_mat_02,ext_mat_02_trial_01,ext_mat_02_trial_01_w14,window_5s,stable squatting 1,unknown,stable,stable squatting 1,5.0,11648.0,0.185443,0.110225,425.676061,1857.5,4421.5,,,Mendeley 10.17632/37wyv32y8j.1,bipolar potential,-0.731789556,-0.957719893,-1.437172135,1.682404173,0.159469437,0.379593063,3.889252,0,1.127222502,0.716288779,0.265272623,2.088020162,-0.030558098,-1.318209425,0.704347077,0.0
external_public,external_mat_bipolar_20260718,external_vl_vm_window,external_vl_vm_angle_features,ext_mat_02,ext_mat_02_trial_01,ext_mat_02_trial_01_w15,window_5s,stable squatting 1,unknown,stable,stable squatting 1,5.0,11648.0,0.161859,0.095667,379.323578,1947.0,4645.0,,,Mendeley 10.17632/37wyv32y8j.1,bipolar potential,-0.790863147,-1.019237845,-1.487241524,1.691900028,0.167153159,0.398780907,3.794545,0,0.702729846,0.247824483,-0.095536349,2.176940431,0.153468038,-1.010932978,0.442655781,0.0
external_public,external_mat_bipolar_20260718,external_vl_vm_window,external_vl_vm_angle_features,ext_mat_02,ext_mat_02_trial_01,ext_mat_02_trial_01_w16,window_5s,stable squatting 1,unknown,stable,stable squatting 1,5.0,11648.0,0.148002,0.087735,358.282707,1917.0,4582.5,,,Mendeley 10.17632/37wyv32y8j.1,bipolar potential,-0.829732416,-1.05682712,-1.512025515,1.686920841,0.16457761,0.393415179,3.766783,0,0.42342197,-0.038420958,-0.274134221,2.130314756,0.091783307,-1.096860393,0.365944727,0.0
external_public,external_mat_bipolar_20260718,external_vl_vm_window,external_vl_vm_angle_features,ext_mat_02,ext_mat_02_trial_01,ext_mat_02_trial_01_w17,window_5s,stable squatting 1,unknown,stable,stable squatting 1,5.0,11648.0,0.185027,0.116014,432.389753,1519.0,4213.0,,,Mendeley 10.17632/37wyv32y8j.1,bipolar potential,-0.732764893,-0.935489599,-1.430375969,1.594867861,0.130408654,0.361692995,3.736633,0,1.120213898,0.885574308,0.314247011,1.268320152,-0.726567609,-1.604863271,0.282635229,0.0
external_public,external_mat_bipolar_20260718,external_vl_vm_window,external_vl_vm_angle_features,ext_mat_02,ext_mat_02_trial_01,ext_mat_02_trial_01_w18,window_5s,stable squatting 1,unknown,stable,stable squatting 1,5.0,11648.0,0.144512,0.078,328.452075,2128.0,5024.0,,,Mendeley 10.17632/37wyv32y8j.1,bipolar potential,-0.840096088,-1.107905397,-1.549779352,1.852717949,0.182692308,0.431318681,3.754582,0,0.348950407,-0.427386266,-0.546195123,3.682857787,0.525632667,-0.489869144,0.332231321,0.0
external_public,external_mat_bipolar_20260718,external_vl_vm_window,external_vl_vm_angle_features,ext_mat_02,ext_mat_02_trial_02,ext_mat_02_trial_02_w01,window_5s,stable squatting 2,unknown,stable,stable squatting 2,5.0,11677.0,0.162891,0.092787,392.850955,2106.0,4881.0,,,Mendeley 10.17632/37wyv32y8j.1,bipolar potential,-0.788102911,-1.032512867,-1.473103467,1.755536875,0.180354543,0.418001199,3.843444,0,0.722564427,0.146734091,0.006345018,2.772843125,0.469642893,-0.703136906,0.577771904,0.0
external_public,external_mat_bipolar_20260718,external_vl_vm_window,external_vl_vm_angle_features,ext_mat_02,ext_mat_02_trial_02,ext_mat_02_trial_02_w02,window_5s,stable squatting 2,unknown,stable,stable squatting 2,5.0,11677.0,0.241886,0.149491,549.851088,1531.0,4054.0,,,Mendeley 10.17632/37wyv32y8j.1,bipolar potential,-0.616389267,-0.825384953,-1.327086191,1.618063964,0.131112443,0.347178214,3.681189,0,1.956469113,1.724030302,1.058571625,1.485531106,-0.709711772,-1.837304723,0.129434175,0.0
external_public,external_mat_bipolar_20260718,external_vl_vm_window,external_vl_vm_angle_features,ext_mat_02,ext_mat_02_trial_02,ext_mat_02_trial_02_w03,window_5s,stable squatting 2,unknown,stable,stable squatting 2,5.0,11677.0,0.185908,0.106282,416.490273,1966.0,4716.5,,,Mendeley 10.17632/37wyv32y8j.1,bipolar potential,-0.730701921,-0.973540282,-1.447726417,1.749195536,0.168365162,0.403913676,4.169179,0,1.13503806,0.595815208,0.18921658,2.713462103,0.182495667,-0.928736197,1.477832243,0.0
external_public,external_mat_bipolar_20260718,external_vl_vm_window,external_vl_vm_angle_features,ext_mat_02,ext_mat_02_trial_02,ext_mat_02_trial_02_w04,window_5s,stable squatting 2,unknown,stable,stable squatting 2,5.0,11677.0,0.180142,0.105225,423.171816,2001.5,4743.5,,,Mendeley 10.17632/37wyv32y8j.1,bipolar potential,-0.74438502,-0.977881066,-1.440814545,1.711969589,0.171405327,0.406225914,3.709562,0,1.036713666,0.562759778,0.239024765,2.36487409,0.255308012,-0.891707739,0.207833524,0.0
external_public,external_mat_bipolar_20260718,external_vl_vm_window,external_vl_vm_angle_features,ext_mat_02,ext_mat_02_trial_02,ext_mat_02_trial_02_w05,window_5s,stable squatting 2,unknown,stable,stable squatting 2,5.0,11677.0,0.198053,0.12386,473.613922,1672.0,4395.0,,,Mendeley 10.17632/37wyv32y8j.1,bipolar potential,-0.703218575,-0.907068924,-1.39190682,1.599006943,0.143187463,0.37638092,3.619401,0,1.332528653,1.102000101,0.591462579,1.307078988,-0.420513481,-1.36964907,-0.041296413,0.0
external_public,external_mat_bipolar_20260718,external_vl_vm_window,external_vl_vm_angle_features,ext_mat_02,ext_mat_02_trial_02,ext_mat_02_trial_02_w06,window_5s,stable squatting 2,unknown,stable,stable squatting 2,5.0,11677.0,0.159316,0.093548,388.16747,2099.5,4876.0,,,Mendeley 10.17632/37wyv32y8j.1,bipolar potential,-0.797740606,-1.028965493,-1.478312143,1.703040151,0.179797893,0.417573007,3.72525,0,0.653309609,0.173747638,-0.031189632,2.281257814,0.456311053,-0.709994024,0.251182095,0.0
external_public,external_mat_bipolar_20260718,external_vl_vm_window,external_vl_vm_angle_features,ext_mat_02,ext_mat_02_trial_02,ext_mat_02_trial_02_w07,window_5s,stable squatting 2,unknown,stable,stable squatting 2,5.0,11677.0,0.182155,0.109064,433.194188,1935.0,4682.5,,,Mendeley 10.17632/37wyv32y8j.1,bipolar potential,-0.739558903,-0.962318578,-1.430648659,1.670166141,0.165710371,0.40100197,3.587089,0,1.071393312,0.681269412,0.312281958,1.973421834,0.118913079,-0.975364608,-0.130579879,0.0
external_public,external_mat_bipolar_20260718,external_vl_vm_window,external_vl_vm_angle_features,ext_mat_02,ext_mat_02_trial_02,ext_mat_02_trial_02_w08,window_5s,stable squatting 2,unknown,stable,stable squatting 2,5.0,11677.0,0.178096,0.107744,427.015616,1981.0,4744.0,,,Mendeley 10.17632/37wyv32y8j.1,bipolar potential,-0.749345835,-0.967606905,-1.436887523,1.652955153,0.169649739,0.406268733,3.587542,0,1.001066103,0.640998365,0.267323588,1.81225618,0.213261452,-0.89102203,-0.129328164,0.0
external_public,external_mat_bipolar_20260718,external_vl_vm_window,external_vl_vm_angle_features,ext_mat_02,ext_mat_02_trial_02,ext_mat_02_trial_02_w09,window_5s,stable squatting 2,unknown,stable,stable squatting 2,5.0,11676.0,0.155263,0.087084,373.755927,2197.5,5044.5,,,Mendeley 10.17632/37wyv32y8j.1,bipolar potential,-0.808932027,-1.060061631,-1.494705998,1.782910753,0.188206578,0.432040082,3.534213,0,0.572889985,-0.063052027,-0.149326684,3.029175241,0.657700147,-0.478316542,-0.276685119,0.0
external_public,external_mat_bipolar_20260718,external_vl_vm_window,external_vl_vm_angle_features,ext_mat_02,ext_mat_02_trial_02,ext_mat_02_trial_02_w10,window_5s,stable squatting 2,unknown,stable,stable squatting 2,5.0,11676.0,0.183302,0.114525,448.981001,1668.5,4469.5,,,Mendeley 10.17632/37wyv32y8j.1,bipolar potential,-0.736832796,-0.9410997,-1.415066122,1.600541367,0.142899966,0.382793765,3.426646,0,1.090982647,0.842852925,0.424572507,1.321447509,-0.427399071,-1.266952997,-0.573910749,0.0
external_public,external_mat_bipolar_20260718,external_vl_vm_window,external_vl_vm_angle_features,ext_mat_02,ext_mat_02_trial_02,ext_mat_02_trial_02_w11,window_5s,stable squatting 2,unknown,stable,stable squatting 2,5.0,11676.0,0.145811,0.080747,348.067699,2179.5,5045.0,,,Mendeley 10.17632/37wyv32y8j.1,bipolar potential,-0.836209712,-1.092873604,-1.525630364,1.805776066,0.186664954,0.432082905,3.701757,0,0.376877236,-0.312917918,-0.372173196,3.24328864,0.620778052,-0.477630769,0.186267003,0.0
external_public,external_mat_bipolar_20260718,external_vl_vm_window,external_vl_vm_angle_features,ext_mat_02,ext_mat_02_trial_02,ext_mat_02_trial_02_w12,window_5s,stable squatting 2,unknown,stable,stable squatting 2,5.0,11676.0,0.168586,0.103865,425.986721,1942.0,4683.0,,,Mendeley 10.17632/37wyv32y8j.1,bipolar potential,-0.773178494,-0.983530775,-1.437898025,1.623126173,0.166324084,0.401079137,3.778306,0,0.829808718,0.519736776,0.26004173,1.532934209,0.133611585,-0.974128846,0.397784705,0.0
external_public,external_mat_bipolar_20260718,external_vl_vm_window,external_vl_vm_angle_features,ext_mat_02,ext_mat_02_trial_02,ext_mat_02_trial_02_w13,window_5s,stable squatting 2,unknown,stable,stable squatting 2,5.0,11676.0,0.169188,0.103593,421.880418,1887.0,4680.0,,,Mendeley 10.17632/37wyv32y8j.1,bipolar potential,-0.771630443,-0.98466959,-1.442104719,1.633199154,0.161613566,0.400822199,3.756952,0,0.840932746,0.511064606,0.229727541,1.627258752,0.020794069,-0.978243482,0.338780028,0.0
external_public,external_mat_bipolar_20260718,external_vl_vm_window,external_vl_vm_angle_features,ext_mat_02,ext_mat_02_trial_02,ext_mat_02_trial_02_w14,window_5s,stable squatting 2,unknown,stable,stable squatting 2,5.0,11676.0,0.158833,0.09567,398.344351,1858.0,4728.5,,,Mendeley 10.17632/37wyv32y8j.1,bipolar potential,-0.799059261,-1.019224226,-1.467035424,1.660217414,0.159129839,0.404976019,3.397033,0,0.643833982,0.247928192,0.050072422,1.88026082,-0.038691514,-0.911723708,-0.655736426,0.0
external_public,external_mat_bipolar_20260718,external_vl_vm_window,external_vl_vm_angle_features,ext_mat_02,ext_mat_02_trial_02,ext_mat_02_trial_02_w15,window_5s,stable squatting 2,unknown,stable,stable squatting 2,5.0,11676.0,0.205171,0.125958,483.06305,1649.0,4292.0,,,Mendeley 10.17632/37wyv32y8j.1,bipolar potential,-0.687884025,-0.899774244,-1.383290267,1.628884231,0.141229873,0.367591641,3.246042,0,1.442720089,1.157549693,0.653555001,1.58685332,-0.467398015,-1.510401643,-1.072949837,0.0
external_public,external_mat_bipolar_20260718,external_vl_vm_window,external_vl_vm_angle_features,ext_mat_02,ext_mat_02_trial_02,ext_mat_02_trial_02_w16,window_5s,stable squatting 2,unknown,stable,stable squatting 2,5.0,11676.0,0.174274,0.101126,410.429812,2075.5,4802.5,,,Mendeley 10.17632/37wyv32y8j.1,bipolar potential,-0.758767401,-0.995137171,-1.454055188,1.723335245,0.177757794,0.411313806,3.735155,0,0.933364352,0.43135311,0.143610324,2.471303389,0.407450418,-0.810229623,0.278551268,0.0
external_public,external_mat_bipolar_20260718,external_vl_vm_window,external_vl_vm_angle_features,ext_mat_02,ext_mat_02_trial_02,ext_mat_02_trial_02_w17,window_5s,stable squatting 2,unknown,stable,stable squatting 2,5.0,11676.0,0.150556,0.091269,389.368409,2034.5,4824.0,,,Mendeley 10.17632/37wyv32y8j.1,bipolar potential,-0.822301932,-1.039676708,-1.476933374,1.649585292,0.174246317,0.41315519,3.710514,0,0.476816149,0.092180849,-0.021253976,1.780700417,0.32335009,-0.780741478,0.21046406,0.0
external_public,external_mat_bipolar_20260718,external_vl_vm_window,external_vl_vm_angle_features,ext_mat_02,ext_mat_02_trial_02,ext_mat_02_trial_02_w18,window_5s,stable squatting 2,unknown,stable,stable squatting 2,5.0,11676.0,0.175658,0.110413,443.445261,1813.0,4674.0,,,Mendeley 10.17632/37wyv32y8j.1,bipolar potential,-0.755332066,-0.95697979,-1.420454068,1.590917736,0.155275779,0.400308325,3.735645,0,0.958050077,0.721924725,0.385746004,1.231330731,-0.130996749,-0.986472722,0.27990522,0.0
external_public,external_mat_bipolar_20260718,external_vl_vm_window,external_vl_vm_angle_features,ext_mat_02,ext_mat_02_trial_03,ext_mat_02_trial_03_w01,window_5s,unstable BOSU squatting,unknown,unstable,unstable BOSU squatting,5.0,11786.0,0.145471,0.099188,789.128204,2880.5,5911.5,,,Mendeley 10.17632/37wyv32y8j.1,bipolar potential,-0.837223576,-1.003540867,-1.174218871,1.466618946,0.244400136,0.501569659,3.49403,0,0.369591784,0.367358269,2.160160874,0.067382684,2.003543129,0.635138484,-0.387717476,0.0
external_public,external_mat_bipolar_20260718,external_vl_vm_window,external_vl_vm_angle_features,ext_mat_02,ext_mat_02_trial_03,ext_mat_02_trial_03_w02,window_5s,unstable BOSU squatting,unknown,unstable,unstable BOSU squatting,5.0,11786.0,0.180476,0.121015,823.266191,2615.5,5693.5,,,Mendeley 10.17632/37wyv32y8j.1,bipolar potential,-0.743580543,-0.917160795,-1.155826156,1.491352312,0.221915832,0.483073138,3.433945,0,1.042494499,1.025149668,2.292702068,0.298988744,1.46504114,0.338932967,-0.55374239,0.0
external_public,external_mat_bipolar_20260718,external_vl_vm_window,external_vl_vm_angle_features,ext_mat_02,ext_mat_02_trial_03,ext_mat_02_trial_03_w03,window_5s,unstable BOSU squatting,unknown,unstable,unstable BOSU squatting,5.0,11785.0,0.1837,0.121749,822.33211,2601.5,5644.0,,,Mendeley 10.17632/37wyv32y8j.1,bipolar potential,-0.735890844,-0.914534597,-1.156282338,1.508841962,0.220746712,0.478913874,3.56453,0,1.097751352,1.045148383,2.289414739,0.462763821,1.437040565,0.272326012,-0.192914173,0.0
external_public,external_mat_bipolar_20260718,external_vl_vm_window,external_vl_vm_angle_features,ext_mat_02,ext_mat_02_trial_03,ext_mat_02_trial_03_w04,window_5s,unstable BOSU squatting,unknown,unstable,unstable BOSU squatting,5.0,11785.0,0.151359,0.10196,783.390533,2887.5,5800.0,,,Mendeley 10.17632/37wyv32y8j.1,bipolar potential,-0.81999175,-0.991570173,-1.177351268,1.484493919,0.245014849,0.492151039,3.319362,0,0.493416719,0.458516095,2.137588261,0.23476597,2.018265585,0.484307568,-0.870354402,0.0
external_public,external_mat_bipolar_20260718,external_vl_vm_window,external_vl_vm_angle_features,ext_mat_02,ext_mat_02_trial_03,ext_mat_02_trial_03_w05,window_5s,unstable BOSU squatting,unknown,unstable,unstable BOSU squatting,5.0,11785.0,0.189364,0.126484,816.255741,2453.5,5568.0,,,Mendeley 10.17632/37wyv32y8j.1,bipolar potential,-0.722702581,-0.897964408,-1.159503338,1.497137978,0.208188375,0.472464998,3.960997,0,1.19251994,1.171331744,2.266203637,0.35316638,1.136266769,0.169052935,0.902590524,0.0
external_public,external_mat_bipolar_20260718,external_vl_vm_window,external_vl_vm_angle_features,ext_mat_02,ext_mat_02_trial_03,ext_mat_02_trial_03_w06,window_5s,unstable BOSU squatting,unknown,unstable,unstable BOSU squatting,5.0,11785.0,0.174059,0.113763,797.971369,2768.5,5708.0,,,Mendeley 10.17632/37wyv32y8j.1,bipolar potential,-0.759303516,-0.943998964,-1.169342278,1.530014152,0.234917268,0.484344506,3.435454,0,0.929511921,0.820774789,2.195302476,0.661022623,1.776427214,0.359292808,-0.54957277,0.0
external_public,external_mat_bipolar_20260718,external_vl_vm_window,external_vl_vm_angle_features,ext_mat_02,ext_mat_02_trial_03,ext_mat_02_trial_03_w07,window_5s,unstable BOSU squatting,unknown,unstable,unstable BOSU squatting,5.0,11785.0,0.158337,0.108817,789.287783,2746.5,5773.0,,,Mendeley 10.17632/37wyv32y8j.1,bipolar potential,-0.800417588,-0.963303251,-1.174094206,1.455075953,0.233050488,0.489859992,3.789762,0,0.634073278,0.673771046,2.161059233,-0.04070722,1.731717592,0.447618465,0.429439551,0.0
external_public,external_mat_bipolar_20260718,external_vl_vm_window,external_vl_vm_angle_features,ext_mat_02,ext_mat_02_trial_03,ext_mat_02_trial_03_w08,window_5s,unstable BOSU squatting,unknown,unstable,unstable BOSU squatting,5.0,11785.0,0.200031,0.130382,836.220584,2526.0,5610.5,,,Mendeley 10.17632/37wyv32y8j.1,bipolar potential,-0.698902694,-0.884782361,-1.149008733,1.534191836,0.214340263,0.476071277,3.877636,0,1.363541831,1.271714123,2.341829638,0.700142933,1.283605283,0.226804322,0.672250125,0.0
external_public,external_mat_bipolar_20260718,external_vl_vm_window,external_vl_vm_angle_features,ext_mat_02,ext_mat_02_trial_03,ext_mat_02_trial_03_w09,window_5s,unstable BOSU squatting,unknown,unstable,unstable BOSU squatting,5.0,11785.0,0.161501,0.109366,799.111818,2743.0,5791.5,,,Mendeley 10.17632/37wyv32y8j.1,bipolar potential,-0.791824784,-0.961117672,-1.168722033,1.476702083,0.2327535,0.491429784,3.520909,0,0.695819688,0.690414411,2.199772072,0.161802328,1.724604691,0.472757304,-0.313446299,0.0
external_public,external_mat_bipolar_20260718,external_vl_vm_window,external_vl_vm_angle_features,ext_mat_02,ext_mat_02_trial_03,ext_mat_02_trial_03_w10,window_5s,unstable BOSU squatting,unknown,unstable,unstable BOSU squatting,5.0,11785.0,0.179862,0.121352,812.728622,2550.5,5548.5,,,Mendeley 10.17632/37wyv32y8j.1,bipolar potential,-0.745060582,-0.915953062,-1.161384032,1.482151098,0.216419177,0.470810352,3.652975,0,1.031859193,1.034346655,2.25265102,0.212827526,1.333395542,0.142555235,0.05147417,0.0
external_public,external_mat_bipolar_20260718,external_vl_vm_window,external_vl_vm_angle_features,ext_mat_02,ext_mat_02_trial_03,ext_mat_02_trial_03_w11,window_5s,unstable BOSU squatting,unknown,unstable,unstable BOSU squatting,5.0,11785.0,0.185828,0.125191,827.416423,2505.5,5528.0,,,Mendeley 10.17632/37wyv32y8j.1,bipolar potential,-0.730888847,-0.902426891,-1.15360545,1.484355904,0.212600764,0.469070853,3.578277,0,1.133694841,1.137349567,2.308704873,0.233473581,1.241944057,0.114698688,-0.15492891,0.0
external_public,external_mat_bipolar_20260718,external_vl_vm_window,external_vl_vm_angle_features,ext_mat_02,ext_mat_02_trial_03,ext_mat_02_trial_03_w12,window_5s,unstable BOSU squatting,unknown,unstable,unstable BOSU squatting,5.0,11785.0,0.154111,0.104151,799.79689,2854.0,5751.0,,,Mendeley 10.17632/37wyv32y8j.1,bipolar potential,-0.812166361,-0.982336556,-1.168349876,1.479688145,0.242172253,0.487993212,4.043822,0,0.549648617,0.528830853,2.202453902,0.189764154,1.950185043,0.417723625,1.131449865,0.0
external_public,external_mat_bipolar_20260718,external_vl_vm_window,external_vl_vm_angle_features,ext_mat_02,ext_mat_02_trial_03,ext_mat_02_trial_03_w13,window_5s,unstable BOSU squatting,unknown,unstable,unstable BOSU squatting,5.0,11785.0,0.173834,0.118764,812.809185,2525.5,5661.0,,,Mendeley 10.17632/37wyv32y8j.1,bipolar potential,-0.759865276,-0.925315184,-1.161340984,1.463692701,0.214297836,0.480356385,3.774502,0,0.925475211,0.963053321,2.252961231,0.039980992,1.282589151,0.295426557,0.387273616,0.0
external_public,external_mat_bipolar_20260718,external_vl_vm_window,external_vl_vm_angle_features,ext_mat_02,ext_mat_02_trial_03,ext_mat_02_trial_03_w14,window_5s,unstable BOSU squatting,unknown,unstable,unstable BOSU squatting,5.0,11785.0,0.184237,0.120975,816.990304,2603.0,5682.5,,,Mendeley 10.17632/37wyv32y8j.1,bipolar potential,-0.734623147,-0.917304369,-1.159112684,1.522934491,0.220873992,0.482180738,3.813733,0,1.106860805,1.02405634,2.26901876,0.59472787,1.440088937,0.324641966,0.495675437,0.0
external_public,external_mat_bipolar_20260718,external_vl_vm_window,external_vl_vm_angle_features,ext_mat_02,ext_mat_02_trial_03,ext_mat_02_trial_03_w15,window_5s,unstable BOSU squatting,unknown,unstable,unstable BOSU squatting,5.0,11785.0,0.165778,0.111473,814.961243,2797.5,5671.0,,,Mendeley 10.17632/37wyv32y8j.1,bipolar potential,-0.780473104,-0.952830311,-1.160192631,1.487158325,0.237378023,0.481204922,3.448088,0,0.777390906,0.753523351,2.261236469,0.259715771,1.835362615,0.309015131,-0.514662913,0.0
external_public,external_mat_bipolar_20260718,external_vl_vm_window,external_vl_vm_angle_features,ext_mat_02,ext_mat_02_trial_03,ext_mat_02_trial_03_w16,window_5s,unstable BOSU squatting,unknown,unstable,unstable BOSU squatting,5.0,11785.0,0.174881,0.119876,819.126411,2454.0,5689.5,,,Mendeley 10.17632/37wyv32y8j.1,bipolar potential,-0.757257372,-0.921267757,-1.157978658,1.458849144,0.208230802,0.482774714,3.737288,0,0.94421516,0.993874812,2.277190754,-0.005374629,1.137282901,0.33415397,0.284445104,0.0
external_public,external_mat_bipolar_20260718,external_vl_vm_window,external_vl_vm_angle_features,ext_mat_02,ext_mat_02_trial_03,ext_mat_02_trial_03_w17,window_5s,unstable BOSU squatting,unknown,unstable,unstable BOSU squatting,5.0,11785.0,0.155516,0.10484,794.381238,2904.5,5866.5,,,Mendeley 10.17632/37wyv32y8j.1,bipolar potential,-0.808224923,-0.979472988,-1.171300609,1.483365128,0.246457361,0.497793806,3.570627,0,0.577971112,0.55063716,2.181190392,0.224195842,2.052813934,0.574671519,-0.176067141,0.0
external_public,external_mat_bipolar_20260718,external_vl_vm_window,external_vl_vm_angle_features,ext_mat_02,ext_mat_02_trial_03,ext_mat_02_trial_03_w18,window_5s,unstable BOSU squatting,unknown,unstable,unstable BOSU squatting,5.0,11785.0,0.152213,0.102777,799.033975,2851.5,5792.5,,,Mendeley 10.17632/37wyv32y8j.1,bipolar potential,-0.817548254,-0.988104063,-1.168764341,1.481002559,0.241960119,0.491514637,3.39446,0,0.510975261,0.48491081,2.199467193,0.202072476,1.945104407,0.47411615,-0.662846055,0.0
external_public,external_mat_bipolar_20260718,external_vl_vm_window,external_vl_vm_angle_features,ext_mat_03,ext_mat_03_trial_01,ext_mat_03_trial_01_w01,window_5s,stable squatting 1,unknown,stable,stable squatting 1,5.0,11831.0,0.126198,0.091459,286.895664,1187.5,4556.0,,,Mendeley 10.17632/37wyv32y8j.1,bipolar potential,-0.898947528,-1.038773551,-1.61529747,1.3798314,0.100371904,0.385090018,3.600463,0,-0.07394591,0.099058464,-1.018330399,-0.745305796,-1.445951657,-1.230180525,-0.093625278,0.0
external_public,external_mat_bipolar_20260718,external_vl_vm_window,external_vl_vm_angle_features,ext_mat_03,ext_mat_03_trial_01,ext_mat_03_trial_01_w02,window_5s,stable squatting 1,unknown,stable,stable squatting 1,5.0,11831.0,0.154481,0.111174,309.895223,976.5,4260.0,,,Mendeley 10.17632/37wyv32y8j.1,bipolar potential,-0.811124928,-0.953996768,-1.581806573,1.389542519,0.082537402,0.360071,3.592645,0,0.557132176,0.744640684,-0.776989006,-0.65436977,-1.873090287,-1.630838094,-0.115227721,0.0
external_public,external_mat_bipolar_20260718,external_vl_vm_window,external_vl_vm_angle_features,ext_mat_03,ext_mat_03_trial_01,ext_mat_03_trial_01_w03,window_5s,stable squatting 1,unknown,stable,stable squatting 1,5.0,11831.0,0.253797,0.123471,407.723072,1143.0,4599.0,,,Mendeley 10.17632/37wyv32y8j.1,bipolar potential,-0.595513516,-0.908435034,-1.462656167,2.05551911,0.096610599,0.388724537,3.603836,0,2.106478666,1.09159706,0.081630131,5.58191099,-1.536035398,-1.1719769,-0.084305114,0.0
external_public,external_mat_bipolar_20260718,external_vl_vm_window,external_vl_vm_angle_features,ext_mat_03,ext_mat_03_trial_01,ext_mat_03_trial_01_w04,window_5s,stable squatting 1,unknown,stable,stable squatting 1,5.0,11831.0,0.128282,0.091115,290.322274,1329.0,4719.0,,,Mendeley 10.17632/37wyv32y8j.1,bipolar potential,-0.891834278,-1.04041012,-1.610141097,1.407913077,0.112332009,0.398867382,3.781216,0,-0.02283132,0.086595856,-0.981172653,-0.48234577,-1.159505595,-1.009548157,0.405825522,0.0
external_public,external_mat_bipolar_20260718,external_vl_vm_window,external_vl_vm_angle_features,ext_mat_03,ext_mat_03_trial_01,ext_mat_03_trial_01_w05,window_5s,stable squatting 1,unknown,stable,stable squatting 1,5.0,11831.0,0.140914,0.097255,294.04001,1294.5,4686.0,,,Mendeley 10.17632/37wyv32y8j.1,bipolar potential,-0.851045857,-1.012088062,-1.604615026,1.448912652,0.109415941,0.3960781,3.560145,0,0.270267252,0.302270672,-0.941350797,-0.098421073,-1.229345801,-1.054216055,-0.205030662,0.0
external_public,external_mat_bipolar_20260718,external_vl_vm_window,external_vl_vm_angle_features,ext_mat_03,ext_mat_03_trial_01,ext_mat_03_trial_01_w06,window_5s,stable squatting 1,unknown,stable,stable squatting 1,5.0,11831.0,0.118091,0.081748,265.948993,1395.0,5016.0,,,Mendeley 10.17632/37wyv32y8j.1,bipolar potential,-0.9277832,-1.087522864,-1.648223104,1.444573568,0.117910574,0.423970924,3.625314,0,-0.281154085,-0.27217159,-1.255598407,-0.139052751,-1.025898242,-0.60753701,-0.024957804,0.0
external_public,external_mat_bipolar_20260718,external_vl_vm_window,external_vl_vm_angle_features,ext_mat_03,ext_mat_03_trial_01,ext_mat_03_trial_01_w07,window_5s,stable squatting 1,unknown,stable,stable squatting 1,5.0,11831.0,0.113756,0.079335,261.418699,1426.0,5047.5,,,Mendeley 10.17632/37wyv32y8j.1,bipolar potential,-0.944025687,-1.100535174,-1.655684805,1.433869036,0.120530809,0.426633421,3.731517,0,-0.397869801,-0.371261407,-1.309368759,-0.239291209,-0.963143275,-0.564899463,0.268498865,0.0
external_public,external_mat_bipolar_20260718,external_vl_vm_window,external_vl_vm_angle_features,ext_mat_03,ext_mat_03_trial_01,ext_mat_03_trial_01_w08,window_5s,stable squatting 1,unknown,stable,stable squatting 1,5.0,11831.0,0.133122,0.096272,284.300462,1157.0,4571.5,,,Mendeley 10.17632/37wyv32y8j.1,bipolar potential,-0.875750166,-1.016500006,-1.619243889,1.382769653,0.097793931,0.386400135,3.539928,0,0.09274634,0.268673353,-1.046769,-0.71779166,-1.507694444,-1.209200153,-0.260893618,0.0
external_public,external_mat_bipolar_20260718,external_vl_vm_window,external_vl_vm_angle_features,ext_mat_03,ext_mat_03_trial_01,ext_mat_03_trial_01_w09,window_5s,stable squatting 1,unknown,stable,stable squatting 1,5.0,11831.0,0.11963,0.083409,272.549523,1341.5,4867.5,,,Mendeley 10.17632/37wyv32y8j.1,bipolar potential,-0.922159897,-1.078787086,-1.637576028,1.434257694,0.113388555,0.411419153,3.702747,0,-0.240745998,-0.205647917,-1.178873673,-0.235651771,-1.134201182,-0.808542584,0.189002538,0.0
external_public,external_mat_bipolar_20260718,external_vl_vm_window,external_vl_vm_angle_features,ext_mat_03,ext_mat_03_trial_01,ext_mat_03_trial_01_w10,window_5s,stable squatting 1,unknown,stable,stable squatting 1,5.0,11831.0,0.179118,0.108406,321.923911,1068.5,4396.5,,,Mendeley 10.17632/37wyv32y8j.1,bipolar potential,-0.746860769,-0.96494668,-1.565268219,1.652288619,0.090313583,0.371608486,3.430388,0,1.018923359,0.661256198,-0.657810669,1.806014679,-1.686849746,-1.446075403,-0.563570976,0.0
external_public,external_mat_bipolar_20260718,external_vl_vm_window,external_vl_vm_angle_features,ext_mat_03,ext_mat_03_trial_01,ext_mat_03_trial_01_w11,window_5s,stable squatting 1,unknown,stable,stable squatting 1,5.0,11831.0,0.154607,0.111347,316.606843,1074.0,4239.0,,,Mendeley 10.17632/37wyv32y8j.1,bipolar potential,-0.810770847,-0.95332148,-1.572501157,1.388515182,0.090778463,0.358296002,3.432955,0,0.559676541,0.749783058,-0.709932514,-0.663989871,-1.67571581,-1.659263126,-0.556477926,0.0
external_public,external_mat_bipolar_20260718,external_vl_vm_window,external_vl_vm_angle_features,ext_mat_03,ext_mat_03_trial_01,ext_mat_03_trial_01_w12,window_5s,stable squatting 1,unknown,stable,stable squatting 1,5.0,11831.0,0.127761,0.087794,272.656052,1391.0,4916.5,,,Mendeley 10.17632/37wyv32y8j.1,bipolar potential,-0.893601698,-1.056535164,-1.637406312,1.455236121,0.117572479,0.415560815,3.505577,0,-0.035531696,-0.036197689,-1.177650669,-0.039207388,-1.033995661,-0.742217509,-0.355811181,0.0
external_public,external_mat_bipolar_20260718,external_vl_vm_window,external_vl_vm_angle_features,ext_mat_03,ext_mat_03_trial_01,ext_mat_03_trial_01_w13,window_5s,stable squatting 1,unknown,stable,stable squatting 1,5.0,11830.0,0.137443,0.095556,291.092824,1336.0,4591.0,,,Mendeley 10.17632/37wyv32y8j.1,bipolar potential,-0.861877374,-1.019742038,-1.608953245,1.438350287,0.112933221,0.38808115,3.751597,0,0.192433835,0.243985011,-0.972612779,-0.197328264,-1.14510649,-1.182280177,0.323983267,0.0
external_public,external_mat_bipolar_20260718,external_vl_vm_window,external_vl_vm_angle_features,ext_mat_03,ext_mat_03_trial_01,ext_mat_03_trial_01_w14,window_5s,stable squatting 1,unknown,stable,stable squatting 1,5.0,11830.0,0.136916,0.097104,296.838428,1337.5,4546.5,,,Mendeley 10.17632/37wyv32y8j.1,bipolar potential,-0.863545797,-1.01276288,-1.600464622,1.409993409,0.113060017,0.384319527,3.724103,0,0.180444835,0.297131877,-0.911442244,-0.462865304,-1.14206971,-1.242519261,0.248012742,0.0
external_public,external_mat_bipolar_20260718,external_vl_vm_window,external_vl_vm_angle_features,ext_mat_03,ext_mat_03_trial_01,ext_mat_03_trial_01_w15,window_5s,stable squatting 1,unknown,stable,stable squatting 1,5.0,11830.0,0.118401,0.080809,266.398091,1543.5,5054.0,,,Mendeley 10.17632/37wyv32y8j.1,bipolar potential,-0.92664463,-1.092540268,-1.647453636,1.465195708,0.130473373,0.427218935,3.657838,0,-0.272972517,-0.310379536,-1.250053483,0.054055321,-0.725017581,-0.555522971,0.064911453,0.0
external_public,external_mat_bipolar_20260718,external_vl_vm_window,external_vl_vm_angle_features,ext_mat_03,ext_mat_03_trial_01,ext_mat_03_trial_01_w16,window_5s,stable squatting 1,unknown,stable,stable squatting 1,5.0,11830.0,0.14176,0.098982,293.469626,1248.0,4516.5,,,Mendeley 10.17632/37wyv32y8j.1,bipolar potential,-0.848446295,-1.004443775,-1.605421586,1.432179588,0.105494505,0.381783601,3.642578,0,0.288947257,0.36048255,-0.947163013,-0.255111393,-1.323264701,-1.283129885,0.022745518,0.0
external_public,external_mat_bipolar_20260718,external_vl_vm_window,external_vl_vm_angle_features,ext_mat_03,ext_mat_03_trial_01,ext_mat_03_trial_01_w17,window_5s,stable squatting 1,unknown,stable,stable squatting 1,5.0,11830.0,0.114669,0.078853,260.899667,1467.0,5073.5,,,Mendeley 10.17632/37wyv32y8j.1,bipolar potential,-0.940553975,-1.103181779,-1.65651122,1.454212268,0.124006762,0.428867287,3.671326,0,-0.372922676,-0.391415524,-1.315324053,-0.048794864,-0.879893751,-0.529126063,0.102181055,0.0
external_public,external_mat_bipolar_20260718,external_vl_vm_window,external_vl_vm_angle_features,ext_mat_03,ext_mat_03_trial_01,ext_mat_03_trial_01_w18,window_5s,stable squatting 1,unknown,stable,stable squatting 1,5.0,11830.0,0.216321,0.10958,312.644872,1179.0,4485.5,,,Mendeley 10.17632/37wyv32y8j.1,bipolar potential,-0.664901318,-0.960268704,-1.577933435,1.974091988,0.099661877,0.379163145,3.621577,0,1.607869866,0.696879373,-0.74907848,4.819418132,-1.462956896,-1.325094183,-0.035283761,0.0
external_public,external_mat_bipolar_20260718,external_vl_vm_window,external_vl_vm_angle_features,ext_mat_03,ext_mat_03_trial_02,ext_mat_03_trial_02_w01,window_5s,stable squatting 2,unknown,stable,stable squatting 2,5.0,11846.0,0.139488,0.101013,291.152702,1060.0,4423.5,,,Mendeley 10.17632/37wyv32y8j.1,bipolar potential,-0.855463153,-0.995622731,-1.609450903,1.380891568,0.089481682,0.373417187,3.416475,0,0.238525323,0.42765553,-0.976198992,-0.735378262,-1.706773883,-1.417110647,-0.602014925,0.0
external_public,external_mat_bipolar_20260718,external_vl_vm_window,external_vl_vm_angle_features,ext_mat_03,ext_mat_03_trial_02,ext_mat_03_trial_02_w02,window_5s,stable squatting 2,unknown,stable,stable squatting 2,5.0,11846.0,0.127162,0.087624,282.253152,1298.5,4777.5,,,Mendeley 10.17632/37wyv32y8j.1,bipolar potential,-0.89564265,-1.057376925,-1.622932928,1.451223409,0.10961506,0.403300692,3.654185,0,-0.050197626,-0.042607769,-1.073352875,-0.076782881,-1.224576875,-0.938552597,0.054817602,0.0
external_public,external_mat_bipolar_20260718,external_vl_vm_window,external_vl_vm_angle_features,ext_mat_03,ext_mat_03_trial_02,ext_mat_03_trial_02_w03,window_5s,stable squatting 2,unknown,stable,stable squatting 2,5.0,11846.0,0.127355,0.091689,287.211965,1141.5,4511.0,,,Mendeley 10.17632/37wyv32y8j.1,bipolar potential,-0.894984,-1.037682764,-1.6153692,1.388988865,0.096361641,0.380803647,3.48259,0,-0.04546468,0.107364898,-1.018847299,-0.65955425,-1.541997975,-1.298822987,-0.419328111,0.0
external_public,external_mat_bipolar_20260718,external_vl_vm_window,external_vl_vm_angle_features,ext_mat_03,ext_mat_03_trial_02,ext_mat_03_trial_02_w04,window_5s,stable squatting 2,unknown,stable,stable squatting 2,5.0,11846.0,0.144786,0.105668,307.927115,1032.0,4279.0,,,Mendeley 10.17632/37wyv32y8j.1,bipolar potential,-0.83927343,-0.976056512,-1.585123795,1.370197221,0.087118015,0.361218977,3.379436,0,0.354861886,0.576653908,-0.800893501,-0.835521347,-1.763384013,-1.612454252,-0.704359883,0.0
external_public,external_mat_bipolar_20260718,external_vl_vm_window,external_vl_vm_angle_features,ext_mat_03,ext_mat_03_trial_02,ext_mat_03_trial_02_w05,window_5s,stable squatting 2,unknown,stable,stable squatting 2,5.0,11846.0,0.112734,0.078049,262.314699,1428.5,4967.5,,,Mendeley 10.17632/37wyv32y8j.1,bipolar potential,-0.947945083,-1.107632657,-1.654749101,1.444400313,0.120589228,0.419339862,3.686309,0,-0.426033906,-0.425309328,-1.302625908,-0.14067513,-0.961744132,-0.681699395,0.143581592,0.0
external_public,external_mat_bipolar_20260718,external_vl_vm_window,external_vl_vm_angle_features,ext_mat_03,ext_mat_03_trial_02,ext_mat_03_trial_02_w06,window_5s,stable squatting 2,unknown,stable,stable squatting 2,5.0,11846.0,0.134239,0.09644,289.098956,1160.0,4393.5,,,Mendeley 10.17632/37wyv32y8j.1,bipolar potential,-0.872121292,-1.015742798,-1.612525205,1.391943177,0.09792335,0.370884687,3.645674,0,0.118822804,0.274439555,-0.998352962,-0.631889735,-1.504594842,-1.457666407,0.031300284,0.0
external_public,external_mat_bipolar_20260718,external_vl_vm_window,external_vl_vm_angle_features,ext_mat_03,ext_mat_03_trial_02,ext_mat_03_trial_02_w07,window_5s,stable squatting 2,unknown,stable,stable squatting 2,5.0,11846.0,0.121072,0.083395,266.49278,1363.5,4893.5,,,Mendeley 10.17632/37wyv32y8j.1,bipolar potential,-0.916956283,-1.078859987,-1.647886281,1.451789676,0.115102144,0.413093027,3.526462,0,-0.203353723,-0.206203064,-1.2531712,-0.071480292,-1.093160504,-0.781736964,-0.29810243,0.0
external_public,external_mat_bipolar_20260718,external_vl_vm_window,external_vl_vm_angle_features,ext_mat_03,ext_mat_03_trial_02,ext_mat_03_trial_02_w08,window_5s,stable squatting 2,unknown,stable,stable squatting 2,5.0,11846.0,0.115547,0.081934,262.74486,1319.5,4814.5,,,Mendeley 10.17632/37wyv32y8j.1,bipolar potential,-0.937241326,-1.086535842,-1.654037499,1.410244831,0.11138781,0.406424109,3.480928,0,-0.34911855,-0.264655335,-1.297497977,-0.460510959,-1.182119284,-0.88853382,-0.423920495,0.0
external_public,external_mat_bipolar_20260718,external_vl_vm_window,external_vl_vm_angle_features,ext_mat_03,ext_mat_03_trial_02,ext_mat_03_trial_02_w09,window_5s,stable squatting 2,unknown,stable,stable squatting 2,5.0,11846.0,0.128137,0.09106,270.892196,1194.0,4606.0,,,Mendeley 10.17632/37wyv32y8j.1,bipolar potential,-0.892325448,-1.040672354,-1.640775234,1.407171096,0.100793517,0.388823231,3.493603,0,-0.026360783,0.084598922,-1.201927724,-0.489293765,-1.435853971,-1.170396402,-0.388897348,0.0
external_public,external_mat_bipolar_20260718,external_vl_vm_window,external_vl_vm_angle_features,ext_mat_03,ext_mat_03_trial_02,ext_mat_03_trial_02_w10,window_5s,stable squatting 2,unknown,stable,stable squatting 2,5.0,11846.0,0.122122,0.08305,264.358576,1411.5,4981.5,,,Mendeley 10.17632/37wyv32y8j.1,bipolar potential,-0.913206092,-1.080660363,-1.651378324,1.470463576,0.119154145,0.420521695,3.582564,0,-0.176405496,-0.219913076,-1.278335487,0.103384237,-0.996114556,-0.662773379,-0.143083211,0.0
external_public,external_mat_bipolar_20260718,external_vl_vm_window,external_vl_vm_angle_features,ext_mat_03,ext_mat_03_trial_02,ext_mat_03_trial_02_w11,window_5s,stable squatting 2,unknown,stable,stable squatting 2,5.0,11846.0,0.124374,0.0861,272.987607,1375.5,4759.5,,,Mendeley 10.17632/37wyv32y8j.1,bipolar potential,-0.905270398,-1.064996849,-1.637428797,1.444529617,0.116115144,0.401781192,3.765197,0,-0.119380965,-0.100634121,-1.1778127,-0.139464313,-1.068899023,-0.962886053,0.361562343,0.0
external_public,external_mat_bipolar_20260718,external_vl_vm_window,external_vl_vm_angle_features,ext_mat_03,ext_mat_03_trial_02,ext_mat_03_trial_02_w12,window_5s,stable squatting 2,unknown,stable,stable squatting 2,5.0,11846.0,0.137707,0.097673,286.491848,1175.0,4559.0,,,Mendeley 10.17632/37wyv32y8j.1,bipolar potential,-0.861043983,-1.010225473,-1.616459459,1.409877858,0.0991896,0.384855647,3.573827,0,0.198422439,0.316454441,-1.0267039,-0.463947336,-1.474267991,-1.23393377,-0.167225005,0.0
external_public,external_mat_bipolar_20260718,external_vl_vm_window,external_vl_vm_angle_features,ext_mat_03,ext_mat_03_trial_02,ext_mat_03_trial_02_w13,window_5s,stable squatting 2,unknown,stable,stable squatting 2,5.0,11845.0,0.125354,0.087064,278.507666,1263.0,4852.0,,,Mendeley 10.17632/37wyv32y8j.1,bipolar potential,-0.901861803,-1.060161384,-1.628697911,1.439791418,0.106627269,0.409624314,3.600976,0,-0.094887389,-0.063811654,-1.114896374,-0.183833349,-1.296134856,-0.837285352,-0.092207773,0.0
external_public,external_mat_bipolar_20260718,external_vl_vm_window,external_vl_vm_angle_features,ext_mat_03,ext_mat_03_trial_02,ext_mat_03_trial_02_w14,window_5s,stable squatting 2,unknown,stable,stable squatting 2,5.0,11845.0,0.129034,0.094443,288.34761,1106.0,4416.5,,,Mendeley 10.17632/37wyv32y8j.1,bipolar potential,-0.88929584,-1.024830226,-1.613618709,1.366263249,0.093372731,0.372857746,3.668837,0,-0.004590542,0.205238038,-1.006232947,-0.87235951,-1.613582756,-1.426069603,0.095303531,0.0
external_public,external_mat_bipolar_20260718,external_vl_vm_window,external_vl_vm_angle_features,ext_mat_03,ext_mat_03_trial_02,ext_mat_03_trial_02_w15,window_5s,stable squatting 2,unknown,stable,stable squatting 2,5.0,11845.0,0.136861,0.097575,294.82768,1178.0,4515.0,,,Mendeley 10.17632/37wyv32y8j.1,bipolar potential,-0.863720291,-1.01066144,-1.60396681,1.402623623,0.099451245,0.381173491,3.625486,0,0.179190951,0.313134517,-0.936679637,-0.53187682,-1.468001559,-1.29290026,-0.02448254,0.0
external_public,external_mat_bipolar_20260718,external_vl_vm_window,external_vl_vm_angle_features,ext_mat_03,ext_mat_03_trial_02,ext_mat_03_trial_02_w16,window_5s,stable squatting 2,unknown,stable,stable squatting 2,5.0,11845.0,0.135646,0.096564,285.029939,1139.0,4608.5,,,Mendeley 10.17632/37wyv32y8j.1,bipolar potential,-0.867593008,-1.015184753,-1.618644585,1.404726399,0.096158717,0.389067117,3.301248,0,0.151362273,0.278689114,-1.042450309,-0.512186186,-1.546858031,-1.166490782,-0.920406417,0.0
external_public,external_mat_bipolar_20260718,external_vl_vm_window,external_vl_vm_angle_features,ext_mat_03,ext_mat_03_trial_02,ext_mat_03_trial_02_w17,window_5s,stable squatting 2,unknown,stable,stable squatting 2,5.0,11845.0,0.128671,0.090253,273.892727,1210.0,4598.5,,,Mendeley 10.17632/37wyv32y8j.1,bipolar potential,-0.890519324,-1.044538353,-1.635954565,1.425670061,0.102152807,0.388222879,3.538357,0,-0.013382287,0.05515902,-1.167189121,-0.316067346,-1.4032988,-1.180010511,-0.265234554,0.0
external_public,external_mat_bipolar_20260718,external_vl_vm_window,external_vl_vm_angle_features,ext_mat_03,ext_mat_03_trial_02,ext_mat_03_trial_02_w18,window_5s,stable squatting 2,unknown,stable,stable squatting 2,5.0,11845.0,0.139774,0.101102,293.429159,1057.0,4408.0,,,Mendeley 10.17632/37wyv32y8j.1,bipolar potential,-0.854573606,-0.995240253,-1.606031796,1.382504797,0.089235965,0.372140144,3.581154,0,0.244917455,0.430568132,-0.951560295,-0.720271802,-1.712658837,-1.437561368,-0.146979278,0.0
external_public,external_mat_bipolar_20260718,external_vl_vm_window,external_vl_vm_angle_features,ext_mat_03,ext_mat_03_trial_03,ext_mat_03_trial_03_w01,window_5s,unstable BOSU squatting,unknown,unstable,unstable BOSU squatting,5.0,11806.0,0.128632,0.09386,492.293913,1947.5,5944.0,,,Mendeley 10.17632/37wyv32y8j.1,bipolar potential,-0.890650978,-1.02751945,-1.379878313,1.370466652,0.164958496,0.50347281,3.539724,0,-0.01432833,0.184759375,0.678142152,-0.832998365,0.100905576,0.665615773,-0.261457304,0.0
external_public,external_mat_bipolar_20260718,external_vl_vm_window,external_vl_vm_angle_features,ext_mat_03,ext_mat_03_trial_03,ext_mat_03_trial_03_w02,window_5s,unstable BOSU squatting,unknown,unstable,unstable BOSU squatting,5.0,11806.0,0.111731,0.080834,495.8577,2254.5,6425.0,,,Mendeley 10.17632/37wyv32y8j.1,bipolar potential,-0.951826314,-1.09240593,-1.376745717,1.382227775,0.190962223,0.544214806,3.865761,0,-0.453923764,-0.309356541,0.700716199,-0.722865868,0.723698201,1.318063007,0.639437512,0.0
external_public,external_mat_bipolar_20260718,external_vl_vm_window,external_vl_vm_angle_features,ext_mat_03,ext_mat_03_trial_03,ext_mat_03_trial_03_w03,window_5s,unstable BOSU squatting,unknown,unstable,unstable BOSU squatting,5.0,11806.0,0.109685,0.078303,490.818094,2428.5,6371.0,,,Mendeley 10.17632/37wyv32y8j.1,bipolar potential,-0.95985276,-1.106221599,-1.381182214,1.400776471,0.205700491,0.539640861,3.851817,0,-0.511600423,-0.414564004,0.668746008,-0.549173762,1.076681626,1.244815301,0.600907905,0.0
external_public,external_mat_bipolar_20260718,external_vl_vm_window,external_vl_vm_angle_features,ext_mat_03,ext_mat_03_trial_03,ext_mat_03_trial_03_w04,window_5s,unstable BOSU squatting,unknown,unstable,unstable BOSU squatting,5.0,11806.0,0.104864,0.076423,473.112557,2339.5,6484.5,,,Mendeley 10.17632/37wyv32y8j.1,bipolar potential,-0.97937358,-1.116775918,-1.397138304,1.372152363,0.198161952,0.549254616,3.275243,0,-0.651873675,-0.494936017,0.55376357,-0.817213175,0.896132642,1.398771132,-0.992262585,0.0
external_public,external_mat_bipolar_20260718,external_vl_vm_window,external_vl_vm_angle_features,ext_mat_03,ext_mat_03_trial_03,ext_mat_03_trial_03_w05,window_5s,unstable BOSU squatting,unknown,unstable,unstable BOSU squatting,5.0,11806.0,0.103599,0.075598,484.111028,2444.5,6556.0,,,Mendeley 10.17632/37wyv32y8j.1,bipolar potential,-0.984644437,-1.121489694,-1.387157803,1.370393397,0.207055734,0.555310859,3.529608,0,-0.689749146,-0.530831812,0.625684845,-0.833684333,1.109139871,1.495756537,-0.289409505,0.0
external_public,external_mat_bipolar_20260718,external_vl_vm_window,external_vl_vm_angle_features,ext_mat_03,ext_mat_03_trial_03,ext_mat_03_trial_03_w06,window_5s,unstable BOSU squatting,unknown,unstable,unstable BOSU squatting,5.0,11806.0,0.105305,0.077853,470.832947,2314.0,6311.0,,,Mendeley 10.17632/37wyv32y8j.1,bipolar potential,-0.977551008,-1.108724648,-1.399235933,1.352613258,0.196002033,0.534558699,3.684841,0,-0.638776986,-0.43362493,0.53864768,-1.000179583,0.844402302,1.163428946,0.139525262,0.0
external_public,external_mat_bipolar_20260718,external_vl_vm_window,external_vl_vm_angle_features,ext_mat_03,ext_mat_03_trial_03,ext_mat_03_trial_03_w07,window_5s,unstable BOSU squatting,unknown,unstable,unstable BOSU squatting,5.0,11806.0,0.118648,0.082333,475.625245,2285.5,6352.5,,,Mendeley 10.17632/37wyv32y8j.1,bipolar potential,-0.925739578,-1.08442606,-1.394837881,1.44107466,0.193588006,0.538073861,3.854783,0,-0.266468969,-0.248589171,0.570340829,-0.171816924,0.786586043,1.219721174,0.60910346,0.0
external_public,external_mat_bipolar_20260718,external_vl_vm_window,external_vl_vm_angle_features,ext_mat_03,ext_mat_03_trial_03,ext_mat_03_trial_03_w08,window_5s,unstable BOSU squatting,unknown,unstable,unstable BOSU squatting,5.0,11806.0,0.10228,0.074878,473.77003,2402.0,6426.5,,,Mendeley 10.17632/37wyv32y8j.1,bipolar potential,-0.990209281,-1.125645764,-1.396535194,1.365955287,0.20345587,0.54434186,3.675664,0,-0.729737157,-0.562480629,0.558109688,-0.875243301,1.022922662,1.320097665,0.114167675,0.0
external_public,external_mat_bipolar_20260718,external_vl_vm_window,external_vl_vm_angle_features,ext_mat_03,ext_mat_03_trial_03,ext_mat_03_trial_03_w09,window_5s,unstable BOSU squatting,unknown,unstable,unstable BOSU squatting,5.0,11806.0,0.112668,0.082381,465.129954,2131.5,6309.5,,,Mendeley 10.17632/37wyv32y8j.1,bipolar potential,-0.948199415,-1.084172941,-1.40452847,1.367645452,0.180543791,0.534431645,3.730915,0,-0.427861492,-0.246661649,0.500508712,-0.859416403,0.474175407,1.161394288,0.266835438,0.0
external_public,external_mat_bipolar_20260718,external_vl_vm_window,external_vl_vm_angle_features,ext_mat_03,ext_mat_03_trial_03,ext_mat_03_trial_03_w10,window_5s,unstable BOSU squatting,unknown,unstable,unstable BOSU squatting,5.0,11806.0,0.10866,0.078994,478.453837,2355.0,6352.0,,,Mendeley 10.17632/37wyv32y8j.1,bipolar potential,-0.963930299,-1.102405894,-1.392262737,1.37554751,0.199474843,0.538031509,3.817567,0,-0.540900916,-0.385507095,0.588897778,-0.785420631,0.927576551,1.219042944,0.506269421,0.0
external_public,external_mat_bipolar_20260718,external_vl_vm_window,external_vl_vm_angle_features,ext_mat_03,ext_mat_03_trial_03,ext_mat_03_trial_03_w11,window_5s,unstable BOSU squatting,unknown,unstable,unstable BOSU squatting,5.0,11806.0,0.105859,0.077861,467.136889,2283.0,6263.0,,,Mendeley 10.17632/37wyv32y8j.1,bipolar potential,-0.975272213,-1.108680023,-1.402658615,1.359589525,0.193376249,0.53049297,3.650187,0,-0.622401958,-0.433285107,0.513983221,-0.934853023,0.781514436,1.098319872,0.043770459,0.0
external_public,external_mat_bipolar_20260718,external_vl_vm_window,external_vl_vm_angle_features,ext_mat_03,ext_mat_03_trial_03,ext_mat_03_trial_03_w12,window_5s,unstable BOSU squatting,unknown,unstable,unstable BOSU squatting,5.0,11806.0,0.11745,0.085171,470.772832,2055.5,6122.0,,,Mendeley 10.17632/37wyv32y8j.1,bipolar potential,-0.930146979,-1.069708254,-1.399291387,1.378990501,0.174106387,0.51854989,3.690321,0,-0.298139794,-0.13651186,0.538248069,-0.75318007,0.319998748,0.907061949,0.15466742,0.0
external_public,external_mat_bipolar_20260718,external_vl_vm_window,external_vl_vm_angle_features,ext_mat_03,ext_mat_03_trial_03,ext_mat_03_trial_03_w13,window_5s,unstable BOSU squatting,unknown,unstable,unstable BOSU squatting,5.0,11805.0,0.101887,0.074263,482.529892,2472.5,6418.5,,,Mendeley 10.17632/37wyv32y8j.1,bipolar potential,-0.991881225,-1.129227511,-1.388541769,1.371975277,0.20944515,0.543710292,3.664077,0,-0.741751459,-0.589755929,0.615711739,-0.818871428,1.166366693,1.309983659,0.082150854,0.0
external_public,external_mat_bipolar_20260718,external_vl_vm_window,external_vl_vm_angle_features,ext_mat_03,ext_mat_03_trial_03,ext_mat_03_trial_03_w14,window_5s,unstable BOSU squatting,unknown,unstable,unstable BOSU squatting,5.0,11805.0,0.115395,0.085755,482.063646,2082.5,6198.0,,,Mendeley 10.17632/37wyv32y8j.1,bipolar potential,-0.937813009,-1.066740549,-1.38896161,1.345635823,0.176408302,0.525031766,3.679629,0,-0.353226566,-0.113912541,0.612686289,-1.06551708,0.37512991,1.010863493,0.125123634,0.0
external_public,external_mat_bipolar_20260718,external_vl_vm_window,external_vl_vm_angle_features,ext_mat_03,ext_mat_03_trial_03,ext_mat_03_trial_03_w15,window_5s,unstable BOSU squatting,unknown,unstable,unstable BOSU squatting,5.0,11805.0,0.12436,0.090071,477.721872,1988.5,6138.5,,,Mendeley 10.17632/37wyv32y8j.1,bipolar potential,-0.905319287,-1.045415016,-1.392890866,1.380688568,0.168445574,0.519991529,3.647379,0,-0.119732273,0.048483159,0.584371368,-0.737279177,0.184421545,0.93014853,0.036011485,0.0
external_public,external_mat_bipolar_20260718,external_vl_vm_window,external_vl_vm_angle_features,ext_mat_03,ext_mat_03_trial_03,ext_mat_03_trial_03_w16,window_5s,unstable BOSU squatting,unknown,unstable,unstable BOSU squatting,5.0,11805.0,0.104494,0.076989,481.40345,2383.5,6449.0,,,Mendeley 10.17632/37wyv32y8j.1,bipolar potential,-0.980908646,-1.113571321,-1.389556793,1.357258829,0.201905972,0.546293943,3.599348,0,-0.662904395,-0.470532746,0.608397294,-0.956677926,0.985802405,1.351358558,-0.09670621,0.0
external_public,external_mat_bipolar_20260718,external_vl_vm_window,external_vl_vm_angle_features,ext_mat_03,ext_mat_03_trial_03,ext_mat_03_trial_03_w17,window_5s,unstable BOSU squatting,unknown,unstable,unstable BOSU squatting,5.0,11805.0,0.11827,0.08763,488.35256,2035.5,6156.5,,,Mendeley 10.17632/37wyv32y8j.1,bipolar potential,-0.927125403,-1.057347188,-1.383332523,1.349651946,0.172426938,0.521516307,3.771443,0,-0.276427269,-0.042381319,0.653250497,-1.027909646,0.279775727,0.954566509,0.378821087,0.0
external_public,external_mat_bipolar_20260718,external_vl_vm_window,external_vl_vm_angle_features,ext_mat_03,ext_mat_03_trial_03,ext_mat_03_trial_03_w18,window_5s,unstable BOSU squatting,unknown,unstable,unstable BOSU squatting,5.0,11805.0,0.121389,0.086992,495.158809,2172.5,6350.5,,,Mendeley 10.17632/37wyv32y8j.1,bipolar potential,-0.915820666,-1.060520684,-1.377321482,1.395404175,0.18403219,0.537950021,3.656308,0,-0.195193375,-0.066547754,0.696567134,-0.599480555,0.557723014,1.217737985,0.060683807,0.0
external_public,external_mat_bipolar_20260718,external_vl_vm_window,external_vl_vm_angle_features,ext_mat_04,ext_mat_04_trial_01,ext_mat_04_trial_01_w01,window_5s,stable squatting 1,unknown,stable,stable squatting 1,5.0,11837.0,0.098714,0.063912,280.926814,2086.5,5995.5,,,Mendeley 10.17632/37wyv32y8j.1,bipolar potential,-1.00562125,-1.194417592,-1.624648454,1.544529979,0.176269325,0.506505027,3.580482,0,-0.840484913,-1.086183792,-1.085715263,0.796950483,0.371801393,0.714174062,-0.148836126,0.0
external_public,external_mat_bipolar_20260718,external_vl_vm_window,external_vl_vm_angle_features,ext_mat_04,ext_mat_04_trial_01,ext_mat_04_trial_01_w02,window_5s,stable squatting 1,unknown,stable,stable squatting 1,5.0,11837.0,0.121296,0.084582,339.487468,1814.0,5425.0,,,Mendeley 10.17632/37wyv32y8j.1,bipolar potential,-0.916153521,-1.07272205,-1.5424179,1.434063985,0.153248289,0.458308693,3.603214,0,-0.197585214,-0.159462166,-0.493147183,-0.237465685,-0.179555397,-0.057647839,-0.086023804,0.0
external_public,external_mat_bipolar_20260718,external_vl_vm_window,external_vl_vm_angle_features,ext_mat_04,ext_mat_04_trial_01,ext_mat_04_trial_01_w03,window_5s,stable squatting 1,unknown,stable,stable squatting 1,5.0,11836.0,0.105427,0.069367,312.241766,2189.0,5806.5,,,Mendeley 10.17632/37wyv32y8j.1,bipolar potential,-0.977048151,-1.158847088,-1.578713962,1.51984373,0.184944238,0.490579588,3.665519,0,-0.635163542,-0.815311459,-0.754703098,0.565785632,0.579566682,0.459142162,0.086135342,0.0
external_public,external_mat_bipolar_20260718,external_vl_vm_window,external_vl_vm_angle_features,ext_mat_04,ext_mat_04_trial_01,ext_mat_04_trial_01_w04,window_5s,stable squatting 1,unknown,stable,stable squatting 1,5.0,11836.0,0.108543,0.074204,299.400976,1755.5,5524.5,,,Mendeley 10.17632/37wyv32y8j.1,bipolar potential,-0.964398179,-1.129572683,-1.596951745,1.462764811,0.148318689,0.466753971,3.548796,0,-0.544263021,-0.592384442,-0.886127824,0.031292124,-0.297619954,0.07759586,-0.236389849,0.0
external_public,external_mat_bipolar_20260718,external_vl_vm_window,external_vl_vm_angle_features,ext_mat_04,ext_mat_04_trial_01,ext_mat_04_trial_01_w05,window_5s,stable squatting 1,unknown,stable,stable squatting 1,5.0,11836.0,0.116373,0.080858,320.180688,1688.5,5421.5,,,Mendeley 10.17632/37wyv32y8j.1,bipolar potential,-0.93414777,-1.092277005,-1.567809823,1.439226793,0.142657993,0.458051707,3.465334,0,-0.32688879,-0.308374767,-0.676125922,-0.189120562,-0.433194356,-0.061763244,-0.467009328,0.0
external_public,external_mat_bipolar_20260718,external_vl_vm_window,external_vl_vm_angle_features,ext_mat_04,ext_mat_04_trial_01,ext_mat_04_trial_01_w06,window_5s,stable squatting 1,unknown,stable,stable squatting 1,5.0,11836.0,0.108147,0.076651,316.890395,1625.0,5277.0,,,Mendeley 10.17632/37wyv32y8j.1,bipolar potential,-0.965985523,-1.115482175,-1.572295881,1.410901358,0.137293004,0.44584319,3.508266,0,-0.555669402,-0.485084057,-0.708453258,-0.454363166,-0.561686536,-0.257271907,-0.348381024,0.0
external_public,external_mat_bipolar_20260718,external_vl_vm_window,external_vl_vm_angle_features,ext_mat_04,ext_mat_04_trial_01,ext_mat_04_trial_01_w07,window_5s,stable squatting 1,unknown,stable,stable squatting 1,5.0,11836.0,0.129568,0.092211,338.521587,1432.5,5063.0,,,Mendeley 10.17632/37wyv32y8j.1,bipolar potential,-0.887502245,-1.035217268,-1.543618588,1.405125202,0.121029064,0.427762758,3.535762,0,0.008297923,0.126139854,-0.501799555,-0.508451749,-0.951210003,-0.546814124,-0.272404973,0.0
external_public,external_mat_bipolar_20260718,external_vl_vm_window,external_vl_vm_angle_features,ext_mat_04,ext_mat_04_trial_01,ext_mat_04_trial_01_w08,window_5s,stable squatting 1,unknown,stable,stable squatting 1,5.0,11836.0,0.121618,0.084144,327.205527,1743.5,5388.5,,,Mendeley 10.17632/37wyv32y8j.1,bipolar potential,-0.915002143,-1.074976847,-1.558384326,1.445355581,0.147304833,0.455263603,3.71835,0,-0.18931161,-0.176632632,-0.608204104,-0.131729892,-0.321901937,-0.106412278,0.232116239,0.0
external_public,external_mat_bipolar_20260718,external_vl_vm_window,external_vl_vm_angle_features,ext_mat_04,ext_mat_04_trial_01,ext_mat_04_trial_01_w09,window_5s,stable squatting 1,unknown,stable,stable squatting 1,5.0,11836.0,0.105706,0.069983,286.281275,2110.5,5751.5,,,Mendeley 10.17632/37wyv32y8j.1,bipolar potential,-0.975900361,-1.155007444,-1.616412014,1.510452538,0.17831193,0.485932748,3.571943,0,-0.626915721,-0.786072253,-1.026362003,0.477845439,0.420722047,0.384727107,-0.172430813,0.0
external_public,external_mat_bipolar_20260718,external_vl_vm_window,external_vl_vm_angle_features,ext_mat_04,ext_mat_04_trial_01,ext_mat_04_trial_01_w10,window_5s,stable squatting 1,unknown,stable,stable squatting 1,5.0,11836.0,0.130104,0.09193,335.901237,1499.0,5120.0,,,Mendeley 10.17632/37wyv32y8j.1,bipolar potential,-0.885709351,-1.03654274,-1.546993353,1.415250734,0.126647516,0.432578574,3.520322,0,0.021181351,0.116046275,-0.526118716,-0.413635113,-0.816647351,-0.469693066,-0.315068278,0.0
external_public,external_mat_bipolar_20260718,external_vl_vm_window,external_vl_vm_angle_features,ext_mat_04,ext_mat_04_trial_01,ext_mat_04_trial_01_w11,window_5s,stable squatting 1,unknown,stable,stable squatting 1,5.0,11836.0,0.092093,0.06062,269.925346,2191.5,5937.5,,,Mendeley 10.17632/37wyv32y8j.1,bipolar potential,-1.035773379,-1.217384068,-1.64196129,1.519185087,0.185155458,0.501647516,3.567856,0,-1.057152922,-1.261075408,-1.210474655,0.559618024,0.584625428,0.636385295,-0.183723878,0.0
external_public,external_mat_bipolar_20260718,external_vl_vm_window,external_vl_vm_angle_features,ext_mat_04,ext_mat_04_trial_01,ext_mat_04_trial_01_w12,window_5s,stable squatting 1,unknown,stable,stable squatting 1,5.0,11836.0,0.122113,0.083423,315.063623,1708.0,5363.5,,,Mendeley 10.17632/37wyv32y8j.1,bipolar potential,-0.913238099,-1.078714196,-1.574806694,1.463780972,0.144305509,0.453151403,3.524709,0,-0.176635493,-0.205092854,-0.726546625,0.040807571,-0.393736135,-0.140237303,-0.302946262,0.0
external_public,external_mat_bipolar_20260718,external_vl_vm_window,external_vl_vm_angle_features,ext_mat_04,ext_mat_04_trial_01,ext_mat_04_trial_01_w13,window_5s,stable squatting 1,unknown,stable,stable squatting 1,5.0,11836.0,0.121152,0.084449,315.577326,1505.0,5242.5,,,Mendeley 10.17632/37wyv32y8j.1,bipolar potential,-0.916669412,-1.073405489,-1.574099165,1.434617343,0.127154444,0.442928354,3.464325,0,-0.201292318,-0.16466661,-0.721448045,-0.232283977,-0.80450636,-0.303950442,-0.469797364,0.0
external_public,external_mat_bipolar_20260718,external_vl_vm_window,external_vl_vm_angle_features,ext_mat_04,ext_mat_04_trial_01,ext_mat_04_trial_01_w14,window_5s,stable squatting 1,unknown,stable,stable squatting 1,5.0,11836.0,0.126997,0.089905,323.97618,1464.5,5031.0,,,Mendeley 10.17632/37wyv32y8j.1,bipolar potential,-0.896206538,-1.046216155,-1.562691876,1.412568823,0.12373268,0.425059142,3.458937,0,-0.054249628,0.042382419,-0.63924508,-0.438748833,-0.88645805,-0.590110156,-0.48468531,0.0
external_public,external_mat_bipolar_20260718,external_vl_vm_window,external_vl_vm_angle_features,ext_mat_04,ext_mat_04_trial_01,ext_mat_04_trial_01_w15,window_5s,stable squatting 1,unknown,stable,stable squatting 1,5.0,11836.0,0.111813,0.079221,309.325796,1760.5,5401.0,,,Mendeley 10.17632/37wyv32y8j.1,bipolar potential,-0.9515077,-1.10115968,-1.582788817,1.411406067,0.148741129,0.456319703,3.601495,0,-0.451634258,-0.376017072,-0.784067231,-0.449637013,-0.287502462,-0.089499765,-0.090773689,0.0
external_public,external_mat_bipolar_20260718,external_vl_vm_window,external_vl_vm_angle_features,ext_mat_04,ext_mat_04_trial_01,ext_mat_04_trial_01_w16,window_5s,stable squatting 1,unknown,stable,stable squatting 1,5.0,11836.0,0.131267,0.093533,339.585861,1423.0,4884.0,,,Mendeley 10.17632/37wyv32y8j.1,bipolar potential,-0.88184444,-1.029035136,-1.542255357,1.403429806,0.120226428,0.412639405,3.568686,0,0.048953936,0.173217301,-0.491975869,-0.524327631,-0.970433239,-0.789001321,-0.181430449,0.0
external_public,external_mat_bipolar_20260718,external_vl_vm_window,external_vl_vm_angle_features,ext_mat_04,ext_mat_04_trial_01,ext_mat_04_trial_01_w17,window_5s,stable squatting 1,unknown,stable,stable squatting 1,5.0,11836.0,0.111713,0.076654,301.526146,1833.0,5446.0,,,Mendeley 10.17632/37wyv32y8j.1,bipolar potential,-0.951896285,-1.115465178,-1.59387998,1.457366869,0.154866509,0.460121663,3.552353,0,-0.454426563,-0.484954624,-0.863992136,-0.019254821,-0.140798819,-0.028614719,-0.226561262,0.0
external_public,external_mat_bipolar_20260718,external_vl_vm_window,external_vl_vm_angle_features,ext_mat_04,ext_mat_04_trial_01,ext_mat_04_trial_01_w18,window_5s,stable squatting 1,unknown,stable,stable squatting 1,5.0,11836.0,0.120969,0.083862,315.085164,1715.5,5330.5,,,Mendeley 10.17632/37wyv32y8j.1,bipolar potential,-0.917325909,-1.076434784,-1.574777002,1.442476926,0.144939169,0.450363298,3.596838,0,-0.206009792,-0.187734943,-0.72633266,-0.158685945,-0.378559896,-0.184886352,-0.10364176,0.0
external_public,external_mat_bipolar_20260718,external_vl_vm_window,external_vl_vm_angle_features,ext_mat_04,ext_mat_04_trial_02,ext_mat_04_trial_02_w01,window_5s,stable squatting 2,unknown,stable,stable squatting 2,5.0,11799.0,0.100207,0.065393,288.937834,2291.5,5982.5,,,Mendeley 10.17632/37wyv32y8j.1,bipolar potential,-0.99910194,-1.184468738,-1.611040788,1.532381142,0.194211374,0.507034494,3.652986,0,-0.793638274,-1.010422445,-0.987655988,0.683187388,0.801515787,0.72265301,0.051504564,0.0
external_public,external_mat_bipolar_20260718,external_vl_vm_window,external_vl_vm_angle_features,ext_mat_04,ext_mat_04_trial_02,ext_mat_04_trial_02_w02,window_5s,stable squatting 2,unknown,stable,stable squatting 2,5.0,11799.0,0.10186,0.067862,287.034883,2020.5,5880.0,,,Mendeley 10.17632/37wyv32y8j.1,bipolar potential,-0.991996328,-1.168373345,-1.613910522,1.500987298,0.171243326,0.498347318,3.541274,0,-0.742578569,-0.887854695,-1.008335804,0.389211852,0.251428067,0.583535527,-0.257174394,0.0
external_public,external_mat_bipolar_20260718,external_vl_vm_window,external_vl_vm_angle_features,ext_mat_04,ext_mat_04_trial_02,ext_mat_04_trial_02_w03,window_5s,stable squatting 2,unknown,stable,stable squatting 2,5.0,11799.0,0.130467,0.091987,344.437339,1623.0,5204.0,,,Mendeley 10.17632/37wyv32y8j.1,bipolar potential,-0.884499324,-1.036273545,-1.534734976,1.41831998,0.13755403,0.441054327,3.531149,0,0.029876397,0.118096217,-0.437782659,-0.384894343,-0.55543493,-0.333961336,-0.285151464,0.0
external_public,external_mat_bipolar_20260718,external_vl_vm_window,external_vl_vm_angle_features,ext_mat_04,ext_mat_04_trial_02,ext_mat_04_trial_02_w04,window_5s,stable squatting 2,unknown,stable,stable squatting 2,5.0,11799.0,0.114964,0.075263,305.484127,1960.5,5625.0,,,Mendeley 10.17632/37wyv32y8j.1,bipolar potential,-0.939438134,-1.123418475,-1.586856552,1.527496911,0.166158149,0.476735317,3.562252,0,-0.364904435,-0.545519639,-0.813380057,0.637450892,0.12963742,0.237438338,-0.199208668,0.0
external_public,external_mat_bipolar_20260718,external_vl_vm_window,external_vl_vm_angle_features,ext_mat_04,ext_mat_04_trial_02,ext_mat_04_trial_02_w05,window_5s,stable squatting 2,unknown,stable,stable squatting 2,5.0,11799.0,0.112769,0.074462,310.851991,2030.0,5667.5,,,Mendeley 10.17632/37wyv32y8j.1,bipolar potential,-0.947810271,-1.128065303,-1.579291548,1.514450324,0.172048479,0.480337317,3.526782,0,-0.42506517,-0.580905619,-0.758865286,0.515281163,0.270711585,0.2951212,-0.297218216,0.0
external_public,external_mat_bipolar_20260718,external_vl_vm_window,external_vl_vm_angle_features,ext_mat_04,ext_mat_04_trial_02,ext_mat_04_trial_02_w06,window_5s,stable squatting 2,unknown,stable,stable squatting 2,5.0,11799.0,0.11055,0.076048,312.54173,1879.0,5621.0,,,Mendeley 10.17632/37wyv32y8j.1,bipolar potential,-0.956441253,-1.118912203,-1.576937189,1.453687145,0.159250784,0.476396305,3.500872,0,-0.487085921,-0.511204004,-0.741899354,-0.053712176,-0.035794865,0.232009359,-0.368811884,0.0
external_public,external_mat_bipolar_20260718,external_vl_vm_window,external_vl_vm_angle_features,ext_mat_04,ext_mat_04_trial_02,ext_mat_04_trial_02_w07,window_5s,stable squatting 2,unknown,stable,stable squatting 2,5.0,11799.0,0.103116,0.06615,284.812747,2232.5,5823.0,,,Mendeley 10.17632/37wyv32y8j.1,bipolar potential,-0.986673942,-1.179470151,-1.617285779,1.558820862,0.18921095,0.4935164,3.572533,0,-0.70433282,-0.972357791,-1.03265851,0.930771942,0.681754986,0.506172624,-0.170800544,0.0
external_public,external_mat_bipolar_20260718,external_vl_vm_window,external_vl_vm_angle_features,ext_mat_04,ext_mat_04_trial_02,ext_mat_04_trial_02_w08,window_5s,stable squatting 2,unknown,stable,stable squatting 2,5.0,11799.0,0.109227,0.076921,306.307634,1672.0,5472.0,,,Mendeley 10.17632/37wyv32y8j.1,bipolar potential,-0.961669994,-1.113955078,-1.58568738,1.41998934,0.141706924,0.463768116,3.560166,0,-0.524658753,-0.473455087,-0.804954795,-0.369262266,-0.455972581,0.029780019,-0.204972635,0.0
external_public,external_mat_bipolar_20260718,external_vl_vm_window,external_vl_vm_angle_features,ext_mat_04,ext_mat_04_trial_02,ext_mat_04_trial_02_w09,window_5s,stable squatting 2,unknown,stable,stable squatting 2,5.0,11799.0,0.101335,0.06763,281.162127,2032.0,5768.5,,,Mendeley 10.17632/37wyv32y8j.1,bipolar potential,-0.994240528,-1.169860613,-1.622888381,1.498373503,0.172217985,0.488897364,3.456097,0,-0.758705004,-0.899180364,-1.073031862,0.364735977,0.274771276,0.432202825,-0.492532705,0.0
external_public,external_mat_bipolar_20260718,external_vl_vm_window,external_vl_vm_angle_features,ext_mat_04,ext_mat_04_trial_02,ext_mat_04_trial_02_w10,window_5s,stable squatting 2,unknown,stable,stable squatting 2,5.0,11799.0,0.10379,0.070987,285.751356,1755.5,5573.0,,,Mendeley 10.17632/37wyv32y8j.1,bipolar potential,-0.983844488,-1.148821177,-1.615856901,1.462098694,0.148783795,0.472328163,3.538606,0,-0.68400085,-0.738963317,-1.022361759,0.025054528,-0.286480606,0.166861643,-0.264546525,0.0
external_public,external_mat_bipolar_20260718,external_vl_vm_window,external_vl_vm_angle_features,ext_mat_04,ext_mat_04_trial_02,ext_mat_04_trial_02_w11,window_5s,stable squatting 2,unknown,stable,stable squatting 2,5.0,11799.0,0.112269,0.077008,304.856965,1918.0,5497.5,,,Mendeley 10.17632/37wyv32y8j.1,bipolar potential,-0.949740146,-1.113464156,-1.587749079,1.457887492,0.162556149,0.465929316,3.552817,0,-0.438932919,-0.469716676,-0.819811767,-0.014379648,0.043369054,0.064389736,-0.225279153,0.0
external_public,external_mat_bipolar_20260718,external_vl_vm_window,external_vl_vm_angle_features,ext_mat_04,ext_mat_04_trial_02,ext_mat_04_trial_02_w12,window_5s,stable squatting 2,unknown,stable,stable squatting 2,5.0,11799.0,0.10953,0.074663,298.185365,1916.0,5632.0,,,Mendeley 10.17632/37wyv32y8j.1,bipolar potential,-0.960466912,-1.126894564,-1.597358877,1.466991683,0.162386643,0.477328587,3.495733,0,-0.516013613,-0.571990344,-0.88906169,0.070873035,0.039309364,0.246939035,-0.383011802,0.0
external_public,external_mat_bipolar_20260718,external_vl_vm_window,external_vl_vm_angle_features,ext_mat_04,ext_mat_04_trial_02,ext_mat_04_trial_02_w13,window_5s,stable squatting 2,unknown,stable,stable squatting 2,5.0,11799.0,0.127842,0.087021,323.622373,1634.5,5404.0,,,Mendeley 10.17632/37wyv32y8j.1,bipolar potential,-0.893326444,-1.06037593,-1.561806663,1.469093667,0.138528689,0.458004916,3.414235,0,-0.033553768,-0.06544544,-0.632866077,0.090556253,-0.532091721,-0.062512561,-0.60820442,0.0
external_public,external_mat_bipolar_20260718,external_vl_vm_window,external_vl_vm_angle_features,ext_mat_04,ext_mat_04_trial_02,ext_mat_04_trial_02_w14,window_5s,stable squatting 2,unknown,stable,stable squatting 2,5.0,11799.0,0.103371,0.064516,277.3521,2271.5,6001.0,,,Mendeley 10.17632/37wyv32y8j.1,bipolar potential,-0.985601282,-1.190332567,-1.628813743,1.602253705,0.192516315,0.508602424,3.444091,0,-0.696624869,-1.055075988,-1.11573108,1.337482037,0.760918905,0.74776203,-0.525707293,0.0
external_public,external_mat_bipolar_20260718,external_vl_vm_window,external_vl_vm_angle_features,ext_mat_04,ext_mat_04_trial_02,ext_mat_04_trial_02_w15,window_5s,stable squatting 2,unknown,stable,stable squatting 2,5.0,11799.0,0.119011,0.077364,308.902361,2027.0,5665.0,,,Mendeley 10.17632/37wyv32y8j.1,bipolar potential,-0.924412896,-1.111461084,-1.582023973,1.538325319,0.17179422,0.480125434,3.469055,0,-0.256935661,-0.454463116,-0.778555629,0.738849339,0.26462205,0.29172808,-0.456727582,0.0
external_public,external_mat_bipolar_20260718,external_vl_vm_window,external_vl_vm_angle_features,ext_mat_04,ext_mat_04_trial_02,ext_mat_04_trial_02_w16,window_5s,stable squatting 2,unknown,stable,stable squatting 2,5.0,11799.0,0.089623,0.05743,256.717733,2387.5,6072.5,,,Mendeley 10.17632/37wyv32y8j.1,bipolar potential,-1.047580523,-1.240861184,-1.662389332,1.560560683,0.202347657,0.51466226,3.617767,0,-1.141997026,-1.439855589,-1.35768278,0.947063824,0.996380818,0.844804974,-0.045811429,0.0
external_public,external_mat_bipolar_20260718,external_vl_vm_window,external_vl_vm_angle_features,ext_mat_04,ext_mat_04_trial_02,ext_mat_04_trial_02_w17,window_5s,stable squatting 2,unknown,stable,stable squatting 2,5.0,11798.0,0.114989,0.079197,306.604797,1806.5,5563.5,,,Mendeley 10.17632/37wyv32y8j.1,bipolar potential,-0.939343703,-1.101291269,-1.585229446,1.451936311,0.153119173,0.471562977,3.469628,0,-0.36422587,-0.377019133,-0.801654841,-0.070107185,-0.182647742,0.154607862,-0.455144287,0.0
external_public,external_mat_bipolar_20260718,external_vl_vm_window,external_vl_vm_angle_features,ext_mat_04,ext_mat_04_trial_02,ext_mat_04_trial_02_w18,window_5s,stable squatting 2,unknown,stable,stable squatting 2,5.0,11798.0,0.085078,0.055333,253.04682,2322.0,6029.5,,,Mendeley 10.17632/37wyv32y8j.1,bipolar potential,-1.070182728,-1.257015783,-1.668607508,1.537563479,0.196813019,0.511061197,3.412933,0,-1.30441258,-1.562874198,-1.402492068,0.731715383,0.863825522,0.787137117,-0.611802064,0.0
external_public,external_mat_bipolar_20260718,external_vl_vm_window,external_vl_vm_angle_features,ext_mat_04,ext_mat_04_trial_03,ext_mat_04_trial_03_w01,window_5s,unstable BOSU squatting,unknown,unstable,unstable BOSU squatting,5.0,11830.0,0.142483,0.10106,516.380232,1986.5,5802.0,,,Mendeley 10.17632/37wyv32y8j.1,bipolar potential,-0.846236949,-0.995420706,-1.360015136,1.409885217,0.167920541,0.490448014,3.525944,0,0.304823237,0.429193968,0.821279758,-0.463878426,0.171846936,0.45703512,-0.299533751,0.0
external_public,external_mat_bipolar_20260718,external_vl_vm_window,external_vl_vm_angle_features,ext_mat_04,ext_mat_04_trial_03,ext_mat_04_trial_03_w02,window_5s,unstable BOSU squatting,unknown,unstable,unstable BOSU squatting,5.0,11830.0,0.12568,0.084608,492.561658,2398.0,6166.0,,,Mendeley 10.17632/37wyv32y8j.1,bipolar potential,-0.900733828,-1.072588571,-1.380524142,1.485438729,0.202704987,0.521217244,3.417681,0,-0.086781954,-0.158445712,0.673488193,0.243613278,1.004938917,0.949777278,-0.598682545,0.0
external_public,external_mat_bipolar_20260718,external_vl_vm_window,external_vl_vm_angle_features,ext_mat_04,ext_mat_04_trial_03,ext_mat_04_trial_03_w03,window_5s,unstable BOSU squatting,unknown,unstable,unstable BOSU squatting,5.0,11830.0,0.134654,0.092693,504.459496,2205.0,5985.5,,,Mendeley 10.17632/37wyv32y8j.1,bipolar potential,-0.870780741,-1.032953062,-1.370158443,1.452687905,0.186390533,0.505959425,3.58054,0,0.128455773,0.14338197,0.748185274,-0.063069173,0.614205634,0.705436726,-0.148675862,0.0
external_public,external_mat_bipolar_20260718,external_vl_vm_window,external_vl_vm_angle_features,ext_mat_04,ext_mat_04_trial_03,ext_mat_04_trial_03_w04,window_5s,unstable BOSU squatting,unknown,unstable,unstable BOSU squatting,5.0,11830.0,0.123942,0.08783,487.012511,2239.0,6136.5,,,Mendeley 10.17632/37wyv32y8j.1,bipolar potential,-0.9067815,-1.056357117,-1.385444627,1.411157919,0.189264582,0.518723584,3.676672,0,-0.130239484,-0.034841846,0.638030298,-0.451960699,0.683039479,0.909843506,0.116952948,0.0
external_public,external_mat_bipolar_20260718,external_vl_vm_window,external_vl_vm_angle_features,ext_mat_04,ext_mat_04_trial_03,ext_mat_04_trial_03_w05,window_5s,unstable BOSU squatting,unknown,unstable,unstable BOSU squatting,5.0,11830.0,0.114336,0.078171,471.458936,2448.5,6216.0,,,Mendeley 10.17632/37wyv32y8j.1,bipolar potential,-0.941817005,-1.106954332,-1.399540873,1.462639598,0.206973795,0.525443787,3.629956,0,-0.381998592,-0.420143827,0.536450228,0.030119615,1.107177421,1.017461647,-0.012131181,0.0
external_public,external_mat_bipolar_20260718,external_vl_vm_window,external_vl_vm_angle_features,ext_mat_04,ext_mat_04_trial_03,ext_mat_04_trial_03_w06,window_5s,unstable BOSU squatting,unknown,unstable,unstable BOSU squatting,5.0,11830.0,0.144999,0.104432,499.379216,1816.5,5791.5,,,Mendeley 10.17632/37wyv32y8j.1,bipolar potential,-0.838634993,-0.981166405,-1.374554281,1.388453731,0.153550296,0.48956044,2.948218,0,0.359449584,0.53774165,0.716508079,-0.664565305,-0.17232229,0.442821403,-1.89588741,0.0
external_public,external_mat_bipolar_20260718,external_vl_vm_window,external_vl_vm_angle_features,ext_mat_04,ext_mat_04_trial_03,ext_mat_04_trial_03_w07,window_5s,unstable BOSU squatting,unknown,unstable,unstable BOSU squatting,5.0,11829.0,0.133205,0.094739,506.352278,1997.0,5922.0,,,Mendeley 10.17632/37wyv32y8j.1,bipolar potential,-0.875479473,-1.023471204,-1.368495264,1.406020752,0.168822386,0.500634035,3.443697,0,0.094691493,0.215587103,0.760170439,-0.500065717,0.193446241,0.620155288,-0.526795981,0.0
external_public,external_mat_bipolar_20260718,external_vl_vm_window,external_vl_vm_angle_features,ext_mat_04,ext_mat_04_trial_03,ext_mat_04_trial_03_w08,window_5s,unstable BOSU squatting,unknown,unstable,unstable BOSU squatting,5.0,11829.0,0.14836,0.104773,521.544292,1903.0,5848.5,,,Mendeley 10.17632/37wyv32y8j.1,bipolar potential,-0.828683175,-0.979750621,-1.355656835,1.416013668,0.160875814,0.494420492,3.495443,0,0.430961635,0.548522962,0.852686455,-0.406490912,0.003124814,0.520650862,-0.38381312,0.0
external_public,external_mat_bipolar_20260718,external_vl_vm_window,external_vl_vm_angle_features,ext_mat_04,ext_mat_04_trial_03,ext_mat_04_trial_03_w09,window_5s,unstable BOSU squatting,unknown,unstable,unstable BOSU squatting,5.0,11829.0,0.158922,0.112045,520.046833,1784.0,5622.0,,,Mendeley 10.17632/37wyv32y8j.1,bipolar potential,-0.798815978,-0.950607519,-1.356905576,1.418376545,0.150815792,0.475272635,3.509916,0,0.645582171,0.770450096,0.843687804,-0.384364662,-0.237814015,0.214014772,-0.343821798,0.0
external_public,external_mat_bipolar_20260718,external_vl_vm_window,external_vl_vm_angle_features,ext_mat_04,ext_mat_04_trial_03,ext_mat_04_trial_03_w10,window_5s,unstable BOSU squatting,unknown,unstable,unstable BOSU squatting,5.0,11829.0,0.139434,0.094717,501.504519,2093.0,5884.0,,,Mendeley 10.17632/37wyv32y8j.1,bipolar potential,-0.855631314,-1.023572066,-1.372673181,1.472111659,0.176938034,0.497421591,3.723778,0,0.237316947,0.214819031,0.730063622,0.118817075,0.38781706,0.568710823,0.247114712,0.0
external_public,external_mat_bipolar_20260718,external_vl_vm_window,external_vl_vm_angle_features,ext_mat_04,ext_mat_04_trial_03,ext_mat_04_trial_03_w11,window_5s,unstable BOSU squatting,unknown,unstable,unstable BOSU squatting,5.0,11829.0,0.148501,0.108225,510.995714,1653.0,5712.0,,,Mendeley 10.17632/37wyv32y8j.1,bipolar potential,-0.828270622,-0.965672406,-1.364530774,1.372150612,0.139741314,0.482881055,3.393329,0,0.43392617,0.655729735,0.788739263,-0.817229571,-0.503049195,0.335856927,-0.665971198,0.0
external_public,external_mat_bipolar_20260718,external_vl_vm_window,external_vl_vm_angle_features,ext_mat_04,ext_mat_04_trial_03,ext_mat_04_trial_03_w12,window_5s,unstable BOSU squatting,unknown,unstable,unstable BOSU squatting,5.0,11829.0,0.121439,0.084377,482.087208,2170.0,6121.0,,,Mendeley 10.17632/37wyv32y8j.1,bipolar potential,-0.915641818,-1.07377592,-1.389822424,1.439242922,0.18344746,0.517457097,3.581366,0,-0.193908204,-0.167487473,0.60648311,-0.188969528,0.543718655,0.889561831,-0.146393486,0.0
external_public,external_mat_bipolar_20260718,external_vl_vm_window,external_vl_vm_angle_features,ext_mat_04,ext_mat_04_trial_03,ext_mat_04_trial_03_w13,window_5s,unstable BOSU squatting,unknown,unstable,unstable BOSU squatting,5.0,11829.0,0.13566,0.095982,496.78179,1978.5,5906.5,,,Mendeley 10.17632/37wyv32y8j.1,bipolar potential,-0.867548187,-1.017810205,-1.376782364,1.413390011,0.167258433,0.499323696,3.32161,0,0.151684349,0.258696079,0.700452114,-0.431059135,0.155989364,0.599171362,-0.864142802,0.0
external_public,external_mat_bipolar_20260718,external_vl_vm_window,external_vl_vm_angle_features,ext_mat_04,ext_mat_04_trial_03,ext_mat_04_trial_03_w14,window_5s,unstable BOSU squatting,unknown,unstable,unstable BOSU squatting,5.0,11829.0,0.133066,0.093857,483.638548,2002.0,5897.0,,,Mendeley 10.17632/37wyv32y8j.1,bipolar potential,-0.875932898,-1.027533331,-1.388427123,1.417752538,0.169245076,0.498520585,3.639246,0,0.091433259,0.18465367,0.616537898,-0.390207935,0.203569721,0.586310245,0.013538644,0.0
external_public,external_mat_bipolar_20260718,external_vl_vm_window,external_vl_vm_angle_features,ext_mat_04,ext_mat_04_trial_03,ext_mat_04_trial_03_w15,window_5s,unstable BOSU squatting,unknown,unstable,unstable BOSU squatting,5.0,11829.0,0.145444,0.106485,507.912414,1721.5,5784.5,,,Mendeley 10.17632/37wyv32y8j.1,bipolar potential,-0.83730419,-0.972711565,-1.367159204,1.365863737,0.145532167,0.48901006,3.614616,0,0.369012505,0.602125956,0.769798326,-0.876100586,-0.364357517,0.434007552,-0.054518169,0.0
external_public,external_mat_bipolar_20260718,external_vl_vm_window,external_vl_vm_angle_features,ext_mat_04,ext_mat_04_trial_03,ext_mat_04_trial_03_w16,window_5s,unstable BOSU squatting,unknown,unstable,unstable BOSU squatting,5.0,11829.0,0.135245,0.092946,482.674676,2190.0,6109.0,,,Mendeley 10.17632/37wyv32y8j.1,bipolar potential,-0.868878782,-1.031769296,-1.389293518,1.455092204,0.18513822,0.516442641,3.642966,0,0.142122923,0.152396446,0.610294501,-0.040555043,0.584212576,0.87331621,0.023817627,0.0
external_public,external_mat_bipolar_20260718,external_vl_vm_window,external_vl_vm_angle_features,ext_mat_04,ext_mat_04_trial_03,ext_mat_04_trial_03_w17,window_5s,unstable BOSU squatting,unknown,unstable,unstable BOSU squatting,5.0,11829.0,0.119875,0.085792,480.216249,2145.0,6277.5,,,Mendeley 10.17632/37wyv32y8j.1,bipolar potential,-0.92127138,-1.066553208,-1.391511181,1.397274804,0.18133401,0.530687294,3.355801,0,-0.234361268,-0.112485923,0.594313625,-0.581963772,0.493101254,1.1014318,-0.769667345,0.0
external_public,external_mat_bipolar_20260718,external_vl_vm_window,external_vl_vm_angle_features,ext_mat_04,ext_mat_04_trial_03,ext_mat_04_trial_03_w18,window_5s,unstable BOSU squatting,unknown,unstable,unstable BOSU squatting,5.0,11829.0,0.1138,0.079029,468.921613,2417.5,6251.5,,,Mendeley 10.17632/37wyv32y8j.1,bipolar potential,-0.943857738,-1.102213513,-1.401847782,1.43997773,0.204370615,0.528489306,3.462978,0,-0.396662948,-0.384042098,0.519826229,-0.182088702,1.044830924,1.066232955,-0.47351935,0.0
external_public,external_mat_bipolar_20260718,external_vl_vm_window,external_vl_vm_angle_features,ext_mat_05,ext_mat_05_trial_01,ext_mat_05_trial_01_w01,window_5s,stable squatting 1,unknown,stable,stable squatting 1,5.0,11766.0,0.142172,0.087935,312.507896,1693.0,5351.5,,,Mendeley 10.17632/37wyv32y8j.1,bipolar potential,-0.847185927,-1.055838232,-1.575767849,1.616785125,0.143889172,0.454827469,4.246455,0,0.298004044,-0.030890494,-0.73347288,1.473555912,-0.40370746,-0.11339658,1.691358769,0.0
external_public,external_mat_bipolar_20260718,external_vl_vm_window,external_vl_vm_angle_features,ext_mat_05,ext_mat_05_trial_01,ext_mat_05_trial_01_w02,window_5s,stable squatting 1,unknown,stable,stable squatting 1,5.0,11766.0,0.178157,0.122122,381.056214,1294.0,4577.0,,,Mendeley 10.17632/37wyv32y8j.1,bipolar potential,-0.749197109,-0.913206092,-1.489639796,1.458844434,0.109977902,0.38900221,3.510102,0,1.002134822,1.055265059,-0.112818726,-0.005418734,-1.215886762,-1.167530211,-0.343307849,0.0
external_public,external_mat_bipolar_20260718,external_vl_vm_window,external_vl_vm_angle_features,ext_mat_05,ext_mat_05_trial_01,ext_mat_05_trial_01_w03,window_5s,stable squatting 1,unknown,stable,stable squatting 1,5.0,11765.0,0.158461,0.099124,339.875711,1728.5,5231.0,,,Mendeley 10.17632/37wyv32y8j.1,bipolar potential,-0.800077608,-1.003821181,-1.539271802,1.598613857,0.146918827,0.444623884,3.564701,0,0.636516315,0.365223655,-0.470475838,1.303398086,-0.33114683,-0.27679802,-0.192441671,0.0
external_public,external_mat_bipolar_20260718,external_vl_vm_window,external_vl_vm_angle_features,ext_mat_05,ext_mat_05_trial_01,ext_mat_05_trial_01_w04,window_5s,stable squatting 1,unknown,stable,stable squatting 1,5.0,11765.0,0.20261,0.127267,392.724373,1470.5,4732.5,,,Mendeley 10.17632/37wyv32y8j.1,bipolar potential,-0.693339123,-0.895284193,-1.476504077,1.592007355,0.124989375,0.402252444,3.723326,0,1.403520694,1.191741803,-0.018160385,1.241534047,-0.856360042,-0.955339367,0.245865761,0.0
external_public,external_mat_bipolar_20260718,external_vl_vm_window,external_vl_vm_angle_features,ext_mat_05,ext_mat_05_trial_01,ext_mat_05_trial_01_w05,window_5s,stable squatting 1,unknown,stable,stable squatting 1,5.0,11765.0,0.230404,0.144575,420.190406,1303.5,4546.5,,,Mendeley 10.17632/37wyv32y8j.1,bipolar potential,-0.637509985,-0.839906799,-1.447145799,1.593664188,0.11079473,0.386442839,3.680608,0,1.804699269,1.613445242,0.193400617,1.257048821,-1.196323626,-1.208516286,0.127828775,0.0
external_public,external_mat_bipolar_20260718,external_vl_vm_window,external_vl_vm_angle_features,ext_mat_05,ext_mat_05_trial_01,ext_mat_05_trial_01_w06,window_5s,stable squatting 1,unknown,stable,stable squatting 1,5.0,11765.0,0.176766,0.112179,353.148377,1380.5,4923.0,,,Mendeley 10.17632/37wyv32y8j.1,bipolar potential,-0.752601266,-0.950088436,-1.522634717,1.575749472,0.117339567,0.418444539,3.795502,0,0.977673136,0.774402956,-0.350586028,1.089293377,-1.039573934,-0.696037206,0.445300132,0.0
external_public,external_mat_bipolar_20260718,external_vl_vm_window,external_vl_vm_angle_features,ext_mat_05,ext_mat_05_trial_01,ext_mat_05_trial_01_w07,window_5s,stable squatting 1,unknown,stable,stable squatting 1,5.0,11765.0,0.229745,0.148772,437.709966,1263.0,4306.5,,,Mendeley 10.17632/37wyv32y8j.1,bipolar potential,-0.638753932,-0.827478799,-1.429405497,1.544275805,0.107352316,0.366043349,3.769299,0,1.79576048,1.708085491,0.321240406,0.794570369,-1.278769887,-1.535196178,0.372896856,0.0
external_public,external_mat_bipolar_20260718,external_vl_vm_window,external_vl_vm_angle_features,ext_mat_05,ext_mat_05_trial_01,ext_mat_05_trial_01_w08,window_5s,stable squatting 1,unknown,stable,stable squatting 1,5.0,11765.0,0.17822,0.112005,355.59495,1510.5,5043.5,,,Mendeley 10.17632/37wyv32y8j.1,bipolar potential,-0.749043561,-0.95076259,-1.519636347,1.591178965,0.12838929,0.428686783,3.797304,0,1.003238192,0.769269218,-0.328979237,1.233776909,-0.774931638,-0.532016676,0.45027936,0.0
external_public,external_mat_bipolar_20260718,external_vl_vm_window,external_vl_vm_angle_features,ext_mat_05,ext_mat_05_trial_01,ext_mat_05_trial_01_w09,window_5s,stable squatting 1,unknown,stable,stable squatting 1,5.0,11765.0,0.235802,0.140757,397.456769,1375.5,4655.0,,,Mendeley 10.17632/37wyv32y8j.1,bipolar potential,-0.627452516,-0.851529998,-1.471302034,1.675241729,0.116914577,0.395665108,3.829817,0,1.87697051,1.52493362,0.019326467,2.020950219,-1.049752499,-1.060829759,0.540118222,0.0
external_public,external_mat_bipolar_20260718,external_vl_vm_window,external_vl_vm_angle_features,ext_mat_05,ext_mat_05_trial_01,ext_mat_05_trial_01_w10,window_5s,stable squatting 1,unknown,stable,stable squatting 1,5.0,11765.0,0.190968,0.123704,375.848486,1374.5,4642.5,,,Mendeley 10.17632/37wyv32y8j.1,bipolar potential,-0.7190394,-0.907616257,-1.495579126,1.543749596,0.116829579,0.394602635,3.895173,0,1.218842928,1.097832115,-0.1556186,0.789642888,-1.051788212,-1.07784433,0.720707792,0.0
external_public,external_mat_bipolar_20260718,external_vl_vm_window,external_vl_vm_angle_features,ext_mat_05,ext_mat_05_trial_01,ext_mat_05_trial_01_w11,window_5s,stable squatting 1,unknown,stable,stable squatting 1,5.0,11765.0,0.192571,0.116338,371.002735,1493.0,4724.5,,,Mendeley 10.17632/37wyv32y8j.1,bipolar potential,-0.715409114,-0.934278407,-1.50121482,1.655271708,0.126901827,0.401572461,3.916276,0,1.244929538,0.894797636,-0.196230419,1.833948665,-0.81055657,-0.966228696,0.779018914,0.0
external_public,external_mat_bipolar_20260718,external_vl_vm_window,external_vl_vm_angle_features,ext_mat_05,ext_mat_05_trial_01,ext_mat_05_trial_01_w12,window_5s,stable squatting 1,unknown,stable,stable squatting 1,5.0,11765.0,0.205175,0.140242,412.638167,1172.5,4252.5,,,Mendeley 10.17632/37wyv32y8j.1,bipolar potential,-0.687875558,-0.853121903,-1.455022536,1.463006803,0.099660008,0.361453464,3.660903,0,1.442780932,1.512811132,0.136639441,0.033558164,-1.463001658,-1.608699149,0.073380561,0.0
external_public,external_mat_bipolar_20260718,external_vl_vm_window,external_vl_vm_angle_features,ext_mat_05,ext_mat_05_trial_01,ext_mat_05_trial_01_w13,window_5s,stable squatting 1,unknown,stable,stable squatting 1,5.0,11765.0,0.169151,0.108785,353.677823,1396.0,4799.5,,,Mendeley 10.17632/37wyv32y8j.1,bipolar potential,-0.77172543,-0.963430984,-1.521984103,1.554911063,0.118657034,0.407947301,3.968588,0,0.840250186,0.672798349,-0.345897587,0.894160138,-1.008020428,-0.86414124,0.923565728,0.0
external_public,external_mat_bipolar_20260718,external_vl_vm_window,external_vl_vm_angle_features,ext_mat_05,ext_mat_05_trial_01,ext_mat_05_trial_01_w14,window_5s,stable squatting 1,unknown,stable,stable squatting 1,5.0,11765.0,0.195044,0.126675,390.367982,1426.0,4645.0,,,Mendeley 10.17632/37wyv32y8j.1,bipolar potential,-0.709867405,-0.897309087,-1.479117742,1.539719755,0.12120697,0.39481513,4.280618,0,1.284751305,1.176322068,-0.036994923,0.751906997,-0.946949131,-1.074441409,1.785756857,0.0
external_public,external_mat_bipolar_20260718,external_vl_vm_window,external_vl_vm_angle_features,ext_mat_05,ext_mat_05_trial_01,ext_mat_05_trial_01_w15,window_5s,stable squatting 1,unknown,stable,stable squatting 1,5.0,11765.0,0.199157,0.127453,393.476887,1554.5,4727.5,,,Mendeley 10.17632/37wyv32y8j.1,bipolar potential,-0.700804424,-0.894649938,-1.475672705,1.5625917,0.132129197,0.401827454,4.196553,0,1.349876326,1.196571707,-0.01216937,0.966082499,-0.685360382,-0.962145208,1.553471188,0.0
external_public,external_mat_bipolar_20260718,external_vl_vm_window,external_vl_vm_angle_features,ext_mat_05,ext_mat_05_trial_01,ext_mat_05_trial_01_w16,window_5s,stable squatting 1,unknown,stable,stable squatting 1,5.0,11765.0,0.153295,0.100347,337.811013,1440.5,4882.5,,,Mendeley 10.17632/37wyv32y8j.1,bipolar potential,-0.81447201,-0.998495607,-1.541918128,1.527649058,0.122439439,0.415002125,3.764021,0,0.53308062,0.405778342,-0.489545737,0.638875613,-0.917431339,-0.751164438,0.358312859,0.0
external_public,external_mat_bipolar_20260718,external_vl_vm_window,external_vl_vm_angle_features,ext_mat_05,ext_mat_05_trial_01,ext_mat_05_trial_01_w17,window_5s,stable squatting 1,unknown,stable,stable squatting 1,5.0,11765.0,0.208759,0.139395,422.267844,1174.0,4212.5,,,Mendeley 10.17632/37wyv32y8j.1,bipolar potential,-0.680354792,-0.855752804,-1.445003921,1.497607518,0.099787505,0.358053549,4.007232,0,1.496823862,1.492776603,0.208835373,0.357563206,-1.459948089,-1.663145798,1.030345569,0.0
external_public,external_mat_bipolar_20260718,external_vl_vm_window,external_vl_vm_angle_features,ext_mat_05,ext_mat_05_trial_01,ext_mat_05_trial_01_w18,window_5s,stable squatting 1,unknown,stable,stable squatting 1,5.0,11765.0,0.180319,0.113204,360.154529,1417.0,4817.0,,,Mendeley 10.17632/37wyv32y8j.1,bipolar potential,-0.74395851,-0.946138227,-1.514103051,1.592867743,0.120441989,0.409434764,3.792628,0,1.039778493,0.804484125,-0.289105317,1.249590819,-0.965270525,-0.840320828,0.437358789,0.0
external_public,external_mat_bipolar_20260718,external_vl_vm_window,external_vl_vm_angle_features,ext_mat_05,ext_mat_05_trial_02,ext_mat_05_trial_02_w01,window_5s,stable squatting 2,unknown,stable,stable squatting 2,5.0,11825.0,0.158431,0.10257,367.646625,1544.5,5011.5,,,Mendeley 10.17632/37wyv32y8j.1,bipolar potential,-0.800159837,-0.988979644,-1.507370566,1.544613435,0.130613108,0.423805497,3.725244,0,0.635925432,0.478243188,-0.240589826,0.797731975,-0.72167091,-0.610186178,0.251165516,0.0
external_public,external_mat_bipolar_20260718,external_vl_vm_window,external_vl_vm_angle_features,ext_mat_05,ext_mat_05_trial_02,ext_mat_05_trial_02_w02,window_5s,stable squatting 2,unknown,stable,stable squatting 2,5.0,11825.0,0.203101,0.132113,425.692264,1448.5,4552.0,,,Mendeley 10.17632/37wyv32y8j.1,bipolar potential,-0.692287938,-0.879054445,-1.443705391,1.537327894,0.122494715,0.384947146,3.868824,0,1.411074329,1.315332678,0.218192812,0.729509338,-0.916107472,-1.232468494,0.647901093,0.0
external_public,external_mat_bipolar_20260718,external_vl_vm_window,external_vl_vm_angle_features,ext_mat_05,ext_mat_05_trial_02,ext_mat_05_trial_02_w03,window_5s,stable squatting 2,unknown,stable,stable squatting 2,5.0,11825.0,0.211322,0.140008,450.462669,1325.0,4305.5,,,Mendeley 10.17632/37wyv32y8j.1,bipolar potential,-0.675055288,-0.853847148,-1.419142344,1.509356608,0.11205074,0.36410148,3.820881,0,1.534905185,1.507288331,0.395198522,0.467583025,-1.166242024,-1.566293502,0.515426558,0.0
external_public,external_mat_bipolar_20260718,external_vl_vm_window,external_vl_vm_angle_features,ext_mat_05,ext_mat_05_trial_02,ext_mat_05_trial_02_w04,window_5s,stable squatting 2,unknown,stable,stable squatting 2,5.0,11825.0,0.18288,0.113947,384.147057,1574.0,4839.0,,,Mendeley 10.17632/37wyv32y8j.1,bipolar potential,-0.737833787,-0.943297104,-1.488303639,1.60495669,0.133107822,0.409217759,4.141931,0,1.083789698,0.826119511,-0.10319014,1.362793097,-0.661922187,-0.843795973,1.402541457,0.0
external_public,external_mat_bipolar_20260718,external_vl_vm_window,external_vl_vm_angle_features,ext_mat_05,ext_mat_05_trial_02,ext_mat_05_trial_02_w05,window_5s,stable squatting 2,unknown,stable,stable squatting 2,5.0,11825.0,0.181474,0.111875,387.265704,1695.5,4793.5,,,Mendeley 10.17632/37wyv32y8j.1,bipolar potential,-0.741185588,-0.951266952,-1.484792112,1.622113966,0.143382664,0.405369979,3.915288,0,1.059704233,0.765428459,-0.077885448,1.523455787,-0.415838392,-0.905414785,0.776288904,0.0
external_public,external_mat_bipolar_20260718,external_vl_vm_window,external_vl_vm_angle_features,ext_mat_05,ext_mat_05_trial_02,ext_mat_05_trial_02_w06,window_5s,stable squatting 2,unknown,stable,stable squatting 2,5.0,11825.0,0.223328,0.145689,448.265762,1438.0,4395.0,,,Mendeley 10.17632/37wyv32y8j.1,bipolar potential,-0.651056823,-0.836573238,-1.42126558,1.532909142,0.121606765,0.37167019,4.076225,0,1.707354023,1.638830585,0.379898104,0.68813164,-0.937373989,-1.445087268,1.220984779,0.0
external_public,external_mat_bipolar_20260718,external_vl_vm_window,external_vl_vm_angle_features,ext_mat_05,ext_mat_05_trial_02,ext_mat_05_trial_02_w07,window_5s,stable squatting 2,unknown,stable,stable squatting 2,5.0,11824.0,0.180169,0.109917,367.385877,1567.5,4905.5,,,Mendeley 10.17632/37wyv32y8j.1,bipolar potential,-0.744319932,-0.958935133,-1.507641964,1.639136803,0.13256935,0.414876522,3.731816,0,1.037181377,0.707034626,-0.242545568,1.682859574,-0.674818661,-0.75317586,0.269325052,0.0
external_public,external_mat_bipolar_20260718,external_vl_vm_window,external_vl_vm_angle_features,ext_mat_05,ext_mat_05_trial_02,ext_mat_05_trial_02_w08,window_5s,stable squatting 2,unknown,stable,stable squatting 2,5.0,11824.0,0.205758,0.128961,415.597091,1587.0,4568.0,,,Mendeley 10.17632/37wyv32y8j.1,bipolar potential,-0.68664327,-0.889541608,-1.454091922,1.595505618,0.134218539,0.386332882,3.971,0,1.451635941,1.235472063,0.143345612,1.274292181,-0.635320371,-1.210277151,0.930230488,0.0
external_public,external_mat_bipolar_20260718,external_vl_vm_window,external_vl_vm_angle_features,ext_mat_05,ext_mat_05_trial_02,ext_mat_05_trial_02_w09,window_5s,stable squatting 2,unknown,stable,stable squatting 2,5.0,11824.0,0.205307,0.132356,422.546274,1505.5,4461.0,,,Mendeley 10.17632/37wyv32y8j.1,bipolar potential,-0.687596243,-0.878256366,-1.446890145,1.551172595,0.127325778,0.377283491,4.14541,0,1.444788041,1.321410115,0.195242905,0.859152697,-0.800402888,-1.355195189,1.412154517,0.0
external_public,external_mat_bipolar_20260718,external_vl_vm_window,external_vl_vm_angle_features,ext_mat_05,ext_mat_05_trial_02,ext_mat_05_trial_02_w10,window_5s,stable squatting 2,unknown,stable,stable squatting 2,5.0,11824.0,0.183055,0.108428,372.064593,1673.5,5071.0,,,Mendeley 10.17632/37wyv32y8j.1,bipolar potential,-0.737418404,-0.964858553,-1.502146078,1.688263179,0.141534168,0.428873478,4.088437,0,1.086774569,0.661927293,-0.202941231,2.142884562,-0.46011011,-0.52902692,1.25472858,0.0
external_public,external_mat_bipolar_20260718,external_vl_vm_window,external_vl_vm_angle_features,ext_mat_05,ext_mat_05_trial_02,ext_mat_05_trial_02_w11,window_5s,stable squatting 2,unknown,stable,stable squatting 2,5.0,11824.0,0.206997,0.134337,428.044763,1485.0,4474.0,,,Mendeley 10.17632/37wyv32y8j.1,bipolar potential,-0.684035949,-0.871804355,-1.441275233,1.540878537,0.125592016,0.37838295,3.977728,0,1.470371701,1.370542713,0.235704965,0.762757964,-0.841926713,-1.33758832,0.948821078,0.0
external_public,external_mat_bipolar_20260718,external_vl_vm_window,external_vl_vm_angle_features,ext_mat_05,ext_mat_05_trial_02,ext_mat_05_trial_02_w12,window_5s,stable squatting 2,unknown,stable,stable squatting 2,5.0,11824.0,0.167978,0.107756,374.625452,1750.5,4987.0,,,Mendeley 10.17632/37wyv32y8j.1,bipolar potential,-0.774747594,-0.967558538,-1.499167141,1.558873752,0.148046346,0.421769283,4.132872,0,0.818533436,0.641366683,-0.181474478,0.93126721,-0.304142605,-0.642794355,1.377509924,0.0
external_public,external_mat_bipolar_20260718,external_vl_vm_window,external_vl_vm_angle_features,ext_mat_05,ext_mat_05_trial_02,ext_mat_05_trial_02_w13,window_5s,stable squatting 2,unknown,stable,stable squatting 2,5.0,11824.0,0.172666,0.10595,367.912867,1798.5,5136.5,,,Mendeley 10.17632/37wyv32y8j.1,bipolar potential,-0.762793172,-0.974899039,-1.507019444,1.629693252,0.152105886,0.434413058,4.214715,0,0.904435854,0.585468161,-0.238059578,1.594429085,-0.206916096,-0.440315418,1.603655835,0.0
external_public,external_mat_bipolar_20260718,external_vl_vm_window,external_vl_vm_angle_features,ext_mat_05,ext_mat_05_trial_02,ext_mat_05_trial_02_w14,window_5s,stable squatting 2,unknown,stable,stable squatting 2,5.0,11824.0,0.18353,0.123039,410.032079,1337.5,4528.0,,,Mendeley 10.17632/37wyv32y8j.1,bipolar potential,-0.736292935,-0.909957207,-1.459946586,1.491640862,0.113117388,0.382949932,3.843759,0,1.094861995,1.080005587,0.101155856,0.301690759,-1.140695667,-1.26445212,0.578642302,0.0
external_public,external_mat_bipolar_20260718,external_vl_vm_window,external_vl_vm_angle_features,ext_mat_05,ext_mat_05_trial_02,ext_mat_05_trial_02_w15,window_5s,stable squatting 2,unknown,stable,stable squatting 2,5.0,11824.0,0.161155,0.100555,352.823453,1968.5,5162.5,,,Mendeley 10.17632/37wyv32y8j.1,bipolar potential,-0.792756216,-0.99759633,-1.525206975,1.602655263,0.166483424,0.436611976,4.055274,0,0.689126578,0.412626411,-0.369122179,1.341242272,0.137427798,-0.40510168,1.163093658,0.0
external_public,external_mat_bipolar_20260718,external_vl_vm_window,external_vl_vm_angle_features,ext_mat_05,ext_mat_05_trial_02,ext_mat_05_trial_02_w16,window_5s,stable squatting 2,unknown,stable,stable squatting 2,5.0,11824.0,0.192508,0.117704,391.104658,1691.5,4828.5,,,Mendeley 10.17632/37wyv32y8j.1,bipolar potential,-0.715551218,-0.929208778,-1.480471433,1.635526405,0.143056495,0.408364344,4.164288,0,1.243908403,0.93340328,-0.046749862,1.649051395,-0.423650181,-0.857462663,1.464317591,0.0
external_public,external_mat_bipolar_20260718,external_vl_vm_window,external_vl_vm_angle_features,ext_mat_05,ext_mat_05_trial_02,ext_mat_05_trial_02_w17,window_5s,stable squatting 2,unknown,stable,stable squatting 2,5.0,11824.0,0.205079,0.139001,427.925444,1223.5,4327.5,,,Mendeley 10.17632/37wyv32y8j.1,bipolar potential,-0.688078809,-0.856982075,-1.441396311,1.475377875,0.103475981,0.365992896,3.554854,0,1.441320405,1.483415602,0.234832456,0.149402294,-1.371608611,-1.536004138,-0.219650581,0.0
external_public,external_mat_bipolar_20260718,external_vl_vm_window,external_vl_vm_angle_features,ext_mat_05,ext_mat_05_trial_02,ext_mat_05_trial_02_w18,window_5s,stable squatting 2,unknown,stable,stable squatting 2,5.0,11824.0,0.17402,0.111327,374.41916,1597.5,4879.0,,,Mendeley 10.17632/37wyv32y8j.1,bipolar potential,-0.759400836,-0.953399494,-1.499406356,1.563142814,0.135106563,0.412635318,3.692534,0,0.928812597,0.749188975,-0.183198304,0.971243193,-0.614052081,-0.789066771,0.160782309,0.0
external_public,external_mat_bipolar_20260718,external_vl_vm_window,external_vl_vm_angle_features,ext_mat_05,ext_mat_05_trial_03,ext_mat_05_trial_03_w01,window_5s,unstable BOSU squatting,unknown,unstable,unstable BOSU squatting,5.0,11809.0,0.193683,0.123057,633.474847,2023.0,6088.5,,,Mendeley 10.17632/37wyv32y8j.1,bipolar potential,-0.712908497,-0.909893677,-1.270483747,1.573929155,0.171310018,0.515581336,3.044755,0,1.262898541,1.080489373,1.46645896,1.072247721,0.253025349,0.859523168,-1.629139517,0.0
external_public,external_mat_bipolar_20260718,external_vl_vm_window,external_vl_vm_angle_features,ext_mat_05,ext_mat_05_trial_03,ext_mat_05_trial_03_w02,window_5s,unstable BOSU squatting,unknown,unstable,unstable BOSU squatting,5.0,11809.0,0.177798,0.113713,611.848174,2164.0,6160.5,,,Mendeley 10.17632/37wyv32y8j.1,bipolar potential,-0.750073129,-0.944189883,-1.285569454,1.56356793,0.183250064,0.521678381,3.546968,0,0.995839893,0.819320925,1.357748658,0.975224028,0.538990995,0.957161981,-0.241440919,0.0
external_public,external_mat_bipolar_20260718,external_vl_vm_window,external_vl_vm_angle_features,ext_mat_05,ext_mat_05_trial_03,ext_mat_05_trial_03_w03,window_5s,unstable BOSU squatting,unknown,unstable,unstable BOSU squatting,5.0,11809.0,0.232606,0.142199,651.407099,1882.5,5805.0,,,Mendeley 10.17632/37wyv32y8j.1,bipolar potential,-0.633379087,-0.847103458,-1.258360635,1.635778029,0.159412313,0.491574223,3.615535,0,1.834383191,1.558642088,1.553820274,1.651407631,-0.031926225,0.475070367,-0.051978819,0.0
external_public,external_mat_bipolar_20260718,external_vl_vm_window,external_vl_vm_angle_features,ext_mat_05,ext_mat_05_trial_03,ext_mat_05_trial_03_w04,window_5s,unstable BOSU squatting,unknown,unstable,unstable BOSU squatting,5.0,11809.0,0.212146,0.135793,640.715585,1886.5,5713.5,,,Mendeley 10.17632/37wyv32y8j.1,bipolar potential,-0.673365152,-0.867122617,-1.265547835,1.562274933,0.159751037,0.483825896,3.319764,0,1.547050211,1.406194536,1.502028025,0.963116256,-0.023813741,0.350987725,-0.869243609,0.0
external_public,external_mat_bipolar_20260718,external_vl_vm_window,external_vl_vm_angle_features,ext_mat_05,ext_mat_05_trial_03,ext_mat_05_trial_03_w05,window_5s,unstable BOSU squatting,unknown,unstable,unstable BOSU squatting,5.0,11809.0,0.177306,0.115742,598.318415,2036.0,6038.5,,,Mendeley 10.17632/37wyv32y8j.1,bipolar potential,-0.751276568,-0.936509017,-1.295280753,1.531907173,0.172410873,0.511347278,3.1885,0,0.987192188,0.877811356,1.2877673,0.678749088,0.279390969,0.791718453,-1.231948017,0.0
external_public,external_mat_bipolar_20260718,external_vl_vm_window,external_vl_vm_angle_features,ext_mat_05,ext_mat_05_trial_03,ext_mat_05_trial_03_w06,window_5s,unstable BOSU squatting,unknown,unstable,unstable BOSU squatting,5.0,11809.0,0.196156,0.125975,613.129117,1927.0,5907.0,,,Mendeley 10.17632/37wyv32y8j.1,bipolar potential,-0.707398403,-0.899715633,-1.284661182,1.5571026,0.163180625,0.500211703,3.415345,0,1.302493128,1.157996021,1.364293828,0.91468194,0.058325335,0.613392013,-0.605137304,0.0
external_public,external_mat_bipolar_20260718,external_vl_vm_window,external_vl_vm_angle_features,ext_mat_05,ext_mat_05_trial_03,ext_mat_05_trial_03_w07,window_5s,unstable BOSU squatting,unknown,unstable,unstable BOSU squatting,5.0,11809.0,0.19298,0.128557,635.751606,1993.5,5986.5,,,Mendeley 10.17632/37wyv32y8j.1,bipolar potential,-0.714487698,-0.890904271,-1.268925657,1.501124015,0.168811923,0.506943856,3.337767,0,1.251550675,1.225095272,1.477686836,0.390492085,0.193195651,0.721201522,-0.819498306,0.0
external_public,external_mat_bipolar_20260718,external_vl_vm_window,external_vl_vm_angle_features,ext_mat_05,ext_mat_05_trial_03,ext_mat_05_trial_03_w08,window_5s,unstable BOSU squatting,unknown,unstable,unstable BOSU squatting,5.0,11809.0,0.170768,0.111989,589.923713,2056.0,6056.0,,,Mendeley 10.17632/37wyv32y8j.1,bipolar potential,-0.767593508,-0.950824633,-1.301417269,1.524864049,0.174104497,0.512829198,3.37564,0,0.869941466,0.768796755,1.243546468,0.612796472,0.319953483,0.815450098,-0.714848866,0.0
external_public,external_mat_bipolar_20260718,external_vl_vm_window,external_vl_vm_angle_features,ext_mat_05,ext_mat_05_trial_03,ext_mat_05_trial_03_w09,window_5s,unstable BOSU squatting,unknown,unstable,unstable BOSU squatting,5.0,11809.0,0.199277,0.128264,632.832548,2034.5,5942.0,,,Mendeley 10.17632/37wyv32y8j.1,bipolar potential,-0.700542823,-0.89189522,-1.270924315,1.553647165,0.172283851,0.503175544,3.155923,0,1.351756146,1.217549113,1.463284149,0.882324853,0.276348775,0.66085532,-1.321963722,0.0
external_public,external_mat_bipolar_20260718,external_vl_vm_window,external_vl_vm_angle_features,ext_mat_05,ext_mat_05_trial_03,ext_mat_05_trial_03_w10,window_5s,unstable BOSU squatting,unknown,unstable,unstable BOSU squatting,5.0,11809.0,0.193519,0.123084,625.941912,2077.5,6021.5,,,Mendeley 10.17632/37wyv32y8j.1,bipolar potential,-0.713276389,-0.909798398,-1.27567909,1.572251471,0.175925142,0.509907698,3.337644,0,1.260254933,1.081214931,1.42902039,1.056537696,0.363558166,0.768664845,-0.819838175,0.0
external_public,external_mat_bipolar_20260718,external_vl_vm_window,external_vl_vm_angle_features,ext_mat_05,ext_mat_05_trial_03,ext_mat_05_trial_03_w11,window_5s,unstable BOSU squatting,unknown,unstable,unstable BOSU squatting,5.0,11809.0,0.179875,0.118487,600.610672,1981.5,5868.5,,,Mendeley 10.17632/37wyv32y8j.1,bipolar potential,-0.745029193,-0.926329296,-1.293620078,1.518099032,0.167795749,0.496951478,3.420165,0,1.032084749,0.955330774,1.299734421,0.549448081,0.168858152,0.561182377,-0.591818837,0.0
external_public,external_mat_bipolar_20260718,external_vl_vm_window,external_vl_vm_angle_features,ext_mat_05,ext_mat_05_trial_03,ext_mat_05_trial_03_w12,window_5s,unstable BOSU squatting,unknown,unstable,unstable BOSU squatting,5.0,11809.0,0.186789,0.123877,634.105139,2047.0,5913.0,,,Mendeley 10.17632/37wyv32y8j.1,bipolar potential,-0.728648703,-0.907009321,-1.27005185,1.507858602,0.173342366,0.50071979,3.440174,0,1.149792131,1.102453983,1.469571287,0.453555526,0.301700346,0.621528579,-0.53653062,0.0
external_public,external_mat_bipolar_20260718,external_vl_vm_window,external_vl_vm_angle_features,ext_mat_05,ext_mat_05_trial_03,ext_mat_05_trial_03_w13,window_5s,unstable BOSU squatting,unknown,unstable,unstable BOSU squatting,5.0,11809.0,0.184424,0.114989,602.837163,2208.0,6123.0,,,Mendeley 10.17632/37wyv32y8j.1,bipolar potential,-0.734182563,-0.939343703,-1.292013105,1.603840367,0.186976035,0.518502837,3.255778,0,1.110026765,0.856224987,1.311314556,1.352339721,0.628228483,0.906308437,-1.046047639,0.0
external_public,external_mat_bipolar_20260718,external_vl_vm_window,external_vl_vm_angle_features,ext_mat_05,ext_mat_05_trial_03,ext_mat_05_trial_03_w14,window_5s,unstable BOSU squatting,unknown,unstable,unstable BOSU squatting,5.0,11809.0,0.200979,0.128843,622.11846,1994.5,5919.0,,,Mendeley 10.17632/37wyv32y8j.1,bipolar potential,-0.696849319,-0.889939172,-1.278340034,1.559875197,0.168896604,0.501227877,3.469309,0,1.37829703,1.232444581,1.409845151,0.940644855,0.195223772,0.629665146,-0.456025737,0.0
external_public,external_mat_bipolar_20260718,external_vl_vm_window,external_vl_vm_angle_features,ext_mat_05,ext_mat_05_trial_03,ext_mat_05_trial_03_w15,window_5s,unstable BOSU squatting,unknown,unstable,unstable BOSU squatting,5.0,11808.0,0.214519,0.139515,645.305242,1856.5,5722.0,,,Mendeley 10.17632/37wyv32y8j.1,bipolar potential,-0.668534236,-0.855379097,-1.262411151,1.537605275,0.157223916,0.484586721,3.036924,0,1.581764342,1.495622412,1.524631531,0.732106765,-0.084338616,0.363171668,-1.650777881,0.0
external_public,external_mat_bipolar_20260718,external_vl_vm_window,external_vl_vm_angle_features,ext_mat_05,ext_mat_05_trial_03,ext_mat_05_trial_03_w16,window_5s,unstable BOSU squatting,unknown,unstable,unstable BOSU squatting,5.0,11808.0,0.205529,0.130202,620.745352,1934.5,5961.0,,,Mendeley 10.17632/37wyv32y8j.1,bipolar potential,-0.687126891,-0.885382345,-1.279262868,1.5785395,0.163829607,0.504827236,3.826852,0,1.448160724,1.267145195,1.403195044,1.115419517,0.073868538,0.687305715,0.531925431,0.0
external_public,external_mat_bipolar_20260718,external_vl_vm_window,external_vl_vm_angle_features,ext_mat_05,ext_mat_05_trial_03,ext_mat_05_trial_03_w17,window_5s,unstable BOSU squatting,unknown,unstable,unstable BOSU squatting,5.0,11808.0,0.188856,0.12342,608.5833,1937.0,5980.0,,,Mendeley 10.17632/37wyv32y8j.1,bipolar potential,-0.723869213,-0.908614458,-1.287856314,1.530189596,0.164041328,0.506436314,3.287599,0,1.184136723,1.090230732,1.341269135,0.662665501,0.078939283,0.713073684,-0.958120889,0.0
external_public,external_mat_bipolar_20260718,external_vl_vm_window,external_vl_vm_angle_features,ext_mat_05,ext_mat_05_trial_03,ext_mat_05_trial_03_w18,window_5s,unstable BOSU squatting,unknown,unstable,unstable BOSU squatting,5.0,11808.0,0.223721,0.145918,651.367124,1793.5,5673.0,,,Mendeley 10.17632/37wyv32y8j.1,bipolar potential,-0.650293248,-0.835891132,-1.25835051,1.533196727,0.15188855,0.480436992,3.675035,0,1.712840942,1.644024879,1.553893236,0.690824619,-0.212121322,0.296717408,0.112429643,0.0
external_public,external_mat_bipolar_20260718,external_vl_vm_window,external_vl_vm_angle_features,ext_mat_06,ext_mat_06_trial_01,ext_mat_06_trial_01_w01,window_5s,stable squatting 1,unknown,stable,stable squatting 1,5.0,11807.0,0.173765,0.118499,448.984543,1616.0,5287.0,,,Mendeley 10.17632/37wyv32y8j.1,bipolar potential,-0.760037695,-0.926285315,-1.419908173,1.466383683,0.13686796,0.447785212,3.643679,0,0.924236238,0.955665693,0.389679821,0.065179654,-0.571866395,-0.226172132,0.025787765,0.0
external_public,external_mat_bipolar_20260718,external_vl_vm_window,external_vl_vm_angle_features,ext_mat_06,ext_mat_06_trial_01,ext_mat_06_trial_01_w02,window_5s,stable squatting 1,unknown,stable,stable squatting 1,5.0,11807.0,0.156734,0.099041,395.213147,2017.0,5683.5,,,Mendeley 10.17632/37wyv32y8j.1,bipolar potential,-0.804836783,-1.004184983,-1.47530818,1.582516332,0.170830863,0.481366986,3.77642,0,0.602317703,0.362453273,-0.009542538,1.152659025,0.241549525,0.311610444,0.392573371,0.0
external_public,external_mat_bipolar_20260718,external_vl_vm_window,external_vl_vm_angle_features,ext_mat_06,ext_mat_06_trial_01,ext_mat_06_trial_01_w03,window_5s,stable squatting 1,unknown,stable,stable squatting 1,5.0,11806.0,0.16282,0.105351,429.120472,1903.5,5424.0,,,Mendeley 10.17632/37wyv32y8j.1,bipolar potential,-0.78829225,-0.977361338,-1.439523545,1.54550028,0.161231577,0.45942741,3.605682,0,0.721203869,0.56671755,0.248327942,0.806036492,0.011645383,-0.03973257,-0.079204307,0.0
external_public,external_mat_bipolar_20260718,external_vl_vm_window,external_vl_vm_angle_features,ext_mat_06,ext_mat_06_trial_01,ext_mat_06_trial_01_w04,window_5s,stable squatting 1,unknown,stable,stable squatting 1,5.0,11806.0,0.189281,0.1239,453.27945,1614.5,5188.5,,,Mendeley 10.17632/37wyv32y8j.1,bipolar potential,-0.722892978,-0.906928694,-1.415736749,1.527691687,0.136752499,0.439479925,3.654508,0,1.19115178,1.103067964,0.419739849,0.639274796,-0.574631701,-0.359173999,0.055710105,0.0
external_public,external_mat_bipolar_20260718,external_vl_vm_window,external_vl_vm_angle_features,ext_mat_06,ext_mat_06_trial_01,ext_mat_06_trial_01_w05,window_5s,stable squatting 1,unknown,stable,stable squatting 1,5.0,11806.0,0.154398,0.099003,392.510413,1781.5,5464.5,,,Mendeley 10.17632/37wyv32y8j.1,bipolar potential,-0.81135833,-1.004351645,-1.478251596,1.559528499,0.150897849,0.462857869,3.668984,0,0.555454989,0.361184128,-0.03075332,0.937398335,-0.235848739,0.015203213,0.095709717,0.0
external_public,external_mat_bipolar_20260718,external_vl_vm_window,external_vl_vm_angle_features,ext_mat_06,ext_mat_06_trial_01,ext_mat_06_trial_01_w06,window_5s,stable squatting 1,unknown,stable,stable squatting 1,5.0,11806.0,0.162777,0.10519,422.61839,1806.0,5449.0,,,Mendeley 10.17632/37wyv32y8j.1,bipolar potential,-0.78840696,-0.978025545,-1.446154388,1.547456983,0.152973065,0.461544977,3.62023,0,0.720379583,0.561659559,0.200544902,0.824359282,-0.186147047,-0.005821597,-0.039005748,0.0
external_public,external_mat_bipolar_20260718,external_vl_vm_window,external_vl_vm_angle_features,ext_mat_06,ext_mat_06_trial_01,ext_mat_06_trial_01_w07,window_5s,stable squatting 1,unknown,stable,stable squatting 1,5.0,11806.0,0.169044,0.111826,422.853721,1813.5,5462.0,,,Mendeley 10.17632/37wyv32y8j.1,bipolar potential,-0.772000239,-0.951457209,-1.445912622,1.511669916,0.153608335,0.462646112,3.674169,0,0.838275456,0.763979636,0.202287111,0.489245105,-0.170932249,0.011812111,0.11003674,0.0
external_public,external_mat_bipolar_20260718,external_vl_vm_window,external_vl_vm_angle_features,ext_mat_06,ext_mat_06_trial_01,ext_mat_06_trial_01_w08,window_5s,stable squatting 1,unknown,stable,stable squatting 1,5.0,11806.0,0.152709,0.094941,384.045839,1985.5,5646.0,,,Mendeley 10.17632/37wyv32y8j.1,bipolar potential,-0.816135367,-1.022546198,-1.487719715,1.608462098,0.168177198,0.478231408,3.554898,0,0.521128023,0.222631101,-0.098982279,1.395618138,0.177993905,0.26139692,-0.219529001,0.0
external_public,external_mat_bipolar_20260718,external_vl_vm_window,external_vl_vm_angle_features,ext_mat_06,ext_mat_06_trial_01,ext_mat_06_trial_01_w09,window_5s,stable squatting 1,unknown,stable,stable squatting 1,5.0,11806.0,0.147641,0.091108,381.818712,2017.5,5748.5,,,Mendeley 10.17632/37wyv32y8j.1,bipolar potential,-0.830793022,-1.040443487,-1.490245571,1.620505334,0.170887684,0.486913434,3.625545,0,0.415800638,0.086341763,-0.117184049,1.508392373,0.242910395,0.40043193,-0.024319513,0.0
external_public,external_mat_bipolar_20260718,external_vl_vm_window,external_vl_vm_angle_features,ext_mat_06,ext_mat_06_trial_01,ext_mat_06_trial_01_w10,window_5s,stable squatting 1,unknown,stable,stable squatting 1,5.0,11806.0,0.177974,0.116485,430.696656,1530.5,5333.0,,,Mendeley 10.17632/37wyv32y8j.1,bipolar potential,-0.749643439,-0.933729996,-1.437931279,1.527870541,0.129637472,0.451719465,3.617022,0,0.998927572,0.898973831,0.259802096,0.640949606,-0.745037518,-0.163168531,-0.047869989,0.0
external_public,external_mat_bipolar_20260718,external_vl_vm_window,external_vl_vm_angle_features,ext_mat_06,ext_mat_06_trial_01,ext_mat_06_trial_01_w11,window_5s,stable squatting 1,unknown,stable,stable squatting 1,5.0,11806.0,0.158842,0.100109,397.437952,1795.5,5588.5,,,Mendeley 10.17632/37wyv32y8j.1,bipolar potential,-0.799034653,-0.999526877,-1.472833443,1.586690507,0.152083686,0.473361003,3.638657,0,0.64401081,0.397925136,0.00829086,1.191746476,-0.207447789,0.183401667,0.011911138,0.0
external_public,external_mat_bipolar_20260718,external_vl_vm_window,external_vl_vm_angle_features,ext_mat_06,ext_mat_06_trial_01,ext_mat_06_trial_01_w12,window_5s,stable squatting 1,unknown,stable,stable squatting 1,5.0,11806.0,0.155179,0.097182,380.3782,1872.0,5578.0,,,Mendeley 10.17632/37wyv32y8j.1,bipolar potential,-0.809167051,-1.012414167,-1.49188716,1.596787471,0.158563442,0.472471625,3.586727,0,0.571201143,0.299787355,-0.129013633,1.286295599,-0.052256795,0.169159061,-0.131580146,0.0
external_public,external_mat_bipolar_20260718,external_vl_vm_window,external_vl_vm_angle_features,ext_mat_06,ext_mat_06_trial_01,ext_mat_06_trial_01_w13,window_5s,stable squatting 1,unknown,stable,stable squatting 1,5.0,11806.0,0.141178,0.088622,367.463574,1988.5,5683.5,,,Mendeley 10.17632/37wyv32y8j.1,bipolar potential,-0.850232975,-1.052458453,-1.506888484,1.593035589,0.168431306,0.481407759,3.62168,0,0.276108482,-0.005153197,-0.237115857,1.251162548,0.184079824,0.312263387,-0.034999155,0.0
external_public,external_mat_bipolar_20260718,external_vl_vm_window,external_vl_vm_angle_features,ext_mat_06,ext_mat_06_trial_01,ext_mat_06_trial_01_w14,window_5s,stable squatting 1,unknown,stable,stable squatting 1,5.0,11806.0,0.154471,0.09664,389.843588,1965.0,5573.5,,,Mendeley 10.17632/37wyv32y8j.1,bipolar potential,-0.811153042,-1.014843079,-1.481212383,1.598416805,0.166440793,0.472090462,3.659062,0,0.556930153,0.281290989,-0.052089281,1.301552868,0.13640678,0.16305507,0.06829357,0.0
external_public,external_mat_bipolar_20260718,external_vl_vm_window,external_vl_vm_angle_features,ext_mat_06,ext_mat_06_trial_01,ext_mat_06_trial_01_w15,window_5s,stable squatting 1,unknown,stable,stable squatting 1,5.0,11806.0,0.151693,0.099879,384.584911,1868.0,5579.5,,,Mendeley 10.17632/37wyv32y8j.1,bipolar potential,-0.81903446,-1.000525815,-1.487110538,1.518767709,0.158224632,0.472598679,3.680805,0,0.50029564,0.39031814,-0.09459244,0.555709648,-0.060371338,0.171193719,0.128373119,0.0
external_public,external_mat_bipolar_20260718,external_vl_vm_window,external_vl_vm_angle_features,ext_mat_06,ext_mat_06_trial_01,ext_mat_06_trial_01_w16,window_5s,stable squatting 1,unknown,stable,stable squatting 1,5.0,11806.0,0.148654,0.095716,362.629449,1898.5,5561.0,,,Mendeley 10.17632/37wyv32y8j.1,bipolar potential,-0.8278234,-1.019015459,-1.512639709,1.553073676,0.160808064,0.471031679,3.747577,0,0.43713983,0.24951797,-0.278560213,0.876954636,0.001502192,0.146099592,0.312875334,0.0
external_public,external_mat_bipolar_20260718,external_vl_vm_window,external_vl_vm_angle_features,ext_mat_06,ext_mat_06_trial_01,ext_mat_06_trial_01_w17,window_5s,stable squatting 1,unknown,stable,stable squatting 1,5.0,11806.0,0.148483,0.096768,367.391742,1798.5,5547.0,,,Mendeley 10.17632/37wyv32y8j.1,bipolar potential,-0.828323266,-1.014268235,-1.506973389,1.534422536,0.152337794,0.469845841,3.632627,0,0.433547879,0.285668474,-0.237727697,0.702303234,-0.20136187,0.127109439,-0.004750761,0.0
external_public,external_mat_bipolar_20260718,external_vl_vm_window,external_vl_vm_angle_features,ext_mat_06,ext_mat_06_trial_01,ext_mat_06_trial_01_w18,window_5s,stable squatting 1,unknown,stable,stable squatting 1,5.0,11806.0,0.138145,0.089922,343.808563,1619.5,5619.0,,,Mendeley 10.17632/37wyv32y8j.1,bipolar potential,-0.859664829,-1.046134042,-1.53578609,1.536275884,0.137176012,0.475944435,3.688216,0,0.208332803,0.043007716,-0.445357174,0.719658196,-0.56448851,0.224773058,0.148850953,0.0
external_public,external_mat_bipolar_20260718,external_vl_vm_window,external_vl_vm_angle_features,ext_mat_06,ext_mat_06_trial_02,ext_mat_06_trial_02_w01,window_5s,stable squatting 2,unknown,stable,stable squatting 2,5.0,11789.0,0.150802,0.09918,371.55701,1642.5,5569.5,,,Mendeley 10.17632/37wyv32y8j.1,bipolar potential,-0.821592899,-1.003575896,-1.501451508,1.520488002,0.139324794,0.472431928,3.789088,0,0.481911138,0.367091521,-0.197936035,0.571818668,-0.513024903,0.168523348,0.427577176,0.0
external_public,external_mat_bipolar_20260718,external_vl_vm_window,external_vl_vm_angle_features,ext_mat_06,ext_mat_06_trial_02,ext_mat_06_trial_02_w02,window_5s,stable squatting 2,unknown,stable,stable squatting 2,5.0,11789.0,0.153728,0.095727,374.636388,2010.5,5654.0,,,Mendeley 10.17632/37wyv32y8j.1,bipolar potential,-0.813247023,-1.018965551,-1.49786701,1.605900112,0.170540334,0.479599627,3.733721,0,0.541883166,0.249898024,-0.172105501,1.371627409,0.234591318,0.283307744,0.274588886,0.0
external_public,external_mat_bipolar_20260718,external_vl_vm_window,external_vl_vm_angle_features,ext_mat_06,ext_mat_06_trial_02,ext_mat_06_trial_02_w03,window_5s,stable squatting 2,unknown,stable,stable squatting 2,5.0,11789.0,0.143359,0.090302,363.087317,2111.0,5783.0,,,Mendeley 10.17632/37wyv32y8j.1,bipolar potential,-0.843575037,-1.044302631,-1.511465889,1.587550663,0.17906523,0.490542031,3.662634,0,0.323951278,0.056954062,-0.270101456,1.199801075,0.43876368,0.45854072,0.078163604,0.0
external_public,external_mat_bipolar_20260718,external_vl_vm_window,external_vl_vm_angle_features,ext_mat_06,ext_mat_06_trial_02,ext_mat_06_trial_02_w04,window_5s,stable squatting 2,unknown,stable,stable squatting 2,5.0,11789.0,0.146431,0.090198,357.539123,2129.5,5689.0,,,Mendeley 10.17632/37wyv32y8j.1,bipolar potential,-0.834366972,-1.044803092,-1.518153397,1.623439544,0.18063449,0.482568496,3.74201,0,0.390118848,0.05314301,-0.318292835,1.53586865,0.47634766,0.33085157,0.297492781,0.0
external_public,external_mat_bipolar_20260718,external_vl_vm_window,external_vl_vm_angle_features,ext_mat_06,ext_mat_06_trial_02,ext_mat_06_trial_02_w05,window_5s,stable squatting 2,unknown,stable,stable squatting 2,5.0,11789.0,0.14138,0.088789,353.093413,1954.5,5656.0,,,Mendeley 10.17632/37wyv32y8j.1,bipolar potential,-0.849612023,-1.051640835,-1.523587352,1.592314363,0.165790143,0.479769276,3.724256,0,0.280570536,0.001073031,-0.357450886,1.244408905,0.120823629,0.286024523,0.248435506,0.0
external_public,external_mat_bipolar_20260718,external_vl_vm_window,external_vl_vm_angle_features,ext_mat_06,ext_mat_06_trial_02,ext_mat_06_trial_02_w06,window_5s,stable squatting 2,unknown,stable,stable squatting 2,5.0,11789.0,0.135861,0.086089,340.713051,1973.5,5765.0,,,Mendeley 10.17632/37wyv32y8j.1,bipolar potential,-0.866905193,-1.065052337,-1.539088198,1.578145872,0.167401815,0.489015184,3.558477,0,0.156304793,-0.101056666,-0.469152755,1.111733539,0.159423382,0.434089608,-0.209639625,0.0
external_public,external_mat_bipolar_20260718,external_vl_vm_window,external_vl_vm_angle_features,ext_mat_06,ext_mat_06_trial_02,ext_mat_06_trial_02_w07,window_5s,stable squatting 2,unknown,stable,stable squatting 2,5.0,11789.0,0.136692,0.087953,347.985741,1971.5,5785.0,,,Mendeley 10.17632/37wyv32y8j.1,bipolar potential,-0.864256902,-1.055749343,-1.529915519,1.554148238,0.167232166,0.49071168,3.561605,0,0.175334957,-0.030213597,-0.403052789,0.887016958,0.155360266,0.4612575,-0.200996437,0.0
external_public,external_mat_bipolar_20260718,external_vl_vm_window,external_vl_vm_angle_features,ext_mat_06,ext_mat_06_trial_02,ext_mat_06_trial_02_w08,window_5s,stable squatting 2,unknown,stable,stable squatting 2,5.0,11789.0,0.131027,0.088414,340.943516,1741.0,5580.0,,,Mendeley 10.17632/37wyv32y8j.1,bipolar potential,-0.882639202,-1.053478961,-1.538794532,1.481971181,0.147680041,0.473322589,3.49143,0,0.043242913,-0.01292445,-0.467036545,0.211142763,-0.312915657,0.182786501,-0.394901711,0.0
external_public,external_mat_bipolar_20260718,external_vl_vm_window,external_vl_vm_angle_features,ext_mat_06,ext_mat_06_trial_02,ext_mat_06_trial_02_w09,window_5s,stable squatting 2,unknown,stable,stable squatting 2,5.0,11789.0,0.125756,0.079884,332.843821,2128.0,5848.5,,,Mendeley 10.17632/37wyv32y8j.1,bipolar potential,-0.900471285,-1.097540197,-1.549236469,1.574232637,0.180507253,0.496098058,3.56786,0,-0.084895366,-0.34845441,-0.542283011,1.075089561,0.473300317,0.547515606,-0.183712825,0.0
external_public,external_mat_bipolar_20260718,external_vl_vm_window,external_vl_vm_angle_features,ext_mat_06,ext_mat_06_trial_02,ext_mat_06_trial_02_w10,window_5s,stable squatting 2,unknown,stable,stable squatting 2,5.0,11789.0,0.112055,0.069641,315.03615,2168.5,5994.5,,,Mendeley 10.17632/37wyv32y8j.1,bipolar potential,-0.95056876,-1.157135001,-1.573116576,1.609037779,0.183942658,0.508482484,3.568916,0,-0.444887197,-0.802273775,-0.714367333,1.40100888,0.555578711,0.745841297,-0.18079492,0.0
external_public,external_mat_bipolar_20260718,external_vl_vm_window,external_vl_vm_angle_features,ext_mat_06,ext_mat_06_trial_02,ext_mat_06_trial_02_w11,window_5s,stable squatting 2,unknown,stable,stable squatting 2,5.0,11789.0,0.135485,0.088521,354.628018,1814.5,5684.5,,,Mendeley 10.17632/37wyv32y8j.1,bipolar potential,-0.868108784,-1.052953689,-1.521703923,1.530540776,0.153914666,0.482186784,3.542406,0,0.147655996,-0.00892446,-0.34387856,0.665953991,-0.163595581,0.324738788,-0.254046489,0.0
external_public,external_mat_bipolar_20260718,external_vl_vm_window,external_vl_vm_angle_features,ext_mat_06,ext_mat_06_trial_02,ext_mat_06_trial_02_w12,window_5s,stable squatting 2,unknown,stable,stable squatting 2,5.0,11789.0,0.124421,0.079826,339.661604,2023.0,5818.5,,,Mendeley 10.17632/37wyv32y8j.1,bipolar potential,-0.905106312,-1.097855632,-1.540430512,1.558652569,0.171600645,0.493553312,3.445383,0,-0.118201872,-0.350856473,-0.47882571,0.929196027,0.259985903,0.506763737,-0.522137281,0.0
external_public,external_mat_bipolar_20260718,external_vl_vm_window,external_vl_vm_angle_features,ext_mat_06,ext_mat_06_trial_02,ext_mat_06_trial_02_w13,window_5s,stable squatting 2,unknown,stable,stable squatting 2,5.0,11789.0,0.132411,0.084652,345.228511,2001.0,5773.0,,,Mendeley 10.17632/37wyv32y8j.1,bipolar potential,-0.878075935,-1.072362777,-1.533370313,1.564180409,0.169734498,0.489693782,3.396336,0,0.076033764,-0.156726272,-0.427948653,0.980959351,0.215291441,0.444956758,-0.657662353,0.0
external_public,external_mat_bipolar_20260718,external_vl_vm_window,external_vl_vm_angle_features,ext_mat_06,ext_mat_06_trial_02,ext_mat_06_trial_02_w14,window_5s,stable squatting 2,unknown,stable,stable squatting 2,5.0,11789.0,0.140038,0.092546,352.899223,1771.5,5489.5,,,Mendeley 10.17632/37wyv32y8j.1,bipolar potential,-0.8537541,-1.033642347,-1.523826266,1.513171828,0.150267198,0.465645941,3.376222,0,0.250806284,0.138133007,-0.359172543,0.50330918,-0.250952912,0.059851734,-0.713240703,0.0
external_public,external_mat_bipolar_20260718,external_vl_vm_window,external_vl_vm_angle_features,ext_mat_06,ext_mat_06_trial_02,ext_mat_06_trial_02_w15,window_5s,stable squatting 2,unknown,stable,stable squatting 2,5.0,11789.0,0.145615,0.093513,351.177232,1804.0,5548.5,,,Mendeley 10.17632/37wyv32y8j.1,bipolar potential,-0.836793885,-1.02912801,-1.525950616,1.557163175,0.153024005,0.470650606,3.346317,0,0.372679469,0.172510057,-0.374480989,0.915249171,-0.184927028,0.139997043,-0.795873224,0.0
external_public,external_mat_bipolar_20260718,external_vl_vm_window,external_vl_vm_angle_features,ext_mat_06,ext_mat_06_trial_02,ext_mat_06_trial_02_w16,window_5s,stable squatting 2,unknown,stable,stable squatting 2,5.0,11789.0,0.137844,0.086172,340.067116,1847.5,5707.5,,,Mendeley 10.17632/37wyv32y8j.1,bipolar potential,-0.860612133,-1.064633827,-1.539912329,1.599637933,0.156713886,0.484137756,3.418599,0,0.201525639,-0.097869678,-0.47509159,1.31298765,-0.0965539,0.355981888,-0.596145957,0.0
external_public,external_mat_bipolar_20260718,external_vl_vm_window,external_vl_vm_angle_features,ext_mat_06,ext_mat_06_trial_02,ext_mat_06_trial_02_w17,window_5s,stable squatting 2,unknown,stable,stable squatting 2,5.0,11788.0,0.129847,0.081983,334.893941,1981.0,5743.0,,,Mendeley 10.17632/37wyv32y8j.1,bipolar potential,-0.88656808,-1.086276194,-1.546532837,1.583828355,0.168052257,0.487190363,3.36384,0,0.015010672,-0.262678094,-0.522800155,1.164944958,0.175001552,0.404866705,-0.747454242,0.0
external_public,external_mat_bipolar_20260718,external_vl_vm_window,external_vl_vm_angle_features,ext_mat_06,ext_mat_06_trial_02,ext_mat_06_trial_02_w18,window_5s,stable squatting 2,unknown,stable,stable squatting 2,5.0,11788.0,0.149661,0.099666,356.68614,1549.5,5498.5,,,Mendeley 10.17632/37wyv32y8j.1,bipolar potential,-0.824891357,-1.001452971,-1.519153893,1.501625429,0.131447234,0.466448931,3.445669,0,0.458208987,0.38325777,-0.325502588,0.395187383,-0.701693484,0.072710913,-0.521347015,0.0
external_public,external_mat_bipolar_20260718,external_vl_vm_window,external_vl_vm_angle_features,ext_mat_06,ext_mat_06_trial_03,ext_mat_06_trial_03_w01,window_5s,unstable BOSU squatting,unknown,unstable,unstable BOSU squatting,5.0,11770.0,0.177016,0.122401,376.698209,1231.0,4768.5,,,Mendeley 10.17632/37wyv32y8j.1,bipolar potential,-0.751987477,-0.912215034,-1.494782907,1.446197335,0.104587935,0.405140187,3.081993,0,0.982083718,1.062812047,-0.149880904,-0.123847611,-1.344977169,-0.909094702,-1.526244689,0.0
external_public,external_mat_bipolar_20260718,external_vl_vm_window,external_vl_vm_angle_features,ext_mat_06,ext_mat_06_trial_03,ext_mat_06_trial_03_w02,window_5s,unstable BOSU squatting,unknown,unstable,unstable BOSU squatting,5.0,11770.0,0.16982,0.110618,359.103653,1502.5,5006.0,,,Mendeley 10.17632/37wyv32y8j.1,bipolar potential,-0.770011163,-0.956174198,-1.51555664,1.535193187,0.127655055,0.425318607,3.261512,0,0.852568613,0.728059375,-0.299580139,0.709519698,-0.792516662,-0.585955052,-1.030203637,0.0
external_public,external_mat_bipolar_20260718,external_vl_vm_window,external_vl_vm_angle_features,ext_mat_06,ext_mat_06_trial_03,ext_mat_06_trial_03_w03,window_5s,unstable BOSU squatting,unknown,unstable,unstable BOSU squatting,5.0,11770.0,0.187529,0.131171,394.068047,1171.0,4436.5,,,Mendeley 10.17632/37wyv32y8j.1,bipolar potential,-0.726931562,-0.882162171,-1.475205241,1.429652896,0.099490229,0.37693288,3.390403,0,1.16213121,1.291667087,-0.008800741,-0.278771625,-1.467067887,-1.360809916,-0.674056226,0.0
external_public,external_mat_bipolar_20260718,external_vl_vm_window,external_vl_vm_angle_features,ext_mat_06,ext_mat_06_trial_03,ext_mat_06_trial_03_w04,window_5s,unstable BOSU squatting,unknown,unstable,unstable BOSU squatting,5.0,11770.0,0.198597,0.131797,409.083731,1383.5,4719.0,,,Mendeley 10.17632/37wyv32y8j.1,bipolar potential,-0.702027316,-0.880094475,-1.458964255,1.506840065,0.117544605,0.400934579,3.522072,0,1.341088835,1.307412763,0.108234709,0.44401783,-1.034663247,-0.976443815,-0.310232735,0.0
external_public,external_mat_bipolar_20260718,external_vl_vm_window,external_vl_vm_angle_features,ext_mat_06,ext_mat_06_trial_03,ext_mat_06_trial_03_w05,window_5s,unstable BOSU squatting,unknown,unstable,unstable BOSU squatting,5.0,11770.0,0.167908,0.114146,422.899785,1617.5,5414.0,,,Mendeley 10.17632/37wyv32y8j.1,bipolar potential,-0.774928611,-0.942539303,-1.444538998,1.470993289,0.137425658,0.459983008,2.850169,0,0.817232679,0.831890229,0.212185691,0.10834453,-0.558509456,-0.030835157,-2.166813212,0.0
external_public,external_mat_bipolar_20260718,external_vl_vm_window,external_vl_vm_angle_features,ext_mat_06,ext_mat_06_trial_03,ext_mat_06_trial_03_w06,window_5s,unstable BOSU squatting,unknown,unstable,unstable BOSU squatting,5.0,11770.0,0.187617,0.123714,393.367029,1425.0,5011.0,,,Mendeley 10.17632/37wyv32y8j.1,bipolar potential,-0.726727813,-0.907581151,-1.475978507,1.516538144,0.121070518,0.425743415,3.251254,0,1.163595315,1.09809945,-0.014373034,0.534831747,-0.950217174,-0.579152126,-1.058548209,0.0
external_public,external_mat_bipolar_20260718,external_vl_vm_window,external_vl_vm_angle_features,ext_mat_06,ext_mat_06_trial_03,ext_mat_06_trial_03_w07,window_5s,unstable BOSU squatting,unknown,unstable,unstable BOSU squatting,5.0,11769.0,0.170596,0.109502,361.013226,1620.0,5294.5,,,Mendeley 10.17632/37wyv32y8j.1,bipolar potential,-0.768031156,-0.960577949,-1.51321645,1.557925883,0.137649758,0.449868298,3.107254,0,0.866796603,0.694524446,-0.282716311,0.922391256,-0.553142232,-0.192813342,-1.456444317,0.0
external_public,external_mat_bipolar_20260718,external_vl_vm_window,external_vl_vm_angle_features,ext_mat_06,ext_mat_06_trial_03,ext_mat_06_trial_03_w08,window_5s,unstable BOSU squatting,unknown,unstable,unstable BOSU squatting,5.0,11769.0,0.144182,0.096394,388.047534,1848.0,5671.0,,,Mendeley 10.17632/37wyv32y8j.1,bipolar potential,-0.841088955,-1.015949998,-1.481854635,1.495756997,0.157022687,0.481859121,3.232806,0,0.341815836,0.27286171,-0.056717463,0.340234717,-0.089158077,0.319491553,-1.109523121,0.0
external_public,external_mat_bipolar_20260718,external_vl_vm_window,external_vl_vm_angle_features,ext_mat_06,ext_mat_06_trial_03,ext_mat_06_trial_03_w09,window_5s,unstable BOSU squatting,unknown,unstable,unstable BOSU squatting,5.0,11769.0,0.184943,0.128186,442.509065,1409.5,5102.5,,,Mendeley 10.17632/37wyv32y8j.1,bipolar potential,-0.732962102,-0.892159404,-1.424817391,1.442770661,0.119763786,0.433554253,3.315016,0,1.118796788,1.21553733,0.354303118,-0.155935377,-0.981513575,-0.454068425,-0.882363128,0.0
external_public,external_mat_bipolar_20260718,external_vl_vm_window,external_vl_vm_angle_features,ext_mat_06,ext_mat_06_trial_03,ext_mat_06_trial_03_w10,window_5s,unstable BOSU squatting,unknown,unstable,unstable BOSU squatting,5.0,11769.0,0.167181,0.11279,433.629483,1776.5,5425.0,,,Mendeley 10.17632/37wyv32y8j.1,bipolar potential,-0.776813081,-0.947729403,-1.43362076,1.482232467,0.150947404,0.460956751,3.24018,0,0.803691201,0.792367188,0.290864467,0.213589475,-0.23466189,-0.015241519,-1.089147525,0.0
external_public,external_mat_bipolar_20260718,external_vl_vm_window,external_vl_vm_angle_features,ext_mat_06,ext_mat_06_trial_03,ext_mat_06_trial_03_w11,window_5s,unstable BOSU squatting,unknown,unstable,unstable BOSU squatting,5.0,11769.0,0.169798,0.115496,421.549343,1632.0,5475.5,,,Mendeley 10.17632/37wyv32y8j.1,bipolar potential,-0.770067429,-0.937433057,-1.445891146,1.470163469,0.138669386,0.465247685,3.133221,0,0.852164296,0.870774715,0.202441871,0.100574001,-0.528722009,0.053474015,-1.384693148,0.0
external_public,external_mat_bipolar_20260718,external_vl_vm_window,external_vl_vm_angle_features,ext_mat_06,ext_mat_06_trial_03,ext_mat_06_trial_03_w12,window_5s,unstable BOSU squatting,unknown,unstable,unstable BOSU squatting,5.0,11769.0,0.194965,0.133949,392.890304,1256.0,4692.0,,,Mendeley 10.17632/37wyv32y8j.1,bipolar potential,-0.710043346,-0.873060524,-1.476468252,1.455516652,0.106721047,0.398674484,3.4995,0,1.283487023,1.360976882,-0.017902224,-0.036580464,-1.293888861,-1.012637249,-0.37260295,0.0
external_public,external_mat_bipolar_20260718,external_vl_vm_window,external_vl_vm_angle_features,ext_mat_06,ext_mat_06_trial_03,ext_mat_06_trial_03_w13,window_5s,unstable BOSU squatting,unknown,unstable,unstable BOSU squatting,5.0,11769.0,0.167909,0.11106,350.224177,1487.0,5086.5,,,Mendeley 10.17632/37wyv32y8j.1,bipolar potential,-0.774926025,-0.954442331,-1.526393439,1.511876463,0.126348883,0.432194749,3.398666,0,0.817251261,0.741247685,-0.377672051,0.491179235,-0.82379965,-0.475839686,-0.651224173,0.0
external_public,external_mat_bipolar_20260718,external_vl_vm_window,external_vl_vm_angle_features,ext_mat_06,ext_mat_06_trial_03,ext_mat_06_trial_03_w14,window_5s,unstable BOSU squatting,unknown,unstable,unstable BOSU squatting,5.0,11769.0,0.163077,0.1103,357.47985,1502.0,5026.5,,,Mendeley 10.17632/37wyv32y8j.1,bipolar potential,-0.787607287,-0.957424488,-1.517487996,1.478485947,0.127623417,0.42709661,3.300838,0,0.726125895,0.718538313,-0.313497836,0.178506634,-0.793274396,-0.557481898,-0.921539315,0.0
external_public,external_mat_bipolar_20260718,external_vl_vm_window,external_vl_vm_angle_features,ext_mat_06,ext_mat_06_trial_03,ext_mat_06_trial_03_w15,window_5s,unstable BOSU squatting,unknown,unstable,unstable BOSU squatting,5.0,11769.0,0.186609,0.12682,383.026206,1402.0,4724.0,,,Mendeley 10.17632/37wyv32y8j.1,bipolar potential,-0.729067414,-0.896812251,-1.487511074,1.471447721,0.119126519,0.401393491,3.256653,0,1.146783345,1.180105515,-0.097478774,0.112599883,-0.996776202,-0.969094743,-1.043629868,0.0
external_public,external_mat_bipolar_20260718,external_vl_vm_window,external_vl_vm_angle_features,ext_mat_06,ext_mat_06_trial_03,ext_mat_06_trial_03_w16,window_5s,unstable BOSU squatting,unknown,unstable,unstable BOSU squatting,5.0,11769.0,0.166724,0.111906,355.60291,1481.0,4989.0,,,Mendeley 10.17632/37wyv32y8j.1,bipolar potential,-0.778001879,-0.951146628,-1.519774257,1.489857559,0.125839069,0.423910273,3.402748,0,0.795148704,0.766344736,-0.329973042,0.284991706,-0.836009761,-0.608508283,-0.639944924,0.0
external_public,external_mat_bipolar_20260718,external_vl_vm_window,external_vl_vm_angle_features,ext_mat_06,ext_mat_06_trial_03,ext_mat_06_trial_03_w17,window_5s,unstable BOSU squatting,unknown,unstable,unstable BOSU squatting,5.0,11769.0,0.162662,0.104682,345.774599,1593.0,5205.5,,,Mendeley 10.17632/37wyv32y8j.1,bipolar potential,-0.788713892,-0.980127989,-1.531946477,1.553867905,0.135355595,0.442306058,3.432831,0,0.718174022,0.545649273,-0.417688236,0.884391887,-0.608087733,-0.313915965,-0.556820558,0.0
external_public,external_mat_bipolar_20260718,external_vl_vm_window,external_vl_vm_angle_features,ext_mat_06,ext_mat_06_trial_03,ext_mat_06_trial_03_w18,window_5s,unstable BOSU squatting,unknown,unstable,unstable BOSU squatting,5.0,11769.0,0.181184,0.11921,352.546648,1376.5,4952.5,,,Mendeley 10.17632/37wyv32y8j.1,bipolar potential,-0.741880157,-0.923687312,-1.523522973,1.519872494,0.11695981,0.420808905,3.489943,0,1.05471318,0.975449701,-0.35698696,0.566054981,-1.048669163,-0.658173964,-0.399010541,0.0
external_public,external_mat_bipolar_20260718,external_vl_vm_window,external_vl_vm_angle_features,ext_mat_07,ext_mat_07_trial_01,ext_mat_07_trial_01_w01,window_5s,stable squatting 1,unknown,stable,stable squatting 1,5.0,11762.0,0.151396,0.106489,491.914694,1789.5,5705.5,,,Mendeley 10.17632/37wyv32y8j.1,bipolar potential,-0.819885599,-0.972695251,-1.378591379,1.421705528,0.152142493,0.485079068,3.465304,0,0.494179502,0.602250189,0.687416029,-0.353191686,-0.206039354,0.371056172,-0.467092223,0.0
external_public,external_mat_bipolar_20260718,external_vl_vm_window,external_vl_vm_angle_features,ext_mat_07,ext_mat_07_trial_01,ext_mat_07_trial_01_w02,window_5s,stable squatting 1,unknown,stable,stable squatting 1,5.0,11762.0,0.169315,0.120395,533.103046,1657.5,5430.5,,,Mendeley 10.17632/37wyv32y8j.1,bipolar potential,-0.771304565,-0.919391549,-1.343670011,1.406329166,0.140919912,0.461698691,3.081488,0,0.843274449,1.008162292,0.939065652,-0.497177693,-0.474821621,-0.003360003,-1.527640088,0.0
external_public,external_mat_bipolar_20260718,external_vl_vm_window,external_vl_vm_angle_features,ext_mat_07,ext_mat_07_trial_01,ext_mat_07_trial_01_w03,window_5s,stable squatting 1,unknown,stable,stable squatting 1,5.0,11762.0,0.167339,0.1214,533.187805,1601.0,5350.0,,,Mendeley 10.17632/37wyv32y8j.1,bipolar potential,-0.776402831,-0.915781313,-1.343600967,1.378410214,0.136116307,0.454854617,3.846213,0,0.806639187,1.035654538,0.939563196,-0.758613944,-0.589868582,-0.112961829,0.585423115,0.0
external_public,external_mat_bipolar_20260718,external_vl_vm_window,external_vl_vm_angle_features,ext_mat_07,ext_mat_07_trial_01,ext_mat_07_trial_01_w04,window_5s,stable squatting 1,unknown,stable,stable squatting 1,5.0,11762.0,0.175283,0.122511,531.273791,1677.0,5380.5,,,Mendeley 10.17632/37wyv32y8j.1,bipolar potential,-0.756260202,-0.911824915,-1.345162783,1.430753157,0.142577793,0.457447713,3.550493,0,0.951380652,1.065782836,0.92830847,-0.268468656,-0.435115156,-0.071435677,-0.231700754,0.0
external_public,external_mat_bipolar_20260718,external_vl_vm_window,external_vl_vm_angle_features,ext_mat_07,ext_mat_07_trial_01,ext_mat_07_trial_01_w05,window_5s,stable squatting 1,unknown,stable,stable squatting 1,5.0,11762.0,0.168593,0.12164,528.678229,1597.5,5383.5,,,Mendeley 10.17632/37wyv32y8j.1,bipolar potential,-0.773160461,-0.914923589,-1.347289749,1.385999671,0.135818738,0.457702772,3.379118,0,0.8299383,1.042186177,0.912981173,-0.687545403,-0.596995398,-0.067351131,-0.70523857,0.0
external_public,external_mat_bipolar_20260718,external_vl_vm_window,external_vl_vm_angle_features,ext_mat_07,ext_mat_07_trial_01,ext_mat_07_trial_01_w06,window_5s,stable squatting 1,unknown,stable,stable squatting 1,5.0,11762.0,0.159066,0.112949,507.247268,1712.5,5502.5,,,Mendeley 10.17632/37wyv32y8j.1,bipolar potential,-0.79842264,-0.94711761,-1.365261458,1.408299321,0.145595987,0.467820099,3.632378,0,0.64840863,0.797026042,0.783473823,-0.478728937,-0.36282902,0.094668963,-0.00543879,0.0
external_public,external_mat_bipolar_20260718,external_vl_vm_window,external_vl_vm_angle_features,ext_mat_07,ext_mat_07_trial_01,ext_mat_07_trial_01_w07,window_5s,stable squatting 1,unknown,stable,stable squatting 1,5.0,11761.0,0.172806,0.124711,545.30011,1530.0,5223.5,,,Mendeley 10.17632/37wyv32y8j.1,bipolar potential,-0.762441182,-0.904095238,-1.333808665,1.385651627,0.130090979,0.444137403,3.799412,0,0.906965194,1.124644966,1.010128275,-0.690804527,-0.734175967,-0.284588585,0.456104117,0.0
external_public,external_mat_bipolar_20260718,external_vl_vm_window,external_vl_vm_angle_features,ext_mat_07,ext_mat_07_trial_01,ext_mat_07_trial_01_w08,window_5s,stable squatting 1,unknown,stable,stable squatting 1,5.0,11761.0,0.169145,0.122851,526.670465,1550.5,5384.0,,,Mendeley 10.17632/37wyv32y8j.1,bipolar potential,-0.771740836,-0.910621304,-1.348905286,1.376830469,0.131834028,0.457784202,3.738657,0,0.840139481,1.074948433,0.901339324,-0.773406857,-0.692429718,-0.066047101,0.28822788,0.0
external_public,external_mat_bipolar_20260718,external_vl_vm_window,external_vl_vm_angle_features,ext_mat_07,ext_mat_07_trial_01,ext_mat_07_trial_01_w09,window_5s,stable squatting 1,unknown,stable,stable squatting 1,5.0,11761.0,0.165036,0.117971,516.003508,1687.0,5533.0,,,Mendeley 10.17632/37wyv32y8j.1,bipolar potential,-0.782421311,-0.928224739,-1.357791596,1.39895398,0.143440184,0.470453193,3.612312,0,0.763391426,0.940896819,0.837302985,-0.566239776,-0.41446078,0.136835647,-0.060884507,0.0
external_public,external_mat_bipolar_20260718,external_vl_vm_window,external_vl_vm_angle_features,ext_mat_07,ext_mat_07_trial_01,ext_mat_07_trial_01_w10,window_5s,stable squatting 1,unknown,stable,stable squatting 1,5.0,11761.0,0.181033,0.128734,538.399664,1602.0,5275.0,,,Mendeley 10.17632/37wyv32y8j.1,bipolar potential,-0.742242252,-0.890306736,-1.33933947,1.406256311,0.136212907,0.448516283,4.068297,0,1.052111228,1.22964555,0.970272305,-0.497859916,-0.587554999,-0.214464673,1.199078388,0.0
external_public,external_mat_bipolar_20260718,external_vl_vm_window,external_vl_vm_angle_features,ext_mat_07,ext_mat_07_trial_01,ext_mat_07_trial_01_w11,window_5s,stable squatting 1,unknown,stable,stable squatting 1,5.0,11761.0,0.161389,0.112548,510.066282,1736.5,5569.0,,,Mendeley 10.17632/37wyv32y8j.1,bipolar potential,-0.792126069,-0.948662218,-1.362817635,1.433957067,0.147649009,0.473514157,3.921651,0,0.693654706,0.785263724,0.801084449,-0.238466877,-0.313658877,0.185854294,0.793870939,0.0
external_public,external_mat_bipolar_20260718,external_vl_vm_window,external_vl_vm_angle_features,ext_mat_07,ext_mat_07_trial_01,ext_mat_07_trial_01_w12,window_5s,stable squatting 1,unknown,stable,stable squatting 1,5.0,11761.0,0.161609,0.116602,508.136624,1674.5,5476.5,,,Mendeley 10.17632/37wyv32y8j.1,bipolar potential,-0.791534457,-0.933294,-1.364463752,1.385988233,0.142377349,0.465649179,3.861627,0,0.697905928,0.902293976,0.789222236,-0.68765251,-0.439915816,0.059903588,0.628014578,0.0
external_public,external_mat_bipolar_20260718,external_vl_vm_window,external_vl_vm_angle_features,ext_mat_07,ext_mat_07_trial_01,ext_mat_07_trial_01_w13,window_5s,stable squatting 1,unknown,stable,stable squatting 1,5.0,11761.0,0.162966,0.11795,521.095612,1622.0,5460.5,,,Mendeley 10.17632/37wyv32y8j.1,bipolar potential,-0.787902994,-0.928302055,-1.353526834,1.381653243,0.137913443,0.464288751,3.94992,0,0.724000996,0.940308051,0.868035623,-0.728245851,-0.546826942,0.03811753,0.871982918,0.0
external_public,external_mat_bipolar_20260718,external_vl_vm_window,external_vl_vm_angle_features,ext_mat_07,ext_mat_07_trial_01,ext_mat_07_trial_01_w14,window_5s,stable squatting 1,unknown,stable,stable squatting 1,5.0,11761.0,0.146893,0.102228,484.295948,1859.5,5742.5,,,Mendeley 10.17632/37wyv32y8j.1,bipolar potential,-0.832998899,-0.990430136,-1.385333415,1.436915522,0.158107304,0.488266304,3.836092,0,0.399949585,0.467197571,0.638831711,-0.210763567,-0.063181359,0.422096954,0.557457098,0.0
external_public,external_mat_bipolar_20260718,external_vl_vm_window,external_vl_vm_angle_features,ext_mat_07,ext_mat_07_trial_01,ext_mat_07_trial_01_w15,window_5s,stable squatting 1,unknown,stable,stable squatting 1,5.0,11761.0,0.153171,0.107614,506.927777,1825.0,5693.5,,,Mendeley 10.17632/37wyv32y8j.1,bipolar potential,-0.814823452,-0.968131226,-1.365498161,1.423337112,0.15517388,0.484099991,3.656779,0,0.530555219,0.637005617,0.781768099,-0.337913347,-0.133437243,0.355377115,0.061985258,0.0
external_public,external_mat_bipolar_20260718,external_vl_vm_window,external_vl_vm_angle_features,ext_mat_07,ext_mat_07_trial_01,ext_mat_07_trial_01_w16,window_5s,stable squatting 1,unknown,stable,stable squatting 1,5.0,11761.0,0.165217,0.117537,519.103903,1682.0,5514.0,,,Mendeley 10.17632/37wyv32y8j.1,bipolar potential,-0.781945268,-0.929825398,-1.355189956,1.405659494,0.14301505,0.468837684,3.82572,0,0.766812189,0.928707668,0.856050868,-0.503448578,-0.424642795,0.110964691,0.528797525,0.0
external_public,external_mat_bipolar_20260718,external_vl_vm_window,external_vl_vm_angle_features,ext_mat_07,ext_mat_07_trial_01,ext_mat_07_trial_01_w17,window_5s,stable squatting 1,unknown,stable,stable squatting 1,5.0,11761.0,0.153997,0.109115,496.469171,1783.0,5664.5,,,Mendeley 10.17632/37wyv32y8j.1,bipolar potential,-0.81248774,-0.962115543,-1.374551964,1.411327499,0.151602755,0.481634215,3.903736,0,0.547339243,0.682815541,0.716524776,-0.450372733,-0.218966149,0.315889881,0.744368794,0.0
external_public,external_mat_bipolar_20260718,external_vl_vm_window,external_vl_vm_angle_features,ext_mat_07,ext_mat_07_trial_01,ext_mat_07_trial_01_w18,window_5s,stable squatting 1,unknown,stable,stable squatting 1,5.0,11761.0,0.161093,0.116521,514.692118,1646.0,5507.5,,,Mendeley 10.17632/37wyv32y8j.1,bipolar potential,-0.792923331,-0.933595797,-1.358896732,1.382523322,0.139954086,0.46828501,3.803814,0,0.687925718,0.899995767,0.829339177,-0.720098332,-0.497953278,0.102114103,0.46826758,0.0
external_public,external_mat_bipolar_20260718,external_vl_vm_window,external_vl_vm_angle_features,ext_mat_07,ext_mat_07_trial_02,ext_mat_07_trial_02_w01,window_5s,stable squatting 2,unknown,stable,stable squatting 2,5.0,11776.0,0.141273,0.099773,479.932215,1912.5,5765.5,,,Mendeley 10.17632/37wyv32y8j.1,bipolar potential,-0.849940832,-1.000986969,-1.389817894,1.415944193,0.16240659,0.489597486,3.810512,0,0.278207771,0.386806414,0.606515754,-0.407141484,0.039787097,0.443414663,0.486775275,0.0
external_public,external_mat_bipolar_20260718,external_vl_vm_window,external_vl_vm_angle_features,ext_mat_07,ext_mat_07_trial_02,ext_mat_07_trial_02_w02,window_5s,stable squatting 2,unknown,stable,stable squatting 2,5.0,11776.0,0.164699,0.115628,517.665326,1706.0,5525.0,,,Mendeley 10.17632/37wyv32y8j.1,bipolar potential,-0.783309038,-0.936936986,-1.356948721,1.424386827,0.144870924,0.469174592,3.625206,0,0.757012373,0.874552337,0.843376893,-0.328083696,-0.380194372,0.116359977,-0.025256226,0.0
external_public,external_mat_bipolar_20260718,external_vl_vm_window,external_vl_vm_angle_features,ext_mat_07,ext_mat_07_trial_02,ext_mat_07_trial_02_w03,window_5s,stable squatting 2,unknown,stable,stable squatting 2,5.0,11776.0,0.154337,0.106044,493.426315,1852.5,5743.5,,,Mendeley 10.17632/37wyv32y8j.1,bipolar potential,-0.811529946,-0.974513899,-1.37777549,1.455405303,0.157311481,0.48772928,3.72975,0,0.554221786,0.588401034,0.693295471,-0.037623149,-0.082241423,0.413496987,0.263616348,0.0
external_public,external_mat_bipolar_20260718,external_vl_vm_window,external_vl_vm_angle_features,ext_mat_07,ext_mat_07_trial_02,ext_mat_07_trial_02_w04,window_5s,stable squatting 2,unknown,stable,stable squatting 2,5.0,11776.0,0.168069,0.120268,531.255055,1621.0,5430.0,,,Mendeley 10.17632/37wyv32y8j.1,bipolar potential,-0.774512384,-0.919849911,-1.345694722,1.397454019,0.137652853,0.461107337,3.807845,0,0.820223614,1.004671827,0.924475223,-0.580285582,-0.553068106,-0.012830017,0.479405907,0.0
external_public,external_mat_bipolar_20260718,external_vl_vm_window,external_vl_vm_angle_features,ext_mat_07,ext_mat_07_trial_02,ext_mat_07_trial_02_w05,window_5s,stable squatting 2,unknown,stable,stable squatting 2,5.0,11776.0,0.152122,0.107136,497.764309,1799.5,5677.0,,,Mendeley 10.17632/37wyv32y8j.1,bipolar potential,-0.817807973,-0.970064572,-1.373974044,1.419896207,0.152810802,0.482082201,3.673511,0,0.509108965,0.622283027,0.72068937,-0.370134374,-0.190033267,0.323063983,0.108218576,0.0
external_public,external_mat_bipolar_20260718,external_vl_vm_window,external_vl_vm_angle_features,ext_mat_07,ext_mat_07_trial_02,ext_mat_07_trial_02_w06,window_5s,stable squatting 2,unknown,stable,stable squatting 2,5.0,11776.0,0.150647,0.106304,500.842748,1798.0,5625.0,,,Mendeley 10.17632/37wyv32y8j.1,bipolar potential,-0.822039512,-0.973450394,-1.371296407,1.41713388,0.152683424,0.47766644,3.763207,0,0.478701854,0.596499712,0.739984902,-0.396001119,-0.193083987,0.252349454,0.35606364,0.0
external_public,external_mat_bipolar_20260718,external_vl_vm_window,external_vl_vm_angle_features,ext_mat_07,ext_mat_07_trial_02,ext_mat_07_trial_02_w07,window_5s,stable squatting 2,unknown,stable,stable squatting 2,5.0,11776.0,0.167949,0.118278,521.434014,1643.0,5461.0,,,Mendeley 10.17632/37wyv32y8j.1,bipolar potential,-0.774822578,-0.927096028,-1.353798439,1.419951301,0.13952106,0.46373981,3.744862,0,0.817994613,0.949492046,0.866078389,-0.369618467,-0.508324307,0.029326723,0.305373334,0.0
external_public,external_mat_bipolar_20260718,external_vl_vm_window,external_vl_vm_angle_features,ext_mat_07,ext_mat_07_trial_02,ext_mat_07_trial_02_w08,window_5s,stable squatting 2,unknown,stable,stable squatting 2,5.0,11776.0,0.13768,0.096451,470.758976,1924.0,5861.0,,,Mendeley 10.17632/37wyv32y8j.1,bipolar potential,-0.861129143,-1.015693265,-1.398199187,1.427460576,0.163383152,0.497707201,3.938298,0,0.197810494,0.274816753,0.546118657,-0.29930076,0.063175883,0.573284616,0.839869387,0.0
external_public,external_mat_bipolar_20260718,external_vl_vm_window,external_vl_vm_angle_features,ext_mat_07,ext_mat_07_trial_02,ext_mat_07_trial_02_w09,window_5s,stable squatting 2,unknown,stable,stable squatting 2,5.0,11776.0,0.167484,0.120267,530.203977,1675.0,5466.0,,,Mendeley 10.17632/37wyv32y8j.1,bipolar potential,-0.776026675,-0.919853522,-1.346554816,1.392601462,0.142238451,0.464164402,3.618172,0,0.80934218,1.004644329,0.918277232,-0.625725479,-0.443242441,0.03612619,-0.044692346,0.0
external_public,external_mat_bipolar_20260718,external_vl_vm_window,external_vl_vm_angle_features,ext_mat_07,ext_mat_07_trial_02,ext_mat_07_trial_02_w10,window_5s,stable squatting 2,unknown,stable,stable squatting 2,5.0,11776.0,0.138387,0.098231,469.809018,1848.5,5820.5,,,Mendeley 10.17632/37wyv32y8j.1,bipolar potential,-0.858904705,-1.007751435,-1.399076448,1.408791522,0.156971807,0.494268003,3.5674,0,0.213794923,0.335294446,0.539796958,-0.474119911,-0.090376659,0.518208885,-0.184983882,0.0
external_public,external_mat_bipolar_20260718,external_vl_vm_window,external_vl_vm_angle_features,ext_mat_07,ext_mat_07_trial_02,ext_mat_07_trial_02_w11,window_5s,stable squatting 2,unknown,stable,stable squatting 2,5.0,11776.0,0.155126,0.113176,512.330817,1678.0,5526.5,,,Mendeley 10.17632/37wyv32y8j.1,bipolar potential,-0.809315406,-0.946245659,-1.361447317,1.370661624,0.142493207,0.46930197,3.765765,0,0.570135089,0.803666021,0.810959206,-0.831172625,-0.437141002,0.118399823,0.363131823,0.0
external_public,external_mat_bipolar_20260718,external_vl_vm_window,external_vl_vm_angle_features,ext_mat_07,ext_mat_07_trial_02,ext_mat_07_trial_02_w12,window_5s,stable squatting 2,unknown,stable,stable squatting 2,5.0,11776.0,0.140343,0.100726,479.538364,1881.5,5646.5,,,Mendeley 10.17632/37wyv32y8j.1,bipolar potential,-0.852809244,-0.996858412,-1.39017444,1.393314536,0.159774117,0.479492188,3.714764,0,0.257595856,0.418245717,0.603946419,-0.619048173,-0.023260972,0.281587203,0.222207521,0.0
external_public,external_mat_bipolar_20260718,external_vl_vm_window,external_vl_vm_angle_features,ext_mat_07,ext_mat_07_trial_02,ext_mat_07_trial_02_w13,window_5s,stable squatting 2,unknown,stable,stable squatting 2,5.0,11776.0,0.163525,0.1164,519.097473,1710.0,5445.0,,,Mendeley 10.17632/37wyv32y8j.1,bipolar potential,-0.786415842,-0.93404702,-1.355748882,1.404853952,0.145210598,0.462381114,3.940057,0,0.734687414,0.896559667,0.852023147,-0.510991765,-0.372059136,0.007568401,0.844729798,0.0
external_public,external_mat_bipolar_20260718,external_vl_vm_window,external_vl_vm_angle_features,ext_mat_07,ext_mat_07_trial_02,ext_mat_07_trial_02_w14,window_5s,stable squatting 2,unknown,stable,stable squatting 2,5.0,11776.0,0.140565,0.099337,470.217867,1904.0,5822.0,,,Mendeley 10.17632/37wyv32y8j.1,bipolar potential,-0.852122803,-1.00288896,-1.39869867,1.41503166,0.161684783,0.49439538,3.960269,0,0.262528503,0.372322595,0.542519293,-0.415686547,0.022499726,0.520248715,0.900578938,0.0
external_public,external_mat_bipolar_20260718,external_vl_vm_window,external_vl_vm_angle_features,ext_mat_07,ext_mat_07_trial_02,ext_mat_07_trial_02_w15,window_5s,stable squatting 2,unknown,stable,stable squatting 2,5.0,11776.0,0.148683,0.106672,501.37647,1809.5,5706.5,,,Mendeley 10.17632/37wyv32y8j.1,bipolar potential,-0.827738685,-0.971949562,-1.370833849,1.393833433,0.153659986,0.484587296,3.990183,0,0.437748578,0.607928672,0.743318177,-0.614189162,-0.1696952,0.363180876,0.983236328,0.0
external_public,external_mat_bipolar_20260718,external_vl_vm_window,external_vl_vm_angle_features,ext_mat_07,ext_mat_07_trial_02,ext_mat_07_trial_02_w16,window_5s,stable squatting 2,unknown,stable,stable squatting 2,5.0,11776.0,0.139127,0.098921,471.673677,1922.5,5771.5,,,Mendeley 10.17632/37wyv32y8j.1,bipolar potential,-0.856588579,-1.004711502,-1.397356157,1.406445547,0.163255774,0.490106997,4.026831,0,0.230438206,0.358443787,0.552193682,-0.496087888,0.060125163,0.451574033,1.084500888,0.0
external_public,external_mat_bipolar_20260718,external_vl_vm_window,external_vl_vm_angle_features,ext_mat_07,ext_mat_07_trial_02,ext_mat_07_trial_02_w17,window_5s,stable squatting 2,unknown,stable,stable squatting 2,5.0,11776.0,0.136986,0.100363,495.015978,1784.5,5909.0,,,Mendeley 10.17632/37wyv32y8j.1,bipolar potential,-0.863323816,-0.998426365,-1.37637858,1.364905393,0.151537024,0.501783288,3.580225,0,0.182039952,0.406305625,0.703361854,-0.885074628,-0.220540415,0.638559564,-0.14954626,0.0
external_public,external_mat_bipolar_20260718,external_vl_vm_window,external_vl_vm_angle_features,ext_mat_07,ext_mat_07_trial_02,ext_mat_07_trial_02_w18,window_5s,stable squatting 2,unknown,stable,stable squatting 2,5.0,11776.0,0.140816,0.101343,480.957454,1793.5,5826.5,,,Mendeley 10.17632/37wyv32y8j.1,bipolar potential,-0.851347996,-0.994206244,-1.388891137,1.389499028,0.152301291,0.494777514,3.853754,0,0.268096133,0.438442196,0.61319413,-0.654777025,-0.202236121,0.526368255,0.60626016,0.0
external_public,external_mat_bipolar_20260718,external_vl_vm_window,external_vl_vm_angle_features,ext_mat_07,ext_mat_07_trial_03,ext_mat_07_trial_03_w01,window_5s,unstable BOSU squatting,unknown,unstable,unstable BOSU squatting,5.0,11731.0,0.130263,0.09614,720.528201,2645.5,6401.0,,,Mendeley 10.17632/37wyv32y8j.1,bipolar potential,-0.885178924,-1.017095882,-1.211684051,1.35493031,0.225513596,0.545648282,3.422181,0,0.024992908,0.264135708,1.890180086,-0.978482443,1.551208053,1.341018865,-0.586248291,0.0
external_public,external_mat_bipolar_20260718,external_vl_vm_window,external_vl_vm_angle_features,ext_mat_07,ext_mat_07_trial_03,ext_mat_07_trial_03_w02,window_5s,unstable BOSU squatting,unknown,unstable,unstable BOSU squatting,5.0,11731.0,0.148915,0.105813,737.128314,2514.5,6214.0,,,Mendeley 10.17632/37wyv32y8j.1,bipolar potential,-0.827061554,-0.975460972,-1.201791941,1.407341253,0.214346603,0.529707612,3.629126,0,0.442614324,0.581188994,1.9614644,-0.487700395,1.283757127,1.085743054,-0.01442461,0.0
external_public,external_mat_bipolar_20260718,external_vl_vm_window,external_vl_vm_angle_features,ext_mat_07,ext_mat_07_trial_03,ext_mat_07_trial_03_w03,window_5s,unstable BOSU squatting,unknown,unstable,unstable BOSU squatting,5.0,11731.0,0.142031,0.103619,733.649744,2481.5,6257.5,,,Mendeley 10.17632/37wyv32y8j.1,bipolar potential,-0.847616855,-0.984560603,-1.203846264,1.370704214,0.211533544,0.533415736,3.637741,0,0.29490747,0.511894551,1.946660581,-0.830773807,1.216384,1.145125399,0.009380077,0.0
external_public,external_mat_bipolar_20260718,external_vl_vm_window,external_vl_vm_angle_features,ext_mat_07,ext_mat_07_trial_03,ext_mat_07_trial_03_w04,window_5s,unstable BOSU squatting,unknown,unstable,unstable BOSU squatting,5.0,11731.0,0.132945,0.096605,719.522257,2634.5,6327.0,,,Mendeley 10.17632/37wyv32y8j.1,bipolar potential,-0.876327992,-1.015000395,-1.212290802,1.376171006,0.22457591,0.53934021,3.744914,0,0.088594182,0.280093015,1.88580773,-0.779582143,1.528750352,1.24000064,0.305517019,0.0
external_public,external_mat_bipolar_20260718,external_vl_vm_window,external_vl_vm_angle_features,ext_mat_07,ext_mat_07_trial_03,ext_mat_07_trial_03_w05,window_5s,unstable BOSU squatting,unknown,unstable,unstable BOSU squatting,5.0,11730.0,0.136754,0.099296,722.801465,2560.0,6380.0,,,Mendeley 10.17632/37wyv32y8j.1,bipolar potential,-0.864059962,-1.003068246,-1.210278988,1.37723574,0.218243819,0.543904518,3.76557,0,0.176750134,0.370957317,1.900305222,-0.769611853,1.377095954,1.313094018,0.362593005,0.0
external_public,external_mat_bipolar_20260718,external_vl_vm_window,external_vl_vm_angle_features,ext_mat_07,ext_mat_07_trial_03,ext_mat_07_trial_03_w06,window_5s,unstable BOSU squatting,unknown,unstable,unstable BOSU squatting,5.0,11730.0,0.148657,0.107616,745.444724,2548.0,6139.0,,,Mendeley 10.17632/37wyv32y8j.1,bipolar potential,-0.827814636,-0.968123154,-1.196882567,1.381365225,0.217220801,0.523358909,3.878453,0,0.437202807,0.637067086,1.996842228,-0.730942884,1.35259454,0.984074159,0.674507633,0.0
external_public,external_mat_bipolar_20260718,external_vl_vm_window,external_vl_vm_angle_features,ext_mat_07,ext_mat_07_trial_03,ext_mat_07_trial_03_w07,window_5s,unstable BOSU squatting,unknown,unstable,unstable BOSU squatting,5.0,11730.0,0.12974,0.096264,715.915465,2651.0,6385.5,,,Mendeley 10.17632/37wyv32y8j.1,bipolar potential,-0.886926106,-1.016536096,-1.214436268,1.347752015,0.226001705,0.544373402,3.492714,0,0.012437959,0.268398525,1.870347119,-1.045700817,1.562898327,1.320602783,-0.391353804,0.0
external_public,external_mat_bipolar_20260718,external_vl_vm_window,external_vl_vm_angle_features,ext_mat_07,ext_mat_07_trial_03,ext_mat_07_trial_03_w08,window_5s,unstable BOSU squatting,unknown,unstable,unstable BOSU squatting,5.0,11730.0,0.145125,0.105057,735.479143,2494.5,6337.5,,,Mendeley 10.17632/37wyv32y8j.1,bipolar potential,-0.838257767,-0.978575005,-1.202727651,1.381392958,0.212659847,0.54028133,3.546475,0,0.362160265,0.557475375,1.954721507,-0.730683189,1.243359102,1.255071849,-0.24280316,0.0
external_public,external_mat_bipolar_20260718,external_vl_vm_window,external_vl_vm_angle_features,ext_mat_07,ext_mat_07_trial_03,ext_mat_07_trial_03_w09,window_5s,unstable BOSU squatting,unknown,unstable,unstable BOSU squatting,5.0,11730.0,0.138719,0.099111,719.566411,2655.5,6510.5,,,Mendeley 10.17632/37wyv32y8j.1,bipolar potential,-0.857864051,-1.003878142,-1.21222713,1.399632735,0.226385337,0.555029838,3.700436,0,0.221272883,0.364789892,1.886266562,-0.559883837,1.572086363,1.491256233,0.182616858,0.0
external_public,external_mat_bipolar_20260718,external_vl_vm_window,external_vl_vm_angle_features,ext_mat_07,ext_mat_07_trial_03,ext_mat_07_trial_03_w10,window_5s,unstable BOSU squatting,unknown,unstable,unstable BOSU squatting,5.0,11730.0,0.140611,0.102304,754.610295,2709.0,6389.0,,,Mendeley 10.17632/37wyv32y8j.1,bipolar potential,-0.851980703,-0.990107385,-1.191575286,1.374442837,0.230946292,0.544671782,3.44635,0,0.263549609,0.469655347,2.035087444,-0.795764915,1.681321825,1.325381076,-0.519465298,0.0
external_public,external_mat_bipolar_20260718,external_vl_vm_window,external_vl_vm_angle_features,ext_mat_07,ext_mat_07_trial_03,ext_mat_07_trial_03_w11,window_5s,unstable BOSU squatting,unknown,unstable,unstable BOSU squatting,5.0,11730.0,0.140875,0.104147,761.617653,2507.5,6349.0,,,Mendeley 10.17632/37wyv32y8j.1,bipolar potential,-0.851166071,-0.982353236,-1.18756101,1.352655381,0.213768116,0.541261722,3.466329,0,0.269403415,0.528703833,2.064015034,-0.999785138,1.269902288,1.270771964,-0.464259976,0.0
external_public,external_mat_bipolar_20260718,external_vl_vm_window,external_vl_vm_angle_features,ext_mat_07,ext_mat_07_trial_03,ext_mat_07_trial_03_w12,window_5s,unstable BOSU squatting,unknown,unstable,unstable BOSU squatting,5.0,11730.0,0.137305,0.101246,779.075178,2764.5,6400.0,,,Mendeley 10.17632/37wyv32y8j.1,bipolar potential,-0.862313648,-0.994622126,-1.177718645,1.356152342,0.235677749,0.545609548,3.581969,0,0.189298845,0.43527522,2.134940877,-0.967039196,1.794640832,1.340398574,-0.144727296,0.0
external_public,external_mat_bipolar_20260718,external_vl_vm_window,external_vl_vm_angle_features,ext_mat_07,ext_mat_07_trial_03,ext_mat_07_trial_03_w13,window_5s,unstable BOSU squatting,unknown,unstable,unstable BOSU squatting,5.0,11730.0,0.151324,0.108022,789.331752,2714.0,6328.0,,,Mendeley 10.17632/37wyv32y8j.1,bipolar potential,-0.820092187,-0.966487786,-1.172038439,1.400862787,0.231372549,0.539471441,3.666644,0,0.492694996,0.649520548,2.175873457,-0.54836549,1.691530736,1.242102189,0.089243905,0.0
external_public,external_mat_bipolar_20260718,external_vl_vm_window,external_vl_vm_angle_features,ext_mat_07,ext_mat_07_trial_03,ext_mat_07_trial_03_w14,window_5s,unstable BOSU squatting,unknown,unstable,unstable BOSU squatting,5.0,11730.0,0.151567,0.110106,800.645649,2628.5,6264.0,,,Mendeley 10.17632/37wyv32y8j.1,bipolar potential,-0.819395345,-0.958189014,-1.165857664,1.376555319,0.224083546,0.534015345,3.459737,0,0.497702383,0.712716384,2.220413228,-0.775983393,1.516958171,1.15472761,-0.482474776,0.0
external_public,external_mat_bipolar_20260718,external_vl_vm_window,external_vl_vm_angle_features,ext_mat_07,ext_mat_07_trial_03,ext_mat_07_trial_03_w15,window_5s,unstable BOSU squatting,unknown,unstable,unstable BOSU squatting,5.0,11730.0,0.126459,0.095039,779.616116,2859.5,6493.5,,,Mendeley 10.17632/37wyv32y8j.1,bipolar potential,-0.898050257,-1.022098142,-1.177417204,1.330601122,0.243776641,0.553580563,3.62104,0,-0.067498275,0.226043084,2.137113115,-1.206303735,1.988610343,1.468047369,-0.036767582,0.0
external_public,external_mat_bipolar_20260718,external_vl_vm_window,external_vl_vm_angle_features,ext_mat_07,ext_mat_07_trial_03,ext_mat_07_trial_03_w16,window_5s,unstable BOSU squatting,unknown,unstable,unstable BOSU squatting,5.0,11730.0,0.142909,0.104978,788.50259,2643.0,6397.0,,,Mendeley 10.17632/37wyv32y8j.1,bipolar potential,-0.84494042,-0.978901705,-1.172494888,1.361323325,0.225319693,0.545353794,3.55464,0,0.314139871,0.554987528,2.172584204,-0.918617522,1.546564051,1.336302898,-0.220241898,0.0
external_public,external_mat_bipolar_20260718,external_vl_vm_window,external_vl_vm_angle_features,ext_mat_07,ext_mat_07_trial_03,ext_mat_07_trial_03_w17,window_5s,unstable BOSU squatting,unknown,unstable,unstable BOSU squatting,5.0,11730.0,0.137733,0.100891,768.974232,2683.5,6411.0,,,Mendeley 10.17632/37wyv32y8j.1,bipolar potential,-0.860961993,-0.996147573,-1.183386225,1.365166368,0.228772379,0.546547315,3.640435,0,0.199011606,0.423658815,2.094099282,-0.882630829,1.629256328,1.355416088,0.01682405,0.0
external_public,external_mat_bipolar_20260718,external_vl_vm_window,external_vl_vm_angle_features,ext_mat_07,ext_mat_07_trial_03,ext_mat_07_trial_03_w18,window_5s,unstable BOSU squatting,unknown,unstable,unstable BOSU squatting,5.0,11730.0,0.133938,0.097056,749.138009,2783.5,6422.5,,,Mendeley 10.17632/37wyv32y8j.1,bipolar potential,-0.87309619,-1.012977611,-1.19473618,1.380007418,0.237297528,0.547527707,3.619504,0,0.111817355,0.295496683,2.012309476,-0.743657544,1.833434749,1.371116203,-0.041011807,0.0
external_public,external_mat_bipolar_20260718,external_vl_vm_window,external_vl_vm_angle_features,ext_mat_08,ext_mat_08_trial_01,ext_mat_08_trial_01_w01,window_5s,stable squatting 1,unknown,stable,stable squatting 1,5.0,11737.0,0.13454,0.099181,360.814624,1340.5,5826.0,,,Mendeley 10.17632/37wyv32y8j.1,bipolar potential,-0.871148577,-1.003571517,-1.512272973,1.356509815,0.114211468,0.496378972,3.599979,0,0.125812566,0.367124867,-0.275917447,-0.963691778,-1.114492309,0.552014197,-0.094962651,0.0
external_public,external_mat_bipolar_20260718,external_vl_vm_window,external_vl_vm_angle_features,ext_mat_08,ext_mat_08_trial_01,ext_mat_08_trial_01_w02,window_5s,stable squatting 1,unknown,stable,stable squatting 1,5.0,11737.0,0.163053,0.120554,375.461326,1156.5,5471.5,,,Mendeley 10.17632/37wyv32y8j.1,bipolar potential,-0.787671206,-0.918818375,-1.494991895,1.352530816,0.098534549,0.466175343,3.568764,0,0.725666584,1.012527059,-0.151386909,-1.000951579,-1.489956547,0.068329642,-0.181214922,0.0
external_public,external_mat_bipolar_20260718,external_vl_vm_window,external_vl_vm_angle_features,ext_mat_08,ext_mat_08_trial_01,ext_mat_08_trial_01_w03,window_5s,stable squatting 1,unknown,stable,stable squatting 1,5.0,11737.0,0.143712,0.105974,356.271452,1249.5,5701.5,,,Mendeley 10.17632/37wyv32y8j.1,bipolar potential,-0.842506967,-0.974800673,-1.517776081,1.356106215,0.106458209,0.485771492,3.641283,0,0.331626245,0.586217226,-0.315573828,-0.967471135,-1.300183865,0.382144734,0.019167216,0.0
external_public,external_mat_bipolar_20260718,external_vl_vm_window,external_vl_vm_angle_features,ext_mat_08,ext_mat_08_trial_01,ext_mat_08_trial_01_w04,window_5s,stable squatting 1,unknown,stable,stable squatting 1,5.0,11737.0,0.13149,0.098448,346.839914,1242.0,5762.0,,,Mendeley 10.17632/37wyv32y8j.1,bipolar potential,-0.881107275,-1.006793102,-1.529428035,1.335628961,0.105819204,0.490926131,3.700217,0,0.054251077,0.342592231,-0.399539893,-1.159222477,-1.315488118,0.464691744,0.182011725,0.0
external_public,external_mat_bipolar_20260718,external_vl_vm_window,external_vl_vm_angle_features,ext_mat_08,ext_mat_08_trial_01,ext_mat_08_trial_01_w05,window_5s,stable squatting 1,unknown,stable,stable squatting 1,5.0,11737.0,0.165246,0.122343,367.625891,1151.5,5457.0,,,Mendeley 10.17632/37wyv32y8j.1,bipolar potential,-0.781869044,-0.912420874,-1.504151014,1.350678012,0.098108546,0.464939934,3.670091,0,0.767359922,1.061244559,-0.217389158,-1.018301447,-1.500159374,0.048545653,0.098768543,0.0
external_public,external_mat_bipolar_20260718,external_vl_vm_window,external_vl_vm_angle_features,ext_mat_08,ext_mat_08_trial_01,ext_mat_08_trial_01_w06,window_5s,stable squatting 1,unknown,stable,stable squatting 1,5.0,11737.0,0.147611,0.109671,357.089135,1262.0,5641.5,,,Mendeley 10.17632/37wyv32y8j.1,bipolar potential,-0.830881278,-0.959908197,-1.516780468,1.345943777,0.107523217,0.480659453,3.760204,0,0.415166445,0.699624663,-0.308399263,-1.062633363,-1.274676786,0.300279925,0.347765849,0.0
external_public,external_mat_bipolar_20260718,external_vl_vm_window,external_vl_vm_angle_features,ext_mat_08,ext_mat_08_trial_01,ext_mat_08_trial_01_w07,window_5s,stable squatting 1,unknown,stable,stable squatting 1,5.0,11736.0,0.161197,0.116961,358.433606,1191.5,5505.0,,,Mendeley 10.17632/37wyv32y8j.1,bipolar potential,-0.792643045,-0.931958927,-1.515111379,1.378211541,0.101525222,0.46906953,3.727097,0,0.689939805,0.912460668,-0.296371509,-0.760474341,-1.418329542,0.114677501,0.256285665,0.0
external_public,external_mat_bipolar_20260718,external_vl_vm_window,external_vl_vm_angle_features,ext_mat_08,ext_mat_08_trial_01,ext_mat_08_trial_01_w08,window_5s,stable squatting 1,unknown,stable,stable squatting 1,5.0,11736.0,0.159417,0.118766,366.916599,1147.5,5378.0,,,Mendeley 10.17632/37wyv32y8j.1,bipolar potential,-0.797465368,-0.92530787,-1.504952742,1.342278093,0.097776074,0.458248125,3.363507,0,0.655287422,0.963109018,-0.223166554,-1.096959246,-1.508122121,-0.058617783,-0.748374376,0.0
external_public,external_mat_bipolar_20260718,external_vl_vm_window,external_vl_vm_angle_features,ext_mat_08,ext_mat_08_trial_01,ext_mat_08_trial_01_w09,window_5s,stable squatting 1,unknown,stable,stable squatting 1,5.0,11736.0,0.142512,0.103564,351.367446,1282.5,5755.0,,,Mendeley 10.17632/37wyv32y8j.1,bipolar potential,-0.846148565,-0.984791184,-1.523758579,1.376076629,0.109279141,0.490371506,3.574745,0,0.305458349,0.510138657,-0.358684779,-0.7804659,-1.232622179,0.455809912,-0.164688418,0.0
external_public,external_mat_bipolar_20260718,external_vl_vm_window,external_vl_vm_angle_features,ext_mat_08,ext_mat_08_trial_01,ext_mat_08_trial_01_w10,window_5s,stable squatting 1,unknown,stable,stable squatting 1,5.0,11736.0,0.160761,0.118364,361.439734,1137.5,5433.5,,,Mendeley 10.17632/37wyv32y8j.1,bipolar potential,-0.793819301,-0.926780367,-1.511484207,1.35819168,0.096923995,0.462977164,3.490896,0,0.681487432,0.951895831,-0.270233459,-0.947942603,-1.528529524,0.017113618,-0.396377242,0.0
external_public,external_mat_bipolar_20260718,external_vl_vm_window,external_vl_vm_angle_features,ext_mat_08,ext_mat_08_trial_01,ext_mat_08_trial_01_w11,window_5s,stable squatting 1,unknown,stable,stable squatting 1,5.0,11736.0,0.165835,0.12137,366.204201,1150.5,5536.0,,,Mendeley 10.17632/37wyv32y8j.1,bipolar potential,-0.780323805,-0.915888648,-1.505796779,1.366359067,0.098031697,0.471710975,3.533843,0,0.778463743,1.034837173,-0.229248835,-0.871462259,-1.501999917,0.15697792,-0.277707491,0.0
external_public,external_mat_bipolar_20260718,external_vl_vm_window,external_vl_vm_angle_features,ext_mat_08,ext_mat_08_trial_01,ext_mat_08_trial_01_w12,window_5s,stable squatting 1,unknown,stable,stable squatting 1,5.0,11736.0,0.138829,0.103432,355.70634,1277.0,5655.5,,,Mendeley 10.17632/37wyv32y8j.1,bipolar potential,-0.857519805,-0.985345078,-1.518428495,1.342224843,0.108810498,0.48189332,3.497177,0,0.223746576,0.505920709,-0.32027524,-1.097457886,-1.243846239,0.32003922,-0.379021788,0.0
external_public,external_mat_bipolar_20260718,external_vl_vm_window,external_vl_vm_angle_features,ext_mat_08,ext_mat_08_trial_01,ext_mat_08_trial_01_w13,window_5s,stable squatting 1,unknown,stable,stable squatting 1,5.0,11736.0,0.180562,0.131953,387.727092,1140.0,5368.5,,,Mendeley 10.17632/37wyv32y8j.1,bipolar potential,-0.743373643,-0.879580731,-1.480993953,1.368381166,0.097137014,0.45743865,3.553472,0,1.043981247,1.311324966,-0.050515235,-0.852527094,-1.523427691,-0.071580813,-0.223469278,0.0
external_public,external_mat_bipolar_20260718,external_vl_vm_window,external_vl_vm_angle_features,ext_mat_08,ext_mat_08_trial_01,ext_mat_08_trial_01_w14,window_5s,stable squatting 1,unknown,stable,stable squatting 1,5.0,11736.0,0.150612,0.110205,365.423815,1237.0,5586.5,,,Mendeley 10.17632/37wyv32y8j.1,bipolar potential,-0.822140424,-0.957798701,-1.506723254,1.366653056,0.105402181,0.476013974,3.517133,0,0.477976717,0.71568865,-0.23592518,-0.868709313,-1.325475872,0.225886664,-0.323880019,0.0
external_public,external_mat_bipolar_20260718,external_vl_vm_window,external_vl_vm_angle_features,ext_mat_08,ext_mat_08_trial_01,ext_mat_08_trial_01_w15,window_5s,stable squatting 1,unknown,stable,stable squatting 1,5.0,11736.0,0.158175,0.117517,376.888062,1249.5,5580.0,,,Mendeley 10.17632/37wyv32y8j.1,bipolar potential,-0.800862157,-0.929899304,-1.49330772,1.345975476,0.10646728,0.475460123,3.480216,0,0.630878681,0.928144868,-0.139250442,-1.06233653,-1.299966613,0.217017228,-0.42588787,0.0
external_public,external_mat_bipolar_20260718,external_vl_vm_window,external_vl_vm_angle_features,ext_mat_08,ext_mat_08_trial_01,ext_mat_08_trial_01_w16,window_5s,stable squatting 1,unknown,stable,stable squatting 1,5.0,11736.0,0.15133,0.113829,363.255261,1217.5,5506.0,,,Mendeley 10.17632/37wyv32y8j.1,bipolar potential,-0.820074968,-0.943747079,-1.509308188,1.329450316,0.103740627,0.469154738,3.652755,0,0.492818729,0.822692915,-0.254552676,-1.217080013,-1.365270306,0.116042032,0.050866273,0.0
external_public,external_mat_bipolar_20260718,external_vl_vm_window,external_vl_vm_angle_features,ext_mat_08,ext_mat_08_trial_01,ext_mat_08_trial_01_w17,window_5s,stable squatting 1,unknown,stable,stable squatting 1,5.0,11736.0,0.138722,0.102573,351.818775,1282.0,5759.5,,,Mendeley 10.17632/37wyv32y8j.1,bipolar potential,-0.857854658,-0.988966942,-1.523201089,1.352422177,0.109236537,0.490754942,3.774628,0,0.22134038,0.478339915,-0.354667406,-1.001968887,-1.23364255,0.461950302,0.387621775,0.0
external_public,external_mat_bipolar_20260718,external_vl_vm_window,external_vl_vm_angle_features,ext_mat_08,ext_mat_08_trial_01,ext_mat_08_trial_01_w18,window_5s,stable squatting 1,unknown,stable,stable squatting 1,5.0,11736.0,0.168225,0.12204,371.090033,1151.5,5420.0,,,Mendeley 10.17632/37wyv32y8j.1,bipolar potential,-0.774109463,-0.913497801,-1.500040811,1.378441495,0.098116905,0.461826858,3.799552,0,0.823118935,1.053043671,-0.1877703,-0.758321025,-1.499959175,-0.001307521,0.45649096,0.0
external_public,external_mat_bipolar_20260718,external_vl_vm_window,external_vl_vm_angle_features,ext_mat_08,ext_mat_08_trial_02,ext_mat_08_trial_02_w01,window_5s,stable squatting 2,unknown,stable,stable squatting 2,5.0,11844.0,0.158281,0.115364,380.074928,1288.0,5552.5,,,Mendeley 10.17632/37wyv32y8j.1,bipolar potential,-0.800571215,-0.937929694,-1.493629177,1.3720138,0.108747045,0.468802769,3.352538,0,0.63296934,0.866992783,-0.141566919,-0.818510694,-1.245365947,0.110405558,-0.77868356,0.0
external_public,external_mat_bipolar_20260718,external_vl_vm_window,external_vl_vm_angle_features,ext_mat_08,ext_mat_08_trial_02,ext_mat_08_trial_02_w02,window_5s,stable squatting 2,unknown,stable,stable squatting 2,5.0,11844.0,0.14554,0.106444,381.491463,1354.5,5678.0,,,Mendeley 10.17632/37wyv32y8j.1,bipolar potential,-0.837017629,-0.972878814,-1.492013575,1.367291721,0.114361702,0.479398852,3.83023,0,0.371071683,0.600852341,-0.129924602,-0.862728781,-1.110894185,0.280092509,0.54125941,0.0
external_public,external_mat_bipolar_20260718,external_vl_vm_window,external_vl_vm_angle_features,ext_mat_08,ext_mat_08_trial_02,ext_mat_08_trial_02_w03,window_5s,stable squatting 2,unknown,stable,stable squatting 2,5.0,11844.0,0.16382,0.121253,391.558403,1180.0,5486.0,,,Mendeley 10.17632/37wyv32y8j.1,bipolar potential,-0.785633078,-0.916307507,-1.48070185,1.351059355,0.099628504,0.463188112,4.188671,0,0.740312221,1.031647527,-0.048410288,-1.014730508,-1.463756183,0.020491765,1.531691902,0.0
external_public,external_mat_bipolar_20260718,external_vl_vm_window,external_vl_vm_angle_features,ext_mat_08,ext_mat_08_trial_02,ext_mat_08_trial_02_w04,window_5s,stable squatting 2,unknown,stable,stable squatting 2,5.0,11844.0,0.175507,0.128137,394.074192,1173.5,5382.5,,,Mendeley 10.17632/37wyv32y8j.1,bipolar potential,-0.755705557,-0.892325448,-1.477920405,1.369682449,0.099079703,0.45444951,4.206941,0,0.955366235,1.214272891,-0.028366698,-0.840341731,-1.476900038,-0.119449261,1.582174971,0.0
external_public,external_mat_bipolar_20260718,external_vl_vm_window,external_vl_vm_angle_features,ext_mat_08,ext_mat_08_trial_02,ext_mat_08_trial_02_w05,window_5s,stable squatting 2,unknown,stable,stable squatting 2,5.0,11844.0,0.155603,0.112572,379.982651,1302.0,5567.5,,,Mendeley 10.17632/37wyv32y8j.1,bipolar potential,-0.807982034,-0.948569618,-1.49373463,1.382253136,0.109929078,0.470069233,3.993075,0,0.579716471,0.785968881,-0.142326832,-0.722628384,-1.217056104,0.130686866,0.991227408,0.0
external_public,external_mat_bipolar_20260718,external_vl_vm_window,external_vl_vm_angle_features,ext_mat_08,ext_mat_08_trial_02,ext_mat_08_trial_02_w06,window_5s,stable squatting 2,unknown,stable,stable squatting 2,5.0,11844.0,0.168594,0.124735,386.288576,1184.5,5337.0,,,Mendeley 10.17632/37wyv32y8j.1,bipolar potential,-0.773157885,-0.904011669,-1.486586534,1.351617429,0.100008443,0.450607903,3.77945,0,0.829956811,1.125281351,-0.090816374,-1.009504639,-1.454656595,-0.180969218,0.400945769,0.0
external_public,external_mat_bipolar_20260718,external_vl_vm_window,external_vl_vm_angle_features,ext_mat_08,ext_mat_08_trial_02,ext_mat_08_trial_02_w07,window_5s,stable squatting 2,unknown,stable,stable squatting 2,5.0,11844.0,0.163451,0.120343,382.542633,1216.5,5441.0,,,Mendeley 10.17632/37wyv32y8j.1,bipolar potential,-0.786612418,-0.919579166,-1.490818556,1.358209451,0.102710233,0.45938872,3.671075,0,0.733274853,1.006733573,-0.121313081,-0.947776193,-1.389948375,-0.040352157,0.1014875,0.0
external_public,external_mat_bipolar_20260718,external_vl_vm_window,external_vl_vm_angle_features,ext_mat_08,ext_mat_08_trial_02,ext_mat_08_trial_02_w08,window_5s,stable squatting 2,unknown,stable,stable squatting 2,5.0,11844.0,0.150457,0.111617,363.781899,1215.0,5594.0,,,Mendeley 10.17632/37wyv32y8j.1,bipolar potential,-0.822587602,-0.952269654,-1.512657313,1.347975667,0.102583587,0.472306653,3.826517,0,0.474763373,0.757792801,-0.27868707,-1.043606514,-1.392981563,0.166517179,0.53099977,0.0
external_public,external_mat_bipolar_20260718,external_vl_vm_window,external_vl_vm_angle_features,ext_mat_08,ext_mat_08_trial_02,ext_mat_08_trial_02_w09,window_5s,stable squatting 2,unknown,stable,stable squatting 2,5.0,11844.0,0.15096,0.113587,368.161925,1202.5,5474.0,,,Mendeley 10.17632/37wyv32y8j.1,bipolar potential,-0.821138113,-0.944671371,-1.507459527,1.329025329,0.1015282,0.462174941,4.011011,0,0.485179152,0.815654355,-0.241230895,-1.22105964,-1.418258218,0.004266722,1.040787579,0.0
external_public,external_mat_bipolar_20260718,external_vl_vm_window,external_vl_vm_angle_features,ext_mat_08,ext_mat_08_trial_02,ext_mat_08_trial_02_w10,window_5s,stable squatting 2,unknown,stable,stable squatting 2,5.0,11844.0,0.153778,0.114569,379.057115,1210.5,5501.0,,,Mendeley 10.17632/37wyv32y8j.1,bipolar potential,-0.813105792,-0.940932878,-1.494793746,1.342230446,0.102203647,0.464454576,3.755073,0,0.542898028,0.844123288,-0.149959011,-1.097405418,-1.402081175,0.040773072,0.333588037,0.0
external_public,external_mat_bipolar_20260718,external_vl_vm_window,external_vl_vm_angle_features,ext_mat_08,ext_mat_08_trial_02,ext_mat_08_trial_02_w11,window_5s,stable squatting 2,unknown,stable,stable squatting 2,5.0,11844.0,0.161614,0.119283,373.403083,1168.0,5440.5,,,Mendeley 10.17632/37wyv32y8j.1,bipolar potential,-0.791521021,-0.923421447,-1.501320499,1.354878734,0.098615333,0.459346505,3.809991,0,0.698002477,0.977474285,-0.196991961,-0.978965407,-1.48802176,-0.041028193,0.485335665,0.0
external_public,external_mat_bipolar_20260718,external_vl_vm_window,external_vl_vm_angle_features,ext_mat_08,ext_mat_08_trial_02,ext_mat_08_trial_02_w12,window_5s,stable squatting 2,unknown,stable,stable squatting 2,5.0,11844.0,0.162862,0.122782,380.183747,1132.0,5294.0,,,Mendeley 10.17632/37wyv32y8j.1,bipolar potential,-0.788180236,-0.910865297,-1.493504852,1.326432213,0.095575819,0.446977373,4.060093,0,0.722008782,1.073090406,-0.140671011,-1.245341874,-1.560818513,-0.239108963,1.176409362,0.0
external_public,external_mat_bipolar_20260718,external_vl_vm_window,external_vl_vm_angle_features,ext_mat_08,ext_mat_08_trial_02,ext_mat_08_trial_02_w13,window_5s,stable squatting 2,unknown,stable,stable squatting 2,5.0,11844.0,0.146083,0.110567,369.460386,1183.0,5412.0,,,Mendeley 10.17632/37wyv32y8j.1,bipolar potential,-0.835400321,-0.956374474,-1.505930519,1.321217,0.099881797,0.456940223,4.021936,0,0.38269338,0.726534256,-0.23021259,-1.294177724,-1.457689783,-0.079562683,1.070975183,0.0
external_public,external_mat_bipolar_20260718,external_vl_vm_window,external_vl_vm_angle_features,ext_mat_08,ext_mat_08_trial_02,ext_mat_08_trial_02_w14,window_5s,stable squatting 2,unknown,stable,stable squatting 2,5.0,11844.0,0.158199,0.117035,368.565808,1186.5,5537.0,,,Mendeley 10.17632/37wyv32y8j.1,bipolar potential,-0.800796266,-0.931684241,-1.506983356,1.351723843,0.100177305,0.46749409,3.935753,0,0.631352163,0.914552425,-0.237799521,-1.008508166,-1.450612328,0.089448215,0.832837126,0.0
external_public,external_mat_bipolar_20260718,external_vl_vm_window,external_vl_vm_angle_features,ext_mat_08,ext_mat_08_trial_02,ext_mat_08_trial_02_w15,window_5s,stable squatting 2,unknown,stable,stable squatting 2,5.0,11844.0,0.157175,0.113828,367.990419,1240.5,5664.0,,,Mendeley 10.17632/37wyv32y8j.1,bipolar potential,-0.803616531,-0.943750895,-1.507661887,1.3808114,0.104736575,0.478216819,3.901508,0,0.611086224,0.822663855,-0.242689137,-0.736128965,-1.341417222,0.26116329,0.738212457,0.0
external_public,external_mat_bipolar_20260718,external_vl_vm_window,external_vl_vm_angle_features,ext_mat_08,ext_mat_08_trial_02,ext_mat_08_trial_02_w16,window_5s,stable squatting 2,unknown,stable,stable squatting 2,5.0,11844.0,0.153423,0.111061,369.129131,1243.0,5663.5,,,Mendeley 10.17632/37wyv32y8j.1,bipolar potential,-0.814109529,-0.95443842,-1.506320078,1.381430025,0.104947653,0.478174603,3.847947,0,0.535685346,0.741277468,-0.233019821,-0.73033609,-1.336361877,0.260487238,0.590214447,0.0
external_public,external_mat_bipolar_20260718,external_vl_vm_window,external_vl_vm_angle_features,ext_mat_08,ext_mat_08_trial_02,ext_mat_08_trial_02_w17,window_5s,stable squatting 2,unknown,stable,stable squatting 2,5.0,11843.0,0.153875,0.114196,375.496903,1242.0,5591.0,,,Mendeley 10.17632/37wyv32y8j.1,bipolar potential,-0.812831934,-0.942349108,-1.49885537,1.347464009,0.104872076,0.47209322,3.869004,0,0.544865924,0.833338579,-0.1792278,-1.048397738,-1.338171956,0.163099237,0.648398464,0.0
external_public,external_mat_bipolar_20260718,external_vl_vm_window,external_vl_vm_angle_features,ext_mat_08,ext_mat_08_trial_02,ext_mat_08_trial_02_w18,window_5s,stable squatting 2,unknown,stable,stable squatting 2,5.0,11843.0,0.163139,0.119778,377.74613,1173.5,5573.0,,,Mendeley 10.17632/37wyv32y8j.1,bipolar potential,-0.787442204,-0.921622943,-1.496261706,1.362011388,0.099088069,0.470573334,3.816287,0,0.727312153,0.991170042,-0.160537394,-0.912174421,-1.476699671,0.1387596,0.502732567,0.0
external_public,external_mat_bipolar_20260718,external_vl_vm_window,external_vl_vm_angle_features,ext_mat_08,ext_mat_08_trial_03,ext_mat_08_trial_03_w01,window_5s,unstable BOSU squatting,unknown,unstable,unstable BOSU squatting,5.0,11790.0,0.162812,0.121547,540.775089,1628.5,6411.5,,,Mendeley 10.17632/37wyv32y8j.1,bipolar potential,-0.788313589,-0.915255756,-1.338497128,1.339498301,0.13812553,0.543808312,3.241114,0,0.721050531,1.039656698,0.976342372,-1.122989536,-0.541747431,1.311553363,-1.086566726,0.0
external_public,external_mat_bipolar_20260718,external_vl_vm_window,external_vl_vm_angle_features,ext_mat_08,ext_mat_08_trial_03,ext_mat_08_trial_03_w02,window_5s,unstable BOSU squatting,unknown,unstable,unstable BOSU squatting,5.0,11790.0,0.190805,0.137369,559.674207,1549.0,6335.0,,,Mendeley 10.17632/37wyv32y8j.1,bipolar potential,-0.719410249,-0.862111263,-1.323578513,1.388996062,0.131382528,0.537319763,3.257355,0,1.216178071,1.444356411,1.08384858,-0.659486856,-0.703243201,1.207644958,-1.041690124,0.0
external_public,external_mat_bipolar_20260718,external_vl_vm_window,external_vl_vm_angle_features,ext_mat_08,ext_mat_08_trial_03,ext_mat_08_trial_03_w03,window_5s,unstable BOSU squatting,unknown,unstable,unstable BOSU squatting,5.0,11790.0,0.198853,0.146344,560.459823,1357.5,6141.0,,,Mendeley 10.17632/37wyv32y8j.1,bipolar potential,-0.701467853,-0.834625079,-1.32296932,1.358805281,0.115139949,0.52086514,3.435192,0,1.34510904,1.653665977,1.088238534,-0.942196773,-1.092255069,0.944138642,-0.55029672,0.0
external_public,external_mat_bipolar_20260718,external_vl_vm_window,external_vl_vm_angle_features,ext_mat_08,ext_mat_08_trial_03,ext_mat_08_trial_03_w04,window_5s,unstable BOSU squatting,unknown,unstable,unstable BOSU squatting,5.0,11790.0,0.188519,0.133356,553.364438,1559.0,6399.5,,,Mendeley 10.17632/37wyv32y8j.1,bipolar potential,-0.724644873,-0.87498744,-1.328502559,1.413652179,0.132230704,0.5427905,3.318453,0,1.178562964,1.346303257,1.048365024,-0.428604164,-0.682929276,1.295253999,-0.872866121,0.0
external_public,external_mat_bipolar_20260718,external_vl_vm_window,external_vl_vm_angle_features,ext_mat_08,ext_mat_08_trial_03,ext_mat_08_trial_03_w05,window_5s,unstable BOSU squatting,unknown,unstable,unstable BOSU squatting,5.0,11790.0,0.183049,0.134946,536.863824,1505.5,6232.0,,,Mendeley 10.17632/37wyv32y8j.1,bipolar potential,-0.737432639,-0.869839984,-1.341649665,1.356461103,0.12769296,0.528583545,2.920102,0,1.086672279,1.385501561,0.953624627,-0.964147923,-0.791608832,1.06774211,-1.973576625,0.0
external_public,external_mat_bipolar_20260718,external_vl_vm_window,external_vl_vm_angle_features,ext_mat_08,ext_mat_08_trial_03,ext_mat_08_trial_03_w06,window_5s,unstable BOSU squatting,unknown,unstable,unstable BOSU squatting,5.0,11790.0,0.175048,0.125262,532.472442,1698.5,6334.5,,,Mendeley 10.17632/37wyv32y8j.1,bipolar potential,-0.756842847,-0.902180658,-1.345216669,1.397454934,0.144062765,0.537277354,3.046377,0,0.947193865,1.139224651,0.927920158,-0.580277014,-0.399549885,1.206965815,-1.62465766,0.0
external_public,external_mat_bipolar_20260718,external_vl_vm_window,external_vl_vm_angle_features,ext_mat_08,ext_mat_08_trial_03,ext_mat_08_trial_03_w07,window_5s,unstable BOSU squatting,unknown,unstable,unstable BOSU squatting,5.0,11790.0,0.257221,0.150163,657.24327,1409.0,6249.0,,,Mendeley 10.17632/37wyv32y8j.1,bipolar potential,-0.589693578,-0.823437064,-1.253787657,1.712945266,0.119508058,0.530025445,3.203272,0,2.148299739,1.738863638,1.586773971,2.37401044,-0.987638294,1.09083287,-1.191130508,0.0
external_public,external_mat_bipolar_20260718,external_vl_vm_window,external_vl_vm_angle_features,ext_mat_08,ext_mat_08_trial_03,ext_mat_08_trial_03_w08,window_5s,unstable BOSU squatting,unknown,unstable,unstable BOSU squatting,5.0,11790.0,0.191632,0.140839,540.371784,1461.0,6187.5,,,Mendeley 10.17632/37wyv32y8j.1,bipolar potential,-0.717531968,-0.851277067,-1.338821141,1.360645844,0.123918575,0.52480916,3.614618,0,1.229675075,1.52685971,0.974007477,-0.924961531,-0.882005841,1.007298654,-0.054512643,0.0
external_public,external_mat_bipolar_20260718,external_vl_vm_window,external_vl_vm_angle_features,ext_mat_08,ext_mat_08_trial_03,ext_mat_08_trial_03_w09,window_5s,unstable BOSU squatting,unknown,unstable,unstable BOSU squatting,5.0,11790.0,0.180128,0.130428,542.554426,1648.0,6270.5,,,Mendeley 10.17632/37wyv32y8j.1,bipolar potential,-0.744418773,-0.884629165,-1.337070494,1.381053148,0.139779474,0.531849025,3.616918,0,1.036471122,1.272880723,0.986622952,-0.733865209,-0.502135258,1.1200359,-0.048157358,0.0
external_public,external_mat_bipolar_20260718,external_vl_vm_window,external_vl_vm_angle_features,ext_mat_08,ext_mat_08_trial_03,ext_mat_08_trial_03_w10,window_5s,unstable BOSU squatting,unknown,unstable,unstable BOSU squatting,5.0,11790.0,0.175298,0.128885,528.710337,1450.5,6289.0,,,Mendeley 10.17632/37wyv32y8j.1,bipolar potential,-0.756223039,-0.889797624,-1.348296004,1.360111728,0.12302799,0.533418151,3.693968,0,0.951647699,1.23352248,0.905729919,-0.929963054,-0.903335467,1.145164073,0.164744691,0.0
external_public,external_mat_bipolar_20260718,external_vl_vm_window,external_vl_vm_angle_features,ext_mat_08,ext_mat_08_trial_03,ext_mat_08_trial_03_w11,window_5s,unstable BOSU squatting,unknown,unstable,unstable BOSU squatting,5.0,11790.0,0.183592,0.138063,532.154162,1396.0,6288.0,,,Mendeley 10.17632/37wyv32y8j.1,bipolar potential,-0.736146247,-0.859922694,-1.345476342,1.329769743,0.118405428,0.533333333,3.813287,0,1.09591607,1.461022545,0.926048908,-1.214088863,-1.014046425,1.143805787,0.494443065,0.0
external_public,external_mat_bipolar_20260718,external_vl_vm_window,external_vl_vm_angle_features,ext_mat_08,ext_mat_08_trial_03,ext_mat_08_trial_03_w12,window_5s,unstable BOSU squatting,unknown,unstable,unstable BOSU squatting,5.0,11790.0,0.167453,0.124868,529.888788,1504.5,6343.0,,,Mendeley 10.17632/37wyv32y8j.1,bipolar potential,-0.776107067,-0.903548844,-1.347329075,1.341040138,0.127608142,0.537998304,3.635068,0,0.808764497,1.128805802,0.912697783,-1.108551598,-0.793640234,1.218511195,0.001994131,0.0
external_public,external_mat_bipolar_20260718,external_vl_vm_window,external_vl_vm_angle_features,ext_mat_08,ext_mat_08_trial_03,ext_mat_08_trial_03_w13,window_5s,unstable BOSU squatting,unknown,unstable,unstable BOSU squatting,5.0,11789.0,0.193681,0.143611,546.644346,1358.0,6251.5,,,Mendeley 10.17632/37wyv32y8j.1,bipolar potential,-0.712912981,-0.842812294,-1.333772107,1.348650173,0.115192128,0.530282467,3.83979,0,1.26286632,1.591319658,1.010391719,-1.037290363,-1.091005375,1.094948852,0.567675291,0.0
external_public,external_mat_bipolar_20260718,external_vl_vm_window,external_vl_vm_angle_features,ext_mat_08,ext_mat_08_trial_03,ext_mat_08_trial_03_w14,window_5s,unstable BOSU squatting,unknown,unstable,unstable BOSU squatting,5.0,11789.0,0.215945,0.154326,552.255695,1393.5,6043.0,,,Mendeley 10.17632/37wyv32y8j.1,bipolar potential,-0.665656847,-0.8115609,-1.329336765,1.399278151,0.11820341,0.512596488,3.75303,0,1.602440764,1.82930161,1.042353587,-0.563204202,-1.018884782,0.811723452,0.327942886,0.0
external_public,external_mat_bipolar_20260718,external_vl_vm_window,external_vl_vm_angle_features,ext_mat_08,ext_mat_08_trial_03,ext_mat_08_trial_03_w15,window_5s,unstable BOSU squatting,unknown,unstable,unstable BOSU squatting,5.0,11789.0,0.183695,0.134,542.841685,1553.0,6371.5,,,Mendeley 10.17632/37wyv32y8j.1,bipolar potential,-0.735902665,-0.872895202,-1.336803778,1.370858209,0.131732971,0.540461447,3.855038,0,1.097666408,1.362235823,0.988544955,-0.82933178,-0.694850046,1.257956264,0.609808067,0.0
external_public,external_mat_bipolar_20260718,external_vl_vm_window,external_vl_vm_angle_features,ext_mat_08,ext_mat_08_trial_03,ext_mat_08_trial_03_w16,window_5s,unstable BOSU squatting,unknown,unstable,unstable BOSU squatting,5.0,11789.0,0.199957,0.147106,557.51791,1432.0,6160.5,,,Mendeley 10.17632/37wyv32y8j.1,bipolar potential,-0.699063388,-0.832369613,-1.325218144,1.359271546,0.121469166,0.522563407,3.925727,0,1.362387111,1.670841538,1.072033106,-0.937830614,-0.940669503,0.971334894,0.805133609,0.0
external_public,external_mat_bipolar_20260718,external_vl_vm_window,external_vl_vm_angle_features,ext_mat_08,ext_mat_08_trial_03,ext_mat_08_trial_03_w17,window_5s,unstable BOSU squatting,unknown,unstable,unstable BOSU squatting,5.0,11789.0,0.183,0.136725,548.007136,1496.5,6347.0,,,Mendeley 10.17632/37wyv32y8j.1,bipolar potential,-0.73754891,-0.864152068,-1.332690754,1.338453099,0.126940368,0.538383239,4.338339,0,1.085836775,1.428815512,1.018184142,-1.132776927,-0.809633508,1.224675591,1.945249644,0.0
external_public,external_mat_bipolar_20260718,external_vl_vm_window,external_vl_vm_angle_features,ext_mat_08,ext_mat_08_trial_03,ext_mat_08_trial_03_w18,window_5s,unstable BOSU squatting,unknown,unstable,unstable BOSU squatting,5.0,11789.0,0.189019,0.139075,552.565523,1466.0,6248.0,,,Mendeley 10.17632/37wyv32y8j.1,bipolar potential,-0.723494539,-0.856750931,-1.329093184,1.359115585,0.124353211,0.52998558,3.784608,0,1.186829066,1.485175783,1.044108875,-0.939291051,-0.871596252,1.090194467,0.415198186,0.0
external_public,external_mat_bipolar_20260718,external_vl_vm_window,external_vl_vm_angle_features,ext_mat_09,ext_mat_09_trial_01,ext_mat_09_trial_01_w01,window_5s,stable squatting 1,unknown,stable,stable squatting 1,5.0,11893.0,0.084085,0.059354,267.616505,1968.0,5747.5,,,Mendeley 10.17632/37wyv32y8j.1,bipolar potential,-1.075281471,-1.226550008,-1.647778524,1.416669475,0.16547549,0.483267468,4.107342,0,-1.34105127,-1.3308748,-1.252394684,-0.40034986,0.113287649,0.342044991,1.30696626,0.0
external_public,external_mat_bipolar_20260718,external_vl_vm_window,external_vl_vm_angle_features,ext_mat_09,ext_mat_09_trial_01,ext_mat_09_trial_01_w02,window_5s,stable squatting 1,unknown,stable,stable squatting 1,5.0,11893.0,0.098059,0.06924,281.321437,1781.5,5598.5,,,Mendeley 10.17632/37wyv32y8j.1,bipolar potential,-1.00851254,-1.159642941,-1.626088592,1.416218949,0.149793996,0.47073909,4.113261,0,-0.861261225,-0.821371946,-1.096093155,-0.404568637,-0.262286161,0.141414036,1.323321448,0.0
external_public,external_mat_bipolar_20260718,external_vl_vm_window,external_vl_vm_angle_features,ext_mat_09,ext_mat_09_trial_01,ext_mat_09_trial_01_w03,window_5s,stable squatting 1,unknown,stable,stable squatting 1,5.0,11893.0,0.093683,0.063948,273.483609,1988.0,5720.0,,,Mendeley 10.17632/37wyv32y8j.1,bipolar potential,-1.02833921,-1.194173034,-1.638360116,1.464987177,0.167157151,0.480955184,4.157594,0,-1.003732263,-1.084321462,-1.184523951,0.052102612,0.153563647,0.305015797,1.445820949,0.0
external_public,external_mat_bipolar_20260718,external_vl_vm_window,external_vl_vm_angle_features,ext_mat_09,ext_mat_09_trial_01,ext_mat_09_trial_01_w04,window_5s,stable squatting 1,unknown,stable,stable squatting 1,5.0,11893.0,0.084662,0.055637,260.915228,2316.0,6018.0,,,Mendeley 10.17632/37wyv32y8j.1,bipolar potential,-1.072311476,-1.254636296,-1.658791992,1.521685209,0.1947364,0.50601194,4.072065,0,-1.319709397,-1.544754208,-1.331759704,0.583029451,0.814090228,0.706277707,1.209490003,0.0
external_public,external_mat_bipolar_20260718,external_vl_vm_window,external_vl_vm_angle_features,ext_mat_09,ext_mat_09_trial_01,ext_mat_09_trial_01_w05,window_5s,stable squatting 1,unknown,stable,stable squatting 1,5.0,11893.0,0.089079,0.061627,269.86013,2020.0,5810.0,,,Mendeley 10.17632/37wyv32y8j.1,bipolar potential,-1.050224667,-1.210228973,-1.644152694,1.445454103,0.16984781,0.48852266,4.332604,0,-1.16099739,-1.206588767,-1.226266304,-0.13080732,0.218005278,0.426202269,1.929402878,0.0
external_public,external_mat_bipolar_20260718,external_vl_vm_window,external_vl_vm_angle_features,ext_mat_09,ext_mat_09_trial_01,ext_mat_09_trial_01_w06,window_5s,stable squatting 1,unknown,stable,stable squatting 1,5.0,11893.0,0.088679,0.059643,264.899947,2111.0,5868.0,,,Mendeley 10.17632/37wyv32y8j.1,bipolar potential,-1.052179213,-1.22444052,-1.652209547,1.486829972,0.177499369,0.493399479,4.244032,0,-1.175042421,-1.314810874,-1.284325428,0.256641036,0.401261106,0.504300237,1.684663614,0.0
external_public,external_mat_bipolar_20260718,external_vl_vm_window,external_vl_vm_angle_features,ext_mat_09,ext_mat_09_trial_01,ext_mat_09_trial_01_w07,window_5s,stable squatting 1,unknown,stable,stable squatting 1,5.0,11893.0,0.082845,0.053324,255.101704,2440.0,6036.5,,,Mendeley 10.17632/37wyv32y8j.1,bipolar potential,-1.081733698,-1.27307728,-1.668578059,1.553615633,0.205162701,0.507567477,4.38946,0,-1.387415862,-1.685183827,-1.402279853,0.882029584,1.063801486,0.731188264,2.086505525,0.0
external_public,external_mat_bipolar_20260718,external_vl_vm_window,external_vl_vm_angle_features,ext_mat_09,ext_mat_09_trial_01,ext_mat_09_trial_01_w08,window_5s,stable squatting 1,unknown,stable,stable squatting 1,5.0,11893.0,0.099661,0.068505,278.741747,1859.5,5731.0,,,Mendeley 10.17632/37wyv32y8j.1,bipolar potential,-1.001474759,-1.164277729,-1.630089401,1.45479892,0.156352476,0.481880098,3.854459,0,-0.810688943,-0.85666624,-1.1249237,-0.043301388,-0.105209717,0.319827481,0.608208194,0.0
external_public,external_mat_bipolar_20260718,external_vl_vm_window,external_vl_vm_angle_features,ext_mat_09,ext_mat_09_trial_01,ext_mat_09_trial_01_w09,window_5s,stable squatting 1,unknown,stable,stable squatting 1,5.0,11893.0,0.086346,0.057828,265.003663,2197.0,5912.5,,,Mendeley 10.17632/37wyv32y8j.1,bipolar potential,-1.063757776,-1.237861828,-1.652039542,1.493152106,0.184730514,0.497141175,4.248294,0,-1.258243981,-1.417015245,-1.283100342,0.31584222,0.574447964,0.564220207,1.696440233,0.0
external_public,external_mat_bipolar_20260718,external_vl_vm_window,external_vl_vm_angle_features,ext_mat_09,ext_mat_09_trial_01,ext_mat_09_trial_01_w10,window_5s,stable squatting 1,unknown,stable,stable squatting 1,5.0,11893.0,0.089344,0.059818,267.474415,2113.5,5942.0,,,Mendeley 10.17632/37wyv32y8j.1,bipolar potential,-1.048934608,-1.223168112,-1.648009173,1.493597245,0.177709577,0.499621626,4.102747,0,-1.151727248,-1.305121382,-1.254056782,0.320010553,0.406295615,0.603942449,1.294269505,0.0
external_public,external_mat_bipolar_20260718,external_vl_vm_window,external_vl_vm_angle_features,ext_mat_09,ext_mat_09_trial_01,ext_mat_09_trial_01_w11,window_5s,stable squatting 1,unknown,stable,stable squatting 1,5.0,11893.0,0.099632,0.068598,280.041875,1878.0,5646.5,,,Mendeley 10.17632/37wyv32y8j.1,bipolar potential,-1.001601152,-1.163688546,-1.628068442,1.45240386,0.157908013,0.474775078,4.020122,0,-0.811597181,-0.852179563,-1.110360308,-0.065729003,-0.067954404,0.206046835,1.065962797,0.0
external_public,external_mat_bipolar_20260718,external_vl_vm_window,external_vl_vm_angle_features,ext_mat_09,ext_mat_09_trial_01,ext_mat_09_trial_01_w12,window_5s,stable squatting 1,unknown,stable,stable squatting 1,5.0,11893.0,0.079301,0.052798,250.791065,2325.0,6056.5,,,Mendeley 10.17632/37wyv32y8j.1,bipolar potential,-1.100721336,-1.277382528,-1.675979359,1.501969772,0.195493147,0.509249138,3.905522,0,-1.52385776,-1.717968647,-1.455614945,0.39841185,0.832214417,0.758118586,0.749303811,0.0
external_public,external_mat_bipolar_20260718,external_vl_vm_window,external_vl_vm_angle_features,ext_mat_09,ext_mat_09_trial_01,ext_mat_09_trial_01_w13,window_5s,stable squatting 1,unknown,stable,stable squatting 1,5.0,11893.0,0.083992,0.055936,259.020449,2284.0,5982.0,,,Mendeley 10.17632/37wyv32y8j.1,bipolar potential,-1.075762077,-1.252308593,-1.661957367,1.501573227,0.192045741,0.502984949,3.943085,0,-1.344504822,-1.527028557,-1.354569963,0.394698558,0.749648597,0.657803108,0.853096669,0.0
external_public,external_mat_bipolar_20260718,external_vl_vm_window,external_vl_vm_angle_features,ext_mat_09,ext_mat_09_trial_01,ext_mat_09_trial_01_w14,window_5s,stable squatting 1,unknown,stable,stable squatting 1,5.0,11893.0,0.095765,0.066003,275.418369,1869.0,5724.5,,,Mendeley 10.17632/37wyv32y8j.1,bipolar potential,-1.018793187,-1.180436324,-1.635298517,1.450918898,0.157151265,0.481333558,3.99957,0,-0.935136185,-0.979715279,-1.162461521,-0.079634357,-0.086078617,0.311075124,1.009174181,0.0
external_public,external_mat_bipolar_20260718,external_vl_vm_window,external_vl_vm_angle_features,ext_mat_09,ext_mat_09_trial_01,ext_mat_09_trial_01_w15,window_5s,stable squatting 1,unknown,stable,stable squatting 1,5.0,11893.0,0.079224,0.053495,251.582202,2285.0,6004.5,,,Mendeley 10.17632/37wyv32y8j.1,bipolar potential,-1.101143234,-1.271686808,-1.674611505,1.480960837,0.192129824,0.504876818,4.069833,0,-1.526889447,-1.674595268,-1.445757944,0.201681787,0.751662396,0.688099727,1.203322613,0.0
external_public,external_mat_bipolar_20260718,external_vl_vm_window,external_vl_vm_angle_features,ext_mat_09,ext_mat_09_trial_01,ext_mat_09_trial_01_w16,window_5s,stable squatting 1,unknown,stable,stable squatting 1,5.0,11893.0,0.091121,0.060545,262.783707,2197.5,5936.5,,,Mendeley 10.17632/37wyv32y8j.1,bipolar potential,-1.040381523,-1.217921716,-1.655692984,1.5050128,0.184772555,0.499159169,4.138399,0,-1.090266251,-1.265169642,-1.309427698,0.426907112,0.575454852,0.596536606,1.39278195,0.0
external_public,external_mat_bipolar_20260718,external_vl_vm_window,external_vl_vm_angle_features,ext_mat_09,ext_mat_09_trial_01,ext_mat_09_trial_01_w17,window_5s,stable squatting 1,unknown,stable,stable squatting 1,5.0,11893.0,0.094324,0.064228,270.068189,2053.0,5782.0,,,Mendeley 10.17632/37wyv32y8j.1,bipolar potential,-1.02537779,-1.192275601,-1.643817987,1.468580681,0.172622551,0.486168334,3.978304,0,-0.982452009,-1.069872353,-1.223854346,0.085752594,0.284460684,0.388499809,0.950412662,0.0
external_public,external_mat_bipolar_20260718,external_vl_vm_window,external_vl_vm_angle_features,ext_mat_09,ext_mat_09_trial_01,ext_mat_09_trial_01_w18,window_5s,stable squatting 1,unknown,stable,stable squatting 1,5.0,11893.0,0.090337,0.058961,264.465277,2293.0,5878.0,,,Mendeley 10.17632/37wyv32y8j.1,bipolar potential,-1.044134336,-1.229435159,-1.65292276,1.532148369,0.192802489,0.494240309,4.160791,0,-1.117233319,-1.352845463,-1.289464969,0.681007675,0.767772809,0.51776539,1.454654795,0.0
external_public,external_mat_bipolar_20260718,external_vl_vm_window,external_vl_vm_angle_features,ext_mat_09,ext_mat_09_trial_02,ext_mat_09_trial_02_w01,window_5s,stable squatting 2,unknown,stable,stable squatting 2,5.0,11807.0,0.086845,0.059125,263.29064,2088.0,5722.5,,,Mendeley 10.17632/37wyv32y8j.1,bipolar potential,-1.06125518,-1.228228846,-1.651704143,1.468837209,0.176844245,0.484670111,4.117279,0,-1.240260757,-1.34365929,-1.280683397,0.088154751,0.385570802,0.364507086,1.334423854,0.0
external_public,external_mat_bipolar_20260718,external_vl_vm_window,external_vl_vm_angle_features,ext_mat_09,ext_mat_09_trial_02,ext_mat_09_trial_02_w02,window_5s,stable squatting 2,unknown,stable,stable squatting 2,5.0,11807.0,0.088107,0.056857,263.108531,2476.5,6026.0,,,Mendeley 10.17632/37wyv32y8j.1,bipolar potential,-1.054989586,-1.245216059,-1.652004633,1.549624497,0.209748454,0.510375201,4.179764,0,-1.195237277,-1.473018323,-1.282848781,0.844656131,1.173630863,0.776151495,1.50708037,0.0
external_public,external_mat_bipolar_20260718,external_vl_vm_window,external_vl_vm_angle_features,ext_mat_09,ext_mat_09_trial_02,ext_mat_09_trial_02_w03,window_5s,stable squatting 2,unknown,stable,stable squatting 2,5.0,11807.0,0.079701,0.051981,258.597282,2523.5,6030.0,,,Mendeley 10.17632/37wyv32y8j.1,bipolar potential,-1.09853623,-1.28415537,-1.659515607,1.533271772,0.213729144,0.510713983,3.953633,0,-1.508155965,-1.7695444,-1.336974203,0.691527349,1.268968904,0.78157679,0.882242559,0.0
external_public,external_mat_bipolar_20260718,external_vl_vm_window,external_vl_vm_angle_features,ext_mat_09,ext_mat_09_trial_02,ext_mat_09_trial_02_w04,window_5s,stable squatting 2,unknown,stable,stable squatting 2,5.0,11807.0,0.092983,0.065835,274.407438,1819.5,5577.5,,,Mendeley 10.17632/37wyv32y8j.1,bipolar potential,-1.031596446,-1.18154316,-1.633743684,1.412364244,0.154103498,0.472389261,3.883266,0,-1.0271382,-0.988143926,-1.151257117,-0.440664534,-0.159073031,0.167840074,0.687806757,0.0
external_public,external_mat_bipolar_20260718,external_vl_vm_window,external_vl_vm_angle_features,ext_mat_09,ext_mat_09_trial_02,ext_mat_09_trial_02_w05,window_5s,stable squatting 2,unknown,stable,stable squatting 2,5.0,11807.0,0.081898,0.053304,258.113383,2396.5,6049.0,,,Mendeley 10.17632/37wyv32y8j.1,bipolar potential,-1.086726704,-1.2732402,-1.66032904,1.536432538,0.202972813,0.512323198,4.221753,0,-1.423294744,-1.686424476,-1.342835947,0.721125122,1.011353385,0.807346953,1.623103007,0.0
external_public,external_mat_bipolar_20260718,external_vl_vm_window,external_vl_vm_angle_features,ext_mat_09,ext_mat_09_trial_02,ext_mat_09_trial_02_w06,window_5s,stable squatting 2,unknown,stable,stable squatting 2,5.0,11807.0,0.0903,0.058504,263.86094,2250.5,5898.0,,,Mendeley 10.17632/37wyv32y8j.1,bipolar potential,-1.04431225,-1.23281444,-1.650764458,1.543484206,0.190607267,0.499534175,4.316215,0,-1.118511779,-1.378578968,-1.273911858,0.787157746,0.715196959,0.602541998,1.884117328,0.0
external_public,external_mat_bipolar_20260718,external_vl_vm_window,external_vl_vm_angle_features,ext_mat_09,ext_mat_09_trial_02,ext_mat_09_trial_02_w07,window_5s,stable squatting 2,unknown,stable,stable squatting 2,5.0,11807.0,0.103803,0.067614,279.59666,1987.5,5753.0,,,Mendeley 10.17632/37wyv32y8j.1,bipolar potential,-0.983790095,-1.169963371,-1.625607584,1.53522939,0.168332345,0.487253324,4.418228,0,-0.683609991,-0.899962875,-1.092626925,0.709858707,0.181709695,0.40587497,2.165996325,0.0
external_public,external_mat_bipolar_20260718,external_vl_vm_window,external_vl_vm_angle_features,ext_mat_09,ext_mat_09_trial_02,ext_mat_09_trial_02_w08,window_5s,stable squatting 2,unknown,stable,stable squatting 2,5.0,11807.0,0.093507,0.05866,268.507038,2422.0,6045.5,,,Mendeley 10.17632/37wyv32y8j.1,bipolar potential,-1.029155876,-1.231657941,-1.64318389,1.59405046,0.205132548,0.512026764,4.542656,0,-1.009600684,-1.369772132,-1.21928493,1.260665916,1.063079317,0.802599824,2.509811721,0.0
external_public,external_mat_bipolar_20260718,external_vl_vm_window,external_vl_vm_angle_features,ext_mat_09,ext_mat_09_trial_02,ext_mat_09_trial_02_w09,window_5s,stable squatting 2,unknown,stable,stable squatting 2,5.0,11807.0,0.0915,0.060059,266.245764,2295.0,5895.5,,,Mendeley 10.17632/37wyv32y8j.1,bipolar potential,-1.038578906,-1.221421903,-1.646856856,1.52350189,0.194376217,0.499322436,4.422666,0,-1.077312956,-1.291823855,-1.245752979,0.600041059,0.805463799,0.599151184,2.178259262,0.0
external_public,external_mat_bipolar_20260718,external_vl_vm_window,external_vl_vm_angle_features,ext_mat_09,ext_mat_09_trial_02,ext_mat_09_trial_02_w10,window_5s,stable squatting 2,unknown,stable,stable squatting 2,5.0,11807.0,0.101524,0.069052,284.038429,1868.0,5627.0,,,Mendeley 10.17632/37wyv32y8j.1,bipolar potential,-0.99343128,-1.160823738,-1.618762461,1.470254301,0.158211231,0.476581689,4.09302,0,-0.752889887,-0.830363813,-1.043299744,0.101424562,-0.060692294,0.234978121,1.267392176,0.0
external_public,external_mat_bipolar_20260718,external_vl_vm_window,external_vl_vm_angle_features,ext_mat_09,ext_mat_09_trial_02,ext_mat_09_trial_02_w11,window_5s,stable squatting 2,unknown,stable,stable squatting 2,5.0,11807.0,0.078777,0.052039,256.066495,2414.5,6139.5,,,Mendeley 10.17632/37wyv32y8j.1,bipolar potential,-1.103600562,-1.283671058,-1.663786806,1.513806952,0.204497332,0.519988143,4.141249,0,-1.544547383,-1.765856324,-1.367753227,0.509256554,1.047865812,0.930094306,1.400656977,0.0
external_public,external_mat_bipolar_20260718,external_vl_vm_window,external_vl_vm_angle_features,ext_mat_09,ext_mat_09_trial_02,ext_mat_09_trial_02_w12,window_5s,stable squatting 2,unknown,stable,stable squatting 2,5.0,11807.0,0.100009,0.069426,279.493422,1941.5,5610.0,,,Mendeley 10.17632/37wyv32y8j.1,bipolar potential,-0.999960915,-1.158477856,-1.625767972,1.4405122,0.164436351,0.475141865,4.150703,0,-0.79981072,-0.812499727,-1.093782709,-0.177083864,0.088400135,0.211920606,1.426779962,0.0
external_public,external_mat_bipolar_20260718,external_vl_vm_window,external_vl_vm_angle_features,ext_mat_09,ext_mat_09_trial_02,ext_mat_09_trial_02_w13,window_5s,stable squatting 2,unknown,stable,stable squatting 2,5.0,11807.0,0.098368,0.064942,270.257539,2062.5,5899.0,,,Mendeley 10.17632/37wyv32y8j.1,bipolar potential,-1.007146159,-1.187474341,-1.640361746,1.514705429,0.174684509,0.49961887,4.190304,0,-0.851442647,-1.033310361,-1.198948055,0.517669995,0.333844845,0.603898314,1.536204155,0.0
external_public,external_mat_bipolar_20260718,external_vl_vm_window,external_vl_vm_angle_features,ext_mat_09,ext_mat_09_trial_02,ext_mat_09_trial_02_w14,window_5s,stable squatting 2,unknown,stable,stable squatting 2,5.0,11807.0,0.086855,0.058248,259.588631,2239.5,5832.0,,,Mendeley 10.17632/37wyv32y8j.1,bipolar potential,-1.061205175,-1.234718982,-1.657853895,1.491124159,0.189675616,0.49394427,4.361681,0,-1.23990143,-1.393082213,-1.324999609,0.296852293,0.692883797,0.513024585,2.009747497,0.0
external_public,external_mat_bipolar_20260718,external_vl_vm_window,external_vl_vm_angle_features,ext_mat_09,ext_mat_09_trial_02,ext_mat_09_trial_02_w15,window_5s,stable squatting 2,unknown,stable,stable squatting 2,5.0,11807.0,0.102602,0.071157,277.762697,1867.5,5594.5,,,Mendeley 10.17632/37wyv32y8j.1,bipolar potential,-0.988844174,-1.14778237,-1.628465643,1.441910142,0.158168883,0.473829084,4.360777,0,-0.719927733,-0.731052716,-1.113222609,-0.163993375,-0.061706534,0.190897573,2.007249594,0.0
external_public,external_mat_bipolar_20260718,external_vl_vm_window,external_vl_vm_angle_features,ext_mat_09,ext_mat_09_trial_02,ext_mat_09_trial_02_w16,window_5s,stable squatting 2,unknown,stable,stable squatting 2,5.0,11807.0,0.090526,0.059026,260.836554,2274.0,5840.5,,,Mendeley 10.17632/37wyv32y8j.1,bipolar potential,-1.043226669,-1.228956647,-1.655771109,1.533663132,0.192597612,0.494664182,4.455256,0,-1.110710981,-1.349201555,-1.309990681,0.695192088,0.762865979,0.524553343,2.268310888,0.0
external_public,external_mat_bipolar_20260718,external_vl_vm_window,external_vl_vm_angle_features,ext_mat_09,ext_mat_09_trial_02,ext_mat_09_trial_02_w17,window_5s,stable squatting 2,unknown,stable,stable squatting 2,5.0,11806.0,0.093475,0.061249,267.452295,2255.5,5852.0,,,Mendeley 10.17632/37wyv32y8j.1,bipolar potential,-1.029304526,-1.212900998,-1.64485645,1.526147366,0.191046925,0.495680163,4.431963,0,-1.010668858,-1.226936459,-1.231337696,0.624813598,0.725726825,0.540823385,2.20394843,0.0
external_public,external_mat_bipolar_20260718,external_vl_vm_window,external_vl_vm_angle_features,ext_mat_09,ext_mat_09_trial_02,ext_mat_09_trial_02_w18,window_5s,stable squatting 2,unknown,stable,stable squatting 2,5.0,11806.0,0.110382,0.074978,287.280126,1915.0,5484.0,,,Mendeley 10.17632/37wyv32y8j.1,bipolar potential,-0.957101741,-1.125066148,-1.613797196,1.472191843,0.162205658,0.464509571,4.174557,0,-0.491832074,-0.558066805,-1.007519157,0.119567927,0.034974749,0.041653768,1.492692558,0.0
external_public,external_mat_bipolar_20260718,external_vl_vm_window,external_vl_vm_angle_features,ext_mat_09,ext_mat_09_trial_03,ext_mat_09_trial_03_w01,window_5s,unstable BOSU squatting,unknown,unstable,unstable BOSU squatting,5.0,11795.0,0.109748,0.078463,388.575696,1898.0,6155.0,,,Mendeley 10.17632/37wyv32y8j.1,bipolar potential,-0.959603385,-1.105335091,-1.482222312,1.398722965,0.160915642,0.521831284,3.007505,0,-0.509808457,-0.407813173,-0.05936701,-0.568403027,0.004078699,0.959610588,-1.732067503,0.0
external_public,external_mat_bipolar_20260718,external_vl_vm_window,external_vl_vm_angle_features,ext_mat_09,ext_mat_09_trial_03,ext_mat_09_trial_03_w02,window_5s,unstable BOSU squatting,unknown,unstable,unstable BOSU squatting,5.0,11795.0,0.101338,0.073315,379.472184,2010.5,6121.0,,,Mendeley 10.17632/37wyv32y8j.1,bipolar potential,-0.994227671,-1.134807161,-1.492517998,1.382227375,0.170453582,0.518948707,2.718853,0,-0.758612616,-0.632245425,-0.133559564,-0.722869613,0.232513596,0.913448653,-2.529661305,0.0
external_public,external_mat_bipolar_20260718,external_vl_vm_window,external_vl_vm_angle_features,ext_mat_09,ext_mat_09_trial_03,ext_mat_09_trial_03_w03,window_5s,unstable BOSU squatting,unknown,unstable,unstable BOSU squatting,5.0,11795.0,0.093558,0.069518,372.298122,2019.5,6153.5,,,Mendeley 10.17632/37wyv32y8j.1,bipolar potential,-1.028919071,-1.157902731,-1.5008071,1.345809718,0.171216617,0.521704112,3.047679,0,-1.007899044,-0.808120103,-0.193292316,-1.063888707,0.250788383,0.957574041,-1.621060016,0.0
external_public,external_mat_bipolar_20260718,external_vl_vm_window,external_vl_vm_angle_features,ext_mat_09,ext_mat_09_trial_03,ext_mat_09_trial_03_w04,window_5s,unstable BOSU squatting,unknown,unstable,unstable BOSU squatting,5.0,11795.0,0.111835,0.080909,388.911078,1775.5,5961.5,,,Mendeley 10.17632/37wyv32y8j.1,bipolar potential,-0.951422258,-1.092003166,-1.481847631,1.38223189,0.150529886,0.505426028,3.136165,0,-0.451020287,-0.30628946,-0.056666991,-0.722827334,-0.2446615,0.696894842,-1.376558384,0.0
external_public,external_mat_bipolar_20260718,external_vl_vm_window,external_vl_vm_angle_features,ext_mat_09,ext_mat_09_trial_03,ext_mat_09_trial_03_w05,window_5s,unstable BOSU squatting,unknown,unstable,unstable BOSU squatting,5.0,11795.0,0.096187,0.069693,372.631917,2045.0,6191.0,,,Mendeley 10.17632/37wyv32y8j.1,bipolar potential,-1.01688362,-1.15681084,-1.500417894,1.380152957,0.17337855,0.524883425,3.213416,0,-0.921414365,-0.799805262,-0.190487628,-0.7422947,0.302566958,1.008487942,-1.163100937,0.0
external_public,external_mat_bipolar_20260718,external_vl_vm_window,external_vl_vm_angle_features,ext_mat_09,ext_mat_09_trial_03,ext_mat_09_trial_03_w06,window_5s,unstable BOSU squatting,unknown,unstable,unstable BOSU squatting,5.0,11795.0,0.100426,0.07331,377.50357,1938.5,6165.5,,,Mendeley 10.17632/37wyv32y8j.1,bipolar potential,-0.998153835,-1.13483678,-1.494776882,1.369881326,0.164349301,0.522721492,3.044614,0,-0.786825354,-0.632470976,-0.149837486,-0.838479424,0.086315276,0.973866487,-1.629529124,0.0
external_public,external_mat_bipolar_20260718,external_vl_vm_window,external_vl_vm_angle_features,ext_mat_09,ext_mat_09_trial_03,ext_mat_09_trial_03_w07,window_5s,unstable BOSU squatting,unknown,unstable,unstable BOSU squatting,5.0,11795.0,0.106942,0.080025,383.53554,1734.0,6010.0,,,Mendeley 10.17632/37wyv32y8j.1,bipolar potential,-0.970851698,-1.096774317,-1.487892332,1.336357388,0.147011446,0.50953794,2.883286,0,-0.590636898,-0.34262217,-0.100226188,-1.152401403,-0.328928593,0.762743496,-2.075305397,0.0
external_public,external_mat_bipolar_20260718,external_vl_vm_window,external_vl_vm_angle_features,ext_mat_09,ext_mat_09_trial_03,ext_mat_09_trial_03_w08,window_5s,unstable BOSU squatting,unknown,unstable,unstable BOSU squatting,5.0,11795.0,0.100289,0.071978,379.827479,2080.5,6181.5,,,Mendeley 10.17632/37wyv32y8j.1,bipolar potential,-0.998746699,-1.142800225,-1.492111564,1.393328517,0.1763883,0.524077999,3.101885,0,-0.791085573,-0.693113269,-0.130630728,-0.618917253,0.37465086,0.995589753,-1.471279763,0.0
external_public,external_mat_bipolar_20260718,external_vl_vm_window,external_vl_vm_angle_features,ext_mat_09,ext_mat_09_trial_03,ext_mat_09_trial_03_w09,window_5s,unstable BOSU squatting,unknown,unstable,unstable BOSU squatting,5.0,11795.0,0.098685,0.072081,381.689302,2031.0,6223.5,,,Mendeley 10.17632/37wyv32y8j.1,bipolar potential,-1.005748855,-1.142179197,-1.489987958,1.36908478,0.172191607,0.52763883,3.57459,0,-0.841401861,-0.68838409,-0.115327644,-0.845938372,0.27413952,1.05261333,-0.165116708,0.0
external_public,external_mat_bipolar_20260718,external_vl_vm_window,external_vl_vm_angle_features,ext_mat_09,ext_mat_09_trial_03,ext_mat_09_trial_03_w10,window_5s,unstable BOSU squatting,unknown,unstable,unstable BOSU squatting,5.0,11795.0,0.099535,0.073364,386.007708,2029.5,6190.5,,,Mendeley 10.17632/37wyv32y8j.1,bipolar potential,-1.002024179,-1.134516998,-1.485101968,1.356728096,0.172064434,0.524841034,3.460371,0,-0.81463698,-0.63003581,-0.080118326,-0.96164777,0.27109371,1.007809088,-0.480722928,0.0
external_public,external_mat_bipolar_20260718,external_vl_vm_window,external_vl_vm_angle_features,ext_mat_09,ext_mat_09_trial_03,ext_mat_09_trial_03_w11,window_5s,unstable BOSU squatting,unknown,unstable,unstable BOSU squatting,5.0,11794.0,0.096441,0.06968,373.780142,2081.0,6193.5,,,Mendeley 10.17632/37wyv32y8j.1,bipolar potential,-1.015738295,-1.156891858,-1.499044899,1.384055683,0.17644565,0.525139902,3.622529,0,-0.913184257,-0.800422221,-0.18059358,-0.705749129,0.3760244,1.012595196,-0.032653226,0.0
external_public,external_mat_bipolar_20260718,external_vl_vm_window,external_vl_vm_angle_features,ext_mat_09,ext_mat_09_trial_03,ext_mat_09_trial_03_w12,window_5s,unstable BOSU squatting,unknown,unstable,unstable BOSU squatting,5.0,11794.0,0.103366,0.075348,378.712048,1955.0,6172.0,,,Mendeley 10.17632/37wyv32y8j.1,bipolar potential,-0.985622289,-1.122928271,-1.493352002,1.371847959,0.165762252,0.523316941,3.250595,0,-0.696775822,-0.541786695,-0.139569546,-0.820063648,0.120155636,0.983402079,-1.060369136,0.0
external_public,external_mat_bipolar_20260718,external_vl_vm_window,external_vl_vm_angle_features,ext_mat_09,ext_mat_09_trial_03,ext_mat_09_trial_03_w13,window_5s,unstable BOSU squatting,unknown,unstable,unstable BOSU squatting,5.0,11794.0,0.092347,0.068314,371.875146,2142.5,6280.5,,,Mendeley 10.17632/37wyv32y8j.1,bipolar potential,-1.034577209,-1.165490285,-1.50126397,1.351801973,0.181660166,0.532516534,3.328034,0,-1.04855745,-0.865899954,-0.196584603,-1.007776548,0.500912732,1.13072547,-0.846392214,0.0
external_public,external_mat_bipolar_20260718,external_vl_vm_window,external_vl_vm_angle_features,ext_mat_09,ext_mat_09_trial_03,ext_mat_09_trial_03_w14,window_5s,unstable BOSU squatting,unknown,unstable,unstable BOSU squatting,5.0,11794.0,0.09914,0.072318,384.085643,2084.5,6294.5,,,Mendeley 10.17632/37wyv32y8j.1,bipolar potential,-1.003751085,-1.140753593,-1.48723305,1.370889682,0.176742411,0.533703578,3.515251,0,-0.827046229,-0.677527997,-0.095475284,-0.829037064,0.383131864,1.149734935,-0.3290803,0.0
external_public,external_mat_bipolar_20260718,external_vl_vm_window,external_vl_vm_angle_features,ext_mat_09,ext_mat_09_trial_03,ext_mat_09_trial_03_w15,window_5s,unstable BOSU squatting,unknown,unstable,unstable BOSU squatting,5.0,11794.0,0.109187,0.081333,396.882383,1840.5,6164.5,,,Mendeley 10.17632/37wyv32y8j.1,bipolar potential,-0.961829066,-1.089733208,-1.472999302,1.342468617,0.156053926,0.522681024,3.779842,0,-0.525801817,-0.289003542,0.00709565,-1.095175158,-0.112360028,0.973218427,0.40202893,0.0
external_public,external_mat_bipolar_20260718,external_vl_vm_window,external_vl_vm_angle_features,ext_mat_09,ext_mat_09_trial_03,ext_mat_09_trial_03_w16,window_5s,unstable BOSU squatting,unknown,unstable,unstable BOSU squatting,5.0,11794.0,0.090329,0.065588,370.953047,2257.5,6423.0,,,Mendeley 10.17632/37wyv32y8j.1,bipolar potential,-1.044172798,-1.183175612,-1.502342181,1.377218394,0.191410887,0.544598949,3.334155,0,-1.117509701,-1.000575184,-0.204354384,-0.769774283,0.734443762,1.32421472,-0.829478867,0.0
external_public,external_mat_bipolar_20260718,external_vl_vm_window,external_vl_vm_angle_features,ext_mat_09,ext_mat_09_trial_03,ext_mat_09_trial_03_w17,window_5s,unstable BOSU squatting,unknown,unstable,unstable BOSU squatting,5.0,11794.0,0.092626,0.066384,373.985769,2249.0,6463.5,,,Mendeley 10.17632/37wyv32y8j.1,bipolar potential,-1.03326709,-1.177936583,-1.498806047,1.395306098,0.190690181,0.548032898,3.493283,0,-1.03914316,-0.960679544,-0.17887237,-0.600398959,0.71718276,1.379206393,-0.389781562,0.0
external_public,external_mat_bipolar_20260718,external_vl_vm_window,external_vl_vm_angle_features,ext_mat_09,ext_mat_09_trial_03,ext_mat_09_trial_03_w18,window_5s,unstable BOSU squatting,unknown,unstable,unstable BOSU squatting,5.0,11794.0,0.11419,0.081452,397.452901,1946.5,6110.0,,,Mendeley 10.17632/37wyv32y8j.1,bipolar potential,-0.942371927,-1.089098247,-1.472375452,1.401929971,0.165041547,0.518060031,3.562133,0,-0.385986166,-0.284168262,0.011591225,-0.538372257,0.102894658,0.899217288,-0.199537485,0.0
external_public,external_mat_bipolar_20260718,external_vl_vm_window,external_vl_vm_angle_features,ext_mat_10,ext_mat_10_trial_01,ext_mat_10_trial_01_w01,window_5s,stable squatting 1,unknown,stable,stable squatting 1,5.0,11520.0,0.129316,0.091212,326.91299,1536.5,5341.5,,,Mendeley 10.17632/37wyv32y8j.1,bipolar potential,-0.888347737,-1.039948021,-1.547020301,1.41775205,0.133376736,0.463671875,4.11497,0,0.002222363,0.090114778,-0.526312908,-0.390212504,-0.655481662,0.028238804,1.328043701,0.0
external_public,external_mat_bipolar_20260718,external_vl_vm_window,external_vl_vm_angle_features,ext_mat_10,ext_mat_10_trial_01,ext_mat_10_trial_01_w02,window_5s,stable squatting 1,unknown,stable,stable squatting 1,5.0,11520.0,0.129013,0.091283,327.370546,1545.0,5387.5,,,Mendeley 10.17632/37wyv32y8j.1,bipolar potential,-0.889366526,-1.039610095,-1.546412876,1.413329974,0.134114583,0.467664931,4.123092,0,-0.005098479,0.092688112,-0.521935695,-0.431621329,-0.63781013,0.092184084,1.350486146,0.0
external_public,external_mat_bipolar_20260718,external_vl_vm_window,external_vl_vm_angle_features,ext_mat_10,ext_mat_10_trial_01,ext_mat_10_trial_01_w03,window_5s,stable squatting 1,unknown,stable,stable squatting 1,5.0,11519.0,0.118893,0.085369,310.280153,1511.0,5375.0,,,Mendeley 10.17632/37wyv32y8j.1,bipolar potential,-0.924843714,-1.068699806,-1.569660781,1.392695241,0.131174581,0.466620366,4.263481,0,-0.260031445,-0.128832445,-0.689464256,-0.624847322,-0.708223559,0.075456294,1.738404457,0.0
external_public,external_mat_bipolar_20260718,external_vl_vm_window,external_vl_vm_angle_features,ext_mat_10,ext_mat_10_trial_01,ext_mat_10_trial_01_w04,window_5s,stable squatting 1,unknown,stable,stable squatting 1,5.0,11519.0,0.127645,0.091273,323.040523,1501.5,5308.5,,,Mendeley 10.17632/37wyv32y8j.1,bipolar potential,-0.893996192,-1.039657675,-1.552157774,1.398496817,0.130349857,0.460847296,4.164786,0,-0.038366462,0.092325787,-0.563334457,-0.570520703,-0.727975805,-0.016994345,1.465693649,0.0
external_public,external_mat_bipolar_20260718,external_vl_vm_window,external_vl_vm_angle_features,ext_mat_10,ext_mat_10_trial_01,ext_mat_10_trial_01_w05,window_5s,stable squatting 1,unknown,stable,stable squatting 1,5.0,11519.0,0.117312,0.082458,318.321497,1630.5,5413.5,,,Mendeley 10.17632/37wyv32y8j.1,bipolar potential,-0.930657561,-1.083767203,-1.55854881,1.422687914,0.141548746,0.46996267,4.166352,0,-0.301808749,-0.24357192,-0.609389406,-0.343992511,-0.459760965,0.128980353,1.470020769,0.0
external_public,external_mat_bipolar_20260718,external_vl_vm_window,external_vl_vm_angle_features,ext_mat_10,ext_mat_10_trial_01,ext_mat_10_trial_01_w06,window_5s,stable squatting 1,unknown,stable,stable squatting 1,5.0,11519.0,0.130987,0.093182,326.238539,1481.0,5171.0,,,Mendeley 10.17632/37wyv32y8j.1,bipolar potential,-0.882771804,-1.030667972,-1.547879515,1.405711403,0.128570188,0.448910496,4.193989,0,0.042290058,0.160783119,-0.532504558,-0.502962496,-0.770599108,-0.208151699,1.546386427,0.0
external_public,external_mat_bipolar_20260718,external_vl_vm_window,external_vl_vm_angle_features,ext_mat_10,ext_mat_10_trial_01,ext_mat_10_trial_01_w07,window_5s,stable squatting 1,unknown,stable,stable squatting 1,5.0,11519.0,0.12348,0.089308,329.338338,1529.5,5378.0,,,Mendeley 10.17632/37wyv32y8j.1,bipolar potential,-0.908403379,-1.049109636,-1.543772489,1.382630895,0.132780623,0.466880806,4.256492,0,-0.141894028,0.020348321,-0.502908594,-0.719091006,-0.669758645,0.079627011,1.71909268,0.0
external_public,external_mat_bipolar_20260718,external_vl_vm_window,external_vl_vm_angle_features,ext_mat_10,ext_mat_10_trial_01,ext_mat_10_trial_01_w08,window_5s,stable squatting 1,unknown,stable,stable squatting 1,5.0,11519.0,0.130706,0.091627,326.768072,1496.0,5289.5,,,Mendeley 10.17632/37wyv32y8j.1,bipolar potential,-0.883704476,-1.037976533,-1.547175163,1.426500922,0.129872385,0.459197847,4.276181,0,0.035588038,0.105127822,-0.527428871,-0.308287069,-0.739411321,-0.04340882,1.773496683,0.0
external_public,external_mat_bipolar_20260718,external_vl_vm_window,external_vl_vm_angle_features,ext_mat_10,ext_mat_10_trial_01,ext_mat_10_trial_01_w09,window_5s,stable squatting 1,unknown,stable,stable squatting 1,5.0,11519.0,0.144233,0.104867,343.347739,1322.5,5015.5,,,Mendeley 10.17632/37wyv32y8j.1,bipolar potential,-0.840935363,-0.979361156,-1.525680586,1.375389779,0.114810313,0.43541106,4.314275,0,0.342919521,0.55148877,-0.372535105,-0.786897642,-1.100149894,-0.424333294,1.878756783,0.0
external_public,external_mat_bipolar_20260718,external_vl_vm_window,external_vl_vm_angle_features,ext_mat_10,ext_mat_10_trial_01,ext_mat_10_trial_01_w10,window_5s,stable squatting 1,unknown,stable,stable squatting 1,5.0,11519.0,0.120894,0.083569,305.786756,1585.5,5449.5,,,Mendeley 10.17632/37wyv32y8j.1,bipolar potential,-0.917595253,-1.077954795,-1.575996107,1.446636911,0.137642156,0.473087942,4.344217,0,-0.207945252,-0.199309952,-0.735117748,-0.119731371,-0.553324301,0.179028835,1.961491542,0.0
external_public,external_mat_bipolar_20260718,external_vl_vm_window,external_vl_vm_angle_features,ext_mat_10,ext_mat_10_trial_01,ext_mat_10_trial_01_w11,window_5s,stable squatting 1,unknown,stable,stable squatting 1,5.0,11519.0,0.131627,0.096765,323.420061,1311.5,5158.0,,,Mendeley 10.17632/37wyv32y8j.1,bipolar potential,-0.880655017,-1.014281699,-1.551647824,1.360274893,0.113855369,0.447781926,4.275689,0,0.057500925,0.285565945,-0.559659666,-0.928435159,-1.123020926,-0.226224755,1.772137205,0.0
external_public,external_mat_bipolar_20260718,external_vl_vm_window,external_vl_vm_angle_features,ext_mat_10,ext_mat_10_trial_01,ext_mat_10_trial_01_w12,window_5s,stable squatting 1,unknown,stable,stable squatting 1,5.0,11519.0,0.125707,0.087842,322.170695,1560.0,5335.5,,,Mendeley 10.17632/37wyv32y8j.1,bipolar potential,-0.900640538,-1.056297785,-1.553328744,1.431058036,0.135428423,0.463191249,4.306592,0,-0.086111588,-0.034390028,-0.571772676,-0.265613734,-0.606343493,0.020542001,1.857527368,0.0
external_public,external_mat_bipolar_20260718,external_vl_vm_window,external_vl_vm_angle_features,ext_mat_10,ext_mat_10_trial_01,ext_mat_10_trial_01_w13,window_5s,stable squatting 1,unknown,stable,stable squatting 1,5.0,11519.0,0.135435,0.096018,335.87537,1551.0,5177.5,,,Mendeley 10.17632/37wyv32y8j.1,bipolar potential,-0.868269088,-1.017647344,-1.53523662,1.410516778,0.134647105,0.449474781,4.26403,0,0.146504079,0.259936279,-0.441397595,-0.457964417,-0.62505616,-0.199115171,1.739921436,0.0
external_public,external_mat_bipolar_20260718,external_vl_vm_window,external_vl_vm_angle_features,ext_mat_10,ext_mat_10_trial_01,ext_mat_10_trial_01_w14,window_5s,stable squatting 1,unknown,stable,stable squatting 1,5.0,11519.0,0.142156,0.103145,343.084604,1280.5,5035.5,,,Mendeley 10.17632/37wyv32y8j.1,bipolar potential,-0.847234805,-0.98655182,-1.526013549,1.378215134,0.111164164,0.437147322,4.291021,0,0.297652815,0.496731269,-0.374934496,-0.760440696,-1.187475634,-0.396528585,1.814502088,0.0
external_public,external_mat_bipolar_20260718,external_vl_vm_window,external_vl_vm_angle_features,ext_mat_10,ext_mat_10_trial_01,ext_mat_10_trial_01_w15,window_5s,stable squatting 1,unknown,stable,stable squatting 1,5.0,11519.0,0.119577,0.083835,314.089936,1632.5,5559.5,,,Mendeley 10.17632/37wyv32y8j.1,bipolar potential,-0.922352347,-1.076574631,-1.564360757,1.426337449,0.141722372,0.482637382,4.188259,0,-0.24212891,-0.188799889,-0.651271335,-0.309817849,-0.4556026,0.331954718,1.530553477,0.0
external_public,external_mat_bipolar_20260718,external_vl_vm_window,external_vl_vm_angle_features,ext_mat_10,ext_mat_10_trial_01,ext_mat_10_trial_01_w16,window_5s,stable squatting 1,unknown,stable,stable squatting 1,5.0,11519.0,0.132599,0.094943,327.663341,1407.5,5327.0,,,Mendeley 10.17632/37wyv32y8j.1,bipolar potential,-0.877459751,-1.02253705,-1.545986923,1.396616918,0.122189426,0.462453338,4.161965,0,0.080461557,0.222700763,-0.518866201,-0.588124291,-0.923419183,0.008725005,1.457898753,0.0
external_public,external_mat_bipolar_20260718,external_vl_vm_window,external_vl_vm_angle_features,ext_mat_10,ext_mat_10_trial_01,ext_mat_10_trial_01_w17,window_5s,stable squatting 1,unknown,stable,stable squatting 1,5.0,11519.0,0.116397,0.082941,313.20243,1613.0,5506.5,,,Mendeley 10.17632/37wyv32y8j.1,bipolar potential,-0.934058213,-1.081230733,-1.565589655,1.403371071,0.140029516,0.478036288,4.229094,0,-0.326245248,-0.224256491,-0.660126994,-0.524877632,-0.49614672,0.258272245,1.643387419,0.0
external_public,external_mat_bipolar_20260718,external_vl_vm_window,external_vl_vm_angle_features,ext_mat_10,ext_mat_10_trial_01,ext_mat_10_trial_01_w18,window_5s,stable squatting 1,unknown,stable,stable squatting 1,5.0,11519.0,0.124899,0.08629,316.633868,1672.0,5422.0,,,Mendeley 10.17632/37wyv32y8j.1,bipolar potential,-0.903441039,-1.064039531,-1.560857412,1.447433075,0.145151489,0.470700582,4.339501,0,-0.106235507,-0.093344065,-0.626025604,-0.112276001,-0.373474804,0.140797365,1.948460444,0.0
external_public,external_mat_bipolar_20260718,external_vl_vm_window,external_vl_vm_angle_features,ext_mat_10,ext_mat_10_trial_02,ext_mat_10_trial_02_w01,window_5s,stable squatting 2,unknown,stable,stable squatting 2,5.0,11787.0,0.114165,0.084051,332.81679,1558.0,5421.5,,,Mendeley 10.17632/37wyv32y8j.1,bipolar potential,-0.942467019,-1.075457115,-1.549198056,1.358282471,0.13217952,0.459955884,4.053776,0,-0.386669481,-0.180289912,-0.5420062,-0.947092425,-0.68415514,-0.031269524,1.158954434,0.0
external_public,external_mat_bipolar_20260718,external_vl_vm_window,external_vl_vm_angle_features,ext_mat_10,ext_mat_10_trial_02,ext_mat_10_trial_02_w02,window_5s,stable squatting 2,unknown,stable,stable squatting 2,5.0,11787.0,0.21965,0.080573,317.90214,1932.5,5794.5,,,Mendeley 10.17632/37wyv32y8j.1,bipolar potential,-0.658268792,-1.093810466,-1.569109832,2.726099314,0.163951811,0.491600916,4.039892,0,1.655530056,-0.320052199,-0.685494019,11.861300508,0.07679534,0.475497832,1.120590617,0.0
external_public,external_mat_bipolar_20260718,external_vl_vm_window,external_vl_vm_angle_features,ext_mat_10,ext_mat_10_trial_02,ext_mat_10_trial_02_w03,window_5s,stable squatting 2,unknown,stable,stable squatting 2,5.0,11787.0,0.125497,0.089216,337.213526,1618.0,5358.0,,,Mendeley 10.17632/37wyv32y8j.1,bipolar potential,-0.901366656,-1.049557252,-1.543498297,1.406664724,0.137269874,0.454568593,3.980621,0,-0.091329347,0.016939688,-0.500932717,-0.49403549,-0.562240503,-0.117542251,0.956814921,0.0
external_public,external_mat_bipolar_20260718,external_vl_vm_window,external_vl_vm_angle_features,ext_mat_10,ext_mat_10_trial_02,ext_mat_10_trial_02_w04,window_5s,stable squatting 2,unknown,stable,stable squatting 2,5.0,11787.0,0.128899,0.091733,342.688744,1621.5,5336.0,,,Mendeley 10.17632/37wyv32y8j.1,bipolar potential,-0.889750452,-1.037474403,-1.536503444,1.405154088,0.137566811,0.452702129,4.096829,0,-0.007857305,0.108951584,-0.450526555,-0.508181258,-0.555128823,-0.147432031,1.27791708,0.0
external_public,external_mat_bipolar_20260718,external_vl_vm_window,external_vl_vm_angle_features,ext_mat_10,ext_mat_10_trial_02,ext_mat_10_trial_02_w05,window_5s,stable squatting 2,unknown,stable,stable squatting 2,5.0,11787.0,0.117441,0.081922,324.140138,1703.0,5569.0,,,Mendeley 10.17632/37wyv32y8j.1,bipolar potential,-0.930180259,-1.086599454,-1.560670471,1.433570958,0.144481208,0.47246967,4.150479,0,-0.298378938,-0.265139746,-0.624678474,-0.242082446,-0.389528121,0.169127753,1.426161012,0.0
external_public,external_mat_bipolar_20260718,external_vl_vm_window,external_vl_vm_angle_features,ext_mat_10,ext_mat_10_trial_02,ext_mat_10_trial_02_w06,window_5s,stable squatting 2,unknown,stable,stable squatting 2,5.0,11787.0,0.140002,0.099856,358.40884,1406.0,5156.0,,,Mendeley 10.17632/37wyv32y8j.1,bipolar potential,-0.85386576,-1.000625835,-1.517024571,1.402038936,0.119283957,0.437431068,4.137349,0,0.250003914,0.389556479,-0.310158312,-0.537351896,-0.993005542,-0.391984642,1.389880624,0.0
external_public,external_mat_bipolar_20260718,external_vl_vm_window,external_vl_vm_angle_features,ext_mat_10,ext_mat_10_trial_02,ext_mat_10_trial_02_w07,window_5s,stable squatting 2,unknown,stable,stable squatting 2,5.0,11787.0,0.126029,0.087295,344.478967,1797.0,5462.0,,,Mendeley 10.17632/37wyv32y8j.1,bipolar potential,-0.89952951,-1.059010631,-1.534240573,1.443713844,0.152456096,0.463391872,4.035258,0,-0.078127933,-0.055048575,-0.434219902,-0.147103304,-0.198528522,0.023754802,1.107786099,0.0
external_public,external_mat_bipolar_20260718,external_vl_vm_window,external_vl_vm_angle_features,ext_mat_10,ext_mat_10_trial_02,ext_mat_10_trial_02_w08,window_5s,stable squatting 2,unknown,stable,stable squatting 2,5.0,11787.0,0.12508,0.089159,346.211323,1633.0,5407.0,,,Mendeley 10.17632/37wyv32y8j.1,bipolar potential,-0.902812127,-1.049834811,-1.532062016,1.402886977,0.138542462,0.458725715,4.164671,0,-0.101716253,0.014826054,-0.418520831,-0.529410744,-0.531761856,-0.050969599,1.465375884,0.0
external_public,external_mat_bipolar_20260718,external_vl_vm_window,external_vl_vm_angle_features,ext_mat_10,ext_mat_10_trial_02,ext_mat_10_trial_02_w09,window_5s,stable squatting 2,unknown,stable,stable squatting 2,5.0,11787.0,0.132277,0.095541,355.887477,1517.0,5287.0,,,Mendeley 10.17632/37wyv32y8j.1,bipolar potential,-0.878515663,-1.019810217,-1.520090577,1.384505082,0.128701111,0.448545007,4.190208,0,0.072873955,0.243465822,-0.3322525,-0.701540905,-0.767463485,-0.214004684,1.535938891,0.0
external_public,external_mat_bipolar_20260718,external_vl_vm_window,external_vl_vm_angle_features,ext_mat_10,ext_mat_10_trial_02,ext_mat_10_trial_02_w10,window_5s,stable squatting 2,unknown,stable,stable squatting 2,5.0,11787.0,0.11097,0.079125,322.199452,1718.0,5604.0,,,Mendeley 10.17632/37wyv32y8j.1,bipolar potential,-0.954794414,-1.101686277,-1.563278486,1.402464455,0.145753797,0.475439043,4.079385,0,-0.475252019,-0.380027152,-0.643472297,-0.533367288,-0.35904945,0.21667965,1.229716388,0.0
external_public,external_mat_bipolar_20260718,external_vl_vm_window,external_vl_vm_angle_features,ext_mat_10,ext_mat_10_trial_02,ext_mat_10_trial_02_w11,window_5s,stable squatting 2,unknown,stable,stable squatting 2,5.0,11787.0,0.129643,0.091226,339.104329,1639.5,5339.5,,,Mendeley 10.17632/37wyv32y8j.1,bipolar potential,-0.887250928,-1.039881367,-1.54106995,1.421118979,0.139093917,0.452999067,4.144175,0,0.010103844,0.090622354,-0.483433614,-0.358684197,-0.518554437,-0.14267683,1.408742005,0.0
external_public,external_mat_bipolar_20260718,external_vl_vm_window,external_vl_vm_angle_features,ext_mat_10,ext_mat_10_trial_02,ext_mat_10_trial_02_w12,window_5s,stable squatting 2,unknown,stable,stable squatting 2,5.0,11787.0,0.140299,0.101657,356.116256,1460.5,5148.5,,,Mendeley 10.17632/37wyv32y8j.1,bipolar potential,-0.852945424,-0.992862711,-1.519811485,1.380121389,0.123907695,0.436794774,4.209796,0,0.25661729,0.448673311,-0.330241313,-0.742590306,-0.882266418,-0.402174331,1.590063814,0.0
external_public,external_mat_bipolar_20260718,external_vl_vm_window,external_vl_vm_angle_features,ext_mat_10,ext_mat_10_trial_02,ext_mat_10_trial_02_w13,window_5s,stable squatting 2,unknown,stable,stable squatting 2,5.0,11787.0,0.114666,0.081338,325.506412,1821.0,5602.5,,,Mendeley 10.17632/37wyv32y8j.1,bipolar potential,-0.940565337,-1.089706511,-1.558843736,1.409746982,0.154492237,0.475311784,4.183422,0,-0.373004321,-0.288800242,-0.611514695,-0.465172874,-0.149762681,0.214641709,1.517188037,0.0
external_public,external_mat_bipolar_20260718,external_vl_vm_window,external_vl_vm_angle_features,ext_mat_10,ext_mat_10_trial_02,ext_mat_10_trial_02_w14,window_5s,stable squatting 2,unknown,stable,stable squatting 2,5.0,11787.0,0.139908,0.09788,347.91265,1583.0,5245.5,,,Mendeley 10.17632/37wyv32y8j.1,bipolar potential,-0.854157452,-1.009306039,-1.529933064,1.429382918,0.134300501,0.445024179,4.190785,0,0.247907866,0.323456007,-0.403179222,-0.28129973,-0.63335737,-0.270387648,1.537533238,0.0
external_public,external_mat_bipolar_20260718,external_vl_vm_window,external_vl_vm_angle_features,ext_mat_10,ext_mat_10_trial_02,ext_mat_10_trial_02_w15,window_5s,stable squatting 2,unknown,stable,stable squatting 2,5.0,11786.0,0.129776,0.091991,344.336434,1647.0,5362.5,,,Mendeley 10.17632/37wyv32y8j.1,bipolar potential,-0.886805616,-1.03625466,-1.534383459,1.410746703,0.139742067,0.45498897,4.159072,0,0.013303779,0.118240028,-0.435249564,-0.455811373,-0.503031161,-0.110810284,1.44990491,0.0
external_public,external_mat_bipolar_20260718,external_vl_vm_window,external_vl_vm_angle_features,ext_mat_10,ext_mat_10_trial_02,ext_mat_10_trial_02_w16,window_5s,stable squatting 2,unknown,stable,stable squatting 2,5.0,11786.0,0.127202,0.086318,329.529216,1771.0,5546.5,,,Mendeley 10.17632/37wyv32y8j.1,bipolar potential,-0.89550606,-1.063898631,-1.553472512,1.473643968,0.150263024,0.470600713,4.246547,0,-0.049216113,-0.0922711,-0.572808694,0.133165791,-0.25105288,0.13919805,1.69161298,0.0
external_public,external_mat_bipolar_20260718,external_vl_vm_window,external_vl_vm_angle_features,ext_mat_10,ext_mat_10_trial_02,ext_mat_10_trial_02_w17,window_5s,stable squatting 2,unknown,stable,stable squatting 2,5.0,11786.0,0.133305,0.094369,339.987416,1619.0,5358.0,,,Mendeley 10.17632/37wyv32y8j.1,bipolar potential,-0.875153561,-1.025170647,-1.539903594,1.412593119,0.137366367,0.454607161,4.267772,0,0.097033441,0.202645704,-0.475028644,-0.438521323,-0.559929483,-0.116924619,1.750261208,0.0
external_public,external_mat_bipolar_20260718,external_vl_vm_window,external_vl_vm_angle_features,ext_mat_10,ext_mat_10_trial_02,ext_mat_10_trial_02_w18,window_5s,stable squatting 2,unknown,stable,stable squatting 2,5.0,11786.0,0.12211,0.086899,334.973879,1646.0,5509.5,,,Mendeley 10.17632/37wyv32y8j.1,bipolar potential,-0.913248769,-1.060985221,-1.546355494,1.405194536,0.13965722,0.467461395,4.259004,0,-0.176712166,-0.070085241,-0.52152219,-0.507802498,-0.505063257,0.088924634,1.726033756,0.0
external_public,external_mat_bipolar_20260718,external_vl_vm_window,external_vl_vm_angle_features,ext_mat_10,ext_mat_10_trial_03,ext_mat_10_trial_03_w01,window_5s,unstable BOSU squatting,unknown,unstable,unstable BOSU squatting,5.0,11894.0,0.12689,0.092358,488.091045,1958.5,6276.0,,,Mendeley 10.17632/37wyv32y8j.1,bipolar potential,-0.896572603,-1.03452548,-1.386827094,1.373892895,0.164662855,0.527661006,4.15697,0,-0.056880108,0.131407877,0.628067993,-0.800914635,0.093824935,1.052968459,1.444096732,0.0
external_public,external_mat_bipolar_20260718,external_vl_vm_window,external_vl_vm_angle_features,ext_mat_10,ext_mat_10_trial_03,ext_mat_10_trial_03_w02,window_5s,unstable BOSU squatting,unknown,unstable,unstable BOSU squatting,5.0,11894.0,0.145545,0.104872,513.840294,1832.0,6275.0,,,Mendeley 10.17632/37wyv32y8j.1,bipolar potential,-0.83700271,-0.97934045,-1.364499777,1.387834694,0.154027241,0.52757693,4.387953,0,0.371178889,0.551646448,0.788962633,-0.670362038,-0.160899396,1.051622056,2.082341432,0.0
external_public,external_mat_bipolar_20260718,external_vl_vm_window,external_vl_vm_angle_features,ext_mat_10,ext_mat_10_trial_03,ext_mat_10_trial_03_w03,window_5s,unstable BOSU squatting,unknown,unstable,unstable BOSU squatting,5.0,11894.0,0.135216,0.095536,495.15637,2035.5,6327.5,,,Mendeley 10.17632/37wyv32y8j.1,bipolar potential,-0.868971916,-1.019832946,-1.380585564,1.415340814,0.171136708,0.53199092,4.385977,0,0.141453678,0.243292739,0.673045575,-0.412791593,0.248874552,1.122308224,2.076881413,0.0
external_public,external_mat_bipolar_20260718,external_vl_vm_window,external_vl_vm_angle_features,ext_mat_10,ext_mat_10_trial_03,ext_mat_10_trial_03_w04,window_5s,unstable BOSU squatting,unknown,unstable,unstable BOSU squatting,5.0,11894.0,0.131623,0.094547,484.299806,1982.0,6276.0,,,Mendeley 10.17632/37wyv32y8j.1,bipolar potential,-0.880668215,-1.024352247,-1.390213639,1.39214359,0.166638641,0.527661006,4.556965,0,0.057406087,0.208877888,0.603663944,-0.630013045,0.141145266,1.052968459,2.549349883,0.0
external_public,external_mat_bipolar_20260718,external_vl_vm_window,external_vl_vm_angle_features,ext_mat_10,ext_mat_10_trial_03,ext_mat_10_trial_03_w05,window_5s,unstable BOSU squatting,unknown,unstable,unstable BOSU squatting,5.0,11894.0,0.12773,0.093656,472.121151,1883.0,6243.5,,,Mendeley 10.17632/37wyv32y8j.1,bipolar potential,-0.893707088,-1.028464395,-1.401274477,1.363820791,0.158315117,0.524928535,3.777049,0,-0.03628901,0.177563541,0.523957567,-0.895230965,-0.058204211,1.009210339,0.394311404,0.0
external_public,external_mat_bipolar_20260718,external_vl_vm_window,external_vl_vm_angle_features,ext_mat_10,ext_mat_10_trial_03,ext_mat_10_trial_03_w06,window_5s,unstable BOSU squatting,unknown,unstable,unstable BOSU squatting,5.0,11894.0,0.111811,0.07934,456.612441,2327.0,6563.5,,,Mendeley 10.17632/37wyv32y8j.1,bipolar potential,-0.951515468,-1.100507804,-1.415780194,1.409263927,0.195644863,0.551832857,4.320593,0,-0.451690078,-0.371052983,0.419426776,-0.469696256,0.835848034,1.440059394,1.896214475,0.0
external_public,external_mat_bipolar_20260718,external_vl_vm_window,external_vl_vm_angle_features,ext_mat_10,ext_mat_10_trial_03,ext_mat_10_trial_03_w07,window_5s,unstable BOSU squatting,unknown,unstable,unstable BOSU squatting,5.0,11894.0,0.123602,0.08597,456.584289,2161.5,6393.0,,,Mendeley 10.17632/37wyv32y8j.1,bipolar potential,-0.907974502,-1.065653073,-1.415806971,1.437734093,0.181730284,0.537497898,4.087258,0,-0.138812191,-0.105631321,0.419233816,-0.203098375,0.502592068,1.210497633,1.251470805,0.0
external_public,external_mat_bipolar_20260718,external_vl_vm_window,external_vl_vm_angle_features,ext_mat_10,ext_mat_10_trial_03,ext_mat_10_trial_03_w08,window_5s,unstable BOSU squatting,unknown,unstable,unstable BOSU squatting,5.0,11894.0,0.132633,0.09729,478.679273,1851.0,6251.5,,,Mendeley 10.17632/37wyv32y8j.1,bipolar potential,-0.877348407,-1.011931797,-1.395283311,1.363274746,0.155624685,0.525601143,4.24731,0,0.081261655,0.303460643,0.567130981,-0.900344193,-0.122640405,1.019981565,1.693721277,0.0
external_public,external_mat_bipolar_20260718,external_vl_vm_window,external_vl_vm_angle_features,ext_mat_10,ext_mat_10_trial_03,ext_mat_10_trial_03_w09,window_5s,unstable BOSU squatting,unknown,unstable,unstable BOSU squatting,5.0,11894.0,0.116063,0.084477,464.908294,2108.5,6522.0,,,Mendeley 10.17632/37wyv32y8j.1,bipolar potential,-0.935306208,-1.073261517,-1.40796064,1.373900588,0.177274256,0.548343703,4.342256,0,-0.335213126,-0.163570252,0.475775881,-0.800842596,0.395869621,1.384183662,1.95607297,0.0
external_public,external_mat_bipolar_20260718,external_vl_vm_window,external_vl_vm_angle_features,ext_mat_10,ext_mat_10_trial_03,ext_mat_10_trial_03_w10,window_5s,unstable BOSU squatting,unknown,unstable,unstable BOSU squatting,5.0,11894.0,0.12421,0.087227,475.203944,2201.5,6523.0,,,Mendeley 10.17632/37wyv32y8j.1,bipolar potential,-0.905843438,-1.059349064,-1.398447898,1.423985693,0.185093324,0.548427779,4.562375,0,-0.123498732,-0.05762577,0.544326401,-0.33183996,0.583137311,1.385530065,2.564298619,0.0
external_public,external_mat_bipolar_20260718,external_vl_vm_window,external_vl_vm_angle_features,ext_mat_10,ext_mat_10_trial_03,ext_mat_10_trial_03_w11,window_5s,unstable BOSU squatting,unknown,unstable,unstable BOSU squatting,5.0,11894.0,0.128113,0.094035,480.863755,1924.0,6473.0,,,Mendeley 10.17632/37wyv32y8j.1,bipolar potential,-0.892406799,-1.026710471,-1.393305891,1.36239698,0.161762233,0.544223978,4.405114,0,-0.026945357,0.190919817,0.581380623,-0.908563694,0.024354663,1.318209889,2.129760148,0.0
external_public,external_mat_bipolar_20260718,external_vl_vm_window,external_vl_vm_angle_features,ext_mat_10,ext_mat_10_trial_03,ext_mat_10_trial_03_w12,window_5s,unstable BOSU squatting,unknown,unstable,unstable BOSU squatting,5.0,11894.0,0.107369,0.077658,458.276617,2381.5,6693.0,,,Mendeley 10.17632/37wyv32y8j.1,bipolar potential,-0.969121092,-1.109813798,-1.414200236,1.382587757,0.200227005,0.5627207,4.252838,0,-0.578201061,-0.441918897,0.430812236,-0.719494955,0.945590928,1.614418624,1.708996066,0.0
external_public,external_mat_bipolar_20260718,external_vl_vm_window,external_vl_vm_angle_features,ext_mat_10,ext_mat_10_trial_03,ext_mat_10_trial_03_w13,window_5s,unstable BOSU squatting,unknown,unstable,unstable BOSU squatting,5.0,11894.0,0.115388,0.083539,459.266306,2162.0,6612.0,,,Mendeley 10.17632/37wyv32y8j.1,bipolar potential,-0.937839354,-1.078110728,-1.41326335,1.381247082,0.181772322,0.555910543,4.152712,0,-0.353415877,-0.200497395,0.437563604,-0.732049189,0.503598883,1.505359949,1.432331165,0.0
external_public,external_mat_bipolar_20260718,external_vl_vm_window,external_vl_vm_angle_features,ext_mat_10,ext_mat_10_trial_03,ext_mat_10_trial_03_w14,window_5s,unstable BOSU squatting,unknown,unstable,unstable BOSU squatting,5.0,11894.0,0.121394,0.088295,469.94972,2094.5,6436.5,,,Mendeley 10.17632/37wyv32y8j.1,bipolar potential,-0.915802778,-1.054063889,-1.403276539,1.374868339,0.176097192,0.541155204,4.11379,0,-0.195064835,-0.017378725,0.509530351,-0.791780466,0.367678786,1.269066172,1.324783163,0.0
external_public,external_mat_bipolar_20260718,external_vl_vm_window,external_vl_vm_angle_features,ext_mat_10,ext_mat_10_trial_03,ext_mat_10_trial_03_w15,window_5s,unstable BOSU squatting,unknown,unstable,unstable BOSU squatting,5.0,11894.0,0.111912,0.081517,462.350666,2164.0,6518.0,,,Mendeley 10.17632/37wyv32y8j.1,bipolar potential,-0.951123343,-1.088751812,-1.410356447,1.372867009,0.181940474,0.548007399,4.095487,0,-0.448872335,-0.28153013,0.458511267,-0.810521148,0.507626145,1.378798049,1.27420891,0.0
external_public,external_mat_bipolar_20260718,external_vl_vm_window,external_vl_vm_angle_features,ext_mat_10,ext_mat_10_trial_03,ext_mat_10_trial_03_w16,window_5s,unstable BOSU squatting,unknown,unstable,unstable BOSU squatting,5.0,11894.0,0.116574,0.085884,465.934192,2028.0,6527.5,,,Mendeley 10.17632/37wyv32y8j.1,bipolar potential,-0.933398301,-1.066087737,-1.407003352,1.357342462,0.170506138,0.548806121,4.046919,0,-0.321503234,-0.108941323,0.48267427,-0.955894777,0.233772319,1.391588879,1.140007395,0.0
external_public,external_mat_bipolar_20260718,external_vl_vm_window,external_vl_vm_angle_features,ext_mat_10,ext_mat_10_trial_03,ext_mat_10_trial_03_w17,window_5s,unstable BOSU squatting,unknown,unstable,unstable BOSU squatting,5.0,11893.0,0.111826,0.081264,462.811535,2138.0,6585.5,,,Mendeley 10.17632/37wyv32y8j.1,bipolar potential,-0.951457209,-1.090101805,-1.409887244,1.37608289,0.179769612,0.553729084,4.190602,0,-0.451271439,-0.291810439,0.461892428,-0.780407272,0.45563372,1.470425802,1.537027579,0.0
external_public,external_mat_bipolar_20260718,external_vl_vm_window,external_vl_vm_angle_features,ext_mat_10,ext_mat_10_trial_03,ext_mat_10_trial_03_w18,window_5s,unstable BOSU squatting,unknown,unstable,unstable BOSU squatting,5.0,11893.0,0.110117,0.080375,456.453633,2121.5,6556.5,,,Mendeley 10.17632/37wyv32y8j.1,bipolar potential,-0.958145629,-1.094879014,-1.415894751,1.370040435,0.178382242,0.551290675,3.988055,0,-0.499333273,-0.328189281,0.418601258,-0.836989509,0.422406029,1.431376826,0.977356308,0.0
external_public,external_mat_bipolar_20260718,external_vl_vm_window,external_vl_vm_angle_features,ext_mat_11,ext_mat_11_trial_01,ext_mat_11_trial_01_w01,window_5s,stable squatting 1,unknown,stable,stable squatting 1,5.0,11876.0,0.076873,0.054655,326.54449,2507.0,6268.0,,,Mendeley 10.17632/37wyv32y8j.1,bipolar potential,-1.11422617,-1.262370101,-1.560727829,1.406513585,0.211098013,0.527787134,3.559943,0,-1.620901173,-1.603647773,-0.625091806,-0.495450773,1.205952976,1.054988288,-0.205588822,0.0
external_public,external_mat_bipolar_20260718,external_vl_vm_window,external_vl_vm_angle_features,ext_mat_11,ext_mat_11_trial_01,ext_mat_11_trial_01_w02,window_5s,stable squatting 1,unknown,stable,stable squatting 1,5.0,11876.0,0.071118,0.051596,344.671623,2668.0,6345.5,,,Mendeley 10.17632/37wyv32y8j.1,bipolar potential,-1.148020465,-1.287383966,-1.53726466,1.378362664,0.224654766,0.5343129,3.465557,0,-1.863741159,-1.794130425,-0.456012014,-0.759059208,1.530638964,1.159492691,-0.466393142,0.0
external_public,external_mat_bipolar_20260718,external_vl_vm_window,external_vl_vm_angle_features,ext_mat_11,ext_mat_11_trial_01,ext_mat_11_trial_01_w03,window_5s,stable squatting 1,unknown,stable,stable squatting 1,5.0,11876.0,0.081435,0.057901,342.419532,2451.5,6127.0,,,Mendeley 10.17632/37wyv32y8j.1,bipolar potential,-1.089188899,-1.237313936,-1.54011166,1.406452393,0.206424722,0.515914449,3.581985,0,-1.440987653,-1.412843002,-0.476528005,-0.496023781,1.094027052,0.86485768,-0.144683085,0.0
external_public,external_mat_bipolar_20260718,external_vl_vm_window,external_vl_vm_angle_features,ext_mat_11,ext_mat_11_trial_01,ext_mat_11_trial_01_w04,window_5s,stable squatting 1,unknown,stable,stable squatting 1,5.0,11876.0,0.079157,0.056354,335.162993,2536.0,6216.5,,,Mendeley 10.17632/37wyv32y8j.1,bipolar potential,-1.101510674,-1.249075252,-1.549414129,1.404638535,0.213539912,0.523450657,3.584275,0,-1.529529807,-1.502406397,-0.54356326,-0.513008955,1.264436773,0.985543423,-0.138355432,0.0
external_public,external_mat_bipolar_20260718,external_vl_vm_window,external_vl_vm_angle_features,ext_mat_11,ext_mat_11_trial_01,ext_mat_11_trial_01_w05,window_5s,stable squatting 1,unknown,stable,stable squatting 1,5.0,11876.0,0.073616,0.051672,347.904875,2847.0,6375.5,,,Mendeley 10.17632/37wyv32y8j.1,bipolar potential,-1.133027784,-1.286744728,-1.533209675,1.424678743,0.239727181,0.536839003,3.614647,0,-1.756006334,-1.789262575,-0.426791067,-0.325350161,1.891625253,1.199946009,-0.054432511,0.0
external_public,external_mat_bipolar_20260718,external_vl_vm_window,external_vl_vm_angle_features,ext_mat_11,ext_mat_11_trial_01,ext_mat_11_trial_01_w06,window_5s,stable squatting 1,unknown,stable,stable squatting 1,5.0,11876.0,0.084872,0.05953,337.297753,2432.0,6069.5,,,Mendeley 10.17632/37wyv32y8j.1,bipolar potential,-1.071235564,-1.225264117,-1.546656741,1.425701327,0.204782755,0.511072752,3.626792,0,-1.311978079,-1.321082633,-0.523693029,-0.315774568,1.05470173,0.78732216,-0.020873843,0.0
external_public,external_mat_bipolar_20260718,external_vl_vm_window,external_vl_vm_angle_features,ext_mat_11,ext_mat_11_trial_01,ext_mat_11_trial_01_w07,window_5s,stable squatting 1,unknown,stable,stable squatting 1,5.0,11876.0,0.078089,0.05479,348.764224,2762.5,6273.5,,,Mendeley 10.17632/37wyv32y8j.1,bipolar potential,-1.107410139,-1.2612987,-1.53213826,1.425241832,0.232611991,0.528250253,3.647322,0,-1.571922347,-1.595488966,-0.419070259,-0.320077332,1.721215532,1.062404732,0.035853984,0.0
external_public,external_mat_bipolar_20260718,external_vl_vm_window,external_vl_vm_angle_features,ext_mat_11,ext_mat_11_trial_01,ext_mat_11_trial_01_w08,window_5s,stable squatting 1,unknown,stable,stable squatting 1,5.0,11876.0,0.08711,0.060738,357.815679,2533.0,6070.0,,,Mendeley 10.17632/37wyv32y8j.1,bipolar potential,-1.059931986,-1.216539513,-1.521010822,1.434192762,0.213287302,0.511114853,3.674675,0,-1.230752513,-1.254644051,-0.33888395,-0.236259802,1.258386731,0.787996371,0.111434903,0.0
external_public,external_mat_bipolar_20260718,external_vl_vm_window,external_vl_vm_angle_features,ext_mat_11,ext_mat_11_trial_01,ext_mat_11_trial_01_w09,window_5s,stable squatting 1,unknown,stable,stable squatting 1,5.0,11876.0,0.090569,0.063606,353.108746,2392.5,6014.0,,,Mendeley 10.17632/37wyv32y8j.1,bipolar potential,-1.043020427,-1.196501915,-1.526761714,1.42390655,0.201456719,0.506399461,3.613568,0,-1.109228961,-1.102056084,-0.380325906,-0.332581064,0.975042737,0.712483515,-0.057413969,0.0
external_public,external_mat_bipolar_20260718,external_vl_vm_window,external_vl_vm_angle_features,ext_mat_11,ext_mat_11_trial_01,ext_mat_11_trial_01_w10,window_5s,stable squatting 1,unknown,stable,stable squatting 1,5.0,11876.0,0.081155,0.056787,337.768369,2531.0,6209.5,,,Mendeley 10.17632/37wyv32y8j.1,bipolar potential,-1.090684718,-1.245751074,-1.546051212,1.429112297,0.213118895,0.522861233,3.627685,0,-1.451736351,-1.477092507,-0.519329479,-0.283833856,1.254353361,0.976104316,-0.018406334,0.0
external_public,external_mat_bipolar_20260718,external_vl_vm_window,external_vl_vm_angle_features,ext_mat_11,ext_mat_11_trial_01,ext_mat_11_trial_01_w11,window_5s,stable squatting 1,unknown,stable,stable squatting 1,5.0,11876.0,0.073574,0.051188,350.550478,2960.0,6586.0,,,Mendeley 10.17632/37wyv32y8j.1,bipolar potential,-1.133275632,-1.290831839,-1.529919625,1.437329061,0.249242169,0.554563826,3.700122,0,-1.757787327,-1.820386264,-0.403082378,-0.20689114,2.119510446,1.483793461,0.181749224,0.0
external_public,external_mat_bipolar_20260718,external_vl_vm_window,external_vl_vm_angle_features,ext_mat_11,ext_mat_11_trial_01,ext_mat_11_trial_01_w12,window_5s,stable squatting 1,unknown,stable,stable squatting 1,5.0,11876.0,0.093109,0.066498,346.240843,2129.5,6008.0,,,Mendeley 10.17632/37wyv32y8j.1,bipolar potential,-1.031008338,-1.177191416,-1.535291892,1.400177449,0.179311216,0.50589424,3.696631,0,-1.022912157,-0.955005036,-0.441795895,-0.554783073,0.444655076,0.704392845,0.172103006,0.0
external_public,external_mat_bipolar_20260718,external_vl_vm_window,external_vl_vm_angle_features,ext_mat_11,ext_mat_11_trial_01,ext_mat_11_trial_01_w13,window_5s,stable squatting 1,unknown,stable,stable squatting 1,5.0,11876.0,0.072308,0.051001,346.433417,2947.5,6603.5,,,Mendeley 10.17632/37wyv32y8j.1,bipolar potential,-1.140813651,-1.292421308,-1.535050411,1.417776122,0.248189626,0.556037386,3.628025,0,-1.811954234,-1.832490202,-0.44005574,-0.389987092,2.094301905,1.507391228,-0.017466858,0.0
external_public,external_mat_bipolar_20260718,external_vl_vm_window,external_vl_vm_angle_features,ext_mat_11,ext_mat_11_trial_01,ext_mat_11_trial_01_w14,window_5s,stable squatting 1,unknown,stable,stable squatting 1,5.0,11876.0,0.083497,0.058727,344.828897,2598.0,6302.0,,,Mendeley 10.17632/37wyv32y8j.1,bipolar potential,-1.078329128,-1.231162184,-1.537066536,1.421782144,0.218760525,0.530650051,3.672453,0,-1.362951208,-1.365996902,-0.454584297,-0.352474245,1.389471129,1.100835386,0.105295144,0.0
external_public,external_mat_bipolar_20260718,external_vl_vm_window,external_vl_vm_angle_features,ext_mat_11,ext_mat_11_trial_01,ext_mat_11_trial_01_w15,window_5s,stable squatting 1,unknown,stable,stable squatting 1,5.0,11876.0,0.088965,0.061892,347.776848,2544.5,6066.5,,,Mendeley 10.17632/37wyv32y8j.1,bipolar potential,-1.050780817,-1.208365483,-1.533369522,1.437423253,0.214255642,0.510820141,3.73767,0,-1.164993788,-1.192398136,-0.427942953,-0.206009116,1.281578599,0.783276817,0.285500634,0.0
external_public,external_mat_bipolar_20260718,external_vl_vm_window,external_vl_vm_angle_features,ext_mat_11,ext_mat_11_trial_01,ext_mat_11_trial_01_w16,window_5s,stable squatting 1,unknown,stable,stable squatting 1,5.0,11876.0,0.07806,0.053526,341.084685,2843.5,6410.5,,,Mendeley 10.17632/37wyv32y8j.1,bipolar potential,-1.107571453,-1.27143521,-1.541807969,1.458356686,0.239432469,0.539786123,3.766346,0,-1.573081522,-1.672679328,-0.488751911,-0.009986062,1.884566862,1.247141544,0.364737223,0.0
external_public,external_mat_bipolar_20260718,external_vl_vm_window,external_vl_vm_angle_features,ext_mat_11,ext_mat_11_trial_01,ext_mat_11_trial_01_w17,window_5s,stable squatting 1,unknown,stable,stable squatting 1,5.0,11876.0,0.089273,0.06274,338.616228,2422.0,6003.0,,,Mendeley 10.17632/37wyv32y8j.1,bipolar potential,-1.049279871,-1.202455486,-1.544962421,1.422904048,0.203940721,0.505473223,3.649195,0,-1.154208248,-1.14739302,-0.511483456,-0.341968608,1.034534907,0.697650628,0.041029397,0.0
external_public,external_mat_bipolar_20260718,external_vl_vm_window,external_vl_vm_angle_features,ext_mat_11,ext_mat_11_trial_01,ext_mat_11_trial_01_w18,window_5s,stable squatting 1,unknown,stable,stable squatting 1,5.0,11876.0,0.069147,0.048037,351.850154,3142.0,6549.5,,,Mendeley 10.17632/37wyv32y8j.1,bipolar potential,-1.160226657,-1.318424123,-1.528312443,1.439452922,0.264567194,0.551490401,3.687733,0,-1.951452754,-2.03050379,-0.391500737,-0.187003064,2.486546777,1.434575263,0.147516343,0.0
external_public,external_mat_bipolar_20260718,external_vl_vm_window,external_vl_vm_angle_features,ext_mat_11,ext_mat_11_trial_02,ext_mat_11_trial_02_w01,window_5s,stable squatting 2,unknown,stable,stable squatting 2,5.0,11820.0,0.060323,0.040843,233.720112,2509.5,6269.5,,,Mendeley 10.17632/37wyv32y8j.1,bipolar potential,-1.219517068,-1.388882366,-1.703921391,1.476948314,0.212309645,0.530414552,3.585829,0,-2.377503441,-2.567049143,-1.656970225,0.164108064,1.234971719,1.097064077,-0.13406147,0.0
external_public,external_mat_bipolar_20260718,external_vl_vm_window,external_vl_vm_angle_features,ext_mat_11,ext_mat_11_trial_02,ext_mat_11_trial_02_w02,window_5s,stable squatting 2,unknown,stable,stable squatting 2,5.0,11820.0,0.080033,0.056043,257.782046,1818.0,5779.5,,,Mendeley 10.17632/37wyv32y8j.1,bipolar potential,-1.096730903,-1.251478625,-1.66136481,1.428064165,0.153807107,0.488959391,3.500023,0,-1.495183196,-1.520708281,-1.350299891,-0.293648683,-0.166171633,0.433196132,-0.371157813,0.0
external_public,external_mat_bipolar_20260718,external_vl_vm_window,external_vl_vm_angle_features,ext_mat_11,ext_mat_11_trial_02,ext_mat_11_trial_02_w03,window_5s,stable squatting 2,unknown,stable,stable squatting 2,5.0,11820.0,0.072798,0.049089,240.720323,2182.5,5909.5,,,Mendeley 10.17632/37wyv32y8j.1,bipolar potential,-1.137880552,-1.309015815,-1.691104719,1.482979894,0.18464467,0.499957699,3.527307,0,-1.79087749,-1.958858746,-1.564610994,0.220588467,0.572391989,0.609324362,-0.295767553,0.0
external_public,external_mat_bipolar_20260718,external_vl_vm_window,external_vl_vm_angle_features,ext_mat_11,ext_mat_11_trial_02,ext_mat_11_trial_02_w04,window_5s,stable squatting 2,unknown,stable,stable squatting 2,5.0,11820.0,0.072192,0.048168,242.038473,2333.0,5924.5,,,Mendeley 10.17632/37wyv32y8j.1,bipolar potential,-1.141510926,-1.317241386,-1.688733072,1.49875436,0.197377327,0.501226734,3.595151,0,-1.816964732,-2.02149715,-1.547520482,0.368302366,0.877340771,0.629646842,-0.108303223,0.0
external_public,external_mat_bipolar_20260718,external_vl_vm_window,external_vl_vm_angle_features,ext_mat_11,ext_mat_11_trial_02,ext_mat_11_trial_02_w05,window_5s,stable squatting 2,unknown,stable,stable squatting 2,5.0,11820.0,0.083967,0.057376,261.91246,1958.0,5729.0,,,Mendeley 10.17632/37wyv32y8j.1,bipolar potential,-1.075891363,-1.241269732,-1.654461317,1.463451617,0.165651438,0.484686971,3.63241,0,-1.345433849,-1.442966716,-1.300552085,0.037723453,0.117501626,0.364777084,-0.005350368,0.0
external_public,external_mat_bipolar_20260718,external_vl_vm_window,external_vl_vm_angle_features,ext_mat_11,ext_mat_11_trial_02,ext_mat_11_trial_02_w06,window_5s,stable squatting 2,unknown,stable,stable squatting 2,5.0,11820.0,0.072771,0.048462,240.439209,2299.0,6053.5,,,Mendeley 10.17632/37wyv32y8j.1,bipolar potential,-1.138041657,-1.314598667,-1.691612186,1.501609508,0.194500846,0.51214044,3.701103,0,-1.792035163,-2.001372626,-1.568267892,0.395038297,0.808448679,0.804420245,0.184459891,0.0
external_public,external_mat_bipolar_20260718,external_vl_vm_window,external_vl_vm_angle_features,ext_mat_11,ext_mat_11_trial_02,ext_mat_11_trial_02_w07,window_5s,stable squatting 2,unknown,stable,stable squatting 2,5.0,11820.0,0.080793,0.053678,249.899876,2145.0,5876.0,,,Mendeley 10.17632/37wyv32y8j.1,bipolar potential,-1.092626265,-1.270203674,-1.674851436,1.505141771,0.181472081,0.497123519,3.672784,0,-1.465687974,-1.66330108,-1.44748693,0.428114811,0.496408072,0.563937462,0.106209753,0.0
external_public,external_mat_bipolar_20260718,external_vl_vm_window,external_vl_vm_angle_features,ext_mat_11,ext_mat_11_trial_02,ext_mat_11_trial_02_w08,window_5s,stable squatting 2,unknown,stable,stable squatting 2,5.0,11820.0,0.092367,0.062094,269.684113,1868.0,5495.0,,,Mendeley 10.17632/37wyv32y8j.1,bipolar potential,-1.034483162,-1.206950363,-1.641762113,1.487535028,0.158037225,0.464890017,3.722719,0,-1.047881644,-1.18162188,-1.20903935,0.263243261,-0.06485976,0.047746276,0.244188518,0.0
external_public,external_mat_bipolar_20260718,external_vl_vm_window,external_vl_vm_angle_features,ext_mat_11,ext_mat_11_trial_02,ext_mat_11_trial_02_w09,window_5s,stable squatting 2,unknown,stable,stable squatting 2,5.0,11820.0,0.074166,0.049569,238.407042,2107.0,5899.5,,,Mendeley 10.17632/37wyv32y8j.1,bipolar potential,-1.129795143,-1.304789842,-1.695298397,1.496217394,0.178257191,0.499111675,3.620649,0,-1.732777133,-1.926677612,-1.594831388,0.344545927,0.419411041,0.595776032,-0.03784798,0.0
external_public,external_mat_bipolar_20260718,external_vl_vm_window,external_vl_vm_angle_features,ext_mat_11,ext_mat_11_trial_02,ext_mat_11_trial_02_w10,window_5s,stable squatting 2,unknown,stable,stable squatting 2,5.0,11820.0,0.086575,0.059941,261.810547,1785.0,5643.5,,,Mendeley 10.17632/37wyv32y8j.1,bipolar potential,-1.0626075,-1.222276016,-1.654630338,1.444336931,0.151015228,0.477453469,3.516554,0,-1.249978296,-1.298327997,-1.301770081,-0.141268646,-0.233037497,0.248938911,-0.325479893,0.0
external_public,external_mat_bipolar_20260718,external_vl_vm_window,external_vl_vm_angle_features,ext_mat_11,ext_mat_11_trial_02,ext_mat_11_trial_02_w11,window_5s,stable squatting 2,unknown,stable,stable squatting 2,5.0,11820.0,0.082622,0.054279,249.163007,2087.0,5800.0,,,Mendeley 10.17632/37wyv32y8j.1,bipolar potential,-1.082904296,-1.265368162,-1.676133913,1.522172479,0.176565144,0.490693739,3.623774,0,-1.395827578,-1.626478255,-1.456728689,0.587592303,0.378886296,0.46097019,-0.029213082,0.0
external_public,external_mat_bipolar_20260718,external_vl_vm_window,external_vl_vm_angle_features,ext_mat_11,ext_mat_11_trial_02,ext_mat_11_trial_02_w12,window_5s,stable squatting 2,unknown,stable,stable squatting 2,5.0,11820.0,0.082983,0.053286,252.196997,2373.5,6042.5,,,Mendeley 10.17632/37wyv32y8j.1,bipolar potential,-1.081010869,-1.27338688,-1.670877566,1.557313366,0.200803723,0.511209814,3.685957,0,-1.382221737,-1.687541457,-1.418850512,0.916655577,0.959403399,0.789517088,0.142608957,0.0
external_public,external_mat_bipolar_20260718,external_vl_vm_window,external_vl_vm_angle_features,ext_mat_11,ext_mat_11_trial_02,ext_mat_11_trial_02_w13,window_5s,stable squatting 2,unknown,stable,stable squatting 2,5.0,11820.0,0.088983,0.062474,270.870887,1800.5,5563.5,,,Mendeley 10.17632/37wyv32y8j.1,bipolar potential,-1.050692956,-1.204300687,-1.639855147,1.424320517,0.152326565,0.470685279,3.682977,0,-1.164362434,-1.161444378,-1.195297412,-0.32870463,-0.201630806,0.1405523,0.134374718,0.0
external_public,external_mat_bipolar_20260718,external_vl_vm_window,external_vl_vm_angle_features,ext_mat_11,ext_mat_11_trial_02,ext_mat_11_trial_02_w14,window_5s,stable squatting 2,unknown,stable,stable squatting 2,5.0,11820.0,0.07323,0.048419,243.851429,2406.5,6028.5,,,Mendeley 10.17632/37wyv32y8j.1,bipolar potential,-1.135310966,-1.314984184,-1.685492172,1.512422809,0.203595601,0.510025381,3.692375,0,-1.772412887,-2.00430837,-1.524165977,0.496295281,1.026269238,0.770549435,0.160342966,0.0
external_public,external_mat_bipolar_20260718,external_vl_vm_window,external_vl_vm_angle_features,ext_mat_11,ext_mat_11_trial_02,ext_mat_11_trial_02_w15,window_5s,stable squatting 2,unknown,stable,stable squatting 2,5.0,11820.0,0.078257,0.051766,252.669843,2278.5,5991.5,,,Mendeley 10.17632/37wyv32y8j.1,bipolar potential,-1.106476805,-1.285955392,-1.670064066,1.511745161,0.192766497,0.506895093,3.6044,0,-1.56521557,-1.783251716,-1.412988285,0.489949708,0.766910796,0.720420626,-0.082746688,0.0
external_public,external_mat_bipolar_20260718,external_vl_vm_window,external_vl_vm_angle_features,ext_mat_11,ext_mat_11_trial_02,ext_mat_11_trial_02_w16,window_5s,stable squatting 2,unknown,stable,stable squatting 2,5.0,11820.0,0.088208,0.060284,263.570487,1916.0,5660.5,,,Mendeley 10.17632/37wyv32y8j.1,bipolar potential,-1.054492025,-1.219797939,-1.651720698,1.463207485,0.162098139,0.478891709,3.61103,0,-1.19166189,-1.279457235,-1.280802695,0.035437374,0.032399655,0.271971059,-0.064426888,0.0
external_public,external_mat_bipolar_20260718,external_vl_vm_window,external_vl_vm_angle_features,ext_mat_11,ext_mat_11_trial_02,ext_mat_11_trial_02_w17,window_5s,stable squatting 2,unknown,stable,stable squatting 2,5.0,11819.0,0.074881,0.049127,239.495139,2317.5,6027.0,,,Mendeley 10.17632/37wyv32y8j.1,bipolar potential,-1.125628364,-1.308679756,-1.69328403,1.52423311,0.196082579,0.509941619,3.704991,0,-1.702835376,-1.956299629,-1.580315499,0.606888287,0.846331389,0.76920806,0.195203086,0.0
external_public,external_mat_bipolar_20260718,external_vl_vm_window,external_vl_vm_angle_features,ext_mat_11,ext_mat_11_trial_02,ext_mat_11_trial_02_w18,window_5s,stable squatting 2,unknown,stable,stable squatting 2,5.0,11819.0,0.078441,0.050491,236.898955,2265.0,5944.5,,,Mendeley 10.17632/37wyv32y8j.1,bipolar potential,-1.105456878,-1.296786028,-1.698017588,1.553564002,0.191640579,0.502961333,3.716979,0,-1.55788655,-1.865727906,-1.614426365,0.881546105,0.739944915,0.657424919,0.228327937,0.0
external_public,external_mat_bipolar_20260718,external_vl_vm_window,external_vl_vm_angle_features,ext_mat_11,ext_mat_11_trial_03,ext_mat_11_trial_03_w01,window_5s,unstable BOSU squatting,unknown,unstable,unstable BOSU squatting,5.0,11868.0,0.080574,0.060463,534.470437,3115.5,6777.5,,,Mendeley 10.17632/37wyv32y8j.1,bipolar potential,-1.093805076,-1.218510308,-1.346453849,1.332616642,0.262512639,0.571073475,3.514754,0,-1.474158707,-1.269651819,0.919004818,-1.187430176,2.437339919,1.74818097,-0.330453594,0.0
external_public,external_mat_bipolar_20260718,external_vl_vm_window,external_vl_vm_angle_features,ext_mat_11,ext_mat_11_trial_03,ext_mat_11_trial_03_w02,window_5s,unstable BOSU squatting,unknown,unstable,unstable BOSU squatting,5.0,11868.0,0.083495,0.062627,533.213845,3062.5,6785.5,,,Mendeley 10.17632/37wyv32y8j.1,bipolar potential,-1.078339531,-1.203238392,-1.34747612,1.333210915,0.258046849,0.571747556,3.438843,0,-1.363025962,-1.153354914,0.91163815,-1.181865335,2.330383671,1.758975784,-0.540208396,0.0
external_public,external_mat_bipolar_20260718,external_vl_vm_window,external_vl_vm_angle_features,ext_mat_11,ext_mat_11_trial_03,ext_mat_11_trial_03_w03,window_5s,unstable BOSU squatting,unknown,unstable,unstable BOSU squatting,5.0,11868.0,0.091607,0.06829,549.664494,2911.5,6710.0,,,Mendeley 10.17632/37wyv32y8j.1,bipolar potential,-1.038071339,-1.165642887,-1.334279853,1.341440914,0.245323559,0.565385912,3.418869,0,-1.073665667,-0.867062031,1.00673281,-1.104798686,2.02565923,1.65709965,-0.595399902,0.0
external_public,external_mat_bipolar_20260718,external_vl_vm_window,external_vl_vm_angle_features,ext_mat_11,ext_mat_11_trial_03,ext_mat_11_trial_03_w04,window_5s,unstable BOSU squatting,unknown,unstable,unstable BOSU squatting,5.0,11868.0,0.083866,0.062207,537.713716,3136.5,6749.0,,,Mendeley 10.17632/37wyv32y8j.1,bipolar potential,-1.07641407,-1.206160742,-1.343826423,1.34817625,0.264282103,0.568672059,3.433091,0,-1.349189931,-1.175608851,0.937938519,-1.041728232,2.479718811,1.709724404,-0.556102135,0.0
external_public,external_mat_bipolar_20260718,external_vl_vm_window,external_vl_vm_angle_features,ext_mat_11,ext_mat_11_trial_03,ext_mat_11_trial_03_w05,window_5s,unstable BOSU squatting,unknown,unstable,unstable BOSU squatting,5.0,11868.0,0.09033,0.06707,545.063542,3017.5,6651.5,,,Mendeley 10.17632/37wyv32y8j.1,bipolar potential,-1.04416799,-1.173471694,-1.337930404,1.346801849,0.25425514,0.56045669,3.672842,0,-1.117475151,-0.926679045,0.980426287,-1.054598279,2.23957175,1.578162495,0.106370017,0.0
external_public,external_mat_bipolar_20260718,external_vl_vm_window,external_vl_vm_angle_features,ext_mat_11,ext_mat_11_trial_03,ext_mat_11_trial_03_w06,window_5s,unstable BOSU squatting,unknown,unstable,unstable BOSU squatting,5.0,11868.0,0.088721,0.065595,554.965093,3053.5,6682.0,,,Mendeley 10.17632/37wyv32y8j.1,bipolar potential,-1.051973572,-1.183129264,-1.330111871,1.35255736,0.257288507,0.563026626,3.479435,0,-1.17356472,-1.00022224,1.036768034,-1.000703018,2.312221282,1.61931776,-0.428045904,0.0
external_public,external_mat_bipolar_20260718,external_vl_vm_window,external_vl_vm_angle_features,ext_mat_11,ext_mat_11_trial_03,ext_mat_11_trial_03_w07,window_5s,unstable BOSU squatting,unknown,unstable,unstable BOSU squatting,5.0,11868.0,0.07974,0.059728,530.90313,3220.5,6755.0,,,Mendeley 10.17632/37wyv32y8j.1,bipolar potential,-1.098323769,-1.223822027,-1.349362252,1.335052237,0.27135996,0.56917762,3.498487,0,-1.506629257,-1.310100998,0.898046346,-1.164622986,2.649234401,1.717820519,-0.375402038,0.0
external_public,external_mat_bipolar_20260718,external_vl_vm_window,external_vl_vm_angle_features,ext_mat_11,ext_mat_11_trial_03,ext_mat_11_trial_03_w08,window_5s,unstable BOSU squatting,unknown,unstable,unstable BOSU squatting,5.0,11868.0,0.0854,0.064005,534.584854,3013.5,6646.5,,,Mendeley 10.17632/37wyv32y8j.1,bipolar potential,-1.068542129,-1.193786098,-1.346360888,1.33427076,0.253918099,0.560035389,3.497166,0,-1.292623518,-1.081374913,0.919674711,-1.171940826,2.231499574,1.57141573,-0.379052183,0.0
external_public,external_mat_bipolar_20260718,external_vl_vm_window,external_vl_vm_angle_features,ext_mat_11,ext_mat_11_trial_03,ext_mat_11_trial_03_w09,window_5s,unstable BOSU squatting,unknown,unstable,unstable BOSU squatting,5.0,11868.0,0.087498,0.063594,540.157571,3169.5,6808.5,,,Mendeley 10.17632/37wyv32y8j.1,bipolar potential,-1.058001874,-1.196583857,-1.34185707,1.375884517,0.26706269,0.573685541,3.59438,0,-1.21688306,-1.102680079,0.952130029,-0.782264859,2.546314229,1.790010909,-0.110433625,0.0
external_public,external_mat_bipolar_20260718,external_vl_vm_window,external_vl_vm_angle_features,ext_mat_11,ext_mat_11_trial_03,ext_mat_11_trial_03_w10,window_5s,unstable BOSU squatting,unknown,unstable,unstable BOSU squatting,5.0,11868.0,0.081357,0.060873,527.318083,3188.0,6734.0,,,Mendeley 10.17632/37wyv32y8j.1,bipolar potential,-1.089605074,-1.215575294,-1.352304873,1.336503869,0.268621503,0.567408156,3.644019,0,-1.443978215,-1.247301444,0.876841292,-1.151029739,2.583648002,1.689484109,0.026727242,0.0
external_public,external_mat_bipolar_20260718,external_vl_vm_window,external_vl_vm_angle_features,ext_mat_11,ext_mat_11_trial_03,ext_mat_11_trial_03_w11,window_5s,unstable BOSU squatting,unknown,unstable,unstable BOSU squatting,5.0,11868.0,0.090908,0.068411,552.581286,2946.0,6680.5,,,Mendeley 10.17632/37wyv32y8j.1,bipolar potential,-1.041397897,-1.164874061,-1.331981365,1.328850623,0.248230536,0.562900236,3.493943,0,-1.09756974,-0.861207358,1.023296126,-1.222695607,2.095281705,1.617293735,-0.387957871,0.0
external_public,external_mat_bipolar_20260718,external_vl_vm_window,external_vl_vm_angle_features,ext_mat_11,ext_mat_11_trial_03,ext_mat_11_trial_03_w12,window_5s,unstable BOSU squatting,unknown,unstable,unstable BOSU squatting,5.0,11868.0,0.089065,0.066186,547.134355,3021.5,6613.5,,,Mendeley 10.17632/37wyv32y8j.1,bipolar potential,-1.050292928,-1.179233865,-1.336283552,1.345677334,0.254592181,0.557254803,3.582797,0,-1.161487901,-0.970558454,0.992293797,-1.065128366,2.247643925,1.526887091,-0.142439393,0.0
external_public,external_mat_bipolar_20260718,external_vl_vm_window,external_vl_vm_angle_features,ext_mat_11,ext_mat_11_trial_03,ext_mat_11_trial_03_w13,window_5s,unstable BOSU squatting,unknown,unstable,unstable BOSU squatting,5.0,11867.0,0.080884,0.059561,533.696978,3303.0,6915.0,,,Mendeley 10.17632/37wyv32y8j.1,bipolar potential,-1.092137379,-1.225038019,-1.347046199,1.35800272,0.278334878,0.582708351,3.430909,0,-1.462174923,-1.319360878,0.914736238,-0.949712046,2.81628459,1.934503276,-0.562131366,0.0
external_public,external_mat_bipolar_20260718,external_vl_vm_window,external_vl_vm_angle_features,ext_mat_11,ext_mat_11_trial_03,ext_mat_11_trial_03_w14,window_5s,unstable BOSU squatting,unknown,unstable,unstable BOSU squatting,5.0,11867.0,0.091176,0.068377,562.92385,3025.5,6573.0,,,Mendeley 10.17632/37wyv32y8j.1,bipolar potential,-1.040119465,-1.165089958,-1.323891293,1.333430832,0.254950704,0.553888936,3.629565,0,-1.088383148,-0.862851431,1.081594632,-1.179806008,2.256230598,1.472985691,-0.01321158,0.0
external_public,external_mat_bipolar_20260718,external_vl_vm_window,external_vl_vm_angle_features,ext_mat_11,ext_mat_11_trial_03,ext_mat_11_trial_03_w15,window_5s,unstable BOSU squatting,unknown,unstable,unstable BOSU squatting,5.0,11867.0,0.08751,0.065236,548.768855,3114.0,6745.5,,,Mendeley 10.17632/37wyv32y8j.1,bipolar potential,-1.057942316,-1.185512676,-1.334951487,1.341437243,0.262408359,0.568425044,3.562046,0,-1.216455087,-1.018372119,1.001892896,-1.104833062,2.4348424,1.705768676,-0.199777881,0.0
external_public,external_mat_bipolar_20260718,external_vl_vm_window,external_vl_vm_angle_features,ext_mat_11,ext_mat_11_trial_03,ext_mat_11_trial_03_w16,window_5s,unstable BOSU squatting,unknown,unstable,unstable BOSU squatting,5.0,11867.0,0.088198,0.064814,545.305395,3130.5,6840.5,,,Mendeley 10.17632/37wyv32y8j.1,bipolar potential,-1.054541263,-1.188331175,-1.337701148,1.36078625,0.26379877,0.576430437,3.568111,0,-1.192015705,-1.039835223,0.982078347,-0.923646753,2.468142923,1.833968005,-0.18301927,0.0
external_public,external_mat_bipolar_20260718,external_vl_vm_window,external_vl_vm_angle_features,ext_mat_11,ext_mat_11_trial_03,ext_mat_11_trial_03_w17,window_5s,unstable BOSU squatting,unknown,unstable,unstable BOSU squatting,5.0,11867.0,0.09204,0.069213,574.283205,3009.0,6746.5,,,Mendeley 10.17632/37wyv32y8j.1,bipolar potential,-1.03602339,-1.159812326,-1.315214827,1.329807984,0.253560293,0.568509312,3.251859,0,-1.058949458,-0.822661827,1.144118798,-1.21373077,2.222930074,1.707118154,-1.056876492,0.0
external_public,external_mat_bipolar_20260718,external_vl_vm_window,external_vl_vm_angle_features,ext_mat_11,ext_mat_11_trial_03,ext_mat_11_trial_03_w18,window_5s,unstable BOSU squatting,unknown,unstable,unstable BOSU squatting,5.0,11867.0,0.088517,0.064189,549.956701,3261.0,6787.0,,,Mendeley 10.17632/37wyv32y8j.1,bipolar potential,-1.052973314,-1.19253939,-1.334012444,1.379005749,0.274795652,0.571922137,3.6509,0,-1.180748694,-1.071881128,1.008659807,-0.753037286,2.731519669,1.761771545,0.045740597,0.0
external_public,external_mat_bipolar_20260718,external_vl_vm_window,external_vl_vm_angle_features,ext_mat_12,ext_mat_12_trial_01,ext_mat_12_trial_01_w01,window_5s,stable squatting 1,unknown,stable,stable squatting 1,5.0,11910.0,0.112766,0.085552,651.027975,2551.5,6233.5,,,Mendeley 10.17632/37wyv32y8j.1,bipolar potential,-0.947821824,-1.067769833,-1.262312111,1.318098934,0.214231738,0.523383711,3.460848,0,-0.425148188,-0.121750623,1.525345231,-1.323375649,1.281006095,0.984471342,-0.479404897,0.0
external_public,external_mat_bipolar_20260718,external_vl_vm_window,external_vl_vm_angle_features,ext_mat_12,ext_mat_12_trial_01,ext_mat_12_trial_01_w02,window_5s,stable squatting 1,unknown,stable,stable squatting 1,5.0,11910.0,0.118942,0.089078,646.320378,2458.0,6156.0,,,Mendeley 10.17632/37wyv32y8j.1,bipolar potential,-0.924664763,-1.050229542,-1.265463912,1.335256741,0.206381192,0.516876574,3.460501,0,-0.258745534,0.011820144,1.502632789,-1.162707987,1.092984503,0.880265265,-0.480363716,0.0
external_public,external_mat_bipolar_20260718,external_vl_vm_window,external_vl_vm_angle_features,ext_mat_12,ext_mat_12_trial_01,ext_mat_12_trial_01_w03,window_5s,stable squatting 1,unknown,stable,stable squatting 1,5.0,11910.0,0.116678,0.088059,655.342631,2571.0,6174.5,,,Mendeley 10.17632/37wyv32y8j.1,bipolar potential,-0.933011024,-1.055226251,-1.259443341,1.324998013,0.215869018,0.518429891,3.590161,0,-0.318720328,-0.026230208,1.546018101,-1.258771887,1.320219163,0.905140271,-0.122091429,0.0
external_public,external_mat_bipolar_20260718,external_vl_vm_window,external_vl_vm_angle_features,ext_mat_12,ext_mat_12_trial_01,ext_mat_12_trial_01_w04,window_5s,stable squatting 1,unknown,stable,stable squatting 1,5.0,11910.0,0.112098,0.082138,625.93241,2635.5,6351.5,,,Mendeley 10.17632/37wyv32y8j.1,bipolar potential,-0.950402136,-1.085455876,-1.279384322,1.364752003,0.221284635,0.533291352,3.657354,0,-0.443689866,-0.256431305,1.402319825,-0.88651099,1.44992389,1.143133499,0.06357408,0.0
external_public,external_mat_bipolar_20260718,external_vl_vm_window,external_vl_vm_angle_features,ext_mat_12,ext_mat_12_trial_01,ext_mat_12_trial_01_w05,window_5s,stable squatting 1,unknown,stable,stable squatting 1,5.0,11910.0,0.120153,0.091015,654.064853,2413.0,6061.5,,,Mendeley 10.17632/37wyv32y8j.1,bipolar potential,-0.920265381,-1.040887027,-1.260290949,1.320145031,0.202602855,0.508942065,3.863183,0,-0.227132332,0.08296417,1.539910086,-1.304215764,1.002492843,0.753201082,0.632314066,0.0
external_public,external_mat_bipolar_20260718,external_vl_vm_window,external_vl_vm_angle_features,ext_mat_12,ext_mat_12_trial_01,ext_mat_12_trial_01_w06,window_5s,stable squatting 1,unknown,stable,stable squatting 1,5.0,11910.0,0.114374,0.083851,628.351331,2564.0,6271.5,,,Mendeley 10.17632/37wyv32y8j.1,bipolar potential,-0.94167269,-1.076491754,-1.277709222,1.36401474,0.215281276,0.526574307,3.856777,0,-0.380961569,-0.188168774,1.414390895,-0.893414805,1.306142666,1.03556593,0.614613216,0.0
external_public,external_mat_bipolar_20260718,external_vl_vm_window,external_vl_vm_angle_features,ext_mat_12,ext_mat_12_trial_01,ext_mat_12_trial_01_w07,window_5s,stable squatting 1,unknown,stable,stable squatting 1,5.0,11910.0,0.119046,0.089893,635.424263,2340.5,6053.0,,,Mendeley 10.17632/37wyv32y8j.1,bipolar potential,-0.924285193,-1.046274126,-1.272847968,1.324307788,0.196515533,0.50822838,3.566632,0,-0.256018009,0.041940965,1.449421961,-1.265235232,0.856700694,0.741772044,-0.187105995,0.0
external_public,external_mat_bipolar_20260718,external_vl_vm_window,external_vl_vm_angle_features,ext_mat_12,ext_mat_12_trial_01,ext_mat_12_trial_01_w08,window_5s,stable squatting 1,unknown,stable,stable squatting 1,5.0,11910.0,0.109259,0.0819,642.585585,2621.0,6310.0,,,Mendeley 10.17632/37wyv32y8j.1,bipolar potential,-0.961542779,-1.086716098,-1.267980783,1.334053724,0.22006717,0.529806885,3.774923,0,-0.523744608,-0.266028,1.484495767,-1.173973176,1.420765446,1.087332824,0.38843691,0.0
external_public,external_mat_bipolar_20260718,external_vl_vm_window,external_vl_vm_angle_features,ext_mat_12,ext_mat_12_trial_01,ext_mat_12_trial_01_w09,window_5s,stable squatting 1,unknown,stable,stable squatting 1,5.0,11910.0,0.118986,0.089005,633.760741,2393.0,6210.0,,,Mendeley 10.17632/37wyv32y8j.1,bipolar potential,-0.924504135,-1.050585595,-1.273986429,1.336846245,0.200923594,0.521410579,4.020369,0,-0.257591289,0.009108771,1.441218007,-1.147823691,0.962274325,0.952873368,1.0666453,0.0
external_public,external_mat_bipolar_20260718,external_vl_vm_window,external_vl_vm_angle_features,ext_mat_12,ext_mat_12_trial_01,ext_mat_12_trial_01_w10,window_5s,stable squatting 1,unknown,stable,stable squatting 1,5.0,11910.0,0.113088,0.085213,643.725191,2539.0,6073.5,,,Mendeley 10.17632/37wyv32y8j.1,bipolar potential,-0.946583477,-1.069494145,-1.267211257,1.327121449,0.2131822,0.509949622,3.678301,0,-0.416249639,-0.134881402,1.490041109,-1.23888779,1.255869524,0.769336221,0.121454148,0.0
external_public,external_mat_bipolar_20260718,external_vl_vm_window,external_vl_vm_angle_features,ext_mat_12,ext_mat_12_trial_01,ext_mat_12_trial_01_w11,window_5s,stable squatting 1,unknown,stable,stable squatting 1,5.0,11910.0,0.118052,0.090108,623.104969,2342.5,6087.0,,,Mendeley 10.17632/37wyv32y8j.1,bipolar potential,-0.927926651,-1.04523665,-1.281350547,1.310116749,0.196683459,0.511083123,3.758382,0,-0.282184899,0.04984143,1.388150856,-1.39812174,0.860722543,0.787488243,0.342731358,0.0
external_public,external_mat_bipolar_20260718,external_vl_vm_window,external_vl_vm_angle_features,ext_mat_12,ext_mat_12_trial_01,ext_mat_12_trial_01_w12,window_5s,stable squatting 1,unknown,stable,stable squatting 1,5.0,11910.0,0.106776,0.079935,634.433149,2702.5,6173.5,,,Mendeley 10.17632/37wyv32y8j.1,bipolar potential,-0.971526353,-1.097263021,-1.273525895,1.335785326,0.22691016,0.518345928,3.799993,0,-0.595484853,-0.346343691,1.444536698,-1.157758257,1.584655942,0.903795677,0.457709517,0.0
external_public,external_mat_bipolar_20260718,external_vl_vm_window,external_vl_vm_angle_features,ext_mat_12,ext_mat_12_trial_01,ext_mat_12_trial_01_w13,window_5s,stable squatting 1,unknown,stable,stable squatting 1,5.0,11910.0,0.121372,0.092495,625.679969,2244.0,6120.0,,,Mendeley 10.17632/37wyv32y8j.1,bipolar potential,-0.915881492,-1.033881743,-1.27955951,1.312200659,0.188413098,0.513853904,3.416267,0,-0.19563046,0.136309987,1.401057389,-1.378607769,0.662646327,0.831859864,-0.602589664,0.0
external_public,external_mat_bipolar_20260718,external_vl_vm_window,external_vl_vm_angle_features,ext_mat_12,ext_mat_12_trial_01,ext_mat_12_trial_01_w14,window_5s,stable squatting 1,unknown,stable,stable squatting 1,5.0,11910.0,0.097719,0.074272,632.352568,2783.5,6301.5,,,Mendeley 10.17632/37wyv32y8j.1,bipolar potential,-1.010020986,-1.129174881,-1.274952475,1.315690974,0.233711167,0.529093199,3.507149,0,-0.872100659,-0.589355147,1.434256507,-1.345924061,1.747540939,1.07590377,-0.351467482,0.0
external_public,external_mat_bipolar_20260718,external_vl_vm_window,external_vl_vm_angle_features,ext_mat_12,ext_mat_12_trial_01,ext_mat_12_trial_01_w15,window_5s,stable squatting 1,unknown,stable,stable squatting 1,5.0,11910.0,0.121418,0.090108,630.174087,2351.0,6215.0,,,Mendeley 10.17632/37wyv32y8j.1,bipolar potential,-0.915716925,-1.04523665,-1.276451221,1.347471923,0.197397145,0.521830395,3.453011,0,-0.19444791,0.04984143,1.423456275,-1.04832363,0.877815415,0.959596352,-0.50105984,0.0
external_public,external_mat_bipolar_20260718,external_vl_vm_window,external_vl_vm_angle_features,ext_mat_12,ext_mat_12_trial_01,ext_mat_12_trial_01_w16,window_5s,stable squatting 1,unknown,stable,stable squatting 1,5.0,11910.0,0.10509,0.079201,632.628237,2770.5,6312.5,,,Mendeley 10.17632/37wyv32y8j.1,bipolar potential,-0.978438608,-1.101269335,-1.274763189,1.326877186,0.232619647,0.530016793,3.611182,0,-0.645155127,-0.376852104,1.435620536,-1.241175096,1.721398894,1.090694316,-0.064006886,0.0
external_public,external_mat_bipolar_20260718,external_vl_vm_window,external_vl_vm_angle_features,ext_mat_12,ext_mat_12_trial_01,ext_mat_12_trial_01_w17,window_5s,stable squatting 1,unknown,stable,stable squatting 1,5.0,11909.0,0.119833,0.088705,629.669567,2446.0,6270.5,,,Mendeley 10.17632/37wyv32y8j.1,bipolar potential,-0.921423568,-1.0520519,-1.276762592,1.350915957,0.205390881,0.526534554,3.723766,0,-0.235454864,-0.002057263,1.42121248,-1.016073303,1.069266426,1.034929321,0.247081554,0.0
external_public,external_mat_bipolar_20260718,external_vl_vm_window,external_vl_vm_angle_features,ext_mat_12,ext_mat_12_trial_01,ext_mat_12_trial_01_w18,window_5s,stable squatting 1,unknown,stable,stable squatting 1,5.0,11909.0,0.116906,0.087171,636.971903,2530.5,6133.5,,,Mendeley 10.17632/37wyv32y8j.1,bipolar potential,-0.932163199,-1.059627972,-1.271755019,1.341111149,0.212486355,0.515030649,3.605504,0,-0.312628004,-0.059749678,1.457297947,-1.107886643,1.239203946,0.8507044,-0.079696151,0.0
external_public,external_mat_bipolar_20260718,external_vl_vm_window,external_vl_vm_angle_features,ext_mat_12,ext_mat_12_trial_02,ext_mat_12_trial_02_w01,window_5s,stable squatting 2,unknown,stable,stable squatting 2,5.0,11918.0,0.096487,0.073979,623.775707,2703.0,6320.5,,,Mendeley 10.17632/37wyv32y8j.1,bipolar potential,-1.015531197,-1.130891543,-1.281174924,1.304248503,0.226799799,0.530332271,3.422832,0,-0.911696086,-0.60242767,1.389416427,-1.453072665,1.582012782,1.095746419,-0.584449469,0.0
external_public,external_mat_bipolar_20260718,external_vl_vm_window,external_vl_vm_angle_features,ext_mat_12,ext_mat_12_trial_02,ext_mat_12_trial_02_w02,window_5s,stable squatting 2,unknown,stable,stable squatting 2,5.0,11918.0,0.101488,0.077438,628.983322,2732.5,6175.5,,,Mendeley 10.17632/37wyv32y8j.1,bipolar potential,-0.993585306,-1.111045872,-1.277564251,1.310571037,0.229275046,0.5181658,3.391741,0,-0.753996691,-0.451301243,1.415435582,-1.393867735,1.641295267,0.900911086,-0.670359108,0.0
external_public,external_mat_bipolar_20260718,external_vl_vm_window,external_vl_vm_angle_features,ext_mat_12,ext_mat_12_trial_02,ext_mat_12_trial_02_w03,window_5s,stable squatting 2,unknown,stable,stable squatting 2,5.0,11918.0,0.1048,0.078653,606.012461,2635.0,6293.5,,,Mendeley 10.17632/37wyv32y8j.1,bipolar potential,-0.979638717,-1.104284708,-1.293721827,1.332434872,0.221094143,0.52806679,3.523592,0,-0.653778904,-0.399814419,1.2990012,-1.189132291,1.445361582,1.059466733,-0.30603272,0.0
external_public,external_mat_bipolar_20260718,external_vl_vm_window,external_vl_vm_angle_features,ext_mat_12,ext_mat_12_trial_02,ext_mat_12_trial_02_w04,window_5s,stable squatting 2,unknown,stable,stable squatting 2,5.0,11918.0,0.103243,0.078603,639.711317,2727.0,6280.5,,,Mendeley 10.17632/37wyv32y8j.1,bipolar potential,-0.986139384,-1.104560878,-1.270219347,1.31347404,0.228813559,0.526976003,3.716948,0,-0.700491578,-0.401917477,1.468364274,-1.366683684,1.630242594,1.041998739,0.228242279,0.0
external_public,external_mat_bipolar_20260718,external_vl_vm_window,external_vl_vm_angle_features,ext_mat_12,ext_mat_12_trial_02,ext_mat_12_trial_02_w05,window_5s,stable squatting 2,unknown,stable,stable squatting 2,5.0,11918.0,0.111931,0.085354,636.421582,2569.5,6099.0,,,Mendeley 10.17632/37wyv32y8j.1,bipolar potential,-0.951049616,-1.068776121,-1.272458482,1.311373808,0.215598255,0.511746937,3.753497,0,-0.448342545,-0.12941359,1.452228667,-1.386350496,1.313734354,0.79811864,0.329233285,0.0
external_public,external_mat_bipolar_20260718,external_vl_vm_window,external_vl_vm_angle_features,ext_mat_12,ext_mat_12_trial_02,ext_mat_12_trial_02_w06,window_5s,stable squatting 2,unknown,stable,stable squatting 2,5.0,11918.0,0.106145,0.07922,620.882269,2638.0,6357.5,,,Mendeley 10.17632/37wyv32y8j.1,bipolar potential,-0.974100459,-1.101165162,-1.283194124,1.339876294,0.221345863,0.533436818,3.7616,0,-0.613981935,-0.376058818,1.37486571,-1.119449966,1.451390309,1.145463009,0.35162323,0.0
external_public,external_mat_bipolar_20260718,external_vl_vm_window,external_vl_vm_angle_features,ext_mat_12,ext_mat_12_trial_02,ext_mat_12_trial_02_w07,window_5s,stable squatting 2,unknown,stable,stable squatting 2,5.0,11918.0,0.106123,0.080084,636.465094,2673.0,6155.5,,,Mendeley 10.17632/37wyv32y8j.1,bipolar potential,-0.974190481,-1.096454243,-1.272428791,1.325146097,0.224282598,0.516487666,3.718764,0,-0.614628818,-0.34018478,1.452442626,-1.257385211,1.521725492,0.874037246,0.233260191,0.0
external_public,external_mat_bipolar_20260718,external_vl_vm_window,external_vl_vm_angle_features,ext_mat_12,ext_mat_12_trial_02,ext_mat_12_trial_02_w08,window_5s,stable squatting 2,unknown,stable,stable squatting 2,5.0,11918.0,0.113556,0.086802,630.409984,2465.0,6001.0,,,Mendeley 10.17632/37wyv32y8j.1,bipolar potential,-0.944789914,-1.061470268,-1.276580298,1.308218705,0.206830005,0.503524081,3.541313,0,-0.403361404,-0.073778914,1.422526124,-1.415895241,1.103733632,0.666436833,-0.257066631,0.0
external_public,external_mat_bipolar_20260718,external_vl_vm_window,external_vl_vm_angle_features,ext_mat_12,ext_mat_12_trial_02,ext_mat_12_trial_02_w09,window_5s,stable squatting 2,unknown,stable,stable squatting 2,5.0,11917.0,0.112531,0.082348,614.902742,2697.0,6261.5,,,Mendeley 10.17632/37wyv32y8j.1,bipolar potential,-0.948727822,-1.084346944,-1.28736051,1.366529849,0.226315348,0.525425862,3.916186,0,-0.431658533,-0.247986696,1.344841988,-0.869863037,1.570410117,1.017174594,0.778770229,0.0
external_public,external_mat_bipolar_20260718,external_vl_vm_window,external_vl_vm_angle_features,ext_mat_12,ext_mat_12_trial_02,ext_mat_12_trial_02_w10,window_5s,stable squatting 2,unknown,stable,stable squatting 2,5.0,11917.0,0.103387,0.077309,625.332662,2810.5,6327.5,,,Mendeley 10.17632/37wyv32y8j.1,bipolar potential,-0.985534066,-1.111769944,-1.280055826,1.337321657,0.235839557,0.530964169,3.723279,0,-0.696141867,-0.456815111,1.397480847,-1.143371879,1.798516155,1.10586571,0.245735892,0.0
external_public,external_mat_bipolar_20260718,external_vl_vm_window,external_vl_vm_angle_features,ext_mat_12,ext_mat_12_trial_02,ext_mat_12_trial_02_w11,window_5s,stable squatting 2,unknown,stable,stable squatting 2,5.0,11917.0,0.113609,0.085996,619.751559,2476.0,6048.5,,,Mendeley 10.17632/37wyv32y8j.1,bipolar potential,-0.944587263,-1.065521749,-1.283949311,1.32109633,0.207770412,0.507552236,3.928902,0,-0.401905189,-0.104631278,1.369423698,-1.295307691,1.126256501,0.730944193,0.813906666,0.0
external_public,external_mat_bipolar_20260718,external_vl_vm_window,external_vl_vm_angle_features,ext_mat_12,ext_mat_12_trial_02,ext_mat_12_trial_02_w12,window_5s,stable squatting 2,unknown,stable,stable squatting 2,5.0,11917.0,0.10519,0.078725,604.569683,2645.5,6278.0,,,Mendeley 10.17632/37wyv32y8j.1,bipolar potential,-0.978025545,-1.103887331,-1.294720574,1.336170213,0.22199379,0.526810439,3.847613,0,-0.642186927,-0.39678836,1.29180405,-1.154154131,1.466908244,1.039347377,0.589291549,0.0
external_public,external_mat_bipolar_20260718,external_vl_vm_window,external_vl_vm_angle_features,ext_mat_12,ext_mat_12_trial_02,ext_mat_12_trial_02_w13,window_5s,stable squatting 2,unknown,stable,stable squatting 2,5.0,11917.0,0.100262,0.075054,608.5887,2788.0,6261.5,,,Mendeley 10.17632/37wyv32y8j.1,bipolar potential,-0.998863636,-1.124626157,-1.291843055,1.335864844,0.233951498,0.525425862,3.71564,0,-0.791925862,-0.554716237,1.312539967,-1.157013642,1.753296898,1.017174594,0.224628056,0.0
external_public,external_mat_bipolar_20260718,external_vl_vm_window,external_vl_vm_angle_features,ext_mat_12,ext_mat_12_trial_02,ext_mat_12_trial_02_w14,window_5s,stable squatting 2,unknown,stable,stable squatting 2,5.0,11917.0,0.114664,0.086266,615.323174,2494.0,6188.5,,,Mendeley 10.17632/37wyv32y8j.1,bipolar potential,-0.940572912,-1.064160339,-1.287063668,1.329191107,0.209280859,0.519300159,3.810024,0,-0.373058754,-0.094264028,1.346981084,-1.219507276,1.162431902,0.919076848,0.485426849,0.0
external_public,external_mat_bipolar_20260718,external_vl_vm_window,external_vl_vm_angle_features,ext_mat_12,ext_mat_12_trial_02,ext_mat_12_trial_02_w15,window_5s,stable squatting 2,unknown,stable,stable squatting 2,5.0,11917.0,0.097598,0.071744,597.58774,2904.5,6446.5,,,Mendeley 10.17632/37wyv32y8j.1,bipolar potential,-1.010559082,-1.144214413,-1.29976526,1.36036463,0.243727448,0.540949903,3.985436,0,-0.875967324,-0.703882428,1.255451141,-0.927594851,1.987432165,1.265778457,0.970119572,0.0
external_public,external_mat_bipolar_20260718,external_vl_vm_window,external_vl_vm_angle_features,ext_mat_12,ext_mat_12_trial_02,ext_mat_12_trial_02_w16,window_5s,stable squatting 2,unknown,stable,stable squatting 2,5.0,11917.0,0.100688,0.072376,603.077247,2949.0,6422.0,,,Mendeley 10.17632/37wyv32y8j.1,bipolar potential,-0.997022286,-1.140405423,-1.295793996,1.391179396,0.247461609,0.538894017,4.151922,0,-0.778694238,-0.674876654,1.284068779,-0.639041867,2.076865804,1.232855251,1.430148263,0.0
external_public,external_mat_bipolar_20260718,external_vl_vm_window,external_vl_vm_angle_features,ext_mat_12,ext_mat_12_trial_02,ext_mat_12_trial_02_w17,window_5s,stable squatting 2,unknown,stable,stable squatting 2,5.0,11917.0,0.111382,0.083675,619.849418,2550.5,6094.5,,,Mendeley 10.17632/37wyv32y8j.1,bipolar potential,-0.953184988,-1.077404279,-1.283880742,1.331126382,0.214021985,0.511412268,3.835897,0,-0.463686961,-0.195117727,1.369917818,-1.20138514,1.275982483,0.792759211,0.55691828,0.0
external_public,external_mat_bipolar_20260718,external_vl_vm_window,external_vl_vm_angle_features,ext_mat_12,ext_mat_12_trial_02,ext_mat_12_trial_02_w18,window_5s,stable squatting 2,unknown,stable,stable squatting 2,5.0,11917.0,0.112198,0.083522,627.067159,2532.5,6167.5,,,Mendeley 10.17632/37wyv32y8j.1,bipolar potential,-0.950014885,-1.078199115,-1.278852883,1.34333469,0.212511538,0.517537971,3.909178,0,-0.440907147,-0.201170469,1.40614947,-1.087065152,1.239807082,0.890856957,0.759405951,0.0
external_public,external_mat_bipolar_20260718,external_vl_vm_window,external_vl_vm_angle_features,ext_mat_12,ext_mat_12_trial_03,ext_mat_12_trial_03_w01,window_5s,unstable BOSU squatting,unknown,unstable,unstable BOSU squatting,5.0,11840.0,0.090831,0.066881,335.752646,1814.0,5944.0,,,Mendeley 10.17632/37wyv32y8j.1,bipolar potential,-1.041765904,-1.174697242,-1.547332258,1.358098713,0.153209459,0.502027027,3.341044,0,-1.100214175,-0.936011694,-0.528560926,-0.948813156,-0.18048538,0.64246283,-0.810443406,0.0
external_public,external_mat_bipolar_20260718,external_vl_vm_window,external_vl_vm_angle_features,ext_mat_12,ext_mat_12_trial_03,ext_mat_12_trial_03_w02,window_5s,unstable BOSU squatting,unknown,unstable,unstable BOSU squatting,5.0,11840.0,0.104375,0.076133,345.819932,1656.5,5846.0,,,Mendeley 10.17632/37wyv32y8j.1,bipolar potential,-0.981403512,-1.118427057,-1.534501681,1.37095609,0.139907095,0.49375,3.379097,0,-0.666460417,-0.507509577,-0.436101493,-0.828415212,-0.499078719,0.509913522,-0.705296596,0.0
external_public,external_mat_bipolar_20260718,external_vl_vm_window,external_vl_vm_angle_features,ext_mat_12,ext_mat_12_trial_03,ext_mat_12_trial_03_w03,window_5s,unstable BOSU squatting,unknown,unstable,unstable BOSU squatting,5.0,11840.0,0.097271,0.071182,327.285669,1699.5,5906.5,,,Mendeley 10.17632/37wyv32y8j.1,bipolar potential,-1.012016619,-1.147629814,-1.558424713,1.366511197,0.143538851,0.498859797,3.33574,0,-0.886440934,-0.729890989,-0.60849514,-0.870037697,-0.412097693,0.591742427,-0.825099246,0.0
external_public,external_mat_bipolar_20260718,external_vl_vm_window,external_vl_vm_angle_features,ext_mat_12,ext_mat_12_trial_03,ext_mat_12_trial_03_w04,window_5s,unstable BOSU squatting,unknown,unstable,unstable BOSU squatting,5.0,11840.0,0.097529,0.071573,341.087608,1707.0,5826.0,,,Mendeley 10.17632/37wyv32y8j.1,bipolar potential,-1.010866229,-1.145250779,-1.540485761,1.36265072,0.144172297,0.492060811,3.441165,0,-0.878174429,-0.711774441,-0.479223844,-0.906187644,-0.396926579,0.482862646,-0.533792321,0.0
external_public,external_mat_bipolar_20260718,external_vl_vm_window,external_vl_vm_angle_features,ext_mat_12,ext_mat_12_trial_03,ext_mat_12_trial_03_w05,window_5s,unstable BOSU squatting,unknown,unstable,unstable BOSU squatting,5.0,11840.0,0.105974,0.076509,341.694669,1641.0,5711.5,,,Mendeley 10.17632/37wyv32y8j.1,bipolar potential,-0.974800673,-1.116287474,-1.539713499,1.385118091,0.138597973,0.482390203,3.257975,0,-0.619013552,-0.491216476,-0.473658786,-0.695800619,-0.53043236,0.327996364,-1.03997696,0.0
external_public,external_mat_bipolar_20260718,external_vl_vm_window,external_vl_vm_angle_features,ext_mat_12,ext_mat_12_trial_03,ext_mat_12_trial_03_w06,window_5s,unstable BOSU squatting,unknown,unstable,unstable BOSU squatting,5.0,11840.0,0.119253,0.081919,341.938611,1699.5,5839.5,,,Mendeley 10.17632/37wyv32y8j.1,bipolar potential,-0.923530687,-1.086615358,-1.539403559,1.455742868,0.143538851,0.493201014,3.493997,0,-0.250596259,-0.265260856,-0.471425303,-0.034462151,-0.412097693,0.501121994,-0.38780866,0.0
external_public,external_mat_bipolar_20260718,external_vl_vm_window,external_vl_vm_angle_features,ext_mat_12,ext_mat_12_trial_03,ext_mat_12_trial_03_w07,window_5s,unstable BOSU squatting,unknown,unstable,unstable BOSU squatting,5.0,11840.0,0.09225,0.067679,327.391187,1804.5,5966.5,,,Mendeley 10.17632/37wyv32y8j.1,bipolar potential,-1.035033625,-1.169546067,-1.558284718,1.363052055,0.152407095,0.503927365,3.538608,0,-1.051837177,-0.89678507,-0.607486311,-0.902429497,-0.199702102,0.672895072,-0.264540999,0.0
external_public,external_mat_bipolar_20260718,external_vl_vm_window,external_vl_vm_angle_features,ext_mat_12,ext_mat_12_trial_03,ext_mat_12_trial_03_w08,window_5s,unstable BOSU squatting,unknown,unstable,unstable BOSU squatting,5.0,11840.0,0.115082,0.083204,343.089734,1472.0,5656.0,,,Mendeley 10.17632/37wyv32y8j.1,bipolar potential,-0.938992599,-1.079855795,-1.537943979,1.383130619,0.124324324,0.477702703,3.360341,0,-0.361702897,-0.213786225,-0.460907308,-0.714411533,-0.8722881,0.252930174,-0.757122565,0.0
external_public,external_mat_bipolar_20260718,external_vl_vm_window,external_vl_vm_angle_features,ext_mat_12,ext_mat_12_trial_03,ext_mat_12_trial_03_w09,window_5s,unstable BOSU squatting,unknown,unstable,unstable BOSU squatting,5.0,11840.0,0.102965,0.074284,335.912573,1732.0,5870.5,,,Mendeley 10.17632/37wyv32y8j.1,bipolar potential,-0.987310376,-1.129104719,-1.547125443,1.386099295,0.146283784,0.495819257,3.360962,0,-0.708906125,-0.588820857,-0.52707058,-0.686612513,-0.346356192,0.543050853,-0.755406638,0.0
external_public,external_mat_bipolar_20260718,external_vl_vm_window,external_vl_vm_angle_features,ext_mat_12,ext_mat_12_trial_03,ext_mat_12_trial_03_w10,window_5s,unstable BOSU squatting,unknown,unstable,unstable BOSU squatting,5.0,11840.0,0.104906,0.075198,338.856005,1701.0,5782.5,,,Mendeley 10.17632/37wyv32y8j.1,bipolar potential,-0.979199672,-1.12379371,-1.543336516,1.395063699,0.143665541,0.488386824,3.782546,0,-0.650624002,-0.548377084,-0.499766894,-0.602668811,-0.409063451,0.424026975,0.409500535,0.0
external_public,external_mat_bipolar_20260718,external_vl_vm_window,external_vl_vm_angle_features,ext_mat_12,ext_mat_12_trial_03,ext_mat_12_trial_03_w11,window_5s,unstable BOSU squatting,unknown,unstable,unstable BOSU squatting,5.0,11840.0,0.112187,0.081707,340.341751,1523.0,5681.5,,,Mendeley 10.17632/37wyv32y8j.1,bipolar potential,-0.950057465,-1.087740735,-1.541436473,1.373040254,0.128631757,0.479856419,3.222595,0,-0.441213119,-0.273830695,-0.486074845,-0.808898862,-0.769124522,0.287420042,-1.137737824,0.0
external_public,external_mat_bipolar_20260718,external_vl_vm_window,external_vl_vm_angle_features,ext_mat_12,ext_mat_12_trial_03,ext_mat_12_trial_03_w12,window_5s,unstable BOSU squatting,unknown,unstable,unstable BOSU squatting,5.0,11840.0,0.099927,0.071087,328.779661,1745.5,6020.5,,,Mendeley 10.17632/37wyv32y8j.1,bipolar potential,-1.000317151,-1.148209813,-1.556446759,1.405700058,0.147423986,0.508488176,3.641263,0,-0.802370571,-0.73430773,-0.59424165,-0.503068732,-0.319048207,0.745932449,0.019111953,0.0
external_public,external_mat_bipolar_20260718,external_vl_vm_window,external_vl_vm_angle_features,ext_mat_12,ext_mat_12_trial_03,ext_mat_12_trial_03_w13,window_5s,unstable BOSU squatting,unknown,unstable,unstable BOSU squatting,5.0,11840.0,0.101406,0.073412,340.275185,1738.5,5958.5,,,Mendeley 10.17632/37wyv32y8j.1,bipolar potential,-0.993936348,-1.134232944,-1.541521424,1.381327303,0.14683277,0.503251689,3.701245,0,-0.756519219,-0.627872715,-0.486687017,-0.73129799,-0.333207907,0.662074715,0.184852261,0.0
external_public,external_mat_bipolar_20260718,external_vl_vm_window,external_vl_vm_angle_features,ext_mat_12,ext_mat_12_trial_03,ext_mat_12_trial_03_w14,window_5s,unstable BOSU squatting,unknown,unstable,unstable BOSU squatting,5.0,11840.0,0.108556,0.080144,341.428761,1545.0,5785.5,,,Mendeley 10.17632/37wyv32y8j.1,bipolar potential,-0.964346168,-1.096128986,-1.5400516,1.354511879,0.130489865,0.488640203,3.301727,0,-0.543889279,-0.337707921,-0.476095202,-0.982400679,-0.724622595,0.428084617,-0.91908286,0.0
external_public,external_mat_bipolar_20260718,external_vl_vm_window,external_vl_vm_angle_features,ext_mat_12,ext_mat_12_trial_03,ext_mat_12_trial_03_w15,window_5s,unstable BOSU squatting,unknown,unstable,unstable BOSU squatting,5.0,11840.0,0.102609,0.07413,335.530121,1698.5,6055.0,,,Mendeley 10.17632/37wyv32y8j.1,bipolar potential,-0.988814545,-1.130006,-1.547620189,1.384176447,0.143454392,0.511402027,3.291016,0,-0.719714824,-0.595684187,-0.530635808,-0.704618281,-0.414120497,0.79259521,-0.948679146,0.0
external_public,external_mat_bipolar_20260718,external_vl_vm_window,external_vl_vm_angle_features,ext_mat_12,ext_mat_12_trial_03,ext_mat_12_trial_03_w16,window_5s,unstable BOSU squatting,unknown,unstable,unstable BOSU squatting,5.0,11840.0,0.107077,0.078128,342.037556,1533.0,5743.0,,,Mendeley 10.17632/37wyv32y8j.1,bipolar potential,-0.970303805,-1.107193293,-1.539277908,1.370532972,0.129476351,0.485050676,3.235501,0,-0.586699833,-0.421963535,-0.470519839,-0.832377337,-0.748896387,0.370601499,-1.102076385,0.0
external_public,external_mat_bipolar_20260718,external_vl_vm_window,external_vl_vm_angle_features,ext_mat_12,ext_mat_12_trial_03,ext_mat_12_trial_03_w17,window_5s,unstable BOSU squatting,unknown,unstable,unstable BOSU squatting,5.0,11839.0,0.116774,0.083713,343.350872,1566.5,5753.0,,,Mendeley 10.17632/37wyv32y8j.1,bipolar potential,-0.932653843,-1.077207094,-1.537576866,1.394932687,0.132316919,0.485936312,3.164991,0,-0.316153687,-0.193616147,-0.458261826,-0.603895622,-0.680864416,0.384784181,-1.29690732,0.0
external_public,external_mat_bipolar_20260718,external_vl_vm_window,external_vl_vm_angle_features,ext_mat_12,ext_mat_12_trial_03,ext_mat_12_trial_03_w18,window_5s,unstable BOSU squatting,unknown,unstable,unstable BOSU squatting,5.0,11839.0,0.106962,0.075452,333.116977,1682.0,5887.5,,,Mendeley 10.17632/37wyv32y8j.1,bipolar potential,-0.970770485,-1.122329244,-1.550718254,1.417616498,0.14207281,0.497297069,3.367305,0,-0.590053315,-0.537225054,-0.552961018,-0.391481829,-0.447209564,0.566716713,-0.737879867,0.0
external_public,external_mat_bipolar_20260718,external_vl_vm_window,external_vl_vm_angle_features,ext_mat_13,ext_mat_13_trial_01,ext_mat_13_trial_01_w01,window_5s,stable squatting 1,unknown,stable,stable squatting 1,5.0,11818.0,0.176923,0.117427,387.734649,1311.0,3551.5,,,Mendeley 10.17632/37wyv32y8j.1,bipolar potential,-0.752215705,-0.930232034,-1.484009373,1.506663714,0.110932476,0.300516162,3.796257,0,0.980443711,0.925611101,-0.072244891,0.442366459,-1.193024592,-2.584556447,0.447386323,0.0
external_public,external_mat_bipolar_20260718,external_vl_vm_window,external_vl_vm_angle_features,ext_mat_13,ext_mat_13_trial_01,ext_mat_13_trial_01_w02,window_5s,stable squatting 1,unknown,stable,stable squatting 1,5.0,11818.0,0.201705,0.138857,439.25911,1093.0,3016.0,,,Mendeley 10.17632/37wyv32y8j.1,bipolar potential,-0.695283336,-0.857432222,-1.429823208,1.452609519,0.092486038,0.255203926,3.594113,0,1.389549914,1.479987696,0.318230306,-0.063803189,-1.634819168,-3.310192056,-0.111171391,0.0
external_public,external_mat_bipolar_20260718,external_vl_vm_window,external_vl_vm_angle_features,ext_mat_13,ext_mat_13_trial_01,ext_mat_13_trial_01_w03,window_5s,stable squatting 1,unknown,stable,stable squatting 1,5.0,11818.0,0.164682,0.104649,346.161288,1505.0,3844.5,,,Mendeley 10.17632/37wyv32y8j.1,bipolar potential,-0.783353867,-0.980264917,-1.533265488,1.573660522,0.127348113,0.325308851,3.848265,0,0.756690239,0.544606555,-0.427193265,1.06973221,-0.799867962,-2.187523338,0.591093135,0.0
external_public,external_mat_bipolar_20260718,external_vl_vm_window,external_vl_vm_angle_features,ext_mat_13,ext_mat_13_trial_01,ext_mat_13_trial_01_w04,window_5s,stable squatting 1,unknown,stable,stable squatting 1,5.0,11818.0,0.159826,0.106733,347.709873,1295.5,3521.5,,,Mendeley 10.17632/37wyv32y8j.1,bipolar potential,-0.79635257,-0.971701283,-1.531326963,1.497437531,0.109620917,0.297977661,3.808623,0,0.663283797,0.609819337,-0.413223907,0.355971429,-1.224436599,-2.625208308,0.481555652,0.0
external_public,external_mat_bipolar_20260718,external_vl_vm_window,external_vl_vm_angle_features,ext_mat_13,ext_mat_13_trial_01,ext_mat_13_trial_01_w05,window_5s,stable squatting 1,unknown,stable,stable squatting 1,5.0,11818.0,0.17264,0.114078,355.107025,1265.0,3441.5,,,Mendeley 10.17632/37wyv32y8j.1,bipolar potential,-0.762858573,-0.942798101,-1.522184722,1.513350515,0.107040108,0.291208326,3.719161,0,0.903965894,0.829919461,-0.347343284,0.504982426,-1.286247309,-2.733613255,0.234357168,0.0
external_public,external_mat_bipolar_20260718,external_vl_vm_window,external_vl_vm_angle_features,ext_mat_13,ext_mat_13_trial_01,ext_mat_13_trial_01_w06,window_5s,stable squatting 1,unknown,stable,stable squatting 1,5.0,11818.0,0.165568,0.106885,358.261457,1427.5,3782.5,,,Mendeley 10.17632/37wyv32y8j.1,bipolar potential,-0.781023597,-0.971083238,-1.518343898,1.549029331,0.12079032,0.320062616,3.915911,0,0.773435158,0.614525801,-0.319665619,0.839082928,-0.956927953,-2.271537177,0.778010358,0.0
external_public,external_mat_bipolar_20260718,external_vl_vm_window,external_vl_vm_angle_features,ext_mat_13,ext_mat_13_trial_01,ext_mat_13_trial_01_w07,window_5s,stable squatting 1,unknown,stable,stable squatting 1,5.0,11818.0,0.166101,0.110995,352.692272,1305.0,3519.0,,,Mendeley 10.17632/37wyv32y8j.1,bipolar potential,-0.779627753,-0.954696584,-1.525148042,1.496472814,0.110424776,0.297766119,3.594248,0,0.783465453,0.739311528,-0.368697497,0.346937709,-1.205184072,-2.628595967,-0.110798363,0.0
external_public,external_mat_bipolar_20260718,external_vl_vm_window,external_vl_vm_angle_features,ext_mat_13,ext_mat_13_trial_01,ext_mat_13_trial_01_w08,window_5s,stable squatting 1,unknown,stable,stable squatting 1,5.0,11818.0,0.157056,0.103169,342.524098,1373.5,3623.0,,,Mendeley 10.17632/37wyv32y8j.1,bipolar potential,-0.803945468,-0.986450779,-1.537852854,1.52231775,0.116221019,0.306566255,3.662366,0,0.608722539,0.497500704,-0.460250645,0.588952637,-1.066363303,-2.487669529,0.077423075,0.0
external_public,external_mat_bipolar_20260718,external_vl_vm_window,external_vl_vm_angle_features,ext_mat_13,ext_mat_13_trial_01,ext_mat_13_trial_01_w09,window_5s,stable squatting 1,unknown,stable,stable squatting 1,5.0,11818.0,0.139682,0.091266,321.80612,1674.5,3932.0,,,Mendeley 10.17632/37wyv32y8j.1,bipolar potential,-0.854859555,-1.039690983,-1.564949687,1.530493283,0.141690641,0.332712811,3.726393,0,0.242862674,0.092072144,-0.65551527,0.665509261,-0.456362561,-2.06895543,0.254340395,0.0
external_public,external_mat_bipolar_20260718,external_vl_vm_window,external_vl_vm_angle_features,ext_mat_13,ext_mat_13_trial_01,ext_mat_13_trial_01_w10,window_5s,stable squatting 1,unknown,stable,stable squatting 1,5.0,11818.0,0.157878,0.105911,352.892942,1344.0,3534.0,,,Mendeley 10.17632/37wyv32y8j.1,bipolar potential,-0.801678384,-0.975058931,-1.524901013,1.490666692,0.113724827,0.29903537,3.787319,0,0.625013415,0.58425057,-0.366917362,0.29256852,-1.126147424,-2.608270029,0.422689133,0.0
external_public,external_mat_bipolar_20260718,external_vl_vm_window,external_vl_vm_angle_features,ext_mat_13,ext_mat_13_trial_01,ext_mat_13_trial_01_w11,window_5s,stable squatting 1,unknown,stable,stable squatting 1,5.0,11818.0,0.145447,0.089929,309.543382,1635.5,4073.0,,,Mendeley 10.17632/37wyv32y8j.1,bipolar potential,-0.837295232,-1.046100236,-1.581822462,1.61735369,0.138390591,0.344643764,3.770606,0,0.369076876,0.043265151,-0.777103505,1.478880019,-0.535399186,-1.877891711,0.376508316,0.0
external_public,external_mat_bipolar_20260718,external_vl_vm_window,external_vl_vm_angle_features,ext_mat_13,ext_mat_13_trial_01,ext_mat_13_trial_01_w12,window_5s,stable squatting 1,unknown,stable,stable squatting 1,5.0,11818.0,0.144337,0.096309,322.074068,1361.0,3729.5,,,Mendeley 10.17632/37wyv32y8j.1,bipolar potential,-0.840622326,-1.016333127,-1.564588227,1.498686519,0.11516331,0.315577932,3.760967,0,0.345168951,0.269944151,-0.652910525,0.367667095,-1.09169557,-2.343355447,0.349874145,0.0
external_public,external_mat_bipolar_20260718,external_vl_vm_window,external_vl_vm_angle_features,ext_mat_13,ext_mat_13_trial_01,ext_mat_13_trial_01_w13,window_5s,stable squatting 1,unknown,stable,stable squatting 1,5.0,11817.0,0.170485,0.112253,357.780361,1222.5,3534.5,,,Mendeley 10.17632/37wyv32y8j.1,bipolar potential,-0.768313826,-0.949802044,-1.518890738,1.518756737,0.103452653,0.299102987,3.599023,0,0.864765385,0.776583855,-0.323606246,0.555606905,-1.37216732,-2.607187202,-0.097604239,0.0
external_public,external_mat_bipolar_20260718,external_vl_vm_window,external_vl_vm_angle_features,ext_mat_13,ext_mat_13_trial_01,ext_mat_13_trial_01_w14,window_5s,stable squatting 1,unknown,stable,stable squatting 1,5.0,11817.0,0.169315,0.111335,372.254632,1343.0,3640.0,,,Mendeley 10.17632/37wyv32y8j.1,bipolar potential,-0.771304565,-0.953368287,-1.501667125,1.520770647,0.113649827,0.308030803,3.62077,0,0.843274449,0.749426619,-0.19948981,0.574465388,-1.127943684,-2.464216081,-0.037513637,0.0
external_public,external_mat_bipolar_20260718,external_vl_vm_window,external_vl_vm_angle_features,ext_mat_13,ext_mat_13_trial_01,ext_mat_13_trial_01_w15,window_5s,stable squatting 1,unknown,stable,stable squatting 1,5.0,11817.0,0.151383,0.095919,328.929575,1542.0,3881.0,,,Mendeley 10.17632/37wyv32y8j.1,bipolar potential,-0.819922892,-1.018095358,-1.555404312,1.578237888,0.130489972,0.32842515,3.746077,0,0.493911521,0.256524616,-0.586729591,1.112595188,-0.724620033,-2.13761855,0.308730582,0.0
external_public,external_mat_bipolar_20260718,external_vl_vm_window,external_vl_vm_angle_features,ext_mat_13,ext_mat_13_trial_01,ext_mat_13_trial_01_w16,window_5s,stable squatting 1,unknown,stable,stable squatting 1,5.0,11817.0,0.173271,0.113737,356.754593,1294.5,3563.5,,,Mendeley 10.17632/37wyv32y8j.1,bipolar potential,-0.761274118,-0.944098231,-1.520137662,1.523435645,0.10954557,0.301557079,3.578386,0,0.915351515,0.820018863,-0.332591803,0.599420734,-1.22624117,-2.567887077,-0.154627725,0.0
external_public,external_mat_bipolar_20260718,external_vl_vm_window,external_vl_vm_angle_features,ext_mat_13,ext_mat_13_trial_01,ext_mat_13_trial_01_w17,window_5s,stable squatting 1,unknown,stable,stable squatting 1,5.0,11817.0,0.125672,0.083666,294.721334,1491.0,4017.5,,,Mendeley 10.17632/37wyv32y8j.1,bipolar potential,-0.900761473,-1.077450994,-1.603095661,1.502067746,0.126174156,0.339976305,3.658447,0,-0.086980607,-0.195473466,-0.930401981,0.39932929,-0.827984384,-1.952636962,0.066594222,0.0
external_public,external_mat_bipolar_20260718,external_vl_vm_window,external_vl_vm_angle_features,ext_mat_13,ext_mat_13_trial_01,ext_mat_13_trial_01_w18,window_5s,stable squatting 1,unknown,stable,stable squatting 1,5.0,11817.0,0.129186,0.086872,298.878763,1372.0,3918.5,,,Mendeley 10.17632/37wyv32y8j.1,bipolar potential,-0.888784549,-1.06112018,-1.597012178,1.487084446,0.116103918,0.331598544,3.826006,0,-0.000916492,-0.071112965,-0.886563315,0.25902396,-1.069167887,-2.086799436,0.529587791,0.0
external_public,external_mat_bipolar_20260718,external_vl_vm_window,external_vl_vm_angle_features,ext_mat_13,ext_mat_13_trial_02,ext_mat_13_trial_02_w01,window_5s,stable squatting 2,unknown,stable,stable squatting 2,5.0,11861.0,0.175924,0.116236,410.804142,1433.5,3511.0,,,Mendeley 10.17632/37wyv32y8j.1,bipolar potential,-0.754674909,-0.934659344,-1.460486492,1.513507003,0.120858275,0.296012141,3.775158,0,0.962772295,0.891896769,0.097265197,0.506447797,-0.955300422,-2.656684382,0.389086254,0.0
external_public,external_mat_bipolar_20260718,external_vl_vm_window,external_vl_vm_angle_features,ext_mat_13,ext_mat_13_trial_02,ext_mat_13_trial_02_w02,window_5s,stable squatting 2,unknown,stable,stable squatting 2,5.0,11861.0,0.179385,0.1174,406.585006,1310.5,3431.5,,,Mendeley 10.17632/37wyv32y8j.1,bipolar potential,-0.746213875,-0.930331903,-1.464969947,1.527981261,0.110488154,0.289309502,3.698582,0,1.023571828,0.92485059,0.064956618,0.6419864,-1.203666161,-2.764021251,0.177493946,0.0
external_public,external_mat_bipolar_20260718,external_vl_vm_window,external_vl_vm_angle_features,ext_mat_13,ext_mat_13_trial_02,ext_mat_13_trial_02_w03,window_5s,stable squatting 2,unknown,stable,stable squatting 2,5.0,11861.0,0.169806,0.115492,393.690279,1366.0,3506.0,,,Mendeley 10.17632/37wyv32y8j.1,bipolar potential,-0.770046968,-0.937448098,-1.478966615,1.470283656,0.115167355,0.295590591,3.680281,0,0.852311325,0.870660176,-0.035905875,0.101699446,-1.091598692,-2.663435135,0.126925219,0.0
external_public,external_mat_bipolar_20260718,external_vl_vm_window,external_vl_vm_angle_features,ext_mat_13,ext_mat_13_trial_02,ext_mat_13_trial_02_w04,window_5s,stable squatting 2,unknown,stable,stable squatting 2,5.0,11861.0,0.156276,0.102369,379.327675,1510.0,3884.0,,,Mendeley 10.17632/37wyv32y8j.1,bipolar potential,-0.806107713,-0.989831539,-1.495106777,1.526594965,0.127307984,0.327459742,3.677986,0,0.593185019,0.471755937,-0.152214769,0.629004966,-0.800829057,-2.15307871,0.12058375,0.0
external_public,external_mat_bipolar_20260718,external_vl_vm_window,external_vl_vm_angle_features,ext_mat_13,ext_mat_13_trial_02,ext_mat_13_trial_02_w05,window_5s,stable squatting 2,unknown,stable,stable squatting 2,5.0,11861.0,0.162016,0.111255,378.822907,1374.0,3577.5,,,Mendeley 10.17632/37wyv32y8j.1,bipolar potential,-0.790442094,-0.953680462,-1.495685073,1.456258146,0.115841835,0.301618751,3.693112,0,0.70575546,0.747049381,-0.156382073,-0.029637029,-1.075444809,-2.566899454,0.16237942,0.0
external_public,external_mat_bipolar_20260718,external_vl_vm_window,external_vl_vm_angle_features,ext_mat_13,ext_mat_13_trial_02,ext_mat_13_trial_02_w06,window_5s,stable squatting 2,unknown,stable,stable squatting 2,5.0,11861.0,0.171968,0.109084,380.166291,1491.0,3859.0,,,Mendeley 10.17632/37wyv32y8j.1,bipolar potential,-0.76455236,-0.962238945,-1.4941477,1.576473177,0.125706096,0.325351994,3.516034,0,0.891794632,0.681875824,-0.145303488,1.096070233,-0.839194482,-2.186832441,-0.32691674,0.0
external_public,external_mat_bipolar_20260718,external_vl_vm_window,external_vl_vm_angle_features,ext_mat_13,ext_mat_13_trial_02,ext_mat_13_trial_02_w07,window_5s,stable squatting 2,unknown,stable,stable squatting 2,5.0,11861.0,0.162356,0.104301,373.946298,1517.0,3916.5,,,Mendeley 10.17632/37wyv32y8j.1,bipolar potential,-0.789531657,-0.981711528,-1.501312068,1.556610195,0.127898154,0.330199815,3.533159,0,0.712297704,0.533590493,-0.196931206,0.910071004,-0.786694409,-2.109198851,-0.279597498,0.0
external_public,external_mat_bipolar_20260718,external_vl_vm_window,external_vl_vm_angle_features,ext_mat_13,ext_mat_13_trial_02,ext_mat_13_trial_02_w08,window_5s,stable squatting 2,unknown,stable,stable squatting 2,5.0,11861.0,0.168104,0.11222,375.032592,1328.0,3547.5,,,Mendeley 10.17632/37wyv32y8j.1,bipolar potential,-0.774421952,-0.949929736,-1.500052294,1.497986099,0.111963578,0.299089453,3.530315,0,0.820873443,0.77561147,-0.187853049,0.361108282,-1.168329565,-2.607403937,-0.287455946,0.0
external_public,external_mat_bipolar_20260718,external_vl_vm_window,external_vl_vm_angle_features,ext_mat_13,ext_mat_13_trial_02,ext_mat_13_trial_02_w09,window_5s,stable squatting 2,unknown,stable,stable squatting 2,5.0,11861.0,0.140945,0.088092,330.281975,1694.5,4142.5,,,Mendeley 10.17632/37wyv32y8j.1,bipolar potential,-0.850950326,-1.05506353,-1.555236433,1.599975026,0.142863165,0.349253857,3.680335,0,0.270953721,-0.024991074,-0.585519824,1.316144227,-0.42828046,-1.804065126,0.12707443,0.0
external_public,external_mat_bipolar_20260718,external_vl_vm_window,external_vl_vm_angle_features,ext_mat_13,ext_mat_13_trial_02,ext_mat_13_trial_02_w10,window_5s,stable squatting 2,unknown,stable,stable squatting 2,5.0,11861.0,0.149093,0.097331,343.686705,1487.0,3949.5,,,Mendeley 10.17632/37wyv32y8j.1,bipolar potential,-0.826542746,-1.011748815,-1.537958573,1.531814119,0.125368856,0.332982042,3.55763,0,0.446342389,0.304854066,-0.461012475,0.67787772,-0.847271423,-2.064643932,-0.211980028,0.0
external_public,external_mat_bipolar_20260718,external_vl_vm_window,external_vl_vm_angle_features,ext_mat_13,ext_mat_13_trial_02,ext_mat_13_trial_02_w11,window_5s,stable squatting 2,unknown,stable,stable squatting 2,5.0,11861.0,0.152709,0.102345,352.599085,1388.0,3742.5,,,Mendeley 10.17632/37wyv32y8j.1,bipolar potential,-0.816135367,-0.98993337,-1.526840125,1.492100249,0.117022174,0.315529888,3.587923,0,0.521128023,0.470980485,-0.38089095,0.305992511,-1.047175537,-2.34412483,-0.128275397,0.0
external_public,external_mat_bipolar_20260718,external_vl_vm_window,external_vl_vm_angle_features,ext_mat_13,ext_mat_13_trial_02,ext_mat_13_trial_02_w12,window_5s,stable squatting 2,unknown,stable,stable squatting 2,5.0,11861.0,0.137943,0.088047,326.332299,1623.0,4133.0,,,Mendeley 10.17632/37wyv32y8j.1,bipolar potential,-0.860300333,-1.055285437,-1.560461245,1.566697332,0.136835005,0.348452913,3.611178,0,0.20376618,-0.026680914,-0.623170754,1.004528105,-0.572655672,-1.81689154,-0.064017939,0.0
external_public,external_mat_bipolar_20260718,external_vl_vm_window,external_vl_vm_angle_features,ext_mat_13,ext_mat_13_trial_02,ext_mat_13_trial_02_w13,window_5s,stable squatting 2,unknown,stable,stable squatting 2,5.0,11861.0,0.142291,0.094646,334.208357,1495.0,3804.5,,,Mendeley 10.17632/37wyv32y8j.1,bipolar potential,-0.846822568,-1.023897736,-1.550104001,1.503402151,0.126043335,0.320757103,3.780462,0,0.30061508,0.212339027,-0.548534602,0.411824811,-0.831117564,-2.260415579,0.403742094,0.0
external_public,external_mat_bipolar_20260718,external_vl_vm_window,external_vl_vm_angle_features,ext_mat_13,ext_mat_13_trial_02,ext_mat_13_trial_02_w14,window_5s,stable squatting 2,unknown,stable,stable squatting 2,5.0,11861.0,0.171704,0.118827,389.267898,1232.5,3393.0,,,Mendeley 10.17632/37wyv32y8j.1,bipolar potential,-0.765219587,-0.925084867,-1.483872716,1.444991458,0.10391198,0.28606357,3.570464,0,0.887000054,0.964807204,-0.071260116,-0.135139581,-1.361166379,-2.816001997,-0.176517537,0.0
external_public,external_mat_bipolar_20260718,external_vl_vm_window,external_vl_vm_angle_features,ext_mat_13,ext_mat_13_trial_02,ext_mat_13_trial_02_w15,window_5s,stable squatting 2,unknown,stable,stable squatting 2,5.0,11860.0,0.138613,0.089327,333.765248,1594.5,3976.5,,,Mendeley 10.17632/37wyv32y8j.1,bipolar potential,-0.858196037,-1.049017251,-1.550643574,1.551748072,0.134443508,0.335286678,3.587056,0,0.218887289,0.021051841,-0.552422861,0.864541529,-0.629932334,-2.027737214,-0.130671063,0.0
external_public,external_mat_bipolar_20260718,external_vl_vm_window,external_vl_vm_angle_features,ext_mat_13,ext_mat_13_trial_02,ext_mat_13_trial_02_w16,window_5s,stable squatting 2,unknown,stable,stable squatting 2,5.0,11860.0,0.14416,0.095623,331.965964,1432.5,3786.5,,,Mendeley 10.17632/37wyv32y8j.1,bipolar potential,-0.841155226,-1.019437635,-1.552991131,1.507587087,0.120784148,0.319266442,3.629629,0,0.341339624,0.246303065,-0.569339777,0.451013029,-0.957075773,-2.284287204,-0.013034737,0.0
external_public,external_mat_bipolar_20260718,external_vl_vm_window,external_vl_vm_angle_features,ext_mat_13,ext_mat_13_trial_02,ext_mat_13_trial_02_w17,window_5s,stable squatting 2,unknown,stable,stable squatting 2,5.0,11860.0,0.156973,0.104449,354.819939,1420.0,3696.0,,,Mendeley 10.17632/37wyv32y8j.1,bipolar potential,-0.804175042,-0.981095714,-1.524076672,1.502867428,0.119730185,0.31163575,3.773518,0,0.60707286,0.538279967,-0.360977014,0.406817604,-0.982318323,-2.406486025,0.38455466,0.0
external_public,external_mat_bipolar_20260718,external_vl_vm_window,external_vl_vm_angle_features,ext_mat_13,ext_mat_13_trial_02,ext_mat_13_trial_02_w18,window_5s,stable squatting 2,unknown,stable,stable squatting 2,5.0,11860.0,0.1403,0.089203,332.354432,1622.0,3991.5,,,Mendeley 10.17632/37wyv32y8j.1,bipolar potential,-0.852942329,-1.04962054,-1.552483214,1.572817058,0.136762226,0.336551433,3.612563,0,0.25663953,0.016457745,-0.565679636,1.061833917,-0.574398738,-2.007483275,-0.060190952,0.0
external_public,external_mat_bipolar_20260718,external_vl_vm_window,external_vl_vm_angle_features,ext_mat_13,ext_mat_13_trial_03,ext_mat_13_trial_03_w01,window_5s,unstable BOSU squatting,unknown,unstable,unstable BOSU squatting,5.0,11830.0,0.181353,0.118653,412.998948,1425.5,3825.5,,,Mendeley 10.17632/37wyv32y8j.1,bipolar potential,-0.741475256,-0.925721277,-1.457035799,1.528431645,0.120498732,0.323372781,3.231136,0,1.057622729,0.959960889,0.122131508,0.646203847,-0.963911523,-2.218527796,-1.114137611,0.0
external_public,external_mat_bipolar_20260718,external_vl_vm_window,external_vl_vm_angle_features,ext_mat_13,ext_mat_13_trial_03,ext_mat_13_trial_03_w02,window_5s,unstable BOSU squatting,unknown,unstable,unstable BOSU squatting,5.0,11830.0,0.198027,0.137575,446.560959,1221.0,3555.5,,,Mendeley 10.17632/37wyv32y8j.1,bipolar potential,-0.703275592,-0.861460479,-1.423103993,1.43941123,0.103212172,0.300549451,3.021443,0,1.332118938,1.449312185,0.366650171,-0.187393472,-1.377926871,-2.584023353,-1.693554476,0.0
external_public,external_mat_bipolar_20260718,external_vl_vm_window,external_vl_vm_angle_features,ext_mat_13,ext_mat_13_trial_03,ext_mat_13_trial_03_w03,window_5s,unstable BOSU squatting,unknown,unstable,unstable BOSU squatting,5.0,11830.0,0.180508,0.116201,396.049046,1496.0,3978.5,,,Mendeley 10.17632/37wyv32y8j.1,bipolar potential,-0.743503546,-0.934790134,-1.475235773,1.553411761,0.126458157,0.336306002,3.231129,0,1.043047786,0.890900792,-0.00902076,0.880120503,-0.821182524,-2.011413636,-1.114156953,0.0
external_public,external_mat_bipolar_20260718,external_vl_vm_window,external_vl_vm_angle_features,ext_mat_13,ext_mat_13_trial_03,ext_mat_13_trial_03_w04,window_5s,unstable BOSU squatting,unknown,unstable,unstable BOSU squatting,5.0,11830.0,0.186879,0.126565,414.284269,1248.5,3752.0,,,Mendeley 10.17632/37wyv32y8j.1,bipolar potential,-0.728439498,-0.897686377,-1.455686302,1.476545648,0.105536771,0.317159763,2.862957,0,1.151295442,1.173448973,0.131856225,0.160337453,-1.322252424,-2.318023815,-2.131477827,0.0
external_public,external_mat_bipolar_20260718,external_vl_vm_window,external_vl_vm_angle_features,ext_mat_13,ext_mat_13_trial_03,ext_mat_13_trial_03_w05,window_5s,unstable BOSU squatting,unknown,unstable,unstable BOSU squatting,5.0,11830.0,0.179331,0.118135,402.971754,1416.0,4005.5,,,Mendeley 10.17632/37wyv32y8j.1,bipolar potential,-0.74634463,-0.927621414,-1.467710139,1.518017522,0.119695689,0.338588335,3.096865,0,1.022632245,0.945491188,0.045210305,0.548684812,-0.983144507,-1.974864081,-1.485150863,0.0
external_public,external_mat_bipolar_20260718,external_vl_vm_window,external_vl_vm_angle_features,ext_mat_13,ext_mat_13_trial_03,ext_mat_13_trial_03_w06,window_5s,unstable BOSU squatting,unknown,unstable,unstable BOSU squatting,5.0,11830.0,0.198827,0.131675,429.909376,1269.5,3649.5,,,Mendeley 10.17632/37wyv32y8j.1,bipolar potential,-0.70152464,-0.880496673,-1.439607828,1.509982912,0.107311919,0.308495351,3.223068,0,1.344700978,1.304349992,0.247720584,0.473447807,-1.2797374,-2.456776753,-1.136430845,0.0
external_public,external_mat_bipolar_20260718,external_vl_vm_window,external_vl_vm_angle_features,ext_mat_13,ext_mat_13_trial_03,ext_mat_13_trial_03_w07,window_5s,unstable BOSU squatting,unknown,unstable,unstable BOSU squatting,5.0,11830.0,0.185294,0.125084,416.088545,1330.0,3821.5,,,Mendeley 10.17632/37wyv32y8j.1,bipolar potential,-0.732138643,-0.902798239,-1.453798985,1.481356528,0.112426036,0.323034658,3.211063,0,1.124714023,1.134521721,0.145456568,0.205387082,-1.157253637,-2.223942539,-1.16960267,0.0
external_public,external_mat_bipolar_20260718,external_vl_vm_window,external_vl_vm_angle_features,ext_mat_13,ext_mat_13_trial_03,ext_mat_13_trial_03_w08,window_5s,unstable BOSU squatting,unknown,unstable,unstable BOSU squatting,5.0,11830.0,0.175177,0.114611,393.456788,1522.0,4078.5,,,Mendeley 10.17632/37wyv32y8j.1,bipolar potential,-0.756522915,-0.940773698,-1.478087702,1.528448404,0.128655959,0.344759087,3.09412,0,0.949492842,0.845335457,-0.02957227,0.646360781,-0.768544881,-1.876044914,-1.492735758,0.0
external_public,external_mat_bipolar_20260718,external_vl_vm_window,external_vl_vm_angle_features,ext_mat_13,ext_mat_13_trial_03,ext_mat_13_trial_03_w09,window_5s,unstable BOSU squatting,unknown,unstable,unstable BOSU squatting,5.0,11830.0,0.196936,0.132617,428.726582,1269.0,3573.0,,,Mendeley 10.17632/37wyv32y8j.1,bipolar potential,-0.705674887,-0.877400801,-1.440804333,1.484998153,0.107269653,0.30202874,3.064081,0,1.314878018,1.327925314,0.239098355,0.239487674,-1.280749676,-2.560333841,-1.575738544,0.0
external_public,external_mat_bipolar_20260718,external_vl_vm_window,external_vl_vm_angle_features,ext_mat_13,ext_mat_13_trial_03,ext_mat_13_trial_03_w10,window_5s,unstable BOSU squatting,unknown,unstable,unstable BOSU squatting,5.0,11830.0,0.173695,0.109922,377.614545,1512.0,4195.5,,,Mendeley 10.17632/37wyv32y8j.1,bipolar potential,-0.760212683,-0.958915378,-1.49593603,1.580165936,0.127810651,0.354649197,3.165648,0,0.922978804,0.707185062,-0.158190514,1.130649649,-0.788790117,-1.717663501,-1.295091919,0.0
external_public,external_mat_bipolar_20260718,external_vl_vm_window,external_vl_vm_angle_features,ext_mat_13,ext_mat_13_trial_03,ext_mat_13_trial_03_w11,window_5s,unstable BOSU squatting,unknown,unstable,unstable BOSU squatting,5.0,11829.0,0.163866,0.108714,374.04591,1470.5,4048.0,,,Mendeley 10.17632/37wyv32y8j.1,bipolar potential,-0.785511147,-0.963714525,-1.500023121,1.507312766,0.124313129,0.342209823,3.117816,0,0.741188397,0.67063916,-0.187642823,0.448444256,-0.872556222,-1.916869135,-1.427259742,0.0
external_public,external_mat_bipolar_20260718,external_vl_vm_window,external_vl_vm_angle_features,ext_mat_13,ext_mat_13_trial_03,ext_mat_13_trial_03_w12,window_5s,unstable BOSU squatting,unknown,unstable,unstable BOSU squatting,5.0,11829.0,0.171227,0.116129,387.782456,1314.0,3922.5,,,Mendeley 10.17632/37wyv32y8j.1,bipolar potential,-0.766427752,-0.935059314,-1.484359875,1.474455132,0.111082932,0.331600304,3.046821,0,0.878318388,0.888850964,-0.074770671,0.140761623,-1.189421151,-2.086771251,-1.623430813,0.0
external_public,external_mat_bipolar_20260718,external_vl_vm_window,external_vl_vm_angle_features,ext_mat_13,ext_mat_13_trial_03,ext_mat_13_trial_03_w13,window_5s,unstable BOSU squatting,unknown,unstable,unstable BOSU squatting,5.0,11829.0,0.162555,0.107655,380.006266,1484.5,4207.0,,,Mendeley 10.17632/37wyv32y8j.1,bipolar potential,-0.788999668,-0.967965795,-1.493157274,1.50996238,0.125496661,0.355651365,3.014272,0,0.716120485,0.638265387,-0.138166302,0.473255543,-0.844210477,-1.701614662,-1.71336915,0.0
external_public,external_mat_bipolar_20260718,external_vl_vm_window,external_vl_vm_angle_features,ext_mat_13,ext_mat_13_trial_03,ext_mat_13_trial_03_w14,window_5s,unstable BOSU squatting,unknown,unstable,unstable BOSU squatting,5.0,11829.0,0.170398,0.11285,378.421244,1430.5,4091.0,,,Mendeley 10.17632/37wyv32y8j.1,bipolar potential,-0.768535507,-0.947498437,-1.494972523,1.509951263,0.120931609,0.345844957,3.279273,0,0.863172423,0.794126013,-0.15124731,0.473151442,-0.953544063,-1.858655661,-0.981127021,0.0
external_public,external_mat_bipolar_20260718,external_vl_vm_window,external_vl_vm_angle_features,ext_mat_13,ext_mat_13_trial_03,ext_mat_13_trial_03_w15,window_5s,unstable BOSU squatting,unknown,unstable,unstable BOSU squatting,5.0,11829.0,0.172315,0.11235,377.742265,1435.0,4205.0,,,Mendeley 10.17632/37wyv32y8j.1,bipolar potential,-0.763676916,-0.949426923,-1.495752452,1.533733867,0.12131203,0.355482289,3.199503,0,0.898085422,0.779440432,-0.156867618,0.695854459,-0.944432931,-1.704322265,-1.201544886,0.0
external_public,external_mat_bipolar_20260718,external_vl_vm_window,external_vl_vm_angle_features,ext_mat_13,ext_mat_13_trial_03,ext_mat_13_trial_03_w16,window_5s,unstable BOSU squatting,unknown,unstable,unstable BOSU squatting,5.0,11829.0,0.16092,0.106753,382.255447,1515.5,4203.5,,,Mendeley 10.17632/37wyv32y8j.1,bipolar potential,-0.793389976,-0.971619911,-1.490594349,1.507404944,0.128117339,0.355355482,3.348737,0,0.684572488,0.610438992,-0.119697406,0.449307421,-0.7814449,-1.706352968,-0.789186359,0.0
external_public,external_mat_bipolar_20260718,external_vl_vm_window,external_vl_vm_angle_features,ext_mat_13,ext_mat_13_trial_03,ext_mat_13_trial_03_w17,window_5s,unstable BOSU squatting,unknown,unstable,unstable BOSU squatting,5.0,11829.0,0.163832,0.110278,374.404161,1384.5,4075.0,,,Mendeley 10.17632/37wyv32y8j.1,bipolar potential,-0.785601267,-0.957511119,-1.499607365,1.485627233,0.117042861,0.344492349,3.288272,0,0.74054081,0.717878611,-0.184646811,0.245378451,-1.046680081,-1.880316489,-0.956261277,0.0
external_public,external_mat_bipolar_20260718,external_vl_vm_window,external_vl_vm_angle_features,ext_mat_13,ext_mat_13_trial_03,ext_mat_13_trial_03_w18,window_5s,unstable BOSU squatting,unknown,unstable,unstable BOSU squatting,5.0,11829.0,0.182434,0.119256,394.840918,1447.0,4011.0,,,Mendeley 10.17632/37wyv32y8j.1,bipolar potential,-0.73889422,-0.923519762,-1.476525879,1.529767894,0.122326486,0.339081917,3.360574,0,1.076169609,0.976725608,-0.018317495,0.658716635,-0.920136578,-1.966959799,-0.756478747,0.0
external_public,external_mat_bipolar_20260718,external_vl_vm_window,external_vl_vm_angle_features,ext_mat_14,ext_mat_14_trial_01,ext_mat_14_trial_01_w01,window_5s,stable squatting 1,unknown,stable,stable squatting 1,5.0,11730.0,0.140741,0.092132,328.029774,1463.5,4302.0,,,Mendeley 10.17632/37wyv32y8j.1,bipolar potential,-0.851579368,-1.035589501,-1.553384747,1.527601702,0.124765558,0.366751918,3.699414,0,0.266433534,0.123305269,-0.572176244,0.638432166,-0.861720489,-1.523849068,0.179792901,0.0
external_public,external_mat_bipolar_20260718,external_vl_vm_window,external_vl_vm_angle_features,ext_mat_14,ext_mat_14_trial_01,ext_mat_14_trial_01_w02,window_5s,stable squatting 1,unknown,stable,stable squatting 1,5.0,11730.0,0.110815,0.074188,303.278678,1732.5,4726.0,,,Mendeley 10.17632/37wyv32y8j.1,bipolar potential,-0.955401449,-1.129666337,-1.587456134,1.493705181,0.14769821,0.402898551,3.741046,0,-0.479614068,-0.593097625,-0.817700753,0.321021278,-0.312480507,-0.944992531,0.294829087,0.0
external_public,external_mat_bipolar_20260718,external_vl_vm_window,external_vl_vm_angle_features,ext_mat_14,ext_mat_14_trial_01,ext_mat_14_trial_01_w03,window_5s,stable squatting 1,unknown,stable,stable squatting 1,5.0,11730.0,0.138282,0.091573,328.784154,1521.0,4363.5,,,Mendeley 10.17632/37wyv32y8j.1,bipolar potential,-0.859234348,-1.038232558,-1.552387134,1.51007393,0.129667519,0.371994885,3.742536,0,0.211426165,0.103178171,-0.564987266,0.47430011,-0.744317888,-1.439887563,0.298946207,0.0
external_public,external_mat_bipolar_20260718,external_vl_vm_window,external_vl_vm_angle_features,ext_mat_14,ext_mat_14_trial_01,ext_mat_14_trial_01_w04,window_5s,stable squatting 1,unknown,stable,stable squatting 1,5.0,11730.0,0.137101,0.087446,321.00332,1659.0,4575.5,,,Mendeley 10.17632/37wyv32y8j.1,bipolar potential,-0.862959378,-1.058260051,-1.562788488,1.56783615,0.141432225,0.390068201,3.728017,0,0.184658741,-0.049332846,-0.639941284,1.015192127,-0.462551658,-1.150459302,0.258827779,0.0
external_public,external_mat_bipolar_20260718,external_vl_vm_window,external_vl_vm_angle_features,ext_mat_14,ext_mat_14_trial_01,ext_mat_14_trial_01_w05,window_5s,stable squatting 1,unknown,stable,stable squatting 1,5.0,11730.0,0.118183,0.075069,297.238947,1899.0,4743.5,,,Mendeley 10.17632/37wyv32y8j.1,bipolar potential,-0.92744499,-1.124539369,-1.596192298,1.574324954,0.161892583,0.404390452,3.690519,0,-0.278723766,-0.554055339,-0.880655113,1.075954028,0.027476563,-0.921101049,0.155214527,0.0
external_public,external_mat_bipolar_20260718,external_vl_vm_window,external_vl_vm_angle_features,ext_mat_14,ext_mat_14_trial_01,ext_mat_14_trial_01_w06,window_5s,stable squatting 1,unknown,stable,stable squatting 1,5.0,11730.0,0.127152,0.089627,326.536238,1447.5,4347.0,,,Mendeley 10.17632/37wyv32y8j.1,bipolar potential,-0.895676804,-1.04756114,-1.555366627,1.418679639,0.123401535,0.370588235,3.638868,0,-0.05044305,0.032140247,-0.586458026,-0.381526455,-0.894389016,-1.462413826,0.012494167,0.0
external_public,external_mat_bipolar_20260718,external_vl_vm_window,external_vl_vm_angle_features,ext_mat_14,ext_mat_14_trial_01,ext_mat_14_trial_01_w07,window_5s,stable squatting 1,unknown,stable,stable squatting 1,5.0,11730.0,0.109495,0.071839,285.136828,1774.0,4843.0,,,Mendeley 10.17632/37wyv32y8j.1,bipolar potential,-0.960605712,-1.143639722,-1.614244698,1.524172107,0.151236147,0.412872975,3.6898,0,-0.517011006,-0.699506108,-1.010743936,0.606317048,-0.227746458,-0.785260903,0.15322781,0.0
external_public,external_mat_bipolar_20260718,external_vl_vm_window,external_vl_vm_angle_features,ext_mat_14,ext_mat_14_trial_01,ext_mat_14_trial_01_w08,window_5s,stable squatting 1,unknown,stable,stable squatting 1,5.0,11730.0,0.131267,0.084703,312.573048,1736.5,4490.0,,,Mendeley 10.17632/37wyv32y8j.1,bipolar potential,-0.88184444,-1.072101208,-1.574346484,1.549732595,0.148039216,0.382779199,3.93348,0,0.048953936,-0.154734403,-0.72323027,0.845668373,-0.304313369,-1.267186259,0.826556446,0.0
external_public,external_mat_bipolar_20260718,external_vl_vm_window,external_vl_vm_angle_features,ext_mat_14,ext_mat_14_trial_01,ext_mat_14_trial_01_w09,window_5s,stable squatting 1,unknown,stable,stable squatting 1,5.0,11730.0,0.120098,0.081245,303.527163,1640.0,4627.5,,,Mendeley 10.17632/37wyv32y8j.1,bipolar potential,-0.920464225,-1.090203357,-1.587100449,1.478220198,0.139812447,0.394501279,3.83385,0,-0.228561191,-0.292583766,-0.815137623,0.17601813,-0.501345551,-1.079467457,0.551262076,0.0
external_public,external_mat_bipolar_20260718,external_vl_vm_window,external_vl_vm_angle_features,ext_mat_14,ext_mat_14_trial_01,ext_mat_14_trial_01_w10,window_5s,stable squatting 1,unknown,stable,stable squatting 1,5.0,11730.0,0.126362,0.081238,313.048767,1745.0,4741.5,,,Mendeley 10.17632/37wyv32y8j.1,bipolar potential,-0.898383509,-1.090240777,-1.573686015,1.555454344,0.148763853,0.404219949,3.73387,0,-0.069892967,-0.292868722,-0.718470812,0.899247483,-0.286958219,-0.923831504,0.275000598,0.0
external_public,external_mat_bipolar_20260718,external_vl_vm_window,external_vl_vm_angle_features,ext_mat_14,ext_mat_14_trial_01,ext_mat_14_trial_01_w11,window_5s,stable squatting 1,unknown,stable,stable squatting 1,5.0,11730.0,0.147972,0.099365,336.969605,1500.0,4280.0,,,Mendeley 10.17632/37wyv32y8j.1,bipolar potential,-0.829820456,-1.002766563,-1.541707283,1.489176269,0.127877238,0.364876385,3.820555,0,0.42278933,0.373254658,-0.48802635,0.278612029,-0.78719535,-1.55388408,0.514525765,0.0
external_public,external_mat_bipolar_20260718,external_vl_vm_window,external_vl_vm_angle_features,ext_mat_14,ext_mat_14_trial_01,ext_mat_14_trial_01_w12,window_5s,stable squatting 1,unknown,stable,stable squatting 1,5.0,11730.0,0.128725,0.083755,307.828245,1703.0,4674.5,,,Mendeley 10.17632/37wyv32y8j.1,bipolar potential,-0.8903371,-1.076989257,-1.580989546,1.536923169,0.145183291,0.398508099,3.785182,0,-0.012072857,-0.1919573,-0.771101363,0.725719447,-0.372713142,-1.015301759,0.416784244,0.0
external_public,external_mat_bipolar_20260718,external_vl_vm_window,external_vl_vm_angle_features,ext_mat_14,ext_mat_14_trial_01,ext_mat_14_trial_01_w13,window_5s,stable squatting 1,unknown,stable,stable squatting 1,5.0,11730.0,0.136463,0.085723,326.976133,1939.0,4633.5,,,Mendeley 10.17632/37wyv32y8j.1,bipolar potential,-0.864985085,-1.066902639,-1.554781959,1.59190649,0.165302643,0.395012788,3.894911,0,0.170102359,-0.115146869,-0.582244804,1.240589536,0.109147941,-1.07127609,0.719983842,0.0
external_public,external_mat_bipolar_20260718,external_vl_vm_window,external_vl_vm_angle_features,ext_mat_14,ext_mat_14_trial_01,ext_mat_14_trial_01_w14,window_5s,stable squatting 1,unknown,stable,stable squatting 1,5.0,11730.0,0.138501,0.094279,323.688954,1550.0,4339.0,,,Mendeley 10.17632/37wyv32y8j.1,bipolar potential,-0.858547091,-1.025585033,-1.559170133,1.469054614,0.132139812,0.369906223,3.77465,0,0.216364676,0.199490121,-0.61386677,0.090190556,-0.685106151,-1.473335648,0.387682565,0.0
external_public,external_mat_bipolar_20260718,external_vl_vm_window,external_vl_vm_angle_features,ext_mat_14,ext_mat_14_trial_01,ext_mat_14_trial_01_w15,window_5s,stable squatting 1,unknown,stable,stable squatting 1,5.0,11730.0,0.115331,0.070845,283.652026,2033.0,4925.0,,,Mendeley 10.17632/37wyv32y8j.1,bipolar potential,-0.938053942,-1.149690795,-1.616512122,1.627934223,0.173316283,0.419863598,3.858333,0,-0.354957869,-0.74558553,-1.027083399,1.577957337,0.301075655,-0.673312224,0.618912704,0.0
external_public,external_mat_bipolar_20260718,external_vl_vm_window,external_vl_vm_angle_features,ext_mat_14,ext_mat_14_trial_01,ext_mat_14_trial_01_w16,window_5s,stable squatting 1,unknown,stable,stable squatting 1,5.0,11730.0,0.150637,0.099648,336.218032,1519.0,4281.5,,,Mendeley 10.17632/37wyv32y8j.1,bipolar potential,-0.822068342,-1.001531413,-1.54267701,1.511691153,0.129497016,0.365004263,3.883266,0,0.478494686,0.382660428,-0.495014376,0.489443971,-0.748401457,-1.551836226,0.687806757,0.0
external_public,external_mat_bipolar_20260718,external_vl_vm_window,external_vl_vm_angle_features,ext_mat_14,ext_mat_14_trial_01,ext_mat_14_trial_01_w17,window_5s,stable squatting 1,unknown,stable,stable squatting 1,5.0,11729.0,0.152408,0.100377,335.047557,1512.0,4270.5,,,Mendeley 10.17632/37wyv32y8j.1,bipolar potential,-0.816992236,-0.998365788,-1.544154531,1.518355799,0.128911246,0.364097536,3.765319,0,0.51497071,0.406766924,-0.505661657,0.551852476,-0.762430725,-1.566356662,0.36189945,0.0
external_public,external_mat_bipolar_20260718,external_vl_vm_window,external_vl_vm_angle_features,ext_mat_14,ext_mat_14_trial_01,ext_mat_14_trial_01_w18,window_5s,stable squatting 1,unknown,stable,stable squatting 1,5.0,11729.0,0.114797,0.075291,291.896274,1803.0,4699.0,,,Mendeley 10.17632/37wyv32y8j.1,bipolar potential,-0.940069461,-1.123256935,-1.604032435,1.524710789,0.153721545,0.400630915,3.911206,0,-0.369441042,-0.544289498,-0.937152542,0.611361327,-0.168220854,-0.981306727,0.765009655,0.0
external_public,external_mat_bipolar_20260718,external_vl_vm_window,external_vl_vm_angle_features,ext_mat_14,ext_mat_14_trial_02,ext_mat_14_trial_02_w01,window_5s,stable squatting 2,unknown,stable,stable squatting 2,5.0,11771.0,0.126921,0.079121,312.823774,1899.5,4904.0,,,Mendeley 10.17632/37wyv32y8j.1,bipolar potential,-0.896466515,-1.101708232,-1.575513609,1.604137966,0.161371166,0.41661711,3.784598,0,-0.056117778,-0.380194341,-0.731640781,1.355126472,0.014988558,-0.725301874,0.415170555,0.0
external_public,external_mat_bipolar_20260718,external_vl_vm_window,external_vl_vm_angle_features,ext_mat_14,ext_mat_14_trial_02,ext_mat_14_trial_02_w02,window_5s,stable squatting 2,unknown,stable,stable squatting 2,5.0,11771.0,0.19144,0.120046,391.372603,1576.5,4241.5,,,Mendeley 10.17632/37wyv32y8j.1,bipolar potential,-0.717967314,-0.920652306,-1.478222939,1.594722023,0.133930847,0.360334721,3.784152,0,1.226546753,0.998561523,-0.030546812,1.266954508,-0.642210631,-1.626614834,0.413938182,0.0
external_public,external_mat_bipolar_20260718,external_vl_vm_window,external_vl_vm_angle_features,ext_mat_14,ext_mat_14_trial_02,ext_mat_14_trial_02_w03,window_5s,stable squatting 2,unknown,stable,stable squatting 2,5.0,11771.0,0.161921,0.101751,353.728835,1774.0,4548.5,,,Mendeley 10.17632/37wyv32y8j.1,bipolar potential,-0.790696823,-0.992461314,-1.522142896,1.59134554,0.15070937,0.386415768,3.722201,0,0.703925021,0.451729983,-0.347041878,1.235336736,-0.240362835,-1.208949805,0.242757197,0.0
external_public,external_mat_bipolar_20260718,external_vl_vm_window,external_vl_vm_angle_features,ext_mat_14,ext_mat_14_trial_02,ext_mat_14_trial_02_w04,window_5s,stable squatting 2,unknown,stable,stable squatting 2,5.0,11771.0,0.153859,0.089612,332.997826,2014.0,4862.5,,,Mendeley 10.17632/37wyv32y8j.1,bipolar potential,-0.812877095,-1.04763383,-1.548371962,1.716946391,0.171098462,0.413091496,3.847098,0,0.544541405,0.031586706,-0.536053219,2.411477431,0.247958555,-0.781761482,0.587868518,0.0
external_public,external_mat_bipolar_20260718,external_vl_vm_window,external_vl_vm_angle_features,ext_mat_14,ext_mat_14_trial_02,ext_mat_14_trial_02_w05,window_5s,stable squatting 2,unknown,stable,stable squatting 2,5.0,11771.0,0.195772,0.128176,399.62986,1442.5,4126.0,,,Mendeley 10.17632/37wyv32y8j.1,bipolar potential,-0.708249422,-0.892193286,-1.469155429,1.527368618,0.122546937,0.35052247,3.875895,0,1.296377852,1.215279316,0.034795286,0.636249541,-0.914856748,-1.783749404,0.66743945,0.0
external_public,external_mat_bipolar_20260718,external_vl_vm_window,external_vl_vm_angle_features,ext_mat_14,ext_mat_14_trial_02,ext_mat_14_trial_02_w06,window_5s,stable squatting 2,unknown,stable,stable squatting 2,5.0,11771.0,0.150606,0.09555,341.595157,1830.5,4725.5,,,Mendeley 10.17632/37wyv32y8j.1,bipolar potential,-0.822157726,-1.019769309,-1.537301655,1.576200942,0.155509303,0.401452723,3.815323,0,0.477852388,0.24377734,-0.456278606,1.093520993,-0.125403819,-0.968146195,0.500068873,0.0
external_public,external_mat_bipolar_20260718,external_vl_vm_window,external_vl_vm_angle_features,ext_mat_14,ext_mat_14_trial_02,ext_mat_14_trial_02_w07,window_5s,stable squatting 2,unknown,stable,stable squatting 2,5.0,11771.0,0.159296,0.101246,345.929699,1725.5,4538.5,,,Mendeley 10.17632/37wyv32y8j.1,bipolar potential,-0.797795129,-0.994622126,-1.531825511,1.573355984,0.146589075,0.385566222,3.748439,0,0.652917816,0.43527522,-0.416816533,1.066880482,-0.339044433,-1.222554537,0.315257184,0.0
external_public,external_mat_bipolar_20260718,external_vl_vm_window,external_vl_vm_angle_features,ext_mat_14,ext_mat_14_trial_02,ext_mat_14_trial_02_w08,window_5s,stable squatting 2,unknown,stable,stable squatting 2,5.0,11771.0,0.176844,0.116007,367.616295,1510.0,4203.5,,,Mendeley 10.17632/37wyv32y8j.1,bipolar potential,-0.75240967,-0.935515804,-1.505418606,1.52442525,0.128281369,0.357106448,3.768975,0,0.979049912,0.885374755,-0.226523653,0.608687508,-0.77751636,-1.678312787,0.37200159,0.0
external_public,external_mat_bipolar_20260718,external_vl_vm_window,external_vl_vm_angle_features,ext_mat_14,ext_mat_14_trial_02,ext_mat_14_trial_02_w09,window_5s,stable squatting 2,unknown,stable,stable squatting 2,5.0,11771.0,0.139302,0.088118,316.954759,1899.5,4854.0,,,Mendeley 10.17632/37wyv32y8j.1,bipolar potential,-0.856042648,-1.054935369,-1.569816083,1.580857487,0.161371166,0.412369382,3.839306,0,0.234361172,-0.024015118,-0.69058339,1.137125412,0.014988558,-0.793325502,0.566337918,0.0
external_public,external_mat_bipolar_20260718,external_vl_vm_window,external_vl_vm_angle_features,ext_mat_14,ext_mat_14_trial_02,ext_mat_14_trial_02_w10,window_5s,stable squatting 2,unknown,stable,stable squatting 2,5.0,11771.0,0.174723,0.104545,347.281995,1862.0,4643.0,,,Mendeley 10.17632/37wyv32y8j.1,bipolar potential,-0.757649922,-0.980696733,-1.530131092,1.671270745,0.158185371,0.394443972,3.974463,0,0.941394363,0.541318241,-0.404606247,1.983765472,-0.061311644,-1.080385178,0.939799336,0.0
external_public,external_mat_bipolar_20260718,external_vl_vm_window,external_vl_vm_angle_features,ext_mat_14,ext_mat_14_trial_02,ext_mat_14_trial_02_w11,window_5s,stable squatting 2,unknown,stable,stable squatting 2,5.0,11771.0,0.195812,0.125357,392.908147,1645.0,4225.5,,,Mendeley 10.17632/37wyv32y8j.1,bipolar potential,-0.708160697,-0.90185141,-1.476522326,1.562034829,0.139750234,0.358975448,4.045189,0,1.297015415,1.141731902,-0.018291891,0.960867895,-0.50283556,-1.648382396,1.135227115,0.0
external_public,external_mat_bipolar_20260718,external_vl_vm_window,external_vl_vm_angle_features,ext_mat_14,ext_mat_14_trial_02,ext_mat_14_trial_02_w12,window_5s,stable squatting 2,unknown,stable,stable squatting 2,5.0,11771.0,0.139095,0.084252,320.005721,2020.0,4946.0,,,Mendeley 10.17632/37wyv32y8j.1,bipolar potential,-0.856688481,-1.074419781,-1.565655617,1.650940037,0.17160819,0.420185201,3.884286,0,0.229720327,-0.172390528,-0.660602328,1.793386404,0.260166607,-0.668162035,0.690625188,0.0
external_public,external_mat_bipolar_20260718,external_vl_vm_window,external_vl_vm_angle_features,ext_mat_14,ext_mat_14_trial_02,ext_mat_14_trial_02_w13,window_5s,stable squatting 2,unknown,stable,stable squatting 2,5.0,11771.0,0.170028,0.109908,365.069248,1737.5,4468.5,,,Mendeley 10.17632/37wyv32y8j.1,bipolar potential,-0.769479554,-0.958970695,-1.508438108,1.547002948,0.147608529,0.379619404,4.019352,0,0.856388664,0.706763819,-0.248282724,0.820107647,-0.314628378,-1.317787597,1.063835158,0.0
external_public,external_mat_bipolar_20260718,external_vl_vm_window,external_vl_vm_angle_features,ext_mat_14,ext_mat_14_trial_02,ext_mat_14_trial_02_w14,window_5s,stable squatting 2,unknown,stable,stable squatting 2,5.0,11771.0,0.175349,0.109611,352.216385,1788.0,4643.5,,,Mendeley 10.17632/37wyv32y8j.1,bipolar potential,-0.756096707,-0.96014586,-1.524003804,1.599739077,0.151898734,0.39448645,3.975225,0,0.952555499,0.69781484,-0.360451914,1.313934774,-0.211877414,-1.07970493,0.94190487,0.0
external_public,external_mat_bipolar_20260718,external_vl_vm_window,external_vl_vm_angle_features,ext_mat_14,ext_mat_14_trial_02,ext_mat_14_trial_02_w15,window_5s,stable squatting 2,unknown,stable,stable squatting 2,5.0,11771.0,0.141137,0.087595,326.97345,1992.0,4905.5,,,Mendeley 10.17632/37wyv32y8j.1,bipolar potential,-0.850359118,-1.057520683,-1.55630087,1.611244934,0.169229462,0.416744542,3.989524,0,0.27520204,-0.043702498,-0.593190348,1.421676931,0.203195764,-0.723261163,0.981415401,0.0
external_public,external_mat_bipolar_20260718,external_vl_vm_window,external_vl_vm_angle_features,ext_mat_14,ext_mat_14_trial_02,ext_mat_14_trial_02_w16,window_5s,stable squatting 2,unknown,stable,stable squatting 2,5.0,11771.0,0.168418,0.109579,364.538371,1689.5,4447.5,,,Mendeley 10.17632/37wyv32y8j.1,bipolar potential,-0.773611494,-0.960272667,-1.509070111,1.536955074,0.143530711,0.377835358,3.953214,0,0.826697255,0.696849194,-0.252837051,0.726018209,-0.412292647,-1.346357524,0.881084792,0.0
external_public,external_mat_bipolar_20260718,external_vl_vm_window,external_vl_vm_angle_features,ext_mat_14,ext_mat_14_trial_02,ext_mat_14_trial_02_w17,window_5s,stable squatting 2,unknown,stable,stable squatting 2,5.0,11771.0,0.14375,0.091053,325.173825,1841.5,4782.0,,,Mendeley 10.17632/37wyv32y8j.1,bipolar potential,-0.842392147,-1.040705741,-1.55869778,1.578750837,0.156443803,0.406252655,3.948137,0,0.332451322,0.084344677,-0.61046291,1.117398501,-0.103022423,-0.891279505,0.867056191,0.0
external_public,external_mat_bipolar_20260718,external_vl_vm_window,external_vl_vm_angle_features,ext_mat_14,ext_mat_14_trial_02,ext_mat_14_trial_02_w18,window_5s,stable squatting 2,unknown,stable,stable squatting 2,5.0,11771.0,0.156459,0.092355,321.898907,2105.0,4959.0,,,Mendeley 10.17632/37wyv32y8j.1,bipolar potential,-0.80559945,-1.034539587,-1.563093858,1.694104272,0.178829326,0.42128961,3.947971,0,0.596837309,0.131300451,-0.642141834,2.197581223,0.433113748,-0.650475896,0.866597505,0.0
external_public,external_mat_bipolar_20260718,external_vl_vm_window,external_vl_vm_angle_features,ext_mat_14,ext_mat_14_trial_03,ext_mat_14_trial_03_w01,window_5s,unstable BOSU squatting,unknown,unstable,unstable BOSU squatting,5.0,11776.0,0.137901,0.096821,381.396208,1530.5,5155.5,,,Mendeley 10.17632/37wyv32y8j.1,bipolar potential,-0.860432584,-1.014030436,-1.489621426,1.424288119,0.129967731,0.437797215,2.758439,0,0.202815847,0.287479333,-0.112686348,-0.329008009,-0.737127772,-0.38612112,-2.420278559,0.0
external_public,external_mat_bipolar_20260718,external_vl_vm_window,external_vl_vm_angle_features,ext_mat_14,ext_mat_14_trial_03,ext_mat_14_trial_03_w02,window_5s,unstable BOSU squatting,unknown,unstable,unstable BOSU squatting,5.0,11776.0,0.141246,0.096691,402.437484,1761.0,5395.0,,,Mendeley 10.17632/37wyv32y8j.1,bipolar potential,-0.850023842,-1.014613948,-1.466299372,1.460797799,0.14954144,0.45813519,2.966363,0,0.277611276,0.283035841,0.055376544,0.012872799,-0.26833491,-0.060426337,-1.845749737,0.0
external_public,external_mat_bipolar_20260718,external_vl_vm_window,external_vl_vm_angle_features,ext_mat_14,ext_mat_14_trial_03,ext_mat_14_trial_03_w03,window_5s,unstable BOSU squatting,unknown,unstable,unstable BOSU squatting,5.0,11776.0,0.13301,0.092775,395.877062,1739.5,5431.0,,,Mendeley 10.17632/37wyv32y8j.1,bipolar potential,-0.876115707,-1.032569037,-1.473437459,1.433683643,0.147715693,0.461192255,2.801862,0,0.090119625,0.146306352,0.003938212,-0.24102725,-0.312061787,-0.01147013,-2.300293541,0.0
external_public,external_mat_bipolar_20260718,external_vl_vm_window,external_vl_vm_angle_features,ext_mat_14,ext_mat_14_trial_03,ext_mat_14_trial_03_w04,window_5s,unstable BOSU squatting,unknown,unstable,unstable BOSU squatting,5.0,11776.0,0.146387,0.10651,407.350572,1397.0,4973.5,,,Mendeley 10.17632/37wyv32y8j.1,bipolar potential,-0.834497489,-0.972609615,-1.461029467,1.37439677,0.118631114,0.422342052,3.170992,0,0.389180976,0.602902314,0.093352422,-0.796196292,-1.008641216,-0.633621963,-1.280325552,0.0
external_public,external_mat_bipolar_20260718,external_vl_vm_window,external_vl_vm_angle_features,ext_mat_14,ext_mat_14_trial_03,ext_mat_14_trial_03_w05,window_5s,unstable BOSU squatting,unknown,unstable,unstable BOSU squatting,5.0,11776.0,0.139271,0.097924,397.006689,1669.5,5251.5,,,Mendeley 10.17632/37wyv32y8j.1,bipolar potential,-0.856139306,-1.009110855,-1.472199973,1.422235611,0.141771399,0.445949389,2.781687,0,0.233666604,0.32494235,0.012855758,-0.348227928,-0.454428397,-0.255571223,-2.356040443,0.0
external_public,external_mat_bipolar_20260718,external_vl_vm_window,external_vl_vm_angle_features,ext_mat_14,ext_mat_14_trial_03,ext_mat_14_trial_03_w06,window_5s,unstable BOSU squatting,unknown,unstable,unstable BOSU squatting,5.0,11776.0,0.160762,0.112214,426.407891,1519.0,4902.0,,,Mendeley 10.17632/37wyv32y8j.1,bipolar potential,-0.793816599,-0.949952956,-1.441172564,1.432637639,0.128991168,0.41627038,2.902798,0,0.681506848,0.775434648,0.236444817,-0.250822151,-0.760516582,-0.73085445,-2.021390474,0.0
external_public,external_mat_bipolar_20260718,external_vl_vm_window,external_vl_vm_angle_features,ext_mat_14,ext_mat_14_trial_03,ext_mat_14_trial_03_w07,window_5s,unstable BOSU squatting,unknown,unstable,unstable BOSU squatting,5.0,11775.0,0.153719,0.111215,408.477945,1349.0,4784.5,,,Mendeley 10.17632/37wyv32y8j.1,bipolar potential,-0.813272449,-0.953836634,-1.459792303,1.382178663,0.114564756,0.406326964,3.143399,0,0.541700459,0.745860118,0.102267647,-0.723325758,-1.106031016,-0.890089512,-1.35656963,0.0
external_public,external_mat_bipolar_20260718,external_vl_vm_window,external_vl_vm_angle_features,ext_mat_14,ext_mat_14_trial_03,ext_mat_14_trial_03_w08,window_5s,unstable BOSU squatting,unknown,unstable,unstable BOSU squatting,5.0,11775.0,0.140226,0.096919,399.082006,1708.0,5210.0,,,Mendeley 10.17632/37wyv32y8j.1,bipolar potential,-0.853171454,-1.013591076,-1.469898769,1.446837049,0.145053079,0.442462845,3.185085,0,0.254993078,0.290825096,0.029438645,-0.117857256,-0.375831736,-0.311405159,-1.241384233,0.0
external_public,external_mat_bipolar_20260718,external_vl_vm_window,external_vl_vm_angle_features,ext_mat_14,ext_mat_14_trial_03,ext_mat_14_trial_03_w09,window_5s,unstable BOSU squatting,unknown,unstable,unstable BOSU squatting,5.0,11775.0,0.156827,0.110395,402.994587,1493.5,4876.5,,,Mendeley 10.17632/37wyv32y8j.1,bipolar potential,-0.804579165,-0.957050596,-1.465661703,1.420598759,0.126836518,0.414140127,3.030763,0,0.604168902,0.721385531,0.059971701,-0.363555597,-0.812120729,-0.764968578,-1.667801756,0.0
external_public,external_mat_bipolar_20260718,external_vl_vm_window,external_vl_vm_angle_features,ext_mat_14,ext_mat_14_trial_03,ext_mat_14_trial_03_w10,window_5s,unstable BOSU squatting,unknown,unstable,unstable BOSU squatting,5.0,11775.0,0.149951,0.101599,407.330012,1659.0,5212.0,,,Mendeley 10.17632/37wyv32y8j.1,bipolar potential,-0.824050634,-0.993110567,-1.461014506,1.475910196,0.14089172,0.442632696,2.780023,0,0.464250277,0.446785867,0.093460234,0.154387008,-0.475496823,-0.308685145,-2.360638354,0.0
external_public,external_mat_bipolar_20260718,external_vl_vm_window,external_vl_vm_angle_features,ext_mat_14,ext_mat_14_trial_03,ext_mat_14_trial_03_w11,window_5s,unstable BOSU squatting,unknown,unstable,unstable BOSU squatting,5.0,11775.0,0.124764,0.087332,368.442589,1763.0,5539.0,,,Mendeley 10.17632/37wyv32y8j.1,bipolar potential,-0.90391071,-1.058826594,-1.50459109,1.428617231,0.149723992,0.470403397,3.099681,0,-0.109610482,-0.053647118,-0.220560425,-0.28846971,-0.263962766,0.136038208,-1.477369784,0.0
external_public,external_mat_bipolar_20260718,external_vl_vm_window,external_vl_vm_angle_features,ext_mat_14,ext_mat_14_trial_03,ext_mat_14_trial_03_w12,window_5s,unstable BOSU squatting,unknown,unstable,unstable BOSU squatting,5.0,11775.0,0.17192,0.118651,414.856715,1404.0,4812.0,,,Mendeley 10.17632/37wyv32y8j.1,bipolar potential,-0.764673598,-0.925728597,-1.453062792,1.44895534,0.119235669,0.40866242,3.180774,0,0.890923437,0.959905147,0.150761707,-0.098021338,-0.994162045,-0.852689238,-1.253296248,0.0
external_public,external_mat_bipolar_20260718,external_vl_vm_window,external_vl_vm_angle_features,ext_mat_14,ext_mat_14_trial_03,ext_mat_14_trial_03_w13,window_5s,unstable BOSU squatting,unknown,unstable,unstable BOSU squatting,5.0,11775.0,0.139035,0.094323,377.175915,1780.5,5436.5,,,Mendeley 10.17632/37wyv32y8j.1,bipolar potential,-0.856875859,-1.025382395,-1.494416963,1.474030724,0.151210191,0.461698514,3.030749,0,0.228373861,0.201033226,-0.147243846,0.136787418,-0.228368108,-0.003362837,-1.66784044,0.0
external_public,external_mat_bipolar_20260718,external_vl_vm_window,external_vl_vm_angle_features,ext_mat_14,ext_mat_14_trial_03,ext_mat_14_trial_03_w14,window_5s,unstable BOSU squatting,unknown,unstable,unstable BOSU squatting,5.0,11775.0,0.128539,0.086871,372.006456,1900.0,5533.0,,,Mendeley 10.17632/37wyv32y8j.1,bipolar potential,-0.890965083,-1.061125179,-1.500410439,1.479653739,0.161358811,0.469893843,3.150416,0,-0.016585434,-0.071151033,-0.190433906,0.189441972,0.014692654,0.127878149,-1.337180485,0.0
external_public,external_mat_bipolar_20260718,external_vl_vm_window,external_vl_vm_angle_features,ext_mat_14,ext_mat_14_trial_03,ext_mat_14_trial_03_w15,window_5s,unstable BOSU squatting,unknown,unstable,unstable BOSU squatting,5.0,11775.0,0.13877,0.098425,379.39493,1568.0,5053.0,,,Mendeley 10.17632/37wyv32y8j.1,bipolar potential,-0.857704412,-1.006894577,-1.491869393,1.40990602,0.133163482,0.429129512,3.281897,0,0.222420022,0.34181949,-0.128885601,-0.463683624,-0.660589122,-0.52492676,-0.973876469,0.0
external_public,external_mat_bipolar_20260718,external_vl_vm_window,external_vl_vm_angle_features,ext_mat_14,ext_mat_14_trial_03,ext_mat_14_trial_03_w16,window_5s,unstable BOSU squatting,unknown,unstable,unstable BOSU squatting,5.0,11775.0,0.160595,0.100732,401.049495,1802.0,5482.0,,,Mendeley 10.17632/37wyv32y8j.1,bipolar potential,-0.79426798,-0.996832543,-1.467762942,1.594279871,0.153036093,0.465562633,3.611849,0,0.678263302,0.418442712,0.044829797,1.262814146,-0.184637518,0.05851763,-0.062163854,0.0
external_public,external_mat_bipolar_20260718,external_vl_vm_window,external_vl_vm_angle_features,ext_mat_14,ext_mat_14_trial_03,ext_mat_14_trial_03_w17,window_5s,unstable BOSU squatting,unknown,unstable,unstable BOSU squatting,5.0,11775.0,0.158423,0.106628,404.475353,1669.5,5126.0,,,Mendeley 10.17632/37wyv32y8j.1,bipolar potential,-0.800181767,-0.972128737,-1.464068853,1.485754211,0.141783439,0.435329087,3.440272,0,0.635767847,0.60656424,0.071450063,0.246567488,-0.454140037,-0.425646019,-0.53625983,0.0
external_public,external_mat_bipolar_20260718,external_vl_vm_window,external_vl_vm_angle_features,ext_mat_14,ext_mat_14_trial_03,ext_mat_14_trial_03_w18,window_5s,unstable BOSU squatting,unknown,unstable,unstable BOSU squatting,5.0,11775.0,0.157196,0.10971,397.384788,1478.0,4982.0,,,Mendeley 10.17632/37wyv32y8j.1,bipolar potential,-0.803558509,-0.959753785,-1.471749678,1.432832012,0.12552017,0.423099788,3.090123,0,0.61150316,0.700800523,0.016100664,-0.24900202,-0.843647434,-0.621487487,-1.503780138,0.0
external_public,external_mat_bipolar_20260718,external_vl_vm_window,external_vl_vm_angle_features,ext_mat_15,ext_mat_15_trial_01,ext_mat_15_trial_01_w01,window_5s,stable squatting 1,unknown,stable,stable squatting 1,5.0,11852.0,0.186876,0.130621,443.245807,1361.5,5153.0,,,Mendeley 10.17632/37wyv32y8j.1,bipolar potential,-0.72844647,-0.883986996,-1.427147007,1.430673475,0.114875127,0.43477894,3.118631,0,1.151245342,1.277770893,0.337515489,-0.269214807,-1.09859759,-0.43445614,-1.425007761,0.0
external_public,external_mat_bipolar_20260718,external_vl_vm_window,external_vl_vm_angle_features,ext_mat_15,ext_mat_15_trial_01,ext_mat_15_trial_01_w02,window_5s,stable squatting 1,unknown,stable,stable squatting 1,5.0,11852.0,0.198421,0.13368,455.431156,1349.0,5075.0,,,Mendeley 10.17632/37wyv32y8j.1,bipolar potential,-0.702412366,-0.873933563,-1.415368905,1.484298324,0.113820452,0.428197773,3.153581,0,1.338321932,1.354328618,0.422390598,0.232934396,-1.123857193,-0.539847741,-1.32843506,0.0
external_public,external_mat_bipolar_20260718,external_vl_vm_window,external_vl_vm_angle_features,ext_mat_15,ext_mat_15_trial_01,ext_mat_15_trial_01_w03,window_5s,stable squatting 1,unknown,stable,stable squatting 1,5.0,11852.0,0.191496,0.137855,457.20386,1290.5,4927.5,,,Mendeley 10.17632/37wyv32y8j.1,bipolar potential,-0.717840293,-0.860577477,-1.413681754,1.389111748,0.108884576,0.415752616,3.111647,0,1.227459504,1.456036318,0.43454851,-0.658403559,-1.242072062,-0.739145985,-1.444305722,0.0
external_public,external_mat_bipolar_20260718,external_vl_vm_window,external_vl_vm_angle_features,ext_mat_15,ext_mat_15_trial_01,ext_mat_15_trial_01_w04,window_5s,stable squatting 1,unknown,stable,stable squatting 1,5.0,11852.0,0.181729,0.125456,436.375669,1386.0,5238.5,,,Mendeley 10.17632/37wyv32y8j.1,bipolar potential,-0.740575763,-0.901508563,-1.433931115,1.448547698,0.116942288,0.441992913,3.101102,0,1.064086331,1.14434271,0.288627993,-0.101838544,-1.049088817,-0.318930707,-1.473443323,0.0
external_public,external_mat_bipolar_20260718,external_vl_vm_window,external_vl_vm_angle_features,ext_mat_15,ext_mat_15_trial_01,ext_mat_15_trial_01_w05,window_5s,stable squatting 1,unknown,stable,stable squatting 1,5.0,11852.0,0.227505,0.154115,488.020591,1299.0,4877.5,,,Mendeley 10.17632/37wyv32y8j.1,bipolar potential,-0.643009054,-0.812155089,-1.385353496,1.476202836,0.109601755,0.411533918,3.192945,0,1.765183906,1.824776811,0.638687004,0.157127323,-1.224895532,-0.806704723,-1.219665738,0.0
external_public,external_mat_bipolar_20260718,external_vl_vm_window,external_vl_vm_angle_features,ext_mat_15,ext_mat_15_trial_01,ext_mat_15_trial_01_w06,window_5s,stable squatting 1,unknown,stable,stable squatting 1,5.0,11852.0,0.209773,0.152742,481.294427,1183.5,4881.5,,,Mendeley 10.17632/37wyv32y8j.1,bipolar potential,-0.678250411,-0.816041527,-1.39138081,1.373381257,0.099856564,0.411871414,3.276693,0,1.511945581,1.795181264,0.595253101,-0.805705671,-1.458294117,-0.801300022,-0.988255993,0.0
external_public,external_mat_bipolar_20260718,external_vl_vm_window,external_vl_vm_angle_features,ext_mat_15,ext_mat_15_trial_01,ext_mat_15_trial_01_w07,window_5s,stable squatting 1,unknown,stable,stable squatting 1,5.0,11852.0,0.159915,0.110157,421.541229,1577.0,5403.5,,,Mendeley 10.17632/37wyv32y8j.1,bipolar potential,-0.796110798,-0.9579879,-1.448951585,1.451700754,0.133057712,0.455914614,3.070463,0,0.665021129,0.714247884,0.1803878,-0.072312968,-0.663122328,-0.095986909,-1.558104009,0.0
external_public,external_mat_bipolar_20260718,external_vl_vm_window,external_vl_vm_angle_features,ext_mat_15,ext_mat_15_trial_01,ext_mat_15_trial_01_w08,window_5s,stable squatting 1,unknown,stable,stable squatting 1,5.0,11852.0,0.210925,0.148076,474.446259,1288.0,4851.0,,,Mendeley 10.17632/37wyv32y8j.1,bipolar potential,-0.675871942,-0.829515326,-1.397604616,1.424437451,0.108673642,0.409298009,3.362993,0,1.52903685,1.69257717,0.550403242,-0.327609647,-1.247123958,-0.84251084,-0.749794645,0.0
external_public,external_mat_bipolar_20260718,external_vl_vm_window,external_vl_vm_angle_features,ext_mat_15,ext_mat_15_trial_01,ext_mat_15_trial_01_w09,window_5s,stable squatting 1,unknown,stable,stable squatting 1,5.0,11852.0,0.224057,0.154767,477.056117,1239.0,4928.5,,,Mendeley 10.17632/37wyv32y8j.1,bipolar potential,-0.649641483,-0.810321636,-1.395222174,1.44770526,0.104539318,0.41583699,3.219532,0,1.717524413,1.838738708,0.567571545,-0.10972723,-1.346141553,-0.73779481,-1.146201405,0.0
external_public,external_mat_bipolar_20260718,external_vl_vm_window,external_vl_vm_angle_features,ext_mat_15,ext_mat_15_trial_01,ext_mat_15_trial_01_w10,window_5s,stable squatting 1,unknown,stable,stable squatting 1,5.0,11852.0,0.179444,0.123223,428.594731,1570.5,5371.0,,,Mendeley 10.17632/37wyv32y8j.1,bipolar potential,-0.746071058,-0.909308222,-1.441744815,1.456254108,0.132509281,0.45317246,3.202873,0,1.024598087,1.084947661,0.232321073,-0.029674842,-0.676257321,-0.139900094,-1.192233011,0.0
external_public,external_mat_bipolar_20260718,external_vl_vm_window,external_vl_vm_angle_features,ext_mat_15,ext_mat_15_trial_01,ext_mat_15_trial_01_w11,window_5s,stable squatting 1,unknown,stable,stable squatting 1,5.0,11852.0,0.190825,0.13568,461.631354,1494.5,5052.5,,,Mendeley 10.17632/37wyv32y8j.1,bipolar potential,-0.719364729,-0.867484165,-1.409496344,1.406434257,0.126096861,0.426299359,3.296827,0,1.21650517,1.403441318,0.464709323,-0.496193609,-0.829835609,-0.570249172,-0.93262238,0.0
external_public,external_mat_bipolar_20260718,external_vl_vm_window,external_vl_vm_angle_features,ext_mat_15,ext_mat_15_trial_01,ext_mat_15_trial_01_w12,window_5s,stable squatting 1,unknown,stable,stable squatting 1,5.0,11852.0,0.175604,0.121585,432.652363,1583.0,5354.0,,,Mendeley 10.17632/37wyv32y8j.1,bipolar potential,-0.755465596,-0.915120001,-1.437652563,1.444290003,0.133563955,0.451738103,3.377042,0,0.957090554,1.040690483,0.261810573,-0.141708086,-0.650997742,-0.162870059,-0.710974905,0.0
external_public,external_mat_bipolar_20260718,external_vl_vm_window,external_vl_vm_angle_features,ext_mat_15,ext_mat_15_trial_01,ext_mat_15_trial_01_w13,window_5s,stable squatting 1,unknown,stable,stable squatting 1,5.0,11852.0,0.150429,0.100972,399.59005,1798.5,5747.5,,,Mendeley 10.17632/37wyv32y8j.1,bipolar potential,-0.822668432,-0.995799041,-1.472176977,1.489809056,0.151746541,0.484939251,3.267979,0,0.474182543,0.426312915,0.013021471,0.284537519,-0.215522456,0.368817126,-1.012334234,0.0
external_public,external_mat_bipolar_20260718,external_vl_vm_window,external_vl_vm_angle_features,ext_mat_15,ext_mat_15_trial_01,ext_mat_15_trial_01_w14,window_5s,stable squatting 1,unknown,stable,stable squatting 1,5.0,11852.0,0.199102,0.136575,456.780576,1476.5,5158.5,,,Mendeley 10.17632/37wyv32y8j.1,bipolar potential,-0.700924377,-0.864628791,-1.414084015,1.45782171,0.12457813,0.435242997,3.298928,0,1.349014365,1.425185227,0.431649746,-0.014995638,-0.866209413,-0.427024675,-0.926816965,0.0
external_public,external_mat_bipolar_20260718,external_vl_vm_window,external_vl_vm_angle_features,ext_mat_15,ext_mat_15_trial_01,ext_mat_15_trial_01_w15,window_5s,stable squatting 1,unknown,stable,stable squatting 1,5.0,11851.0,0.165682,0.114508,422.415886,1724.0,5481.5,,,Mendeley 10.17632/37wyv32y8j.1,bipolar potential,-0.780724672,-0.941164171,-1.448014756,1.446903273,0.145472956,0.462534807,3.417217,0,0.775583182,0.842361973,0.187138757,-0.117237127,-0.365775628,0.01002966,-0.599964654,0.0
external_public,external_mat_bipolar_20260718,external_vl_vm_window,external_vl_vm_angle_features,ext_mat_15,ext_mat_15_trial_01,ext_mat_15_trial_01_w16,window_5s,stable squatting 1,unknown,stable,stable squatting 1,5.0,11851.0,0.156979,0.0995,398.467625,2103.5,5756.5,,,Mendeley 10.17632/37wyv32y8j.1,bipolar potential,-0.804158442,-1.002176919,-1.473361957,1.577678392,0.17749557,0.4857396,3.499007,0,0.607192145,0.377744846,0.004482293,1.107356003,0.40117012,0.381634011,-0.373965191,0.0
external_public,external_mat_bipolar_20260718,external_vl_vm_window,external_vl_vm_angle_features,ext_mat_15,ext_mat_15_trial_01,ext_mat_15_trial_01_w17,window_5s,stable squatting 1,unknown,stable,stable squatting 1,5.0,11851.0,0.19733,0.135733,444.422462,1424.5,5105.0,,,Mendeley 10.17632/37wyv32y8j.1,bipolar potential,-0.704806884,-0.867314552,-1.425958997,1.453810054,0.120200827,0.430765336,3.217284,0,1.321115338,1.404732935,0.346076501,-0.052561242,-0.971046386,-0.498730478,-1.152413006,0.0
external_public,external_mat_bipolar_20260718,external_vl_vm_window,external_vl_vm_angle_features,ext_mat_15,ext_mat_15_trial_01,ext_mat_15_trial_01_w18,window_5s,stable squatting 1,unknown,stable,stable squatting 1,5.0,11851.0,0.186412,0.119258,419.452709,1531.0,5389.5,,,Mendeley 10.17632/37wyv32y8j.1,bipolar potential,-0.729526134,-0.923512478,-1.451071995,1.563098492,0.12918741,0.454771749,3.426476,0,1.143487063,0.976781076,0.165107746,0.970828157,-0.755816561,-0.114288887,-0.574380487,0.0
external_public,external_mat_bipolar_20260718,external_vl_vm_window,external_vl_vm_angle_features,ext_mat_15,ext_mat_15_trial_02,ext_mat_15_trial_02_w01,window_5s,stable squatting 2,unknown,stable,stable squatting 2,5.0,11818.0,0.186317,0.131876,474.3454,1386.5,4934.0,,,Mendeley 10.17632/37wyv32y8j.1,bipolar potential,-0.729747517,-0.879834234,-1.396449292,1.412819618,0.117321036,0.417498731,3.118127,0,1.141896242,1.30939452,0.558728714,-0.43640036,-1.040017753,-0.711183489,-1.426400397,0.0
external_public,external_mat_bipolar_20260718,external_vl_vm_window,external_vl_vm_angle_features,ext_mat_15,ext_mat_15_trial_02,ext_mat_15_trial_02_w02,window_5s,stable squatting 2,unknown,stable,stable squatting 2,5.0,11818.0,0.187676,0.131671,463.014106,1447.0,4908.0,,,Mendeley 10.17632/37wyv32y8j.1,bipolar potential,-0.726591261,-0.880509866,-1.406949763,1.425340432,0.122440345,0.415298697,3.208464,0,1.164576555,1.304249526,0.483060441,-0.31915403,-0.917409641,-0.746415099,-1.176784142,0.0
external_public,external_mat_bipolar_20260718,external_vl_vm_window,external_vl_vm_angle_features,ext_mat_15,ext_mat_15_trial_02,ext_mat_15_trial_02_w03,window_5s,stable squatting 2,unknown,stable,stable squatting 2,5.0,11818.0,0.175367,0.121572,452.314624,1421.5,5118.0,,,Mendeley 10.17632/37wyv32y8j.1,bipolar potential,-0.756052127,-0.915166439,-1.417103356,1.442494982,0.12028262,0.433068201,3.223941,0,0.952875843,1.040336854,0.409891834,-0.158516867,-0.969087433,-0.46185212,-1.1340186,0.0
external_public,external_mat_bipolar_20260718,external_vl_vm_window,external_vl_vm_angle_features,ext_mat_15,ext_mat_15_trial_02,ext_mat_15_trial_02_w04,window_5s,stable squatting 2,unknown,stable,stable squatting 2,5.0,11818.0,0.194962,0.140281,476.39161,1324.5,4807.0,,,Mendeley 10.17632/37wyv32y8j.1,bipolar potential,-0.710050029,-0.853001147,-1.394579881,1.389796195,0.112074801,0.406752412,3.148712,0,1.283439,1.513730699,0.572200024,-0.651994319,-1.16566576,-0.883276337,-1.341888922,0.0
external_public,external_mat_bipolar_20260718,external_vl_vm_window,external_vl_vm_angle_features,ext_mat_15,ext_mat_15_trial_02,ext_mat_15_trial_02_w05,window_5s,stable squatting 2,unknown,stable,stable squatting 2,5.0,11818.0,0.154774,0.103469,417.430445,1848.5,5451.0,,,Mendeley 10.17632/37wyv32y8j.1,bipolar potential,-0.810301993,-0.985189748,-1.451959865,1.495848998,0.156413945,0.461245558,3.275541,0,0.563045645,0.50710356,0.158709596,0.341096224,-0.103737526,-0.010616529,-0.991439162,0.0
external_public,external_mat_bipolar_20260718,external_vl_vm_window,external_vl_vm_angle_features,ext_mat_15,ext_mat_15_trial_02,ext_mat_15_trial_02_w06,window_5s,stable squatting 2,unknown,stable,stable squatting 2,5.0,11818.0,0.15615,0.106098,429.784893,1857.0,5312.0,,,Mendeley 10.17632/37wyv32y8j.1,bipolar potential,-0.806458011,-0.974292803,-1.43929284,1.471752531,0.157133187,0.449483838,3.205549,0,0.590667838,0.590084698,0.249990444,0.115454159,-0.086511587,-0.198970131,-1.184838775,0.0
external_public,external_mat_bipolar_20260718,external_vl_vm_window,external_vl_vm_angle_features,ext_mat_15,ext_mat_15_trial_02,ext_mat_15_trial_02_w07,window_5s,stable squatting 2,unknown,stable,stable squatting 2,5.0,11817.0,0.178052,0.125778,451.016024,1551.5,5135.5,,,Mendeley 10.17632/37wyv32y8j.1,bipolar potential,-0.749453144,-0.900395315,-1.418315263,1.415605273,0.131293899,0.434585766,3.372988,0,1.000294999,1.152820186,0.401158616,-0.410315169,-0.705365877,-0.437549651,-0.722176786,0.0
external_public,external_mat_bipolar_20260718,external_vl_vm_window,external_vl_vm_angle_features,ext_mat_15,ext_mat_15_trial_02,ext_mat_15_trial_02_w08,window_5s,stable squatting 2,unknown,stable,stable squatting 2,5.0,11817.0,0.157108,0.105506,414.699071,1705.0,5412.0,,,Mendeley 10.17632/37wyv32y8j.1,bipolar potential,-0.8038017,-0.976722842,-1.454774173,1.489090668,0.144283659,0.45798426,3.326625,0,0.609755631,0.57157975,0.138429189,0.277810451,-0.394259445,-0.062843348,-0.850285517,0.0
external_public,external_mat_bipolar_20260718,external_vl_vm_window,external_vl_vm_angle_features,ext_mat_15,ext_mat_15_trial_02,ext_mat_15_trial_02_w09,window_5s,stable squatting 2,unknown,stable,stable squatting 2,5.0,11817.0,0.177373,0.119326,437.76242,1716.0,5198.0,,,Mendeley 10.17632/37wyv32y8j.1,bipolar potential,-0.751112488,-0.923264917,-1.431268759,1.486457268,0.145214521,0.439874757,3.390622,0,0.988371239,0.978666274,0.307813407,0.253150994,-0.37196518,-0.352851112,-0.673451092,0.0
external_public,external_mat_bipolar_20260718,external_vl_vm_window,external_vl_vm_angle_features,ext_mat_15,ext_mat_15_trial_02,ext_mat_15_trial_02_w10,window_5s,stable squatting 2,unknown,stable,stable squatting 2,5.0,11817.0,0.182212,0.129405,450.260175,1498.5,5164.5,,,Mendeley 10.17632/37wyv32y8j.1,bipolar potential,-0.739423025,-0.888048943,-1.4190437,1.408075422,0.126808835,0.437039858,3.301942,0,1.072369707,1.246838831,0.395909368,-0.480825553,-0.81278374,-0.398249526,-0.918488779,0.0
external_public,external_mat_bipolar_20260718,external_vl_vm_window,external_vl_vm_angle_features,ext_mat_15,ext_mat_15_trial_02,ext_mat_15_trial_02_w11,window_5s,stable squatting 2,unknown,stable,stable squatting 2,5.0,11817.0,0.144775,0.093796,399.56936,2115.0,5549.0,,,Mendeley 10.17632/37wyv32y8j.1,bipolar potential,-0.839306426,-1.027815682,-1.470915058,1.543509318,0.178979436,0.469577727,3.508096,0,0.354624782,0.182503544,0.022115085,0.787392897,0.436708902,0.122815829,-0.348850763,0.0
external_public,external_mat_bipolar_20260718,external_vl_vm_window,external_vl_vm_angle_features,ext_mat_15,ext_mat_15_trial_02,ext_mat_15_trial_02_w12,window_5s,stable squatting 2,unknown,stable,stable squatting 2,5.0,11817.0,0.163767,0.113373,434.843591,1729.5,5305.0,,,Mendeley 10.17632/37wyv32y8j.1,bipolar potential,-0.785773607,-0.945490361,-1.434174162,1.444497367,0.146356943,0.448929508,3.366953,0,0.739302404,0.809417678,0.286876553,-0.139766305,-0.344604025,-0.207847238,-0.738852502,0.0
external_public,external_mat_bipolar_20260718,external_vl_vm_window,external_vl_vm_angle_features,ext_mat_15,ext_mat_15_trial_02,ext_mat_15_trial_02_w13,window_5s,stable squatting 2,unknown,stable,stable squatting 2,5.0,11817.0,0.17188,0.117782,422.880733,1619.5,5225.5,,,Mendeley 10.17632/37wyv32y8j.1,bipolar potential,-0.764774655,-0.928921075,-1.446289337,1.459306176,0.13704832,0.442201912,3.263058,0,0.890197258,0.935594162,0.199572435,-0.001094929,-0.56754675,-0.315583771,-1.02593178,0.0
external_public,external_mat_bipolar_20260718,external_vl_vm_window,external_vl_vm_angle_features,ext_mat_15,ext_mat_15_trial_02,ext_mat_15_trial_02_w14,window_5s,stable squatting 2,unknown,stable,stable squatting 2,5.0,11817.0,0.145138,0.094926,392.504376,2024.5,5719.5,,,Mendeley 10.17632/37wyv32y8j.1,bipolar potential,-0.838218866,-1.022614819,-1.478662733,1.5289594,0.171320978,0.484006093,3.32138,0,0.362439801,0.222108546,-0.033716047,0.651145805,0.253287842,0.353873421,-0.86477833,0.0
external_public,external_mat_bipolar_20260718,external_vl_vm_window,external_vl_vm_angle_features,ext_mat_15,ext_mat_15_trial_02,ext_mat_15_trial_02_w15,window_5s,stable squatting 2,unknown,stable,stable squatting 2,5.0,11817.0,0.181661,0.124067,442.122564,1610.0,5180.0,,,Mendeley 10.17632/37wyv32y8j.1,bipolar potential,-0.740738299,-0.906343719,-1.426964556,1.464216915,0.136244394,0.438351527,3.386239,0,1.062918375,1.107522597,0.338830263,0.044889791,-0.586800882,-0.377244301,-0.685562055,0.0
external_public,external_mat_bipolar_20260718,external_vl_vm_window,external_vl_vm_angle_features,ext_mat_15,ext_mat_15_trial_02,ext_mat_15_trial_02_w16,window_5s,stable squatting 2,unknown,stable,stable squatting 2,5.0,11817.0,0.190153,0.131081,456.681634,1490.0,5152.5,,,Mendeley 10.17632/37wyv32y8j.1,bipolar potential,-0.720896818,-0.882460254,-1.412893689,1.45065265,0.126089532,0.436024372,3.296609,0,1.205495842,1.28939716,0.440227448,-0.082127533,-0.83001114,-0.414511641,-0.93322475,0.0
external_public,external_mat_bipolar_20260718,external_vl_vm_window,external_vl_vm_angle_features,ext_mat_15,ext_mat_15_trial_02,ext_mat_15_trial_02_w17,window_5s,stable squatting 2,unknown,stable,stable squatting 2,5.0,11817.0,0.168219,0.110925,426.799359,1826.5,5426.5,,,Mendeley 10.17632/37wyv32y8j.1,bipolar potential,-0.774124953,-0.954970563,-1.442283477,1.516511156,0.154565457,0.459211306,3.323753,0,0.823007627,0.737225155,0.228439379,0.534579029,-0.148009053,-0.043193286,-0.858221334,0.0
external_public,external_mat_bipolar_20260718,external_vl_vm_window,external_vl_vm_angle_features,ext_mat_15,ext_mat_15_trial_02,ext_mat_15_trial_02_w18,window_5s,stable squatting 2,unknown,stable,stable squatting 2,5.0,11817.0,0.211632,0.149842,478.907424,1263.5,4766.0,,,Mendeley 10.17632/37wyv32y8j.1,bipolar potential,-0.674418664,-0.824366439,-1.392255666,1.412367694,0.106922231,0.403317255,3.33636,0,1.539479856,1.73178637,0.588948733,-0.440632228,-1.289070478,-0.938287355,-0.823386082,0.0
external_public,external_mat_bipolar_20260718,external_vl_vm_window,external_vl_vm_angle_features,ext_mat_15,ext_mat_15_trial_03,ext_mat_15_trial_03_w01,window_5s,unstable BOSU squatting,unknown,unstable,unstable BOSU squatting,5.0,11881.0,0.182289,0.130484,586.272755,1709.5,6110.0,,,Mendeley 10.17632/37wyv32y8j.1,bipolar potential,-0.739239538,-0.884442738,-1.306753284,1.397021857,0.143885195,0.514266476,2.682579,0,1.073688213,1.27430038,1.20509419,-0.584332396,-0.403802709,0.838466841,-2.62989244,0.0
external_public,external_mat_bipolar_20260718,external_vl_vm_window,external_vl_vm_angle_features,ext_mat_15,ext_mat_15_trial_03,ext_mat_15_trial_03_w02,window_5s,unstable BOSU squatting,unknown,unstable,unstable BOSU squatting,5.0,11881.0,0.18107,0.130357,579.776392,1818.5,6236.0,,,Mendeley 10.17632/37wyv32y8j.1,bipolar potential,-0.742153498,-0.884865643,-1.311592469,1.389031659,0.153059507,0.524871644,2.816953,0,1.052748999,1.271079924,1.170222157,-0.659153522,-0.18407675,1.00829928,-2.258594581,0.0
external_public,external_mat_bipolar_20260718,external_vl_vm_window,external_vl_vm_angle_features,ext_mat_15,ext_mat_15_trial_03,ext_mat_15_trial_03_w03,window_5s,unstable BOSU squatting,unknown,unstable,unstable BOSU squatting,5.0,11881.0,0.175659,0.120474,587.555887,2012.5,6427.0,,,Mendeley 10.17632/37wyv32y8j.1,bipolar potential,-0.755329594,-0.91910667,-1.305803814,1.458065641,0.169388099,0.540947732,2.721563,0,0.958067841,1.010331669,1.21193624,-0.01271144,0.20699514,1.265743691,-2.522173121,0.0
external_public,external_mat_bipolar_20260718,external_vl_vm_window,external_vl_vm_angle_features,ext_mat_15,ext_mat_15_trial_03,ext_mat_15_trial_03_w04,window_5s,unstable BOSU squatting,unknown,unstable,unstable BOSU squatting,5.0,11881.0,0.177155,0.127827,590.638233,1826.0,6230.0,,,Mendeley 10.17632/37wyv32y8j.1,bipolar potential,-0.751646586,-0.893377404,-1.30353144,1.385896563,0.153690767,0.524366636,2.842685,0,0.984533302,1.206262159,1.228311374,-0.688510918,-0.168957991,1.000212021,-2.187492757,0.0
external_public,external_mat_bipolar_20260718,external_vl_vm_window,external_vl_vm_angle_features,ext_mat_15,ext_mat_15_trial_03,ext_mat_15_trial_03_w05,window_5s,unstable BOSU squatting,unknown,unstable,unstable BOSU squatting,5.0,11881.0,0.161667,0.114239,566.108703,2138.5,6601.5,,,Mendeley 10.17632/37wyv32y8j.1,bipolar potential,-0.791378621,-0.942185607,-1.321953164,1.415164699,0.179993267,0.555635048,2.820734,0,0.699025738,0.834583653,1.095561136,-0.414440754,0.460990286,1.500948139,-2.248147045,0.0
external_public,external_mat_bipolar_20260718,external_vl_vm_window,external_vl_vm_angle_features,ext_mat_15,ext_mat_15_trial_03,ext_mat_15_trial_03_w06,window_5s,unstable BOSU squatting,unknown,unstable,unstable BOSU squatting,5.0,11881.0,0.175143,0.119517,577.987209,1998.0,6421.5,,,Mendeley 10.17632/37wyv32y8j.1,bipolar potential,-0.756607216,-0.922570317,-1.312934768,1.465423329,0.168167663,0.540484808,2.789763,0,0.948887069,0.98395571,1.160549311,0.05618679,0.17776554,1.25833037,-2.333725103,0.0
external_public,external_mat_bipolar_20260718,external_vl_vm_window,external_vl_vm_angle_features,ext_mat_15,ext_mat_15_trial_03,ext_mat_15_trial_03_w07,window_5s,unstable BOSU squatting,unknown,unstable,unstable BOSU squatting,5.0,11881.0,0.1763,0.128177,588.625495,1811.0,6420.5,,,Mendeley 10.17632/37wyv32y8j.1,bipolar potential,-0.753747688,-0.892189897,-1.305013927,1.375441772,0.152428247,0.54040064,2.849194,0,0.969435145,1.215305123,1.217628307,-0.786410774,-0.199195509,1.256982493,-2.169507301,0.0
external_public,external_mat_bipolar_20260718,external_vl_vm_window,external_vl_vm_angle_features,ext_mat_15,ext_mat_15_trial_03,ext_mat_15_trial_03_w08,window_5s,unstable BOSU squatting,unknown,unstable,unstable BOSU squatting,5.0,11881.0,0.161085,0.11505,565.103368,1900.0,6595.0,,,Mendeley 10.17632/37wyv32y8j.1,bipolar potential,-0.792944899,-0.939113377,-1.3227251,1.400130378,0.159919199,0.555087956,2.939022,0,0.687770734,0.857978939,1.089998427,-0.555223851,-0.019786239,1.492186942,-1.921297498,0.0
external_public,external_mat_bipolar_20260718,external_vl_vm_window,external_vl_vm_angle_features,ext_mat_15,ext_mat_15_trial_03,ext_mat_15_trial_03_w09,window_5s,unstable BOSU squatting,unknown,unstable,unstable BOSU squatting,5.0,11881.0,0.164409,0.115361,580.862948,2062.5,6526.5,,,Mendeley 10.17632/37wyv32y8j.1,bipolar potential,-0.784074412,-0.937940988,-1.310779321,1.425169685,0.173596499,0.549322448,2.750037,0,0.751512527,0.866906778,1.176081847,-0.320752924,0.307786865,1.399857402,-2.443494692,0.0
external_public,external_mat_bipolar_20260718,external_vl_vm_window,external_vl_vm_angle_features,ext_mat_15,ext_mat_15_trial_03,ext_mat_15_trial_03_w10,window_5s,unstable BOSU squatting,unknown,unstable,unstable BOSU squatting,5.0,11881.0,0.202581,0.145733,604.158415,1580.5,6153.0,,,Mendeley 10.17632/37wyv32y8j.1,bipolar potential,-0.693401289,-0.836442095,-1.293702167,1.390083234,0.133027523,0.5178857,2.707879,0,1.40307398,1.63982925,1.299142873,-0.649306453,-0.663845358,0.896425531,-2.559984304,0.0
external_public,external_mat_bipolar_20260718,external_vl_vm_window,external_vl_vm_angle_features,ext_mat_15,ext_mat_15_trial_03,ext_mat_15_trial_03_w11,window_5s,unstable BOSU squatting,unknown,unstable,unstable BOSU squatting,5.0,11881.0,0.15039,0.10636,567.286942,2185.0,6717.5,,,Mendeley 10.17632/37wyv32y8j.1,bipolar potential,-0.822781041,-0.973221671,-1.321050209,1.413971418,0.183907079,0.565398535,2.664333,0,0.473373354,0.598241457,1.102067991,-0.425614774,0.554726589,1.657301797,-2.680309192,0.0
external_public,external_mat_bipolar_20260718,external_vl_vm_window,external_vl_vm_angle_features,ext_mat_15,ext_mat_15_trial_03,ext_mat_15_trial_03_w12,window_5s,unstable BOSU squatting,unknown,unstable,unstable BOSU squatting,5.0,11881.0,0.175489,0.120236,591.138093,2274.5,6606.5,,,Mendeley 10.17632/37wyv32y8j.1,bipolar potential,-0.755750101,-0.91996548,-1.30316405,1.459537909,0.191440114,0.556055888,2.681211,0,0.95504615,1.00379176,1.230958852,0.001075045,0.735143752,1.507687522,-2.633672453,0.0
external_public,external_mat_bipolar_20260718,external_vl_vm_window,external_vl_vm_angle_features,ext_mat_15,ext_mat_15_trial_03,ext_mat_15_trial_03_w13,window_5s,unstable BOSU squatting,unknown,unstable,unstable BOSU squatting,5.0,11881.0,0.204952,0.14431,612.68389,1706.5,6343.0,,,Mendeley 10.17632/37wyv32y8j.1,bipolar potential,-0.688347839,-0.840703573,-1.287616535,1.420220359,0.143632691,0.53387762,2.767715,0,1.439387202,1.607377743,1.342997026,-0.367098977,-0.409850213,1.152522065,-2.394647419,0.0
external_public,external_mat_bipolar_20260718,external_vl_vm_window,external_vl_vm_angle_features,ext_mat_15,ext_mat_15_trial_03,ext_mat_15_trial_03_w14,window_5s,unstable BOSU squatting,unknown,unstable,unstable BOSU squatting,5.0,11881.0,0.169452,0.119953,585.715576,1995.0,6623.5,,,Mendeley 10.17632/37wyv32y8j.1,bipolar potential,-0.770953301,-0.920988886,-1.307166222,1.412653289,0.167915159,0.557486744,2.890089,0,0.845798572,0.995998438,1.202118485,-0.437957884,0.171718037,1.530601422,-2.056507569,0.0
external_public,external_mat_bipolar_20260718,external_vl_vm_window,external_vl_vm_angle_features,ext_mat_15,ext_mat_15_trial_03,ext_mat_15_trial_03_w15,window_5s,unstable BOSU squatting,unknown,unstable,unstable BOSU squatting,5.0,11881.0,0.174435,0.11746,584.973463,2257.5,6489.5,,,Mendeley 10.17632/37wyv32y8j.1,bipolar potential,-0.75836637,-0.930110003,-1.307716831,1.485058743,0.190009258,0.546208232,3.011854,0,0.936246091,0.926540377,1.198150698,0.240055046,0.700874566,1.349985972,-1.720050488,0.0
external_public,external_mat_bipolar_20260718,external_vl_vm_window,external_vl_vm_angle_features,ext_mat_15,ext_mat_15_trial_03,ext_mat_15_trial_03_w16,window_5s,unstable BOSU squatting,unknown,unstable,unstable BOSU squatting,5.0,11881.0,0.210542,0.147215,611.681354,1805.5,6119.0,,,Mendeley 10.17632/37wyv32y8j.1,bipolar potential,-0.676661256,-0.832047937,-1.288327754,1.430166763,0.151965323,0.515023988,2.916119,0,1.523364975,1.673291127,1.337871855,-0.273959716,-0.210282598,0.85059773,-1.984582321,0.0
external_public,external_mat_bipolar_20260718,external_vl_vm_window,external_vl_vm_angle_features,ext_mat_15,ext_mat_15_trial_03,ext_mat_15_trial_03_w17,window_5s,unstable BOSU squatting,unknown,unstable,unstable BOSU squatting,5.0,11881.0,0.163347,0.110549,578.261399,2364.0,6695.0,,,Mendeley 10.17632/37wyv32y8j.1,bipolar potential,-0.786888837,-0.956445182,-1.312728793,1.477598169,0.19897315,0.563504755,2.863662,0,0.731288553,0.725995809,1.162033603,0.17019338,0.915560939,1.626974575,-2.129529794,0.0
external_public,external_mat_bipolar_20260718,external_vl_vm_window,external_vl_vm_angle_features,ext_mat_15,ext_mat_15_trial_03,ext_mat_15_trial_03_w18,window_5s,unstable BOSU squatting,unknown,unstable,unstable BOSU squatting,5.0,11881.0,0.186677,0.128848,590.93747,2042.0,6407.0,,,Mendeley 10.17632/37wyv32y8j.1,bipolar potential,-0.728909187,-0.889922318,-1.303311467,1.448815659,0.171871055,0.539264372,2.899964,0,1.147920337,1.232572925,1.229896539,-0.099329327,0.266462258,1.238786161,-2.029221291,0.0
external_public,external_mat_bipolar_20260718,external_vl_vm_window,external_vl_vm_angle_features,ext_mat_16,ext_mat_16_trial_01,ext_mat_16_trial_01_w01,window_5s,stable squatting 1,unknown,stable,stable squatting 1,5.0,11862.0,0.056841,0.041206,216.523742,1916.0,5062.0,,,Mendeley 10.17632/37wyv32y8j.1,bipolar potential,-1.24533829,-1.385039542,-1.738652396,1.379435034,0.161524195,0.426740853,3.54231,0,-2.563050297,-2.53778572,-1.907248059,-0.749017413,0.018653622,-0.563179034,-0.254311753,0.0
external_public,external_mat_bipolar_20260718,external_vl_vm_window,external_vl_vm_angle_features,ext_mat_16,ext_mat_16_trial_01,ext_mat_16_trial_01_w02,window_5s,stable squatting 1,unknown,stable,stable squatting 1,5.0,11862.0,0.055917,0.039529,209.415398,2054.0,5174.5,,,Mendeley 10.17632/37wyv32y8j.1,bipolar potential,-1.252456137,-1.403084172,-1.753149308,1.4145817,0.173157983,0.43622492,3.623405,0,-2.61419792,-2.675197071,-2.0117154,-0.419900023,0.29728435,-0.411300042,-0.030232691,0.0
external_public,external_mat_bipolar_20260718,external_vl_vm_window,external_vl_vm_angle_features,ext_mat_16,ext_mat_16_trial_01,ext_mat_16_trial_01_w03,window_5s,stable squatting 1,unknown,stable,stable squatting 1,5.0,11862.0,0.062915,0.045398,218.753488,1873.5,4893.0,,,Mendeley 10.17632/37wyv32y8j.1,bipolar potential,-1.201245799,-1.342963279,-1.734202933,1.385854002,0.157941325,0.412493677,3.63971,0,-2.246209247,-2.217371495,-1.875184433,-0.688909464,-0.067156578,-0.791335027,0.014820754,0.0
external_public,external_mat_bipolar_20260718,external_vl_vm_window,external_vl_vm_angle_features,ext_mat_16,ext_mat_16_trial_01,ext_mat_16_trial_01_w04,window_5s,stable squatting 1,unknown,stable,stable squatting 1,5.0,11862.0,0.06015,0.040289,206.209833,2191.0,5230.5,,,Mendeley 10.17632/37wyv32y8j.1,bipolar potential,-1.220764368,-1.394813512,-1.759848549,1.49296334,0.184707469,0.440945878,3.672608,0,-2.386466324,-2.612215311,-2.059991328,0.314074594,0.573896033,-0.335698051,0.105723435,0.0
external_public,external_mat_bipolar_20260718,external_vl_vm_window,external_vl_vm_angle_features,ext_mat_16,ext_mat_16_trial_01,ext_mat_16_trial_01_w05,window_5s,stable squatting 1,unknown,stable,stable squatting 1,5.0,11862.0,0.053022,0.036607,197.786547,2240.5,5309.5,,,Mendeley 10.17632/37wyv32y8j.1,bipolar potential,-1.275543895,-1.436435861,-1.777961171,1.448411506,0.188880459,0.4476058,3.673869,0,-2.780102575,-2.929172944,-2.190514122,-0.103113861,0.673839684,-0.229045258,0.10920779,0.0
external_public,external_mat_bipolar_20260718,external_vl_vm_window,external_vl_vm_angle_features,ext_mat_16,ext_mat_16_trial_01,ext_mat_16_trial_01_w06,window_5s,stable squatting 1,unknown,stable,stable squatting 1,5.0,11862.0,0.063337,0.044238,208.958004,1964.0,5102.0,,,Mendeley 10.17632/37wyv32y8j.1,bipolar potential,-1.198342511,-1.354204516,-1.754098909,1.431732899,0.16557073,0.430112966,3.657028,0,-2.225346719,-2.302974445,-2.018558394,-0.25929424,0.115568659,-0.50917761,0.062673287,0.0
external_public,external_mat_bipolar_20260718,external_vl_vm_window,external_vl_vm_angle_features,ext_mat_16,ext_mat_16_trial_01,ext_mat_16_trial_01_w07,window_5s,stable squatting 1,unknown,stable,stable squatting 1,5.0,11862.0,0.060983,0.041604,215.149334,2097.0,5300.0,,,Mendeley 10.17632/37wyv32y8j.1,bipolar potential,-1.214791215,-1.380864912,-1.741417914,1.465796558,0.176783005,0.446804923,3.70745,0,-2.343544274,-2.505995567,-1.927176876,0.059681748,0.384104096,-0.241870599,0.201997715,0.0
external_public,external_mat_bipolar_20260718,external_vl_vm_window,external_vl_vm_angle_features,ext_mat_16,ext_mat_16_trial_01,ext_mat_16_trial_01_w08,window_5s,stable squatting 1,unknown,stable,stable squatting 1,5.0,11862.0,0.062671,0.043341,211.647937,1983.0,4984.0,,,Mendeley 10.17632/37wyv32y8j.1,bipolar potential,-1.202933375,-1.363101072,-1.74854388,1.445998016,0.167172484,0.420165234,3.731308,0,-2.258335877,-2.370722455,-1.978527862,-0.125714057,0.153930875,-0.668481789,0.267921363,0.0
external_public,external_mat_bipolar_20260718,external_vl_vm_window,external_vl_vm_angle_features,ext_mat_16,ext_mat_16_trial_01,ext_mat_16_trial_01_w09,window_5s,stable squatting 1,unknown,stable,stable squatting 1,5.0,11862.0,0.066365,0.047901,218.038706,1795.5,4858.0,,,Mendeley 10.17632/37wyv32y8j.1,bipolar potential,-1.178060901,-1.31965542,-1.735624324,1.385461681,0.151365706,0.409543079,3.689336,0,-2.079606561,-2.039880219,-1.88542723,-0.692583203,-0.224643503,-0.838586259,0.1519457,0.0
external_public,external_mat_bipolar_20260718,external_vl_vm_window,external_vl_vm_angle_features,ext_mat_16,ext_mat_16_trial_01,ext_mat_16_trial_01_w10,window_5s,stable squatting 1,unknown,stable,stable squatting 1,5.0,11862.0,0.064501,0.044586,220.033404,1969.0,5032.0,,,Mendeley 10.17632/37wyv32y8j.1,bipolar potential,-1.190433552,-1.350801488,-1.731669302,1.446664872,0.165992244,0.424211769,3.669104,0,-2.168514301,-2.277060105,-1.856926634,-0.119469541,0.125663974,-0.60368009,0.096041297,0.0
external_public,external_mat_bipolar_20260718,external_vl_vm_window,external_vl_vm_angle_features,ext_mat_16,ext_mat_16_trial_01,ext_mat_16_trial_01_w11,window_5s,stable squatting 1,unknown,stable,stable squatting 1,5.0,11862.0,0.063638,0.04462,213.850532,1941.5,4978.5,,,Mendeley 10.17632/37wyv32y8j.1,bipolar potential,-1.196283478,-1.350470434,-1.744047585,1.426221425,0.163673917,0.419701568,3.670565,0,-2.210550862,-2.274539101,-1.946126756,-0.310904311,0.070139742,-0.675906992,0.100078284,0.0
external_public,external_mat_bipolar_20260718,external_vl_vm_window,external_vl_vm_angle_features,ext_mat_16,ext_mat_16_trial_01,ext_mat_16_trial_01_w12,window_5s,stable squatting 1,unknown,stable,stable squatting 1,5.0,11862.0,0.06161,0.043509,202.58261,1892.5,5051.0,,,Mendeley 10.17632/37wyv32y8j.1,bipolar potential,-1.210348791,-1.361420898,-1.767555758,1.416028868,0.159543079,0.425813522,3.565773,0,-2.31162178,-2.357927791,-2.115530855,-0.406348577,-0.028794362,-0.578029424,-0.189479556,0.0
external_public,external_mat_bipolar_20260718,external_vl_vm_window,external_vl_vm_angle_features,ext_mat_16,ext_mat_16_trial_01,ext_mat_16_trial_01_w13,window_5s,stable squatting 1,unknown,stable,stable squatting 1,5.0,11862.0,0.048475,0.033365,184.611322,2291.5,5374.5,,,Mendeley 10.17632/37wyv32y8j.1,bipolar potential,-1.314482182,-1.476708871,-1.807899587,1.452869774,0.193179902,0.453085483,3.505512,0,-3.059906402,-3.235855249,-2.406255702,-0.061366131,0.7768119,-0.141292954,-0.355990787,0.0
external_public,external_mat_bipolar_20260718,external_vl_vm_window,external_vl_vm_angle_features,ext_mat_16,ext_mat_16_trial_01,ext_mat_16_trial_01_w14,window_5s,stable squatting 1,unknown,stable,stable squatting 1,5.0,11862.0,0.064056,0.045418,212.803401,1857.0,4829.5,,,Mendeley 10.17632/37wyv32y8j.1,bipolar potential,-1.193440185,-1.342771994,-1.746179355,1.410365934,0.156550329,0.407140448,3.535076,0,-2.190119448,-2.215914843,-1.961488672,-0.459376937,-0.100471112,-0.877062281,-0.274300506,0.0
external_public,external_mat_bipolar_20260718,external_vl_vm_window,external_vl_vm_angle_features,ext_mat_16,ext_mat_16_trial_01,ext_mat_16_trial_01_w15,window_5s,stable squatting 1,unknown,stable,stable squatting 1,5.0,11861.0,0.066639,0.047231,218.233591,1747.0,4822.5,,,Mendeley 10.17632/37wyv32y8j.1,bipolar potential,-1.176271529,-1.325772859,-1.735199707,1.410916559,0.147289436,0.406584605,3.642559,0,-2.066748442,-2.086465023,-1.882367364,-0.454220822,-0.322270697,-0.885963618,0.022693018,0.0
external_public,external_mat_bipolar_20260718,external_vl_vm_window,external_vl_vm_angle_features,ext_mat_16,ext_mat_16_trial_01,ext_mat_16_trial_01_w16,window_5s,stable squatting 1,unknown,stable,stable squatting 1,5.0,11861.0,0.064547,0.046351,221.484921,1751.5,4798.0,,,Mendeley 10.17632/37wyv32y8j.1,bipolar potential,-1.190123938,-1.333940892,-1.728777142,1.39256974,0.147668831,0.404519012,3.671451,0,-2.166289468,-2.148665271,-1.836085212,-0.626022528,-0.313184138,-0.919042273,0.102526451,0.0
external_public,external_mat_bipolar_20260718,external_vl_vm_window,external_vl_vm_angle_features,ext_mat_16,ext_mat_16_trial_01,ext_mat_16_trial_01_w17,window_5s,stable squatting 1,unknown,stable,stable squatting 1,5.0,11861.0,0.063196,0.045746,209.451887,1717.5,4847.0,,,Mendeley 10.17632/37wyv32y8j.1,bipolar potential,-1.19931041,-1.339646874,-1.753037029,1.381454116,0.144802293,0.408650198,3.552505,0,-2.232301875,-2.192116796,-2.010906297,-0.730110499,-0.381838094,-0.852884963,-0.226141261,0.0
external_public,external_mat_bipolar_20260718,external_vl_vm_window,external_vl_vm_angle_features,ext_mat_16,ext_mat_16_trial_01,ext_mat_16_trial_01_w18,window_5s,stable squatting 1,unknown,stable,stable squatting 1,5.0,11861.0,0.05699,0.040002,200.269685,2063.0,5048.0,,,Mendeley 10.17632/37wyv32y8j.1,bipolar potential,-1.244201343,-1.397918294,-1.772506091,1.424678766,0.173931372,0.425596493,3.659316,0,-2.554880392,-2.635858483,-2.15120384,-0.325349946,0.315807116,-0.581504952,0.068995414,0.0
external_public,external_mat_bipolar_20260718,external_vl_vm_window,external_vl_vm_angle_features,ext_mat_16,ext_mat_16_trial_02,ext_mat_16_trial_02_w01,window_5s,stable squatting 2,unknown,stable,stable squatting 2,5.0,11790.0,0.061207,0.045453,220.746546,1706.5,4838.0,,,Mendeley 10.17632/37wyv32y8j.1,bipolar potential,-1.213198906,-1.342437447,-1.727619888,1.346599784,0.144741306,0.410347752,3.689965,0,-2.332102216,-2.21336724,-1.827745833,-1.056490439,-0.38329874,-0.825700129,0.153683732,0.0
external_public,external_mat_bipolar_20260718,external_vl_vm_window,external_vl_vm_angle_features,ext_mat_16,ext_mat_16_trial_02,ext_mat_16_trial_02_w02,window_5s,stable squatting 2,unknown,stable,stable squatting 2,5.0,11790.0,0.055274,0.039347,204.71223,1995.0,4998.0,,,Mendeley 10.17632/37wyv32y8j.1,bipolar potential,-1.257479106,-1.405088375,-1.760370016,1.404783084,0.169211196,0.423918575,3.704437,0,-2.650292111,-2.690459243,-2.063749113,-0.511655381,0.202758291,-0.608375334,0.193672291,0.0
external_public,external_mat_bipolar_20260718,external_vl_vm_window,external_vl_vm_angle_features,ext_mat_16,ext_mat_16_trial_02,ext_mat_16_trial_02_w03,window_5s,stable squatting 2,unknown,stable,stable squatting 2,5.0,11789.0,0.056338,0.040407,205.274246,1959.0,5024.0,,,Mendeley 10.17632/37wyv32y8j.1,bipolar potential,-1.249198575,-1.393543392,-1.759142502,1.39426337,0.166171855,0.42615998,3.734211,0,-2.59078964,-2.602543242,-2.054903427,-0.610163183,0.129965681,-0.572481204,0.275942838,0.0
external_public,external_mat_bipolar_20260718,external_vl_vm_window,external_vl_vm_angle_features,ext_mat_16,ext_mat_16_trial_02,ext_mat_16_trial_02_w04,window_5s,stable squatting 2,unknown,stable,stable squatting 2,5.0,11789.0,0.058725,0.043399,206.078122,1709.5,4878.5,,,Mendeley 10.17632/37wyv32y8j.1,bipolar potential,-1.231176975,-1.362520277,-1.75744508,1.353141777,0.145008058,0.413817966,3.567037,0,-2.461289525,-2.366299653,-2.042671501,-0.99523047,-0.376909995,-0.770127703,-0.185986912,0.0
external_public,external_mat_bipolar_20260718,external_vl_vm_window,external_vl_vm_angle_features,ext_mat_16,ext_mat_16_trial_02,ext_mat_16_trial_02_w05,window_5s,stable squatting 2,unknown,stable,stable squatting 2,5.0,11789.0,0.054921,0.039268,198.701836,1812.5,5127.5,,,Mendeley 10.17632/37wyv32y8j.1,bipolar potential,-1.260261564,-1.405961218,-1.773275088,1.398619741,0.153745017,0.43493935,3.677509,0,-2.670286375,-2.697106015,-2.15674537,-0.569369628,-0.167658697,-0.431887315,0.119265719,0.0
external_public,external_mat_bipolar_20260718,external_vl_vm_window,external_vl_vm_angle_features,ext_mat_16,ext_mat_16_trial_02,ext_mat_16_trial_02_w06,window_5s,stable squatting 2,unknown,stable,stable squatting 2,5.0,11789.0,0.056003,0.040201,201.44993,1884.0,4979.0,,,Mendeley 10.17632/37wyv32y8j.1,bipolar potential,-1.251788708,-1.395763144,-1.767309847,1.393074799,0.159809992,0.422342862,3.583899,0,-2.60940189,-2.619446837,-2.113758776,-0.621293098,-0.022401761,-0.633608991,-0.139394383,0.0
external_public,external_mat_bipolar_20260718,external_vl_vm_window,external_vl_vm_angle_features,ext_mat_16,ext_mat_16_trial_02,ext_mat_16_trial_02_w07,window_5s,stable squatting 2,unknown,stable,stable squatting 2,5.0,11789.0,0.061795,0.044937,208.712577,1694.5,4869.5,,,Mendeley 10.17632/37wyv32y8j.1,bipolar potential,-1.209046663,-1.347395925,-1.751928347,1.375147429,0.143735686,0.413054542,3.589672,0,-2.302264913,-2.251126461,-2.002916936,-0.789167035,-0.407383469,-0.782353267,-0.123442617,0.0
external_public,external_mat_bipolar_20260718,external_vl_vm_window,external_vl_vm_angle_features,ext_mat_16,ext_mat_16_trial_02,ext_mat_16_trial_02_w08,window_5s,stable squatting 2,unknown,stable,stable squatting 2,5.0,11789.0,0.057387,0.040635,195.935407,1758.0,5071.0,,,Mendeley 10.17632/37wyv32y8j.1,bipolar potential,-1.241186478,-1.391099736,-1.779364044,1.412255445,0.149122063,0.430146747,3.558633,0,-2.533216091,-2.583934599,-2.200623476,-0.441683341,-0.278379043,-0.508636637,-0.209208571,0.0
external_public,external_mat_bipolar_20260718,external_vl_vm_window,external_vl_vm_angle_features,ext_mat_16,ext_mat_16_trial_02,ext_mat_16_trial_02_w09,window_5s,stable squatting 2,unknown,stable,stable squatting 2,5.0,11789.0,0.058788,0.042268,200.943307,1768.0,5016.0,,,Mendeley 10.17632/37wyv32y8j.1,bipolar potential,-1.230711314,-1.373988301,-1.768403422,1.390839406,0.149970311,0.425481381,3.674839,0,-2.457943365,-2.453629605,-2.121639273,-0.642225573,-0.258063394,-0.58334837,0.111888062,0.0
external_public,external_mat_bipolar_20260718,external_vl_vm_window,external_vl_vm_angle_features,ext_mat_16,ext_mat_16_trial_02,ext_mat_16_trial_02_w10,window_5s,stable squatting 2,unknown,stable,stable squatting 2,5.0,11789.0,0.056758,0.041177,205.291034,1866.0,5082.5,,,Mendeley 10.17632/37wyv32y8j.1,bipolar potential,-1.245972916,-1.385345298,-1.759106986,1.378390849,0.158283145,0.431122233,3.56969,0,-2.56761061,-2.540114078,-2.054647493,-0.75879528,-0.058969944,-0.493015086,-0.178656229,0.0
external_public,external_mat_bipolar_20260718,external_vl_vm_window,external_vl_vm_angle_features,ext_mat_16,ext_mat_16_trial_02,ext_mat_16_trial_02_w11,window_5s,stable squatting 2,unknown,stable,stable squatting 2,5.0,11789.0,0.052331,0.037696,195.662799,1961.5,5161.5,,,Mendeley 10.17632/37wyv32y8j.1,bipolar potential,-1.281240966,-1.423704731,-1.779968706,1.388237479,0.166383917,0.437823395,3.559741,0,-2.821040746,-2.832224335,-2.204980778,-0.666590314,0.135044593,-0.38570187,-0.206146981,0.0
external_public,external_mat_bipolar_20260718,external_vl_vm_window,external_vl_vm_angle_features,ext_mat_16,ext_mat_16_trial_02,ext_mat_16_trial_02_w12,window_5s,stable squatting 2,unknown,stable,stable squatting 2,5.0,11789.0,0.061044,0.044106,205.486972,1759.0,4931.0,,,Mendeley 10.17632/37wyv32y8j.1,bipolar potential,-1.214357016,-1.355502327,-1.758692675,1.384029384,0.149206888,0.41827127,3.557763,0,-2.340424195,-2.312857383,-2.051661894,-0.705995395,-0.276347474,-0.698811956,-0.211612527,0.0
external_public,external_mat_bipolar_20260718,external_vl_vm_window,external_vl_vm_angle_features,ext_mat_16,ext_mat_16_trial_02,ext_mat_16_trial_02_w13,window_5s,stable squatting 2,unknown,stable,stable squatting 2,5.0,11789.0,0.054189,0.038511,200.483056,1973.0,5107.0,,,Mendeley 10.17632/37wyv32y8j.1,bipolar potential,-1.266088863,-1.414415204,-1.769399294,1.407104464,0.167359403,0.433200441,3.659648,0,-2.712160342,-2.761483818,-2.128815705,-0.489917714,0.158407609,-0.459734413,0.069912786,0.0
external_public,external_mat_bipolar_20260718,external_vl_vm_window,external_vl_vm_angle_features,ext_mat_16,ext_mat_16_trial_02,ext_mat_16_trial_02_w14,window_5s,stable squatting 2,unknown,stable,stable squatting 2,5.0,11789.0,0.058974,0.04363,206.104183,1702.5,4881.0,,,Mendeley 10.17632/37wyv32y8j.1,bipolar potential,-1.229339415,-1.360214787,-1.757390162,1.351684621,0.144414285,0.414030028,3.62901,0,-2.448085135,-2.348743156,-2.042275752,-1.008875445,-0.391130935,-0.766731717,-0.014745138,0.0
external_public,external_mat_bipolar_20260718,external_vl_vm_window,external_vl_vm_angle_features,ext_mat_16,ext_mat_16_trial_02,ext_mat_16_trial_02_w15,window_5s,stable squatting 2,unknown,stable,stable squatting 2,5.0,11789.0,0.064633,0.045989,214.961375,1780.5,4948.0,,,Mendeley 10.17632/37wyv32y8j.1,bipolar potential,-1.189545685,-1.337346034,-1.739116536,1.405401292,0.151030622,0.419713292,3.656558,0,-2.162134242,-2.174595709,-1.910592735,-0.505866411,-0.232668808,-0.675719242,0.061374598,0.0
external_public,external_mat_bipolar_20260718,external_vl_vm_window,external_vl_vm_angle_features,ext_mat_16,ext_mat_16_trial_02,ext_mat_16_trial_02_w16,window_5s,stable squatting 2,unknown,stable,stable squatting 2,5.0,11789.0,0.057762,0.04226,205.371643,1768.0,4916.0,,,Mendeley 10.17632/37wyv32y8j.1,bipolar potential,-1.238357778,-1.374070507,-1.75893649,1.36682442,0.149970311,0.416998897,3.561038,0,-2.512889539,-2.454255611,-2.053418868,-0.867104641,-0.258063394,-0.719187891,-0.202563153,0.0
external_public,external_mat_bipolar_20260718,external_vl_vm_window,external_vl_vm_angle_features,ext_mat_16,ext_mat_16_trial_02,ext_mat_16_trial_02_w17,window_5s,stable squatting 2,unknown,stable,stable squatting 2,5.0,11789.0,0.054109,0.038334,195.861758,1969.0,5174.5,,,Mendeley 10.17632/37wyv32y8j.1,bipolar potential,-1.266730492,-1.416415861,-1.779527319,1.411514582,0.167020103,0.438926118,3.563798,0,-2.716770978,-2.776718987,-2.201800065,-0.448620866,0.15028133,-0.368042731,-0.194936811,0.0
external_public,external_mat_bipolar_20260718,external_vl_vm_window,external_vl_vm_angle_features,ext_mat_16,ext_mat_16_trial_02,ext_mat_16_trial_02_w18,window_5s,stable squatting 2,unknown,stable,stable squatting 2,5.0,11789.0,0.058778,0.042142,203.249512,1786.5,4979.5,,,Mendeley 10.17632/37wyv32y8j.1,bipolar potential,-1.230785195,-1.375284857,-1.763447456,1.394760571,0.151539571,0.422385274,3.424242,0,-2.458474261,-2.463502987,-2.085925696,-0.605507336,-0.220479414,-0.632929801,-0.580553403,0.0
external_public,external_mat_bipolar_20260718,external_vl_vm_window,external_vl_vm_angle_features,ext_mat_16,ext_mat_16_trial_03,ext_mat_16_trial_03_w01,window_5s,unstable BOSU squatting,unknown,unstable,unstable BOSU squatting,5.0,11813.0,0.07326,0.054836,276.750162,1733.5,5255.0,,,Mendeley 10.17632/37wyv32y8j.1,bipolar potential,-1.135133086,-1.260934232,-1.63027232,1.33598366,0.146745111,0.444848895,3.040624,0,-1.771134672,-1.592713512,-1.126241847,-1.155901035,-0.335307351,-0.273194667,-1.640554162,0.0
external_public,external_mat_bipolar_20260718,external_vl_vm_window,external_vl_vm_angle_features,ext_mat_16,ext_mat_16_trial_03,ext_mat_16_trial_03_w02,window_5s,unstable BOSU squatting,unknown,unstable,unstable BOSU squatting,5.0,11813.0,0.081445,0.062027,279.818779,1488.0,5068.0,,,Mendeley 10.17632/37wyv32y8j.1,bipolar potential,-1.089135572,-1.207419223,-1.625483347,1.313057217,0.125962922,0.429018878,2.882445,0,-1.440604455,-1.185192288,-1.091731651,-1.370586862,-0.833043466,-0.526698467,-2.077629221,0.0
external_public,external_mat_bipolar_20260718,external_vl_vm_window,external_vl_vm_angle_features,ext_mat_16,ext_mat_16_trial_03,ext_mat_16_trial_03_w03,window_5s,unstable BOSU squatting,unknown,unstable,unstable BOSU squatting,5.0,11813.0,0.07961,0.058666,277.053186,1672.5,5221.5,,,Mendeley 10.17632/37wyv32y8j.1,bipolar potential,-1.099032376,-1.231613522,-1.629797055,1.357004057,0.141581309,0.442013036,2.908896,0,-1.511721185,-1.369433878,-1.122817002,-0.95906364,-0.458981077,-0.318608454,-2.004540679,0.0
external_public,external_mat_bipolar_20260718,external_vl_vm_window,external_vl_vm_angle_features,ext_mat_16,ext_mat_16_trial_03,ext_mat_16_trial_03_w04,window_5s,unstable BOSU squatting,unknown,unstable,unstable BOSU squatting,5.0,11813.0,0.076656,0.056013,274.644339,1724.5,5272.5,,,Mendeley 10.17632/37wyv32y8j.1,bipolar potential,-1.115453846,-1.251711166,-1.633589552,1.368539446,0.145983239,0.446330314,2.483103,0,-1.629723041,-1.5224791,-1.150146414,-0.851044942,-0.353554284,-0.249471044,-3.181078024,0.0
external_public,external_mat_bipolar_20260718,external_vl_vm_window,external_vl_vm_angle_features,ext_mat_16,ext_mat_16_trial_03,ext_mat_16_trial_03_w05,window_5s,unstable BOSU squatting,unknown,unstable,unstable BOSU squatting,5.0,11813.0,0.076195,0.0565,259.413091,1604.0,5344.0,,,Mendeley 10.17632/37wyv32y8j.1,bipolar potential,-1.118073527,-1.247951552,-1.658368315,1.348584071,0.135782612,0.452382968,2.112902,0,-1.648547618,-1.493849329,-1.328706612,-1.037909349,-0.59786062,-0.152543114,-4.204005365,0.0
external_public,external_mat_bipolar_20260718,external_vl_vm_window,external_vl_vm_angle_features,ext_mat_16,ext_mat_16_trial_03,ext_mat_16_trial_03_w06,window_5s,unstable BOSU squatting,unknown,unstable,unstable BOSU squatting,5.0,11813.0,0.073909,0.054968,262.189126,1733.5,5272.0,,,Mendeley 10.17632/37wyv32y8j.1,bipolar potential,-1.131302674,-1.259890064,-1.653745528,1.344582302,0.146745111,0.446287988,2.663763,0,-1.743609991,-1.584762086,-1.295393982,-1.075382371,-0.335307351,-0.250148858,-2.681884198,0.0
external_public,external_mat_bipolar_20260718,external_vl_vm_window,external_vl_vm_angle_features,ext_mat_16,ext_mat_16_trial_03,ext_mat_16_trial_03_w07,window_5s,unstable BOSU squatting,unknown,unstable,unstable BOSU squatting,5.0,11812.0,0.075458,0.05698,260.382222,1601.0,5184.5,,,Mendeley 10.17632/37wyv32y8j.1,bipolar potential,-1.12229471,-1.244277555,-1.65671211,1.324289224,0.135540129,0.438918049,2.642032,0,-1.678880312,-1.465871537,-1.316771702,-1.265409068,-0.603668119,-0.368171949,-2.741930589,0.0
external_public,external_mat_bipolar_20260718,external_vl_vm_window,external_vl_vm_angle_features,ext_mat_16,ext_mat_16_trial_03,ext_mat_16_trial_03_w08,window_5s,unstable BOSU squatting,unknown,unstable,unstable BOSU squatting,5.0,11812.0,0.066037,0.04888,254.212895,1860.5,5505.5,,,Mendeley 10.17632/37wyv32y8j.1,bipolar potential,-1.180212665,-1.310868803,-1.667125862,1.351002455,0.157509313,0.466093803,2.780388,0,-2.095068767,-1.972969403,-1.391815062,-1.015263326,-0.077503321,0.06702385,-2.359629798,0.0
external_public,external_mat_bipolar_20260718,external_vl_vm_window,external_vl_vm_angle_features,ext_mat_16,ext_mat_16_trial_03,ext_mat_16_trial_03_w09,window_5s,unstable BOSU squatting,unknown,unstable,unstable BOSU squatting,5.0,11812.0,0.070658,0.053591,254.547298,1634.5,5500.0,,,Mendeley 10.17632/37wyv32y8j.1,bipolar potential,-1.15083866,-1.270908139,-1.666554947,1.318467653,0.138376228,0.465628175,2.602323,0,-1.883992223,-1.668665639,-1.387700946,-1.319922922,-0.535743181,0.059567228,-2.851653204,0.0
external_public,external_mat_bipolar_20260718,external_vl_vm_window,external_vl_vm_angle_features,ext_mat_16,ext_mat_16_trial_03,ext_mat_16_trial_03_w10,window_5s,unstable BOSU squatting,unknown,unstable,unstable BOSU squatting,5.0,11812.0,0.067128,0.049352,251.252468,1809.0,5675.0,,,Mendeley 10.17632/37wyv32y8j.1,bipolar potential,-1.173096292,-1.306695243,-1.672213102,1.360188037,0.15314934,0.480443617,2.687772,0,-2.043931735,-1.941187398,-1.428474623,-0.929248488,-0.181925238,0.296823501,-2.615543311,0.0
external_public,external_mat_bipolar_20260718,external_vl_vm_window,external_vl_vm_angle_features,ext_mat_16,ext_mat_16_trial_03,ext_mat_16_trial_03_w11,window_5s,unstable BOSU squatting,unknown,unstable,unstable BOSU squatting,5.0,11812.0,0.067732,0.05092,251.520707,1705.0,5538.0,,,Mendeley 10.17632/37wyv32y8j.1,bipolar potential,-1.1692061,-1.293111605,-1.671749693,1.330164965,0.144344734,0.468845242,2.700801,0,-2.015977485,-1.83774687,-1.425135215,-1.210387959,-0.392796691,0.111085726,-2.579542003,0.0
external_public,external_mat_bipolar_20260718,external_vl_vm_window,external_vl_vm_angle_features,ext_mat_16,ext_mat_16_trial_03,ext_mat_16_trial_03_w12,window_5s,unstable BOSU squatting,unknown,unstable,unstable BOSU squatting,5.0,11812.0,0.070828,0.052638,250.5453,1679.5,5571.5,,,Mendeley 10.17632/37wyv32y8j.1,bipolar potential,-1.149795021,-1.27870062,-1.673437178,1.345567841,0.142185913,0.471681341,2.736154,0,-1.876492813,-1.728006027,-1.437295534,-1.066153671,-0.444500733,0.156503357,-2.481855745,0.0
external_public,external_mat_bipolar_20260718,external_vl_vm_window,external_vl_vm_angle_features,ext_mat_16,ext_mat_16_trial_03,ext_mat_16_trial_03_w13,window_5s,unstable BOSU squatting,unknown,unstable,unstable BOSU squatting,5.0,11812.0,0.061911,0.046092,245.235738,1902.5,5752.0,,,Mendeley 10.17632/37wyv32y8j.1,bipolar potential,-1.208232181,-1.336374447,-1.682739678,1.343204895,0.161065019,0.486962411,2.730255,0,-2.296412185,-2.167196994,-1.504331013,-1.088280567,0.007656298,0.401216254,-2.49815567,0.0
external_public,external_mat_bipolar_20260718,external_vl_vm_window,external_vl_vm_angle_features,ext_mat_16,ext_mat_16_trial_03,ext_mat_16_trial_03_w14,window_5s,unstable BOSU squatting,unknown,unstable,unstable BOSU squatting,5.0,11812.0,0.072113,0.053973,250.659957,1650.5,5511.0,,,Mendeley 10.17632/37wyv32y8j.1,bipolar potential,-1.141986437,-1.267823442,-1.673238477,1.336093973,0.139730782,0.466559431,2.623085,0,-1.820381673,-1.645175416,-1.435863659,-1.154868052,-0.503301438,0.074480473,-2.794284322,0.0
external_public,external_mat_bipolar_20260718,external_vl_vm_window,external_vl_vm_angle_features,ext_mat_16,ext_mat_16_trial_03,ext_mat_16_trial_03_w15,window_5s,unstable BOSU squatting,unknown,unstable,unstable BOSU squatting,5.0,11812.0,0.060305,0.045052,243.35355,1937.0,5813.5,,,Mendeley 10.17632/37wyv32y8j.1,bipolar potential,-1.219646678,-1.346285925,-1.686085752,1.338564326,0.163985777,0.492168981,2.786098,0,-2.378434796,-2.242673719,-1.52844342,-1.131735384,0.07760883,0.484594893,-2.343852112,0.0
external_public,external_mat_bipolar_20260718,external_vl_vm_window,external_vl_vm_angle_features,ext_mat_16,ext_mat_16_trial_03,ext_mat_16_trial_03_w16,window_5s,unstable BOSU squatting,unknown,unstable,unstable BOSU squatting,5.0,11812.0,0.068237,0.051591,247.629414,1675.5,5604.5,,,Mendeley 10.17632/37wyv32y8j.1,bipolar potential,-1.165980075,-1.287426054,-1.678521208,1.322653176,0.141847274,0.47447511,2.73484,0,-1.992795825,-1.794450929,-1.473931963,-1.280729208,-0.452611181,0.201243111,-2.485486547,0.0
external_public,external_mat_bipolar_20260718,external_vl_vm_window,external_vl_vm_angle_features,ext_mat_16,ext_mat_16_trial_03,ext_mat_16_trial_03_w17,window_5s,unstable BOSU squatting,unknown,unstable,unstable BOSU squatting,5.0,11812.0,0.066954,0.04929,246.647045,1821.5,5707.0,,,Mendeley 10.17632/37wyv32y8j.1,bipolar potential,-1.174223472,-1.307241182,-1.680247522,1.358368837,0.154207586,0.483152726,2.713008,0,-2.052031457,-1.945344769,-1.486372091,-0.946283684,-0.15658011,0.340207499,-2.545812018,0.0
external_public,external_mat_bipolar_20260718,external_vl_vm_window,external_vl_vm_angle_features,ext_mat_16,ext_mat_16_trial_03,ext_mat_16_trial_03_w18,window_5s,unstable BOSU squatting,unknown,unstable,unstable BOSU squatting,5.0,11812.0,0.070558,0.052805,250.357442,1668.0,5516.5,,,Mendeley 10.17632/37wyv32y8j.1,bipolar potential,-1.151453738,-1.277324953,-1.673762933,1.336199224,0.141212326,0.467025059,2.704601,0,-1.888412068,-1.717530209,-1.439642983,-1.153882469,-0.467818268,0.081937096,-2.569041967,0.0
