session,t_start_ms,t_end_ms,n_rows,label,mav,rms,wl,iemg,var,zc,ssc,swing,tilt_std,tilt_p95,tilt_zc,gyro_mean,gyro_max,gyro_std,acc_std,fatigue,group,zc_per_mav,ssc_per_rms,rms_mav_ratio,wl_per_iemg,var_per_rms2
session_20260531_093520,414099,417009,49,FreshSquat,0.0002290563031929,0.0003248873278502,0.2866499944395215,0.33327692114577,4.241264858975248e-08,0.0,1.0439253826530612,0.0,0.0,0.0,0,3.987233320869444,4.12903719969826,0.0361817777346656,0.0021649284865081,0,session_20260531_093520,0.0,3213.1821711194125,1.4183670344559893,0.8600955403511118,0.39804731805033455
session_20260531_093520,415070,418044,50,FreshSquat,0.0003097883224487,0.0004327777261897,0.3770735544994784,0.4606552354812622,7.28596901925693e-08,0.0,12.430390625,0.0,0.0,0.0,0,3.992932336503918,4.12903719969826,0.0339743216834355,0.0019780716568485,0,session_20260531_093520,0.0,28722.277396674494,1.3970065939292224,0.8185591406271062,0.38694116388495037
session_20260531_093520,416102,419015,49,FreshSquat,0.0003075167759746,0.0004288895098065,0.3718159247331676,0.4477444258190337,7.10237022960091e-08,0.0,13.232142857142856,0.0,0.0,0.0,0,3.99513895957924,4.0507603198715785,0.0277790465951167,0.0019336104451355,0,session_20260531_093520,0.0,30852.02995774545,1.3946820096732389,0.8304199951179865,0.384023558380028
session_20260531_093520,417071,420047,50,FreshSquat,0.0002987816015879,0.000420785822964,0.3622067937999963,0.4445870231628417,6.794382706036515e-08,0.0,13.2525,0.0,0.0,0.0,0,3.9985603216301526,4.066847177444386,0.0339286957368949,0.0018985453283904,0,session_20260531_093520,0.0,31494.569878995004,1.408334423516315,0.8147039254733816,0.38157675275696107
session_20260531_093520,418105,421019,49,FreshSquat,0.0002582405375785,0.0003446921755674,0.3067680736123996,0.3762564632519573,4.7179490118176646e-08,0.0,5.459103954081632,0.0,0.0,0.0,0,3.995299187551325,4.066847177444386,0.0343521865965842,0.002108790717918,0,session_20260531_093520,0.0,15837.57480865524,1.3347665863498848,0.8153164204694558,0.39377705146191827
session_20260531_093520,419076,422049,50,FreshSquat,0.0002750891685485,0.0003760156742771,0.3256668613669772,0.4087825044631958,5.58176835243681e-08,0.0,8.35875,0.0,0.0,0.0,0,4.000098703494955,4.248233915985534,0.0442939070390155,0.0024032511782609,0,session_20260531_093520,0.0,22229.732274692,1.3668815438266246,0.7966751439080315,0.3920117348684981
session_20260531_093520,420107,423017,49,FreshSquat,0.0003005096944821,0.0004009683072281,0.3513799684269506,0.4372416054715916,6.342112213725887e-08,0.0,8.35140306122449,0.0,0.0,0.0,0,3.995652560308736,4.248233915985534,0.051460415812057,0.0025586546298729,0,session_20260531_093520,0.0,20828.035739088664,1.334289642899826,0.8036288478182151,0.3920314846271331
session_20260531_093520,421080,424048,50,FreshSquat,0.0002876691023508,0.0003801317164141,0.3443118159090479,0.4269009478886921,5.591283875821908e-08,0.0,4.2896875,0.0,0.0,0.0,0,3.998836888749421,4.248233915985534,0.0515354821450424,0.0023592752522678,0,session_20260531_093520,0.0,11284.710088796992,1.3214154453581257,0.806537949389337,0.3842803570012087
session_20260531_093520,422110,425021,49,FreshSquat,0.0002934712131007,0.0003801834457869,0.3544763675367548,0.4272940862746465,5.5736550731855737e-08,0.0,3.830357142857143,0.0,0.0,0.0,0,3.9985435853798528,4.068143696527713,0.0395403760271136,0.0021338656156955,0,session_20260531_093520,0.0,10074.99697924024,1.2954665853030742,0.8295840688965875,0.3829652358411238
session_20260531_093520,423078,426053,50,FreshSquat,0.0002742573658625,0.0003591356343859,0.3422834317028522,0.4080949604034424,4.9619937581752326e-08,0.0,3.9525,0.0,0.0,0.0,0,4.004334722963385,4.369807306565076,0.0649851509744069,0.0017301362223583,0,session_20260531_093520,0.0,11005.56061833824,1.3094792323161197,0.8387347653735695,0.38175524624354495
session_20260531_093520,424109,427027,49,FreshSquat,0.0002799918294763,0.0003699242530998,0.3534232136594182,0.4085080792060515,5.4703651713892996e-08,0.0,6.513392857142857,0.0,0.0,0.0,0,4.005800569989414,4.369807306565076,0.0672115263660275,0.001787920313675,0,session_20260531_093520,0.0,17607.321486066932,1.3211918812053445,0.8651559927068064,0.3968520236895268
session_20260531_093520,425082,428004,49,FreshSquat,0.0003250173078913,0.0004490736675584,0.4032044380191447,0.4748502868292282,7.514512834898234e-08,0.0,16.305803571428573,0.0,0.0,0.0,0,4.004092549204134,4.369807306565076,0.0673286992973317,0.0016711761148043,0,session_20260531_093520,0.0,36309.78264724336,1.3816872977770513,0.8491190767986861,0.3707809827647235
session_20260531_093520,426113,429036,49,FreshSquat,0.0003400107549161,0.0004636461830409,0.4156233721598349,0.497095723687386,8.20896441493537e-08,0.0,18.29830994897959,0.0,0.0,0.0,0,3.999806134469319,4.121635536313463,0.0431424669633785,0.0017576849090125,0,session_20260531_093520,0.0,39466.02204928188,1.363618099483965,0.836103292622789,0.3801013419254224
session_20260531_093520,427088,430008,49,FreshSquat,0.0003259171109621,0.0004458458116756,0.3903555016394476,0.4758389820046975,7.031737027183935e-08,0.0,15.247130102040815,0.0,0.0,0.0,0,3.994546347504728,4.121635536313463,0.0417585311285168,0.0017592357208044,0,session_20260531_093520,0.0,34198.13645125871,1.3679688138823496,0.8203520845949563,0.3519766870305925
session_20260531_093520,428064,431041,50,FreshSquat,0.0002550884008407,0.0003328355863507,0.3067590326547623,0.3795715404510498,4.1693824114803424e-08,0.0,2.44125,0.0,0.0,0.0,0,3.9940599247020008,4.121635536313463,0.0419608122702125,0.0020276391499034,0,session_20260531_093520,0.0,7334.680441133138,1.30478014866071,0.8081718441853272,0.37300053982922654
session_20260531_093520,429096,432009,49,FreshSquat,0.000247888386655,0.0003221396148775,0.2875889383114519,0.3609254909697033,3.830173080013172e-08,0.0,0.9285714285714284,0.0,0.0,0.0,0,3.990877356835673,4.151815695328237,0.0489889175342634,0.0021171764669195,0,session_20260531_093520,0.0,2882.5034338639202,1.2995296782344203,0.7968097147751275,0.3655654632931951
session_20260531_093520,430069,433041,50,FreshSquat,0.0002484570582707,0.0003241686873983,0.284412986139829,0.3692071885903676,3.9491331771840386e-08,0.0,0.92875,0.0,0.0,0.0,0,3.993960111191981,4.151815695328237,0.0492932493023475,0.0020952082796743,0,session_20260531_093520,0.0,2865.0118629348144,1.3047219705996083,0.7703343655235504,0.3722600366599335
session_20260531_093520,431102,434012,49,FreshSquat,0.0002452193960851,0.0003132366664856,0.2779609009423958,0.3567942213039009,3.630497498226025e-08,0.0,0.5799585459183674,0.0,0.0,0.0,0,3.99371012560624,4.151815695328237,0.0489932930327945,0.0022086520542629,0,session_20260531_093520,0.0,1851.496828032426,1.2773679167245775,0.7790510147488919,0.3662832646714739
session_20260531_093520,432070,435046,50,FreshSquat,0.0002730457226435,0.00036087938699,0.3250921696424484,0.4062920352935791,4.887298504655113e-08,0.0,3.83625,0.0,0.0,0.0,0,3.999325000068659,4.051184665888861,0.0290694115104273,0.0023813844961394,0,session_20260531_093520,0.0,10630.253508640531,1.321676317870248,0.800144085048083,0.3724111921265794
session_20260531_093520,433101,436015,49,FreshSquat,0.000269555291351,0.0003584944304462,0.3285381998628263,0.3927420594984171,4.712744930930221e-08,0.0,3.832987882653061,0.0,0.0,0.0,0,3.99978796866265,4.042588382722058,0.0267858107062148,0.0021877259891628,0,session_20260531_093520,0.0,10691.873751033163,1.329942731625544,0.8365241029847639,0.3638672301826382
session_20260531_093520,434072,437045,50,FreshSquat,0.0002768191258112,0.0003804234873654,0.3415830608129501,0.4113532209555308,5.586138208992506e-08,0.0,6.965625,0.0,0.0,0.0,0,4.001933920049098,4.074090927695133,0.0276835209072697,0.0021395095941928,0,session_20260531_093520,0.0,18310.138362122507,1.3742623888006638,0.830388684423327,0.38334205329064164
session_20260531_093520,435107,438020,49,FreshSquat,0.0002694188980829,0.0003755414638481,0.3210758179284277,0.3922739156087239,5.521725358398543e-08,0.0,6.267857142857142,0.0,0.0,0.0,0,4.001129518916185,4.074090927695133,0.0255405144307626,0.0019975089655958,0,session_20260531_093520,0.0,16690.142250843768,1.3938891170263399,0.8184990241109679,0.38876795593090324
session_20260531_093520,436076,439050,50,FreshSquat,0.0003049879074096,0.0009571199776517,0.3481878134750762,0.4535170183181762,1.8457596893611544e-07,0.23234375,7.20265625,0.0,0.0,0.0,0,3.9976033550884127,4.074090927695133,0.0305076366313617,0.0021898128171068,0,session_20260531_093520,761.8104932844735,7525.335269185871,3.138212421497311,0.7677502687739186,0.201265146244619
session_20260531_093520,437106,440027,49,FreshSquat,0.0004372513050935,0.0018204700675337,0.43127334315938,0.6383869054366131,8.908473855327846e-07,0.9311224489795916,7.798150510204081,0.0,0.0,0.0,0,3.9937906773366407,4.0461399829624245,0.0293505518986438,0.0020576917553303,0,session_20260531_093520,2129.485512444548,4283.589368310422,4.163431607626217,0.6755673382568069,0.26872322339769295
session_20260531_093520,438081,441006,49,FreshSquat,0.0006056950286943,0.0019741479372636,0.6088108660947834,0.885526131951079,1.241254006081391e-06,6.5267857142857135,49.30054209183673,0.0,0.0,0.0,0,3.993229878668562,4.073347104560177,0.0333244411313071,0.0020950215150275,0,session_20260531_093520,10775.678566616189,24973.06113092613,3.259304739902743,0.6875131556715077,0.31841231246270674
session_20260531_093520,439110,442048,49,FreshSquat,0.0010536026711366,0.002160334708294,1.0839533420388592,1.5477423238997556,1.8658917399528648e-06,25.061065051020407,153.76251594387756,0.0,0.0,0.0,0,3.992461558354327,4.074441335764919,0.0315901575001049,0.0021726263023362,0,session_20260531_093520,23786.045680711413,71175.28787472693,2.050424431383661,0.7003448342792233,0.39971579526502404
session_20260531_093520,440088,443027,49,FreshSquat,0.0009750381862225,0.0015373604119556,1.0546322206035257,1.433306133747101,7.159170859469316e-07,24.7265625,164.4140625,0.0,0.0,0.0,0,3.995774112860409,4.089480479407791,0.0360034228835399,0.0023973161645611,0,session_20260531_093520,25359.55769715854,106945.61553412295,1.5767165398876395,0.7358038837876109,0.30278030827606384
session_20260531_093520,441067,444003,49,FreshSquat,0.0008576173198466,0.0013673065313052,0.9162119106565708,1.2589822255348673,5.754027023316177e-07,19.07557397959184,132.47576530612247,0.0,0.0,0.0,0,3.9998787420440713,4.115141079967449,0.0399744398049482,0.0025873430483755,0,session_20260531_093520,22242.498251441084,96888.05354539678,1.5943065809855443,0.727740147037887,0.30761526351674345
session_20260531_093520,442110,445042,49,FreshSquat,0.0004094506283195,0.0005927308000789,0.4486356021689416,0.6002546211164824,1.5490112055866114e-07,0.3506058673469387,34.943718112244895,0.0,0.0,0.0,0,4.0094520281595,4.258652674682202,0.0571767925714911,0.0024915924000838,0,session_20260531_093520,856.2815314373515,58953.67535130298,1.447621059688118,0.7474088255864886,0.4396480796111609
session_20260531_093520,443088,446010,49,FreshSquat,0.000345741234669,0.0005090261927019,0.3786800409515141,0.5051279438515099,1.061074411952047e-07,0.0,21.08107461734694,0.0,0.0,0.0,0,4.011240451898363,4.258652674682202,0.0622545778697017,0.0021805525739213,0,session_20260531_093520,0.0,41414.43702732121,1.4722707892173532,0.7496715333435628,0.4079366182988346
session_20260531_093520,444064,447042,50,FreshSquat,0.0003104585727055,0.0004250387593292,0.345569469209543,0.4622728147586186,7.039953291571242e-08,0.0,9.53890625,0.0,0.0,0.0,0,4.0072544196055855,4.258652674682202,0.064426809826254,0.0020489187543067,0,session_20260531_093520,0.0,22442.385778343072,1.369063146048935,0.7475444314034384,0.3875389659777679
session_20260531_093520,445101,448014,49,FreshSquat,0.000316364675963,0.0004543617886364,0.323384678264459,0.4606269682021368,8.709282953840053e-08,0.0,1.9732142857142856,0.0,0.0,0.0,0,4.00743839445803,4.272259326780037,0.0657531247355558,0.0019858147949243,0,session_20260531_093520,0.0,4342.816654585976,1.436191796892464,0.7020532879883292,0.4198365002295252
session_20260531_093520,446071,449046,50,FreshSquat,0.0003587137063344,0.0004981344503451,0.3711685657411814,0.5337659950256347,1.0737814395154372e-07,0.0,8.1375,0.0,0.0,0.0,0,4.003778192329628,4.272259326780037,0.0652011016305448,0.0019684247721799,0,session_20260531_093520,0.0,16335.91826151396,1.388664700801897,0.6953769414029057,0.43099877920660035
session_20260531_093520,447103,450021,49,FreshSquat,0.0003867857958994,0.000536574497215,0.3983661549821888,0.5643204762173347,1.2484049231103898e-07,0.0,13.840959821428571,0.0,0.0,0.0,0,4.010896654958724,4.3441017052891295,0.0805809591369139,0.0017419224942029,0,session_20260531_093520,0.0,25794.99044080026,1.3872616720725868,0.7059218494897315,0.43210531148701686
session_20260531_093520,448074,450996,49,FreshSquat,0.0003852579950475,0.0005074025997985,0.4236225812932552,0.5628619307644513,9.894082120806657e-08,0.0,18.402264030612244,0.0,0.0,0.0,0,4.003710394271822,4.3441017052891295,0.0709351846866472,0.0018293546421266,0,session_20260531_093520,0.0,36267.50783384301,1.3170428369516474,0.7526225480648324,0.3828128808292319
session_20260531_093520,449106,452027,49,FreshSquat,0.0003659254758536,0.0004804879852673,0.4157357069264565,0.5342511947463159,8.597720280249456e-08,0.0,12.570153061224488,0.0,0.0,0.0,0,4.004536854398021,4.3441017052891295,0.0645871118947273,0.0020192846083222,0,session_20260531_093520,0.0,26161.16799062856,1.313072480329447,0.7781652343252119,0.37080123934104026
session_20260531_093520,450083,452996,49,FreshSquat,0.000292144567788,0.0003824234542942,0.3445098473592883,0.4253624906994048,5.3170920989629674e-08,0.0,5.455357142857142,0.0,0.0,0.0,0,3.994548417013792,4.137517251500972,0.0408821255647271,0.0020906227859862,0,session_20260531_093520,0.0,14265.189063093554,1.309016793202598,0.8099206067345179,0.3610984862204476
session_20260531_093520,451056,454028,50,FreshSquat,0.0002618409077326,0.0003436256748846,0.3210701672617346,0.3890955888907114,4.535230538812004e-08,0.0,0.92875,0.0,0.0,0.0,0,3.9941222182829854,4.1113868860660245,0.0348111797004023,0.0020031168121822,0,session_20260531_093520,0.0,2702.7878447210237,1.3123402508796251,0.8251704095436196,0.3808602359881616
session_20260531_093520,452088,454998,49,FreshSquat,0.0002640514795472,0.0003476300590356,0.309900540791984,0.3841949027411792,4.623738421918728e-08,0.0,1.3919005102040816,0.0,0.0,0.0,0,3.9907847351960295,4.1113868860660245,0.0337127013114969,0.0021116978071536,0,session_20260531_093520,0.0,4003.959007763862,1.3165188209242336,0.8066232471442538,0.37947191165491206
session_20260531_093520,453056,456031,50,FreshSquat,0.0003035156647364,0.0004061449355434,0.3574112790644169,0.4516313091278076,6.714591541239217e-08,0.0,4.53375,0.0,0.0,0.0,0,3.991710126531599,4.100778705501229,0.0359839348444179,0.0020930550798882,0,session_20260531_093520,0.0,11162.85946314864,1.338130596210034,0.7913784342437922,0.4046062962467594
session_20260531_093520,454088,456997,49,FreshSquat,0.0002977308043006,0.0003987535801692,0.3369038601059365,0.4329005894531198,6.31468304782153e-08,0.0,4.868303571428571,0.0,0.0,0.0,0,3.990852127202722,4.100778705501229,0.0363059823443633,0.0023977842729342,0,session_20260531_093520,0.0,12208.771544048088,1.3393046171399448,0.7782476336040499,0.3946567937736475
session_20260531_093520,455060,458028,50,FreshSquat,0.0002735255718231,0.0003678321971307,0.3186777915341158,0.4059119485855102,5.309189066025964e-08,0.0,3.5940625,0.0,0.0,0.0,0,3.992200620116175,4.100778705501229,0.0357047604662763,0.0021934576100158,0,session_20260531_093520,0.0,9770.903028969793,1.3447768334865506,0.7850909337838611,0.38952080752761764
session_20260531_093520,456092,458999,49,FreshSquat,0.0002324926285516,0.0002971819623567,0.2760821550601117,0.3380442819141206,3.3001124016025485e-08,0.0,0.3477359693877551,0.0,0.0,0.0,0,3.996286112484031,4.061513492258079,0.0274614124454677,0.0020669266401706,0,session_20260531_093520,0.0,1170.1073528245463,1.2782370175393558,0.8167041095330393,0.36948263085299454
session_20260531_093520,457058,460032,50,FreshSquat,0.0002628506104151,0.0003468684544434,0.3072172592317064,0.3908588576873143,4.6269419221923685e-08,0.0,2.904296875,0.0,0.0,0.0,0,3.997921058622183,4.08883209121758,0.031805171137255,0.0018785844978929,0,session_20260531_093520,0.0,8372.8816065985,1.3196360254198902,0.7860056191728254,0.38139043030138753
session_20260531_093520,458089,461002,49,FreshSquat,0.0002728346172644,0.0003733703014647,0.3035064305932748,0.3972472027369907,5.695467621879513e-08,0.0,2.9017857142857144,0.0,0.0,0.0,0,3.9968303365041375,4.08883209121758,0.0409230450705542,0.0019810670825696,0,session_20260531_093520,0.0,7771.849906252264,1.3684807915048485,0.7640240830851014,0.4056445372754253
session_20260531_093520,459060,462033,50,FreshSquat,0.0002773095528284,0.0003841550530066,0.3076324208698546,0.4120819955031077,6.303557219359907e-08,0.0,5.3403125000000005,0.0,0.0,0.0,0,3.9943523251553454,4.08883209121758,0.0402563118735798,0.0021832421843052,0,session_20260531_093520,0.0,13901.414433545971,1.38528825927629,0.7465320578923534,0.42426739189887996
session_20260531_093520,460092,463005,49,FreshSquat,0.0002743781180608,0.0003879518010724,0.3123786708925451,0.3994945398966471,6.504746123361951e-08,0.0,11.142857142857142,0.0,0.0,0.0,0,3.9938319843044927,4.065062892591851,0.0386161757421491,0.0020388931278433,0,session_20260531_093520,0.0,28722.197937624,1.4139261173163815,0.7819347673473223,0.4293374760756477
session_20260531_093520,461063,464037,50,FreshSquat,0.0002478050788243,0.0003523489705631,0.2887693242402747,0.368486152211825,5.1614179618710315e-08,0.0,11.1525,0.0,0.0,0.0,0,3.994513268895821,4.064066505317186,0.0330153521966661,0.0019123622559545,0,session_20260531_093520,0.0,31651.769353568805,1.4218737983942809,0.783663976850373,0.41241920348663
session_20260531_093520,462094,465015,49,FreshSquat,0.0003886138581905,0.0016249421612096,0.4017364582756444,0.5673762329581644,6.887338296975216e-07,0.0,12.45376275510204,0.0,0.0,0.0,0,3.998259684523594,4.058844021312957,0.0330544105946674,0.0016909345211786,0,session_20260531_093520,0.0,7664.122076634065,4.181369103527815,0.7080600741293414,0.2607420970423989
session_20260531_093520,463066,466048,50,FreshSquat,0.0003826782782872,0.0016943384172629,0.4027243724349886,0.5705733129262924,7.417144953248258e-07,0.0,4.1934375,0.0,0.0,0.0,0,3.999862158904101,4.20865524551301,0.0494144975797408,0.0018231275376816,0,session_20260531_093520,0.0,2474.968980403134,4.427567713743054,0.7058240590744018,0.25827668037054924
session_20260531_093520,464097,467019,49,FreshSquat,0.0003745054955385,0.0017084132227193,0.391713239722505,0.5471525289817731,7.408493066129493e-07,0.0,4.425860969387755,0.0,0.0,0.0,0,4.00263351866065,4.20865524551301,0.0484412630167347,0.0017458603220215,0,session_20260531_093520,0.0,2590.625218714855,4.561771940064179,0.7159123247324723,0.2537436937171839
session_20260531_093520,465077,468048,50,FreshSquat,0.0002167591253916,0.0006199220975381,0.26617544774202,0.3221040603319804,6.711936727164352e-08,0.0,2.321875,0.0,0.0,0.0,0,3.9963318042431455,4.20865524551301,0.0476401605881697,0.0019903611586613,0,session_20260531_093520,0.0,3745.4242457183154,2.859945280148484,0.8263647674646457,0.1741987380580048
session_20260531_093520,466109,469018,49,FreshSquat,0.0001989546032989,0.0002845333571684,0.2402923483982504,0.2892799931967339,3.451671477293431e-08,0.0,1.8545918367346936,0.0,0.0,0.0,0,3.987603184580472,4.052953494194783,0.0420171111213302,0.0020299942075543,0,session_20260531_093520,0.0,6517.989093447383,1.4301349268406012,0.8306566413812634,0.42114493032645434
session_20260531_093520,467079,470047,50,FreshSquat,0.0002225173155466,0.0003111824848455,0.2653817648331324,0.3302156962712606,4.1090555393164425e-08,0.0,1.6231250000000002,0.0,0.0,0.0,0,3.992956792984872,4.091246993736142,0.0505528568993929,0.0022137865586659,0,session_20260531_093520,0.0,5215.974108670543,1.3984578486544037,0.8036618701839925,0.4200005015184276
session_20260531_093520,468108,471017,49,FreshSquat,0.0002121661066198,0.0002955252082391,0.2481782832483248,0.3084895190251927,3.4179741091096804e-08,0.0,0.0,0.0,0.0,0.0,0,3.993494656501967,4.091246993736142,0.0509817623458175,0.0021703554284346,0,session_20260531_093520,0.0,0.0,1.3928889022777522,0.8044950221584751,0.38693251318717353
session_20260531_093520,469077,472048,50,FreshSquat,0.0001875710248947,0.0002530711330412,0.2239289186170945,0.2787305429935455,2.444086844263993e-08,0.0,0.0,0.0,0.0,0.0,0,3.999972960253729,4.091246993736142,0.0401850362546336,0.0020826533153949,0,session_20260531_093520,0.0,0.0,1.3491944397533173,0.8033885178449619,0.37575323317437653
session_20260531_093520,470106,473018,49,FreshSquat,0.0001874514501921,0.0002570619489042,0.2208468620550064,0.2729293114798409,2.7158525564455152e-08,0.0,0.0,0.0,0.0,0.0,0,3.985727272621241,4.069597312153101,0.0357371707575345,0.0019493686132184,0,session_20260531_093520,0.0,0.0,1.371344832466925,0.8091723825791652,0.4048626002235324
session_20260531_093520,471077,474049,50,FreshSquat,0.0001968920230865,0.0002726563309369,0.2352852143457159,0.2925815463066101,3.020017636224793e-08,0.0,0.0,0.0,0.0,0.0,0,3.983588095179664,4.069597312153101,0.0342366735490604,0.0017804742020683,0,session_20260531_093520,0.0,0.0,1.3847942738789445,0.804169697343043,0.40084397660687987
session_20260531_093520,472109,475020,49,FreshSquat,0.0001857018876237,0.0002594724381038,0.2254157447992336,0.2703819483802432,2.6234941534577413e-08,0.0,0.0,0.0,0.0,0.0,0,3.98121658603924,4.052464626996311,0.0339541867189408,0.0017075600172709,0,session_20260531_093520,0.0,0.0,1.397245037080863,0.8336937629006705,0.38396748260958113
session_20260531_093520,473079,476051,50,FreshSquat,0.0001687944014867,0.000237116164894,0.2130340182264645,0.250828480609258,2.2289452859455242e-08,0.0,0.92875,0.0,0.0,0.0,0,3.987848835766484,4.053902303405257,0.0274546100190945,0.00174199601527,0,session_20260531_093520,0.0,3916.84001626447,1.4047548855333198,0.8493214839865357,0.3895118025883247
session_20260531_093520,474110,477025,49,FreshSquat,0.0002357474233017,0.0014168526939056,0.2849258024716863,0.3437197431739496,2.5412876825492324e-07,0.1162308673469387,1.5110012755102042,0.0,0.0,0.0,0,3.987857609931219,4.053902303405257,0.0323542271459127,0.0017837332519486,0,session_20260531_093520,493.029245833775,1066.4483439677415,6.01001980866857,0.8289480232112914,0.12652843774011155
session_20260531_093520,475080,478002,49,FreshSquat,0.0007294302165102,0.0037036749828458,0.739401427061506,1.0656975463215186,3.7301668514492354e-06,2.0964604591836737,4.658801020408164,0.0,0.0,0.0,0,3.990527406821675,4.066531939077547,0.0311654337911128,0.0019383308480462,0,session_20260531_093520,2874.1030157904656,1257.8856903212338,5.077483522799041,0.6938192068846248,0.2719135581348691
session_20260531_093520,476112,479033,49,FreshSquat,0.0007241589601348,0.0037026697266533,0.7345702547732056,1.0572720817968149,3.684853910596948e-06,2.095025510204082,3.724489795918367,0.0,0.0,0.0,0,3.992046244766938,4.066531939077547,0.0313720153155495,0.0019599793827627,0,session_20260531_093520,2893.0424568269414,1005.8927922237332,5.113055029946781,0.6947788244157906,0.268756296237119
session_20260531_093520,477086,480005,49,FreshSquat,0.0006660672028859,0.0034295330529122,0.6708007541763893,0.9724581162134808,2.551762113505934e-06,1.9786352040816328,3.142538265306122,0.0,0.0,0.0,0,3.9921362573812966,4.066531939077547,0.0331536987878549,0.0019876401125868,0,session_20260531_093520,2970.6195184047547,916.3163907463247,5.148921744129095,0.689799120705093,0.2169368234141135
session_20260531_093520,478062,481036,50,FreshSquat,0.0002094758033752,0.0002769381122341,0.252759157070114,0.311490519618988,2.921697049485229e-08,0.0,0.0,0.0,0.0,0.0,0,3.994898960746312,4.141107044539941,0.0436818262823298,0.002001805818563,0,session_20260531_093520,0.0,0.0,1.3220466790209133,0.8114505589699353,0.37604834979803925
session_20260531_093520,479094,482006,49,FreshSquat,0.0002347377206192,0.0003070626847762,0.2667563838015,0.3417781212216332,3.505100955471979e-08,0.0,0.0,0.0,0.0,0.0,0,3.9905041900863374,4.141107044539941,0.0445051183548166,0.0020681208569219,0,session_20260531_093520,0.0,0.0,1.308104108117408,0.7804957850067308,0.36784481025290133
session_20260531_093520,480065,483037,50,FreshSquat,0.0001995980262756,0.0002736344895741,0.2376706727309773,0.2966026670455932,2.4924947663703882e-08,0.0,0.0,0.0,0.0,0.0,0,3.990126417392724,4.141107044539941,0.0392305693085922,0.0020976044597713,0,session_20260531_093520,0.0,0.0,1.3709209642950573,0.8013099622368974,0.3284965236975501
session_20260531_093520,481098,484004,49,FreshSquat,0.0001612188053779,0.0002299555193599,0.1995662679057885,0.2342509242142139,1.7268304186155558e-08,0.0,0.0,0.0,0.0,0.0,0,3.986027973475784,4.077257808087575,0.0268724733565291,0.0018964420513521,0,session_20260531_093520,0.0,0.0,1.4263478287973563,0.8519337446513496,0.32049835434394836
session_20260531_093520,482067,485034,50,FreshSquat,0.0001767748991648,0.0002556944209937,0.2201297927626718,0.262333950360616,2.1951272736071912e-08,0.0,0.0,0.0,0.0,0.0,0,3.987972105570351,4.077257808087575,0.031197833930968,0.0020449940485234,0,session_20260531_093520,0.0,0.0,1.446432586126053,0.8391204860101066,0.33069287137126296
session_20260531_093520,483098,486005,49,FreshSquat,0.0002089878490992,0.0002914318147969,0.2431737516359204,0.3038683325903756,3.274679370307888e-08,0.0,0.0,0.0,0.0,0.0,0,3.9854122455569,4.077257808087575,0.034060228354055,0.0018676210214776,0,session_20260531_093520,0.0,0.0,1.3944849978984626,0.8002602599707757,0.38107575926908666
session_20260531_093520,484065,487037,50,FreshSquat,0.0002310036261876,0.000306990063884,0.2733098022514333,0.3432713885148366,3.7247046041118424e-08,0.0,0.0,0.0,0.0,0.0,0,3.989072552682737,4.088490042836253,0.0357380805053988,0.0020698598688517,0,session_20260531_093520,0.0,0.0,1.3289347012240866,0.7961916157292233,0.39107425651339073
session_20260531_093520,485095,488009,49,FreshSquat,0.000176533120019,0.0002395573219978,0.2220558104797133,0.2572087558678217,2.151118238414952e-08,0.0,0.0,0.0,0.0,0.0,0,3.990957875358493,4.088490042836253,0.0295976049018487,0.0019207121871353,0,session_20260531_093520,0.0,0.0,1.3570029520186633,0.8633291229420569,0.36841969297229354
session_20260531_093520,486066,489043,50,FreshSquat,0.0003246944189071,0.0018105309075282,0.336770955760777,0.4831452953338623,6.284541061859874e-07,0.8137500000000001,1.86,0.0,0.0,0.0,0,3.995158941230844,4.096819336446887,0.039368221524868,0.0018625700604263,0,session_20260531_093520,2506.1948910120764,1027.3224085508307,5.576090089667137,0.6970386720438276,0.1916589989810728
session_20260531_093520,487097,490014,49,FreshSquat,0.0003897521041688,0.0020755770033077,0.3696749652614246,0.5682585678781781,1.0114033640335534e-06,1.046077806122449,2.092155612244898,0.0,0.0,0.0,0,3.9882947305083,4.096819336446887,0.0385160300233023,0.0015148385392114,0,session_20260531_093520,2683.9499029862714,1007.9869843054703,5.325363624066939,0.6505400631110847,0.23471772892428838
session_20260531_093520,488070,491045,50,FreshSquat,0.0004355674664179,0.0020629526661692,0.4208927439302206,0.6481243900299072,1.0808095628583792e-06,1.04625,2.0925,0.0,0.0,0.0,0,3.98713349108878,4.096819336446887,0.0409065746534592,0.0015837524437233,0,session_20260531_093520,2402.0333900760165,1014.3223448569574,4.736230524525458,0.6494011793961305,0.25390345794834807
session_20260531_093520,489105,492018,49,FreshSquat,0.0003092692822826,0.001032951326302,0.3263197869417213,0.4502960750034878,1.802230496395331e-07,0.2321428571428571,0.3482142857142857,0.0,0.0,0.0,0,3.985793186264917,4.109607759827032,0.0490985943713277,0.0016910178191277,0,session_20260531_093520,750.6148195989077,337.10586330823537,3.3399630856162457,0.7246782824267689,0.16874999996828527
session_20260531_093520,490074,493050,50,FreshSquat,0.0002781528949737,0.0003668526393775,0.3206495935946702,0.4138915077209472,5.0599632622044676e-08,0.0,2.20875,0.0,0.0,0.0,0,3.990470665041972,4.109607759827032,0.058188260446654,0.0022047536892384,0,session_20260531_093520,0.0,6020.793479786501,1.3188837043327637,0.7747189464832865,0.373206313844332
session_20260531_093520,491106,494020,49,FreshSquat,0.0002682149085868,0.0003581023079918,0.307145653330328,0.3907891218110817,4.853799171958792e-08,0.0,3.136080994897959,0.0,0.0,0.0,0,3.9903913080080535,4.109607759827032,0.0575198639535941,0.0025219426725581,0,session_20260531_093520,0.0,8757.47563596863,1.3351270246369855,0.7859626468641777,0.3755727303177177
session_20260531_093520,492078,495051,50,FreshSquat,0.0002761681079864,0.0003898195947025,0.3360891579385226,0.4103858084678649,6.405034426801444e-08,1.04484375,12.42203125,0.0,0.0,0.0,0,3.993304539734352,4.088468663862267,0.0433954763876089,0.0025158893383622,0,session_20260531_093520,3783.3476655595146,31866.020981985675,1.4115249802729446,0.8189590141392059,0.418741046767277
session_20260531_093520,493111,496022,49,FreshSquat,0.0002516406733973,0.0003608444070636,0.304677692573695,0.366388820466541,5.745683324525574e-08,1.0446428571428572,10.330357142857142,0.0,0.0,0.0,0,3.991815809207268,4.067355806015033,0.0289683428626943,0.0023463602556473,0,session_20260531_093520,4151.311040971903,28628.207372572677,1.4339612441453093,0.8315692912086251,0.43790418873251047
session_20260531_093520,494081,497052,50,FreshSquat,0.0002120866060256,0.0003217055838825,0.2698076152085637,0.3151606965541839,4.09738752724934e-08,1.04484375,9.40359375,0.0,0.0,0.0,0,3.990739947834971,4.067355806015033,0.03036451861969,0.0020689224100454,0,session_20260531_093520,4926.4724590926,29230.342868688585,1.5168523513046235,0.8560953738915276,0.3921152027678358
session_20260531_093520,495112,498023,49,FreshSquat,0.000186006074049,0.0002657939380129,0.2254016029515436,0.2708248438153948,2.7106547131552734e-08,0.0,0.0,0.0,0.0,0.0,0,3.9849991627684704,4.158827386471386,0.046575112769213,0.0021684450550937,0,session_20260531_093520,0.0,0.0,1.4289453203423956,0.8322781578816614,0.37833778831234355
session_20260531_093520,496083,499052,50,FreshSquat,0.0001753988186518,0.0002418576521401,0.2162696488171816,0.2602918468793233,2.1876216474031242e-08,0.0,0.0,0.0,0.0,0.0,0,3.98692190448962,4.158827386471386,0.0554002960288476,0.0021746275267014,0,session_20260531_093520,0.0,0.0,1.3788933990874341,0.8308736926615109,0.36769763705797237
session_20260531_093520,497112,500022,49,FreshSquat,0.0002059185099439,0.0002849593269487,0.2424453123059237,0.2996114319684554,3.38803748045071e-08,0.0,0.0,0.0,0.0,0.0,0,3.9870272395493376,4.158827386471386,0.0597865201275867,0.0019990685178764,0,session_20260531_093520,0.0,0.0,1.3838384086400233,0.8091991347054154,0.41216089403645023
session_20260531_093520,498083,501053,50,FreshSquat,0.0002143291076024,0.0002864114080592,0.2513454257282428,0.3182787247896194,3.2876708836490626e-08,0.0,0.0,0.0,0.0,0.0,0,3.99162616050726,4.13958704163113,0.045842428667182,0.0020339617919806,0,session_20260531_093520,0.0,0.0,1.3363097292449309,0.7897022495131542,0.39595467922816385
session_20260531_093520,499112,502026,49,FreshSquat,0.0002473261323915,0.0003276677397637,0.2821026743502122,0.3603541748945404,4.2181643055321855e-08,0.0,1.6261160714285714,0.0,0.0,0.0,0,3.981019960773813,4.051242200909859,0.0406854167251234,0.001955372514276,0,session_20260531_093520,0.0,4962.682960239824,1.3248353975374887,0.7828483564812942,0.3892511080043316
session_20260531_093520,500083,502997,49,FreshSquat,0.0002625226974487,0.0003425774494675,0.2985064998197173,0.3824955701828003,4.588981078063692e-08,0.0,1.8584183673469383,0.0,0.0,0.0,0,3.978921404141513,4.184661528728087,0.0575751595497845,0.0020604316315309,0,session_20260531_093520,0.0,5424.796481610686,1.3049391456725288,0.7804181860109868,0.3877161096449522
session_20260531_093520,501114,504029,49,FreshSquat,0.0002323493665578,0.0003176562322391,0.2692604778769749,0.3387653764413327,3.8454823616465096e-08,0.0,1.8596938775510203,0.0,0.0,0.0,0,3.9799961663507935,4.184661528728087,0.0595857571982843,0.0021721021205065,0,session_20260531_093520,0.0,5854.404335271775,1.3671432369360137,0.7948287983579588,0.37735775256545406
session_20260531_093520,502086,505000,49,FreshSquat,0.0002129677850372,0.0002908492125465,0.2527985957221185,0.3102940627993369,3.288472081035312e-08,0.0,0.9292091836734692,0.0,0.0,0.0,0,3.9847179325494015,4.184661528728087,0.0555283672589261,0.0022223556753269,0,session_20260531_093520,0.0,3194.803179058742,1.3656894013631922,0.8147065162213352,0.38419753033044135
session_20260531_093520,503057,506030,50,FreshSquat,0.000239658220609,0.0003243313004754,0.2977263563485816,0.3561321158250173,3.702242479142415e-08,0.0,4.8759375,0.0,0.0,0.0,0,3.987176961982526,4.105500779082687,0.0386891548362893,0.0022737899416102,0,session_20260531_093520,0.0,15033.770897480594,1.353301991265928,0.8359997379704651,0.3486406300485823
session_20260531_093520,504089,506998,49,FreshSquat,0.0002633008259494,0.0003442104768451,0.3160827006356549,0.3828394009304695,4.249930783296483e-08,0.0,4.98421556122449,0.0,0.0,0.0,0,3.984799394292857,4.105500779082687,0.0402439403790738,0.0021923409283467,0,session_20260531_093520,0.0,14480.096965120825,1.3072848074788836,0.8256274015731045,0.35569973757284923
session_20260531_093520,505061,508027,50,FreshSquat,0.0002192199150721,0.0003073879786741,0.2778423761907655,0.3251031340519587,3.031041689958783e-08,0.0,4.286796875,0.0,0.0,0.0,0,3.985145501014034,4.105500779082687,0.0392946498187375,0.0021414587955476,0,session_20260531_093520,0.0,13945.837920054215,1.4021836309414297,0.8546284124462846,0.31742854661783076
session_20260531_093520,506091,508998,49,FreshSquat,0.0001732184692304,0.0002363887917198,0.2155385012217626,0.2518596542611414,1.9614598046428293e-08,0.0,0.1159119897959183,0.0,0.0,0.0,0,3.981236779944408,4.085538686893089,0.0304805714294207,0.0022499076488207,0,session_20260531_093520,0.0,490.34261992714266,1.36467795895032,0.8557881213578288,0.3448437939511853
session_20260531_093520,507059,510029,50,FreshSquat,0.0001791424115498,0.000247969390155,0.2383590142680331,0.2660264811515807,2.2533131644412508e-08,0.0,0.928125,0.0,0.0,0.0,0,3.980535575143687,4.139199914694069,0.0391256020817989,0.0021238763779831,0,session_20260531_093520,0.0,3742.8863963147073,1.3841948638232064,0.8959973170348402,0.36059461839651546
session_20260531_093520,508088,511001,49,FreshSquat,0.0002269662480776,0.0002961842743441,0.2755326559820345,0.3304628572009859,3.429060309437236e-08,0.0,0.9285714285714284,0.0,0.0,0.0,0,3.983513037382064,4.139199914694069,0.0411091939747479,0.0020095579293398,0,session_20260531_093520,0.0,3135.103291774861,1.304964821368565,0.8337779848604253,0.3864813189988984
session_20260531_093520,509058,512033,50,FreshSquat,0.0002377522865931,0.0003126154593976,0.2861645426407456,0.3537754024505615,3.9392614414109554e-08,0.0,0.93,0.0,0.0,0.0,0,3.986807375682248,4.139199914694069,0.042090232001739,0.0018414839201549,0,session_20260531_093520,0.0,2974.8913470265593,1.3148733457158133,0.8088876158422239,0.3989997230566076
session_20260531_093520,510090,513002,49,FreshSquat,0.0002657902484037,0.0003495719808612,0.3090079609375624,0.386990601675851,4.72986349126091e-08,0.0,4.178571428571429,0.0,0.0,0.0,0,3.986657876794629,4.049357503957936,0.0301870846290979,0.0019758472371922,0,session_20260531_093520,0.0,11953.3592621409,1.3152125322435322,0.7984895726173278,0.3839157155535467
session_20260531_093520,511061,514031,50,FreshSquat,0.0002541498581568,0.0003399775344544,0.304763520821929,0.3774125393629075,4.4093863234949467e-08,0.0,4.1765625,0.0,0.0,0.0,0,3.984192303521986,4.251504085372348,0.0683531362350851,0.0019950325167461,0,session_20260531_093520,0.0,12284.782939907009,1.3376997304673612,0.8075076692705504,0.37821304324593796
session_20260531_093520,512094,515001,49,FreshSquat,0.0002230137870425,0.000308568729348,0.2687723191721098,0.3242620463598342,3.2540881309773414e-08,0.0,4.172831632653061,0.0,0.0,0.0,0,3.9785920005862137,4.251504085372348,0.0689237423171919,0.0020274128835413,0,session_20260531_093520,0.0,13523.139944641192,1.3836245275036223,0.8288738116608899,0.3382112566046839
session_20260531_093520,513063,516031,50,FreshSquat,0.0002108980417251,0.0002845231904906,0.2565366967620949,0.3129726939201355,2.861233914484897e-08,0.0,0.0,0.0,0.0,0.0,0,3.9783632111638334,4.251504085372348,0.0681562408256159,0.0018414395050717,0,session_20260531_093520,0.0,0.0,1.3490966491041088,0.8196775658897593,0.34912917719595066
session_20260531_093520,514092,517004,49,FreshSquat,0.0002384782324031,0.0003249349297772,0.2858343502276,0.3472243063790458,3.8049890803311394e-08,0.0,2.7857142857142856,0.0,0.0,0.0,0,3.977811252704836,4.033237007359177,0.028814809918796,0.0019634214922111,0,session_20260531_093520,0.0,8573.118668730714,1.3625292504630526,0.8231979851444279,0.35699872246562825
session_20260531_093520,515062,518036,50,FreshSquat,0.0002622467120488,0.0003420372300438,0.311596887518124,0.3899608608166376,4.399165662004332e-08,0.0,2.788125,0.0,0.0,0.0,0,3.983965157744594,4.053327294033288,0.0290066824197987,0.002169899980742,0,session_20260531_093520,0.0,8151.501075312442,1.3042524846895611,0.799046566023436,0.3728439312168512
session_20260531_093520,516092,519005,49,FreshSquat,0.0002336642369121,0.0003091584910663,0.2677564814296506,0.3402151289440336,3.50054890929997e-08,0.0,2.7857142857142856,0.0,0.0,0.0,0,3.980813471104908,4.053327294033288,0.0275746242655317,0.0023532213166252,0,session_20260531_093520,0.0,9010.605743030164,1.323082950428775,0.7870210871388856,0.36245456077240057
session_20260531_093520,517064,520031,50,FreshSquat,0.0002052937110265,0.0002635379333887,0.2432973289926846,0.3046558671633402,2.5818200776878592e-08,0.0,0.0,0.0,0.0,0.0,0,3.980251403421462,4.053327294033288,0.0266328163216803,0.0020699631820145,0,session_20260531_093520,0.0,0.0,1.2837054207143301,0.7985972187551679,0.366463861493454
session_20260531_093520,518096,521001,49,FreshSquat,0.0002040001729718,0.0002642162404446,0.2400260818236488,0.2962082511551526,2.6765277814109188e-08,0.0,0.0,0.0,0.0,0.0,0,3.976608145687898,4.0641095198845205,0.0288420914648911,0.0019205822385963,0,session_20260531_093520,0.0,0.0,1.2951702021886111,0.810328814532568,0.37798607554085445
session_20260531_093520,519066,522032,50,FreshSquat,0.0002287091970443,0.0003047905075015,0.2780932668503684,0.3391757392168045,3.7032667219807215e-08,0.0,2.08546875,0.0,0.0,0.0,0,3.9778887518482846,4.0641095198845205,0.0309879459171029,0.0016714326034112,0,session_20260531_093520,0.0,6842.279718012604,1.3326494027831373,0.819909073309926,0.3943956383600848
session_20260531_093520,520091,523002,49,FreshSquat,0.0002487587523298,0.0003319856484575,0.2995106889201062,0.3621927433922177,4.337361035425766e-08,0.0,6.151785714285714,0.0,0.0,0.0,0,3.97779314613472,4.0641095198845205,0.0323555907570211,0.0019383721478547,0,session_20260531_093520,0.0,18530.22024490617,1.3345633501731462,0.8269372966670109,0.38999970102250775
session_20260531_093520,521062,524034,50,FreshSquat,0.0002812483549118,0.0003704649796006,0.3463066764536002,0.417935055398941,5.461607790278872e-08,0.0,8.93921875,0.0,0.0,0.0,0,3.971816200645208,4.107764027714229,0.0480285591643369,0.0020003908602813,0,session_20260531_093520,0.0,24129.66167537809,1.3172118375765807,0.8286136114962135,0.39506929011955616
session_20260531_093520,522093,525002,49,FreshSquat,0.000261521825985,0.0003446338551283,0.3130112020173395,0.3802527349822375,4.453095947304646e-08,0.0,6.838807397959184,0.0,0.0,0.0,0,3.972961421714344,4.107764027714229,0.0525688507208831,0.0022909217076999,0,session_20260531_093520,0.0,19843.63245967459,1.3177964631969332,0.8231662060466042,0.3717962108699679
session_20260531_093520,523063,526035,50,FreshSquat,0.0002712763388951,0.0003633976263482,0.3345016284196948,0.4031166395982107,5.0591984749166247e-08,0.0,6.965625,0.0,0.0,0.0,0,3.9726295460788936,4.107764027714229,0.0509903416348748,0.0019973596252119,0,session_20260531_093520,0.0,19168.000358167843,1.339579737210272,0.8297886882647818,0.38022552232050877
session_20260531_093520,524094,527005,49,FreshSquat,0.0002635628187737,0.0003536609092711,0.319086421596862,0.3837474641345795,4.7312623041345945e-08,0.0,5.107142857142857,0.0,0.0,0.0,0,3.971312850163321,4.093240529122663,0.0677054453019663,0.0018881456901803,0,session_20260531_093520,0.0,14440.748984443133,1.3418416492696166,0.8315010536550619,0.37527053920603887
session_20260531_093520,525063,528037,50,FreshSquat,0.0002668278773625,0.0003558007851116,0.3258821527873476,0.3967730536381403,4.797922850960578e-08,0.0,5.1115625,0.0,0.0,0.0,0,3.969253586451458,4.093240529122663,0.0641723767724979,0.0016025222267739,0,session_20260531_093520,0.0,14366.32055793851,1.333441824695111,0.8213313605293946,0.37602985875296346
session_20260531_093520,526095,529008,49,FreshSquat,0.0002618583935458,0.0003410530965897,0.3128837592048304,0.3812658210027785,4.3396643123140866e-08,0.0,1.857142857142857,0.0,0.0,0.0,0,3.9711241482501127,4.093240529122663,0.064928489477007,0.0018494002581998,0,session_20260531_093520,0.0,5445.3028880549255,1.3024283451189187,0.820644655640154,0.3699085699958547
session_20260531_093520,527066,530038,50,FreshSquat,0.0002369493325551,0.0003140303053353,0.2939712416686117,0.3521067081769307,3.863177616893639e-08,0.0,1.8575,0.0,0.0,0.0,0,3.9903461812752106,4.586611222425712,0.1310342921274375,0.0019669675324813,0,session_20260531_093520,0.0,5915.015377262134,1.3253001249208036,0.8348924743745613,0.38781070621448094
session_20260531_093520,528098,531019,49,FreshSquat,0.000478713877347,0.0019560044534002,0.4591587138514281,0.6989222609266943,1.0432674924243e-06,0.9311224489795916,4.888392857142857,0.0,0.0,0.0,0,3.996716391524756,4.586611222425712,0.1354833375476773,0.002081848874914,0,session_20260531_093520,1945.0459825685773,2499.1713845404543,4.085948747279847,0.6569524807890387,0.272610449477335
session_20260531_093520,529069,532051,50,FreshSquat,0.000478902943929,0.0019411600082734,0.4494072481853887,0.7140442893981933,1.0299565485467566e-06,0.931875,4.659375,0.0,0.0,0.0,0,3.9905619754656687,4.586611222425712,0.1366772253651313,0.0021425524669542,0,session_20260531_093520,1945.8495003293506,2400.30321036809,4.0533389479899276,0.629382874744048,0.2732631008612773
session_20260531_093520,530099,533022,49,FreshSquat,0.0005260070164998,0.0019692298413221,0.4794743329997421,0.7690222581227621,1.1312566362128178e-06,0.9323979591836734,5.361288265306123,0.0,0.0,0.0,0,3.977357508202204,4.11627374867539,0.0474525760736551,0.002154589225754,0,session_20260531_093520,1772.592679077597,2722.529097557028,3.7437259120609783,0.623485636874396,0.2916462149581414
session_20260531_093520,531081,534053,50,FreshSquat,0.0002810185273488,0.0003842696371024,0.3110312643773854,0.4175935316403707,5.214677944843263e-08,0.0,2.321875,0.0,0.0,0.0,0,3.972705031446092,4.064754683771229,0.0353678506883409,0.001990926215628,0,session_20260531_093520,0.0,6042.290968438656,1.3674125806405135,0.7448182025492329,0.3507713784200353
session_20260531_093520,532112,535025,49,FreshSquat,0.0002709908550288,0.000362249648262,0.3051438322060165,0.3945626849219913,4.973859602582464e-08,0.0,2.669642857142857,0.0,0.0,0.0,0,3.97650336080953,4.029876478810922,0.0292061027845671,0.0019153422573157,0,session_20260531_093520,0.0,7369.601324252211,1.3367547457228979,0.773372250072188,0.3761669001741786
session_20260531_093520,533082,535995,49,FreshSquat,0.0002561063263692,0.0003430957037766,0.2993128202500797,0.372890811193557,4.694607410189288e-08,0.0,4.178571428571429,0.0,0.0,0.0,0,3.977127867419284,4.029876478810922,0.0280051507458485,0.002040075297998,0,session_20260531_093520,0.0,12178.990303830535,1.339655950654059,0.802682207398328,0.3954530411894798
session_20260531_093520,534114,537026,49,FreshSquat,0.0002594092021994,0.0003479685201221,0.3031155653262422,0.3776997984023321,4.9298485147925385e-08,0.0,4.178571428571429,0.0,0.0,0.0,0,3.978249536647244,4.047522318768032,0.0298049870487006,0.0023278434587589,0,session_20260531_093520,0.0,12008.440932140258,1.3413833271469722,0.8025303847285299,0.4038142265236516
session_20260531_093520,535085,537996,49,FreshSquat,0.0002384105263924,0.0003163779502736,0.2815363335361083,0.3471257264273507,3.942738030899159e-08,0.0,3.133928571428571,0.0,0.0,0.0,0,3.977332673611493,4.047522318768032,0.0321578840213616,0.0022333058858298,0,session_20260531_093520,0.0,9905.616567468836,1.3270245573314923,0.81105003545158,0.39000323869064746
session_20260531_093520,536056,539025,50,FreshSquat,0.000195413049062,0.0002630806403516,0.2354432331986725,0.289992964808146,2.8798283432296544e-08,0.0,0.0,0.0,0.0,0.0,0,3.981868165264552,4.047522318768032,0.0327100955066624,0.0021087235825416,0,session_20260531_093520,0.0,0.0,1.346272909314371,0.8118929110661166,0.4101652133989814
session_20260531_093520,537087,539996,49,FreshSquat,0.0001786457438047,0.0002389450448628,0.2201298656042817,0.2597509114920687,2.3255696122192323e-08,0.0,0.0,0.0,0.0,0.0,0,3.9776692876947775,4.046413607739798,0.0284346708614384,0.0016094848614311,0,session_20260531_093520,0.0,0.0,1.3375281282709484,0.8474652254051395,0.40030643631582485
session_20260531_093520,538057,541026,50,FreshSquat,0.0001857747157414,0.0002491834239283,0.2319210093948989,0.2756896781603495,2.4171318439639435e-08,0.0,0.0,0.0,0.0,0.0,0,3.975860893581449,4.103193677702665,0.0359589696048209,0.0016712427142415,0,session_20260531_093520,0.0,0.0,1.3413132224190358,0.8412393605057902,0.3831099558211956
session_20260531_093520,539086,541997,49,FreshSquat,0.0001991596838243,0.0002623902092137,0.2392299023270607,0.2899764996483212,2.6233323005055213e-08,0.0,0.0,0.0,0.0,0.0,0,3.96955630966604,4.103193677702665,0.0386596043010422,0.0017088721839927,0,session_20260531_093520,0.0,0.0,1.3174799572649654,0.8249975490848304,0.3755739525672272
session_20260531_093520,540057,543028,50,FreshSquat,0.0002301872094472,0.0003057398455769,0.2769392903997873,0.3420581932385762,3.7322201527046686e-08,0.0,0.92875,0.0,0.0,0.0,0,3.9734555986552222,4.103193677702665,0.038710676516573,0.0018622263865233,0,session_20260531_093520,0.0,3037.7033799574565,1.3282167940362293,0.8096262421552448,0.3950406927562659
session_20260531_093520,541086,543996,49,FreshSquat,0.000215767281396,0.0002874899258424,0.2607319211843898,0.3139413944312504,3.2847575418831506e-08,0.0,0.9279336734693876,0.0,0.0,0.0,0,3.9784719062281457,4.039560215403815,0.0330980980515898,0.0022186115778009,0,session_20260531_093520,0.0,3227.697259488714,1.33240124073088,0.8305114425137576,0.3926765784179658
session_20260531_093520,542057,545027,50,FreshSquat,0.0002042359272638,0.0002750239174793,0.256565843952354,0.303290351986885,2.9712320108657523e-08,0.0,0.928125,0.0,0.0,0.0,0,3.981121287988622,4.039560215403815,0.0293712993738304,0.0023730605045166,0,session_20260531_093520,0.0,3374.6942222784455,1.3465925147026372,0.8459413279242961,0.38769618131696326
session_20260531_093520,543089,545995,49,FreshSquat,0.0001956870523439,0.0002597120050117,0.2365304999067416,0.2843332870558005,2.6658769698547565e-08,0.0,0.0,0.0,0.0,0.0,0,3.979603345167529,4.118184420701262,0.0417361798881347,0.0024455546177945,0,session_20260531_093520,0.0,0.0,1.3271735392168196,0.8318776233485626,0.3894615472670914
session_20260531_093520,544057,547024,50,FreshSquat,0.0001926656961441,0.000258538035762,0.2294693157081802,0.2859158930778503,2.641914920918648e-08,0.0,0.0,0.0,0.0,0.0,0,3.975525984077955,4.118184420701262,0.0420538264185003,0.0022614384600855,0,session_20260531_093520,0.0,0.0,1.3418927138742924,0.8025762836594854,0.3894222155258228
session_20260531_093520,545088,547995,49,FreshSquat,0.000186302410502,0.0002534560384912,0.2102615640268084,0.2708837048699256,2.5865589028047163e-08,0.0,0.0,0.0,0.0,0.0,0,3.9755909021797233,4.118184420701262,0.0435486018502263,0.0021713116617885,0,session_20260531_093520,0.0,0.0,1.3604476579803628,0.77620602299266,0.39646847823268994
session_20260531_093520,546056,549024,50,FreshSquat,0.0001575443903605,0.0002118107341444,0.1879585243079811,0.2337958752950032,1.7744434593571453e-08,0.0,0.0,0.0,0.0,0.0,0,3.973983969640528,4.049695663009444,0.0294795190798883,0.0021100878558305,0,session_20260531_093520,0.0,0.0,1.3444425994294626,0.8039428551375105,0.38689422998040457
session_20260531_093520,547085,549995,49,FreshSquat,0.0001909976751625,0.0002650881797463,0.2197005502646789,0.2779016173615748,2.5390065288005e-08,0.0,0.0,0.0,0.0,0.0,0,3.970523247494385,4.0589875859132345,0.0333416029993001,0.0018628007714086,0,session_20260531_093520,0.0,0.0,1.3879058560001283,0.7905695244236716,0.356243080421443
session_20260531_093520,548055,551027,50,FreshSquat,0.0002103220303853,0.0002832802343519,0.2490952966553469,0.3125385371526082,2.802696003278377e-08,0.0,0.0,0.0,0.0,0.0,0,3.971916432894148,4.0589875859132345,0.0341231685715899,0.0017721472124651,0,session_20260531_093520,0.0,0.0,1.3468816697484174,0.7970066607712778,0.34495700281008634
session_20260531_093520,549084,551997,49,FreshSquat,0.0002130786658955,0.000287061267108,0.2393582281541257,0.3102425375438871,3.0120102150633726e-08,0.0,0.0,0.0,0.0,0.0,0,3.974954194274141,4.0589875859132345,0.0364703815466829,0.0015673543900762,0,session_20260531_093520,0.0,0.0,1.3472016013427701,0.7715196931972819,0.3611342426032386
session_20260531_093520,550055,553026,50,FreshSquat,0.0001824821233749,0.0002424130887496,0.2150399288625145,0.2711684353351593,2.322459542174735e-08,0.0,0.0,0.0,0.0,0.0,0,3.980695692637456,4.05501615203201,0.0298731801912654,0.0017619319078303,0,session_20260531_093520,0.0,0.0,1.3284137418646529,0.793012386577061,0.38860441714476135
session_20260531_093520,551087,553996,49,FreshSquat,0.0001862052670952,0.00025089127406,0.2144996114914641,0.270742458356481,2.5946220329654745e-08,0.0,0.0,0.0,0.0,0.0,0,3.973812410561446,4.05501615203201,0.0357244656530963,0.0018885895925978,0,session_20260531_093520,0.0,0.0,1.347383619111644,0.7922643976910799,0.4057493086295648
session_20260531_093520,552058,555027,50,FreshSquat,0.0002147858778635,0.000288689628519,0.2504559793376675,0.3187422427495321,3.5330979600870076e-08,0.0,0.0,0.0,0.0,0.0,0,3.975016532840225,4.05501615203201,0.0406224483228311,0.0020944767885031,0,session_20260531_093520,0.0,0.0,1.3440747935377422,0.7857633691456222,0.41890285498842567
session_20260531_093520,553087,555998,49,FreshSquat,0.0002244061758729,0.0002971453952868,0.2528555558338051,0.3267353920709519,3.6353365235520094e-08,0.0,0.0,0.0,0.0,0.0,0,3.979568431992908,4.035750152831357,0.0411719839265294,0.0020509962715064,0,session_20260531_093520,0.0,0.0,1.3241349976040764,0.7738848046342395,0.4071135910637802
session_20260531_093520,554057,557030,50,FreshSquat,0.0002306112845738,0.0003010679912127,0.2676379089205215,0.3426883688767751,3.593035352276292e-08,0.0,1.04484375,0.0,0.0,0.0,0,3.982532628966067,4.072209650778405,0.0448790422770441,0.0017790510804975,0,session_20260531_093520,0.0,3470.446244866965,1.3055158434821061,0.7809950160163284,0.3920732729209742
session_20260531_093520,555088,558001,49,FreshSquat,0.0002212789431721,0.0002861000347577,0.2553250159926358,0.322182141258603,3.104597142707251e-08,0.0,1.0446428571428572,0.0,0.0,0.0,0,3.9764773268580464,4.072209650778405,0.0407066479749221,0.0016449263704127,0,session_20260531_093520,0.0,3651.3075110950545,1.2929325209342915,0.792486554973914,0.37471045448567614
session_20260531_093520,556059,559032,50,FreshSquat,0.0002348279953002,0.0003014230025531,0.2861015985192731,0.3489544010162353,3.414981944222597e-08,0.0,1.04484375,0.0,0.0,0.0,0,3.9689913940432167,4.072209650778405,0.0416073362462167,0.0017277800374894,0,session_20260531_093520,0.0,3466.3588206315335,1.2835851133620348,0.8198824742321549,0.37177630157272523
session_20260531_093520,557090,560000,49,FreshSquat,0.0002095795407587,0.0002724063180099,0.2527641409979562,0.3049382318039329,2.740111854078917e-08,0.0,0.0,0.0,0.0,0.0,0,3.9693049134678144,4.04976760810079,0.0371096329267649,0.002040949865207,0,session_20260531_093520,0.0,0.0,1.2997691342133442,0.8289027540881589,0.36435137169599296
session_20260531_093520,558062,561030,50,FreshSquat,0.0002296765883763,0.0003010877311762,0.2846834043366213,0.3408400571505228,3.2768522190717714e-08,0.0,0.46375,0.0,0.0,0.0,0,3.971237609506384,4.083676953211416,0.0506896658338924,0.0019586060908137,0,session_20260531_093520,0.0,1540.2436291400393,1.3109147187791907,0.8352404523147293,0.3575248857493772
session_20260531_093520,559093,561999,49,FreshSquat,0.0002427309548773,0.0003264708436267,0.2774138435238313,0.3526880774368234,3.8133282110973676e-08,0.0,2.664142219387755,0.0,0.0,0.0,0,3.9775730376882974,4.231666152553284,0.0722849961613667,0.0019324345798506,0,session_20260531_093520,0.0,8160.404247399766,1.3449850218185309,0.7865699480214331,0.3544538361963379
session_20260531_093520,560061,563031,50,FreshSquat,0.0002647844314575,0.0003480950320584,0.3094551688511855,0.3932048807144164,4.5360795674596954e-08,0.0,4.060546875,0.0,0.0,0.0,0,3.9800886278044776,4.231666152553284,0.0688585030026689,0.0016720295734736,0,session_20260531_093520,0.0,11665.019135635428,1.3146306054012333,0.7870074438087519,0.37129196596449815
session_20260531_093520,561091,563999,49,FreshSquat,0.0002350477945236,0.0003145928078401,0.2657034287990711,0.3417594932374499,3.69514931855192e-08,0.0,3.593271683673469,0.0,0.0,0.0,0,3.979668445290853,4.231666152553284,0.0635689832803995,0.001793972230903,0,session_20260531_093520,0.0,11421.940273852553,1.3384148958420352,0.7774573443582635,0.36963086752039065
session_20260531_093520,562060,565028,50,FreshSquat,0.0002085901498794,0.000276211218964,0.2482374293660124,0.309547782421112,3.08845609532389e-08,0.0,1.39125,0.0,0.0,0.0,0,3.974950415812953,4.0833558788547935,0.0337082338673453,0.0019453614091432,0,session_20260531_093520,0.0,5036.887959621106,1.3241751585515278,0.8019357354864582,0.3995795972235992
session_20260531_093520,563091,566000,49,FreshSquat,0.0002165346161848,0.0002860149517837,0.252898978698986,0.3148413319328204,3.2629814442792973e-08,0.0,0.0,0.0,0.0,0.0,0,3.977518713480219,4.098810161617937,0.047108880719931,0.0020647128000724,0,session_20260531_093520,0.0,0.0,1.3208679330591213,0.8032585059374925,0.39405821782702954
session_20260531_093520,564060,567029,50,FreshSquat,0.0002213662544886,0.0002888276019731,0.2613853546741108,0.3285075216611225,3.269714517340008e-08,0.0,0.0,0.0,0.0,0.0,0,3.978449442341622,4.098810161617937,0.043880141476666,0.0018937701093564,0,session_20260531_093520,0.0,0.0,1.3047440220566773,0.795675400540971,0.387308804419647
session_20260531_093520,565089,567999,49,FreshSquat,0.0002213701990996,0.0002862000003262,0.2572782817306187,0.3220936396900488,3.0671748138285286e-08,0.0,0.0,0.0,0.0,0.0,0,3.983141595893735,4.098810161617937,0.0470614858697075,0.001560964251781,0,session_20260531_093520,0.0,0.0,1.292851109314505,0.7987685853698613,0.3699383101719344
session_20260531_093520,566059,569029,50,FreshSquat,0.0001944764296213,0.0002537858973878,0.2288267870075069,0.2887974979877472,2.4368450725773777e-08,0.0,1.85625,0.0,0.0,0.0,0,3.9814789572654576,4.1759981361994365,0.0541124970469937,0.0018285982696785,0,session_20260531_093520,0.0,7314.207388585354,1.3049632437141399,0.7923433818144502,0.3725647984077003
session_20260531_093520,567089,569997,49,FreshSquat,0.0001855291882339,0.0002430143416189,0.21789979360003,0.2697594396922053,2.1779777576301863e-08,0.0,1.8545918367346936,0.0,0.0,0.0,0,3.9856057235451017,4.1759981361994365,0.0583671989600461,0.0022263632526438,0,session_20260531_093520,0.0,7631.583357577029,1.3098371964810875,0.8077559511574351,0.36265799206965926
session_20260531_093520,568060,571025,50,FreshSquat,0.0001963967879613,0.0002569447416151,0.2425856871914118,0.2910600397586822,2.3945361691826805e-08,0.0,1.8525,0.0,0.0,0.0,0,3.986965513137722,4.1759981361994365,0.0648554107992125,0.0022156852719311,0,session_20260531_093520,0.0,7209.693331968158,1.308287350292004,0.8334558277360357,0.3572836054104928
session_20260531_093520,569090,571995,49,FreshSquat,0.0001900684346958,0.0002474999244592,0.2340564737624811,0.2759793671783135,2.166072654850622e-08,0.0,0.0,0.0,0.0,0.0,0,3.986091738370799,4.175858594384077,0.0476189798947772,0.0019132757012703,0,session_20260531_093520,0.0,0.0,1.302155314216174,0.8480940995968019,0.34792875508078963
session_20260531_093520,570058,573024,50,FreshSquat,0.0001899337291717,0.0002460102617913,0.2357154958871193,0.2816717203617096,2.104732318387332e-08,0.0,0.0,0.0,0.0,0.0,0,3.9857926547317617,4.175858594384077,0.040547281860198,0.0016782167854514,0,session_20260531_093520,0.0,0.0,1.2952358047637935,0.8368447309782457,0.3421158052070721
session_20260531_093520,571086,573995,49,FreshSquat,0.000171542500152,0.0002221335725811,0.1988003045124743,0.2494227952211082,1.7990962946479813e-08,0.0,0.0,0.0,0.0,0.0,0,3.980793261273434,4.028184313738725,0.0264363186196495,0.0017735733585189,0,session_20260531_093520,0.0,0.0,1.294911042296989,0.7970414393728547,0.3573654159647187
session_20260531_093520,575085,577997,49,FatiguedSquat,0.0002199748665297,0.0002978229786909,0.2568076106941416,0.3202834056672596,3.3070081933169376e-08,0.0,0.8125,0.0,0.0,0.0,0,3.9720808134912806,4.159892128789276,0.0606783522186823,0.0017873759479161,1,session_20260531_093520,0.0,2728.121501738657,1.3538893306311377,0.8018136604901839,0.36868032478672624
session_20260531_093520,576056,579028,50,FatiguedSquat,0.0002305833975474,0.0003019617017299,0.2658379150511697,0.3426469287554423,3.3320702132193655e-08,0.0,0.8126562500000001,0.0,0.0,0.0,0,3.977228248134827,4.159892128789276,0.0606230819102474,0.0021647621618872,1,session_20260531_093520,0.0,2691.2471154364816,1.3095495833269784,0.7758362674981691,0.3614709036812524
session_20260531_093520,577088,579999,49,FatiguedSquat,0.000208624787882,0.0002757009536123,0.238634789490274,0.3037576911562965,3.046213648867737e-08,0.0,0.0,0.0,0.0,0.0,0,3.9844131434269343,4.110649811649815,0.0389732129918801,0.0021107530524079,1,session_20260531_093520,0.0,0.0,1.3215094663572373,0.785609041852629,0.3955555729688968
session_20260531_093520,578058,581028,50,FatiguedSquat,0.000202354033788,0.0002656106164307,0.238302987263538,0.3004957401752472,2.7897821353496037e-08,0.0,0.0,0.0,0.0,0.0,0,3.985366697924492,4.110649811649815,0.0359849221578637,0.0021030396985269,1,session_20260531_093520,0.0,0.0,1.3125970303707422,0.7930328274588131,0.3899121095303333
session_20260531_093520,579089,581999,49,FatiguedSquat,0.0002052895309162,0.0002726843470144,0.2412863880134549,0.2986962674831857,2.9556146713642494e-08,0.0,0.0,0.0,0.0,0.0,0,3.981708645105362,4.110649811649815,0.0371039371245389,0.0020204977548702,1,session_20260531_093520,0.0,0.0,1.3282850689577608,0.8077984677837964,0.39221629774580247
session_20260531_093520,580059,583029,50,FatiguedSquat,0.0001972266674041,0.0002540257682066,0.2316109509319067,0.2928816010951996,2.3468277952729538e-08,0.0,0.0,0.0,0.0,0.0,0,3.982311287542424,4.073475852899291,0.0376285870471354,0.0021409998825486,1,session_20260531_093520,0.0,0.0,1.2879824192521951,0.790800614565823,0.35813525910048166
session_20260531_093520,581088,583999,49,FatiguedSquat,0.0001928100375091,0.0002484194110799,0.222095094975971,0.2807314146132696,2.1664985149251428e-08,0.0,0.0,0.0,0.0,0.0,0,3.9771534141887273,4.073475852899291,0.0421878373583147,0.0021098505980314,1,session_20260531_093520,0.0,0.0,1.2884086631615965,0.7911301786114492,0.3454668124548947
session_20260531_093520,582059,585030,50,FatiguedSquat,0.000204049372673,0.0002679014324554,0.2374780967360983,0.3032173677921295,2.583609213971412e-08,0.0,0.0,0.0,0.0,0.0,0,3.977079542586966,4.073475852899291,0.0426035390890679,0.001973225394914,1,session_20260531_093520,0.0,0.0,1.3129181238238867,0.7831942400994227,0.35503193741198064
session_20260531_093520,583089,585998,49,FatiguedSquat,0.0001906463889037,0.0002556340292129,0.215976937221059,0.2771998494660773,2.4833878063269242e-08,0.0,0.0,0.0,0.0,0.0,0,3.978350205408763,4.073797705945361,0.0418031575745953,0.0019446119047653,1,session_20260531_093520,0.0,0.0,1.340873487346979,0.7791380004639991,0.3742930422017469
session_20260531_093520,584060,587029,50,FatiguedSquat,0.000223624142011,0.0003044907485872,0.2655768855642527,0.3318582267443339,3.5816081845534146e-08,0.0,2.4346875,0.0,0.0,0.0,0,3.9810113343109386,4.073797705945361,0.0347040424521955,0.0018142344890036,1,session_20260531_093520,0.0,7995.906330127552,1.3616123207301185,0.8002721142983236,0.38218245332205997
session_20260531_093520,585091,587997,49,FatiguedSquat,0.0002209463005974,0.0003057715196003,0.2553345154441551,0.3210349747680482,3.52324034239863e-08,0.0,4.054129464285714,0.0,0.0,0.0,0,3.9764380987994743,4.106685770141715,0.0494799284057484,0.0018616518165068,1,session_20260531_093520,0.0,13258.645576081182,1.3839115425875368,0.7953479674085027,0.3728445709703695
session_20260531_093520,586059,589029,50,FatiguedSquat,0.0002294602235158,0.0003123582441909,0.268405196766369,0.3407484319210053,3.6900241841482394e-08,0.0,4.060546875,0.0,0.0,0.0,0,3.9748576472644417,4.106685770141715,0.0452995416382129,0.0016915857127404,1,session_20260531_093520,0.0,12999.605263862064,1.3612681018821118,0.7876931214782507,0.37436454392651075
session_20260531_093520,587090,590000,49,FatiguedSquat,0.0002315614255918,0.0003081932037906,0.2635024777081395,0.3369218742360874,3.5607609271778576e-08,0.0,1.6238839285714284,0.0,0.0,0.0,0,3.974624370043504,4.106685770141715,0.0468443032662775,0.0020772481068098,1,session_20260531_093520,0.0,5269.028127715091,1.3309292429588095,0.7820877689330752,0.37097809406692606
session_20260531_093520,588058,591032,50,FatiguedSquat,0.0002139531135559,0.0002801805248561,0.248460666214923,0.3181482798576354,2.999390661782255e-08,0.0,0.0,0.0,0.0,0.0,0,3.975944849965732,4.035815127212931,0.0264360536205872,0.0021005495993915,1,session_20260531_093520,0.0,0.0,1.30953558311884,0.7809586949366665,0.37727649827154347
session_20260531_093520,589089,592002,49,FatiguedSquat,0.0002241167081456,0.0002943770095277,0.260384019237189,0.3263139270600818,3.4061641795868424e-08,0.0,0.0,0.0,0.0,0.0,0,3.9711091840121817,4.035815127212931,0.027434190315934,0.0022544457335031,1,session_20260531_093520,0.0,0.0,1.313492860352005,0.7979555784981583,0.3885750335017653
session_20260531_093520,590060,593029,50,FatiguedSquat,0.0002032146851221,0.0002683663396468,0.2284377450743069,0.3015705927213033,2.9534972425071832e-08,0.0,0.0,0.0,0.0,0.0,0,3.9729119427782704,4.098575578920105,0.0341837274729018,0.0019337709650464,1,session_20260531_093520,0.0,0.0,1.3205985526439799,0.7574934354687705,0.40447512078883474
session_20260531_093520,591092,593997,49,FatiguedSquat,0.0002089662616755,0.0002786934609338,0.2258140681991924,0.3034190119529257,3.1036033847585485e-08,0.0,0.0,0.0,0.0,0.0,0,3.991081530036194,4.461020632895138,0.1326336869990531,0.0017674918717916,1,session_20260531_093520,0.0,0.0,1.333670445309161,0.7442317671576717,0.39450891100418356
session_20260531_093520,592063,595028,50,FatiguedSquat,0.0001802703936894,0.0002430696134356,0.193601379889436,0.2671607234477996,2.184938538402493e-08,0.0,0.0,0.0,0.0,0.0,0,4.01856723914696,4.461020632895138,0.1837150608941656,0.0016309676246999,1,session_20260531_093520,0.0,0.0,1.3483537707285866,0.724662580136339,0.3636543559494384
session_20260531_093520,593090,595995,49,FatiguedSquat,0.0001799753328569,0.0002448242036245,0.1983993402024617,0.2613241833083483,2.2948639720648336e-08,0.0,0.0,0.0,0.0,0.0,0,4.019636017973538,4.461020632895138,0.1935900382662016,0.0020032342087814,1,session_20260531_093520,0.0,0.0,1.3603133241922474,0.7592077278556097,0.37658446788957467
session_20260531_093520,594058,597025,50,FatiguedSquat,0.0002069207747777,0.0002819723763269,0.2461673535443842,0.3070704297701517,2.9351529517809352e-08,0.0,0.0,0.0,0.0,0.0,0,4.000672515176516,4.427507238668791,0.1574563213999789,0.0020977774721271,1,session_20260531_093520,0.0,0.0,1.3627003568369171,0.8016641424150843,0.3645771355227422
session_20260531_093520,595089,598053,50,FatiguedSquat,0.0002209604501724,0.000302521545271,0.2617427222980186,0.3274633871555328,3.7553930654251376e-08,0.0,0.34734375,0.0,0.0,0.0,0,4.003536073848375,5.134239012015698,0.1908068544994545,0.0024119840009244,1,session_20260531_093520,0.0,1148.158229624999,1.3691145900561599,0.7993037749114739,0.4059038124960104
session_20260531_093520,596056,599022,50,FatiguedSquat,0.0002209431409835,0.0003084885584351,0.2566716955733795,0.3276586780786514,3.838710022561317e-08,0.0,0.926875,0.0,0.0,0.0,0,4.033199609320901,5.657570128693606,0.3119343026240898,0.0020893678738574,1,session_20260531_093520,0.0,3004.5587432580664,1.396228734837272,0.7833508219440994,0.39917874598937086
session_20260531_093520,597086,600051,50,FatiguedSquat,0.0001958323160807,0.0002717115985408,0.2198673805089667,0.2902234924316406,3.0537075500452024e-08,0.0,0.92625,0.0,0.0,0.0,0,4.068967220089824,5.657570128693606,0.3477987232820936,0.0021422917331554,1,session_20260531_093520,0.0,3408.9328392364387,1.3874636041440043,0.7575795395101409,0.40810131137195854
session_20260531_093520,598115,601020,49,FatiguedSquat,0.000185961917955,0.000255487746926,0.2029691173375717,0.27001670487073,2.5453545819139932e-08,0.0,0.5787627551020408,0.0,0.0,0.0,0,4.037637364349237,5.657570128693606,0.3134935371557452,0.0019004204640062,1,session_20260531_093520,0.0,2265.316034720207,1.3738639387655978,0.7516909617982777,0.3840653968284714
session_20260531_093520,599083,602049,50,FatiguedSquat,0.0001789337396621,0.000237278440966,0.203501158590801,0.2653587359189986,2.1417833704290105e-08,0.0,0.0,0.0,0.0,0.0,0,4.007939451654496,5.073924698557221,0.1833661545614581,0.0019689381029642,1,session_20260531_093520,0.0,0.0,1.3260613417722915,0.7668907417693965,0.37377727824394474
session_20260531_093520,600112,603017,49,FatiguedSquat,0.0001777773406229,0.0002379868522434,0.1990603778115948,0.258132698584576,2.183292896787176e-08,0.0,0.0,0.0,0.0,0.0,0,3.978670307564363,4.175195707072275,0.0574945538850039,0.0018849484066225,1,session_20260531_093520,0.0,0.0,1.3386718056290847,0.7711552164136941,0.37879570348549774
session_20260531_093520,601080,604049,50,FatiguedSquat,0.000171606183052,0.0002326036919433,0.1978608944443364,0.2546635756492614,2.08709400772063e-08,0.0,0.0,0.0,0.0,0.0,0,3.984115045205511,4.175195707072275,0.0547618328899021,0.0019207153605231,1,session_20260531_093520,0.0,0.0,1.355442632449814,0.7769501121742384,0.37875216356175384
session_20260531_093520,602109,605016,49,FatiguedSquat,0.0001434827742933,0.0002029410976448,0.1607244377436914,0.2086239538225186,1.583847505850723e-08,0.0,0.0,0.0,0.0,0.0,0,3.981913987412785,4.07472021044721,0.0419893251490556,0.0019017389100027,1,session_20260531_093520,0.0,0.0,1.4143836029149979,0.7704026025219565,0.37545197583860584
session_20260531_093520,603078,606047,50,FatiguedSquat,0.0001405111869176,0.0001956248618425,0.1610152071055024,0.2085186013857523,1.4606832316924048e-08,0.0,0.0,0.0,0.0,0.0,0,3.974090200867973,4.07472021044721,0.0336778981535002,0.0020635628551478,1,session_20260531_093520,0.0,0.0,1.3922270098693965,0.7721862954348302,0.37196771283570795
session_20260531_093520,604109,607017,49,FatiguedSquat,0.0001409511582381,0.0001943017725371,0.1574485318347507,0.2049429840782061,1.3991087081157556e-08,0.0,0.0,0.0,0.0,0.0,0,3.9737546979254863,4.214355801955546,0.0495417918793436,0.0023690434292192,1,session_20260531_093520,0.0,0.0,1.3784944832762367,0.768255287072492,0.36103069503978186
session_20260531_093520,605075,608049,50,FatiguedSquat,0.0001897096713383,0.0002634445099983,0.2070450402616833,0.2820982812801996,2.6475857424396533e-08,0.0,0.348515625,0.0,0.0,0.0,0,3.9746154978897175,4.214355801955546,0.0514967068760592,0.0023319229440678,1,session_20260531_093520,0.0,1322.9135125599557,1.3886646868088655,0.7339464763419997,0.3760614422801805
session_20260531_093520,606107,609018,49,FatiguedSquat,0.0002052806996974,0.0002886628815648,0.2217103072433244,0.2988886987595331,3.1431021649053444e-08,0.0,0.9285714285714284,0.0,0.0,0.0,0,3.9788765727057593,4.214355801955546,0.0549109314227282,0.0023329038637694,1,session_20260531_093520,0.0,3216.791181279048,1.4061793232923827,0.7417821664776837,0.3727311272874899
session_20260531_093520,607078,610050,50,FatiguedSquat,0.0001962044636408,0.0002812770165649,0.2184079602108647,0.2915598329703013,2.9360262622714463e-08,0.0,0.92875,0.0,0.0,0.0,0,3.975711410612037,4.1030161546326935,0.0379597186830819,0.0019825374519976,1,session_20260531_093520,0.0,3301.8933059267615,1.4335840161915336,0.7491016757579578,0.3664684219038797
session_20260531_093520,608110,611021,49,FatiguedSquat,0.0001665401053266,0.0002336403275983,0.191170775084978,0.2424823933555966,1.8674785781340653e-08,0.0,0.5803571428571429,0.0,0.0,0.0,0,3.97336965747668,4.062797370701648,0.0327146342335877,0.002167203479248,1,session_20260531_093520,0.0,2483.966123728556,1.4028988647584224,0.7883903307414108,0.335951141813683
session_20260531_093520,609079,612053,50,FatiguedSquat,0.0001611091216405,0.0002184795526735,0.1826683642367521,0.2395692638794581,1.7386975029876335e-08,0.0,0.0,0.0,0.0,0.0,0,3.973584400196062,4.062797370701648,0.0289172921769269,0.0022431538396604,1,session_20260531_093520,0.0,0.0,1.3560883105843207,0.7624866417178501,0.35677800807441273
session_20260531_093520,610110,613023,49,FatiguedSquat,0.0001708585713185,0.0002311120581616,0.1853355161100626,0.2487700798397972,2.07637631879293e-08,0.0,0.0,0.0,0.0,0.0,0,3.9777056886863256,4.064439283110347,0.0315755038862268,0.0021433126853179,1,session_20260531_093520,0.0,0.0,1.3526433221044616,0.7450072592508215,0.3815971519913568
session_20260531_093520,611081,614053,50,FatiguedSquat,0.0001821176687876,0.0002425990330713,0.200538331273881,0.2706268558184306,2.3147337045395024e-08,0.0,0.0,0.0,0.0,0.0,0,3.9870353116332007,4.63610857396937,0.1055125487629956,0.0020684187360131,1,session_20260531_093520,0.0,0.0,1.3320931603900346,0.7410141537002977,0.3867281145225538
session_20260531_093520,612113,615020,49,FatiguedSquat,0.000162765249914,0.0002173147926147,0.1791722835001034,0.2366606733750324,1.8903719015808442e-08,0.0,0.0,0.0,0.0,0.0,0,3.9884234742817206,4.63610857396937,0.1058409278958581,0.0017767628616549,1,session_20260531_093520,0.0,0.0,1.3351342353191866,0.75708515566964,0.39198418132148916
session_20260531_093520,613084,616051,50,FatiguedSquat,0.0001570895433425,0.0002105052266756,0.1800029744298507,0.233120882320404,1.6815905708137655e-08,0.0,0.0,0.0,0.0,0.0,0,3.982278846600513,4.63610857396937,0.104731177479748,0.0020972362432551,1,session_20260531_093520,0.0,0.0,1.3400248175133083,0.7721443564644208,0.3711100489658717
session_20260531_093520,614114,617022,49,FatiguedSquat,0.0001552518452105,0.0002109966472484,0.1755892845757027,0.2257361829361948,1.7511734093150605e-08,0.0,0.0,0.0,0.0,0.0,0,3.974722677075877,4.0226979684389566,0.0250842107983954,0.0020408279168362,1,session_20260531_093520,0.0,0.0,1.3590517259913635,0.7778517449614266,0.3847076820981377
session_20260531_093520,615081,618051,50,FatiguedSquat,0.000156295243899,0.0002233910928413,0.1764929795642383,0.2320984371900558,2.1553292242065272e-08,0.0,0.0,0.0,0.0,0.0,0,3.9730236385374353,4.030021075344808,0.0252049920621287,0.0023002450215881,1,session_20260531_093520,0.0,0.0,1.4292799831175553,0.7604229521773667,0.4234140720413896
session_20260531_093520,616112,619021,49,FatiguedSquat,0.0001649544109292,0.0002318220318936,0.1800859607376005,0.2398437134911414,2.3872568924594933e-08,0.0,0.0,0.0,0.0,0.0,0,3.9782036446276745,4.030021075344808,0.0235417715598965,0.0021356364212874,1,session_20260531_093520,0.0,0.0,1.405361791939639,0.75084711358676,0.4360967233181721
session_20260531_093520,617082,620051,50,FatiguedSquat,0.0001840649525324,0.0002563953380382,0.2080766406382123,0.2731523895581563,2.7110192632772645e-08,0.0,0.0,0.0,0.0,0.0,0,3.977875515794659,4.030201813716726,0.0245535886267638,0.0024042714868678,1,session_20260531_093520,0.0,0.0,1.392953637056089,0.7617602767928591,0.4062147704035757
session_20260531_093520,618111,621022,49,FatiguedSquat,0.0001933575730745,0.0002592640287136,0.2174611228988283,0.2815286263965424,2.4476192299499497e-08,0.0,0.0,0.0,0.0,0.0,0,3.9785330914878383,4.032427845768932,0.0246463680869861,0.0023779709967915,1,session_20260531_093520,0.0,0.0,1.3408457902391895,0.7724298765273596,0.3587946133277243
session_20260531_093520,619081,622052,50,FatiguedSquat,0.0001893317540486,0.0002592223349243,0.2197816968838994,0.2813469865163168,2.5219129499771796e-08,0.0,0.0,0.0,0.0,0.0,0,3.977617521101336,4.059375184972712,0.0297695486619383,0.0023896557821311,1,session_20260531_093520,0.0,0.0,1.3691362396691278,0.7811766488921552,0.3698024596938797
session_20260531_093520,620111,623019,49,FatiguedSquat,0.000177436848076,0.0002418506158787,0.2026809666424888,0.2579931771025366,2.2753018514456053e-08,0.0,0.0,0.0,0.0,0.0,0,3.9767554972804056,4.059375184972712,0.0312662524829414,0.0021354437336478,1,session_20260531_093520,0.0,0.0,1.3630159433353295,0.7856059145949023,0.3824568925075052
session_20260531_093520,621083,624049,50,FatiguedSquat,0.0001816810925801,0.0002449926916639,0.2061354715221251,0.2694330602963766,2.3512643446660113e-08,0.0,0.0,0.0,0.0,0.0,0,3.973690268914224,4.059375184972712,0.0314291446523753,0.0023050384753429,1,session_20260531_093520,0.0,0.0,1.3484691208952675,0.7650711851407719,0.38531787434690407
session_20260531_093520,622113,625018,49,FatiguedSquat,0.0001732351504215,0.0002321824097638,0.1921419063461374,0.2515374384121018,1.9339026150479976e-08,0.0,0.0,0.0,0.0,0.0,0,3.967980258483143,4.045614283438964,0.0292463652203213,0.0023315628167609,1,session_20260531_093520,0.0,0.0,1.3402653499219312,0.76387000994848,0.3522034982104479
session_20260531_093520,623080,626049,50,FatiguedSquat,0.0001686482350031,0.0002275530335114,0.1943198124445974,0.2502739807446797,1.858106915663332e-08,0.0,0.0,0.0,0.0,0.0,0,3.9672793056576494,4.012813809449463,0.0261837246120707,0.0024603554704372,1,session_20260531_093520,0.0,0.0,1.3492681037492835,0.7764283410124321,0.35204498488436536
session_20260531_093520,624110,627015,49,FatiguedSquat,0.000161323798757,0.0002185012725079,0.1891819634383582,0.2342421557951946,1.7985042687507135e-08,0.0,0.0,0.0,0.0,0.0,0,3.9704951179464176,4.015151073699502,0.0253557706115654,0.0021250253212961,1,session_20260531_093520,0.0,0.0,1.3544183795141358,0.8076341424902692,0.36897840176035646
session_20260531_093520,625079,628047,50,FatiguedSquat,0.0001649421453475,0.0002264413397792,0.1980625873933236,0.2447741436958313,2.0221539485575593e-08,0.0,0.0,0.0,0.0,0.0,0,3.972504716402778,4.015151073699502,0.0231524835755864,0.0019980736594845,1,session_20260531_093520,0.0,0.0,1.372844802384097,0.8091646592798687,0.38682498909496954
session_20260531_093520,626110,629018,49,FatiguedSquat,0.0001786585000096,0.0002474982833729,0.1999761159734508,0.2597694590140362,2.4189452462517885e-08,0.0,0.0,0.0,0.0,0.0,0,3.969999380367024,4.027902217111731,0.0275814957090729,0.0020627921396878,1,session_20260531_093520,0.0,0.0,1.3853071533257457,0.7698215023530688,0.3885518743213432
session_20260531_093520,627076,630047,50,FatiguedSquat,0.0001741785208384,0.000242460171963,0.1963230492767567,0.2588292819658915,2.2429081386941513e-08,0.0,0.0,0.0,0.0,0.0,0,3.9673736023790607,4.027902217111731,0.0269080494167884,0.0020848019339004,1,session_20260531_093520,0.0,0.0,1.3920130839488836,0.7585040109338328,0.37515021285704714
session_20260531_093520,628107,631018,49,FatiguedSquat,0.0001988437224407,0.0002658622299801,0.2147994251371849,0.2895164598737444,2.7863806822660082e-08,0.0,0.0,0.0,0.0,0.0,0,3.9666921997993945,4.027902217111731,0.0295126650734862,0.0018977055945192,1,session_20260531_093520,0.0,0.0,1.3370343789706876,0.7419247406138231,0.38871020450727817
session_20260531_093520,629078,632049,50,FatiguedSquat,0.0001915761788686,0.0002551135552861,0.2176181418638676,0.2846822017987568,2.576081980943283e-08,0.0,0.464375,0.0,0.0,0.0,0,3.967732403044584,4.0161668512872994,0.0243867206946297,0.0017611561147987,1,session_20260531_093520,0.0,1820.2607039775658,1.3316489823721576,0.7644248208157322,0.3898256529087436
session_20260531_093520,630107,633019,49,FatiguedSquat,0.000225361909996,0.0003031065578867,0.246649293800195,0.3281269409542993,3.7496081212017015e-08,0.0,2.321428571428572,0.0,0.0,0.0,0,3.969126225301245,4.067420275516979,0.029115118577212,0.0020796753527122,1,session_20260531_093520,0.0,7658.761753134212,1.3449709088868256,0.7516886371206535,0.4037324610310677
session_20260531_093520,631079,634050,50,FatiguedSquat,0.000242908501625,0.0003241088081332,0.276768483865199,0.3609620334148407,4.2761787445533094e-08,0.0,3.0184375,0.0,0.0,0.0,0,3.970009608526584,4.067420275516979,0.0328029901002708,0.0023042174317838,1,session_20260531_093520,0.0,9313.008814467927,1.334278016977509,0.7667523381340402,0.4032361235739839
session_20260531_093520,632110,635021,49,FatiguedSquat,0.0002305644791142,0.0003120764624973,0.2488167412401664,0.3357018815903436,3.8938896359797145e-08,0.0,2.5535714285714284,0.0,0.0,0.0,0,3.971595892599025,4.069919471917817,0.042894560802482,0.0022500492939876,1,session_20260531_093520,0.0,8182.4922829649095,1.3535263982112749,0.7411836338844635,0.39575379895038015
session_20260531_093520,633080,636053,50,FatiguedSquat,0.0001947168350219,0.0002605345334169,0.2179684794628992,0.2893492168426513,2.5779316480334792e-08,0.0,0.6965625,0.0,0.0,0.0,0,3.970042073512451,4.069919471917817,0.0404235793658051,0.0020106982477879,1,session_20260531_093520,0.0,2673.5796490584053,1.3380106315766995,0.7533059224698886,0.37427372300820394
session_20260531_093520,634111,637025,49,FatiguedSquat,0.0001504888745392,0.0001969616704061,0.1638410710730925,0.2192622902036524,1.4388181975946618e-08,0.0,0.0,0.0,0.0,0.0,0,3.977473157234853,4.069919471917817,0.0389219477334915,0.0020967131400811,1,session_20260531_093520,0.0,0.0,1.3088034727199862,0.7472377953075193,0.36156752962793914
session_20260531_093520,635082,637995,49,FatiguedSquat,0.0001181911449043,0.000158189245162,0.1340909014003617,0.172086306980678,8.429472837681535e-09,0.0,0.0,0.0,0.0,0.0,0,3.977272290389118,4.04943665009688,0.0311796561676958,0.0021397571794354,1,session_20260531_093520,0.0,0.0,1.3384074321528354,0.7792072650859447,0.32391352379708693
session_20260531_093520,636113,639025,49,FatiguedSquat,8.31292437858322e-05,0.0001093891658583,0.0977886221167586,0.1210361789521716,3.9785896034352e-09,0.0,0.0,0.0,0.0,0.0,0,3.97605269145992,4.04943665009688,0.0334877743321846,0.0023356144437758,1,session_20260531_093520,0.0,0.0,1.3158768803820478,0.8079288536320341,0.30684812528568334
session_20260531_095213,1408026,1410940,49,FreshSquat,5.127111259771853e-05,6.60886377961883e-05,0.0856455401180717,0.0747020110548759,1.4966958143385588e-09,0.0,0.0,0.0,0.0,0.0,0,3.993421658234208,4.11192543381625,0.0420640064258856,0.0023897939815902,0,session_20260531_095213,0.0,0.0,1.288978246609816,1.1464957604509598,0.27883331238963194
session_20260531_095213,1408997,1411970,50,FreshSquat,5.790981451670328e-05,7.611934692859212e-05,0.0880897694056853,0.086053984371821,2.057557303435449e-09,0.0,0.0,0.0,0.0,0.0,0,3.998908951834338,4.11192543381625,0.0436300729033515,0.0020361884604113,0,session_20260531_095213,0.0,0.0,1.3144236972636074,1.023657056963348,0.3028422681629547
session_20260531_095213,1410029,1412941,49,FreshSquat,8.181044844543041e-05,0.000113203751344,0.1066427637530224,0.1191160129365466,4.497983791614459e-09,0.0,0.0,0.0,0.0,0.0,0,3.998207539643611,4.11192543381625,0.0395057621155689,0.0017978938195262,0,session_20260531_095213,0.0,0.0,1.383715280624921,0.8952848590940196,0.3255848505907678
session_20260531_095213,1411001,1413972,50,FreshSquat,0.000108156466484,0.0001521259191516,0.1313761363380899,0.1607205091953277,9.051182932099733e-09,0.0,0.0,0.0,0.0,0.0,0,4.001533626027941,4.056144061082089,0.0291590933894222,0.0019753162748365,0,session_20260531_095213,0.0,0.0,1.4065225832014505,0.8174198562363021,0.3749097932893335
session_20260531_095213,1412031,1414949,49,FreshSquat,0.0001621666895288,0.0002309735604324,0.1831975648335504,0.236601200022665,2.0715073688295546e-08,0.0,0.0,0.2000000000000001,0.0835489366957499,0.2000000000000001,1,4.222093752037499,7.554278850769879,0.8096084905674084,0.0025997478852853,0,session_20260531_095213,0.0,0.0,1.42428840852037,0.7742883976992203,0.3811506265030965
session_20260531_095213,1413002,1415930,49,FreshSquat,0.0002032730692908,0.0002785761989852,0.2208699605370662,0.2975917734418596,3.043623636906593e-08,0.0,0.0,2.2,0.5142776157444635,1.3199999999999987,1,9.930849995346945,60.12335376513911,12.71827256700776,0.0103955064885599,0,session_20260531_095213,0.0,0.0,1.3704463139697087,0.7421910802182385,0.38720632348018835
session_20260531_095213,1414032,1416960,49,FreshSquat,0.0002341136478242,0.0003069566129284,0.2465104412523154,0.3427423804146903,3.652180169751256e-08,0.0,0.0,4.5,1.7975989353935748,4.2,1,10.711721457958138,60.12335376513911,12.760939041349465,0.0109858130636012,0,session_20260531_095213,0.0,0.0,1.3111380077290082,0.71922952812205,0.3835422777367239
session_20260531_095213,1415010,1417930,49,FreshSquat,0.0002251627169498,0.0002914094292409,0.2406098393229197,0.328737566746822,3.201687848922829e-08,0.0,0.0,4.5,1.6665886417943494,4.5,1,10.47982063887226,60.12335376513911,12.852895075883549,0.0113996990888178,0,session_20260531_095213,0.0,0.0,1.2942113107231634,0.7319207262256863,0.37263828455792813
session_20260531_095213,1415990,1418961,50,FreshSquat,0.000196116956075,0.0002593575955806,0.2203281996478016,0.2914297967274983,2.5839786080950197e-08,0.0,0.0,2.0,0.4108527716834828,2.0,1,4.750601267821166,21.8758595525681,3.1902989689729977,0.0023565923071425,0,session_20260531_095213,0.0,0.0,1.3224571618593444,0.7560249547776843,0.3785141785509199
session_20260531_095213,1417020,1419929,49,FreshSquat,0.0001751260124907,0.0002329663273043,0.2053088573563438,0.2546332221615071,2.1330313897865413e-08,0.0,0.0,0.0999999999999999,0.0327803640902224,0.0999999999999999,1,4.176507677109751,13.6606268718199,1.3698544476137653,0.0018946381950775,0,session_20260531_095213,0.0,0.0,1.330270664650729,0.80629249713468,0.38590621820872995
session_20260531_095213,1417991,1420960,50,FreshSquat,0.0001521381537119,0.0002018687074191,0.1896261953260749,0.2257730201085408,1.637652164044672e-08,0.0,0.0,0.0999999999999999,0.0498397431775084,0.0999999999999999,1,4.173834600664622,13.6606268718199,1.3561815004708149,0.00185225366134,0,session_20260531_095213,0.0,0.0,1.3268688729619922,0.8398974970304877,0.39224285484818955
session_20260531_095213,1419022,1421939,49,FreshSquat,0.0004308751651218,0.0022236289614721,0.396012513785604,0.628215990747724,1.0788969150143723e-06,0.9298469387755102,2.7895408163265305,0.0999999999999999,0.0403028931798601,0.0999999999999999,1,4.176508461824706,13.6606268718199,1.3697769593132387,0.0020234882700003,0,session_20260531_095213,2158.037538494758,1254.498664193112,5.1607147052182025,0.6303763657526134,0.21815616129472665
session_20260531_095213,1419990,1422970,50,FreshSquat,0.0004251665671666,0.0022014150198208,0.3953217882743726,0.633498185078303,1.0402379006682612e-06,0.93125,2.79375,0.0,0.0,0.0,0,3.995645109788103,4.406570785964932,0.0700664846415819,0.0019656045709441,0,session_20260531_095213,2190.3128834732915,1269.06953290338,5.17775858231958,0.6240298661652508,0.21460469395347742
session_20260531_095213,1421021,1423938,49,FreshSquat,0.0004421928626339,0.002224968429868,0.4012005247622348,0.644717193720292,1.1013988311798954e-06,0.9298469387755102,2.7895408163265305,0.0,0.0,0.0,0,3.9964880849701694,4.406570785964932,0.0757861071751213,0.0020409102797609,0,session_20260531_095213,2102.803809254464,1253.743435248917,5.03165832428138,0.6222891649978314,0.22243810479179388
session_20260531_095213,1421999,1424969,50,FreshSquat,0.0001557980855305,0.0002037380950058,0.1771608355147764,0.2313601570129394,1.5923747089870903e-08,0.0,0.0,0.0,0.0,0.0,0,4.001272365195344,4.406570785964932,0.0752254134068372,0.0021397863921796,0,session_20260531_095213,0.0,0.0,1.3076976306508246,0.7657361450490894,0.37459521317140193
session_20260531_095213,1423031,1425939,49,FreshSquat,0.0001610892808356,0.0002112428764931,0.1846125425494016,0.2342238143349991,1.7291684898249203e-08,0.0,0.0,0.0,0.0,0.0,0,3.980541056004277,4.137298947976922,0.0448450343896777,0.0019679857345932,0,session_20260531_095213,0.0,0.0,1.311332225615045,0.7881886062070979,0.37900785473391896
session_20260531_095213,1423999,1426968,50,FreshSquat,0.0001665355523427,0.0002224343399558,0.1884216176067789,0.2471387596766154,1.890256241631708e-08,0.0,0.0,0.0,0.0,0.0,0,3.982662036222253,4.1396363097351685,0.0451194046245947,0.0020060337281701,0,session_20260531_095213,0.0,0.0,1.3356487619491078,0.7624122460229186,0.3744784572783635
session_20260531_095213,1425030,1427939,49,FreshSquat,0.0001712383137268,0.0002273227512092,0.1963266680994052,0.248980508158807,2.0041271219276896e-08,0.0,0.0,0.0,0.0,0.0,0,3.988505262887773,4.179596704394609,0.0552436707344388,0.001689673319215,0,session_20260531_095213,0.0,0.0,1.3275149629008505,0.7885222371932027,0.38046569153889714
session_20260531_095213,1426000,1428971,50,FreshSquat,0.0001958265463511,0.0008930342248285,0.2143065883101895,0.2909982478777568,9.95994920769294e-08,0.2321875,0.92875,0.0,0.0,0.0,0,3.989414623607904,4.179596704394609,0.0591503368847391,0.0020963817183001,0,session_20260531_095213,1185.6733351686391,1039.9925716013706,4.560309524725268,0.7364531887620255,0.12473165805256338
session_20260531_095213,1427029,1429944,49,FreshSquat,0.0003449552561961,0.0018752797106758,0.3252561811521194,0.5029447635339231,8.036529043031382e-07,1.046077806122449,4.184311224489796,0.0,0.0,0.0,0,3.984412455950059,4.179596704394609,0.0532326806939673,0.0020108485252565,0,session_20260531_095213,3032.4940839100964,2231.2986000809897,5.436282650313044,0.646703582755321,0.22846145090197545
session_20260531_095213,1428000,1430975,50,FreshSquat,0.0003334836403528,0.0018558151874618,0.3224580969512462,0.4962236568450929,7.658230866534948e-07,1.04625,4.185,0.0,0.0,0.0,0,3.9853470062021055,4.125479278653187,0.0496098467898955,0.0019471447422148,0,session_20260531_095213,3137.3259017061514,2255.072473381011,5.564919528223237,0.6498241102642239,0.22229665300284285
session_20260531_095213,1429031,1431945,49,FreshSquat,0.0003004488571971,0.0016575114256506,0.2897551390662041,0.4377539849362405,5.295906490845005e-07,0.8130580357142857,3.252232142857143,0.0,0.0,0.0,0,3.985028183129572,4.125479278653187,0.0446790747485814,0.0015695124805317,0,session_20260531_095213,2706.1355372217945,1962.1162970048867,5.51676556319095,0.6619131941117432,0.19269444610053507
session_20260531_095213,1430005,1432916,49,FreshSquat,0.0001409334958005,0.0001876923200041,0.1585191909010921,0.2051991698855445,1.4448232107846712e-08,0.0,0.0,0.0,0.0,0.0,0,3.994068370144104,4.131160607735033,0.0511397172695793,0.0018906850250247,0,session_20260531_095213,0.0,0.0,1.3317699044369387,0.7725137982624235,0.3988094787724024
session_20260531_095213,1431036,1433946,49,FreshSquat,0.0001534816764649,0.0002049326735604,0.1769016195844136,0.2233158392565591,1.7700708669321455e-08,0.0,0.0,0.0,0.0,0.0,0,3.982343475930795,4.131160607735033,0.0456359030731949,0.0021221156612447,0,session_20260531_095213,0.0,0.0,1.3352169657222919,0.7921588517015992,0.4116692726582019
session_20260531_095213,1432006,1434917,49,FreshSquat,0.0001436584174227,0.0001908075091817,0.1665581727737472,0.2091666557675316,1.4139251346474174e-08,0.0,0.0,0.0,0.0,0.0,0,3.98738237476484,4.131160607735033,0.0428406966350909,0.002120798112735,0,session_20260531_095213,0.0,0.0,1.3281935330440096,0.7962940907874262,0.37797899471667157
session_20260531_095213,1432977,1435948,50,FreshSquat,0.0001370743513107,0.0001830721063569,0.1680995468564952,0.2036924860477448,1.2937773204073885e-08,0.0,0.0,0.0,0.0,0.0,0,3.9822316093129935,4.063571805066228,0.0312966145585701,0.0018221306700355,0,session_20260531_095213,0.0,0.0,1.3355581773556215,0.8252613991457293,0.37484064087985297
session_20260531_095213,1434006,1436915,49,FreshSquat,0.0001329324115701,0.0001745805557475,0.1539484450150103,0.1932837264229651,1.1502180678006825e-08,0.0,0.0,0.0,0.0,0.0,0,3.985924772680636,4.074255408705383,0.0305935005262323,0.0015551955442974,0,session_20260531_095213,0.0,0.0,1.3132932773295911,0.7964894255072134,0.3653994954429131
session_20260531_095213,1434977,1437945,50,FreshSquat,0.0001320960362752,0.0001738020010699,0.1519974441154549,0.1960305178324382,1.164362614933982e-08,0.0,0.0,0.0,0.0,0.0,0,3.987953700351974,4.074255408705383,0.0290298188893803,0.0017138092297089,0,session_20260531_095213,0.0,0.0,1.315714613822337,0.7753764312860815,0.3731078144298239
session_20260531_095213,1436009,1438915,49,FreshSquat,0.0001287827199819,0.0001700754673109,0.1453299399211901,0.1871212921337205,1.1406133876524397e-08,0.0,0.0,0.0,0.0,0.0,0,3.983965682417636,4.074255408705383,0.0297543746475012,0.0016207809235344,0,session_20260531_095213,0.0,0.0,1.320628627087363,0.7766616908602406,0.38114889130175633
session_20260531_095213,1436976,1439946,50,FreshSquat,0.0001118923664093,0.0001471377223223,0.1273200122234411,0.1661601641178131,8.495349612059676e-09,0.0,0.0,0.0,0.0,0.0,0,3.98302813690178,4.087905643975526,0.0315203545996561,0.0019500068715403,0,session_20260531_095213,0.0,0.0,1.3149816387155429,0.7662487102920665,0.37507874842720995
session_20260531_095213,1438006,1440917,49,FreshSquat,0.0001130425443454,0.0001473687271425,0.1276258390893538,0.1645899445669991,8.388555504706663e-09,0.0,0.0,0.0,0.0,0.0,0,3.9962203812436994,4.232629969583189,0.0588968262616746,0.0017669309496818,0,session_20260531_095213,0.0,0.0,1.3036456703110864,0.7754169833989133,0.36925454350916653
session_20260531_095213,1438976,1441949,50,FreshSquat,0.0001217759132385,0.0001607375679188,0.1438003245684008,0.1809590070724487,9.8447304610106e-09,0.0,0.0,0.0,0.0,0.0,0,4.004317119228876,4.313915995893511,0.0779715959289344,0.001874988830409,0,session_20260531_095213,0.0,0.0,1.3199346546417676,0.7946569010304751,0.36684017456718043
session_20260531_095213,1440007,1442920,49,FreshSquat,0.0001243523918852,0.0001626767552507,0.1451039573727619,0.181057082584926,1.0054312065508036e-08,0.0,0.0,0.0,0.0,0.0,0,4.010068679271701,4.313915995893511,0.0827828960937357,0.0017592551835216,0,session_20260531_095213,0.0,0.0,1.3081810860525558,0.8014265694537157,0.3660942367997038
session_20260531_095213,1440978,1443952,50,FreshSquat,0.0001380378961563,0.0001806126540766,0.1686584110181778,0.2052623515844345,1.2267021758118946e-08,0.0,0.0,0.2,0.0412310562561766,0.0549999999999997,1,4.607534503229626,34.582955753131344,4.282864339376192,0.0022235840085223,0,session_20260531_095213,0.0,0.0,1.3084185624904896,0.821672405556203,0.3648626454305072
session_20260531_095213,1442009,1444919,49,FreshSquat,0.0001415330374321,0.0001828143069501,0.168195181596568,0.2059305694638466,1.2075817423724129e-08,0.0,0.0,0.2,0.095896654077312,0.2,1,4.606392236290887,34.582955753131344,4.327143719787837,0.0022445480457599,0,session_20260531_095213,0.0,0.0,1.2916631947124657,0.8167567409623454,0.3508263146400156
session_20260531_095213,1442981,1445948,50,FreshSquat,0.0001647344350814,0.0002092490307063,0.1989403770481546,0.2444659016609192,1.6093650438915568e-08,0.0,0.0,0.2,0.0896437393240598,0.2,1,4.59002441729233,34.582955753131344,4.284986584671814,0.0023512991074398,0,session_20260531_095213,0.0,0.0,1.2702126327763343,0.8137755608563959,0.35935232943964035
session_20260531_095213,1444013,1446916,49,FreshSquat,0.00017204686087,0.0002186499566281,0.2037869019049923,0.2498120419833124,1.785100875058117e-08,0.0,0.0,0.0,0.0,0.0,0,3.977011023980814,4.08906010757612,0.0488546268952993,0.0019847560332022,0,session_20260531_095213,0.0,0.0,1.2708670454979543,0.8157609195750639,0.36574087457838217
session_20260531_095213,1444981,1447945,50,FreshSquat,0.0001666480620702,0.0002126576149393,0.2012361713334918,0.2469724279880523,1.6844421105650622e-08,0.0,0.0,0.0,0.0,0.0,0,3.983770171830473,4.08906010757612,0.0428027980633969,0.0020528919588227,0,session_20260531_095213,0.0,0.0,1.276080478927143,0.8148122936557706,0.36441438079850613
session_20260531_095213,1446009,1448974,50,FreshSquat,0.0001529382228851,0.0001976672326973,0.180567247502692,0.2266544463157654,1.460097982197794e-08,0.0,0.0,0.0,0.0,0.0,0,3.991726149074645,4.152236730693871,0.0481737224305847,0.0020052033023441,0,session_20260531_095213,0.0,0.0,1.292456107520588,0.7966631568059785,0.36436558700402893
session_20260531_095213,1446977,1449942,50,FreshSquat,0.0001549393574396,0.0002016631330103,0.1806094946123659,0.2296201277256011,1.5281923100474167e-08,0.0,0.0,0.0,0.0,0.0,0,3.9912564072475134,4.152236730693871,0.0395905830662022,0.0019889999417428,0,session_20260531_095213,0.0,0.0,1.3015532966542551,0.7865577622256126,0.36675424913835336
session_20260531_095213,1448006,1450969,50,FreshSquat,0.0001596426486968,0.0002082440711769,0.183855786123313,0.2365904053688049,1.6331874275477392e-08,0.0,0.0,0.0,0.0,0.0,0,3.9960855511384863,4.152236730693871,0.0419110379198359,0.0019218889613083,0,session_20260531_095213,0.0,0.0,1.3044306671567207,0.7771058385043413,0.3681202730479527
session_20260531_095213,1449035,1451943,49,FreshSquat,0.0003072106270563,0.0014439614525891,0.2950703255768206,0.4466842517398653,5.268731602872922e-07,0.0,2.0864158163265305,0.0,0.0,0.0,0,3.990619596534445,4.089986293313732,0.0336831281293042,0.0019475566555755,0,session_20260531_095213,0.0,1444.923870828828,4.700217457344079,0.660579198319445,0.25257283205073516
session_20260531_095213,1450003,1452974,50,FreshSquat,0.0003013664404551,0.0014294164547579,0.2982595406683161,0.4478305305163064,5.086139600387842e-07,0.0,2.0896875,0.0,0.0,0.0,0,3.99022857385424,4.089986293313732,0.0310462878648582,0.0019810007373224,0,session_20260531_095213,0.0,1461.9154768569201,4.743101818163615,0.6660098400581156,0.24880449432338111
session_20260531_095213,1451030,1453943,49,FreshSquat,0.0003014124412925,0.0014433373694721,0.2930570059411582,0.4388565145220075,5.246119278091352e-07,0.0,2.0892857142857144,0.0,0.0,0.0,0,3.999350146777022,4.333948877433863,0.0584547304077699,0.001855889481591,0,session_20260531_095213,0.0,1447.5370145185493,4.78856338749487,0.6677740800830428,0.2517062654458618
session_20260531_095213,1452003,1454975,50,FreshSquat,0.0001579386552174,0.0002074190381904,0.190526065277867,0.234696841653188,1.7423075352068246e-08,0.0,0.0,0.6000000000000001,0.1298614646459834,0.4,1,4.966645412746138,41.05198516143046,5.296363802718819,0.0033691840720763,0,session_20260531_095213,0.0,0.0,1.313280302561715,0.8117964567568033,0.3957751844065684
session_20260531_095213,1453034,1455948,49,FreshSquat,0.0001551694205018,0.0001979603497847,0.1788542516211199,0.2260818456711412,1.4893206915436831e-08,0.0,0.0,3.1,1.078964749785012,2.6,3,14.092845168736892,225.10399580464733,37.82507822813161,0.0198584927718205,0,session_20260531_095213,0.0,0.0,1.2757608643743004,0.7911039928883871,0.37058564017985496
session_20260531_095213,1454003,1456926,49,FreshSquat,0.0001422277599775,0.000182292820464,0.1640161624123171,0.2079369850872325,1.1926172720080576e-08,0.0,0.0,3.1,1.187516632207775,2.6,1,14.082736345028708,225.10399580464733,37.82782163422719,0.0198627208462616,0,session_20260531_095213,0.0,0.0,1.281687476519081,0.7887782039098614,0.34840603138771303
session_20260531_095213,1455036,1457960,49,FreshSquat,0.0001423798531902,0.0001836362928149,0.1627187955490358,0.208159345364084,1.2235404974578358e-08,0.0,0.0,2.7,0.5419894861360773,1.9,3,13.077057309284136,225.10399580464733,37.69170636738574,0.0195532406837514,0,session_20260531_095213,0.0,0.0,1.289754125644891,0.7817030481275158,0.35237899532732864
session_20260531_095213,1456010,1458930,49,FreshSquat,0.0001418058239683,0.0001859731041868,0.1649232576550523,0.2070365029938367,1.3219238603127731e-08,0.0,0.0,0.0,0.0,0.0,0,4.024111603122422,4.488718384945847,0.2452166717005421,0.0018386188149228,0,session_20260531_095213,0.0,0.0,1.3114538425060074,0.7965902363766824,0.37147305912047296
session_20260531_095213,1456986,1459973,50,FreshSquat,0.0001439537922541,0.0001885560127748,0.1687082855075597,0.2150669656276703,1.387893098915356e-08,0.0,0.0,0.0,0.0,0.0,0,4.043157274645811,4.488718384945847,0.2385884978131854,0.0021564044836819,0,session_20260531_095213,0.0,0.0,1.3098279662824475,0.7844453667291081,0.3796895062424484
session_20260531_095213,1458021,1460946,49,FreshSquat,0.0001480720643283,0.0001973826676214,0.1707791650544244,0.2164813580480562,1.5794963192052245e-08,0.0,0.0,0.0,0.0,0.0,0,4.142773332760346,5.893342360600106,0.418088812141476,0.0022837594913223,0,session_20260531_095213,0.0,0.0,1.3330085962411995,0.7888862385445091,0.3952701654353776
session_20260531_095213,1458991,1461924,49,FreshSquat,0.000141379962973,0.0001871367718949,0.1618271058768693,0.2072630257184813,1.39755486895548e-08,0.0,0.0,0.0,0.0,0.0,0,4.433658620104154,10.548726224695578,1.1620660855284115,0.0024770656857032,0,session_20260531_095213,0.0,0.0,1.3236348654000765,0.7807813503402797,0.38799228732709895
session_20260531_095213,1460035,1462961,49,FreshSquat,0.0001409285895678,0.0001855838403908,0.1604910732162673,0.2061785265377589,1.3333761233374028e-08,0.0,0.0,0.0,0.0,0.0,0,4.416840953921542,10.548726224695578,1.170702360308161,0.0024028312161601,0,session_20260531_095213,0.0,0.0,1.3168550405911543,0.7784082810799755,0.37622034117302117
session_20260531_095213,1461007,1463940,49,FreshSquat,0.0001306696570649,0.0001671139875699,0.1550756567457475,0.1915617172572077,1.0347199365865756e-08,0.0,0.0,0.0,0.0,0.0,0,4.316886816282614,10.548726224695578,1.1397406305954074,0.0022163457164427,0,session_20260531_095213,0.0,0.0,1.2788945224856394,0.8095336487717719,0.35769934725730446
session_20260531_095213,1461984,1464974,50,FreshSquat,0.0001201940457026,0.0001560896498265,0.1464748110376919,0.1796900983254114,9.26934614297876e-09,0.0,0.0,0.0,0.0,0.0,0,3.978957306981662,4.381739234104713,0.1983896528618045,0.0018768973383411,0,session_20260531_095213,0.0,0.0,1.2986363033025041,0.8151523739348154,0.36545315789359933
session_20260531_095213,1463023,1465945,49,FreshSquat,0.0001279653416198,0.0001653149164051,0.1512866898274467,0.1869573641066648,1.0090572960874733e-08,0.0,0.0,0.0,0.0,0.0,0,3.9992149856097416,4.324371896181712,0.1892011336380711,0.0020814658065473,0,session_20260531_095213,0.0,0.0,1.2918624875302456,0.8092042254721181,0.356192074273841
session_20260531_095213,1464000,1466918,49,FreshSquat,0.0001383930485264,0.0001808026192405,0.1567100344709799,0.2019154578001321,1.2082021437861409e-08,0.0,0.0,0.0,0.0,0.0,0,3.9991828851409417,4.568362688023044,0.2500111765684207,0.00218146159707,0,session_20260531_095213,0.0,0.0,1.3064334858735647,0.7761170709871243,0.35862776807892577
session_20260531_095213,1465035,1467950,49,FreshSquat,0.0001521197062771,0.0001952548483879,0.1701291281541771,0.2217905317520608,1.4183023436167865e-08,0.0,0.0,0.0,0.0,0.0,0,4.013507047838205,4.568362688023044,0.254358781706732,0.0022184382820118,0,session_20260531_095213,0.0,0.0,1.283552076284919,0.7670711911962632,0.3625104334176261
session_20260531_095213,1466007,1468924,49,FreshSquat,0.0001388758218207,0.0001831139697733,0.1544965186715126,0.2024809482146282,1.2262143135973661e-08,0.0,0.0,0.0,0.0,0.0,0,3.997952753735728,4.568362688023044,0.2456499755905274,0.0022255782736379,0,session_20260531_095213,0.0,0.0,1.3185351405126,0.7630175543465451,0.3551081770537639
session_20260531_095213,1466978,1469958,50,FreshSquat,0.0001643055518468,0.0012189668262864,0.1915088403768216,0.2448152722517649,1.5348421419738764e-07,0.0,1.74609375,0.0,0.0,0.0,0,4.021927495637051,4.340243474733172,0.1413980144824989,0.0020989103663204,0,session_20260531_095213,0.0,1432.436289413393,7.418857085035592,0.7822585487951822,0.10322568158833419
session_20260531_095213,1468010,1470940,49,FreshSquat,0.0003271829189897,0.0021143384982424,0.3462359835789698,0.4793229763199682,9.316183130053764e-07,0.0,4.67155612244898,0.0,0.0,0.0,0,4.071566231448699,5.347141624043524,0.2363474122127441,0.0020620143223278,0,session_20260531_095213,0.0,2209.463582519427,6.462232327221928,0.7223438056628834,0.20834920341864382
session_20260531_095213,1468985,1471971,50,FreshSquat,0.0003421055396397,0.0020951211899348,0.376857763700746,0.5107635706822077,9.382090641571312e-07,0.0,4.665625,0.0,0.0,0.0,0,4.080445769203202,5.347141624043524,0.2923378548544865,0.001933611372476,0,session_20260531_095213,0.0,2226.8987567475456,6.124177550482785,0.7378321097950645,0.21368911400623983
session_20260531_095213,1470019,1472953,49,FreshSquat,0.000299866978003,0.0017284992193464,0.3175063445790652,0.4399048567304806,4.966468484548297e-07,0.0,2.923708545918368,0.0,0.0,0.0,0,4.075752745733927,5.347141624043524,0.3121940887207883,0.0019746065401749,0,session_20260531_095213,0.0,1691.4713190050468,5.764200735462015,0.7217613968100208,0.16617434378725138
session_20260531_095213,1471001,1473922,49,FreshSquat,0.0001260617233458,0.0001673371059423,0.1452999124740611,0.1840501160848708,1.0661374332901025e-08,0.0,0.0,0.0,0.0,0.0,0,3.9977203517421698,4.740328943185115,0.2330945473531019,0.0020367269672078,0,session_20260531_095213,0.0,0.0,1.3274114781994766,0.7894584082609366,0.367611958967022
session_20260531_095213,1472033,1474954,49,FreshSquat,0.0001233515204215,0.0001615449518399,0.1405827203265005,0.1800932198154683,9.807140981875464e-09,0.0,0.0,0.0,0.0,0.0,0,3.994785534353032,4.337181289947215,0.1518141910850152,0.0019609673740714,0,session_20260531_095213,0.0,0.0,1.3096201949331485,0.7806108397081083,0.36193023934822227
session_20260531_095213,1473014,1475925,49,FreshSquat,0.0001398325371904,0.0001804084644859,0.1593998473989112,0.2035961741492861,1.2498391617194456e-08,0.0,0.0,0.0,0.0,0.0,0,4.0046992494094,4.928490444772656,0.2204941217868488,0.0020124621662087,0,session_20260531_095213,0.0,0.0,1.2901659223584714,0.7829216206150822,0.3725612384839529
session_20260531_095213,1473983,1476957,50,FreshSquat,0.0001394735972086,0.0001813326066633,0.1609973361155328,0.2073972390492757,1.2586771429520616e-08,0.0,0.0,0.0,0.0,0.0,0,4.029249426220453,4.928490444772656,0.2204221494220644,0.0018926152999287,0,session_20260531_095213,0.0,0.0,1.3001120655118052,0.7762752102066608,0.3714937691574092
session_20260531_095213,1475015,1477931,49,FreshSquat,0.0001327459747288,0.0001724717168871,0.1501781685893632,0.1935436311546637,1.1318214463054792e-08,0.0,0.0,0.0,0.0,0.0,0,3.997849721503712,4.928490444772656,0.2786452162507017,0.0019305641956932,0,session_20260531_095213,0.0,0.0,1.2992515817362846,0.7759396003757618,0.3681139965028964
session_20260531_095213,1475985,1478970,50,FreshSquat,0.0001234299023946,0.0001601853020689,0.1413968887348969,0.184157414372762,9.813061415388034e-09,0.0,0.0,0.0,0.0,0.0,0,4.008661535606333,4.519619062605622,0.2479691587118553,0.0017356789092521,0,session_20260531_095213,0.0,0.0,1.297773077578245,0.7678044810125542,0.3680910603417314
session_20260531_095213,1477017,1479946,49,FreshSquat,0.000109464919486,0.0001444815454496,0.1223502618560985,0.1602566421275236,7.930051277251205e-09,0.0,0.0,0.0,0.0,0.0,0,3.990689833889765,4.519619062605622,0.2588207921797816,0.0019279026148115,0,session_20260531_095213,0.0,0.0,1.319876963789431,0.7634645245797315,0.36251800572002835
session_20260531_095213,1477993,1480926,49,FreshSquat,0.0003020728202093,0.0017653512098747,0.2747553606439685,0.4428387544268653,6.296263457703127e-07,0.9349489795918366,0.9349489795918366,0.0,0.0,0.0,0,3.985946327194911,4.564285492493834,0.3107607750992238,0.0019354793163468,0,session_20260531_095213,3095.1009887054493,529.6104507429693,5.8441052874146076,0.6204410912028774,0.20196742133022844
session_20260531_095213,1479030,1481958,49,FreshSquat,0.0003082527108743,0.0017662908454876,0.2852056193633043,0.4512819687201052,6.417118328985581e-07,0.933673469387755,0.933673469387755,0.0,0.0,0.0,0,3.999503307421376,4.620711008403411,0.3318619755368215,0.0020783623384422,0,session_20260531_095213,3028.912342172871,528.6065673535431,5.7299905343487,0.6319898389474655,0.20562524236842583
session_20260531_095213,1480008,1482927,49,FreshSquat,0.0003111630880913,0.0017666362556363,0.2882553815924036,0.4542981086134099,6.447210337487747e-07,0.9311224489795916,0.9311224489795916,0.0,0.0,0.0,0,3.981274185243218,4.620711008403411,0.3330061602145516,0.0017415919315434,0,session_20260531_095213,2992.384033424792,527.0592171703205,5.677506895069278,0.6345071121640761,0.2065087373423552
session_20260531_095213,1480986,1483965,50,FreshSquat,0.000127566798528,0.0001729317678105,0.1515317743619283,0.1900745298067728,1.1165963734924661e-08,0.0,0.0,0.0,0.0,0.0,0,4.028864622294323,4.620711008403411,0.2412860776010543,0.0023506336670821,0,session_20260531_095213,0.0,0.0,1.3556067425004832,0.7972229299672635,0.36129495380060805
session_20260531_095213,1482018,1484942,49,FreshSquat,0.0001245721911086,0.000168424999216,0.1451312184176046,0.1821245434008488,1.0595225580813781e-08,0.0,0.0,0.0,0.0,0.0,0,3.9947942613619967,4.394507381113593,0.1972013330974661,0.0023880978908024,0,session_20260531_095213,0.0,0.0,1.3520164147450557,0.7968789648592154,0.3607870285130537
session_20260531_095213,1482988,1485916,49,FreshSquat,0.0001245515849314,0.000166426624084,0.1444901912233659,0.1823435203396544,1.0537921397434845e-08,0.0,0.0,0.0,0.0,0.0,0,4.044454905686057,4.394507381113593,0.1767810407553067,0.0024606854358343,0,session_20260531_095213,0.0,0.0,1.3361956652739326,0.7924064982501986,0.367202838240804
session_20260531_095213,1484026,1486952,49,FreshSquat,0.0001160775398721,0.000158329122678,0.1342612555917973,0.1698214408329555,9.980030214775673e-09,0.0,0.0,0.0,0.0,0.0,0,3.999911363044639,4.394507381113593,0.2033923243230859,0.00202526253712,0,session_20260531_095213,0.0,0.0,1.3639827211166973,0.7906024948478715,0.38284439486585903
session_20260531_095213,1485004,1487925,49,FreshSquat,0.0001245574724106,0.0001764904219072,0.1468978321300122,0.181853909719558,1.2433235354893062e-08,0.0,0.0,0.0,0.0,0.0,0,4.021956372951705,4.579777338310692,0.2456962322718666,0.0019434900885815,0,session_20260531_095213,0.0,0.0,1.4169282786754904,0.807779340838853,0.38673943227152857
session_20260531_095213,1485978,1488960,50,FreshSquat,0.0001721350749333,0.0009452711639622,0.1875444606200792,0.2566533967256546,1.379186801261963e-07,0.4659375,0.4659375,0.0,0.0,0.0,0,3.9991373844297233,4.579777338310692,0.2376700115065726,0.0018912142240396,0,session_20260531_095213,2706.797515747605,492.9135943736857,5.491418137241003,0.7307304804144916,0.15417874466596593
session_20260531_095213,1487012,1489940,49,FreshSquat,0.0002531095994573,0.0013445554109259,0.2495925091070179,0.3705524536054961,4.085129653206809e-07,0.933673469387755,0.933673469387755,0.0,0.0,0.0,0,4.05007243298866,4.579777338310692,0.2532028693406895,0.0018665118374202,0,session_20260531_095213,3688.796405167009,694.4100387315106,5.312126057971459,0.6735686297713055,0.2258438515585874
session_20260531_095213,1487987,1490918,49,FreshSquat,0.0003833288643635,0.001896932141614,0.3461080594650362,0.561960115157017,1.288401619436795e-06,1.8698979591836733,1.8698979591836733,0.0,0.0,0.0,0,4.048529611174285,4.636630161832947,0.2357083592215751,0.0017793291226999,0,session_20260531_095213,4878.038819877875,985.747951871765,4.948563412255292,0.6158943482179976,0.3579538151745102
session_20260531_095213,1489022,1491953,49,FreshSquat,0.0003362143120798,0.0016490260114025,0.3105602485590873,0.492890181509005,7.962004459327955e-07,1.402423469387755,1.402423469387755,0.0,0.0,0.0,0,4.055702497886448,4.636630161832947,0.2400192445589812,0.0019298061516661,0,session_20260531_095213,4171.206423385301,850.4551227423448,4.904672548081651,0.6300800047958217,0.29268989209075463
session_20260531_095213,1490001,1492927,49,FreshSquat,0.0002523295084635,0.0013492465137997,0.241620115153048,0.3691580708821614,3.913330667768951e-07,0.9330357142857142,0.9330357142857142,0.0,0.0,0.0,0,4.051387338119643,5.145547803603863,0.2492653108813001,0.0020413016497925,0,session_20260531_095213,3697.6730240318093,691.5230191220692,5.347139836619758,0.6545166787797486,0.21484509371888752
session_20260531_095213,1490979,1493971,50,FreshSquat,0.0001052764097849,0.0001427604105699,0.1274581952681143,0.1574935090382893,8.021015497809761e-09,0.0,0.0,0.0,0.0,0.0,0,4.063058333048582,5.145547803603863,0.2113979283326784,0.0021130715754334,0,session_20260531_095213,0.0,0.0,1.3560403021083467,0.8092917304156031,0.3751550446728446
session_20260531_095213,1492013,1494944,49,FreshSquat,0.000110549196905,0.0001462470838138,0.1349676044329012,0.1620651226627583,8.430432775611811e-09,0.0,0.0,0.0,0.0,0.0,0,4.060227642527721,5.145547803603863,0.2018882704727988,0.0021569144327787,0,session_20260531_095213,0.0,0.0,1.3229020653800887,0.8327985774024744,0.37655681069802144
session_20260531_095213,1492988,1495922,49,FreshSquat,0.0001093864197633,0.0001456637112606,0.1326024624979959,0.1604698777928644,8.364514854001282e-09,0.0,0.0,0.0,0.0,0.0,0,4.008025978348865,4.403475326792921,0.1512127581283956,0.0018825761366067,0,session_20260531_095213,0.0,0.0,1.331631293395503,0.8263386468258012,0.3764761087864075
session_20260531_095213,1494032,1496959,49,FreshSquat,0.0001160912773236,0.0001546187550591,0.1335737516670203,0.1699576300017687,9.581792380892992e-09,0.0,0.0,0.0,0.0,0.0,0,4.034568609965579,5.589001035935357,0.3282537598567893,0.0017880473743186,0,session_20260531_095213,0.0,0.0,1.331860814721636,0.7859238263072179,0.3847034164566772
session_20260531_095213,1495006,1497940,49,FreshSquat,0.0001770325745044,0.0012091676833572,0.1965877617262684,0.2597067867979711,1.8844703022410826e-07,0.4677933673469387,1.4033801020408163,0.0,0.0,0.0,0,4.034797259636769,5.589001035935357,0.3299278015334548,0.0017857386525206,0,session_20260531_095213,2642.399153135284,1160.6156538427688,6.8301602492195475,0.7569604298490507,0.1288010189186273
session_20260531_095213,1495982,1498915,49,FreshSquat,0.0003024123315097,0.0017559219683697,0.3043564493162874,0.4433364779932969,6.803128463005903e-07,0.9349489795918366,2.80484693877551,0.0,0.0,0.0,0,4.110833685009795,5.589001035935357,0.3260319154637218,0.0020276857989293,0,session_20260531_095213,3091.626202206128,1597.3633179248698,5.806364288253536,0.6865134355905081,0.22057557216068413
session_20260531_095213,1497021,1499949,49,FreshSquat,0.0002934986880036,0.0017551212343773,0.2970139176345297,0.4296820792373345,6.675736451988508e-07,0.933673469387755,2.8010204081632653,0.0,0.0,0.0,0,4.0588550751908405,4.5316065922171,0.1844628485828435,0.0018240401645868,0,session_20260531_095213,3181.173635102136,1595.911870580934,5.979976490999786,0.6912411089391356,0.21664266063602192
session_20260531_095213,1498002,1500921,49,FreshSquat,0.0002132405715734,0.0012794611833131,0.210609082176293,0.3113312344972779,2.3089914604774707e-07,0.4655612244897958,1.3966836734693877,0.0,0.0,0.0,0,4.060016836365552,4.5316065922171,0.1803871257488803,0.0016610558429635,0,session_20260531_095213,2183.2573313667626,1091.6177841636156,6.00005511998722,0.6764791262909899,0.14096226933623845
session_20260531_095213,1498976,1501956,50,FreshSquat,0.0001488186359405,0.0012503071614297,0.1520566944079473,0.221739767551422,2.016798445158594e-07,0.58203125,0.58203125,0.0,0.0,0.0,0,4.005932120120516,4.353387663660084,0.148576211199649,0.0017181097436892,0,session_20260531_095213,3910.984234853952,465.510238159575,8.40149321376911,0.6857439033210003,0.12892921467659219
session_20260531_095213,1500009,1502933,49,FreshSquat,0.0002658648231402,0.0016769108926953,0.2441709732611467,0.3886943714310523,6.20643643312803e-07,0.9323979591836734,0.9323979591836734,0.0,0.0,0.0,0,4.053859303623136,4.750913473820817,0.1933105685887615,0.0018662994144345,0,session_20260531_095213,3507.0245139857207,556.0208400007411,6.307357872813192,0.6281824244946033,0.22063170743797347
session_20260531_095213,1500981,1503968,50,FreshSquat,0.0002938571373621,0.0016634869014752,0.2815314592715352,0.4390225632190704,6.506556933505063e-07,0.93375,0.93375,0.0,0.0,0.0,0,4.01799760185062,4.750913473820817,0.3225375173918705,0.0022222459019145,0,session_20260531_095213,3177.5536603548526,561.320583799822,5.660850219796385,0.6412687688896378,0.23504745181485184
session_20260531_095213,1502017,1504942,49,FreshSquat,0.000229474314216,0.0011141797659357,0.2237766804335778,0.3354914473838546,1.9640048807931459e-07,0.3496492346938775,0.3496492346938775,0.0,0.0,0.0,0,4.035569991721528,4.750913473820817,0.3347691778651081,0.0021331379905555,0,session_20260531_095213,1523.6899702630344,313.8173314275791,4.855336051035744,0.6670115781238701,0.15808196501318633
session_20260531_095213,1502993,1505916,49,FreshSquat,0.0001246173284491,0.0001744031659329,0.1429594791662835,0.1821905341926886,1.2318345404185593e-08,0.0,0.0,0.0,0.0,0.0,0,3.989805722613181,4.61317611393352,0.2939101400353149,0.0020467738353548,0,session_20260531_095213,0.0,0.0,1.3994985176208208,0.7846701751827365,0.3920984007458382
session_20260531_095213,1504030,1506952,49,FreshSquat,0.0001180155017748,0.0001659079489256,0.1416994091042564,0.1724206480931262,1.1545047524166749e-08,0.0,0.0,0.0,0.0,0.0,0,4.020099348672555,4.4103709931990585,0.194116515693747,0.0018122147167072,0,session_20260531_095213,0.0,0.0,1.4058029718774994,0.8218238931911401,0.40472800706835516
session_20260531_095213,1505003,1507926,49,FreshSquat,0.0001227951536373,0.0001749200650772,0.149400860755736,0.1795265146177642,1.3200504123450684e-08,0.0,0.0,0.0,0.0,0.0,0,4.074140721146668,5.292614748479535,0.2992415439213767,0.0019467955577365,0,session_20260531_095213,0.0,0.0,1.4244751150256476,0.8321938419048375,0.41777674900523437
session_20260531_095213,1505976,1508957,50,FreshSquat,0.0001263041893641,0.0001704572102903,0.1559957803574701,0.1881932421525319,1.1335703775406128e-08,0.0,0.0,0.0,0.0,0.0,0,4.046897218842254,5.292614748479535,0.329413114146013,0.0020078676966157,0,session_20260531_095213,0.0,0.0,1.3495661670631995,0.8289127587382852,0.37715703370877895
session_20260531_095213,1507013,1509936,49,FreshSquat,0.0001286482892068,0.0001686241628197,0.1507003066427752,0.1880837988204696,1.0524104936215773e-08,0.0,0.0,0.0,0.0,0.0,0,4.068895495875736,5.292614748479535,0.3273008178667381,0.0019800896289193,0,session_20260531_095213,0.0,0.0,1.3107275124438624,0.8012402279548912,0.35754794518408883
session_20260531_095213,1507986,1510971,50,FreshSquat,0.0001351357221603,0.0001708943143407,0.1613297740863015,0.2016224974632262,1.0759856512126468e-08,0.0,0.0,0.0,0.0,0.0,0,4.009543570568308,4.567322998030156,0.2823415606255404,0.0018853776122085,0,session_20260531_095213,0.0,0.0,1.2646030746400978,0.8001575980655072,0.35622923379417765
session_20260531_095213,1509018,1511949,49,FreshSquat,0.0001265503841192,0.0001636008798536,0.1461622602071258,0.1855228631188269,1.054432888281506e-08,0.0,0.0,0.0,0.0,0.0,0,4.046787298914172,4.803013156001792,0.2732312866445512,0.0020883103198011,0,session_20260531_095213,0.0,0.0,1.2927624695080593,0.7878396061927401,0.3797671436256504
session_20260531_095213,1509998,1512921,49,FreshSquat,0.0001371213530196,0.0001857299844603,0.1615540995414615,0.2004714181147465,1.4376275142068451e-08,0.0,0.0,0.0,0.0,0.0,0,4.057548039214222,4.803013156001792,0.2573680250802888,0.0021807842802796,0,session_20260531_095213,0.0,0.0,1.354483644499246,0.8058709827807954,0.40501538655392844
session_20260531_095213,1511031,1513955,49,FreshSquat,0.0001395293320117,0.0001897225176131,0.1607790775906269,0.2039918834011571,1.5149904963780662e-08,0.0,0.0,0.0,0.0,0.0,0,4.049915347700218,4.803013156001792,0.2151870441565273,0.00213938469341,0,session_20260531_095213,0.0,0.0,1.3597223978309696,0.7881640883048527,0.40951628527950024
session_20260531_095213,1512011,1514927,49,FreshSquat,0.0001556983123831,0.0002110077494949,0.1803814038269373,0.2270081394545886,1.9099925749081023e-08,0.0,0.0,0.0,0.0,0.0,0,4.024201753081964,5.175155920092928,0.2981102417895481,0.0020803182094316,0,session_20260531_095213,0.0,0.0,1.3552259561411095,0.7946032396270888,0.4195547914010797
session_20260531_095213,1512982,1515961,50,FreshSquat,0.0001433085441589,0.0001918266900785,0.1682038556120047,0.2135297307968139,1.5140053289551422e-08,0.0,0.0,0.0,0.0,0.0,0,4.00886313777921,5.175155920092928,0.2975130935343256,0.0020809589281744,0,session_20260531_095213,0.0,0.0,1.33854790484718,0.7877303745787523,0.40055722443678093
session_20260531_095213,1514016,1516938,49,FreshSquat,0.0001463509579094,0.0001959436240273,0.1732316183633342,0.2138187495056464,1.5860479465860225e-08,0.0,0.0,0.0,0.0,0.0,0,4.048038041814364,5.175155920092928,0.3311968132521716,0.0020805571367394,0,session_20260531_095213,0.0,0.0,1.3388520852491774,0.810179733787003,0.4026125348635142
session_20260531_095213,1514987,1517970,50,FreshSquat,0.0001365791161855,0.0001772884572697,0.168636279913038,0.2037760413487752,1.2267951135719026e-08,0.0,0.0,0.0,0.0,0.0,0,4.058107729618714,4.970409497497207,0.2802266847107854,0.0020354759769307,0,session_20260531_095213,0.0,0.0,1.2980546672614546,0.8275569491353977,0.37827623522659615
session_20260531_095213,1516022,1518941,49,FreshSquat,0.0001458024410974,0.0001923320784218,0.1767579910605132,0.2128715640022641,1.511950281701212e-08,0.0,0.0,0.0,0.0,0.0,0,3.986195510676271,4.970409497497207,0.356484367474513,0.0021366599765272,0,session_20260531_095213,0.0,0.0,1.3191189245891517,0.83035040898315,0.3979693279209938
session_20260531_095213,1516998,1519974,50,FreshSquat,0.0001465674797693,0.000193667298187,0.1805441357463598,0.2180924098968505,1.5603962216376492e-08,0.0,0.0,0.0,0.0,0.0,0,3.984389991470532,4.6342165399582536,0.3630078160653658,0.0020739447174168,0,session_20260531_095213,0.0,0.0,1.3213434327205547,0.8278331877937302,0.40522380721972356
session_20260531_095213,1518030,1520949,49,FreshSquat,0.0001387737721812,0.0001880353218576,0.1682159163323896,0.2026097073846934,1.5334624419890118e-08,0.0,0.0,0.0,0.0,0.0,0,4.003956353719408,5.391945165222206,0.4347276005297943,0.0018630315498049,0,session_20260531_095213,0.0,0.0,1.3549676133647683,0.8302460808689356,0.42177587168532726
session_20260531_095213,1519002,1521924,49,FreshSquat,0.0001324398258105,0.0001765996576308,0.1582090739482937,0.1934945855092029,1.3149093473362504e-08,0.0,0.0,0.0,0.0,0.0,0,4.106189253145456,5.391945165222206,0.4031594099492054,0.0019964519127581,0,session_20260531_095213,0.0,0.0,1.333423108396226,0.817640828110553,0.40851629862800776
session_20260531_095213,1520036,1522957,49,FreshSquat,0.0001281282285443,0.0001752129286596,0.1541690106839448,0.1870672136747918,1.3377063677242657e-08,0.0,0.0,0.0,0.0,0.0,0,4.122389730118598,5.5469401435915655,0.4693103988195093,0.0021695716341998,0,session_20260531_095213,0.0,0.0,1.3674704097591681,0.824136987082215,0.4219951097546875
session_20260531_095213,1521009,1523933,49,FreshSquat,0.0001407931775462,0.0001926117321377,0.1705175162720031,0.2058396255726717,1.6279795342599537e-08,0.0,0.0,0.0,0.0,0.0,0,4.11482264192763,5.5469401435915655,0.4178509746387612,0.0022078970461854,0,session_20260531_095213,0.0,0.0,1.36803762410201,0.8283998524054934,0.4272992984989906
session_20260531_095213,1521986,1524972,50,FreshSquat,0.0001385542869567,0.0001957075770208,0.1707957922044831,0.2068615504264831,1.8186331709515263e-08,0.0,0.0,0.0,0.0,0.0,0,4.062508602689605,5.5469401435915655,0.4760841318621889,0.0019953770398606,0,session_20260531_095213,0.0,0.0,1.4124872555888879,0.8256526697528057,0.462739391812502
session_20260531_095213,1523019,1525950,49,FreshSquat,0.00013990907442,0.0001944618050321,0.169467485161929,0.2051067030997503,1.7780733870744794e-08,0.0,0.0,0.0,0.0,0.0,0,4.032305568745855,5.059059161453932,0.4164976021129153,0.0018939533491348,0,session_20260531_095213,0.0,0.0,1.3899056650369555,0.8262405946492674,0.4580845951606828
session_20260531_095213,1523993,1526924,49,FreshSquat,0.0001315517976981,0.0001804279368358,0.1581809278689071,0.1928549354254793,1.4868038905428868e-08,0.0,0.0,0.0,0.0,0.0,0,4.037850009987946,5.059059161453932,0.3855313748808514,0.0020617627994152,0,session_20260531_095213,0.0,0.0,1.3715248933729511,0.8202067875510644,0.4431046190363184
session_20260531_095213,1525034,1527965,49,FreshSquat,0.0001281910283224,0.0001676776309772,0.1607573171302067,0.1879280475207737,1.1089980610134317e-08,0.0,0.0,0.0,0.0,0.0,0,4.045988548485632,5.059059161453932,0.2465823405429956,0.0022372772043748,0,session_20260531_095213,0.0,0.0,1.30801917382487,0.8554194990878995,0.38089234049749116
session_20260531_095213,1526010,1528939,49,FreshSquat,0.0001094835631701,0.0001422699494197,0.1403948373271494,0.1602839364810865,7.240474701641581e-09,0.0,0.0,0.0,0.0,0.0,0,4.033861596006143,4.485172952254018,0.1263163858784962,0.0022812945506667,0,session_20260531_095213,0.0,0.0,1.2994521355367987,0.8759133293921982,0.34087678726208653
session_20260531_095213,1526985,1529974,50,FreshSquat,9.12925084431966e-05,0.0001173563129613,0.12775362325944,0.1363910076141357,4.534442455151296e-09,0.0,0.0,0.0,0.0,0.0,0,4.013995009864108,4.117752827877685,0.0436464539796483,0.00211476831238,0,session_20260531_095213,0.0,0.0,1.2854836555473148,0.936671885907584,0.30695150911831387
session_20260531_095213,1531014,1533936,49,FatiguedSquat,0.0001039620889287,0.0001536800803762,0.1250674177591251,0.1518886119248915,8.213563989820631e-09,0.0,0.0,0.0,0.0,0.0,0,4.066083616994841,5.800577463522052,0.3185153741819862,0.0021672596848808,1,session_20260531_095213,0.0,0.0,1.4782177209220566,0.8234153657125739,0.3336464547847546
session_20260531_095213,1531986,1534967,50,FatiguedSquat,0.0001371080080668,0.0001939961692667,0.1542176890503615,0.2042909320195515,1.5185811840554433e-08,0.0,0.0,0.0,0.0,0.0,0,4.065634541627723,5.800577463522052,0.3629381503012602,0.0020111846542559,1,session_20260531_095213,0.0,0.0,1.414904622256361,0.7548924799105119,0.393063362006922
session_20260531_095213,1533024,1535940,49,FatiguedSquat,0.0001703188857253,0.0002281746037668,0.185806747461308,0.2483249353875919,2.2512727344650096e-08,0.0,0.0,0.0,0.0,0.0,0,4.0566699758384805,5.800577463522052,0.4746514206812915,0.0019680399201645,1,session_20260531_095213,0.0,0.0,1.339682696445739,0.7482403908534424,0.4242589310714033
session_20260531_095213,1533997,1536974,50,FatiguedSquat,0.00015817425251,0.0002103967041917,0.1807221813082694,0.2353632877349853,1.812246312805907e-08,0.0,0.0,0.0,0.0,0.0,0,4.034199332314447,5.627616355703239,0.4181053840449336,0.0019580168049171,1,session_20260531_095213,0.0,0.0,1.3301493176272852,0.7678435421241893,0.4003480229112046
session_20260531_095213,1535028,1537950,49,FatiguedSquat,0.000145937853119,0.0001942541996106,0.1710544261640432,0.2132152034068593,1.5246004144980824e-08,0.0,0.0,0.0,0.0,0.0,0,4.028299416805752,5.627616355703239,0.4703463163924054,0.0021574739431919,1,session_20260531_095213,0.0,0.0,1.3310656857924132,0.8022618585756929,0.39360073733546236
session_20260531_095213,1536001,1538919,49,FatiguedSquat,0.000134949854442,0.0001809025752474,0.1607844837798996,0.196891837630953,1.4090006454875393e-08,0.0,0.0,0.0,0.0,0.0,0,4.019795422236876,5.283755297374994,0.3890019923943717,0.0021824961437466,1,session_20260531_095213,0.0,0.0,1.340507075671384,0.8166132476484628,0.41778195916934135
session_20260531_095213,1537034,1539960,49,FatiguedSquat,0.0003044660805033,0.0015373704160748,0.2983628443575331,0.4454338757764725,5.807939414800625e-07,1.0496651785714286,1.0496651785714286,0.0,0.0,0.0,0,4.018937349641201,5.283755297374994,0.393432934057339,0.0022133684365233,1,session_20260531_095213,3447.5489988483387,682.7661602109283,5.049381409423463,0.6698252196638771,0.24562995411055594
session_20260531_095213,1538011,1540934,49,FatiguedSquat,0.0003123268464795,0.0015384880726672,0.3034192725045442,0.4566218495531147,5.902108026324182e-07,1.0489477040816326,1.0489477040816326,0.0,0.0,0.0,0,4.042096978644763,5.187611254680656,0.3653538025829501,0.0019190639459492,1,session_20260531_095213,3358.4828119079716,681.8038052510348,4.925875454298246,0.6644869756824091,0.24925015809481504
session_20260531_095213,1538980,1541967,50,FatiguedSquat,0.0003102287451426,0.0015230222386516,0.3011101298332214,0.4634817452430725,5.676575804268335e-07,1.05046875,1.05046875,0.0,0.0,0.0,0,4.0219231847668215,5.187611254680656,0.3559169442246236,0.0020884401285796,1,session_20260531_095213,3386.099387462483,689.7260155597013,4.90933658844199,0.6496698786391999,0.24461707231688953
session_20260531_095213,1540020,1542941,49,FatiguedSquat,0.0001532039836961,0.0002006239310115,0.1677475559398481,0.2236778161963638,1.6215009632066348e-08,0.0,0.0,0.0,0.0,0.0,0,4.020376110185636,4.820869061633065,0.3398018518870905,0.0018846773092606,1,session_20260531_095213,0.0,0.0,1.309513086137335,0.7499516851623456,0.39309150762740114
session_20260531_095213,1540995,1543973,50,FatiguedSquat,0.0001547258774439,0.0002039036231187,0.1736086186881487,0.2303868315140405,1.7302975150384262e-08,0.0,0.0,0.0,0.0,0.0,0,4.078784174277958,5.384661617538132,0.3898216164966413,0.002051971111999,1,session_20260531_095213,0.0,0.0,1.3178293680270918,0.7535526956713919,0.40639552200666734
session_20260531_095213,1542027,1544944,49,FatiguedSquat,0.0001499158265639,0.0001980155734052,0.1697965058866812,0.2185772751302135,1.5985134854817385e-08,0.0,0.0,0.0,0.0,0.0,0,4.123985016338088,5.384661617538132,0.3872924606496349,0.0018931668886369,1,session_20260531_095213,0.0,0.0,1.3208362126101874,0.7768259761162362,0.3975396255177571
session_20260531_095213,1543001,1545921,49,FatiguedSquat,0.0001436279987802,0.000191216283653,0.169072830113804,0.2096968782191373,1.5205904392375813e-08,0.0,0.0,0.0,0.0,0.0,0,4.0689641942520485,5.384661617538132,0.4219393314351012,0.0018860700301308,1,session_20260531_095213,0.0,0.0,1.3313208702765125,0.8062725146096219,0.4048035123436168
session_20260531_095213,1544034,1546959,49,FatiguedSquat,0.0001303958892822,0.0001718154645043,0.155442599061319,0.1906387901306152,1.1787913441955904e-08,0.0,0.0,0.0,0.0,0.0,0,3.9919138453098064,4.427994179251916,0.3326876314590477,0.001823997698641,1,session_20260531_095213,0.0,0.0,1.31763468783725,0.8153775951863768,0.3862286871548955
session_20260531_095213,1545005,1547931,49,FatiguedSquat,0.0001396107754739,0.0001911985369188,0.170918402143621,0.204250564518429,1.5363454074595732e-08,0.0,0.0,0.0,0.0,0.0,0,4.010534195383153,4.7792661083790655,0.3952833066622641,0.0017650745712324,1,session_20260531_095213,0.0,0.0,1.3695015070884478,0.8368074855009373,0.4090716231466404
session_20260531_095213,1545981,1548970,50,FatiguedSquat,0.0001367608626683,0.0001842064130298,0.1660742598982527,0.2043207288265228,1.3598634482999236e-08,0.0,0.0,0.0,0.0,0.0,0,4.0232114233282985,4.7792661083790655,0.3596225480773629,0.0018797821825009,1,session_20260531_095213,0.0,0.0,1.346913601758783,0.8128116028131701,0.3892887172317772
session_20260531_095213,1547020,1549940,49,FatiguedSquat,0.0001544207293971,0.0002060023152256,0.1857943532443573,0.225454264919774,1.7120695550626652e-08,0.0,0.0,0.0,0.0,0.0,0,4.00215066207557,4.805099460846054,0.4097068328700454,0.0020581065442399,1,session_20260531_095213,0.0,0.0,1.3340241430392157,0.8240888788969318,0.39415046456968006
session_20260531_095213,1547992,1550915,49,FatiguedSquat,0.0001442000655089,0.0001881431265509,0.17064387160271,0.2108204957741458,1.3723974842282696e-08,0.0,0.0,0.0,0.0,0.0,0,3.965198315167876,4.805099460846054,0.3718685865533933,0.0022427198292435,1,session_20260531_095213,0.0,0.0,1.3047277139522104,0.8094273290017078,0.3770546912874647
session_20260531_095213,1549032,1551951,49,FatiguedSquat,0.0001522560995452,0.0002012279142858,0.1842463626317223,0.2222939053360296,1.6216158761288925e-08,0.0,0.5819515306122449,0.0,0.0,0.0,0,3.969381450801342,5.55961593036468,0.4599585922126222,0.0024335758142,1,session_20260531_095213,0.0,2891.9876285060845,1.3216323894706943,0.8288412654605435,0.3908198098165869
session_20260531_095213,1550002,1552922,49,FatiguedSquat,0.0001378494379471,0.0001863187756118,0.1630606838501989,0.2012601794028768,1.4456201574876472e-08,0.0,0.9311224489795916,0.0,0.0,0.0,0,4.03575861826493,5.609793770095176,0.4706715078741584,0.0022936515505115,1,session_20260531_095213,0.0,4997.442949478423,1.3516008972223919,0.8101984382791904,0.4047691057955976
session_20260531_095213,1550976,1553955,50,FatiguedSquat,0.0001432219982147,0.0001948498931333,0.1748765925361464,0.2134007773399353,1.5728312397564222e-08,0.0,0.93125,0.0,0.0,0.0,0,4.115202760232725,7.6518560034272385,0.6992019817875201,0.0024679679989696,1,session_20260531_095213,0.0,4779.295516818186,1.360465117768364,0.8194749517622563,0.40363697344062544
session_20260531_095213,1552011,1554937,49,FatiguedSquat,0.0001384372046204,0.0001872843855306,0.161143368677724,0.2025336303597405,1.43717520960103e-08,0.0,0.3498883928571428,0.0,0.0,0.0,0,4.2237669444959245,7.6518560034272385,0.7380039141689341,0.0024428542950682,1,session_20260531_095213,0.0,1868.209801132484,1.3528374341760434,0.7956375817480946,0.398380495769504
session_20260531_095213,1552983,1555969,50,FatiguedSquat,0.0001451702435811,0.0001931997406292,0.1726070075969211,0.2167391736666361,1.498909879296113e-08,0.0,0.0,0.0,0.0,0.0,0,4.104323847270141,7.6518560034272385,0.7512992654628462,0.0025406074210364,1,session_20260531_095213,0.0,0.0,1.3308402949739069,0.7963812165585934,0.39109336028408803
session_20260531_095213,1554017,1556950,49,FatiguedSquat,0.0001456964664718,0.0001928718780111,0.1659137874472328,0.213591019847766,1.467248843751528e-08,0.0,0.0,0.0,0.0,0.0,0,4.019673310176503,6.32465206196454,0.5908384287127401,0.0022210255634553,1,session_20260531_095213,0.0,0.0,1.32378333461571,0.7767825950206284,0.3841009668072157
session_20260531_095213,1554998,1557922,49,FatiguedSquat,0.0001391329084123,0.0001860577558928,0.1594926606260595,0.2034123120989118,1.4006359466676052e-08,0.0,0.0,0.0,0.0,0.0,0,3.9318305358471592,4.565810879167568,0.4361722252910656,0.0022045393115602,1,session_20260531_095213,0.0,0.0,1.3372567335738823,0.7840855757266973,0.39324388230569385
session_20260531_095213,1556030,1558959,49,FatiguedSquat,0.0001320178898013,0.0001785615751203,0.1545317636977653,0.193274190669157,1.3359426811705068e-08,0.0,0.0,0.0,0.0,0.0,0,4.00623242582046,4.996135095027833,0.5104788221690342,0.0020411869931159,1,session_20260531_095213,0.0,0.0,1.3525456500130462,0.7995468115178553,0.4062562611229086
session_20260531_095213,1557011,1559931,49,FatiguedSquat,0.0001234565138005,0.0001698479186674,0.1431557840819717,0.1802465101488593,1.292785291694173e-08,0.0,0.0,0.0,0.0,0.0,0,4.021256079256197,4.996135095027833,0.438498662993501,0.0019585726073946,1,session_20260531_095213,0.0,0.0,1.3757600767974654,0.7942222191681941,0.4331183422223323
session_20260531_095213,1557984,1560963,50,FatiguedSquat,0.0001429113944371,0.0001964779772601,0.1692025508824735,0.2129379777113597,1.6228410277845835e-08,0.0,0.0,0.0,0.0,0.0,0,4.020122421373816,4.996135095027833,0.4180157357231361,0.0019191785213345,1,session_20260531_095213,0.0,0.0,1.3748141162562064,0.7946095473735563,0.4097711344942537
session_20260531_095213,1559019,1561938,49,FatiguedSquat,0.0001320914832913,0.0001867516427391,0.1517603792395873,0.1928535656053193,1.3819455647027917e-08,0.0,0.0,0.0,0.0,0.0,0,4.038714553795843,4.659097004354501,0.2413989905407273,0.0017309751163788,1,session_20260531_095213,0.0,0.0,1.4137946239322465,0.7869202624090926,0.3851986795276108
session_20260531_095213,1559991,1562970,50,FatiguedSquat,0.0001405323425928,0.000195794008102,0.1691846126954381,0.2093931904633839,1.5172496212513626e-08,0.0,0.0,0.0,0.0,0.0,0,4.115485099321679,6.028673981090821,0.3833968017508671,0.0018004723386915,1,session_20260531_095213,0.0,0.0,1.393221028473788,0.8079757107337611,0.38572220569820925
session_20260531_095213,1561024,1563946,49,FatiguedSquat,0.0001246408783659,0.0001720180654181,0.1458906317679972,0.1821003232926738,1.2039037193002914e-08,0.0,0.0,0.0,0.0,0.0,0,4.111376668868978,6.028673981090821,0.3842128817443788,0.0018558583981245,1,session_20260531_095213,0.0,0.0,1.3800984682942756,0.8011552551302437,0.3935584388614056
session_20260531_095213,1561998,1564920,49,FatiguedSquat,0.0001219934752198,0.0001657868828958,0.1417062075098748,0.1782324672961721,1.0594370174124708e-08,0.0,0.0,0.0,0.0,0.0,0,4.074375119952865,6.028673981090821,0.3892270207216253,0.0018939023381841,1,session_20260531_095213,0.0,0.0,1.3589704172840473,0.7950639345598864,0.37192424487066544
session_20260531_095213,1563030,1565954,49,FatiguedSquat,0.0001112625631345,0.0001462462674707,0.1293880547781405,0.1626658673026934,7.904122456200337e-09,0.0,0.0,0.0,0.0,0.0,0,4.026397769750111,4.532731609919269,0.2513016986576565,0.0021147795050679,1,session_20260531_095213,0.0,0.0,1.31441294302171,0.7954222734505768,0.3530522057928817
session_20260531_095213,1564008,1566927,49,FatiguedSquat,0.0001005208573373,0.0001302773386563,0.1181800420997905,0.1467604517125759,6.2538644348571874e-09,0.0,0.0,0.0,0.0,0.0,0,4.01825169972642,4.532731609919269,0.2216173998200516,0.0020203920115976,1,session_20260531_095213,0.0,0.0,1.296010062957311,0.8052580917779061,0.34797463114319144
session_20260531_095213,1564980,1567961,50,FatiguedSquat,0.0002889182488123,0.0017746375612797,0.273906881082803,0.4304881907304128,5.975879398159171e-07,0.93125,0.93125,0.0,0.0,0.0,0,4.038581509567797,4.532731609919269,0.2075208778188418,0.0021095071415572,1,session_20260531_095213,3223.2189576437604,524.7547417928705,6.14233066358488,0.6362703701158273,0.18969007450022432
session_20260531_095213,1566014,1568940,49,FatiguedSquat,0.0003265500149759,0.0019028945964648,0.297832442832268,0.4777426719097865,7.771547963185374e-07,1.0496651785714286,1.0496651785714286,0.0,0.0,0.0,0,3.997895399682739,4.436355937723753,0.1433107645745613,0.0018907006386843,1,session_20260531_095213,3214.398762928039,551.6146973704164,5.827250595455159,0.6234160348671817,0.21456463638991302
session_20260531_095213,1566988,1569974,50,FatiguedSquat,0.0003321979522705,0.0018847063611825,0.3136305885639662,0.4959715427398681,7.638139069680171e-07,1.049765625,1.049765625,0.0,0.0,0.0,0,4.011398258752039,4.436355937723753,0.1315429739541443,0.002100676691138,1,session_20260531_095213,3160.0509809712053,556.9913115537246,5.673426566522817,0.6323560142161344,0.21497003262359107
session_20260531_095213,1568023,1570944,49,FatiguedSquat,0.0001397972123152,0.0006533708053193,0.1523668755327357,0.2041039299802715,3.5030496908748095e-08,0.1163903061224489,0.1163903061224489,0.0,0.0,0.0,0,4.0167593178366445,4.436355937723753,0.1174062605530075,0.0020934794915615,1,session_20260531_095213,832.5593310165241,178.1379379625502,4.6736706750309445,0.7465161244124365,0.0818673439506192
session_20260531_095213,1569000,1571918,49,FatiguedSquat,9.969857274269568e-05,0.0001301447136481,0.1194585440576798,0.145460217631593,5.684217011091487e-09,0.0,0.0,0.0,0.0,0.0,0,3.990226538617577,4.265898564876788,0.1371570322480357,0.00213048034498,1,session_20260531_095213,0.0,0.0,1.3053688202253086,0.8212454592841798,0.316887559027733
session_20260531_095213,1570035,1572955,49,FatiguedSquat,9.457548459370933e-05,0.000126811169889,0.1134219643222738,0.1380802075068156,5.736508400314311e-09,0.0,0.0,0.0,0.0,0.0,0,3.9936400057225354,4.265898564876788,0.1415499571510216,0.0019010875436241,1,session_20260531_095213,0.0,0.0,1.3408319249099552,0.8214208650812932,0.3358400531739691
session_20260531_095213,1571005,1573925,49,FatiguedSquat,9.431054802978932e-05,0.0001282194825495,0.1149285880341923,0.1376934001234924,6.123984305541452e-09,0.0,0.0,0.0,0.0,0.0,0,3.983660687269109,4.265898564876788,0.1505811526691524,0.0018231753832292,1,session_20260531_095213,0.0,0.0,1.3595310990866196,0.8346702681206695,0.35114114333293733
session_20260531_095213,1571978,1574958,50,FatiguedSquat,0.0001040945768356,0.0001457518625149,0.1296908255061135,0.1551009194850921,8.18056983939187e-09,0.0,0.0,0.0,0.0,0.0,0,4.019567191949306,4.260410592987247,0.1151404271981457,0.0017083978544646,1,session_20260531_095213,0.0,0.0,1.4001734458428385,0.8361705726857954,0.3677717565347119
session_20260531_095213,1573016,1575932,49,FatiguedSquat,0.0001107788085937,0.0001551349765451,0.1343149382442388,0.1615155029296874,9.311259162293584e-09,0.0,0.0,0.0,0.0,0.0,0,4.025130416298306,4.260410592987247,0.1143781922180938,0.0016728352147811,1,session_20260531_095213,0.0,0.0,1.4003903645842048,0.8315916118040914,0.3714569280030646
session_20260531_095213,1573986,1576964,50,FatiguedSquat,0.000120921031634,0.00016268217848,0.1458579516161543,0.1800514161030451,1.073447671688826e-08,0.0,0.0,0.0,0.0,0.0,0,4.026143883062516,4.260410592987247,0.0905695494391125,0.0018834068663592,1,session_20260531_095213,0.0,0.0,1.3453477110969922,0.8100905505935477,0.39083505336481994
session_20260531_095213,1575019,1577938,49,FatiguedSquat,0.0001181185326608,0.0001553393529967,0.1345329510010018,0.1724530576848659,9.380772644714586e-09,0.0,0.0,0.0,0.0,0.0,0,4.022251194183848,4.213546848080008,0.1006962256000254,0.0022563234311892,1,session_20260531_095213,0.0,0.0,1.315103010462994,0.7801134524777675,0.37328512587180074
session_20260531_095213,1575992,1578916,49,FatiguedSquat,0.0001235448259885,0.000165778546384,0.1352267996696945,0.1806225355952775,1.0816844086539015e-08,0.0,0.0,0.0,0.0,0.0,0,3.98998284442845,4.403693667654032,0.1892884445843597,0.002295098822021,1,session_20260531_095213,0.0,0.0,1.3418385045192152,0.7486706931411243,0.37977122952462056
session_20260531_095213,1577025,1579949,49,FatiguedSquat,0.0001371606028809,0.000180872398039,0.1516601151392041,0.2005288014119985,1.2829093767331662e-08,0.0,0.0,0.0,0.0,0.0,0,3.992341571616765,4.403693667654032,0.2084356788598814,0.0021785379012062,1,session_20260531_095213,0.0,0.0,1.3186809882650243,0.7563009069769902,0.3805178880849266
session_20260531_095213,1577999,1580924,49,FatiguedSquat,0.0001455689044225,0.0006377785251323,0.1599285943623708,0.2128217382658095,6.292310001391448e-08,0.0,0.2330994897959183,0.0,0.0,0.0,0,3.9900782771326058,4.403693667654032,0.2080730030373786,0.0020240495845419,1,session_20260531_095213,0.0,365.4860035645774,4.381252619918063,0.7514673778820294,0.15431350967176496
session_20260531_095213,1578977,1581968,50,FatiguedSquat,0.0002908299525578,0.0015122052455644,0.2783363163910806,0.4350816090265909,5.871600436312918e-07,1.051875,1.051875,0.0,0.0,0.0,0,4.0181653490838185,4.758248629037091,0.2019704762918801,0.0019700105526125,1,session_20260531_095213,3616.791784880426,695.589641350416,5.199602147793615,0.6397335809575346,0.2566522870213975
session_20260531_095213,1580010,1582944,49,FatiguedSquat,0.0002948410332608,0.0015276918605675,0.2813557235245612,0.4325317957936501,6.122904175699965e-07,1.0525350765306123,1.0525350765306123,0.0,0.0,0.0,0,4.047262033650756,4.758248629037091,0.2044433646665012,0.002002412271105,1,session_20260531_095213,3569.8270863557686,688.9703445623368,5.181391010203058,0.6504856420042312,0.2622405743975714
session_20260531_095213,1580985,1583915,49,FatiguedSquat,0.000286531837619,0.0014001285189883,0.2767478776921449,0.4197691421119534,4.441491421752643e-07,1.0511001275510206,0.8175223214285714,0.0,0.0,0.0,0,4.048886519873848,4.758248629037091,0.205460410804451,0.0020234303392503,1,session_20260531_095213,3668.3409004194427,583.8904975157537,4.886450469771418,0.6592859009132446,0.2264495919592453
session_20260531_095213,1582030,1584948,49,FatiguedSquat,0.0001300720779263,0.0001733084180883,0.1575899218478347,0.1897751616945072,1.2579497181467706e-08,0.0,0.0,0.0,0.0,0.0,0,4.037466652872587,4.56119486235178,0.1565720517172715,0.0021863341440052,1,session_20260531_095213,0.0,0.0,1.3323926891812106,0.8304033025729344,0.4053220483426604
session_20260531_095213,1583004,1585923,49,FatiguedSquat,0.0001228304785125,0.0001616536904337,0.1484524542060332,0.179332498628266,1.0659237306662089e-08,0.0,0.0,0.0,0.0,0.0,0,4.007242996094382,4.358243840938219,0.1338865205675059,0.0022368233480619,1,session_20260531_095213,0.0,0.0,1.3160607719726278,0.8278056376493759,0.39286711088502074
session_20260531_095213,1583976,1586961,50,FatiguedSquat,0.0001158196290334,0.0001522901947472,0.1466341248042881,0.1728028865178425,9.383496452143351e-09,0.0,0.0,0.0,0.0,0.0,0,3.9881531253133975,4.349999849297421,0.1596104919568678,0.002078493668177,1,session_20260531_095213,0.0,0.0,1.314879706820475,0.8485629315027946,0.3878711460721459
session_20260531_095213,1585010,1587934,49,FatiguedSquat,0.0001137922166967,0.000144924866886,0.1424164280738225,0.1663642208105852,7.849518424594508e-09,0.0,0.0,0.0,0.0,0.0,0,4.004908862540427,4.442046323211419,0.1958503114446842,0.0021756118055988,1,session_20260531_095213,0.0,0.0,1.2735808960588317,0.8560520196221723,0.3567441256266334
session_20260531_095213,1585983,1588974,50,FatiguedSquat,0.0001079449097315,0.0001390081848726,0.1391485209358235,0.1614855849583943,7.418554986369932e-09,0.0,0.0,0.0,0.0,0.0,0,4.014215693783886,4.442046323211419,0.1947848453941467,0.0022869963521171,1,session_20260531_095213,0.0,0.0,1.2877577781164933,0.861677654448207,0.3650275272013183
session_20260531_095213,1587022,1589948,49,FatiguedSquat,0.0001216618138916,0.0001554278824382,0.1437236445978106,0.1779912337235042,8.768283011097793e-09,0.0,0.0,0.0,0.0,0.0,0,4.019096235680473,4.442046323211419,0.1724177233417327,0.0023401513780484,1,session_20260531_095213,0.0,0.0,1.27752989978256,0.8074759682468314,0.34853102125393415
session_20260531_095213,1587996,1590923,49,FatiguedSquat,0.000109422725885,0.0001442810024477,0.1300466298494412,0.1601948706957758,7.534826470583084e-09,0.0,0.0,0.0,0.0,0.0,0,4.005300908208568,4.243629474800861,0.1101448335801333,0.0021032061493274,1,session_20260531_095213,0.0,0.0,1.3185531865304387,0.8118027030004509,0.3453647991274233
session_20260531_095213,1589034,1591958,49,FatiguedSquat,0.0001167555812264,0.0001531158655067,0.1342708522173873,0.1706966597531117,8.378696133248023e-09,0.0,0.0,0.0,0.0,0.0,0,3.956958635108388,4.243107643349312,0.1340190031159437,0.0019052353251637,1,session_20260531_095213,0.0,0.0,1.3114110048306102,0.7866050315512081,0.3427645077302394
session_20260531_095213,1590010,1592929,49,FatiguedSquat,0.0001078664688836,0.0001426825665335,0.1302846452861162,0.1574850445701962,7.720879809455922e-09,0.0,0.0,0.0,0.0,0.0,0,3.972434898578596,4.226802412338055,0.1283454402860908,0.0018333327791779,1,session_20260531_095213,0.0,0.0,1.3227580846220564,0.8272826465167076,0.36149293071266997
session_20260531_095213,1590983,1593972,50,FatiguedSquat,0.0002807569662729,0.0014913504946439,0.268714671675302,0.4194509076118469,5.10403031755886e-07,1.05046875,1.05046875,0.0,0.0,0.0,0,3.969307270433484,4.226802412338055,0.129761348020673,0.0019618917674943,1,session_20260531_095213,3741.5456592206974,704.3736863996825,5.311872408971255,0.6406343773687381,0.22938160060550825
session_20260531_095213,1592019,1594942,49,FatiguedSquat,0.0002743437744322,0.0015050648356939,0.2553641513777503,0.4010905982199169,5.129931658704264e-07,1.0489477040816326,1.0489477040816326,0.0,0.0,0.0,0,3.9980253999924007,4.226802412338055,0.1023112144123495,0.0018526343781091,1,session_20260531_095213,3823.465222738783,696.9447310575772,5.4860342749697715,0.636674486698041,0.22636510565301646
session_20260531_095213,1592990,1595914,49,FatiguedSquat,0.0002683866267301,0.0015043006593347,0.247258306730057,0.3923812482794937,5.033632714118585e-07,1.0489477040816326,1.0489477040816326,0.0,0.0,0.0,0,3.9844127193024494,4.162636786324177,0.0973252833205526,0.0019973562498435,1,session_20260531_095213,3908.331083893413,697.2987748651062,5.604955331444833,0.6301481204417455,0.2223414105155361
session_20260531_095213,1594032,1596956,49,FatiguedSquat,9.860252036529334e-05,0.000126455735218,0.1240594160176661,0.1441568847740588,6.09570961048357e-09,0.0,0.0,0.0,0.0,0.0,0,4.002244904052695,4.232216932018531,0.1016813990275857,0.0022130500564547,1,session_20260531_095213,0.0,0.0,1.2824667390121918,0.8605861270623448,0.35875996746151095
session_20260531_095213,1595004,1597929,49,FatiguedSquat,9.258747911777624e-05,0.0001202452921956,0.1189756201305838,0.1353628944701888,5.518511252899156e-09,0.0,0.0,0.0,0.0,0.0,0,4.018627359144213,4.232216932018531,0.1026930417449933,0.0023350386486095,1,session_20260531_095213,0.0,0.0,1.2987068514500943,0.8789382032448176,0.3569788560732944
session_20260531_095213,1595976,1598961,50,FatiguedSquat,7.71191676457723e-05,0.0001036895884012,0.1055830183402945,0.1150617981274922,3.854186498717744e-09,0.0,0.0,0.0,0.0,0.0,0,4.039424312295674,4.232216932018531,0.0969441834928352,0.002374157066826,1,session_20260531_095213,0.0,0.0,1.3445197484199742,0.9176200888646379,0.3279731452071282
session_20260531_095213,1597017,1599936,49,FatiguedSquat,8.39878345022396e-05,0.0001189280607024,0.1078385407675285,0.1226222383732698,4.694321574798605e-09,0.0,0.0,0.0,0.0,0.0,0,4.017668920814417,4.219309849665237,0.1058733971393312,0.0020678182914285,1,session_20260531_095213,0.0,0.0,1.4159984646438775,0.8794370525175389,0.3099813556309006
session_20260531_095213,1597990,1600973,50,FatiguedSquat,9.461010297139486e-05,0.0001335124313718,0.1201125685109446,0.1411582736333211,6.1018664424442935e-09,0.0,0.0,0.0,0.0,0.0,0,4.015970637487622,4.240737995855217,0.1266315385147156,0.0018308762211644,1,session_20260531_095213,0.0,0.0,1.4111708581620357,0.8509070320032903,0.3241265289362635
session_20260531_095213,1599021,1601949,49,FatiguedSquat,0.0001165073258536,0.0001577406423414,0.1390073986708813,0.1705667250497,1.0065270962352989e-08,0.0,0.0,0.0,0.0,0.0,0,3.996452920152607,4.995534396491756,0.2714347348570238,0.0017208069807534,1,session_20260531_095213,0.0,0.0,1.3539001713887038,0.8149737166812776,0.38888911555427125
session_20260531_095213,1599996,1602925,49,FatiguedSquat,0.0001007279003558,0.0001363757657242,0.1189210776110388,0.1474656461209667,7.330057969587572e-09,0.0,0.0,0.0,0.0,0.0,0,4.007677156865527,4.995534396491756,0.2652935852565903,0.0016823904155456,1,session_20260531_095213,0.0,0.0,1.3538891543785967,0.8064324127875514,0.3740140453277228
session_20260531_095213,1601035,1603965,49,FatiguedSquat,9.568134943644206e-05,0.0001277134348062,0.1133793736998067,0.1401731769243876,6.371623330763856e-09,0.0,0.0,0.0,0.0,0.0,0,3.978413708027137,4.995534396491756,0.2617220474347094,0.0018438384291221,1,session_20260531_095213,0.0,0.0,1.3347648292335768,0.8088521311899338,0.3680738180976423
session_20260531_095213,1602009,1604940,49,FatiguedSquat,9.107341571730008e-05,0.0001164495765039,0.1085237361066879,0.1335136274415619,5.0904780310180005e-09,0.0,0.0,0.0,0.0,0.0,0,3.995724675939495,4.228215264595377,0.1154101003543644,0.0019104332194003,1,session_20260531_095213,0.0,0.0,1.2786200777325412,0.8128289027377312,0.34960864522190555
session_20260531_095213,1602987,1605918,49,FatiguedSquat,9.269247249681122e-05,0.0001191125894207,0.1093035588445154,0.1358871646803252,5.428560098339267e-09,0.0,0.0,0.0,0.0,0.0,0,3.9949096728396754,4.228215264595377,0.1242725636525159,0.0018118835801469,1,session_20260531_095213,0.0,0.0,1.2850159370693295,0.8043699954832543,0.35742878470298395
session_20260531_095213,1604025,1606958,49,FatiguedSquat,8.369444178886153e-05,0.0001095637471146,0.1019076977245712,0.122696051662471,4.505434144743994e-09,0.0,0.0,0.0,0.0,0.0,0,4.023912299531698,4.566787114447746,0.1551384472688698,0.0018362947644748,1,session_20260531_095213,0.0,0.0,1.3090766327633043,0.8305703037155789,0.3464595329276071
session_20260531_095213,1605002,1607928,49,FatiguedSquat,9.055924253398869e-05,0.0001218136749608,0.1097755188594705,0.1324881718272254,5.497877984624623e-09,0.0,0.0,0.0,0.0,0.0,0,4.019188828994599,4.566787114447746,0.1654238637930007,0.0019510178558705,1,session_20260531_095213,0.0,0.0,1.3451120663141047,0.8285684413704315,0.3471195629447172
session_20260531_095213,1605978,1608966,50,FatiguedSquat,0.0001110788345336,0.0001493686704963,0.1349379860663786,0.1659517787933349,7.928519400711597e-09,0.0,0.0,0.0,0.0,0.0,0,4.046467594512086,4.626162039016228,0.2377053410940335,0.00194816651346,1,session_20260531_095213,0.0,0.0,1.3446965520201437,0.8131156305429278,0.34011923529498195
session_20260531_095213,1607019,1609935,49,FatiguedSquat,0.0001185738310521,0.0001553476931791,0.1389491283114315,0.1728806456741021,8.859372500427675e-09,0.0,0.0,0.0,0.0,0.0,0,4.020002075430665,4.626162039016228,0.228314297933683,0.0018320614161218,1,session_20260531_095213,0.0,0.0,1.3101236729643118,0.8037286473908498,0.3525009236641392
session_20260531_095213,1607989,1610968,50,FatiguedSquat,0.0001105355183283,0.0001447797600179,0.1360314121308426,0.1646979223092396,7.404950993009156e-09,0.0,0.0,0.0,0.0,0.0,0,4.001184006712168,4.626162039016228,0.2243633429897557,0.0017695153336018,1,session_20260531_095213,0.0,0.0,1.3097912093440065,0.8259449141652365,0.3371836741129523
session_20260531_095213,1609026,1611941,49,FatiguedSquat,0.0001068548037081,0.0001412969468493,0.1345826164876319,0.1557943038064606,7.50506629285458e-09,0.0,0.0,0.0,0.0,0.0,0,4.038967190850797,6.316760452853069,0.3895565123835804,0.0018656389997732,1,session_20260531_095213,0.0,0.0,1.3223142023739163,0.8638481146972642,0.35798369455752344
session_20260531_095213,1609997,1612917,49,FatiguedSquat,0.0001162845828906,0.0001517720195121,0.1407263964370247,0.1697754910203064,8.78116129852953e-09,0.0,0.0,0.0,0.0,0.0,0,4.070635465390297,6.316760452853069,0.385736048583931,0.0022455155900022,1,session_20260531_095213,0.0,0.0,1.3051662617100623,0.8288970025202035,0.3653527826999818
session_20260531_095213,1611029,1613949,49,FatiguedSquat,0.0001177623401693,0.0001527461764137,0.1399024776835628,0.1719330166472869,8.817637793131721e-09,0.0,0.0,0.0,0.0,0.0,0,4.079389440827376,6.316760452853069,0.3852573885957315,0.0020429257149631,1,session_20260531_095213,0.0,0.0,1.2970604960262477,0.8137033805255871,0.3623975529272697
session_20260531_095213,1612002,1614923,49,FatiguedSquat,0.0001220798249147,0.0001583627965442,0.1441234516961892,0.1782365443755169,9.133581424146732e-09,0.0,0.0,0.0,0.0,0.0,0,4.047570326585336,4.382111583334229,0.1595625459341612,0.0022907990145603,1,session_20260531_095213,0.0,0.0,1.29719631772517,0.8086077487225941,0.35023045786529283
session_20260531_095213,1612978,1615958,50,FatiguedSquat,0.0001528478304545,0.0002064538123274,0.1928301935394605,0.2277432673772176,1.549077368871374e-08,0.0,0.0,0.0,0.0,0.0,0,4.040366337838647,4.615171470651311,0.2032919694389473,0.0021642870707645,1,session_20260531_095213,0.0,0.0,1.350705868756105,0.8466998603887181,0.3551042103615981
session_20260531_095213,1614010,1616932,49,FatiguedSquat,0.00018971911093,0.0002500482282115,0.2381573048196923,0.2771796210687987,2.4700197185147945e-08,0.0,0.0,0.0,0.0,0.0,0,4.048357483055161,4.615171470651311,0.197910516484562,0.0021659056758098,1,session_20260531_095213,0.0,0.0,1.317984830315427,0.8592165002684768,0.3888318102259813
session_20260531_095213,1614984,1617963,50,FatiguedSquat,0.0001856372038523,0.0002474608133039,0.2393395413135488,0.2765994337399801,2.4386036720534293e-08,0.0,0.0,0.0,0.0,0.0,0,4.017641255050815,4.615171470651311,0.190987215531009,0.0018844734820302,1,session_20260531_095213,0.0,0.0,1.3330274058285339,0.8652929516596524,0.39182630717665257
session_20260531_095213,1616018,1618935,49,FatiguedSquat,0.0001915353982626,0.0002541777565238,0.2428484010415113,0.2792586106670146,2.4821234824537184e-08,0.0,0.0,0.0,0.0,0.0,0,4.021698196583956,4.7226497378683705,0.208418889685305,0.001723837424622,1,session_20260531_095213,0.0,0.0,1.3270467588897517,0.8696183068154816,0.3783359639437006
session_20260531_095213,1616993,1619974,50,FatiguedSquat,0.0001862862984339,0.0002464611672244,0.2336003065233428,0.2775665846665699,2.2107877051106318e-08,0.0,0.0,0.0,0.0,0.0,0,4.016432120830385,4.7226497378683705,0.2007115822959248,0.0019924114859051,1,session_20260531_095213,0.0,0.0,1.3230164874168884,0.8416009656290467,0.35806227032189636
session_20260531_095213,1618024,1620945,49,FatiguedSquat,0.0001974464273777,0.0002584454496972,0.2427173407716663,0.2882717839714621,2.5068946835317933e-08,0.0,0.0,0.0,0.0,0.0,0,3.983713400258462,4.7226497378683705,0.2146973327686209,0.0019748922107551,1,session_20260531_095213,0.0,0.0,1.3089329809439147,0.8419739753430758,0.3697809271141227
session_20260531_095213,1618995,1621916,49,FatiguedSquat,0.0001725414091227,0.0002283338918693,0.2126660334066722,0.2519104573191429,2.0105200387927042e-08,0.0,0.0,0.0,0.0,0.0,0,3.994953536825265,4.333263107940275,0.1433918594808125,0.0018196261712822,1,session_20260531_095213,0.0,0.0,1.3233493900443052,0.8442128001579341,0.37836987800907174
session_20260531_095213,1620035,1622953,49,FatiguedSquat,0.0001685810981153,0.0002253446614808,0.2104719260580153,0.2459598221503146,2.1195715190866505e-08,0.0,0.0,0.0,0.0,0.0,0,3.989731879181898,4.4530585222072565,0.1685332013614916,0.0016598108580052,1,session_20260531_095213,0.0,0.0,1.3367057593901688,0.8557166912963203,0.40934002676681
session_20260531_095213,1621006,1623923,49,FatiguedSquat,0.0001577805175262,0.0002108845318645,0.1925585229105639,0.2300439945532351,1.8109973083221387e-08,0.0,0.0,0.0,0.0,0.0,0,4.011963413319568,4.4530585222072565,0.1426715015949039,0.0017252020200982,1,session_20260531_095213,0.0,0.0,1.3365604233682322,0.8370508538920044,0.398263970519433
session_20260531_095213,1621977,1624955,50,FatiguedSquat,0.0001641084194183,0.0002159760437205,0.2003424005455958,0.2443574365139007,1.8331042334314693e-08,0.0,0.0,0.0,0.0,0.0,0,3.99818322996462,4.4530585222072565,0.1621745048382052,0.0017793498917495,1,session_20260531_095213,0.0,0.0,1.3160490390255828,0.8198743716740726,0.38473694392148533
session_20260531_095213,1623014,1625931,49,FatiguedSquat,0.0001609106939666,0.000214561838803,0.1940346931457063,0.234607791803321,1.7802127762307504e-08,0.0,0.0,0.0,0.0,0.0,0,4.023450724332134,4.5669657492952265,0.1813890371291824,0.0017879218462508,1,session_20260531_095213,0.0,0.0,1.3334135855131575,0.8270598807788606,0.37847247944241613
session_20260531_095213,1623984,1626967,50,FatiguedSquat,0.000176551802953,0.0002342240534389,0.2239922429021448,0.2634152900060017,2.1054696048955945e-08,0.0,0.9325,0.0,0.0,0.0,0,4.032606802191262,4.5669657492952265,0.1922257611122847,0.0017200227609239,1,session_20260531_095213,0.0,3981.2137357170127,1.3266515712087144,0.8503388016948541,0.37691289133650707
session_20260531_095213,1625017,1627943,49,FatiguedSquat,0.0001600844843857,0.0002181661222184,0.2004558874582428,0.2342036006564185,1.804108667078064e-08,0.0,0.9330357142857142,0.0,0.0,0.0,0,4.0224124631606655,4.5669657492952265,0.1682942325485159,0.0016972677243598,1,session_20260531_095213,0.0,4276.701754133615,1.362810145189455,0.8559043756821286,0.37124284006782465
session_20260531_095213,1625991,1628920,49,FatiguedSquat,0.0001505919054251,0.0002015988363426,0.1888670055172881,0.2204665495424854,1.5114067640191638e-08,0.0,0.933673469387755,0.0,0.0,0.0,0,4.016694073596248,4.272361622123808,0.131209769521364,0.0016834760514928,1,session_20260531_095213,0.0,4631.320572111302,1.3387007560118342,0.8566696628243936,0.36295169969851093
session_20260531_095213,1627029,1629954,49,FatiguedSquat,0.0001529979219242,0.0002045459296851,0.1787582452912644,0.223682961853183,1.582433635336717e-08,0.0,0.0,0.0,0.0,0.0,0,4.013087727228343,4.258734772620592,0.1246258725286053,0.0017841408863969,1,session_20260531_095213,0.0,0.0,1.336910921414452,0.7991589659360625,0.3693905683222158
session_20260531_095213,1628004,1630931,49,FatiguedSquat,0.0001582328721779,0.0002095571502673,0.184507086060333,0.2316529248685253,1.6584033808533942e-08,0.0,0.0,0.0,0.0,0.0,0,4.025541209405409,4.279448137223598,0.1272159742329357,0.0018733204870343,1,session_20260531_095213,0.0,0.0,1.3243507687892389,0.7964807065076747,0.36923810495410636
session_20260531_095213,1628981,1631962,50,FatiguedSquat,0.0001585887114206,0.0002080679053876,0.1833163556205108,0.2362971800168355,1.6444571453387708e-08,0.0,0.0,0.0,0.0,0.0,0,4.021769139724846,4.279448137223598,0.1229092561985925,0.0018254778169489,1,session_20260531_095213,0.0,0.0,1.3119886752033842,0.7757873150735981,0.37127421266387844
session_20260531_095213,1630015,1632936,49,FatiguedSquat,0.0001401602735324,0.000180409843707,0.1670393884004581,0.2046339993574181,1.2434038485851646e-08,0.0,0.0,0.0,0.0,0.0,0,4.029841286407026,4.279448137223598,0.108781074604109,0.0020166866176449,1,session_20260531_095213,0.0,0.0,1.28715899306734,0.8162836484098612,0.3706374549381094
session_20260531_095213,1630991,1633970,50,FatiguedSquat,0.00014002652963,0.0001826582684478,0.1725008377768099,0.2086395291487375,1.3374040055620404e-08,0.0,0.0,0.0,0.0,0.0,0,4.003585976086089,4.21465307077148,0.1188605846531924,0.0021480092298943,1,session_20260531_095213,0.0,0.0,1.304445411059131,0.8267888527827656,0.38918703608393107
session_20260531_095213,1632023,1634945,49,FatiguedSquat,0.0001394145261673,0.0001843660098717,0.1763434905350702,0.2036846227305276,1.40527787199072e-08,0.0,0.0,0.0,0.0,0.0,0,4.015782838539415,4.298096331252132,0.1351602804512336,0.0022361338513709,1,session_20260531_095213,0.0,0.0,1.3224209307251689,0.8657673186384978,0.40161323662820125
session_20260531_095213,1632997,1635916,49,FatiguedSquat,0.0001497323334622,0.0001978605031614,0.1835483017783029,0.2186092068548916,1.5862514580758563e-08,0.0,0.0,0.0,0.0,0.0,0,4.007372980504319,4.298096331252132,0.137475630917695,0.0020126581015531,1,session_20260531_095213,0.0,0.0,1.3214192096467932,0.839618347183887,0.3950933276159897
session_20260531_095213,1634031,1636948,49,FatiguedSquat,0.0001651516414823,0.0002148230149631,0.1997308334096201,0.2407910932813371,1.73699961281636e-08,0.0,0.0,0.0,0.0,0.0,0,4.0517263345310415,4.514839661512093,0.1601764336953823,0.0019542089629548,1,session_20260531_095213,0.0,0.0,1.300754338743794,0.829477659901563,0.36840702332359304
session_20260531_095213,1635007,1637925,49,FatiguedSquat,0.0001799763141035,0.000242678885822,0.2152000638305013,0.2625854422770389,2.174670394935145e-08,0.0,0.0,0.0,0.0,0.0,0,4.042558224254483,4.514839661512093,0.1544492211015223,0.0017308204608995,1,session_20260531_095213,0.0,0.0,1.3483859731479384,0.8195430072011113,0.3630923285870858
session_20260531_095213,1635977,1638957,50,FatiguedSquat,0.0001859506924947,0.0002528836041253,0.2342782468606407,0.2770665318171184,2.4675677409888774e-08,0.0,0.0,0.0,0.0,0.0,0,4.044988691683864,4.514839661512093,0.1542889415082482,0.0017618214600542,1,session_20260531_095213,0.0,0.0,1.359942470717268,0.8455667470140802,0.37991736520591146
session_20260531_095213,1637010,1639932,49,FatiguedSquat,0.0001793326163778,0.0002469314268732,0.2213874861606568,0.2620049525280388,2.4428885272589906e-08,0.0,0.0,0.0,0.0,0.0,0,4.041831978362615,4.46635343825037,0.1500044004039427,0.0018913743705341,1,session_20260531_095213,0.0,0.0,1.3769388688007749,0.8449744296035407,0.3941723952668549
session_20260531_095213,1637985,1640964,50,FatiguedSquat,0.0001670865615208,0.0002233882145602,0.2101336374068632,0.2489589766661326,2.0426153826345643e-08,0.0,0.0,0.0,0.0,0.0,0,4.040958240737652,4.46635343825037,0.1391861052325014,0.0018868328193624,1,session_20260531_095213,0.0,0.0,1.336952987565094,0.8440492460917145,0.401281593793588
session_20260531_095213,1639019,1641935,49,FatiguedSquat,0.0001654322779908,0.0002196291448302,0.1983431348073467,0.2412002613106552,1.945525625881016e-08,0.0,0.0,0.0,0.0,0.0,0,4.023245440258103,4.46635343825037,0.1364533426291159,0.0019956666304853,1,session_20260531_095213,0.0,0.0,1.3275995464613468,0.8223172433862844,0.39513519440266437
session_20260531_095213,1639992,1642968,50,FatiguedSquat,0.0001753738164901,0.0002290528659879,0.2182472481638193,0.2609562389373779,2.0082685340323942e-08,0.0,0.0,0.0,0.0,0.0,0,4.006152699014521,4.298394587037423,0.1243545461177418,0.0022167434546254,1,session_20260531_095213,0.0,0.0,1.3060761549012379,0.8363365758802794,0.375621517347083
session_20260531_095213,1641024,1643943,49,FatiguedSquat,0.0001661005068798,0.0002169492791635,0.2033960030762618,0.2425067400445743,1.7149860445731792e-08,0.0,0.0,0.0,0.0,0.0,0,3.9789215401975673,4.363328329639109,0.1472900659876007,0.0023354176701545,1,session_20260531_095213,0.0,0.0,1.306124689889154,0.8387230895114636,0.3567908151149364
session_20260531_095213,1641995,1644974,50,FatiguedSquat,0.0001535296201705,0.0002001140257955,0.1999501929916441,0.2287591340541839,1.4016332705935204e-08,0.0,0.0,0.0,0.0,0.0,0,4.008603346167424,4.363328329639109,0.1646651050290534,0.002205617793602,1,session_20260531_095213,0.0,0.0,1.3034144301199841,0.8740642988717539,0.34148178471144214
session_20260531_095213,1643029,1645946,49,FatiguedSquat,0.000154656228565,0.0002051707495362,0.1925587017427445,0.2254887812478201,1.5260915434829468e-08,0.0,0.0,0.0,0.0,0.0,0,4.006947458232315,4.363328329639109,0.1377032076194074,0.0019139151250889,1,session_20260531_095213,0.0,0.0,1.326615971590167,0.8539613360061332,0.3541223464826766
session_20260531_095213,1644003,1646916,49,FatiguedSquat,0.0001690952712986,0.0002208413994541,0.2110395185862268,0.2462027150108701,1.7864122273504394e-08,0.0,0.0,0.0,0.0,0.0,0,4.025193355930558,4.435377270139003,0.1406919943726523,0.0020414148392388,1,session_20260531_095213,0.0,0.0,1.3060098709339691,0.8571778654826423,0.3589268782024604
session_20260531_095213,1645035,1647954,49,FatiguedSquat,0.0001653734031988,0.0002167569267326,0.2076739740969778,0.2414451686703428,1.789747874765679e-08,0.0,0.0,0.0,0.0,0.0,0,4.015995218775767,4.435377270139003,0.121052948078687,0.0019640614981843,1,session_20260531_095213,0.0,0.0,1.310704211413129,0.8601289244283723,0.3729918492044433
session_20260531_095213,1646006,1648926,49,FatiguedSquat,0.0001693248829874,0.0002218523197375,0.2142388598290177,0.2472143291616115,1.8648210951153155e-08,0.0,1.047512755102041,0.0,0.0,0.0,0,4.0251259530684695,4.435377270139003,0.1319656932500386,0.0018067672735997,1,session_20260531_095213,0.0,4721.645618562179,1.3102091412333496,0.8666118169159662,0.3713418134728883
session_20260531_095213,1646977,1649958,50,FatiguedSquat,0.0001731341997782,0.0002289664200796,0.2217974160152177,0.257969957669576,2.034373958437753e-08,0.0,1.04765625,0.0,0.0,0.0,0,4.0128593033280975,4.42127757053869,0.1362705948145894,0.0015826217288567,1,session_20260531_095213,0.0,4575.569090291469,1.3224718045372879,0.8597800191894036,0.38078620339892205
session_20260531_095213,1648014,1650928,49,FatiguedSquat,0.0001715493688778,0.0002263742162199,0.2109382015853157,0.2499474304549547,1.9480049442982057e-08,0.0,1.0453603316326532,0.0,0.0,0.0,0,4.022971504429926,4.5700524767097725,0.1659385608046431,0.0018627159696372,1,session_20260531_095213,0.0,4617.821460707935,1.3195787202366935,0.8439302630854632,0.3728575536756993
session_20260531_095213,1648986,1651958,50,FatiguedSquat,0.0001625073194503,0.0002121311587105,0.2044852963000535,0.2414858767032622,1.6748109533728e-08,0.0,0.0,0.0,0.0,0.0,0,4.008532805820349,4.5700524767097725,0.1597443260417593,0.0022310878147004,1,session_20260531_095213,0.0,0.0,1.3053556853461659,0.8467795228643763,0.36409227816341133
session_20260531_095213,1650018,1652936,49,FatiguedSquat,0.0001879773983339,0.0002524783158325,0.2304204075498709,0.2742590241691693,2.197714698024569e-08,0.0,0.0,0.0,0.0,0.0,0,3.994372350460576,4.5700524767097725,0.1872578569476728,0.0022322209994385,1,session_20260531_095213,0.0,0.0,1.3431240933547635,0.840156153139326,0.33944003644924226
session_20260531_095213,1650989,1653975,50,FatiguedSquat,0.0001886297702789,0.0002535652247252,0.2367830409241219,0.2816242470264434,2.2730245258679218e-08,0.0,0.0,0.0,0.0,0.0,0,3.9948980270130257,4.356070601673773,0.1692063493848894,0.0021154938152384,1,session_20260531_095213,0.0,0.0,1.3442410501228998,0.8407764692970929,0.34811444600033525
session_20260531_095213,1652020,1654953,49,FatiguedSquat,0.0001825040051726,0.0002519304158902,0.2284959458784029,0.2675508715830692,2.271788569571131e-08,0.0,1.0518176020408163,0.0,0.0,0.0,0,3.994420643186958,4.356070601673773,0.1791257122940175,0.0016622653663075,1,session_20260531_095213,0.0,4175.015641952463,1.3804027766358655,0.8540280346402512,0.35238500355727
session_20260531_095213,1652996,1655924,49,FatiguedSquat,0.0001528566224234,0.0002044048055812,0.1947846671535956,0.2237820952279226,1.6013457285792724e-08,0.0,1.0503826530612246,0.0,0.0,0.0,0,4.0225415639652855,4.356070601673773,0.108417461732582,0.001702660259717,1,session_20260531_095213,0.0,5138.712425875601,1.3372235047266376,0.8704211392997541,0.37430952538801165
session_20260531_095213,1654037,1656954,49,FatiguedSquat,0.0001725355216435,0.0002351119366994,0.2160697294127348,0.2515567905562265,2.252670712841137e-08,0.0,1.975924744897959,0.0,0.0,0.0,0,4.01245545884585,4.754138169027296,0.1578694562196947,0.0016774066919157,1,session_20260531_095213,0.0,8404.151522398988,1.3626792429790324,0.8589302164177116,0.40027822811663377
session_20260531_095213,1655013,1657924,49,FatiguedSquat,0.0001695770633463,0.0002285221247903,0.2094595493943918,0.2469042042323521,2.1640073058566075e-08,0.0,0.9285714285714284,0.0,0.0,0.0,0,4.008747079419905,4.754138169027296,0.1605354451953025,0.0020239899328656,1,session_20260531_095213,0.0,4063.358705704356,1.3475924909204129,0.8483433856352403,0.4065973857806648
session_20260531_095213,1655985,1658958,50,FatiguedSquat,0.0001733072916666,0.000237055076007,0.2143898313771933,0.2575346354166666,2.3876902858457752e-08,0.0,0.92875,0.0,0.0,0.0,0,4.0101362532111695,4.754138169027296,0.2214649570796938,0.0022297480257572,1,session_20260531_095213,0.0,3917.8493782735823,1.3678230494766643,0.8324698936042564,0.41746406730554764
session_20260531_095213,1657016,1659934,49,FatiguedSquat,0.000153943843582,0.0002093917150715,0.192013539973659,0.2246040677862102,1.7224465575443217e-08,0.0,0.0,0.0,0.0,0.0,0,4.001785688635239,4.439585978908634,0.1795998049912749,0.0023193906696474,1,session_20260531_095213,0.0,0.0,1.360173619325975,0.8548978698886681,0.3840898136806285
session_20260531_095213,1657985,1660965,50,FatiguedSquat,0.0001431046803792,0.0002019590086341,0.1854554326528062,0.2132259737650553,1.5331159690921507e-08,0.0,0.0,0.0,0.0,0.0,0,3.9917607664105694,4.439585978908634,0.1769746414593221,0.0021115114999725,1,session_20260531_095213,0.0,0.0,1.4112578068106805,0.869760041463765,0.36688438588792865
session_20260531_095213,1659019,1661935,49,FatiguedSquat,0.0001428184703904,0.0001994826583537,0.1851038475752789,0.2082293298293133,1.5082775597634774e-08,0.0,0.0,0.0,0.0,0.0,0,3.991323317945124,4.1504961746068,0.0936489719528621,0.0018410273876198,1,session_20260531_095213,0.0,0.0,1.396746940794627,0.8889422390115133,0.3697363082118175
session_20260531_095213,1659996,1662969,50,FatiguedSquat,0.0001494783083597,0.0002072886452665,0.1981807489616175,0.2221247662226358,1.7041631725411066e-08,0.0,0.0,0.0,0.0,0.0,0,4.008222751154533,4.424248622707784,0.1606602073470078,0.0018311237942058,1,session_20260531_095213,0.0,0.0,1.386738054525181,0.8922046444419267,0.3875865623437314
session_20260531_095213,1661026,1663945,49,FatiguedSquat,0.0001717279557468,0.0002288156724189,0.2167715136291218,0.2507228153903467,2.164749484024025e-08,0.0,0.0,0.0,0.0,0.0,0,4.0328958954051,4.424248622707784,0.150180910445605,0.0021567558682635,1,session_20260531_095213,0.0,0.0,1.3324233611265277,0.8645863059053763,0.4057134449007356
session_20260531_095213,1661996,1664916,49,FatiguedSquat,0.0001767951128434,0.000237391857524,0.2328847608839472,0.2581208647513875,2.3058523848195813e-08,0.0,0.9311224489795916,0.0,0.0,0.0,0,4.025156657176362,5.39298255364889,0.2849123135867868,0.0022020165720973,1,session_20260531_095213,0.0,3922.2850202452146,1.3427436480703263,0.9022314418713177,0.4020323678164198
session_20260531_095213,1663030,1665957,49,FatiguedSquat,0.0003117371173132,0.0014260249776894,0.3384446308062392,0.4563831397465296,4.524436629371063e-07,0.8169642857142857,3.9681122448979593,0.0,0.0,0.0,0,4.038989586845551,5.39298255364889,0.3485691147352692,0.0020596237099421,1,session_20260531_095213,2620.674984360319,2782.636716988508,4.5744325075803545,0.7415800466525291,0.22238051528632488
session_20260531_095213,1664006,1666931,49,FatiguedSquat,0.0003261918599913,0.0015221077494037,0.3480039089726803,0.4768924993073857,5.451927136159768e-07,0.9323979591836734,4.661989795918368,0.0,0.0,0.0,0,4.022642072588502,5.39298255364889,0.3601848334861505,0.0018890559538189,1,session_20260531_095213,2858.425408847213,3062.849351430865,4.6662816269010206,0.7297324003803184,0.2352186947988127
session_20260531_095213,1664977,1667963,50,FatiguedSquat,0.0003040205160776,0.0015029154235482,0.3230382328213502,0.4539026305039723,4.973276669159119e-07,0.933125,3.7325,0.0,0.0,0.0,0,4.021461342936851,5.183970533519219,0.2646787343298052,0.0018527555013354,1,session_20260531_095213,3069.272898967534,2483.5046989426255,4.943450854855247,0.7116905926519687,0.22008037042058784
session_20260531_095213,1666017,1668933,49,FatiguedSquat,0.0001574066625971,0.0005646440938075,0.2011409754505647,0.229498914066626,3.7123588464334174e-08,0.1162308673469387,0.6973852040816326,0.0,0.0,0.0,0,3.983453706417528,4.269591963551696,0.1152932833528553,0.0018965163270941,1,session_20260531_095213,738.4066660366004,1235.085918092448,3.587144898102964,0.8764354088217424,0.1160754353438872
session_20260531_095213,1666992,1669975,50,FatiguedSquat,0.0001124606847763,0.0001448106997518,0.170528712431093,0.1677913416862488,7.4243288998660445e-09,0.0,0.0,0.0,0.0,0.0,0,3.990834943715184,4.132084407982,0.0620581828696963,0.0020310701880895,1,session_20260531_095213,0.0,0.0,1.287644765769303,1.0163141298056289,0.33792817515119844
session_20260531_095213,1668024,1670947,49,FatiguedSquat,9.790583532683702e-05,0.0001231378634519,0.1517877817679145,0.1431383312478357,5.365405807893919e-09,0.0,0.0,0.0,0.0,0.0,0,4.000220498424013,4.257879508125664,0.0689497328788953,0.0023178546650375,1,session_20260531_095213,0.0,0.0,1.2577044599678422,1.0604272062154725,0.3319574281453754
session_20260531_095213,1668994,1671921,49,FatiguedSquat,0.0001086387099051,0.0001378113758589,0.1567899618153365,0.1590470713012072,6.3302576587555965e-09,0.0,0.0,0.0,0.0,0.0,0,3.9912455347800977,4.329301000557629,0.1139354525957983,0.0024794196711255,1,session_20260531_095213,0.0,0.0,1.2685175243866382,0.9858085379805286,0.31663992970471555
session_20260531_095213,1670036,1672958,49,FatiguedSquat,0.0001202399876652,0.0001562191153548,0.1597035807833949,0.1756706219789933,8.661260956926485e-09,0.0,0.0,0.0,0.0,0.0,0,4.0041329819232665,4.329301000557629,0.1263141388320241,0.002334066924686,1,session_20260531_095213,0.0,0.0,1.2992168343608237,0.9091080686979305,0.34093530510228104
session_20260531_095213,1671008,1673929,49,FatiguedSquat,0.0001372302713848,0.0001853937034305,0.1757849958909003,0.2003561962218511,1.2958515739486006e-08,0.0,0.0,0.0,0.0,0.0,0,4.001904626100054,4.329301000557629,0.1253772493137556,0.0022772244075953,1,session_20260531_095213,0.0,0.0,1.3509581421179966,0.8773624091909494,0.36636170176845617
session_20260531_095213,1671981,1674963,50,FatiguedSquat,0.0001347395340601,0.0001833105444894,0.1779312716458924,0.200896645283699,1.2838802884703966e-08,0.0,0.0,0.0,0.0,0.0,0,3.988324537460661,4.18027283351791,0.1198793108787953,0.0019398517283901,1,session_20260531_095213,0.0,0.0,1.360470668816228,0.8856856246102998,0.3710341161328992
session_20260531_095213,1673019,1675934,49,FatiguedSquat,0.0001393487826496,0.0001892227496897,0.1838477582809496,0.2031705251031992,1.4194762751426367e-08,0.0,0.0,0.0,0.0,0.0,0,3.9914676552847537,4.967735771426934,0.1981759281030702,0.0018791840113497,1,session_20260531_095213,0.0,0.0,1.3578977023990586,0.9048938436452406,0.38567223798366085
session_20260531_095213,1673990,1676967,50,FatiguedSquat,0.0001491638580958,0.0002013462175523,0.1983579815626144,0.2219558208465575,1.5742722754466177e-08,0.0,1.04625,0.0,0.0,0.0,0,3.985659948887388,4.967735771426934,0.2087012290021502,0.0016012754929395,1,session_20260531_095213,0.0,5196.247620001186,1.3498234109738296,0.893682264841619,0.37897470675890105
session_20260531_095213,1675023,1677938,49,FatiguedSquat,0.0001499531139321,0.0002042553364529,0.1915940865488457,0.2186316401131299,1.672655346866662e-08,0.0,1.046077806122449,0.0,0.0,0.0,0,4.036060424535936,4.967735771426934,0.2087556391150096,0.0018465983303932,1,session_20260531_095213,0.0,5121.397085096877,1.3621189248958376,0.8763328380712572,0.391536950676566
session_20260531_095213,1675994,1678917,49,FatiguedSquat,0.0001535631199272,0.0002084455588228,0.1946519224054249,0.2245092813336119,1.7528344418860278e-08,0.0,1.0489477040816326,0.0,0.0,0.0,0,4.122625018368215,7.633072501692528,0.5582693685662103,0.0021233124834241,1,session_20260531_095213,0.0,5032.214060071585,1.3573845174355674,0.8670105769443415,0.394342440526354
session_20260531_095213,1677028,1679950,49,FatiguedSquat,0.0001514995584682,0.0002055235113537,0.193873498622347,0.2213408549221194,1.7668308758328473e-08,0.0,0.0,0.0,0.0,0.0,0,4.119762537922778,7.633072501692528,0.5569264393988949,0.0020756405044783,1,session_20260531_095213,0.0,0.0,1.3565858332914293,0.8759047118285428,0.40861110114800603
session_20260531_095213,1677999,1680920,49,FatiguedSquat,0.0001638927021805,0.0002210916943484,0.2132146149195832,0.2392833451835476,2.031327431379624e-08,0.0,0.0,0.0,0.0,0.0,0,4.154690195972486,7.633072501692528,0.615188315953628,0.0021803695572287,1,session_20260531_095213,0.0,0.0,1.3489944482729819,0.8910549702695657,0.40723031825617995
session_20260531_095213,1678977,1681955,50,FatiguedSquat,0.0001795886039733,0.0002409237108551,0.233687004595343,0.2674074313163757,2.3132197678378925e-08,0.0,0.0,0.0,0.0,0.0,0,4.033185071604382,4.959371086707038,0.3665481106033695,0.0020276707164217,1,session_20260531_095213,0.0,0.0,1.3415237047402737,0.8738986892438453,0.3917774172702516
session_20260531_095213,1680011,1682927,49,FatiguedSquat,0.0001777390720081,0.000234121452194,0.2314994034899056,0.2591435669879524,2.0606694461108986e-08,0.0,0.0,0.0,0.0,0.0,0,4.045873756866598,4.959371086707038,0.3787762021142294,0.0022201179684733,1,session_20260531_095213,0.0,0.0,1.317212542725484,0.8933249059095614,0.36921054640493384
session_20260531_095213,1680981,1683962,50,FatiguedSquat,0.000168854022026,0.0002228732176605,0.2213910167332117,0.2515924928188323,1.848826353116238e-08,0.0,0.0,0.0,0.0,0.0,0,4.021684531973998,4.83121683832548,0.2945224299861908,0.002021010692828,1,session_20260531_095213,0.0,0.0,1.319908729905483,0.8799587514428463,0.3648581391720156
session_20260531_095213,1682016,1684938,49,FatiguedSquat,0.0001868627022723,0.0002513750819717,0.2353886625316108,0.2730064080199417,2.2804925201944123e-08,0.0,0.0,0.0,0.0,0.0,0,4.058127194481272,4.839995656110482,0.2537795868404631,0.0019687127447993,1,session_20260531_095213,0.0,0.0,1.3452322677701916,0.8622092916302814,0.3552753864547392
session_20260531_095213,1682987,1685974,50,FatiguedSquat,0.000184793861707,0.0002517705008947,0.2329089354950935,0.2760820293903351,2.375376493847297e-08,0.0,0.0,0.0,0.0,0.0,0,4.031220558897661,4.839995656110482,0.2445042676521648,0.0020291702500845,1,session_20260531_095213,0.0,0.0,1.3624323672694576,0.8436222204168743,0.36891381720352096
session_20260531_095213,1684023,1686944,49,FatiguedSquat,0.0001914480673212,0.0002644917636618,0.2394393160831512,0.2795141782890372,2.9071849484980634e-08,0.0,0.0,0.0,0.0,0.0,0,4.04117016770726,4.839995656110482,0.2415586904308246,0.0020342007221214,1,session_20260531_095213,0.0,0.0,1.381525474961202,0.8566267253138318,0.4097171952521585
session_20260531_095213,1684998,1687975,50,FatiguedSquat,0.0001676010290781,0.0002280526959317,0.2163368998840451,0.2493903312683105,2.2675296829078583e-08,0.0,0.0,0.0,0.0,0.0,0,4.034856969734861,4.796214248210447,0.1936925061919244,0.0019497477151413,1,session_20260531_095213,0.0,0.0,1.3606798031390832,0.8674630564720354,0.42777096076707455
session_20260531_095213,1686035,1688946,49,FatiguedSquat,0.0001736531614446,0.0002332796502548,0.215143227183393,0.2528390030633835,2.2872516137573222e-08,0.0,0.0,0.0,0.0,0.0,0,4.05004655082002,4.796214248210447,0.1918654740227176,0.0017157175794285,1,session_20260531_095213,0.0,0.0,1.3433576731716967,0.8509099613818257,0.41271681232782537
session_20260531_095213,1687005,1689925,49,FatiguedSquat,0.0003409988701749,0.0017086911589556,0.3710830252275479,0.4978583504553553,5.841152491029217e-07,0.8147321428571428,5.004783163265306,0.0,0.0,0.0,0,4.105891275884135,6.545818218214759,0.4923826194535374,0.0017959067452519,1,session_20260531_095213,2389.2447303257445,2929.0139461542144,5.010826420781939,0.7453586429609671,0.19999662872361992
session_20260531_095213,1688036,1690959,49,FatiguedSquat,0.0004170199640754,0.001982692401856,0.4291009042486168,0.6096831874782537,9.797871170285714e-07,0.9323979591836734,6.5267857142857135,0.0,0.0,0.0,0,4.096966575584339,6.545818218214759,0.4944671907695873,0.0018889476167974,1,session_20260531_095213,2235.8539246364844,3291.8784660179867,4.75441901644426,0.7038096381165381,0.2491785055312971
session_20260531_095213,1689006,1691937,49,FatiguedSquat,0.0004019686235051,0.0019807365898237,0.4141592601413655,0.5892860020585611,9.540626435383689e-07,0.9349489795918366,6.544642857142857,0.0,0.0,0.0,0,4.09067107228388,6.545818218214759,0.4984947277988233,0.0020609683385468,1,session_20260531_095213,2325.919484759212,3304.1443201597326,4.927577791953649,0.7028153697725074,0.2431155630365695
session_20260531_095213,1689987,1692971,50,FatiguedSquat,0.0002559750159581,0.0010259851508672,0.2912896094267567,0.3819147238095601,1.5523694114544474e-07,0.1165625,1.5153125,0.0,0.0,0.0,0,4.00814724350927,4.220739016051291,0.1308580708731828,0.0019724180024987,1,session_20260531_095213,455.3649277011944,1476.9327039348477,4.0081300079111335,0.7627085066489825,0.14733317491975947
session_20260531_095213,1691020,1693944,49,FatiguedSquat,0.0001938069839866,0.000266485515962,0.2488960282751644,0.2833458105885252,2.6383171031663584e-08,0.0,0.0,0.0,0.0,0.0,0,3.991880254235069,4.220739016051291,0.1434262355529934,0.0019138780004521,1,session_20260531_095213,0.0,0.0,1.374997616096275,0.8784178840681478,0.3663589966076052
session_20260531_095213,1691997,1694975,50,FatiguedSquat,0.0002064957380294,0.0002794788638138,0.2631457846735914,0.3074721539258957,2.9418788680909982e-08,0.0,0.0,0.0,0.0,0.0,0,4.003795886273972,4.289784293664675,0.1430728836803252,0.0020842975318593,1,session_20260531_095213,0.0,0.0,1.3534299208833467,0.8558361479497631,0.37187928900893685
session_20260531_095213,1693032,1695950,49,FatiguedSquat,0.0001701295051444,0.0002329165927905,0.2083280750788862,0.248218948005819,1.932107503648429e-08,0.0,0.1163105867346938,0.0,0.0,0.0,0,4.01725440410734,4.387347718022195,0.1609063957390021,0.0022186556987725,1,session_20260531_095213,0.0,499.363681983913,1.3690466186108698,0.8392915847613325,0.3497018345518661
session_20260531_095213,1694005,1696920,49,FatiguedSquat,0.0001772150863595,0.0002486148826073,0.2179710172723066,0.2583795959122327,2.27996785684214e-08,0.0,0.9298469387755102,0.0,0.0,0.0,0,3.9887112678542618,4.401668636984628,0.2491204388675411,0.002366956056256,1,session_20260531_095213,0.0,3740.0946754646616,1.4028911692754609,0.8436076992036944,0.3629981044461628
session_20260531_095213,1695036,1697955,49,FatiguedSquat,0.0001789921238308,0.0002525421108157,0.2315823190902568,0.2613285007930938,2.4896417817084596e-08,0.0,0.9311224489795916,0.0,0.0,0.0,0,3.9720402039784193,4.52467675377183,0.2541135577058064,0.0021108012998164,1,session_20260531_095213,0.0,3686.984158752613,1.4109039800569378,0.8861732168564282,0.3843373239283137
session_20260531_095213,1696011,1698929,49,FatiguedSquat,0.0001923203954891,0.0002637575029363,0.2456838178691029,0.2805954570186381,2.7981063594062294e-08,0.0,0.8141741071428571,0.0,0.0,0.0,0,3.958862557135069,4.52467675377183,0.2492677864423171,0.0020485134989748,1,session_20260531_095213,0.0,3086.8165313308864,1.3714412911029898,0.8755801665641493,0.39651195333558037
session_20260531_095213,1696982,1699963,50,FatiguedSquat,0.0001957236528396,0.000268494228803,0.2547253845914577,0.2916282427310943,2.786641591391968e-08,0.0,2.328125,0.0,0.0,0.0,0,4.001424767010323,4.52467675377183,0.1660690050236714,0.0019996043722043,1,session_20260531_095213,0.0,8671.010693110635,1.371795657356644,0.8734592415758464,0.3812661054422277
session_20260531_095213,1698015,1700940,49,FatiguedSquat,0.000220652907884,0.000296855744948,0.2624365867256839,0.3225945513264662,3.3035907188287436e-08,0.0,2.7971938775510203,0.0,0.0,0.0,0,3.996654239669704,4.467083999833655,0.1532738224495981,0.0021610997222608,1,session_20260531_095213,0.0,9422.706154246222,1.345345513228164,0.8135183462741727,0.3706762972372775
session_20260531_095213,1698989,1701914,49,FatiguedSquat,0.0002261743821254,0.0003030130164932,0.2655692720524713,0.3306669466673922,3.5273133163991164e-08,0.0,2.7971938775510203,0.0,0.0,0.0,0,4.01145916033613,7.03190179903362,0.5116160544805428,0.0022874792614924,1,session_20260531_095213,0.0,9231.235933977967,1.339725896097739,0.8031321966887337,0.3800292582697795
session_20260531_095213,1700025,1702947,49,FatiguedSquat,0.0002152295582959,0.0002866686672949,0.2448598719588766,0.3144503846703743,3.3556735694529687e-08,0.0,1.397640306122449,0.1,0.0475996073048596,0.1,1,4.172762727799632,7.901958090882655,0.8715588815646986,0.0023686125387151,1,session_20260531_095213,0.0,4875.438407247608,1.331914341367765,0.7786915937051938,0.403428341635001
session_20260531_095213,1701000,1703916,49,FatiguedSquat,0.0001937157280591,0.0002568228371381,0.2272088785773637,0.2824375315101779,2.7209023413641012e-08,0.0,0.9298469387755102,0.1,0.0468943889513308,0.1,1,4.138893188281328,7.901958090882655,0.8957046152759847,0.0026875460569247,1,session_20260531_095213,0.0,3620.563220054649,1.3257648924348306,0.8044571008606158,0.40635974396234675
session_20260531_095213,1701976,1704954,50,FatiguedSquat,0.0001784211953481,0.0002396445670342,0.2140630798055169,0.2656691598733267,2.2203306090622095e-08,0.0,0.930625,0.0,0.0,0.0,0,4.14980762591704,7.901958090882655,0.7638867608248988,0.002501176247059,1,session_20260531_095213,0.0,3883.339097473019,1.3431320389632901,0.8057505775297118,0.38000152418162736
session_20260531_095213,1703008,1705928,49,FatiguedSquat,0.0001331512295469,0.0001801180730752,0.1632566953578418,0.194400795138612,1.0681735542649101e-08,0.0,0.0,0.0,0.0,0.0,0,3.998820133042418,5.400039063454673,0.2901028320294453,0.0022904811705405,1,session_20260531_095213,0.0,0.0,1.352722922388298,0.8397943763637481,0.3194058182018957
session_20260531_095213,1703977,1706961,50,FatiguedSquat,0.000135419400533,0.0001929082702203,0.1678950520501782,0.2020457455952962,1.141800540359738e-08,0.0,1.39875,0.0,0.0,0.0,0,4.033742710812597,5.400039063454673,0.2703509998761891,0.0019337409253841,1,session_20260531_095213,0.0,7250.817953966882,1.4245141017234775,0.8309754344221714,0.2987942823667038
session_20260531_095213,1705014,1707939,49,FatiguedSquat,0.0001659817760493,0.000236585945982,0.1963632503577007,0.2426653565841466,1.7931635534521145e-08,0.0,1.8647959183673468,0.0,0.0,0.0,0,3.988805447443108,4.314834430858803,0.204515822972776,0.0021580373464981,1,session_20260531_095213,0.0,7882.074434103496,1.425364436076967,0.8091935837591067,0.31473968217660275
session_20260531_095213,1705989,1708972,50,FatiguedSquat,0.0001807925542195,0.0002470042188483,0.2162925344046205,0.2697424908955892,2.157121872191966e-08,0.0,1.865,0.0,0.0,0.0,0,3.984390473886165,4.314834430858803,0.1997637463203783,0.0022413007462683,1,session_20260531_095213,0.0,7550.4477544881465,1.366222484615874,0.8018482104344987,0.3478606933736995
session_20260531_095213,1707023,1709944,49,FatiguedSquat,0.0001525602859704,0.0002085146789253,0.1863383962620733,0.2227380175168822,1.4670489834653057e-08,0.0,0.4655612244897958,0.0,0.0,0.0,0,4.002357227572323,4.204901394148774,0.0945292206694759,0.0021386706586744,1,session_20260531_095213,0.0,2232.7396524295973,1.3667601029907162,0.8365810089486362,0.32983424070749806
session_20260531_095213,1707999,1710921,49,FatiguedSquat,0.0001099192366308,0.0001406645799151,0.1478630653980701,0.1605920047176127,7.042975985720968e-09,0.0,0.0,0.0,0.0,0.0,0,4.006710411482607,4.064668667836315,0.0273595986797499,0.0018638416963788,1,session_20260531_095213,0.0,0.0,1.2796968440630643,0.9207373974646947,0.3388241329457508
session_20260531_095213,1709033,1711953,49,FatiguedSquat,9.727391255956116e-05,0.0001218519086398,0.1362108287572556,0.1420199123369593,5.291669315321364e-09,0.0,0.0,0.0,0.0,0.0,0,4.003167198572916,4.067821396126688,0.0269218679287583,0.0017651655286555,1,session_20260531_095213,0.0,0.0,1.2526550313287652,0.9590966897302567,0.33390376281094836
session_20260531_103454,3956754,3959728,50,FreshSquat,7.226394017537436e-05,9.701612242634808e-05,0.0803683627731477,0.1074564790407816,3.250112292942552e-09,0.0,0.0,0.0,0.0,0.0,0,3.9670044413867966,4.033468166569722,0.0364266554659131,0.0019181068854338,0,session_20260531_103454,0.0,0.0,1.3425060920400256,0.7479154606836788,0.31214678590390094
session_20260531_103454,3957786,3960698,49,FreshSquat,0.0001324231446194,0.0001987087789318,0.1440122000340904,0.1928080985659644,1.2560943316061848e-08,0.0,0.0,0.0,0.0,0.0,0,3.9719130358048513,4.061506318612828,0.0461094109931028,0.0020358692628895,0,session_20260531_103454,0.0,0.0,1.500547951454839,0.7469198667394171,0.3102602898332684
session_20260531_103454,3958758,3961728,50,FreshSquat,0.0001731428543726,0.0002464788669055,0.1940995103521272,0.2571171387434006,2.176575122605393e-08,0.0,0.116015625,0.0,0.0,0.0,0,4.0514798037786255,5.498419816334708,0.2818170424413758,0.0019996847468787,0,session_20260531_103454,0.0,470.6900667245176,1.4235496131158396,0.7549069289812256,0.352471345070618
session_20260531_103454,3959789,3962697,49,FreshSquat,0.0002590196473257,0.0003653469130933,0.2881872164502384,0.376614567211696,5.105756558426902e-08,0.0,7.4183673469387745,0.0,0.0,0.0,0,4.039908089263185,5.498419816334708,0.3235011789316316,0.0020902174818111,0,session_20260531_103454,0.0,20304.939705634293,1.410493398365661,0.765204643619223,0.37967121968140144
session_20260531_103454,3960759,3963729,50,FreshSquat,0.0002429604291915,0.0003480669167347,0.2819989188658073,0.3607962373495101,4.412353585826169e-08,0.0,7.425,0.0,0.0,0.0,0,4.128421173307125,7.116903241817632,0.5902533130592517,0.0022375703809141,0,session_20260531_103454,0.0,21332.043670257004,1.4326015363547964,0.7816016047058385,0.3612224877769095
session_20260531_103454,3961789,3964709,49,FreshSquat,0.0002577253831487,0.0003656297495478,0.2976721995047667,0.37627905939712,5.0210126102448236e-08,0.0,7.3325892857142865,0.0,0.0,0.0,0,4.054982880062885,7.116903241817632,0.536249384453669,0.0022111882956982,0,session_20260531_103454,0.0,20054.62969070022,1.418674118966094,0.791094245825445,0.3727964041669215
session_20260531_103454,3962758,3965685,49,FreshSquat,0.0002590157223396,0.0003769446776346,0.3020432221342106,0.3791990175052565,5.382716244987218e-08,0.0,6.185586734693878,0.0,0.0,0.0,0,4.028349644061143,7.116903241817632,0.6155573288436593,0.0035955999968662,0,session_20260531_103454,0.0,16409.756369961622,1.4552908948495735,0.7965295462124822,0.3761840932970425
session_20260531_103454,3963790,3966722,49,FreshSquat,0.0003226201226111,0.0004565900527585,0.3653850759283265,0.4729610997478978,8.65758774990756e-08,0.0,12.504942602040815,0.0,0.0,0.0,0,3.928053799487685,4.490178600391216,0.3297452652996217,0.0034169563320271,0,session_20260531_103454,0.0,27387.620774634244,1.4152515776497725,0.7725478381848732,0.41330036497703926
session_20260531_103454,3964770,3967692,49,FreshSquat,0.000339756612064,0.0004732581426693,0.3751628236447898,0.4963844102256152,9.412704143671789e-08,0.0,12.57876275510204,0.0,0.0,0.0,0,3.93048291403024,4.490178600391216,0.3302822459105527,0.0034530912898971,0,session_20260531_103454,0.0,26579.01690848416,1.3929287405638833,0.7557909055171192,0.41839211210694105
session_20260531_103454,3965745,3968727,50,FreshSquat,0.0003133299748102,0.0004278684358063,0.3504243696797638,0.4671749924421309,7.736330832748691e-08,0.0,6.4066406250000005,0.0,0.0,0.0,0,3.97608674667674,4.0399568902786935,0.034805571642688,0.0018961326088245,0,session_20260531_103454,0.0,14973.354226452248,1.36554783983767,0.7500923093033038,0.4202896757293292
session_20260531_103454,3966783,3969702,49,FreshSquat,0.0002887622109886,0.0003851411549294,0.3214425988672745,0.421592828043464,6.00801197617227e-08,0.0,1.047512755102041,0.0,0.0,0.0,0,3.973496638331736,4.057228569514857,0.0634694992539014,0.0020840586213191,0,session_20260531_103454,0.0,2719.8081064225735,1.3337611588776968,0.7624479752100704,0.40232121786428254
session_20260531_103454,3967754,3970675,49,FreshSquat,0.0002839599904559,0.0003836599862219,0.3196452932121852,0.4145815860657464,6.147635558910762e-08,0.0,4.073660714285714,0.0,0.0,0.0,0,3.9734169951313736,4.097338466229867,0.0668301076133196,0.0021157377415757,0,session_20260531_103454,0.0,10617.865408732516,1.3511010283698934,0.7710069698814054,0.4148342508188115
session_20260531_103454,3968787,3971709,49,FreshSquat,0.0002803195658184,0.0003831736792746,0.3172907742177497,0.4095468856607164,6.258593153317676e-08,0.0,8.152901785714286,0.0,0.0,0.0,0,3.9735704048233687,4.097338466229867,0.0676422534777984,0.0021555791155969,0,session_20260531_103454,0.0,21277.24567069202,1.366912478062103,0.7747361402373569,0.42338692844028425
session_20260531_103454,3969762,3972686,49,FreshSquat,0.0002801468664286,0.00039047188888,0.3149537803707201,0.409574718718626,6.713622299475611e-08,0.0,9.673628826530614,0.0,0.0,0.0,0,3.980165704086983,4.097338466229867,0.0370088034660933,0.0019430167290047,0,session_20260531_103454,0.0,24774.136955519873,1.3938063989486702,0.7689775887220051,0.43745988417271203
session_20260531_103454,3970736,3973720,50,FreshSquat,0.0002766046841939,0.0003926811488996,0.3176829078612228,0.4126941888173421,6.453109533964188e-08,0.0,7.3434375,0.0,0.0,0.0,0,3.983811765516064,4.126164275675218,0.0474224268719445,0.0018329860611656,0,session_20260531_103454,0.0,18700.71639512585,1.4196423694038454,0.7697779995444781,0.415797199720858
session_20260531_103454,3971769,3974696,49,FreshSquat,0.000296408083974,0.0004049048297744,0.3333374049674187,0.4339414349380804,6.432366855413136e-08,0.0,3.501275510204082,0.0,0.0,0.0,0,3.981824482988268,4.126164275675218,0.0457099281849445,0.0018716349936815,0,session_20260531_103454,0.0,8647.135340468858,1.3660338082280798,0.7681621927779743,0.3899634993643222
session_20260531_103454,3972747,3975673,49,FreshSquat,0.0003012122669998,0.0004069728790049,0.3445146520597683,0.4406735466207777,6.347580132852653e-08,0.0,3.848772321428571,0.0,0.0,0.0,0,3.9877192368000727,4.126164275675218,0.0483928258018117,0.0016863371101,0,session_20260531_103454,0.0,9457.049997506674,1.3511120644137171,0.7817910875745164,0.38094564618494847
session_20260531_103454,3973782,3976707,49,FreshSquat,0.0002919581309467,0.0003972494809385,0.34320287712818,0.4268427874441861,6.525997705506491e-08,0.0,5.128188775510204,0.0,0.0,0.0,0,3.976878467765274,4.037504094123436,0.0403577060015947,0.0019528703690679,0,session_20260531_103454,0.0,12909.207217055882,1.360633865604367,0.8040498432201043,0.4109385314927153
session_20260531_103454,3974756,3977683,49,FreshSquat,0.0002903675303167,0.0004091842907792,0.3352367642635897,0.4250980643836818,7.116242600519167e-08,0.0,6.769132653061225,0.0,0.0,0.0,0,3.9767135075560014,4.070835698071663,0.0496735545828892,0.001904780945197,0,session_20260531_103454,0.0,16542.952069882464,1.409189523165302,0.7886104208943276,0.4224999842134319
session_20260531_103454,3975734,3978714,50,FreshSquat,0.0002640007098515,0.0003720695834471,0.3150169688857471,0.3933610576788584,5.759345323172355e-08,0.0,3.9578125,0.0,0.0,0.0,0,3.96865450296632,4.070835698071663,0.0526657949150971,0.0018439354412769,0,session_20260531_103454,0.0,10637.26259499553,1.4093453548326933,0.8008341495311264,0.4130464600070039
session_20260531_103454,3976767,3979687,49,FreshSquat,0.0002876416274479,0.0003962582091612,0.335814485394833,0.4199567760740007,6.177827013196986e-08,0.0,10.24234693877551,0.0,0.0,0.0,0,3.9837457174871886,4.125330965351085,0.0575002624934133,0.0016343767687398,0,session_20260531_103454,0.0,25847.593448885316,1.377605999072489,0.7996405909545757,0.39095081599680254
session_20260531_103454,3977745,3980723,50,FreshSquat,0.0002648950179417,0.0003631301496807,0.3256228625696463,0.3944286817153295,5.395993034294608e-08,0.0,9.422578125,0.0,0.0,0.0,0,3.985322189043779,4.125330965351085,0.06000513581156,0.0020068760220381,0,session_20260531_103454,0.0,25948.140591313197,1.3708403489878809,0.82555573881694,0.40613056306450007
session_20260531_103454,3978775,3981694,49,FreshSquat,0.0002633096571682,0.000366766872861,0.3143156112716565,0.3844320994656102,5.621783398393807e-08,0.0,9.427614795918368,0.0,0.0,0.0,0,3.987585829488544,4.125330965351085,0.0544920795778118,0.0021437520350822,0,session_20260531_103454,0.0,25704.581817315568,1.3929055390519696,0.8176102122870823,0.4148368429084828
session_20260531_103454,3979749,3982725,50,FreshSquat,0.000229716014862,0.0003167145833245,0.2823551199525595,0.3418174301147461,4.372019389818487e-08,0.0,1.04625,0.0,0.0,0.0,0,3.986716592890036,4.090563272234758,0.0511190293122414,0.0020626809405163,0,session_20260531_103454,0.0,3303.437074417758,1.378716258849014,0.8260407289111437,0.4315566289450382
session_20260531_103454,3980783,3983697,49,FreshSquat,0.0002122043752345,0.0002898584658649,0.2610765884523945,0.309181774716799,3.4728376762904675e-08,0.0,0.0,0.0,0.0,0.0,0,3.988272326879793,4.090563272234758,0.0439019833161189,0.0019981180442196,0,session_20260531_103454,0.0,0.0,1.365933664708486,0.8444113106185555,0.4084829713861781
session_20260531_103454,3981755,3984729,50,FreshSquat,0.0002215143442153,0.0003032003086616,0.2760542241054586,0.3293918298482894,3.8581905916777296e-08,0.0,3.2528125,0.0,0.0,0.0,0,4.002359974072411,4.090563272234758,0.0420113043891582,0.0019690487004511,0,session_20260531_103454,0.0,10728.227112075007,1.3687553326640298,0.8380724664437809,0.41516978981668573
session_20260531_103454,3982786,3985700,49,FreshSquat,0.0002162579046625,0.0002977267719816,0.2617665859277607,0.31508776709336,3.652208852126339e-08,0.0,4.181441326530613,0.0,0.0,0.0,0,3.997724130071344,4.119033323779434,0.0455107931577878,0.0020357640405633,0,session_20260531_103454,0.0,14044.51220220407,1.3767145100741225,0.8307735571956562,0.4074251124602715
session_20260531_103454,3983758,3986671,49,FreshSquat,0.0002281309877123,0.000313641240766,0.2705607026744456,0.3321587181091308,4.08627012402864e-08,0.0,4.178571428571429,0.0,0.0,0.0,0,4.003186350688403,4.119033323779434,0.0452072975973727,0.0017819916644212,0,session_20260531_103454,0.0,13322.731716130507,1.3748236006321777,0.8145524627506552,0.4112142577458433
session_20260531_103454,3984790,3987704,49,FreshSquat,0.0002253727037079,0.0003065806693039,0.262768850374403,0.3283680293024802,3.853395938426561e-08,0.0,0.9292091836734692,0.0,0.0,0.0,0,3.993214281466491,4.137728502009632,0.059456130063085,0.0019216556491643,0,session_20260531_103454,0.0,3030.8699987943105,1.3603213873666906,0.80022665462393,0.4056560376277667
session_20260531_103454,3985760,3988675,49,FreshSquat,0.0002192811252308,0.0003001574947656,0.261427203638251,0.3197118805865852,3.7590774067939854e-08,0.0,0.0,0.0,0.0,0.0,0,3.995626031022895,4.137728502009632,0.0534695061875766,0.0017620135478042,0,session_20260531_103454,0.0,0.0,1.3688187965602607,0.8176962405679334,0.41265680286031414
session_20260531_103454,3986732,3989711,50,FreshSquat,0.0002383436838785,0.0003254323413447,0.2929384523897121,0.3551320889790853,4.37687970876904e-08,0.0,0.0,0.0,0.0,0.0,0,3.98278912103118,4.137728502009632,0.0554073426723617,0.0019293079184761,0,session_20260531_103454,0.0,0.0,1.3653853572441934,0.8248718171510888,0.4094130507649063
session_20260531_103454,3987765,3990685,49,FreshSquat,0.0002418694204213,0.0003279468844208,0.3020847920303036,0.3531293538151955,4.380387438538293e-08,0.0,0.0,0.0,0.0,0.0,0,3.981901393472789,4.049249574911761,0.0393327771385448,0.0019860643084788,0,session_20260531_103454,0.0,0.0,1.3558784238666657,0.8554508083543344,0.40353950954935053
session_20260531_103454,3988736,3991717,50,FreshSquat,0.0002403650124867,0.0003242274902197,0.2966061875798428,0.3581438686052958,3.956029275749542e-08,0.0,0.0,0.0,0.0,0.0,0,3.97917067783985,4.049249574911761,0.0357480988633956,0.0021543609401801,0,session_20260531_103454,0.0,0.0,1.3488907473457392,0.8281760843951549,0.37277611132565597
session_20260531_103454,3989771,3992688,49,FreshSquat,0.0001764094829559,0.0002485317664096,0.2215576922528597,0.2572050261497497,2.0069172832210547e-08,0.0,0.0,0.0,0.0,0.0,0,3.9895844320418594,4.0305632661465705,0.0251165930994897,0.0019855444949447,0,session_20260531_103454,0.0,0.0,1.4088265178194044,0.8614049838297466,0.31973554024033907
session_20260531_103454,3990746,3993722,50,FreshSquat,0.0001516515731811,0.0002162678083702,0.1938513842344283,0.2256575408935546,1.5725869526941336e-08,0.0,0.0,0.0,0.0,0.0,0,3.983677648666564,4.02646972935852,0.0344873895056999,0.0021806837623218,0,session_20260531_103454,0.0,0.0,1.4260741102753198,0.859051209225129,0.3291875346786538
session_20260531_103454,3991778,3994693,49,FreshSquat,0.0001661417192342,0.0002371226377591,0.2058808441595079,0.2422346266435117,1.9265898166166413e-08,0.0,0.0,0.0,0.0,0.0,0,3.982422652906648,4.043626089479339,0.0391215786435869,0.0022332218259573,0,session_20260531_103454,0.0,0.0,1.4272225641428469,0.8499232589590601,0.3366566347566801
session_20260531_103454,3992748,3995728,50,FreshSquat,0.0001941648642222,0.0002645019311759,0.2478058338851357,0.2893056476910909,2.685256981877277e-08,0.0,0.0,0.0,0.0,0.0,0,3.978053590958624,4.064632827326203,0.0461520283768328,0.0021783954001784,0,session_20260531_103454,0.0,0.0,1.362247335469888,0.8565537348001556,0.3784116210844432
session_20260531_103454,3993782,3996699,49,FreshSquat,0.0002139137066951,0.000289080724044,0.264416540015907,0.3118861843615162,3.3039638310899996e-08,0.0,0.0,0.0,0.0,0.0,0,3.988687098172339,4.091410785046193,0.0459252003717987,0.0019391419273242,0,session_20260531_103454,0.0,0.0,1.351383121386024,0.8477981790357728,0.39068878519357503
session_20260531_103454,3994754,3997670,49,FreshSquat,0.0001891715753646,0.000260216068148,0.2464689423662743,0.2758121568816049,2.656653928535812e-08,0.0,0.0,0.0,0.0,0.0,0,3.9960857074492218,4.091410785046193,0.0477340715020583,0.0020116991381337,0,session_20260531_103454,0.0,0.0,1.3755485838603985,0.8936115951497452,0.3866338312264556
session_20260531_103454,3995789,3998702,49,FreshSquat,0.0002203673651429,0.000302728029586,0.2644010518136478,0.3208548836481004,3.568999509221353e-08,0.0,0.9285714285714284,0.0,0.0,0.0,0,4.005735751723785,4.095325582461314,0.0414005940329731,0.0021812028324357,0,session_20260531_103454,0.0,3067.3352662653633,1.3737363318446052,0.8240518205095468,0.3852369821064407
session_20260531_103454,3996759,3999672,49,FreshSquat,0.0002124173057322,0.0002880830484162,0.2497689775874217,0.3092795971461705,3.11237585478481e-08,0.0,0.9285714285714284,0.0,0.0,0.0,0,3.997345505214038,4.095325582461314,0.0410670073656051,0.0024347428849441,0,session_20260531_103454,0.0,3223.265688178282,1.356206318580622,0.8075831030709528,0.3705569197666354
session_20260531_103454,3997730,4000703,50,FreshSquat,0.0002148733854293,0.0002875726878472,0.2611637272492051,0.3193018507480621,3.1197926261656374e-08,0.0,0.92875,0.0,0.0,0.0,0,3.989391987406172,4.095325582461314,0.039534104870986,0.0022748391997416,0,session_20260531_103454,0.0,3229.6070163883837,1.338329309343481,0.8179211170227425,0.3727437612355116
session_20260531_103454,3998762,4001676,49,FreshSquat,0.0001981627373468,0.0002642427437513,0.2452325594000721,0.2887231083143325,2.7910676142268144e-08,0.0,0.0,0.0,0.0,0.0,0,3.9871551231165374,4.148811070225776,0.0435138611973355,0.0022180940177489,0,session_20260531_103454,0.0,0.0,1.3334566015418716,0.8493693490017374,0.39408373487621695
session_20260531_103454,3999733,4002710,50,FreshSquat,0.0001956092198689,0.0002626684625041,0.2546554304137826,0.291066519165039,2.8281285280482925e-08,0.0,0.0,0.0,0.0,0.0,0,3.992572907114395,4.148811070225776,0.0455745636091758,0.0018102950156724,0,session_20260531_103454,0.0,0.0,1.342815639592569,0.8749045760034139,0.4040488310824077
session_20260531_103454,4000764,4003682,49,FreshSquat,0.0002114821777862,0.0002816418165239,0.263306635860322,0.3085524973901761,3.308715421157451e-08,0.0,0.0,0.0,0.0,0.0,0,3.996042091886126,4.148811070225776,0.0499630743676431,0.0016992718500778,0,session_20260531_103454,0.0,0.0,1.331745718369275,0.8533608939615875,0.41193082517426133
session_20260531_103454,4001736,4004712,50,FreshSquat,0.0001885518789291,0.00025029751858,0.2504229552835226,0.2805651958465577,2.4739250896865875e-08,0.0,0.0,0.0,0.0,0.0,0,3.992171759320678,4.08294201244073,0.0447798629132908,0.0017924864666006,0,session_20260531_103454,0.0,0.0,1.3274659077155608,0.8925659992692534,0.38868340510676735
session_20260531_103454,4002770,4005682,49,FreshSquat,0.0001869480707207,0.0002502931925169,0.2503519297745965,0.2721963909694126,2.508868475136291e-08,0.0,0.0,0.0,0.0,0.0,0,3.989557081379396,4.08294201244073,0.0462791269193902,0.0019247473066145,0,session_20260531_103454,0.0,0.0,1.3388308995172031,0.919747421937647,0.3941868433066593
session_20260531_103454,4003743,4006716,50,FreshSquat,0.0001831562201182,0.0002475109359643,0.2507626028732707,0.2721701430956523,2.4699769666484697e-08,0.0,0.0,0.0,0.0,0.0,0,3.9887060669670897,4.08294201244073,0.0412161026488472,0.0020138756294492,0,session_20260531_103454,0.0,0.0,1.351357788705078,0.9213450053696628,0.39670911936778297
session_20260531_103454,4004774,4007687,49,FreshSquat,0.0001973620401758,0.0002613848721005,0.2621448857656546,0.2873591304960705,2.7507525600016353e-08,0.0,0.0,0.0,0.0,0.0,0,3.9877853135494914,4.067628003628015,0.0415699084493301,0.0021663821054742,0,session_20260531_103454,0.0,0.0,1.3243861255262024,0.9122552827914546,0.39680772653390245
session_20260531_103454,4005743,4008719,50,FreshSquat,0.0002128607114156,0.0002837168325946,0.2752686785399913,0.3167367385864257,3.229330273569816e-08,0.0,1.04625,0.0,0.0,0.0,0,3.979592033278629,4.2378307937265065,0.1111419014176221,0.0021788475889571,0,session_20260531_103454,0.0,3687.642720346628,1.3328692638417226,0.8690771992520328,0.3962599815743591
session_20260531_103454,4006776,4009689,49,FreshSquat,0.000194888317666,0.0002636077654156,0.2541042575453008,0.2837573905218215,2.6957232294672097e-08,0.0,1.0446428571428572,0.0,0.0,0.0,0,3.981539481856692,4.2378307937265065,0.1110471975269717,0.0021312768204832,0,session_20260531_103454,0.0,3962.8532666426904,1.3526024338972198,0.895498285286992,0.3824314665861233
session_20260531_103454,4007747,4010720,50,FreshSquat,0.0001996326446533,0.0002710062178542,0.255419788168557,0.2966541099548339,2.9003895108977978e-08,0.0,1.04484375,0.0,0.0,0.0,0,3.979678632707944,4.2378307937265065,0.1103767963962772,0.0019598593507358,0,session_20260531_103454,0.0,3855.4093070765316,1.3575177587167306,0.8610020179610627,0.38960495016513397
session_20260531_103454,4008779,4011691,49,FreshSquat,0.0001931986111361,0.0002568118106174,0.2486720747145868,0.281297177814302,2.5405608436060893e-08,0.0,0.0,0.0,0.0,0.0,0,3.991283394801656,4.117738676527408,0.0439287006153251,0.0019875522411768,0,session_20260531_103454,0.0,0.0,1.3292563536087463,0.8840190853060327,0.3794583028778282
session_20260531_103454,4009750,4012722,50,FreshSquat,0.0002158782800038,0.0002830848397,0.271554982803141,0.3207951240857442,3.2180010416050207e-08,0.0,0.0,0.0,0.0,0.0,0,3.9889211798828033,4.117738676527408,0.0518874625109763,0.0021934165672683,0,session_20260531_103454,0.0,0.0,1.3113108386085826,0.8465059521417541,0.3966131348029111
session_20260531_103454,4010781,4013696,49,FreshSquat,0.0002136477888846,0.0002817487056909,0.261478377584444,0.3114984761938756,3.197391089002997e-08,0.0,0.0,0.0,0.0,0.0,0,3.999155278095596,4.117738676527408,0.0544485697502577,0.0020568277848319,0,session_20260531_103454,0.0,0.0,1.318747029467522,0.8394210460993705,0.3977728641812874
session_20260531_103454,4011752,4014670,49,FreshSquat,0.0002090889174921,0.0002737304847913,0.2567780894015719,0.3050607306211172,3.0033574555259484e-08,0.0,0.0,0.0,0.0,0.0,0,3.997546962835795,4.115176480583562,0.0458637447479066,0.0020362145825362,0,session_20260531_103454,0.0,0.0,1.3091520053885062,0.841727770195241,0.39555137652196615
session_20260531_103454,4012782,4015701,49,FreshSquat,0.0001986062607797,0.0002606725333763,0.2494885517556701,0.2899651407384548,2.7120634033719046e-08,0.0,0.0,0.0,0.0,0.0,0,3.9945351639586377,4.082271174319444,0.0396420649172336,0.0023526701074905,0,session_20260531_103454,0.0,0.0,1.3125025356723705,0.860408772792096,0.3933367266346848
session_20260531_103454,4013756,4016672,49,FreshSquat,0.0002080124900454,0.0002715121697424,0.2676170492563776,0.3032822104862758,2.9296727517732782e-08,0.0,0.0,0.0,0.0,0.0,0,3.987702338057678,4.130194274987617,0.0398235633762253,0.0022211000310407,0,session_20260531_103454,0.0,0.0,1.3052623158389445,0.8824027230112962,0.39209281535002477
session_20260531_103454,4014732,4017707,50,FreshSquat,0.0001951649506886,0.0002564712840963,0.2593441200479864,0.2904054466247559,2.5125949944999573e-08,0.0,0.0,0.0,0.0,0.0,0,3.990137441022039,4.130194274987617,0.0384279277238749,0.0022347555021825,0,session_20260531_103454,0.0,0.0,1.3141190007344912,0.8930415120280213,0.3762636005095141
session_20260531_103454,4015762,4018677,49,FreshSquat,0.0001806003868985,0.0002382836728755,0.2414566172416113,0.2633153640980623,2.0570179023287678e-08,0.0,0.0,0.0,0.0,0.0,0,3.997922098381924,4.130194274987617,0.0353306915527411,0.0018486763625855,0,session_20260531_103454,0.0,0.0,1.3193900499192628,0.9169864324160859,0.3560141280315252
session_20260531_103454,4016733,4019708,50,FreshSquat,0.0001858170270919,0.000262861729648,0.2474429586336016,0.2764957363128662,2.6914185490336836e-08,0.0,0.93,0.0,0.0,0.0,0,4.000968125160796,4.060437303840664,0.0259226891098537,0.0019969080811479,0,session_20260531_103454,0.0,3537.968281944591,1.4146190967682404,0.8949250394902464,0.38396020541878784
session_20260531_103454,4017767,4020678,49,FreshSquat,0.0001836972009567,0.0002665576542272,0.2393807077762626,0.267463124593099,2.7713234052210628e-08,0.0,0.9285714285714284,0.0,0.0,0.0,0,4.003265899635118,4.060437303840664,0.026866439547468,0.0019402338791021,0,session_20260531_103454,0.0,3483.5538589565544,1.4510629545579001,0.8950045253731194,0.3846229939124722
session_20260531_103454,4018738,4021710,50,FreshSquat,0.0001721620003382,0.0002549341834071,0.2285043791256845,0.2558327325026194,2.3640761511233174e-08,0.0,0.92875,0.0,0.0,0.0,0,4.003555955506079,4.053262600374271,0.0245381352660095,0.0019405382124285,0,session_20260531_103454,0.0,3643.082871448547,1.4807721920871668,0.8931788203847842,0.3582398304156247
session_20260531_103454,4019769,4022682,49,FreshSquat,0.0001519666318179,0.0002086830987213,0.2011181864674602,0.2212634159269786,1.5256807783108436e-08,0.0,0.0,0.0,0.0,0.0,0,4.002798587411684,4.046449609622522,0.0252472641134052,0.0021289289768206,0,session_20260531_103454,0.0,0.0,1.3732075457447486,0.9089536321037349,0.3424753092017658
session_20260531_103454,4020739,4023713,50,FreshSquat,0.0001607187032699,0.0002166355002607,0.2161839882860581,0.2389887117624282,1.710756748660465e-08,0.0,0.5808593750000001,0.0,0.0,0.0,0,4.003484819946069,4.053557307570094,0.0266931585148476,0.0020490234757405,0,session_20260531_103454,0.0,2681.2627341237276,1.34790878687039,0.9045782362992196,0.3569211765128913
session_20260531_103454,4021770,4024683,49,FreshSquat,0.0001978350010047,0.000260080390697,0.2504364627528758,0.2880477614629836,2.681363489062721e-08,0.0,0.9285714285714284,0.0,0.0,0.0,0,4.005329658630055,4.073890680980291,0.0341193439581908,0.0020210226441537,0,session_20260531_103454,0.0,3570.3109172206496,1.3146262023908444,0.8694268638349822,0.39063123535164984
session_20260531_103454,4022742,4025715,50,FreshSquat,0.0001993066549301,0.0002610885263597,0.2574886292905856,0.2961696892261505,2.6522283462301763e-08,0.0,0.92875,0.0,0.0,0.0,0,4.012423079674293,4.073890680980291,0.0309623916183896,0.0017115943752531,0,session_20260531_103454,0.0,3557.208950314123,1.3099774138191904,0.8693956126772165,0.38345164082649574
session_20260531_103454,4023773,4026690,49,FreshSquat,0.0002073815485247,0.0002715314603068,0.264557381535177,0.3023622977490328,2.9559874183222052e-08,0.0,0.3486926020408163,0.0,0.0,0.0,0,4.011758130442326,4.073890680980291,0.0385628987830831,0.0017865039810468,0,session_20260531_103454,0.0,1284.1654424919745,1.3093264705176464,0.874968151220352,0.39555918173179555
session_20260531_103454,4024744,4027724,50,FreshSquat,0.000191594449679,0.0002540804353504,0.2558475203346461,0.2854757300217946,2.6295738095698893e-08,0.0,0.0,0.0,0.0,0.0,0,4.004970720062602,4.074655856445369,0.0399111602031708,0.0016808431127729,0,session_20260531_103454,0.0,0.0,1.3261297999304664,0.8962146078719154,0.40111340042928423
session_20260531_103454,4025776,4028694,49,FreshSquat,0.0002083421888805,0.0002779858677488,0.2765194027085288,0.3039712535767327,3.1639608125110146e-08,0.0,0.8141741071428571,0.0,0.0,0.0,0,3.9961293385952703,4.074655856445369,0.0415222522886339,0.0016844555845642,0,session_20260531_103454,0.0,2928.8221912647223,1.334269045426991,0.9096893161610644,0.40420499844102753
session_20260531_103454,4026750,4029725,50,FreshSquat,0.0001988373835881,0.0002645243896471,0.2701081910833716,0.2958700267791748,2.7700840960304552e-08,0.0,0.93,0.0,0.0,0.0,0,4.00292909824297,4.074655856445369,0.0390454288894728,0.0016641101794096,0,session_20260531_103454,0.0,3515.7305740696625,1.3303487227851873,0.9129285352451083,0.39030027410931817
session_20260531_103454,4027784,4030695,49,FreshSquat,0.00020161476265,0.0002644750776101,0.2708545785290854,0.2935510944184802,2.6739854935242273e-08,0.0,1.1607142857142858,0.0,0.0,0.0,0,4.008341102608643,4.066159353135127,0.0337524561546824,0.0016642196859479,0,session_20260531_103454,0.0,4388.730716981714,1.3117777803376527,0.9226829085511019,0.37689866808771866
session_20260531_103454,4028755,4031729,50,FreshSquat,0.0001962544679641,0.0002594551694444,0.2701735645126861,0.2918303938627243,2.6212779150633183e-08,0.0,1.045546875,0.0,0.0,0.0,0,4.012710658367189,4.066159353135127,0.0294131840959867,0.0016798564637191,0,session_20260531_103454,0.0,4029.7630125309274,1.322027723028134,0.925789668481155,0.383693442696163
session_20260531_103454,4029786,4032702,49,FreshSquat,0.0002077230223182,0.0002698079253261,0.2755642787137126,0.3028601665399513,2.7515424773601664e-08,0.0,0.9298469387755102,0.0,0.0,0.0,0,4.015419558370592,4.081464595316002,0.0298045625015645,0.0017098592259165,0,session_20260531_103454,0.0,3446.3164539559484,1.2988768574527088,0.9098729653095169,0.3728563436897113
session_20260531_103454,4030756,4033671,49,FreshSquat,0.0002111357977601,0.0002763821938279,0.2751152758161556,0.3078359931342456,2.897902289564789e-08,0.0,0.6973852040816326,0.0,0.0,0.0,0,4.012390214475554,4.081464595316002,0.0337803472928236,0.0019040724555678,0,session_20260531_103454,0.0,2523.2547407201782,1.3090195397485085,0.8937073021297804,0.3744683093861919
session_20260531_103454,4031790,4034703,49,FreshSquat,0.0001773102672732,0.0002315557608941,0.2391908643536624,0.2581637491498674,1.8229278429128795e-08,0.0,0.0,0.0,0.0,0.0,0,4.007968451953986,4.084147816609293,0.0389228653397928,0.0020955651143339,0,session_20260531_103454,0.0,0.0,1.3059280690680555,0.9265083274271039,0.3337591074628214
session_20260531_103454,4032762,4035675,49,FreshSquat,0.0001650584230617,0.0002201749644377,0.2249801546831925,0.2403250639779227,1.785265367552957e-08,0.0,0.0,0.0,0.0,0.0,0,4.003106375206286,4.084147816609293,0.0348614850300932,0.0023438986940061,0,session_20260531_103454,0.0,0.0,1.333913328628306,0.9361493554734299,0.3608272182165217
session_20260531_103454,4033732,4036709,50,FreshSquat,0.0001829763968785,0.0002484892432101,0.2389958442300558,0.2722688785552978,2.2302918428363208e-08,0.0,0.0,0.0,0.0,0.0,0,4.008061549360218,4.133564878384149,0.0461884057673436,0.0022795686937717,0,session_20260531_103454,0.0,0.0,1.3580324534570845,0.8777934687960389,0.3554425319776193
session_20260531_103454,4034764,4037680,49,FreshSquat,0.00020467428934,0.0002705207230174,0.2535515014646689,0.2984151138578142,2.816781651667985e-08,0.0,0.0,0.0,0.0,0.0,0,4.016767112312136,4.133564878384149,0.0426326717163874,0.0024441995661582,0,session_20260531_103454,0.0,0.0,1.3217068063747535,0.8496603852840314,0.3797150381783402
session_20260531_103454,4035735,4038711,50,FreshSquat,0.000212620306015,0.0002798353914794,0.2690197119385003,0.3163790153503418,2.9941153557654235e-08,0.0,0.0,0.0,0.0,0.0,0,4.000385620884253,4.133564878384149,0.0821156673124046,0.0021388361553243,0,session_20260531_103454,0.0,0.0,1.316121120334282,0.8503083265187277,0.3775307859851884
session_20260531_103454,4036769,4039679,49,FreshSquat,0.0002004480605222,0.0002629478285445,0.2578724392894084,0.2916519280599088,2.7709127089886442e-08,0.0,0.0,0.0,0.0,0.0,0,4.000377146021711,4.0834843116268775,0.0773401524460048,0.0019776679930627,0,session_20260531_103454,0.0,0.0,1.3117937687484358,0.8841787541766551,0.39504577426045445
session_20260531_103454,4037742,4040710,50,FreshSquat,0.000206881348292,0.000273963336881,0.2713590938565631,0.3070119208653768,3.0779482152537335e-08,0.0,0.0,0.0,0.0,0.0,0,3.9947058927819383,4.0834843116268775,0.0769882091519198,0.0017247235935794,0,session_20260531_103454,0.0,0.0,1.3242470377140145,0.883871519411395,0.4046954690406025
session_20260531_103454,4038772,4041683,49,FreshSquat,0.0002032289131969,0.0002659539345113,0.2626292077735775,0.2959012976146879,2.8377152716622036e-08,0.0,0.0,0.0,0.0,0.0,0,4.005408291160963,4.081742990152019,0.0380466049855774,0.0017572658466992,0,session_20260531_103454,0.0,0.0,1.3086357727940847,0.8875567934413287,0.3956024143236664
session_20260531_103454,4039741,4042720,50,FreshSquat,0.0001985488971074,0.0002592868731662,0.2643960878982518,0.2958378566900889,2.606757980227501e-08,0.0,0.0,0.0,0.0,0.0,0,4.005253040496551,4.064812026716618,0.0335418042466578,0.0020694267160232,0,session_20260531_103454,0.0,0.0,1.3059028332104652,0.8937195866771906,0.3820562958867799
session_20260531_103454,4040772,4043690,49,FreshSquat,0.0001919710717233,0.0002497532611267,0.2500371347366179,0.2800857936443925,2.4564629132262573e-08,0.0,1.046795280612245,0.0,0.0,0.0,0,4.009248544868287,4.065012720655347,0.0300846480852107,0.0018998578202662,0,session_20260531_103454,0.0,4191.300984775619,1.3009874763798102,0.892716230232506,0.3875972155187718
session_20260531_103454,4041744,4044723,50,FreshSquat,0.0001951764901479,0.0002559896945244,0.2650729256387178,0.2908129703203837,2.6391286999690525e-08,0.0,1.04765625,0.0,0.0,0.0,0,4.016648512930161,4.084055075081882,0.0275892598009544,0.002194379750817,0,session_20260531_103454,0.0,4092.555988983973,1.3115738619777222,0.9114893480686301,0.39667818912694663
session_20260531_103454,4042781,4045694,49,FreshSquat,0.0001881491164771,0.0002445193354909,0.2577780461595172,0.2739451135907854,2.3589225115215942e-08,0.0,1.0446428571428572,0.0,0.0,0.0,0,4.022286556909261,4.156991466781222,0.0358573706732558,0.0019515167922146,0,session_20260531_103454,0.0,4272.212595511241,1.299597045536035,0.9409842790756889,0.38804637970818356
session_20260531_103454,4043751,4046727,50,FreshSquat,0.0001958265463511,0.0002567645439489,0.2744004562988877,0.2913899009704589,2.5984826333751712e-08,0.0,0.0,0.0,0.0,0.0,0,4.022470720963002,4.382643455928313,0.0742361997120924,0.0021229947759169,0,session_20260531_103454,0.0,0.0,1.311176842754011,0.9416951460682614,0.3882502732282858
session_20260531_103454,4044784,4047699,49,FreshSquat,0.0001807024365379,0.0002369186639794,0.2477092776631898,0.2634641524723598,2.0955962910829232e-08,0.0,0.0,0.0,0.0,0.0,0,4.0236859760541615,4.382643455928313,0.0737127280676342,0.0020070888866027,0,session_20260531_103454,0.0,0.0,1.3110910811577714,0.9402010649208757,0.36680897288631426
session_20260531_103454,4045755,4048669,49,FreshSquat,0.0001927374252656,0.0002534692861268,0.2537120694582838,0.2808184286120797,2.4454273639249323e-08,0.0,0.0,0.0,0.0,0.0,0,4.021193739769975,4.382643455928313,0.0698322619141467,0.0019050916648353,0,session_20260531_103454,0.0,0.0,1.315094723729899,0.9034737136332526,0.3747972158956959
session_20260531_103454,4046787,4049700,49,FreshSquat,0.000192614769449,0.0002548387009334,0.2477381602639244,0.2804471043178013,2.3755647124958563e-08,0.0,0.0,0.0,0.0,0.0,0,4.017755131107543,4.083398690227658,0.0277418906017968,0.002237352184437,0,session_20260531_103454,0.0,0.0,1.323041730500031,0.8833685766989419,0.3602464602098143
session_20260531_103454,4047760,4050672,49,FreshSquat,0.0002021034234235,0.0002620658667654,0.2558424267988829,0.294262584504627,2.51433252613053e-08,0.0,0.0,0.0,0.0,0.0,0,4.01004559535992,4.107735656141112,0.033350744909843,0.0024110281223506,0,session_20260531_103454,0.0,0.0,1.296685457577807,0.8694358012254331,0.36084758680432116
session_20260531_103454,4048730,4051704,50,FreshSquat,0.0002048830986022,0.0002662220533928,0.2610924337505051,0.3046611676216125,2.5361336063634216e-08,0.0,0.0,0.0,0.0,0.0,0,4.010249245013053,4.107735656141112,0.0383802785672894,0.0024234735774654,0,session_20260531_103454,0.0,0.0,1.2993787961538825,0.8569928190447548,0.3528573885545941
session_20260531_103454,4049761,4052675,49,FreshSquat,0.0001969901477398,0.0002529891621816,0.2567943954958143,0.2870146452569638,2.30674996478305e-08,0.0,0.0,0.0,0.0,0.0,0,4.017201392399224,4.144595311840908,0.0441556310498588,0.0022481478005145,0,session_20260531_103454,0.0,0.0,1.2842666540314096,0.8947083322915397,0.35486541348742434
session_20260531_103454,4050732,4053705,50,FreshSquat,0.0002014337619145,0.0002637725960643,0.264952606920277,0.2993305702050526,2.6621695599930594e-08,0.0,0.0,0.0,0.0,0.0,0,4.026611980450026,4.156718111690372,0.0452260607921399,0.0019955944574433,0,session_20260531_103454,0.0,0.0,1.3094690983687294,0.885150507192179,0.3772061639331406
session_20260531_103454,4051764,4054675,49,FreshSquat,0.0001968861356073,0.000261847800816,0.2549441627519471,0.286666213444301,2.766833879544044e-08,0.0,0.0,0.0,0.0,0.0,0,4.024103962545458,4.156718111690372,0.0450737599584426,0.0020603409391382,0,session_20260531_103454,0.0,0.0,1.3299385965889965,0.8893415055769766,0.39773778234663104
session_20260531_103454,4052736,4055709,50,FreshSquat,0.0002073813915252,0.0002749786634305,0.2608861722124119,0.3081687478065491,3.0877837801090216e-08,0.0,0.0,0.0,0.0,0.0,0,4.02193077420059,4.156718111690372,0.037251702386274,0.00178651122893,0,session_20260531_103454,0.0,0.0,1.3259499102511123,0.846569203472937,0.40303513579851286
session_20260531_103454,4053766,4056680,49,FreshSquat,0.000196447518407,0.0002594412291526,0.2480116879747116,0.2862240343191186,2.6357063624092578e-08,0.0,0.0,0.0,0.0,0.0,0,4.014367680430787,4.087991170978339,0.0313684874286553,0.0018857953837463,0,session_20260531_103454,0.0,0.0,1.3206576015762683,0.8664949737648584,0.38584628241209434
session_20260531_103454,4054737,4057714,50,FreshSquat,0.0001928964853286,0.0002502107094882,0.2587124590650201,0.2870299701690674,2.373593176617252e-08,0.0,0.0,0.0,0.0,0.0,0,4.018495466523191,4.109806266258824,0.0313664465121826,0.001948442492788,0,session_20260531_103454,0.0,0.0,1.2971175288364554,0.9013430131051797,0.373174794689396
session_20260531_103454,4055769,4058683,49,FreshSquat,0.0001762927146185,0.0002237573092011,0.2458006434714687,0.2568584851991563,1.823545141655657e-08,0.0,0.0,0.0,0.0,0.0,0,4.018685411909858,4.109806266258824,0.03404337463695,0.002076853928545,0,session_20260531_103454,0.0,0.0,1.2692302143914282,0.9569496694802061,0.3570864228655321
session_20260531_103454,4059774,4062686,49,FatiguedSquat,0.0002165620910878,0.0002868980033979,0.2755129835222448,0.3153144046238491,3.2064376178656966e-08,0.0,0.0,0.0,0.0,0.0,0,4.013953703187153,4.081200459583659,0.0291015659301073,0.0019216631187493,1,session_20260531_103454,0.0,0.0,1.3247779294098851,0.8737722685937636,0.3848781353867506
session_20260531_103454,4060744,4063718,50,FatiguedSquat,0.0002066044012705,0.0002771871770133,0.2730819889664339,0.3072207446893056,2.9934626081906666e-08,0.0,0.0,0.0,0.0,0.0,0,4.0178623800041,4.100849754394477,0.0290619279578459,0.0019118020586747,1,session_20260531_103454,0.0,0.0,1.3416259948131277,0.8888787388160417,0.38460202614777506
session_20260531_103454,4061776,4064690,49,FatiguedSquat,0.0001996630632958,0.0002598218774263,0.2676387016800213,0.2909090832220454,2.515589310255289e-08,0.0,0.0,0.0,0.0,0.0,0,4.020509452359423,4.100849754394477,0.0275860307778326,0.0017295111582644,1,session_20260531_103454,0.0,0.0,1.3012951511528488,0.9200080581730398,0.36719960425990594
session_20260531_103454,4062746,4065721,50,FatiguedSquat,0.0001839216709136,0.0002381887318221,0.25562029941231,0.2736754463195801,2.1462979744612835e-08,0.0,0.0,0.0,0.0,0.0,0,4.023661634519026,4.100849754394477,0.0241075669703007,0.002054143014329,1,session_20260531_103454,0.0,0.0,1.2950482430411867,0.934027154850371,0.37175715075672183
session_20260531_103454,4063778,4066692,49,FatiguedSquat,0.0001756313544552,0.0002276089596855,0.2400297666650239,0.2558948834412763,1.9540388881809582e-08,0.0,0.0,0.0,0.0,0.0,0,4.019869772928037,4.071100506276743,0.022818111698169,0.0020963568340786,1,session_20260531_103454,0.0,0.0,1.295939807853331,0.9380014265979075,0.3700422041595948
session_20260531_103454,4064751,4067724,50,FatiguedSquat,0.0001690223058064,0.0002177524515257,0.2358299253155787,0.2511671464284261,1.7815102859455397e-08,0.0,0.0,0.0,0.0,0.0,0,4.013064166547248,4.059525907945968,0.0244248486040441,0.0019643648251437,1,session_20260531_103454,0.0,0.0,1.2882983827988468,0.9389361934079457,0.36795800915800264
session_20260531_103454,4065782,4068696,49,FatiguedSquat,0.0001767499755028,0.0002310160198824,0.2405865473589752,0.25752471430772,2.0365812877785595e-08,0.0,0.0,0.0,0.0,0.0,0,4.012832019420078,4.059525907945968,0.0289573030447385,0.0017522277302684,1,session_20260531_103454,0.0,0.0,1.307014115340712,0.9342270200027009,0.37458914254444936
session_20260531_103454,4066752,4069726,50,FatiguedSquat,0.000184878484408,0.0002421178601654,0.2499051146919838,0.2749143063147862,2.2718914448686437e-08,0.0,0.0,0.0,0.0,0.0,0,4.020965705790095,4.122455458467789,0.0351616678526551,0.0014713011886779,1,session_20260531_103454,0.0,0.0,1.3095983090859553,0.9090291339614928,0.38105520315081093
session_20260531_103454,4067784,4070696,49,FatiguedSquat,0.0001858834182324,0.0002429979588437,0.2439172104888018,0.270646256946382,2.2902448562451982e-08,0.0,0.0,0.0,0.0,0.0,0,4.025009364329573,4.122455458467789,0.0328288777987249,0.0016687784901511,1,session_20260531_103454,0.0,0.0,1.3072529755554574,0.9012399149339965,0.381402303330548
session_20260531_103454,4068756,4071727,50,FatiguedSquat,0.0001924926042556,0.0002485592257657,0.2544498135828723,0.2860440099239349,2.302345392536649e-08,0.0,0.0,0.0,0.0,0.0,0,4.022135599411872,4.122455458467789,0.0318231809366197,0.0017332942433415,1,session_20260531_103454,0.0,0.0,1.2912596588697776,0.8895477753964783,0.36672243766054574
session_20260531_103454,4069787,4072698,49,FatiguedSquat,0.000196594705387,0.0002537357092197,0.259110047483728,0.2862418910435267,2.432980945585568e-08,0.0,0.0,0.0,0.0,0.0,0,4.017491004456552,4.065750902395069,0.0242083088185453,0.0019371693922638,1,session_20260531_103454,0.0,0.0,1.290647263734574,0.9052135787459336,0.37211893348135294
session_20260531_103454,4070757,4073670,49,FatiguedSquat,0.0001887643580534,0.0002454577319965,0.2546427806679691,0.2748409053257533,2.26061636246152e-08,0.0,0.0,0.0,0.0,0.0,0,4.0141824755335325,4.065750902395069,0.0228425296513899,0.0019632224153936,1,session_20260531_103454,0.0,0.0,1.3003325108363488,0.9265097545783649,0.3690832462325715
session_20260531_103454,4071788,4074704,49,FatiguedSquat,0.0001764320516261,0.0002288447627766,0.2462572944804797,0.2572379312709886,2.003412828322187e-08,0.0,0.0,0.0,0.0,0.0,0,4.031708876209255,4.445875188132315,0.0757758246466819,0.0030006294233529,1,session_20260531_103454,0.0,0.0,1.2970628840086709,0.9573133025383623,0.37538235465377423
session_20260531_103454,4072758,4075673,49,FatiguedSquat,0.0001689892966731,0.0002182192468718,0.2443016360494859,0.2463863945493892,1.8125256525086223e-08,0.0,0.0,0.0,0.0,0.0,0,4.031151136502312,4.445875188132315,0.0958275928480959,0.0029917352291083,1,session_20260531_103454,0.0,0.0,1.2913122893317954,0.9915386582312926,0.37279701443595925
session_20260531_103454,4073730,4076705,50,FatiguedSquat,0.0001793424288431,0.0002304663901771,0.2635489834159612,0.2668615341186524,2.030530390830442e-08,0.0,0.0,0.0,0.0,0.0,0,4.031429423185832,4.445875188132315,0.0956563681036446,0.0029331963214067,1,session_20260531_103454,0.0,0.0,1.2850562279520445,0.9875870019963037,0.37522674097622577
session_20260531_103454,4074765,4077680,49,FatiguedSquat,0.0001896553299053,0.0002434494974331,0.2660646070961897,0.2765174710020727,2.167143881362908e-08,0.0,0.0,0.0,0.0,0.0,0,4.015267766547365,4.192820622220594,0.0643218397054254,0.001937103739169,1,session_20260531_103454,0.0,0.0,1.2836349704471253,0.9621981756516106,0.3595865445010679
session_20260531_103454,4075735,4078712,50,FatiguedSquat,0.0001872844616572,0.0002386924663975,0.2658009573861957,0.2786792789459228,2.013512758861352e-08,0.0,0.0,0.0,0.0,0.0,0,4.016319385264373,4.083577066116815,0.0297943519893065,0.0018521243501283,1,session_20260531_103454,0.0,0.0,1.2744847586428967,0.9537880155201127,0.34731250404857195
session_20260531_103454,4076767,4079680,49,FatiguedSquat,0.0001823352307689,0.0002326367279034,0.2559863789769865,0.2654800959995814,1.905895073111384e-08,0.0,0.0,0.0,0.0,0.0,0,4.01952440699004,4.083577066116815,0.0281127805215013,0.0018738979116506,1,session_20260531_103454,0.0,0.0,1.2758667156954278,0.9642394359129307,0.34577292408795246
session_20260531_103454,4077740,4080711,50,FatiguedSquat,0.0001771922429402,0.000227226474356,0.2571830865425368,0.2633076730092366,1.93327840287912e-08,0.0,0.0,0.0,0.0,0.0,0,4.021909853847981,4.083577066116815,0.0242623105990662,0.0017351160405426,1,session_20260531_103454,0.0,0.0,1.2823653463619122,0.9767398064270434,0.3673208607384184
session_20260531_103454,4078772,4081681,49,FatiguedSquat,0.0001905786828929,0.0002508360771792,0.2611869511511303,0.2771014049264038,2.4767495327388705e-08,0.0,0.0,0.0,0.0,0.0,0,4.018528590655392,4.074612953212808,0.0222531629027786,0.001901270073407,1,session_20260531_103454,0.0,0.0,1.316174281390542,0.9425681197030797,0.38748411266670935
session_20260531_103454,4079741,4082712,50,FatiguedSquat,0.0002088872909545,0.000281174135142,0.2778118047863245,0.3104065143585205,3.198355113644846e-08,0.0,0.0,0.0,0.0,0.0,0,4.018572458426597,4.057286018829274,0.0209678930139079,0.0018602605498557,1,session_20260531_103454,0.0,0.0,1.346050244641263,0.8949934715946634,0.3995002857202117
session_20260531_103454,4080772,4083683,49,FatiguedSquat,0.000197485677239,0.0002678189364899,0.2633834749956926,0.2875391460600353,2.7889947130636492e-08,0.0,0.0,0.0,0.0,0.0,0,4.019028089651713,4.072338435078501,0.0263410274635068,0.0020110619307466,1,session_20260531_103454,0.0,0.0,1.356136728989487,0.9159917099590643,0.383488302125136
session_20260531_103454,4081742,4084716,50,FatiguedSquat,0.0002133607546488,0.0002859016353866,0.2861283472149011,0.3172674421628316,3.1119859568762535e-08,0.0,0.0,0.0,0.0,0.0,0,4.017459006672893,4.072338435078501,0.0272861298920194,0.0019949111366366,1,session_20260531_103454,0.0,0.0,1.3399853964324717,0.9018522176826415,0.37611742125694797
session_20260531_103454,4082773,4085688,49,FatiguedSquat,0.0002129628788046,0.0002812747015486,0.2845651929679194,0.3104998772971484,3.015271426202018e-08,0.0,0.0,0.0,0.0,0.0,0,4.015710350404343,4.072338435078501,0.0296083525450325,0.0019171123833115,1,session_20260531_103454,0.0,0.0,1.3207624838890026,0.9164744106456314,0.37636574908136916
session_20260531_103454,4083744,4086720,50,FatiguedSquat,0.0002224769274393,0.0002918597798848,0.2948256985068321,0.3310456680297852,3.356265491234558e-08,0.0,0.0,0.0,0.0,0.0,0,4.01097677540985,4.066754041379316,0.0260580941772253,0.0019010267992006,1,session_20260531_103454,0.0,0.0,1.3118594875639065,0.8905892029063389,0.38943867456459474
session_20260531_103454,4084776,4087695,49,FatiguedSquat,0.0002239018151549,0.0002917553255768,0.2903227081249918,0.3268966501261912,3.310544874629876e-08,0.0,1.047512755102041,0.0,0.0,0.0,0,4.011766064398741,4.066754041379316,0.0276945979404224,0.0016838775820184,1,session_20260531_103454,0.0,3590.3686167938818,1.3030444721070542,0.8881177189328842,0.38440546900798894
session_20260531_103454,4085749,4088729,50,FatiguedSquat,0.0002148945411046,0.0002817768457181,0.2895653344312062,0.3201928662459056,3.004986089164747e-08,0.0,1.97890625,0.0,0.0,0.0,0,4.011422742075524,4.063442742921865,0.0275184595006957,0.00178195510294,1,session_20260531_103454,0.0,7022.930581915812,1.311227046730326,0.9043466112217368,0.3737628993768417
session_20260531_103454,4086781,4089699,49,FatiguedSquat,0.0002149606967458,0.0002833556525664,0.2800431073235576,0.3136276565522564,3.1197553338745124e-08,0.0,1.977279974489796,0.0,0.0,0.0,0,4.014434443667353,4.070728338486522,0.0282625614648117,0.0018358853465855,1,session_20260531_103454,0.0,6978.060887511552,1.3181681055554673,0.892915852859364,0.3837789384894992
session_20260531_103454,4087755,4090670,49,FatiguedSquat,0.0002163089294822,0.0002955865596242,0.2838059218254472,0.3153784191851713,3.4677872816022926e-08,0.0,0.9298469387755102,0.0,0.0,0.0,0,4.016129714679432,4.070728338486522,0.028910527561397,0.0020916903186599,1,session_20260531_103454,0.0,3145.7580283746925,1.3664955664854195,0.8998901118815086,0.3924105223164562
session_20260531_103454,4088789,4091703,49,FatiguedSquat,0.0002210817126189,0.0002968856371329,0.2817869783899284,0.3221160552858494,3.4844582385129785e-08,0.0,0.0,0.0,0.0,0.0,0,4.035444510903826,5.123980055586285,0.164694059550454,0.0071937521232019,1,session_20260531_103454,0.0,0.0,1.3428713336110918,0.8747995416281498,0.39089252435346233
session_20260531_103454,4089760,4092674,49,FatiguedSquat,0.0002182105852633,0.0002944048633746,0.2865466720275074,0.3179328227286436,3.3354917139011513e-08,0.0,0.0,0.0,0.0,0.0,0,4.030779710742371,5.123980055586285,0.1667407161231874,0.0071502249471013,1,session_20260531_103454,0.0,0.0,1.3491715530106394,0.9012805556436526,0.3804415457309682
session_20260531_103454,4090731,4093708,50,FatiguedSquat,0.0002100691239039,0.0002732645531118,0.2787992224290966,0.3125828563690185,2.8248099149315432e-08,0.0,0.0,0.0,0.0,0.0,0,4.026433937923655,5.123980055586285,0.16520788189944,0.0069933625947935,1,session_20260531_103454,0.0,0.0,1.3008254007447977,0.8919210246387927,0.37328910624454065
session_20260531_103454,4091763,4094679,49,FatiguedSquat,0.0002104587376523,0.0002751638333159,0.2771845318013992,0.3068488394970796,2.8725219101840592e-08,0.0,2.092155612244898,0.0,0.0,0.0,0,4.008060562671458,4.0638442561328345,0.0363168072506628,0.0020627333091197,1,session_20260531_103454,0.0,7603.281229774814,1.3074416816507557,0.9033259873244893,0.3744400507151606
session_20260531_103454,4092734,4095708,50,FatiguedSquat,0.0002107230265935,0.0002754028860407,0.2868630693883324,0.3133451405445734,2.95178068608114e-08,0.0,2.09109375,0.0,0.0,0.0,0,4.015373599811054,4.0638442561328345,0.0281443129693677,0.001907904923411,1,session_20260531_103454,0.0,7592.825867718409,1.306936330388037,0.9154859334160955,0.3841126267443455
session_20260531_103454,4093769,4096677,49,FatiguedSquat,0.0002011162894112,0.0002623982745677,0.2781771723468641,0.2924230848039899,2.6502683891799023e-08,0.0,3.013711734693877,0.0,0.0,0.0,0,4.018763623941461,4.069074643174038,0.0277587480670513,0.0021511854310192,1,session_20260531_103454,0.0,11485.21366783096,1.30470272016846,0.951283212069396,0.37940731388831656
session_20260531_103454,4094740,4097709,50,FatiguedSquat,0.0001893625259399,0.0002457068878187,0.2720090577741464,0.2810139884948729,2.321366589230877e-08,0.0,0.9275,0.0,0.0,0.0,0,4.020156114336235,4.081593087599846,0.0261948804892792,0.0021661273660562,1,session_20260531_103454,0.0,3774.80759056613,1.297540730714331,0.9679555749629652,0.378245996193385
session_20260531_103454,4095769,4098680,49,FatiguedSquat,0.0001922114771239,0.0002488559800129,0.2653326725392115,0.2798599106924874,2.281731529819793e-08,0.0,1.625,0.0,0.0,0.0,0,4.016625539079898,4.081593087599846,0.0271909115134403,0.002054518049108,1,session_20260531_103454,0.0,6529.855019199239,1.2946921226788397,0.9480910321688425,0.3625865175297866
session_20260531_103454,4096738,4099714,50,FatiguedSquat,0.0002001365343729,0.0002599231661725,0.2768159880399703,0.2978031631469727,2.5223147856385237e-08,0.0,1.04625,0.0,0.0,0.0,0,4.017593769449403,4.081593087599846,0.027262225125418,0.0021320194958106,1,session_20260531_103454,0.0,4025.212489498382,1.2987227357773194,0.9295266852952417,0.36789860867057916
session_20260531_103454,4097770,4100684,49,FatiguedSquat,0.0002090692925615,0.0002685544409795,0.2788407619942461,0.3046139592621601,2.6472575172933504e-08,0.0,1.0453603316326532,0.0,0.0,0.0,0,4.015027061800222,4.064518135570063,0.0266538068144205,0.0018932559824463,1,session_20260531_103454,0.0,3892.530822760169,1.284517459124434,0.9153906201615553,0.3620355107690072
session_20260531_103454,4098740,4101717,50,FatiguedSquat,0.0002393110752105,0.0003113490553594,0.3125143467798829,0.3560948799133301,3.532949629705396e-08,0.0,3.4875,0.0,0.0,0.0,0,4.021263266739673,4.0669331473036605,0.0268911403316529,0.0018807089113962,1,session_20260531_103454,0.0,11201.218499782444,1.3010169047488973,0.8776153871640342,0.36073242037941194
session_20260531_103454,4099775,4102691,49,FatiguedSquat,0.0002320844299939,0.0003048746262969,0.3005839178941156,0.3383790989311374,3.4052167218577616e-08,0.0,3.1382334183673466,0.0,0.0,0.0,0,4.018554993253188,4.0669331473036605,0.0261034723834528,0.0017191079923706,1,session_20260531_103454,0.0,10293.487401682974,1.3136310465715713,0.8883052113894936,0.36245553183259704
session_20260531_103454,4100745,4103723,50,FatiguedSquat,0.0002292621294657,0.0003054239963994,0.3045116659676346,0.3413713107744852,3.49818045290073e-08,0.0,3.140859375,0.0,0.0,0.0,0,4.017817900580447,4.0669331473036605,0.0255558021497222,0.0016198011513312,1,session_20260531_103454,0.0,10283.570146605623,1.33219849659731,0.8920247702853232,0.3710266027422344
session_20260531_103454,4101779,4104693,49,FatiguedSquat,0.0002306155039339,0.0003140116975802,0.2906828816409925,0.3360067892317869,3.605299968553167e-08,0.0,1.8584183673469383,0.0,0.0,0.0,0,4.011428115554334,4.067957481632939,0.0273708889226127,0.0016179238892775,1,session_20260531_103454,0.0,5918.290507575069,1.3616184974784067,0.8651101409006385,0.3619657476859571
session_20260531_103454,4102751,4105724,50,FatiguedSquat,0.0002229365825653,0.0003066537784146,0.2858319586349651,0.3312837616920471,3.2785784884383775e-08,0.0,1.8575,0.0,0.0,0.0,0,4.014554428246851,4.067957481632939,0.02672455361709,0.0016562126364514,1,session_20260531_103454,0.0,6057.300034922799,1.3755140559343733,0.862800990643985,0.34498083524376294
session_20260531_103454,4103783,4106697,49,FatiguedSquat,0.000239068942816,0.0003276773060186,0.2982868602290293,0.3483234496830272,3.951346361794604e-08,0.0,1.9745695153061225,0.0,0.0,0.0,0,4.018778226436659,4.067957481632939,0.0247777268350375,0.0022016210457828,1,session_20260531_103454,0.0,6025.9390964809245,1.3706336403434731,0.856350210254632,0.36460812405653203
session_20260531_103454,4104754,4107728,50,FatiguedSquat,0.0002162340799967,0.0002879147678763,0.2922002992217739,0.3215400769551594,3.105221400286509e-08,0.0,1.045546875,0.0,0.0,0.0,0,4.020781516113196,4.061054353415504,0.0221976943576133,0.0023418851943864,1,session_20260531_103454,0.0,3631.4331886442856,1.3314896356349484,0.9087523430361388,0.3701322605236302
session_20260531_103454,4105785,4108702,49,FatiguedSquat,0.0002044495838839,0.0002731114845647,0.2762758631375143,0.2980874933028707,2.7527175870228645e-08,0.0,1.046077806122449,0.0,0.0,0.0,0,4.019279921231665,4.071100506276743,0.0249924720415637,0.0022131815689558,1,session_20260531_103454,0.0,3830.2086694782142,1.3358312770571006,0.926828090469321,0.36416481647174337
session_20260531_103454,4106757,4109673,49,FatiguedSquat,0.0001876015809117,0.0002439569398552,0.262217552460616,0.2735231049693361,2.109633181551957e-08,0.0,0.9298469387755102,0.0,0.0,0.0,0,4.018836107368921,4.088112331169386,0.0302418133036562,0.0018445163182706,1,session_20260531_103454,0.0,3811.5051280045086,1.3003922369811354,0.958666916022855,0.34861333261749955
session_20260531_103454,4107789,4110704,49,FatiguedSquat,0.0001910889310901,0.0002452042095795,0.2660972272036406,0.2786076615294631,2.1209501129906736e-08,0.0,0.0,0.0,0.0,0.0,0,4.0168568836110605,4.088112331169386,0.0305131871464223,0.001865861929019,1,session_20260531_103454,0.0,0.0,1.2831874928244378,0.9550965855991146,0.3469851109402052
session_20260531_103454,4108763,4111674,49,FatiguedSquat,0.0002103086069327,0.0002657589129932,0.2846052484249785,0.3062093316941034,2.5319467471962308e-08,0.0,0.0,0.0,0.0,0.0,0,4.019683966861763,4.088112331169386,0.029523312163113,0.0017510782951171,1,session_20260531_103454,0.0,0.0,1.2636556021819965,0.929446682506222,0.35348660059602455
session_20260531_103454,4109734,4112708,50,FatiguedSquat,0.0002268561522165,0.0002906988100195,0.3117016355731835,0.3373350983460744,3.1164809651570536e-08,0.0,0.813203125,0.0,0.0,0.0,0,4.016889962364576,4.065012720655347,0.0270053358633523,0.0019819997577004,1,session_20260531_103454,0.0,2797.3981990062216,1.2814178754305838,0.9240118688432318,0.36447598089292693
session_20260531_103454,4110765,4113681,49,FatiguedSquat,0.000210837498814,0.0002728120549063,0.2896248136158576,0.3074010732709145,2.6962428120802543e-08,0.0,0.9298469387755102,0.0,0.0,0.0,0,4.021367399639616,4.071572824097724,0.0264926851618148,0.0020005701223617,1,session_20260531_103454,0.0,3408.366726053026,1.2939385190129464,0.9421724185667921,0.3574666421285374
session_20260531_103454,4111735,4114714,50,FatiguedSquat,0.0002231991052627,0.0002876658765688,0.3073216321679453,0.332566666841507,2.9962007324362565e-08,0.0,0.93125,0.0,0.0,0.0,0,4.018458312536961,4.071572824097724,0.0264746604356874,0.0024353464654786,1,session_20260531_103454,0.0,3237.2514038030968,1.2888250040483884,0.9240903009390199,0.3577482352161329
session_20260531_103454,4112768,4115687,49,FatiguedSquat,0.0002343334470476,0.0003000342104462,0.3063304227751483,0.3421268326895577,3.107386857818352e-08,0.0,0.6983418367346939,0.0,0.0,0.0,0,4.0215174395081466,4.099613327966905,0.0271632357635498,0.0022274610771947,1,session_20260531_103454,0.0,2327.532944203944,1.2803675013484233,0.8953709344327822,0.34139407288454227
session_20260531_103454,4113742,4116723,50,FatiguedSquat,0.0002417459011077,0.0003090285848367,0.3274035472913335,0.3602013926506042,3.4525518727808176e-08,0.0,0.93125,0.0,0.0,0.0,0,4.0194925783519935,4.099613327966905,0.0243107889885004,0.0019798373240205,1,session_20260531_103454,0.0,3013.465524642564,1.2783145654430768,0.9089458093793921,0.3577823411541425
session_20260531_103454,4114775,4117694,49,FatiguedSquat,0.000238148533568,0.0003065510238475,0.3209859848389921,0.3476968590094119,3.4742648630437665e-08,0.0,0.9311224489795916,0.0,0.0,0.0,0,4.0205993763922905,4.099613327966905,0.0233601386008439,0.0014492918965913,1,session_20260531_103454,0.0,3037.4043442714174,1.2872207610684612,0.923177692287193,0.3658140173293028
session_20260531_103454,4115748,4118676,49,FatiguedSquat,0.0002383702952845,0.0003099341580011,0.3168711602824683,0.348974112296591,3.626199893024783e-08,0.0,0.3501275510204081,0.0,0.0,0.0,0,4.023599978430195,4.080286560832104,0.0262847733525842,0.0017669570997705,1,session_20260531_103454,0.0,1129.680005580927,1.3002159409805973,0.9080076378420694,0.3736070928324522
session_20260531_103454,4116783,4119710,49,FatiguedSquat,0.0002485193281757,0.0003189809882363,0.3184765665734909,0.3638322964493109,3.78249612516248e-08,0.0,0.0,0.0,0.0,0.0,0,4.020017351899547,4.080286560832104,0.033947925735705,0.001939437101182,1,session_20260531_103454,0.0,0.0,1.2835207106711424,0.8753389097290379,0.36813018903691425
session_20260531_103454,4117756,4120686,49,FatiguedSquat,0.0002533872922261,0.0003258348515033,0.324525396432094,0.371212383111318,4.0134569264033735e-08,0.0,0.0,0.0,0.0,0.0,0,4.018740444882064,4.080286560832104,0.0355815465507864,0.001900548516142,1,session_20260531_103454,0.0,0.0,1.285911233864568,0.8742310610380292,0.3745002054612593
session_20260531_103454,4118736,4121718,50,FatiguedSquat,0.0002471079031626,0.0003174183873719,0.3219931942036375,0.3684378836154938,3.831136240803948e-08,0.0,0.0,0.0,0.0,0.0,0,4.01256705568013,4.075835518366201,0.0339705873469749,0.0016667606064968,1,session_20260531_103454,0.0,0.0,1.2845283326883439,0.8739415995173065,0.3765080440565485
session_20260531_103454,4119771,4122689,49,FatiguedSquat,0.0002511157065021,0.0003215168012732,0.3233177309987281,0.3663778157866731,3.926316937595261e-08,0.0,0.0,0.0,0.0,0.0,0,4.0179723827047855,4.084996660433252,0.0310203569902049,0.0017605488143117,1,session_20260531_103454,0.0,0.0,1.2803481128425491,0.8824708161492836,0.37618109328951554
session_20260531_103454,4120746,4123721,50,FatiguedSquat,0.0002536613543828,0.0003213670291153,0.3351420015215873,0.3774480953216552,3.793088224216861e-08,0.0,0.0,0.0,0.0,0.0,0,4.018101441533878,4.084996660433252,0.0282197995148395,0.0019230218566112,1,session_20260531_103454,0.0,0.0,1.2669086427792409,0.8879154638416421,0.36375199564632615
session_20260531_103454,4121778,4124691,49,FatiguedSquat,0.0002567048867543,0.0003219637807479,0.3415699112557229,0.3737623151143391,3.696734198382945e-08,0.0,0.0,0.0,0.0,0.0,0,4.0157005402603545,4.084996660433252,0.0245649227060112,0.001850999884713,1,session_20260531_103454,0.0,0.0,1.2542126899335972,0.9138693135431873,0.35321138135727675
session_20260531_103454,4122750,4125725,50,FatiguedSquat,0.0002572857062021,0.0003256136102644,0.3544079297944904,0.3828411308288574,3.910941938716994e-08,0.0,0.0,0.0,0.0,0.0,0,4.012103205608882,4.062682627129563,0.0209906104806078,0.0017673298992244,1,session_20260531_103454,0.0,0.0,1.2655671762870984,0.9257310678752313,0.3654258654879674
session_20260531_103454,4123782,4126700,49,FatiguedSquat,0.0002409509736664,0.0003076812970585,0.3313049774758555,0.3515474705793419,3.4551422800939914e-08,0.0,0.0,0.0,0.0,0.0,0,4.010787467886041,4.062682627129563,0.0223126842694829,0.001729400424799,1,session_20260531_103454,0.0,0.0,1.276940347807598,0.9424188886566411,0.36116049310263254
session_20260531_103454,4124752,4127670,49,FatiguedSquat,0.0002385351447021,0.0003117908565819,0.3286314593271675,0.3480227761203739,3.6707419981721135e-08,0.0,2.09359056122449,0.0,0.0,0.0,0,4.010541562992083,4.062682627129563,0.0220618445322276,0.0019432139072818,1,session_20260531_103454,0.0,6714.705714818934,1.307101097702763,0.9442814692944669,0.3737511206347423
session_20260531_103454,4125786,4128702,49,FatiguedSquat,0.0002193468687485,0.0002863584047395,0.3081140212900936,0.3198077346354114,2.9416597791619703e-08,0.0,2.092155612244898,0.0,0.0,0.0,0,4.00960449455271,4.072495832581343,0.0242604246445548,0.002017584065833,1,session_20260531_103454,0.0,7306.048195442099,1.305498915368232,0.9634351735673806,0.35441199026530656
session_20260531_103454,4126761,4129673,49,FatiguedSquat,0.000214787997356,0.0002830182421312,0.3042907115710633,0.3127313241504487,2.9086480619741272e-08,0.0,2.0892857142857144,0.0,0.0,0.0,0,4.012911597496974,4.072495832581343,0.0252484501389151,0.0020219114643972,1,session_20260531_103454,0.0,7382.133096509312,1.3176570756187949,0.9730100156249943,0.358652559485539
session_20260531_103454,4127732,4130708,50,FatiguedSquat,0.0002194343566894,0.0002870744037452,0.3182799845740198,0.3265183227539062,2.8471002966322643e-08,0.0,2.79,0.0,0.0,0.0,0,4.0149309064110925,4.072495832581343,0.0251329257490154,0.0020423610463253,1,session_20260531_103454,0.0,9718.700953134687,1.3082413339229546,0.9747691367358128,0.3413309935118743
session_20260531_103454,4128763,4131681,49,FatiguedSquat,0.0002384360388022,0.0003114627128182,0.3319934279164046,0.3478781806125122,3.4791486517928566e-08,0.0,2.791454081632653,0.0,0.0,0.0,0,4.012893895546335,4.070728338486522,0.0260018213924852,0.0022123233044374,1,session_20260531_103454,0.0,8962.37335763737,1.3062681636328317,0.9543381719932037,0.35498249032536666
session_20260531_103454,4129734,4132713,50,FatiguedSquat,0.0002631006320317,0.0003439305466752,0.3594449888362239,0.3920199417273203,4.505611775034621e-08,0.0,3.84140625,0.0,0.0,0.0,0,4.0131772201414,4.169322813623362,0.0340581055593976,0.0021709279185393,1,session_20260531_103454,0.0,11169.10119800009,1.3072155578030062,0.9169048552365235,0.3777080200936644
session_20260531_103454,4130768,4133691,49,FatiguedSquat,0.0002448082537878,0.0003202214414423,0.3214350556802055,0.3579096670377822,3.9712101914557786e-08,0.0,1.981345663265306,0.0,0.0,0.0,0,4.015207212179817,4.169322813623362,0.0341718165388203,0.0020509643428248,1,session_20260531_103454,0.0,6187.40415050617,1.3080446775915875,0.898089893582516,0.3835370142549829
session_20260531_103454,4131742,4134722,50,FatiguedSquat,0.0002449154059092,0.0003184078630011,0.3199974995199591,0.3649239548047382,3.842003567364205e-08,0.0,2.91015625,0.0,0.0,0.0,0,4.016201053461213,4.169322813623362,0.0314976427455813,0.0016975948409811,1,session_20260531_103454,0.0,9139.683558337214,1.3000675141343783,0.8768881692469152,0.37525588057249265
session_20260531_103454,4132774,4135693,49,FatiguedSquat,0.0002700076460027,0.0003503705494974,0.3342595835102303,0.394211163163996,4.2703184558699115e-08,0.0,2.7933673469387754,0.0,0.0,0.0,0,4.014809753695974,4.067764095604138,0.0234573535450614,0.0016532849003659,1,session_20260531_103454,0.0,7972.586104510474,1.2976271489243214,0.8479201349335067,0.3450496889781813
session_20260531_103454,4133751,4136724,50,FatiguedSquat,0.0002799838225046,0.0003600260990938,0.3645763610877717,0.4160559602419534,4.5612358991326816e-08,0.0,2.78625,0.0,0.0,0.0,0,4.015193731956855,4.080286560832104,0.0254798583245841,0.0019360452066077,1,session_20260531_103454,0.0,7739.000778033326,1.2858771981752153,0.8762676059237035,0.34920211925788724
session_20260531_103454,4134783,4137695,49,FatiguedSquat,0.0002888308982459,0.0003749067909293,0.3780490529288848,0.4205377878461565,5.098852107560738e-08,0.0,1.857142857142857,0.0,0.0,0.0,0,4.015675240296038,4.080286560832104,0.0267405907353241,0.0021353065086792,1,session_20260531_103454,0.0,4953.5989970746605,1.298010341676733,0.8989657123707017,0.36020263767719646
session_20260531_103454,4135754,4138669,49,FatiguedSquat,0.000268220796066,0.0003458118689721,0.3668853508985163,0.3910659206643396,4.462778156964551e-08,0.0,2.557079081632653,0.0,0.0,0.0,0,4.018206357466209,4.080286560832104,0.0271768221778213,0.0022462078687347,1,session_20260531_103454,0.0,7394.401166253175,1.289275793556344,0.9381675328217988,0.37009136679495014
session_20260531_103454,4136785,4139701,49,FatiguedSquat,0.0002575840836479,0.0003350162471393,0.3526485768823447,0.3755575939587184,4.189672861794732e-08,0.0,2.092155612244898,0.0,0.0,0.0,0,4.019089882473283,4.075142061513181,0.027840824210649,0.0020586346681339,1,session_20260531_103454,0.0,6244.919120163925,1.3006042213113658,0.9389999872618954,0.3699951504282431
session_20260531_103454,4137756,4140670,49,FatiguedSquat,0.0002606848226923,0.000340342633276,0.3458953289538432,0.379817786662757,4.323438267094587e-08,0.0,4.41374362244898,0.0,0.0,0.0,0,4.0212466113992855,4.088026806701407,0.0311335629319875,0.0020909595630691,1,session_20260531_103454,0.0,12968.491815064088,1.3055663317668131,0.9106875459476009,0.37005249112781524
session_20260531_103454,4138730,4141702,50,FatiguedSquat,0.0002430056254069,0.0003173161206711,0.3393423860843603,0.3611063593546549,3.6741390725230565e-08,0.0,2.78625,0.0,0.0,0.0,0,4.016874189659723,4.088026806701407,0.0310733500189963,0.0019768528010603,1,session_20260531_103454,0.0,8780.64818597656,1.3057920545984012,0.9397297398779698,0.36130950924997113
session_20260531_103454,4139762,4142675,49,FatiguedSquat,0.0002622616858709,0.0003427207435003,0.3534703765419267,0.3818530146280924,4.217953830075057e-08,0.0,3.714285714285714,0.0,0.0,0.0,0,4.013518022703632,4.088026806701407,0.0311910564317986,0.0021051832965612,1,session_20260531_103454,0.0,10837.613267109395,1.3067842356689878,0.925671297791166,0.35607315233836323
session_20260531_103454,4140731,4143707,50,FatiguedSquat,0.0002436249097188,0.000316182302777,0.351461793884635,0.3625138656616211,3.500611359176732e-08,0.0,2.0925,0.0,0.0,0.0,0,4.013526644871649,4.057889187525541,0.0264369435986811,0.0019733203649362,1,session_20260531_103454,0.0,6617.9965280323895,1.2978188696840443,0.9695126896006371,0.34669387653243194
session_20260531_103454,4141763,4144683,49,FatiguedSquat,0.0002545863754895,0.0003349819950916,0.3495203547477469,0.3716961082147092,4.0341004308731073e-08,0.0,2.095025510204082,0.0,0.0,0.0,0,4.010100670665657,4.063055531890979,0.0401401457577464,0.0019604364626731,1,session_20260531_103454,0.0,6254.124958286924,1.3157839992950304,0.940339019114799,0.3563285730858131
session_20260531_103454,4142735,4145720,50,FatiguedSquat,0.0002667028665542,0.0003490377858882,0.3648456119886289,0.3979206768989562,4.4327447868826606e-08,0.0,1.7484375,0.0,0.0,0.0,0,4.022533376563727,4.208537555650636,0.0546237737753399,0.0018581862489794,1,session_20260531_103454,0.0,5009.292865693266,1.3087091327086853,0.9168802534088815,0.3608922482953732
session_20260531_103454,4143767,4146692,49,FatiguedSquat,0.0002953424502392,0.0003892766488231,0.3727335379268264,0.4317906622497403,5.8745765900536554e-08,0.0,5.244738520408164,0.0,0.0,0.0,0,4.020269791122576,4.208537555650636,0.0593739116487868,0.0019130255409789,1,session_20260531_103454,0.0,13473.001946719878,1.3180473394883923,0.8632274146957266,0.38512644079845365
session_20260531_103454,4144744,4147727,50,FatiguedSquat,0.000301562611262,0.0003894809837439,0.3713028361391276,0.4499314160029093,5.7643302189520114e-08,0.0,5.2453125,0.0,0.0,0.0,0,4.034143185241364,4.208537555650636,0.0511534839884892,0.0021197114499455,1,session_20260531_103454,0.0,13467.407271523507,1.2915383991920595,0.8252431862003686,0.3775050743885871
session_20260531_103454,4145780,4148699,49,FatiguedSquat,0.0002660129913667,0.0003480076985239,0.3204286788945041,0.3883789673954451,4.40171393462671e-08,0.0,4.190051020408164,0.0,0.0,0.0,0,4.026407858413708,4.132620258508787,0.0373166287518787,0.0021835746018101,1,session_20260531_103454,0.0,12040.075544607129,1.3082308067178758,0.825041274037902,0.3604731036475745
session_20260531_103454,4146753,4149671,49,FatiguedSquat,0.0002262646568064,0.0002900166541168,0.2803548578333528,0.3301201342806524,3.0182692225604626e-08,0.0,0.0,0.0,0.0,0.0,0,4.030532133579582,4.1007716005442,0.0297658326260879,0.0021963876474525,1,session_20260531_103454,0.0,0.0,1.2817528661229722,0.8492510085608939,0.3546329799034556
session_20260531_103454,4147788,4150702,49,FatiguedSquat,0.0001968076358847,0.0002550546587899,0.2571482124316132,0.2867487254840176,2.4990922983752913e-08,0.0,0.0,0.0,0.0,0.0,0,4.02310783109694,4.06911760480044,0.0269120526685151,0.002239073041225,1,session_20260531_103454,0.0,0.0,1.295952576691418,0.8967719424063274,0.3783472177638126
session_20260531_103454,4148760,4151672,49,FatiguedSquat,0.0002075326604908,0.0002710864584631,0.2611238823121502,0.3021675536746071,2.8677435279983534e-08,0.0,0.0,0.0,0.0,0.0,0,4.020953653729886,4.068215315371479,0.0293067514597646,0.0021325785449591,1,session_20260531_103454,0.0,0.0,1.306228868232762,0.8641691613560055,0.3849947120863751
session_20260531_103454,4149731,4152703,50,FatiguedSquat,0.0002085218747456,0.0002705348882651,0.2704804254974549,0.3098635058720907,2.830866387825076e-08,0.0,0.0,0.0,0.0,0.0,0,4.019662966353335,4.068215315371479,0.0280015143072966,0.0021661184919386,1,session_20260531_103454,0.0,0.0,1.2973871024709174,0.8729018406452977,0.381574301960953
session_20260531_103454,4150763,4153674,49,FatiguedSquat,0.0002095834657448,0.0002700277272753,0.266353821094547,0.3051535261245001,2.8161994043257972e-08,0.0,0.0,0.0,0.0,0.0,0,4.019076938235183,4.064403440577485,0.0256044240081796,0.0019222302796885,1,session_20260531_103454,0.0,0.0,1.288395713469044,0.8728518513432646,0.3810052647076209
session_20260531_103454,4151733,4154706,50,FatiguedSquat,0.0002049311796824,0.0002658963721329,0.2789879752343521,0.3045277330080668,2.716798724237757e-08,0.0,0.34828125,0.0,0.0,0.0,0,4.019663485787482,4.0638442561328345,0.0223652615204044,0.0018804549072443,1,session_20260531_103454,0.0,1309.8333661828108,1.297484721750294,0.9161332255766295,0.3789073017242025
session_20260531_103454,4152764,4155679,49,FatiguedSquat,0.0002273989777986,0.0003040760799476,0.2849843141257915,0.3315477096304601,3.6150365659435296e-08,0.0,3.1382334183673466,0.0,0.0,0.0,0,4.020279587207755,4.0638442561328345,0.024533384892205,0.0015900551821725,1,session_20260531_103454,0.0,10320.51945154216,1.3371860582014186,0.8595574784210538,0.3867910398546775
session_20260531_103454,4153734,4156710,50,FatiguedSquat,0.0002282908916473,0.000311572948179,0.2778776379421353,0.3396968467712402,3.917566480619656e-08,0.0,3.4875,0.0,0.0,0.0,0,4.017934152886668,4.0638442561328345,0.0260622584001232,0.0016424767881937,1,session_20260531_103454,0.0,11193.169455863565,1.3648007641916833,0.8180165337573713,0.3994349785177055
session_20260531_103454,4154766,4157680,49,FatiguedSquat,0.0002073148237604,0.0002901391205673,0.23197397130551,0.3020576982190009,3.4329606090732585e-08,0.0,3.136080994897959,0.0,0.0,0.0,0,4.017528542641567,4.063686523531195,0.0290405653934973,0.0017881486756723,1,session_20260531_103454,0.0,10808.849836989446,1.3995030157592838,0.7679790050222222,0.4030208996786992
session_20260531_103454,4155740,4158711,50,FatiguedSquat,0.0001618216832478,0.0002271460079892,0.1797399340419098,0.2404670213063558,2.1826011968440125e-08,0.0,0.34828125,0.0,0.0,0.0,0,4.016305286553104,4.075749736284797,0.0286207176616597,0.0017560047281701,1,session_20260531_103454,0.0,1533.2856597281682,1.4036722382199658,0.7474618861164277,0.4149802027227507
session_20260531_103454,4156771,4159682,49,FatiguedSquat,0.0001343130254421,0.0001810464359663,0.1453522433482465,0.1955597650437128,1.3702055257701526e-08,0.0,0.0,0.0,0.0,0.0,0,4.016096368663761,4.075749736284797,0.0286673467396216,0.0016866814892802,1,session_20260531_103454,0.0,0.0,1.3479339582770928,0.7432625140068762,0.40565254100522546
session_20260531_103454,4157741,4160718,50,FatiguedSquat,0.0001390697161356,0.0001865169786185,0.1517227826431393,0.2069357376098632,1.4023946893255257e-08,0.0,0.0,0.0,0.0,0.0,0,4.014396858202457,4.075749736284797,0.0255550570020972,0.0017013810514388,1,session_20260531_103454,0.0,0.0,1.3411664497120863,0.7331879145785585,0.39185532354311803
session_20260531_103454,4158772,4161687,49,FatiguedSquat,0.0001704670539518,0.0002254521892809,0.1866061887823578,0.2485409646618122,1.8255841559789656e-08,0.0,0.0,0.0,0.0,0.0,0,4.014529431897771,4.060107215572794,0.0263617499673762,0.001757745723557,1,session_20260531_103454,0.0,0.0,1.322548032047382,0.7508065653702796,0.3522342872745853
session_20260531_103454,4159743,4162718,50,FatiguedSquat,0.0001913934707641,0.0002517216401349,0.212269089230895,0.2847934844970703,2.5417623913074295e-08,0.0,0.0,0.0,0.0,0.0,0,4.01728057551299,4.060107215572794,0.0241392350471894,0.0019252201328373,1,session_20260531_103454,0.0,0.0,1.3151980782410126,0.7453439072189683,0.39490567970280094
session_20260531_103454,4160778,4163688,49,FatiguedSquat,0.0001766233947001,0.0002383920415547,0.1948159019210927,0.256987039288696,2.2349914260966018e-08,0.0,0.0,0.0,0.0,0.0,0,4.018198201485623,4.070649606324505,0.0245348207846674,0.0019636149192051,1,session_20260531_103454,0.0,0.0,1.3497118671488082,0.7580767563307432,0.38647100858456657
session_20260531_103454,4161748,4164722,50,FatiguedSquat,0.0001472608089447,0.0002039603299579,0.167791062714563,0.218976822900772,1.6899173760830302e-08,0.0,0.0,0.0,0.0,0.0,0,4.015124521391141,4.070649606324505,0.0237980803534426,0.0023041365531303,1,session_20260531_103454,0.0,0.0,1.3850185015348515,0.7662503260646273,0.3966959313360765
session_20260531_103454,4162779,4165694,49,FatiguedSquat,0.0001098927429744,0.0001558104563948,0.1286239897020693,0.1602236192567007,9.009176847583573e-09,0.0,0.0,0.0,0.0,0.0,0,4.017945397896779,4.070649606324505,0.02415185764576,0.0021963939970917,1,session_20260531_103454,0.0,0.0,1.4178282782769207,0.8027779518150673,0.35641939659020877
